{"type": "FeatureCollection", "features": [{"type": "Feature", "geometry": {"type": "Polygon", "coordinates": [[[-70.8157633159665, -33.2154328225598], [-70.8157633844405, -33.2154245563426], [-70.8058829216578, -33.2142174977587], [-70.8048225525414, -33.2226088527808], [-70.8156301036991, -33.2238534837859], [-70.8156942472837, -33.223867480695], [-70.8156942535712, -33.2238667465192], [-70.815742887402, -33.2238712003713], [-70.8156983312305, -33.2238683715972], [-70.8159306445218, -33.2239190640922], [-70.8159305162533, -33.2238831111861], [-70.815924939074, -33.2238827570341], [-70.8159736995958, -33.2154771296164], [-70.8159431482783, -33.2154731855462], [-70.8157633159665, -33.2154328225598]]]}, "properties": {"COMUNA": "Lampa", "SECTOR": "Sector Batuco y Sector Humedal de Batuco", "NOMBRE": "Area de Interes Silvoagropecuario Mixto", "UPREF": "Conservación", "UPERM": "Act. Silvoagropecuaria y agroindustrias, extracción de minerales no metálicos aplicable a la construcción, plantas de microinfraestructura energética y telecumunicaciones y equipamiento de seguridad, excepto cárceles.", "UPROH": "Todo uso no mencionado como permitido.", "NORMA": "Titulo 8: Área restringida o excluida al desarrollo urbano; Capitulo 8.3. Áreas de valor natural y/o ie interés silvoagropecuario; Art. 8.3.2. Áreas de Interés Silvoagropecuario; Art. 8.3.2.2. De Interés Silvoagropecuario Mixto", "SUP_HA": 92.9}}, {"type": "Feature", "geometry": {"type": "Polygon", "coordinates": [[[-70.8277030455405, -33.2382899023585], [-70.8277954235845, -33.2381863044448], [-70.8278774689857, -33.2380858983819], [-70.8280354995218, -33.2379033017466], [-70.8281502250813, -33.2378314536422], [-70.8283355934589, -33.2377352087745], [-70.8285596974987, -33.237643896031], [-70.8287008541421, -33.2376096253216], [-70.828842155483, -33.237577155061], [-70.8289927687301, -33.2375229049354], [-70.8291625047214, -33.2374593551551], [-70.8293164111085, -33.2374086625747], [-70.8294796702855, -33.2373433138305], [-70.8296296440619, -33.2372584105277], [-70.829737731035, -33.2371667284821], [-70.8299157556829, -33.2370272119015], [-70.8300308123135, -33.2369661790526], [-70.8302062638427, -33.236862863755], [-70.8303992855932, -33.2368405425215], [-70.8305765909703, -33.23683648962], [-70.8307567819272, -33.2368215721637], [-70.8309370048853, -33.2368030458012], [-70.831078760675, -33.2367976217911], [-70.8312795496847, -33.2368493151777], [-70.8312827385988, -33.23685099159], [-70.8312863180084, -33.2368269315759], [-70.8317363563826, -33.2368932755735], [-70.8321170269892, -33.2369726025885], [-70.8323948869728, -33.2369685075368], [-70.8330602132685, -33.2369657791761], [-70.8336829958394, -33.2369424404136], [-70.8340124095573, -33.2369871273803], [-70.8350773186996, -33.2371625199899], [-70.8359055838715, -33.237298929052], [-70.8361650734854, -33.2372950976709], [-70.8361870849212, -33.2372824817803], [-70.8364650781575, -33.2372473756796], [-70.8365843168179, -33.2372120057277], [-70.8367715893768, -33.2370832089413], [-70.8371924171365, -33.2366484875671], [-70.8376374374322, -33.2361755977366], [-70.8383073261696, -33.2354599238104], [-70.8394670064814, -33.234262286865], [-70.8395456910113, -33.23415921403], [-70.8395615112157, -33.2341498626387], [-70.8397565400895, -33.2339462745379], [-70.8402451327489, -33.2334328022608], [-70.840652614431, -33.2330204454948], [-70.8408670804828, -33.2326642331368], [-70.8410301984102, -33.2322987262454], [-70.8410292539949, -33.2322951888722], [-70.8410337702635, -33.2322951220126], [-70.8411631345021, -33.232028574999], [-70.8412286346016, -33.2318936142083], [-70.8412316533821, -33.2318546696463], [-70.8413530096278, -33.2315845615932], [-70.8413513171265, -33.2315038280568], [-70.841281839756, -33.2313784526997], [-70.8410854430974, -33.2311777084886], [-70.8408849436832, -33.2309805354487], [-70.8406969746763, -33.2307831775001], [-70.8404717112786, -33.2306004160796], [-70.8401575619025, -33.2303627889725], [-70.840076146034, -33.2302656793212], [-70.8397938681036, -33.2299538434736], [-70.8397127100661, -33.2298520989166], [-70.8397264696819, -33.2298513759231], [-70.8393879537423, -33.2294842445882], [-70.8391574529282, -33.2291711219079], [-70.8389411441913, -33.2288064592452], [-70.8387508145608, -33.2284670768851], [-70.8383948807462, -33.2279673830748], [-70.8383932697192, -33.2279530580648], [-70.8383590874354, -33.2279065569858], [-70.8382951154659, -33.2277830733544], [-70.8382966484485, -33.2277795687762], [-70.8382878316764, -33.2277801463996], [-70.8375639519912, -33.2278288249769], [-70.8320163015903, -33.2279266971912], [-70.8312924893605, -33.2279694142721], [-70.8306653375273, -33.2280748165134], [-70.8283641571559, -33.227467540002], [-70.8278721281825, -33.2276510827507], [-70.8277196064523, -33.2276533243046], [-70.8271048515374, -33.2274379618126], [-70.8267182164009, -33.2271871906283], [-70.8261339372568, -33.2266027266864], [-70.825501460341, -33.2264517302564], [-70.8233914937592, -33.2258356553061], [-70.8224699032484, -33.2255665530447], [-70.8215869397616, -33.2252909801815], [-70.8209742079096, -33.2251717264006], [-70.8209725473415, -33.2250916094203], [-70.8164347438807, -33.2250692791432], [-70.8164188448891, -33.2251842682773], [-70.8163883331496, -33.2251814177215], [-70.8163867545741, -33.2252190873631], [-70.8163675482847, -33.2252173946677], [-70.8163511091608, -33.2261116430771], [-70.8167224506081, -33.2266106627907], [-70.8169660925324, -33.2268920370831], [-70.816970698397, -33.2268988038042], [-70.8169762374913, -33.2269044665879], [-70.8179499626224, -33.2281717588482], [-70.8183508092872, -33.2286458853917], [-70.8183538816625, -33.2286504596023], [-70.8183575556591, -33.2286541872242], [-70.8195056534984, -33.2301249818367], [-70.8195072501514, -33.2301274655405], [-70.8195087107246, -33.2301289745625], [-70.8197782266969, -33.2304878103938], [-70.8209662598043, -33.2319524920674], [-70.8220657177172, -33.2325623762213], [-70.8218478637994, -33.2328447481494], [-70.8207978742737, -33.2340445989364], [-70.8202176732026, -33.2347137710881], [-70.8202162528817, -33.2347151924051], [-70.8202156962603, -33.2347160365402], [-70.8191203675659, -33.2359628972381], [-70.8180362089044, -33.2372089874465], [-70.8175106914523, -33.2378172010248], [-70.8175686785222, -33.2378081405841], [-70.8192395806362, -33.2378467193955], [-70.820501838857, -33.2379027157228], [-70.8228895475244, -33.2380338180912], [-70.825223659339, -33.2381256474208], [-70.8273293307229, -33.2381912689451], [-70.8275366701591, -33.2381977288501], [-70.827541116037, -33.2381924077099], [-70.8275601187124, -33.2382067568295], [-70.8277030455405, -33.2382899023585]]]}, "properties": {"COMUNA": "Lampa", "SECTOR": "Sector Batuco y Sector Humedal de Batuco", "NOMBRE": "Area de Interes Silvoagropecuario Mixto", "UPREF": "Conservación", "UPERM": "Act. Silvoagropecuaria y agroindustrias, extracción de minerales no metálicos aplicable a la construcción, plantas de microinfraestructura energética y telecumunicaciones y equipamiento de seguridad, excepto cárceles.", "UPROH": "Todo uso no mencionado como permitido.", "NORMA": "Titulo 8: Área restringida o excluida al desarrollo urbano; Capitulo 8.3. Áreas de valor natural y/o ie interés silvoagropecuario; Art. 8.3.2. Áreas de Interés Silvoagropecuario; Art. 8.3.2.2. De Interés Silvoagropecuario Mixto", "SUP_HA": 220.98}}, {"type": "Feature", "geometry": {"type": "Polygon", "coordinates": [[[-70.8314028908912, -33.2506152745674], [-70.8314000270774, -33.2506166009399], [-70.8313567524127, -33.2506400065566], [-70.8313973515027, -33.2506512277149], [-70.831356608309, -33.2511786139593], [-70.8314557831375, -33.2513214805984], [-70.8317031970999, -33.2516002582863], [-70.8320230140493, -33.2518250138902], [-70.8326709423371, -33.2521684927865], [-70.8332553172397, -33.2524864280553], [-70.833606459246, -33.2527018923162], [-70.8339793445007, -33.2529523372592], [-70.8341829220826, -33.2531434992924], [-70.8344316397762, -33.2534840326288], [-70.8345630028415, -33.2537380393012], [-70.8346956578928, -33.2540538073989], [-70.8346636150956, -33.2545308697741], [-70.8345455453171, -33.2554151843757], [-70.834512762666, -33.2558569533077], [-70.8343860203929, -33.2563265869049], [-70.834017783917, -33.2570366099412], [-70.8340324688067, -33.2570533474123], [-70.8339114453026, -33.257242639126], [-70.8337507960062, -33.2575980379848], [-70.8337541149455, -33.2577568518443], [-70.8338211818708, -33.2579500277624], [-70.8340059810797, -33.2582473758736], [-70.834201099296, -33.2585357453546], [-70.8343295177109, -33.2586485847485], [-70.8344995751799, -33.2587431574008], [-70.8347427772429, -33.2588189990419], [-70.8353113493538, -33.2588812107876], [-70.8359526969474, -33.2589070426741], [-70.8364053809929, -33.258953309694], [-70.8366909611675, -33.2590461726278], [-70.8369572010302, -33.2592187524773], [-70.8372370848871, -33.2595411666771], [-70.8376037567805, -33.2599946835336], [-70.8382969553708, -33.260990563367], [-70.8385014859664, -33.2612258318924], [-70.8386619748612, -33.2613646694834], [-70.8393326695362, -33.2617872053042], [-70.8408134761582, -33.2627669988372], [-70.8427442165858, -33.2641593245544], [-70.8438105884792, -33.2649113443623], [-70.8452635155732, -33.26605918506], [-70.8459798162769, -33.2666486935843], [-70.8466207494034, -33.2671510617484], [-70.847728829498, -33.2678847753891], [-70.8489417329402, -33.2686316730117], [-70.8494981048367, -33.2690694982096], [-70.8495294430123, -33.2691149971455], [-70.8498933292496, -33.2694577724006], [-70.8503910153687, -33.2700752614515], [-70.8507977674279, -33.270656230976], [-70.8511906599774, -33.2711143183496], [-70.8516276295905, -33.2715244081176], [-70.8520634028594, -33.271877703687], [-70.8522834904399, -33.2721584684697], [-70.8522534853318, -33.2723388103709], [-70.8527522732583, -33.2724733980289], [-70.8533140691383, -33.2723892752429], [-70.8544829298161, -33.2722298156316], [-70.8554588293113, -33.2720069493772], [-70.8561681027743, -33.2719679533174], [-70.8566540228981, -33.2720269718138], [-70.857241755583, -33.2721034022636], [-70.8577727481336, -33.2721617427997], [-70.8585391624206, -33.2721597513742], [-70.8585742280346, -33.2721677950754], [-70.8589358525482, -33.2721526345568], [-70.8594370306609, -33.2699443020218], [-70.8593128327897, -33.2699186621188], [-70.8592498076651, -33.2699056512647], [-70.8590859371287, -33.2698628317625], [-70.8588356871452, -33.2697864950541], [-70.8585768655432, -33.2696956758134], [-70.8583014628221, -33.2697545344859], [-70.8580261441609, -33.2698376490424], [-70.8577850202173, -33.2698626263184], [-70.857492243204, -33.2699071336175], [-70.8572336718614, -33.2698838532798], [-70.8570439356321, -33.2698362781623], [-70.8568368465448, -33.2697549629108], [-70.8566209870347, -33.2696447400771], [-70.8563533036082, -33.2695104920593], [-70.856120074835, -33.269380958497], [-70.8559213162096, -33.2692417113162], [-70.8556879238724, -33.2690638423905], [-70.855523272564, -33.2688520307566], [-70.8554449803614, -33.2686881684931], [-70.8554095632501, -33.2684856097935], [-70.8553996723883, -33.2682007857529], [-70.8553896104085, -33.2678773668188], [-70.8553882165629, -33.2675780771419], [-70.8553958648946, -33.2673560277106], [-70.8554211216582, -33.2672255187035], [-70.8554463707738, -33.2671047502466], [-70.8555547818139, -33.2669874297103], [-70.8557277104152, -33.2668143158364], [-70.8559020989358, -33.2667153077517], [-70.8559698886105, -33.2665808277582], [-70.8559774813875, -33.2664221763125], [-70.8558128346741, -33.2662103648285], [-70.8556485237818, -33.2660854825162], [-70.8556135490025, -33.2659697614305], [-70.8555095748305, -33.2658349600368], [-70.8553025798189, -33.2657728500027], [-70.8550093845833, -33.2657208629439], [-70.8546815752209, -33.2656158241918], [-70.8544053996942, -33.2655056864454], [-70.8542322465959, -33.2653228575488], [-70.8541626619865, -33.2651541749734], [-70.8542048322144, -33.264970568692], [-70.8543244491498, -33.264738461118], [-70.8541948614443, -33.2646664467861], [-70.8540484514626, -33.2646670074917], [-70.8537812992684, -33.2646534969805], [-70.8535398539916, -33.26459153698], [-70.8532638573072, -33.2645200806694], [-70.8529877590439, -33.2644438456561], [-70.8527460582557, -33.2643239916811], [-70.8525732657219, -33.2642087907203], [-70.8524433372473, -33.2640595837256], [-70.852391106395, -33.2639245494816], [-70.8523904909401, -33.2638038964292], [-70.8524329436829, -33.2636588839265], [-70.8524581160295, -33.2635140378591], [-70.8525518706061, -33.2632770877189], [-70.8525942328818, -33.2631176475422], [-70.8524990189837, -33.2630262702923], [-70.8522404707389, -33.2630030689395], [-70.8520676751025, -33.2628926477321], [-70.8520495531299, -33.2626851405931], [-70.8520316773834, -33.2625451744868], [-70.8519022783102, -33.2625021931291], [-70.8516350642303, -33.2624548608795], [-70.8513588190327, -33.2623255075994], [-70.8512116314369, -33.26216185762], [-70.8511594732116, -33.2620606395855], [-70.8511847260102, -33.2619398708616], [-70.8512359546254, -33.2618189867245], [-70.851304170522, -33.261673951582], [-70.8514122563225, -33.2615615993978], [-70.8514746937047, -33.2614581335313], [-70.8513888009256, -33.2613454239578], [-70.8512508218293, -33.2612976088012], [-70.8510506676882, -33.2612435950626], [-70.8507175740885, -33.2614925857659], [-70.8504423560513, -33.2615948903085], [-70.8502186193544, -33.2616391638784], [-70.8499689971738, -33.2616979798299], [-70.8496333804022, -33.2617715128015], [-70.8493749323702, -33.2617579532781], [-70.8492536921133, -33.2616232227931], [-70.8491321217764, -33.2614015624783], [-70.8490278064462, -33.2612039942657], [-70.8489155256952, -33.2611174681352], [-70.84882032546, -33.2610213081148], [-70.8484408887087, -33.260935687674], [-70.8481221040085, -33.2609368213112], [-70.8478901186024, -33.2610583173109], [-70.8476324158021, -33.2612329520313], [-70.8473746458363, -33.2613738585718], [-70.8472893066001, -33.2615624331191], [-70.847273402437, -33.2618521519189], [-70.8471712213304, -33.2621228611693], [-70.846965591128, -33.2623746372715], [-70.8467248994597, -33.2625009499599], [-70.846363420348, -33.2625649384975], [-70.845975809168, -33.262580795698], [-70.8455707528271, -33.2625532639144], [-70.8451916542654, -33.2625400450149], [-70.8450238896037, -33.2625101602152], [-70.844783630516, -33.2624173224468], [-70.8446505365061, -33.262382233157], [-70.8445088485259, -33.2623621520496], [-70.8443091517816, -33.2622991926898], [-70.8441296191495, -33.2622405330964], [-70.8439468850966, -33.2621674917325], [-70.8437898553987, -33.2621018253103], [-70.8436778189826, -33.2620471238253], [-70.8435115945765, -33.2619218925352], [-70.8433584500238, -33.2617805951452], [-70.8432691374717, -33.2616936321289], [-70.8431096218036, -33.2615504448992], [-70.8429850452171, -33.2614506577088], [-70.8428796943076, -33.261356448041], [-70.8427667170389, -33.2612466588941], [-70.8426594092909, -33.2610950316666], [-70.8425586549247, -33.2609488082538], [-70.8425037395054, -33.2608129074317], [-70.842538442403, -33.2606099360823], [-70.8426944327501, -33.2604781225878], [-70.842897803126, -33.2603891649402], [-70.8430554892575, -33.2603738409694], [-70.8432323102678, -33.2603802363937], [-70.8435023584294, -33.2603943582216], [-70.8437216657156, -33.2603180579115], [-70.8438667337063, -33.2602846132735], [-70.8439606778042, -33.2601987199093], [-70.8440961405716, -33.2601526117537], [-70.8442159236028, -33.2600703921326], [-70.8441719406836, -33.2599440694518], [-70.8440379949032, -33.2598171884326], [-70.8439171419576, -33.2596544003657], [-70.8438384159751, -33.2594684419974], [-70.8438464905097, -33.2592703734457], [-70.8437706374574, -33.2591240521604], [-70.8436520257899, -33.2590729660499], [-70.8435468456445, -33.2589714487555], [-70.8435189438204, -33.2588542661576], [-70.8433750416029, -33.2587489942501], [-70.8431928277989, -33.2586236387205], [-70.8429450449439, -33.2586421021889], [-70.8427166498348, -33.2586535150745], [-70.842556816828, -33.258540903111], [-70.8426096379242, -33.2583880744912], [-70.8427777415091, -33.2582862921156], [-70.8428827722447, -33.2580383597757], [-70.8429033298185, -33.2578979132646], [-70.8429462550979, -33.2577594798577], [-70.8430403913351, -33.2576572615293], [-70.8431346365355, -33.2575551307962], [-70.8430492775769, -33.2573853224191], [-70.842908851985, -33.2572512305068], [-70.8428487513278, -33.2571392153692], [-70.8428595800292, -33.2570006256167], [-70.8429023905118, -33.2568873545041], [-70.8429772403119, -33.2567868650431], [-70.8431396217726, -33.256596790266], [-70.8432626473083, -33.2565055955752], [-70.8434048687261, -33.2564289067563], [-70.8435403279844, -33.2563828895246], [-70.8436724947654, -33.2563385442413], [-70.8439207835935, -33.2562678560641], [-70.8440718688485, -33.2562758956288], [-70.8441996885433, -33.2563720265607], [-70.8443370717277, -33.2564736968907], [-70.844484146813, -33.2565717954681], [-70.8446315938137, -33.2566211913517], [-70.8446460880778, -33.2564375475372], [-70.8446923948757, -33.2562865281896], [-70.8448766941488, -33.2561793633093], [-70.8451249056192, -33.2561050666475], [-70.8452794588666, -33.256078964749], [-70.8454275820904, -33.2560635093222], [-70.845611024088, -33.2560483401006], [-70.8457528882481, -33.2560058326489], [-70.8459045345653, -33.2559436104504], [-70.8460593452469, -33.255894055737], [-70.8462012089187, -33.2558515477887], [-70.8464330388685, -33.2558150081367], [-70.846590816739, -33.2557942667014], [-70.8468546869726, -33.2557705069773], [-70.8468647961917, -33.2557255367088], [-70.846723832905, -33.2556526902034], [-70.8465512830787, -33.2555274664969], [-70.8464427907931, -33.2554368225353], [-70.8463311211177, -33.2553226892544], [-70.8461419461847, -33.255269405976], [-70.8460139605254, -33.2551858147004], [-70.8459090380035, -33.2550556178387], [-70.8457072550664, -33.2549590537086], [-70.8455791164462, -33.2548988211891], [-70.8454638314534, -33.2548423666023], [-70.8452624290715, -33.2547025992356], [-70.8451959169322, -33.2545868918679], [-70.8451721807561, -33.2543616105509], [-70.8451409188285, -33.2542479951962], [-70.8450137679227, -33.254081513814], [-70.8447828525673, -33.2540081963302], [-70.8446427859698, -33.2538399222102], [-70.84456027438, -33.2537187704339], [-70.8445118234393, -33.2537473553377], [-70.8444113152149, -33.2538422752914], [-70.8442523386868, -33.2539999260427], [-70.8441582958198, -33.2540859112139], [-70.8440547603192, -33.2541645520741], [-70.8438675017931, -33.254248223167], [-70.8436551182179, -33.2542650805974], [-70.8434303026187, -33.2542368509797], [-70.8432351208583, -33.2541222396587], [-70.8431203452189, -33.2540081485025], [-70.842956598687, -33.2539694533726], [-70.8427927429345, -33.2539613311235], [-70.8426360385756, -33.2538541737053], [-70.8426216776579, -33.2536558973755], [-70.842645426188, -33.2535191911523], [-70.8426198206121, -33.2535009933106], [-70.8424653613231, -33.2535109479765], [-70.8423107502679, -33.2535443527591], [-70.842169071552, -33.2535597990868], [-70.8419697289955, -33.2535586946346], [-70.8417970615448, -33.2534478055531], [-70.8416697250518, -33.2532976461603], [-70.8416351844255, -33.2532401766158], [-70.8406695983019, -33.2527575221532], [-70.8405602829152, -33.2520114833881], [-70.8407201312097, -33.2515079884833], [-70.8409297095857, -33.2512398799537], [-70.840676006339, -33.2510716550078], [-70.8396748178592, -33.2510482569579], [-70.8387410383208, -33.2509856358631], [-70.8380776906665, -33.250804353953], [-70.8374821546138, -33.2506029567635], [-70.837162650943, -33.2505503519258], [-70.8365507778789, -33.2506549385518], [-70.8359409022881, -33.2508550391321], [-70.8354411084771, -33.2508815282146], [-70.8348264351686, -33.2508523841637], [-70.8342348977451, -33.2508420043007], [-70.8338475857393, -33.2508095007891], [-70.8316262569696, -33.2506272634914], [-70.831534185264, -33.2506505547859], [-70.8314006841751, -33.2506323523045], [-70.8314028908912, -33.2506152745674]]]}, "properties": {"COMUNA": "Lampa", "SECTOR": "Sector Batuco y Sector Humedal de Batuco", "NOMBRE": "Area de Interes Silvoagropecuario Mixto", "UPREF": "Conservación", "UPERM": "Act. Silvoagropecuaria y agroindustrias, extracción de minerales no metálicos aplicable a la construcción, plantas de microinfraestructura energética y telecumunicaciones y equipamiento de seguridad, excepto cárceles.", "UPROH": "Todo uso no mencionado como permitido.", "NORMA": "Titulo 8: Área restringida o excluida al desarrollo urbano; Capitulo 8.3. Áreas de valor natural y/o ie interés silvoagropecuario; Art. 8.3.2. Áreas de Interés Silvoagropecuario; Art. 8.3.2.2. De Interés Silvoagropecuario Mixto", "SUP_HA": 189.92}}, {"type": "Feature", "geometry": {"type": "Polygon", "coordinates": [[[-70.8556885046211, -33.3527845094076], [-70.8556833472174, -33.3528192101423], [-70.8556759538057, -33.3528170111618], [-70.8556639775149, -33.3527770493577], [-70.8483301976727, -33.3505461130852], [-70.8445128053289, -33.3493823693793], [-70.8425103002987, -33.3487718379959], [-70.8389507740079, -33.3476900592824], [-70.8353299984099, -33.3465937161868], [-70.8317338197964, -33.345502024765], [-70.8280392557025, -33.3443706978349], [-70.8242345377603, -33.3432203892633], [-70.8218592842435, -33.3424933888487], [-70.8218614843566, -33.3424897105612], [-70.8217962508931, -33.3424698459854], [-70.8214062866931, -33.3423510966424], [-70.821345636298, -33.3424107093223], [-70.8211269132157, -33.3426856897756], [-70.8210282119574, -33.3430700895893], [-70.8208845182529, -33.3435910342868], [-70.8208384057498, -33.3440271630845], [-70.8207390091309, -33.3442015674224], [-70.8206952380527, -33.3443967731357], [-70.8205844871609, -33.3447107035901], [-70.8205169436001, -33.3450012234482], [-70.820507487612, -33.3452098236264], [-70.8205853961329, -33.3454171426711], [-70.8208006867702, -33.3455954233225], [-70.8210842283058, -33.3457379594739], [-70.8214760528786, -33.3458070053131], [-70.8217090768196, -33.3459531768697], [-70.8218961181043, -33.3461000218831], [-70.8219623589106, -33.3462438139385], [-70.8219081985267, -33.3464038505335], [-70.8217575319755, -33.3466232091429], [-70.8215375912818, -33.3468291073336], [-70.8214716326535, -33.3469748401683], [-70.8214370255421, -33.3472455749094], [-70.8214135121276, -33.3474968455248], [-70.8215864921909, -33.3479690152772], [-70.8216356316678, -33.3482578234224], [-70.8217640547196, -33.3485575324461], [-70.8219713873839, -33.3488500501415], [-70.8220838096087, -33.3490715789243], [-70.822065020333, -33.3492045562587], [-70.822013069958, -33.3494707200459], [-70.8218102364682, -33.3497390990609], [-70.8217213555457, -33.349957550893], [-70.8213981208358, -33.3504840504449], [-70.8212886879451, -33.3507510582186], [-70.8212492212902, -33.3509265613145], [-70.8212756750415, -33.3511614154196], [-70.8215201940617, -33.3515137071305], [-70.8217098969446, -33.3516496561963], [-70.8220053644598, -33.3516875423866], [-70.822323896782, -33.3517974717531], [-70.8226010789418, -33.3519924533116], [-70.8228023700779, -33.3523393457095], [-70.8230979410639, -33.3528989830498], [-70.8232138927964, -33.3532893513539], [-70.8234266501423, -33.3538411562182], [-70.8237442970011, -33.3542526878599], [-70.8240469408866, -33.354806187359], [-70.8241562183701, -33.3552207794859], [-70.8244505546958, -33.3555482048986], [-70.8249049884715, -33.3559697861155], [-70.8251074304614, -33.3563709431809], [-70.825306848585, -33.3567992877122], [-70.8255842920023, -33.3576939531439], [-70.8256624463348, -33.3579943965104], [-70.8256891638112, -33.3584132167887], [-70.8258144627742, -33.3589059849474], [-70.8260154057513, -33.3592347807645], [-70.8263572884824, -33.3597726163952], [-70.8266824088044, -33.3601960929234], [-70.8273235833236, -33.3611246067169], [-70.8273861139594, -33.3613649598129], [-70.8274162460466, -33.3617746812757], [-70.8273245948755, -33.3622042912881], [-70.8273186721134, -33.3627804201955], [-70.8274259593741, -33.3630985277737], [-70.8275744712261, -33.3633255512807], [-70.8277217238378, -33.3634922742782], [-70.8281643612098, -33.36369083676], [-70.8286453279489, -33.3640034384147], [-70.8289800531592, -33.3641975565155], [-70.8293775604456, -33.3643002705302], [-70.8296305890564, -33.3643689229717], [-70.8301200013708, -33.3643978974966], [-70.830753144551, -33.364596656874], [-70.8312820278105, -33.3647939366329], [-70.8317326242818, -33.3650285597071], [-70.8322519445644, -33.3654551853644], [-70.8325022187843, -33.3657349868314], [-70.8327910696906, -33.3659689783293], [-70.8330225467935, -33.3660379410425], [-70.8333842623083, -33.3661472026896], [-70.8336755076016, -33.3663238544451], [-70.8339371517681, -33.3668025348094], [-70.8341918653459, -33.3672933803459], [-70.8343985265901, -33.3675496945674], [-70.8345817297903, -33.3677158775417], [-70.8349321207361, -33.3679700651754], [-70.8351643811396, -33.3682471106742], [-70.835425152935, -33.3686835781128], [-70.8356141888602, -33.3691271372207], [-70.8357174963461, -33.3695960908387], [-70.8356465528421, -33.3699831773047], [-70.8356055871537, -33.3700863250987], [-70.8357372437077, -33.3703648572878], [-70.8359715234433, -33.3705664734604], [-70.8361334297223, -33.3707450323299], [-70.8361570547349, -33.3711850054137], [-70.8360976983684, -33.3714392207813], [-70.83609033298, -33.3714510414259], [-70.836100402121, -33.371446667519], [-70.8361932460465, -33.3714063360862], [-70.8403065947394, -33.3695819045412], [-70.8403071607205, -33.3695817825217], [-70.8403078448794, -33.3695813521381], [-70.8450229811085, -33.3675063665128], [-70.8450890351231, -33.3674921921028], [-70.8451173787927, -33.3674744092951], [-70.8491780089087, -33.3656964650276], [-70.8573935123169, -33.36204258179], [-70.86012144826, -33.3607803133112], [-70.8603227192448, -33.3609254862233], [-70.8604762172917, -33.3610031215606], [-70.8604917197163, -33.3610054683221], [-70.8605033692209, -33.3610113862335], [-70.8605067670295, -33.3610123335894], [-70.8610792993786, -33.3607412183903], [-70.8611908042386, -33.3609130050425], [-70.8614702347791, -33.3612615691669], [-70.861537557561, -33.361519938482], [-70.8615768468412, -33.3616231008089], [-70.8619297577007, -33.3619964991069], [-70.8619604836516, -33.3620458389298], [-70.8621460712212, -33.3623999600864], [-70.8624280814778, -33.3631012384141], [-70.8625305001683, -33.3632657030901], [-70.8628207968027, -33.3634273488567], [-70.8632818473041, -33.3637109314882], [-70.8635830955942, -33.3639222108151], [-70.8638619372466, -33.3644741308145], [-70.864169911008, -33.3652322858309], [-70.8643487831978, -33.3658272066048], [-70.864641504801, -33.3661946541076], [-70.8648918412585, -33.3664299349952], [-70.8650690209893, -33.3669451991686], [-70.8650659679403, -33.367580701623], [-70.8653317025607, -33.3681663468964], [-70.8652373577846, -33.3684918011656], [-70.8654125659699, -33.3689885019166], [-70.865327269978, -33.3694413104348], [-70.8651849472072, -33.3697435810071], [-70.8650946899476, -33.3699640608007], [-70.8647576500623, -33.3704870529819], [-70.8646209154925, -33.3707547110773], [-70.8644841801175, -33.37102236904], [-70.8640894878116, -33.3714399834969], [-70.8639887658339, -33.3715410977429], [-70.8638686993446, -33.3718483459436], [-70.8638379034376, -33.3718886488286], [-70.8637604903328, -33.3719694921894], [-70.8632095595608, -33.3725202609519], [-70.8630734911541, -33.3726710421279], [-70.8629033097444, -33.373300421347], [-70.8628377654416, -33.3734926396995], [-70.8626554765819, -33.3738512842906], [-70.86246832842, -33.3742790591311], [-70.8620572975786, -33.3751935918541], [-70.8619317399832, -33.375540760096], [-70.8618765967406, -33.3759240562919], [-70.8618785897571, -33.3759283549986], [-70.8619146396671, -33.3759200262025], [-70.8623874597711, -33.3758047165391], [-70.8624336205813, -33.3757953800441], [-70.8624367668805, -33.3757731099195], [-70.8630431486792, -33.37567155378], [-70.8630432018516, -33.3756720814327], [-70.8631339413674, -33.375653727485], [-70.8636084903025, -33.3756195504831], [-70.8642477634189, -33.3755919132251], [-70.864759865226, -33.3756022519135], [-70.8652481943575, -33.3755517050446], [-70.8657517583219, -33.3754113187277], [-70.8662864032507, -33.3752438997381], [-70.8666500923309, -33.3752251469671], [-70.8683767130151, -33.3752788491541], [-70.869423431752, -33.3753693358603], [-70.8700733912189, -33.3754126680638], [-70.8703361255803, -33.3754644039246], [-70.8704341442191, -33.3754495691758], [-70.8704591362888, -33.3754470642366], [-70.8704401392048, -33.3754424718879], [-70.8699955059607, -33.3737827870966], [-70.8696557814538, -33.3723775456315], [-70.8695588671782, -33.3685376264538], [-70.8694836883934, -33.3670912823617], [-70.8694709097184, -33.3658048283308], [-70.8700861311355, -33.3635501142678], [-70.8701210846763, -33.3631165813907], [-70.870427300139, -33.3608912643843], [-70.870973664186, -33.3574324657805], [-70.8709763045972, -33.3574157518025], [-70.8709770427427, -33.3574110774974], [-70.8706846248654, -33.3573261810813], [-70.8696083639298, -33.3570035501138], [-70.8671697524602, -33.3562583014908], [-70.8665534921546, -33.3560739428152], [-70.8642736280913, -33.3553839647178], [-70.863728667564, -33.3552134149391], [-70.8637287678267, -33.3552123213586], [-70.8611207777746, -33.3544366475303], [-70.8556885046211, -33.3527845094076]], [[-70.8547654956527, -33.3534645382476], [-70.8547377600243, -33.3534128206125], [-70.854737176304, -33.353410631652], [-70.8547356025552, -33.3534087298271], [-70.8547069921137, -33.3533300578809], [-70.8546682272459, -33.3531532254018], [-70.8546656760463, -33.3531425790134], [-70.8547527733286, -33.3534332095925], [-70.8547654956527, -33.3534645382476]]]}, "properties": {"COMUNA": "Lampa", "SECTOR": "Sector El Noviciado", "NOMBRE": "Area de Interes Silvoagropecuario Mixto", "UPREF": "Conservación", "UPERM": "Act. Silvoagropecuario y agroindustria y actividades de carácter peligrosos.", "UPROH": "Todo uso no mencionado como permitido.", "NORMA": "Titulo 8: Área restringida o excluida al desarrollo urbano; Capitulo 8.3. Áreas de valor natural y/o ie interés silvoagropecuario; Art. 8.3.2. Áreas de Interés Silvoagropecuario; Art. 8.3.2.2. De Interés Silvoagropecuario Mixto", "SUP_HA": 796.09}}, {"type": "Feature", "geometry": {"type": "Polygon", "coordinates": [[[-70.83609033298, -33.3714510414259], [-70.8360976983684, -33.3714392207813], [-70.8361570547349, -33.3711850054137], [-70.8361334297223, -33.3707450323299], [-70.8359715234433, -33.3705664734604], [-70.8357372437077, -33.3703648572878], [-70.8356055871537, -33.3700863250987], [-70.8356465528421, -33.3699831773047], [-70.8357174963461, -33.3695960908387], [-70.8356141888602, -33.3691271372207], [-70.835425152935, -33.3686835781128], [-70.8351643811396, -33.3682471106742], [-70.8349321207361, -33.3679700651754], [-70.8345817297903, -33.3677158775417], [-70.8343985265901, -33.3675496945674], [-70.8341918653459, -33.3672933803459], [-70.8339371517681, -33.3668025348094], [-70.8336755076016, -33.3663238544451], [-70.8333842623083, -33.3661472026896], [-70.8330225467935, -33.3660379410425], [-70.8327910696906, -33.3659689783293], [-70.8325022187843, -33.3657349868314], [-70.8322519445644, -33.3654551853644], [-70.8317326242818, -33.3650285597071], [-70.8312820278105, -33.3647939366329], [-70.830753144551, -33.364596656874], [-70.8301200013708, -33.3643978974966], [-70.8296305890564, -33.3643689229717], [-70.8293775604456, -33.3643002705302], [-70.8289800531592, -33.3641975565155], [-70.8286453279489, -33.3640034384147], [-70.8281643612098, -33.36369083676], [-70.8277217238378, -33.3634922742782], [-70.8275744712261, -33.3633255512807], [-70.8274259593741, -33.3630985277737], [-70.8273186721134, -33.3627804201955], [-70.8273245948755, -33.3622042912881], [-70.8274162460466, -33.3617746812757], [-70.8273861139594, -33.3613649598129], [-70.8273235833236, -33.3611246067169], [-70.8266824088044, -33.3601960929234], [-70.8263572884824, -33.3597726163952], [-70.8260154057513, -33.3592347807645], [-70.8258144627742, -33.3589059849474], [-70.8256891638112, -33.3584132167887], [-70.8256624463348, -33.3579943965104], [-70.8255842920023, -33.3576939531439], [-70.825306848585, -33.3567992877122], [-70.8251074304614, -33.3563709431809], [-70.8249049884715, -33.3559697861155], [-70.8244505546958, -33.3555482048986], [-70.8241562183701, -33.3552207794859], [-70.8240469408866, -33.354806187359], [-70.8237442970011, -33.3542526878599], [-70.8234266501423, -33.3538411562182], [-70.8232138927964, -33.3532893513539], [-70.8230979410639, -33.3528989830498], [-70.8228023700779, -33.3523393457095], [-70.8226010789418, -33.3519924533116], [-70.822323896782, -33.3517974717531], [-70.8220053644598, -33.3516875423866], [-70.8217098969446, -33.3516496561963], [-70.8215201940617, -33.3515137071305], [-70.8212756750415, -33.3511614154196], [-70.8212492212902, -33.3509265613145], [-70.8212886879451, -33.3507510582186], [-70.8213981208358, -33.3504840504449], [-70.8217213555457, -33.349957550893], [-70.8218102364682, -33.3497390990609], [-70.822013069958, -33.3494707200459], [-70.822065020333, -33.3492045562587], [-70.8220838096087, -33.3490715789243], [-70.8219713873839, -33.3488500501415], [-70.8217640547196, -33.3485575324461], [-70.8216356316678, -33.3482578234224], [-70.8215864921909, -33.3479690152772], [-70.8214135121276, -33.3474968455248], [-70.8214370255421, -33.3472455749094], [-70.8214716326535, -33.3469748401683], [-70.8215375912818, -33.3468291073336], [-70.8217575319755, -33.3466232091429], [-70.8219081985267, -33.3464038505335], [-70.8219623589106, -33.3462438139385], [-70.8218961181043, -33.3461000218831], [-70.8217090768196, -33.3459531768697], [-70.8214760528786, -33.3458070053131], [-70.8210842283058, -33.3457379594739], [-70.8208006867702, -33.3455954233225], [-70.8205853961329, -33.3454171426711], [-70.820507487612, -33.3452098236264], [-70.8205169436001, -33.3450012234482], [-70.8205844871609, -33.3447107035901], [-70.8206952380527, -33.3443967731357], [-70.8207390091309, -33.3442015674224], [-70.8208384057498, -33.3440271630845], [-70.8208845182529, -33.3435910342868], [-70.8210282119574, -33.3430700895893], [-70.8211269132157, -33.3426856897756], [-70.821345636298, -33.3424107093223], [-70.8214062866931, -33.3423510966424], [-70.8213986311374, -33.3423487650574], [-70.8209237402904, -33.3422041526498], [-70.8209051410454, -33.3421984888428], [-70.8208991441779, -33.3422063115893], [-70.8208965648765, -33.3422065378957], [-70.8157254059024, -33.3406329281476], [-70.8145647124305, -33.3402810990691], [-70.8114971853978, -33.339350114943], [-70.8079075693515, -33.3382525019426], [-70.804041823586, -33.3370768398113], [-70.8004524897953, -33.335984125291], [-70.7991358982975, -33.335580835742], [-70.7990828060767, -33.3357512754645], [-70.7985736629475, -33.3368201243853], [-70.798542984667, -33.336884527949], [-70.7983132538791, -33.3373667931136], [-70.7976517329145, -33.3386598685309], [-70.7973355951711, -33.3391858582638], [-70.797452556645, -33.3392970168931], [-70.7975113411337, -33.3393570724165], [-70.7976766596019, -33.3394591718473], [-70.7976318504645, -33.3399705867613], [-70.7976416751168, -33.3400670032645], [-70.7976940506143, -33.3403053430832], [-70.7977529855787, -33.3406291986378], [-70.7978288749259, -33.3409371901717], [-70.7980137464831, -33.3415579675814], [-70.7980799660283, -33.3417921269693], [-70.7983329778891, -33.3427829697019], [-70.7985770810272, -33.3439450187224], [-70.7987090982819, -33.3444729631705], [-70.7987427520941, -33.3447336723941], [-70.7987544831534, -33.344789518392], [-70.7987510112748, -33.3447976552291], [-70.7987561428221, -33.3448374048342], [-70.7988386279958, -33.3450021744209], [-70.7989814425519, -33.3452158596211], [-70.7992646854116, -33.3455270883357], [-70.799931725173, -33.3462310677162], [-70.8004740143894, -33.3466381162549], [-70.801275694456, -33.3471575737496], [-70.8016976740822, -33.3474833803938], [-70.8020859329452, -33.3480918142263], [-70.8021954349221, -33.3482695341199], [-70.8023321938557, -33.3484764654917], [-70.8024257902897, -33.3486180884859], [-70.802582155093, -33.3488971673107], [-70.8027264570626, -33.34913136128], [-70.803046204757, -33.3495881499571], [-70.8035554942547, -33.3503109971442], [-70.8035447707798, -33.3505066326321], [-70.8035626287369, -33.3505334698358], [-70.803578916091, -33.3505628251601], [-70.8038719214015, -33.3510908938433], [-70.8042628130795, -33.3515946195906], [-70.8045333039668, -33.3519708416596], [-70.8045559147369, -33.3519904140837], [-70.805007839769, -33.3523815908184], [-70.8050775414453, -33.3524419228127], [-70.8052478195825, -33.3525236638409], [-70.8054618539631, -33.3526264098303], [-70.8056906299994, -33.3527371285231], [-70.8058539634303, -33.3528139349169], [-70.8060199752152, -33.352892001628], [-70.8064495754453, -33.3530758266073], [-70.8067574314576, -33.3531463937795], [-70.8068416286222, -33.3531656934299], [-70.8068493295223, -33.3531790814032], [-70.8068576568277, -33.3531935577583], [-70.8068670584797, -33.3531966881615], [-70.8070812581944, -33.3533935640752], [-70.8072221572374, -33.3535439436277], [-70.8072850679194, -33.3536110862475], [-70.8073219549008, -33.3536894727041], [-70.8074358341803, -33.3539314713378], [-70.8074840644514, -33.3540339611184], [-70.8075372430811, -33.3542334764436], [-70.8076340984319, -33.3545968499176], [-70.8076933036191, -33.3546769682585], [-70.8077259796104, -33.3547145342525], [-70.8078316567284, -33.354882108486], [-70.8079493933721, -33.3550688047501], [-70.8082089674272, -33.3553539403587], [-70.8083860846787, -33.3555946587533], [-70.8087212994705, -33.35578004885], [-70.8087343461335, -33.3557872634828], [-70.8089870150973, -33.3559564326869], [-70.8090470284663, -33.3559912705388], [-70.8090560126495, -33.3559964864185], [-70.8092296711237, -33.3562920314826], [-70.8093095786562, -33.3564403466867], [-70.8094515731472, -33.3567347964019], [-70.8095023885739, -33.3568278318311], [-70.8095834109399, -33.3569761729621], [-70.80977660339, -33.3571178141027], [-70.8098285943259, -33.3571336853832], [-70.8104421956981, -33.3573209929971], [-70.8107224088668, -33.3575013278121], [-70.8107303269459, -33.3575064238455], [-70.8108003120835, -33.3575514635708], [-70.8108384802999, -33.3576408808894], [-70.8109434823561, -33.3578868732315], [-70.8110002811589, -33.3580199366483], [-70.8110723448314, -33.3584370537205], [-70.8110085480418, -33.3586303172835], [-70.8109984778009, -33.3586608253227], [-70.8109192322393, -33.3589182802607], [-70.8109206915435, -33.3589324380702], [-70.8109278168656, -33.3590016027563], [-70.810941914092, -33.3591384382664], [-70.8111260570832, -33.3592802100572], [-70.8114085732014, -33.3593597200602], [-70.8118427339786, -33.3594998645947], [-70.8121747645311, -33.3596070397977], [-70.8129504895264, -33.35987702393], [-70.8134956464421, -33.3600324907294], [-70.8135338021431, -33.36004337175], [-70.8139890484391, -33.3601507653055], [-70.8142895272978, -33.3602224029892], [-70.8143517463117, -33.3602367764151], [-70.8144442946873, -33.3602581562652], [-70.8145634434679, -33.3604086058412], [-70.8146254327622, -33.3605000056786], [-70.8146961102616, -33.3606042148542], [-70.8147367097286, -33.3606423015017], [-70.8148197643108, -33.3607202151605], [-70.8150472464355, -33.3609336151869], [-70.8153227656117, -33.3611120580444], [-70.8153482748557, -33.3611295397952], [-70.8154422532646, -33.3611939438218], [-70.8158984540553, -33.3613469340321], [-70.8159821851361, -33.3614521517441], [-70.8162208447531, -33.3616007202433], [-70.8163263046186, -33.3616413156536], [-70.8164491846776, -33.3616886152613], [-70.8166219131171, -33.3617164997719], [-70.8166540433608, -33.3617133276982], [-70.8168931716876, -33.3616897190516], [-70.8169183991872, -33.3616877833263], [-70.8170342393881, -33.3616788920444], [-70.8171468520859, -33.3616702481072], [-70.8174838223998, -33.3617723079928], [-70.8175215387235, -33.361812232301], [-70.8175744897459, -33.3618682823185], [-70.8178269143855, -33.3621354813568], [-70.8178451380866, -33.3621547709844], [-70.8178969050959, -33.3621798143173], [-70.8181654817135, -33.3623097423598], [-70.8188078289301, -33.3626532747825], [-70.81884351014, -33.3626723571303], [-70.8189016640748, -33.3626715049145], [-70.8190790137202, -33.3626689048773], [-70.8191500462049, -33.3626408204915], [-70.8192587469305, -33.3625978434567], [-70.8192720985414, -33.3625848718944], [-70.8194097227597, -33.3624511722259], [-70.8194970377149, -33.3624270225135], [-70.8195602914651, -33.3624095272863], [-70.819670975064, -33.3623789143229], [-70.8198613477177, -33.3623837262611], [-70.8199628826415, -33.3624734738899], [-70.8201465720079, -33.3625924282203], [-70.8204484886173, -33.3627324584887], [-70.8204696512255, -33.3627478277548], [-70.8207152828632, -33.3629262231808], [-70.8207312517708, -33.3629298910307], [-70.8207545950124, -33.3629352525033], [-70.8207637527633, -33.362940529886], [-70.8209109886719, -33.3631466594928], [-70.8210920470524, -33.3634001378427], [-70.8212015749328, -33.3635758605088], [-70.8212423472686, -33.3636412751575], [-70.8214568849378, -33.3639854691507], [-70.821575223133, -33.3641909154484], [-70.821581866688, -33.3643879106967], [-70.8215843505829, -33.3644615488771], [-70.8216140439023, -33.3645161600555], [-70.8216843681186, -33.3646454961948], [-70.8217919399713, -33.364769629544], [-70.8219849570846, -33.3649552036484], [-70.8220808644037, -33.365047411882], [-70.8222862965738, -33.3652677111209], [-70.8223848592607, -33.3654150686642], [-70.8224172310395, -33.3654634674554], [-70.8224286054831, -33.3655005016192], [-70.8224718688948, -33.3656413664648], [-70.8225241629625, -33.3658116363364], [-70.8225177995972, -33.3659409816059], [-70.8225134980788, -33.3661691360119], [-70.8224812686203, -33.3663509645778], [-70.8224810695152, -33.3663520848354], [-70.822481188339, -33.3663535566367], [-70.8224825185115, -33.3663700815819], [-70.8224932982374, -33.3665039663834], [-70.8225346204721, -33.3665703806751], [-70.8226714302477, -33.3667902655891], [-70.8228028436647, -33.3670088236782], [-70.8228879229185, -33.3672160699926], [-70.8229269446754, -33.3673111222064], [-70.8230347385402, -33.3675837040358], [-70.8230704309523, -33.3676739597122], [-70.8231552869752, -33.3678323764624], [-70.8231740674195, -33.3679884118338], [-70.8231772100096, -33.368014527865], [-70.8232082401146, -33.3682426005285], [-70.823276879975, -33.3683394665846], [-70.8233678954127, -33.3684679078296], [-70.8234373081471, -33.3686022034691], [-70.8234660983123, -33.3686579050453], [-70.8234850363291, -33.3686600535414], [-70.8235203817965, -33.3687028946739], [-70.8235940011837, -33.3689793516684], [-70.8236548781956, -33.3691935820981], [-70.8237005885155, -33.3693707431257], [-70.8237042397535, -33.3693697254445], [-70.8237008372762, -33.3693826612976], [-70.823804453182, -33.3695358292957], [-70.8240411701201, -33.3697678650181], [-70.8240772969847, -33.3698080467948], [-70.8243895450153, -33.3700951466905], [-70.8245309801113, -33.3703591738986], [-70.8245402956458, -33.3703977945928], [-70.8245731903646, -33.3704518862317], [-70.8245917000409, -33.3706109057059], [-70.8246004225989, -33.370647067781], [-70.8245992393345, -33.370675685829], [-70.8246043488306, -33.3707195843771], [-70.8246229518721, -33.370998193132], [-70.8246564882439, -33.3710468157957], [-70.8247793882769, -33.3711092467992], [-70.8250352672387, -33.3711530234909], [-70.8254850267133, -33.3712643966386], [-70.8257670801333, -33.3713031515215], [-70.8258848443113, -33.3713276532366], [-70.8259828909673, -33.3713262106458], [-70.826035553527, -33.3713232777619], [-70.8261758115781, -33.3712864106773], [-70.8264576422107, -33.3713144412322], [-70.8264796815986, -33.3713219859854], [-70.8265629659358, -33.3713328795137], [-70.8266684749592, -33.3713819230227], [-70.8266852566648, -33.3713923542392], [-70.8267280375147, -33.3714069974344], [-70.826822736835, -33.3714778016762], [-70.8272754015768, -33.371759144795], [-70.8274237094565, -33.3718674641136], [-70.8274798132252, -33.3719000614094], [-70.8275145418064, -33.3719338058183], [-70.8276505973808, -33.3720331763468], [-70.8277789788843, -33.3721841111107], [-70.8277909747147, -33.3721978266783], [-70.828040346273, -33.3724173899238], [-70.8282654607645, -33.372789491632], [-70.8282797817747, -33.3728796898059], [-70.8282808097609, -33.3728814070207], [-70.8283292857457, -33.3730327527129], [-70.8283324682261, -33.3731847666014], [-70.8283006863118, -33.3733981193834], [-70.8283040167075, -33.3735572012052], [-70.8283237761951, -33.3737432663412], [-70.8284644156966, -33.374002611837], [-70.8284905747756, -33.3740332699895], [-70.8288390340016, -33.3742344427781], [-70.8290202027891, -33.3743390346689], [-70.8291166254431, -33.3746701262984], [-70.8291279072236, -33.3747154693747], [-70.8291722794784, -33.3748346069093], [-70.8296161711115, -33.3746497356273], [-70.8295676413785, -33.3745020860036], [-70.8295007765742, -33.374294349153], [-70.8322525215611, -33.373118098224], [-70.83609033298, -33.3714510414259]]]}, "properties": {"COMUNA": "Lampa", "SECTOR": "Sector Estero Colina, Sector Camino Lampa", "NOMBRE": "Area de Interes Silvoagropecuario Mixto", "UPREF": "Conservación", "UPERM": "Act. Silvoagropecuaria y agroindustrias, extracción de minerales no metálicos aplicable a la construcción, plantas de microinfraestructura energética y telecumunicaciones y equipamiento de seguridad, excepto cárceles.", "UPROH": "Todo uso no mencionado como permitido.", "NORMA": "Titulo 8: Área restringida o excluida al desarrollo urbano; Capitulo 8.3. Áreas de valor natural y/o ie interés silvoagropecuario; Art. 8.3.2. Áreas de Interés Silvoagropecuario; Art. 8.3.2.2. De Interés Silvoagropecuario Mixto", "SUP_HA": 554.46}}, {"type": "Feature", "geometry": {"type": "Polygon", "coordinates": [[[-70.8812078164328, -33.3759724250748], [-70.8813008762818, -33.3759709599109], [-70.8813108419669, -33.3758923684836], [-70.8814095162864, -33.3758279011898], [-70.8816915030686, -33.3757606793334], [-70.8817901773881, -33.3756962119419], [-70.8818957996148, -33.3755687421863], [-70.8820244411708, -33.3753499626255], [-70.882154065259, -33.3751731452035], [-70.8822572311549, -33.3749337348963], [-70.8824880560744, -33.3748113042544], [-70.8828421888028, -33.374610105032], [-70.8830323789919, -33.3745372559124], [-70.8830394672609, -33.3744812271032], [-70.8830599600783, -33.3742710601394], [-70.8830982086588, -33.3741939909777], [-70.8830973664882, -33.3741786357449], [-70.8831076830778, -33.3741654489971], [-70.8832042519709, -33.3740031053151], [-70.8831774428741, -33.3739195304351], [-70.8830849444722, -33.3738160873623], [-70.8830852953766, -33.3738133913939], [-70.8830748384252, -33.3738021972633], [-70.8829631806427, -33.3736499921088], [-70.8829942707732, -33.3735446146451], [-70.8831563184287, -33.3733253611261], [-70.8831210174453, -33.3732349284124], [-70.8830775052987, -33.3731516458365], [-70.8829911828144, -33.3730130953367], [-70.882954688756, -33.3728667496663], [-70.8830266241596, -33.3727257957541], [-70.8832721168833, -33.3725122252334], [-70.8833679137867, -33.3723148888882], [-70.8835507349832, -33.3718994671652], [-70.8836907458419, -33.3718204031842], [-70.8840643888554, -33.371751771605], [-70.8842368232814, -33.3716302156265], [-70.8844491204482, -33.3714242030571], [-70.8846972098645, -33.3713933743916], [-70.884773356121, -33.3713842898969], [-70.884800656484, -33.3714053307575], [-70.8849575809352, -33.371423441132], [-70.8852839922154, -33.3714814646367], [-70.8855697687651, -33.3715890131516], [-70.8858057870698, -33.3717113311103], [-70.8858586332737, -33.3718434366568], [-70.8860458056848, -33.3720154548916], [-70.8862310832122, -33.3721035445067], [-70.8864176239954, -33.3722476057076], [-70.8866063403859, -33.3724965180503], [-70.8868589213787, -33.3726116258484], [-70.8870433567355, -33.3726577509772], [-70.8871924209279, -33.3726135013305], [-70.8872002811867, -33.3725916988474], [-70.8872333363819, -33.3725779257705], [-70.8874468266236, -33.3724277697867], [-70.8875456413049, -33.3723703330031], [-70.8880471538846, -33.3724326343289], [-70.8884490096125, -33.3725104669668], [-70.8884650810344, -33.3725354343494], [-70.8886520429029, -33.3726472600034], [-70.888761595259, -33.37270159034], [-70.8888446192419, -33.3726862934526], [-70.8889184495293, -33.3726292084925], [-70.8888832889076, -33.3725458081189], [-70.8887467169121, -33.3724010441044], [-70.888484240415, -33.3721753407005], [-70.8884841702342, -33.3721735824271], [-70.888372231728, -33.3720430012213], [-70.8882904008201, -33.3717295000305], [-70.8883355973079, -33.3715049670756], [-70.8884372894053, -33.3711956838496], [-70.8884600981918, -33.3711978524112], [-70.8885260682204, -33.3710614087544], [-70.888573159592, -33.3709278367714], [-70.8885285245513, -33.3707885794088], [-70.8882847161687, -33.3706943930107], [-70.8882696974601, -33.3706946274511], [-70.8881418278938, -33.3706405889117], [-70.887997114916, -33.3705029135658], [-70.8879611121238, -33.3703775461712], [-70.8879670073179, -33.3702655417681], [-70.8879844121765, -33.3702106238056], [-70.8879839209103, -33.3702098032595], [-70.8879865176029, -33.3702040594364], [-70.8879982378102, -33.3701671934607], [-70.8880039926424, -33.3701654351466], [-70.8881336869116, -33.3698783019908], [-70.8880135372423, -33.3697192911214], [-70.8878109952181, -33.3696034761659], [-70.8874887246099, -33.3693495736086], [-70.8873508191777, -33.3691417973034], [-70.8870843423703, -33.3687681503719], [-70.8869960548213, -33.3685386864022], [-70.8869942301184, -33.3685380416749], [-70.8870172494475, -33.3683634962615], [-70.8870799911557, -33.3681806862337], [-70.8874474582516, -33.3678253807462], [-70.8878476296383, -33.367441588233], [-70.8881774797817, -33.3672757152575], [-70.8884853633091, -33.3672500430161], [-70.8884906970561, -33.3672520944512], [-70.8884892934385, -33.3672508049777], [-70.8886773080202, -33.367261120765], [-70.8886662896218, -33.3671353384111], [-70.8885647378862, -33.3670669375859], [-70.8883087180302, -33.3667910478504], [-70.8881688475333, -33.3664924154214], [-70.8879837103677, -33.3664112950713], [-70.8874885842482, -33.366257963336], [-70.8871913682147, -33.3660036993352], [-70.8869447525969, -33.3657766312246], [-70.8868020046838, -33.3657298576992], [-70.8867107695377, -33.3657521894231], [-70.8863115806833, -33.3657932188222], [-70.8860114170528, -33.3657908156722], [-70.8857091479959, -33.3656904694478], [-70.8855315903655, -33.3655742974476], [-70.885520642148, -33.3655697255898], [-70.8855247126392, -33.3655496797485], [-70.8855141855069, -33.3655395982126], [-70.8854028786287, -33.3654013872711], [-70.8853058886504, -33.3651580229423], [-70.8853088362474, -33.3649062175156], [-70.8854277928417, -33.3646245767371], [-70.8854113003345, -33.3645464439725], [-70.8854026680861, -33.3645443338594], [-70.8854040717037, -33.3645120960133], [-70.8853999310317, -33.3644921085427], [-70.8854051244169, -33.3644897639711], [-70.8854071596625, -33.3644430483682], [-70.8854543212149, -33.3643094662236], [-70.8854510227135, -33.3641556032536], [-70.885325118212, -33.3641155695295], [-70.8850908544293, -33.3640771183804], [-70.8845823939423, -33.3640778803698], [-70.8843993622032, -33.364094644135], [-70.8842230678286, -33.3640343883488], [-70.884146991753, -33.3639865588235], [-70.8840662837392, -33.3637219719792], [-70.8840743545406, -33.3633231559068], [-70.8840609499922, -33.3633112570452], [-70.8839553277654, -33.3628283846321], [-70.883961503683, -33.3627303796103], [-70.8840750563494, -33.3625817306345], [-70.8842715628178, -33.3624178999431], [-70.884288616772, -33.3624171965548], [-70.8843859576548, -33.362311219327], [-70.8843917124871, -33.3621922292549], [-70.8842537368739, -33.3619775191711], [-70.8840441065806, -33.3615330330307], [-70.8840417906115, -33.3615322124028], [-70.8840004540723, -33.3614427639078], [-70.8838268967522, -33.3611236559459], [-70.8834531835578, -33.3608005608732], [-70.8832730292348, -33.3605655072816], [-70.8831226316056, -33.3601621046005], [-70.8831307725878, -33.3599136845243], [-70.8831185611145, -33.3599024886051], [-70.883121227988, -33.3597074683584], [-70.8827808507123, -33.3593838990859], [-70.882559991478, -33.359191398245], [-70.8825360597974, -33.3591828986548], [-70.8824919160229, -33.3591294977624], [-70.8824233493016, -33.359039577854], [-70.882420752609, -33.3589207005444], [-70.8824485442381, -33.3586614911732], [-70.8824743708025, -33.358578311883], [-70.8825030747831, -33.3584858121985], [-70.8826073635731, -33.3582953610174], [-70.8829029654463, -33.3580880272633], [-70.8831427735186, -33.3580004510254], [-70.8833846870174, -33.3580107679095], [-70.8837596634676, -33.3580050818997], [-70.8840965316992, -33.3581678657648], [-70.8841064272035, -33.3581912545631], [-70.8841898722716, -33.3582433664243], [-70.8844933344036, -33.3583996432023], [-70.8847032454204, -33.3584733851104], [-70.8849208061532, -33.3585120732089], [-70.8849537209867, -33.3584905602835], [-70.8850270600079, -33.358412539248], [-70.8851166108128, -33.3583345767609], [-70.885118295154, -33.3583347526162], [-70.8851914236326, -33.3583050916819], [-70.8853068711827, -33.3582474111006], [-70.8855074481423, -33.358272323958], [-70.8858085943051, -33.3583237323493], [-70.8860988624313, -33.3582563797301], [-70.8864223261145, -33.3581814652673], [-70.8868135143483, -33.358154559353], [-70.8871981757602, -33.3582116538106], [-70.8873729963362, -33.3582019817542], [-70.8874555290529, -33.358165755497], [-70.8876693000182, -33.3580296431145], [-70.8878174518592, -33.3579434736667], [-70.8878424362531, -33.3579430633359], [-70.8878539459176, -33.3579461115082], [-70.8878597007499, -33.3579318671632], [-70.8879995712469, -33.3578847377086], [-70.8880236432893, -33.3578423563488], [-70.888040977967, -33.3574854259319], [-70.8880390830832, -33.3574819087913], [-70.8880392936259, -33.3574084591385], [-70.8880509436522, -33.3571774997304], [-70.8881546008143, -33.3569590842542], [-70.8882395898619, -33.3566500424187], [-70.8882490642809, -33.3563141516222], [-70.8882696974601, -33.3559186429442], [-70.8882933484172, -33.3554706086364], [-70.8883622660429, -33.3551898166281], [-70.8883974266645, -33.3548885064509], [-70.8883880926073, -33.3544549462413], [-70.8884847316812, -33.3539149274491], [-70.8885993370608, -33.353430537356], [-70.8885864939595, -33.3528362281233], [-70.8885059263074, -33.3525786420563], [-70.8882714519821, -33.3521415529852], [-70.8881654086701, -33.3518633882638], [-70.8881693387994, -33.3516604945313], [-70.8882155880004, -33.3514849186717], [-70.8883285792197, -33.3513153220211], [-70.8885823532875, -33.3511016403231], [-70.8887712100398, -33.3509793520152], [-70.8857756794716, -33.3500933135737], [-70.8857732933217, -33.35009208247], [-70.8857702755438, -33.350091613478], [-70.8857288688236, -33.3500715640716], [-70.8833968283099, -33.3485130896435], [-70.8833820201439, -33.3485151415203], [-70.883379002366, -33.3485011301322], [-70.8832989259801, -33.3481257530647], [-70.8832683972966, -33.3479825899336], [-70.8860583680626, -33.347590912695], [-70.8860816681153, -33.3475890952991], [-70.8860870720432, -33.3475879814113], [-70.8864060441499, -33.3475675796741], [-70.8903470515546, -33.3473156647264], [-70.8903617193589, -33.3473175407538], [-70.8903772293337, -33.3473149025902], [-70.8933623029505, -33.347359223728], [-70.8938790447815, -33.3473288555434], [-70.8938850803373, -33.3473296763053], [-70.8938921686063, -33.3473283279108], [-70.8964487879411, -33.3472655396033], [-70.8969096657904, -33.3472114278883], [-70.8980916521978, -33.3470726602055], [-70.899248303307, -33.3467757188993], [-70.9006703083294, -33.3458995456084], [-70.9007000650232, -33.3458851820384], [-70.9007115746878, -33.3458779709391], [-70.9024666581741, -33.3451072592721], [-70.9024768344019, -33.3451050900603], [-70.9024872913533, -33.3450989341887], [-70.9025621743539, -33.3450802320618], [-70.9043691215118, -33.3448231506946], [-70.9044108791363, -33.3448198675525], [-70.9044129845628, -33.3448194571597], [-70.9046315980088, -33.3448137702882], [-70.9077633496681, -33.344732395221], [-70.9077705782989, -33.3447334505178], [-70.9077773858444, -33.3447322779658], [-70.9112227758634, -33.3447689202066], [-70.9146081612287, -33.3445121896866], [-70.9146813598882, -33.3444962429384], [-70.9165791211067, -33.3440822713662], [-70.9181534888231, -33.3433688825123], [-70.9192034649923, -33.3421556155617], [-70.9206738246421, -33.3399958014366], [-70.9206770529626, -33.3399921663277], [-70.9206805620067, -33.3399864205103], [-70.921867952342, -33.3383956939481], [-70.9226668213169, -33.3371940842486], [-70.917717384825, -33.3353995541917], [-70.9177139459618, -33.3353976779075], [-70.9177107176412, -33.3353971502025], [-70.9122159055186, -33.3333118112293], [-70.9122100805054, -33.3333084690179], [-70.9122051678437, -33.3333075894886], [-70.9077241887362, -33.3314803774669], [-70.907711275454, -33.3314727547192], [-70.9076771675455, -33.3314580369506], [-70.9040650277519, -33.3294797937655], [-70.9040457280095, -33.3294668347965], [-70.9040348499728, -33.3294616746634], [-70.899919723801, -33.3267560810126], [-70.8996067170692, -33.326526564933], [-70.8998256112388, -33.3262844992866], [-70.8998374718078, -33.3262714812022], [-70.900105211871, -33.3259754072184], [-70.8998531221444, -33.3258201864094], [-70.897578910677, -33.3246706524844], [-70.8923303632678, -33.3219909475237], [-70.8881045618457, -33.3198206638958], [-70.888024415279, -33.3197997864995], [-70.8882024641755, -33.3198970188252], [-70.8877755538729, -33.320508735511], [-70.8877676234333, -33.3205200537833], [-70.8873974894639, -33.3203179080458], [-70.887397419283, -33.320318377198], [-70.8862544534457, -33.3197128168424], [-70.88592123462, -33.3195157126658], [-70.8857169380738, -33.3194050502921], [-70.8856673903714, -33.3193720919958], [-70.8856600213788, -33.3193682800924], [-70.8856198779146, -33.319337432991], [-70.8853689110821, -33.3191890031546], [-70.8850712037824, -33.3189853882068], [-70.8847771458886, -33.3187688122234], [-70.8845118621563, -33.3185587453208], [-70.875073095032, -33.3108164122532], [-70.8749683851566, -33.310727087614], [-70.8748500601903, -33.3106186428044], [-70.8748267601376, -33.3105956517836], [-70.8748082323849, -33.310580519935], [-70.874807600757, -33.3105797574774], [-70.8747676678353, -33.3105423383983], [-70.8746290605942, -33.3103913716056], [-70.8746228144958, -33.3103847440753], [-70.8746212003355, -33.3103828086018], [-70.8745277194012, -33.3102810495534], [-70.8745198591425, -33.3102698472532], [-70.8745084898397, -33.3102582930468], [-70.8739569382914, -33.3095504923449], [-70.8723820091281, -33.3075458860591], [-70.8720308941776, -33.3071162545417], [-70.8720282273041, -33.3071123247966], [-70.8720254200688, -33.3071093921508], [-70.8706430672445, -33.305332366649], [-70.8686501407505, -33.3027953048191], [-70.8674082900511, -33.3012569837815], [-70.866169808034, -33.3001173910139], [-70.8635905202745, -33.2988577682192], [-70.8635423060088, -33.2988351260485], [-70.8635360599103, -33.2988311959302], [-70.8634248232131, -33.2987768781576], [-70.863363204399, -33.298682203255], [-70.8632327381402, -33.2985240595702], [-70.863191963048, -33.2984625852414], [-70.8631892259936, -33.2984519680104], [-70.8631831202569, -33.2984441077391], [-70.8629974918252, -33.2980239341457], [-70.8626912926389, -33.2974237915832], [-70.8626907311918, -33.2974215625248], [-70.8626893275742, -33.2974198027419], [-70.8623361773781, -33.2967040960694], [-70.8623140002195, -33.296664089999], [-70.8620682267723, -33.2961682361109], [-70.8618491922409, -33.2957330931121], [-70.8617321305304, -33.2954969840114], [-70.8615628542441, -33.2951554019381], [-70.8614751281421, -33.2949788322843], [-70.8613047991425, -33.2946354883431], [-70.8611574192912, -33.2943228230284], [-70.8608152874936, -33.29362838525], [-70.8607959877511, -33.2935896683333], [-70.8603609364663, -33.2927784863161], [-70.8601073729412, -33.2922995639158], [-70.8604919641722, -33.2921381821964], [-70.8608776081164, -33.2919787947235], [-70.8611346806856, -33.2918756649485], [-70.8635303050781, -33.290863132925], [-70.8636656138177, -33.2907732598741], [-70.8637580420388, -33.2906170964283], [-70.8638584006994, -33.2904057297566], [-70.863946337344, -33.2902323183608], [-70.8640355372445, -33.2900603145655], [-70.8640979280482, -33.2899417537711], [-70.8642180777175, -33.2897123754286], [-70.8643420171543, -33.2894587092653], [-70.8642712748257, -33.2886977650164], [-70.864220112963, -33.2881734130168], [-70.8640636095971, -33.2865700074208], [-70.8640231152285, -33.2859191563202], [-70.8639853579142, -33.2852336278057], [-70.8639326520721, -33.2842099304002], [-70.8638356620938, -33.2827848654216], [-70.8638146078293, -33.2825806374474], [-70.8637771312385, -33.2820759030615], [-70.8637635161475, -33.2817546269282], [-70.8637419706169, -33.2814584017756], [-70.8637216181612, -33.2810112753149], [-70.8637084943364, -33.2807687312799], [-70.8636970548527, -33.28057464863], [-70.8636804921646, -33.2804152987073], [-70.8643373852161, -33.2802134706999], [-70.8648717424484, -33.2801565598111], [-70.8655502512115, -33.2800717214483], [-70.8660816608467, -33.2799892298491], [-70.8665595224693, -33.2799335509091], [-70.866938990496, -33.2799216993282], [-70.8672798590378, -33.2799486294032], [-70.8678771685209, -33.2800675558004], [-70.8680072838753, -33.2801481111812], [-70.8683374849231, -33.2800471382558], [-70.8686909158427, -33.2799200565347], [-70.8691216159129, -33.2795701408119], [-70.8692676623274, -33.2788508260844], [-70.8692748909583, -33.2780217879735], [-70.8694553260048, -33.2770963421472], [-70.8698383030755, -33.2760276638491], [-70.8702057701714, -33.2753422923435], [-70.8710767149117, -33.2748613966685], [-70.872309161373, -33.2743021672908], [-70.8732274782084, -33.2739793369919], [-70.8741761833655, -33.2737847111695], [-70.8749591212803, -33.2736962287408], [-70.8759563214265, -33.273789581221], [-70.8768540050827, -33.2740177105577], [-70.877648522843, -33.2741137617488], [-70.8783236629237, -33.2743393672158], [-70.8788058055801, -33.274382493292], [-70.8793311094787, -33.2743049250144], [-70.8809021085127, -33.2744128282199], [-70.8821200275315, -33.2744740847927], [-70.8824837048598, -33.2743906491054], [-70.8831605994625, -33.2741758986573], [-70.8841765379042, -33.2737323140923], [-70.8854500401812, -33.2731030186307], [-70.8864924368151, -33.272477649939], [-70.8870259518769, -33.2719961517206], [-70.8877650969216, -33.2714231735958], [-70.887996553469, -33.2709963567252], [-70.8881482143541, -33.2706791472349], [-70.8881760059832, -33.270350729166], [-70.8883106830949, -33.2698042040243], [-70.8886283217649, -33.2686946547547], [-70.8887160478669, -33.2679932062646], [-70.8888664454961, -33.2670705294519], [-70.8890888487098, -33.2665568446872], [-70.8893962409711, -33.2660736707677], [-70.890237779922, -33.2651659373602], [-70.891274211181, -33.2642640040087], [-70.8917049814321, -33.263895716769], [-70.892923461898, -33.2640634883475], [-70.8930530859863, -33.2640813863108], [-70.8932930344203, -33.2641302095888], [-70.8935068053856, -33.2641713455265], [-70.8937480872564, -33.2642215184344], [-70.8940579358486, -33.2642853641515], [-70.8943239915706, -33.2643370627172], [-70.8945779060002, -33.2643932797382], [-70.8946673866241, -33.2644279018938], [-70.8947318126734, -33.2644637563489], [-70.8947650784113, -33.2644849990797], [-70.8948076782064, -33.2645163937139], [-70.8949642517532, -33.2645748991983], [-70.8952836449452, -33.2646984823694], [-70.8955075921383, -33.2647801668766], [-70.8958084575776, -33.2648925416305], [-70.8959973143299, -33.2649691793693], [-70.8962246302054, -33.2650420027632], [-70.8967748483169, -33.2652182222155], [-70.896750495551, -33.2653253737965], [-70.896729160563, -33.2654613375794], [-70.8967147033014, -33.265602112978], [-70.8967167385469, -33.2657396607098], [-70.8967218617513, -33.2658374814265], [-70.8967486708481, -33.2660451520389], [-70.8967952709534, -33.266352989512], [-70.8968282559677, -33.2666069575445], [-70.8968424325058, -33.2667677409911], [-70.8969699511676, -33.2655782885622], [-70.8973553845692, -33.2644974395716], [-70.897801173529, -33.2636900949194], [-70.8987684766197, -33.2624401571661], [-70.8995603275065, -33.2612615609776], [-70.9000937723873, -33.2600983829162], [-70.900841830404, -33.2594235670522], [-70.9017187405192, -33.2590441092119], [-70.9025936855698, -33.2585731590124], [-70.9035682172913, -33.2576661105775], [-70.9045949635887, -33.2566554118458], [-70.905531667815, -33.2552572456323], [-70.906020547836, -33.2539232037787], [-70.9067130927754, -33.2532035017194], [-70.9073739861371, -33.2522784971601], [-70.9084795455645, -33.2511407298838], [-70.9099814866111, -33.2500768401063], [-70.9119543413729, -33.2487540467465], [-70.9133816099615, -33.2480229157448], [-70.9161923542684, -33.24642411395], [-70.9171576221135, -33.245734401547], [-70.9191909727953, -33.2447079519753], [-70.921753557505, -33.2429756735979], [-70.9241656042238, -33.2405824868447], [-70.9248910639966, -33.2395077267492], [-70.9256358235118, -33.2380667878953], [-70.9258320492567, -33.2370688938846], [-70.925633928628, -33.236088539978], [-70.9243839369464, -33.2305048741547], [-70.924416149971, -33.2294751931076], [-70.9243001409738, -33.2266182050075], [-70.9242809114122, -33.2257265585783], [-70.9240331729003, -33.2249642371175], [-70.9237871889104, -33.2236530404062], [-70.9231107855738, -33.2225771328756], [-70.9216539708341, -33.2200153558791], [-70.9208172041831, -33.2178098332416], [-70.9191200199241, -33.2141881111973], [-70.9177856006419, -33.2116128185204], [-70.9166259317548, -33.2095722592124], [-70.9151257452303, -33.2068736357198], [-70.9138539272944, -33.2046745935838], [-70.9138473302916, -33.2046719511063], [-70.9138138540111, -33.2047201029063], [-70.913424560661, -33.2045023038827], [-70.9130266350625, -33.2042796303925], [-70.9126434474491, -33.2040652361567], [-70.9112476900764, -33.2032842283376], [-70.9111837552933, -33.2032518134265], [-70.91115961307, -33.2032349600168], [-70.9111141358588, -33.2032095330895], [-70.908949196024, -33.2017595987874], [-70.9088362749856, -33.2016763872975], [-70.9075732998408, -33.2007459635312], [-70.9075679660938, -33.2007413243069], [-70.9056500629622, -33.19908534042], [-70.9053362842407, -33.1988796248547], [-70.9050395594734, -33.1986850666972], [-70.904776100444, -33.1985123541282], [-70.9039894429425, -33.1981794953497], [-70.9023839850956, -33.1979281473744], [-70.9016445593274, -33.1978402341389], [-70.9013556948188, -33.1978058792433], [-70.900571563829, -33.1974911055555], [-70.9004452382422, -33.1974403658103], [-70.9003898655266, -33.1973787028861], [-70.9001546192116, -33.1971169579707], [-70.9001089314577, -33.1970661005552], [-70.8991970010826, -33.195800821972], [-70.8990516564768, -33.1955990921814], [-70.898152007756, -33.1942114017946], [-70.897822508517, -33.1937122648168], [-70.8977829264998, -33.1936420248161], [-70.8975238888659, -33.1932424896936], [-70.8971824588771, -33.1926268273441], [-70.8964350324883, -33.1901048158799], [-70.8961649062751, -33.1891931809008], [-70.895760804759, -33.1851667676865], [-70.895518470175, -33.1827524990414], [-70.8954475874846, -33.1827691801838], [-70.8954472365802, -33.1827662433632], [-70.895441411567, -33.1827675355643], [-70.895078155324, -33.1827504432666], [-70.8949828496868, -33.1818618741407], [-70.8948852280806, -33.1808945875635], [-70.8948569451853, -33.180432497111], [-70.8948491551074, -33.1803058579395], [-70.8947502702453, -33.1803136701015], [-70.8947497087982, -33.1803045657021], [-70.893221520102, -33.179117990047], [-70.8930773685713, -33.1798461139171], [-70.8927019008549, -33.1802282061863], [-70.8919743356556, -33.1805887399925], [-70.8908782506472, -33.1816538861076], [-70.8901993909798, -33.1827933208455], [-70.8900312375875, -33.1838981454715], [-70.8898789450745, -33.1842499713352], [-70.8902495703101, -33.1851315267971], [-70.8908684253238, -33.1856597862433], [-70.8914314163558, -33.1865652909396], [-70.892245514582, -33.187251945879], [-70.8933409679624, -33.1879247931929], [-70.8928291387931, -33.1883106678558], [-70.891185362185, -33.1897244699051], [-70.8911607988764, -33.191375168862], [-70.8921058546277, -33.1931734239048], [-70.8916486963651, -33.1948577679143], [-70.8902598167188, -33.1961594124118], [-70.8903934411173, -33.1980872953585], [-70.8908117893524, -33.1996382389805], [-70.8909188853776, -33.1996070559469], [-70.8912630524209, -33.1995941364194], [-70.8915561277823, -33.1996300174661], [-70.8918156566824, -33.1997387175686], [-70.8920232517301, -33.1998237513743], [-70.8923159060062, -33.1998258067484], [-70.8925400637419, -33.1998527027824], [-70.8926966372887, -33.1999864781299], [-70.8928536319208, -33.2001540787378], [-70.8929420598316, -33.2003465195446], [-70.8930054331677, -33.2005971558844], [-70.8930685257802, -33.2008236558209], [-70.8932080453728, -33.2009769261221], [-70.8934343085349, -33.2011728298406], [-70.8936510972781, -33.2013012005648], [-70.8938847294329, -33.2014004440422], [-70.8941265025699, -33.2014658624623], [-70.8943339572558, -33.2015411464364], [-70.8945339025874, -33.2016987023132], [-70.8947343391852, -33.2018948980346], [-70.8949088088568, -33.2020816975632], [-70.8951180180647, -33.2022970949529], [-70.8952244122812, -33.2025472559237], [-70.8952454665457, -33.2028562565867], [-70.8952830834982, -33.2031072380786], [-70.8953544574547, -33.2033142356089], [-70.8954939068664, -33.2034578710544], [-70.8957526637768, -33.2034989180987], [-70.8959936649241, -33.2034966279208], [-70.8962943198208, -33.2034502958466], [-70.8965699201427, -33.203462099077], [-70.8968022188607, -33.2034551698176], [-70.897060414324, -33.2034526447483], [-70.8974226178538, -33.20351207194], [-70.897725307996, -33.2036251126825], [-70.8979762046476, -33.2037338665473], [-70.8982012747348, -33.2038332247118], [-70.8984259237367, -33.2039035739822], [-70.8987016644204, -33.2039299402636], [-70.8989006974006, -33.2040053395631], [-70.8990750267104, -33.2041872606588], [-70.8992678135921, -33.2044608462558], [-70.8994345633667, -33.2047152877275], [-70.8996180161911, -33.2049357874124], [-70.899818382608, -33.2051271607233], [-70.9000445755893, -33.2053229964338], [-70.9002716809221, -33.2055817807621], [-70.9005330345251, -33.2058304643233], [-70.9008030905573, -33.206098525033], [-70.9010300555283, -33.206342803081], [-70.9011957525897, -33.2065199042396], [-70.9013441851543, -33.2066924835716], [-70.9015538154475, -33.2069368186823], [-70.9016694735403, -33.2072352342514], [-70.9015880637177, -33.207608046763], [-70.9016943877533, -33.2078485625447], [-70.9019691459047, -33.2077976526431], [-70.9022940132054, -33.20761585649], [-70.9025767017964, -33.2075068138487], [-70.9028429680611, -33.2074607774963], [-70.9031358328799, -33.2074822102399], [-70.9032740892166, -33.2075194973293], [-70.9035164238007, -33.2076283637955], [-70.9037247908381, -33.2077713462464], [-70.9038986990626, -33.2079145633418], [-70.9041060835676, -33.2079754554923], [-70.9044161427024, -33.2079917795138], [-70.9046744083466, -33.2079941282936], [-70.9048897934722, -33.2080113918234], [-70.9051058804065, -33.2080817964557], [-70.9053136859968, -33.2081764521355], [-70.9055132102431, -33.2083001737662], [-70.9057476143876, -33.2084573651633], [-70.9058873445228, -33.2086202520286], [-70.9060278466477, -33.2088460265804], [-70.9061858238121, -33.2090811955528], [-70.906292007486, -33.2093120774349], [-70.9064238071815, -33.2095282790927], [-70.9064974269263, -33.2099092436692], [-70.9066159624353, -33.2104395262186], [-70.906639823935, -33.2109658714826], [-70.906438334624, -33.2113639752358], [-70.9064002264053, -33.2117605505369], [-70.9063442220618, -33.2120992293536], [-70.9061575409169, -33.2123184186729], [-70.9059873522791, -33.2124746633895], [-70.9059557007015, -33.2126923251436], [-70.9059587886602, -33.212938757288], [-70.9059371729487, -33.2132722645414], [-70.9058810984243, -33.213606181534], [-70.9058168829177, -33.2139787907621], [-70.9057522463258, -33.2143176371402], [-70.905618762289, -33.2146522547242], [-70.9054940508625, -33.2150012561544], [-70.9053435830524, -33.2153553643592], [-70.905157744078, -33.2156421844961], [-70.9049711331139, -33.2158613649414], [-70.9047835396174, -33.2160080916459], [-70.9045998762504, -33.2161241106665], [-70.9045273092188, -33.2161700250341], [-70.904124260416, -33.2162849282753], [-70.903781707533, -33.2164283662948], [-70.9036656283549, -33.2164950651873], [-70.9034569104131, -33.216615017381], [-70.9030269121517, -33.2166528877164], [-70.902700220148, -33.2166850628101], [-70.9024095309365, -33.2168472297998], [-70.9022234112386, -33.217105099354], [-70.9021568797629, -33.2172941562402], [-70.9023319108815, -33.2175195561369], [-70.9025589460334, -33.2177782456907], [-70.9027942625293, -33.2180126861079], [-70.9030636167528, -33.2182082581365], [-70.90325605273, -33.2184528546607], [-70.9034059590931, -33.2187315623487], [-70.9036414159507, -33.2189757464251], [-70.9038944882097, -33.2192487573891], [-70.904199494321, -33.2195404965508], [-70.9044784633253, -33.2198180265429], [-70.9047923122276, -33.2201338941745], [-70.9051060207683, -33.2204305034103], [-70.9053334068246, -33.2207133145659], [-70.9054998758757, -33.2209436373621], [-70.9056651518517, -33.2210918820224], [-70.9058800457111, -33.2213872550898], [-70.9060955010176, -33.2216627243624], [-70.9062511622129, -33.2218068580884], [-70.9063379057825, -33.2219272726812], [-70.9064332816006, -33.2220668265874], [-70.9065026904924, -33.2221679839494], [-70.9065808719945, -33.2223221562332], [-70.9066330865704, -33.2224281275046], [-70.9066853011463, -33.2225293431586], [-70.906780887507, -33.2227075857542], [-70.9068937383646, -33.2228905247467], [-70.9069892545444, -33.2230446370477], [-70.9070166250882, -33.2233245042923], [-70.9069228634304, -33.2235131367759], [-70.9068203291624, -33.2236680111968], [-70.9066746336523, -33.2238182473424], [-70.906537289667, -33.2239009094024], [-70.9064083673876, -33.2239545105401], [-70.906279515289, -33.224008111645], [-70.9061164149203, -33.2240956463471], [-70.9059961950701, -33.2241685625109], [-70.9058330947014, -33.2242657252594], [-70.9056011468878, -33.2243776824438], [-70.9054294142705, -33.2244749036685], [-70.9052319954507, -33.2245914985456], [-70.905086019217, -33.2246693457939], [-70.9049573074802, -33.2247615177856], [-70.9047515371355, -33.2249458614778], [-70.9045456966098, -33.2251107724324], [-70.9043912284895, -33.2252030613749], [-70.904159210495, -33.2253102033139], [-70.9038976463494, -33.2254288518505], [-70.9037290718718, -33.225543155855], [-70.9034289784222, -33.2257234470756], [-70.9036617684064, -33.2259434241705], [-70.9039107701742, -33.2260353599902], [-70.9041376649643, -33.2261454362755], [-70.904327504249, -33.2262315598646], [-70.9045347483923, -33.2263321840459], [-70.9048452286124, -33.2264467216985], [-70.9051557790133, -33.2265613766151], [-70.9054257648647, -33.2267149540866], [-70.9057697915462, -33.2268640108625], [-70.9060608316621, -33.2269843597872], [-70.906264707123, -33.2271135145467], [-70.9064509671827, -33.2272428452351], [-70.9066566673466, -33.2274527210021], [-70.9069057392953, -33.2276546122087], [-70.9070150109279, -33.227858498959], [-70.9070889815771, -33.228041074943], [-70.9071024563063, -33.228261163621], [-70.9071211244209, -33.2286584255115], [-70.9070533296892, -33.2288759883003], [-70.9069943075678, -33.2291079333541], [-70.9068921242043, -33.2293496228507], [-70.9068153463198, -33.2294947418972], [-70.9067383578927, -33.2295916052044], [-70.9066722475023, -33.2297086629004], [-70.906670071895, -33.2297125961302], [-70.9066189802132, -33.2298142142893], [-70.9065505538537, -33.2299061460404], [-70.906499391991, -33.2300077639746], [-70.9064483003092, -33.2301190093536], [-70.9063887869216, -33.2302785684418], [-70.9062950252639, -33.2304526859372], [-70.9062009127017, -33.2305978618577], [-70.9060895356426, -33.2306851551479], [-70.9059520512956, -33.230758183227], [-70.9058145669486, -33.2308069664195], [-70.9056597479239, -33.2308509945482], [-70.9054428188189, -33.2308208206064], [-70.9050480513601, -33.2307954603982], [-70.9048757572958, -33.2307816649115], [-70.90471209548, -33.230777496913], [-70.9045744707713, -33.2308070251237], [-70.9043682091603, -33.2308706017344], [-70.9041787909609, -33.2308954335836], [-70.904015199326, -33.2308961380331], [-70.9038172190591, -33.2309113424006], [-70.9036624702152, -33.2309553704767], [-70.903473543282, -33.231057574232], [-70.903483017701, -33.2312361516729], [-70.9035616202884, -33.2314675034299], [-70.9035625326399, -33.2316268839469], [-70.9035463910371, -33.2318538319091], [-70.9035303196152, -33.2320710345288], [-70.9035143183742, -33.2323028537027], [-70.9035065984773, -33.2324814286007], [-70.9035075810096, -33.2326746201655], [-70.9035687085574, -33.2328529594931], [-70.9036646458225, -33.2330939929108], [-70.9037867605565, -33.2334072883987], [-70.903900243042, -33.2337013284305], [-70.9038922424215, -33.2338220201597], [-70.9037814969904, -33.2340638140324], [-70.903593271866, -33.2343011458967], [-70.9033957126844, -33.2344225412192], [-70.9031895914352, -33.2345199860853], [-70.9029659249656, -33.2345642471512], [-70.9027680148796, -33.234603635959], [-70.902578737042, -33.2346381525151], [-70.9023202608551, -33.2346102105422], [-70.9020444499906, -33.2345678866543], [-70.9017172667207, -33.2345691193892], [-70.9013898729082, -33.2345607250513], [-70.9011143427671, -33.2345521546076], [-70.900856006942, -33.2345580247746], [-70.9006583073987, -33.2346215399567], [-70.9004777319904, -33.2347043092097], [-70.9004358340041, -33.2349120538196], [-70.9004627132817, -33.235129190142], [-70.9003434759639, -33.2353951652593], [-70.9003107716731, -33.2357331655762], [-70.9003898655266, -33.2360514998658], [-70.9003476166359, -33.2362061759831], [-70.9002620661413, -33.2363367846357], [-70.9002458543576, -33.2365347811109], [-70.9003332997361, -33.2367951754369], [-70.900523560106, -33.2369585378475], [-70.9006965559791, -33.2371027050681], [-70.9008354439437, -33.2373386785887], [-70.9009311706662, -33.2375362618974], [-70.9009748933554, -33.2376663989665], [-70.9010016322713, -33.2378449042117], [-70.9009247140251, -33.2379658837185], [-70.9008049854411, -33.2381304766264], [-70.900754104302, -33.2382803357341], [-70.9007037846099, -33.238550879787], [-70.9006184446579, -33.2387202262024], [-70.9004640467185, -33.2388366259921], [-70.9002834713102, -33.2388759541765], [-70.900241503143, -33.2391078140083], [-70.9003545645432, -33.2393294596929], [-70.9005191387105, -33.239517118484], [-70.9007096096231, -33.2397239711857], [-70.9009428908734, -33.2398775255423], [-70.9011504859211, -33.2400311383271], [-70.9013234817942, -33.2401849856336], [-70.9013933117714, -33.2403778079914], [-70.9011959631324, -33.2405378766393], [-70.9010326522209, -33.2405963981803], [-70.9008692711287, -33.240645351977], [-70.900680063472, -33.2407040495387], [-70.9005083308547, -33.2407867543363], [-70.9003193337407, -33.2408744483372], [-70.9001387583324, -33.240947526604], [-70.8998715095354, -33.2409946018889], [-70.8996142966044, -33.2411136987247], [-70.8995803992386, -33.2412393107858], [-70.8995122536026, -33.2413940364223], [-70.8994704959781, -33.2416452595584], [-70.8994286681726, -33.2419012951051], [-70.8993263444473, -33.24209475934], [-70.8991720166887, -33.2422401507177], [-70.8990175485684, -33.2423421651936], [-70.8988629400863, -33.2424393077514], [-70.8986312028153, -33.2425898051322], [-70.8984078872502, -33.2427162368189], [-70.8982276627463, -33.242847305315], [-70.8980388761749, -33.2429879997605], [-70.8977984364746, -33.2431193026329], [-70.8975751910903, -33.2432504879163], [-70.8973862641571, -33.2433623034051], [-70.8972489201719, -33.2434544556953], [-70.8972324978456, -33.2436138730582], [-70.8972850633259, -33.2438115595757], [-70.897268991904, -33.2440240368663], [-70.8971231560321, -33.2441404882893], [-70.896942510443, -33.2441894401012], [-70.8967448810804, -33.2442964413885], [-70.8965645162148, -33.2443936991645], [-70.8964442261838, -33.2444375443667], [-70.8962465968213, -33.2445445453503], [-70.8960665126792, -33.2446900500431], [-70.8958601107065, -33.2447536165594], [-70.8955843700228, -33.2447306081858], [-70.8952911542996, -33.2446496679663], [-70.8949808144413, -33.2445880970022], [-70.8946707553065, -33.2445892122059], [-70.8944295436165, -33.2445902100198], [-70.8941368191595, -33.2445960795128], [-70.8938439543407, -33.2445971947165], [-70.8936028830125, -33.2446223748369], [-70.8933448980918, -33.2446957434449], [-70.8931300042324, -33.2447641229321], [-70.8929149700113, -33.2448373740315], [-70.8927172704679, -33.2449153793416], [-70.8924936741792, -33.2449935019713], [-70.8922356190777, -33.2450620573094], [-70.8919518777735, -33.2451355429374], [-70.8917110871688, -33.2452185957095], [-70.891539144009, -33.2452916116502], [-70.8913413041038, -33.2453502473977], [-70.8911778528306, -33.2453750164403], [-70.8910748974774, -33.2454623536722], [-70.8909726439329, -33.2456896178882], [-70.8908097541068, -33.2458495594214], [-70.8906635673305, -33.2458790238481], [-70.89052580226, -33.2458844823962], [-70.8902853625597, -33.2460543428508], [-70.8901654234331, -33.2461705567934], [-70.8900107447701, -33.2462340048453], [-70.8898044129783, -33.2463168217985], [-70.8897877099285, -33.2464375548065], [-70.8899262469887, -33.2465770696012], [-70.8901515276185, -33.2468514030496], [-70.8903419985311, -33.2470581797031], [-70.8904892380206, -33.2472266292409], [-70.8905931759063, -33.247332335562], [-70.8906539525497, -33.2474335223927], [-70.8907750847513, -33.2475489128002], [-70.8909482209861, -33.2477269283234], [-70.8911730103498, -33.2479046500205], [-70.8913118281336, -33.2481069048543], [-70.8914418031262, -33.2482704808966], [-70.8915889724349, -33.2484051799912], [-70.8918047786457, -33.2485249710378], [-70.8919692826321, -33.2486836161544], [-70.8920906955572, -33.2488617467505], [-70.8920742030501, -33.2489873476774], [-70.89186801162, -33.2491137114184], [-70.8916788741442, -33.2491868414889], [-70.8915411090737, -33.2491782137871], [-70.8914069232281, -33.2491869001807], [-70.8912810889074, -33.2492153070294], [-70.8911487979457, -33.2493103290451], [-70.8910513167012, -33.2494305883844], [-70.8909660469301, -33.2495998550316], [-70.8908288433066, -33.2497307371311], [-70.8906657429378, -33.2498520523371], [-70.8904768160046, -33.2499589880007], [-70.8903224180652, -33.2500802441986], [-70.8902026193003, -33.2502400603147], [-70.8900652753151, -33.2503370767127], [-70.8898675757717, -33.2504151358053], [-70.8896867196399, -33.2504302193964], [-70.889419962109, -33.2504892038422], [-70.8891531343973, -33.2505336328961], [-70.8888775340754, -33.250534689333], [-70.8886361118428, -33.2504825130713], [-70.8884121646497, -33.2504737681155], [-70.888196849705, -33.2504745310982], [-70.8879987290763, -33.2504849194012], [-70.8878179431254, -33.250495307703], [-70.887628524926, -33.2504960119946], [-70.8874475284325, -33.2504918449359], [-70.8872579698713, -33.2504539892525], [-70.8870508660898, -33.25039201154], [-70.8869128202958, -33.2503345529965], [-70.8867056463334, -33.2502388864919], [-70.8865673198158, -33.2501476217228], [-70.8863429515374, -33.2500422709544], [-70.8861875710656, -33.2499800581846], [-70.8859629220637, -33.2498506437435], [-70.8857561691866, -33.2498224131756], [-70.8855496268521, -33.2498715378794], [-70.8853775433305, -33.2499011183329], [-70.8850159012478, -33.2499218363827], [-70.8845936930642, -33.2498992989006], [-70.8843091797703, -33.2498423682557], [-70.8841623613661, -33.2497705299458], [-70.8840330180013, -33.2497227550894], [-70.8838431787167, -33.2496606594753], [-70.8836878684258, -33.2495985638171], [-70.883480905006, -33.249536585498], [-70.8834646230415, -33.2497393647784], [-70.8834997836632, -33.2499033486048], [-70.8836043531767, -33.2501492063852], [-70.8836397945219, -33.2503566208379], [-70.8836492689409, -33.2505255335458], [-70.883607160412, -33.2507236152665], [-70.8834616754445, -33.2509124821008], [-70.8833069967815, -33.2509903059169], [-70.8831434753274, -33.251024698622], [-70.8829370733547, -33.2510785178961], [-70.8827997293695, -33.2511804046755], [-70.88264533143, -33.2513065891742], [-70.8824302972089, -33.2513797174096], [-70.8823013749294, -33.2514333603941], [-70.8821728035544, -33.2515690523479], [-70.8820439514558, -33.251627449123], [-70.8819063267471, -33.2516762206711], [-70.8816998545935, -33.2517349108253], [-70.8815279816145, -33.2518224764621], [-70.881459555255, -33.2519192563433], [-70.8813911990763, -33.2520257199577], [-70.8812281688884, -33.252171153506], [-70.8809960105322, -33.2522492109603], [-70.8807373939836, -33.2522019069775], [-70.8805474143372, -33.2521012538768], [-70.8804262821356, -33.2519954946339], [-70.8802709718447, -33.2519188455132], [-70.8800466737472, -33.2518617401139], [-70.8798225160114, -33.2518191311277], [-70.8796158333152, -33.251829577961], [-70.8793917457603, -33.2517918402372], [-70.8790985300372, -33.2517108478669], [-70.8788395625841, -33.2515959324764], [-70.8786495829377, -33.2514904073831], [-70.8784251444785, -33.2513947421438], [-70.8782095488103, -33.2513423903244], [-70.8780285523167, -33.2513141015479], [-70.8778905767035, -33.2512808240751], [-70.8777612333388, -33.2512571718248], [-70.8774941249035, -33.2512291764731], [-70.8773562194712, -33.2512152081392], [-70.8772010495421, -33.251201357184], [-70.8770632142907, -33.2511680796682], [-70.8769422926317, -33.2511201881947], [-70.876821230611, -33.2509999898711], [-70.8767431192898, -33.250874743981], [-70.8766473925674, -33.250691687458], [-70.8765950376297, -33.2505373891162], [-70.8765769309623, -33.2503636637649], [-70.8765589646566, -33.2502044347864], [-70.876523733854, -33.2500212007854], [-70.8764540442386, -33.2498717139536], [-70.8763162791681, -33.2498819262541], [-70.8761528980758, -33.2499308161591], [-70.8758772977539, -33.2499414979835], [-70.8756103296804, -33.2499617464931], [-70.8754211220237, -33.250010753736], [-70.8752493192256, -33.2501127591427], [-70.8751294502798, -33.2502435230918], [-70.8750784287789, -33.2503933614339], [-70.8750273370972, -33.2505287615478], [-70.8748734304239, -33.2507706852864], [-70.8746845034907, -33.2509016830138], [-70.8744004112821, -33.2509221073729], [-70.8742709275556, -33.2508694031261], [-70.8740083106967, -33.2507371728434], [-70.8738998110538, -33.2506825316872], [-70.8735631533649, -33.2505389150806], [-70.8733040455502, -33.250404747494], [-70.8731479632695, -33.2502505660279], [-70.8730704133954, -33.2501739153767], [-70.8730089349431, -33.2499086308275], [-70.8730941345334, -33.2497054997909], [-70.8732048799645, -33.2494492523373], [-70.8733331004351, -33.2492460615412], [-70.8734609700013, -33.2489655142582], [-70.8733309248278, -33.2487873838736], [-70.8730975032157, -33.2486000384448], [-70.8729673878613, -33.2483929132849], [-70.8728115161233, -33.2482293374717], [-70.8726383097076, -33.2480320131015], [-70.8724479089759, -33.2478299928654], [-70.872257578425, -33.2476569077537], [-70.8720500535582, -33.2474935653348], [-70.8718468799061, -33.2473770596861], [-70.8716197043924, -33.2472670101271], [-70.8716435658922, -33.2475463890035], [-70.8716375303364, -33.2476736352209], [-70.8716556370038, -33.2478763601312], [-70.8715789293002, -33.2480360041997], [-70.8714846763763, -33.2481473440263], [-70.8713556137351, -33.2481815617727], [-70.8710538359443, -33.2481054962325], [-70.8706909306057, -33.2478460746794], [-70.8704652288906, -33.2474752531223], [-70.8702748983398, -33.247302167308], [-70.8700503896996, -33.2471775030503], [-70.8697741577497, -33.2470529560014], [-70.8696916952139, -33.2470156857614], [-70.8695411572229, -33.2469476015024], [-70.8693255615547, -33.2468904341613], [-70.8690324861933, -33.2468383731106], [-70.8689698848469, -33.2468302734179], [-70.8687050221999, -33.2467961138359], [-70.8683861904549, -33.2467683518291], [-70.8681018175228, -33.246750098158], [-70.8679408927613, -33.2467477504187], [-70.8678348494493, -33.2467461656946], [-70.8675504765171, -33.2467037889883], [-70.8673606372325, -33.2466320654856], [-70.8672569098895, -33.246560048456], [-70.867127426163, -33.2464977158202], [-70.8670578067285, -33.2463339016848], [-70.8669966791807, -33.2461699698547], [-70.866927129927, -33.2460060964111], [-70.8668399652721, -33.2457891631851], [-70.866744589454, -33.2456495297442], [-70.8665281516153, -33.2454185676784], [-70.8664244242723, -33.2453369237628], [-70.8663093276266, -33.2453428519001], [-70.8662704474182, -33.2455691773184], [-70.8662714299505, -33.2457670941904], [-70.8663153631824, -33.2459599629292], [-70.8664029489226, -33.246278259981], [-70.8665337660858, -33.2466253744194], [-70.86669012909, -33.246909626897], [-70.8668630547821, -33.247073146487], [-70.8670618772196, -33.2472221098673], [-70.8672262408443, -33.2473808160419], [-70.8673565667413, -33.2476023820574], [-70.8673833056572, -33.2478147327473], [-70.8673497591958, -33.2480030776344], [-70.8673160723727, -33.2481673581815], [-70.8672821750069, -33.2482978315793], [-70.8674049213688, -33.2484267200886], [-70.8675745485595, -33.2484500796433], [-70.867782283969, -33.2484022453727], [-70.8681095374197, -33.2483865745077], [-70.868402121515, -33.2483275299503], [-70.8686777218369, -33.2483362164284], [-70.8689364787473, -33.2484124578449], [-70.8691782518843, -33.248541933108], [-70.8692651358157, -33.2486961175886], [-70.8693520197471, -33.2488744242354], [-70.869439184402, -33.2490768529007], [-70.8695951263208, -33.2492839177478], [-70.8697422254486, -33.2493878608294], [-70.8697853165099, -33.249418321822], [-70.8700098251501, -33.2495527256895], [-70.8703033917777, -33.249701274003], [-70.870562148688, -33.2497775142286], [-70.8707088969114, -33.2498639666903], [-70.8707614623917, -33.2500423883369], [-70.870762444924, -33.2502402950793], [-70.870755356655, -33.2505733666543], [-70.8708944551623, -33.2508480397029], [-70.8710336940313, -33.2511420210756], [-70.8711726521768, -33.2513973832101], [-70.8712770111477, -33.2515996886509], [-70.8712605186406, -33.2517591498475], [-70.8711322279891, -33.2519478383738], [-70.8710379750651, -33.2520592319066], [-70.8709094036901, -33.2522093605844], [-70.8707809024959, -33.2523546764476], [-70.8706865793911, -33.2524418893253], [-70.8707216698319, -33.252572121583], [-70.8708681373317, -33.2525956560983], [-70.8710750305706, -33.252633628233], [-70.8713768083613, -33.2526759433745], [-70.8716870078579, -33.2527085160423], [-70.8719886452869, -33.2527460773018], [-70.8722646666941, -33.2528271860914], [-70.8724547165214, -33.2529471471444], [-70.8725057380223, -33.2529629345702], [-70.8727308081095, -33.2530329508886], [-70.873041007606, -33.2530656408017], [-70.8733080458604, -33.2530743268089], [-70.8735326246814, -33.2530705706978], [-70.8736783903725, -33.2530681057498], [-70.873971395553, -33.2531008543391], [-70.8742474871411, -33.2531819041102], [-70.8744548716462, -33.2533356108919], [-70.8745851975433, -33.2535572204991], [-70.8746981185817, -33.2537692045868], [-70.874767878378, -33.2539330047852], [-70.8748723075298, -33.2541596014004], [-70.8749422778687, -33.2543958223175], [-70.8749431902202, -33.254598590322], [-70.8749014325956, -33.2548594003427], [-70.8748248652538, -33.255062460711], [-70.8746704673144, -33.255203076805], [-70.8744554330932, -33.2552810728631], [-70.8742747173232, -33.255305897779], [-70.8741198281176, -33.2553257929192], [-70.8739474638724, -33.2553071302214], [-70.8736976901149, -33.2553273188], [-70.8736293339363, -33.2554337782621], [-70.8737855565786, -33.255703564973], [-70.873898547798, -33.2558961770336], [-70.8739769398427, -33.2560793400282], [-70.8740467698198, -33.2562721860086], [-70.8742286786649, -33.2565032954513], [-70.8744533978477, -33.2566521253833], [-70.8746605718101, -33.2567479022401], [-70.8748852909929, -33.2569062976817], [-70.8749892990594, -33.257041100838], [-70.8750933773067, -33.2571952703225], [-70.8751372403577, -33.2573544278757], [-70.8750602519306, -33.257485004929], [-70.8749573667582, -33.257581954597], [-70.874768439825, -33.2577129421131], [-70.874579442711, -33.2577585412158], [-70.874379146475, -33.2578542581737], [-70.8742875604245, -33.2580237432472], [-70.8742193446076, -33.25817843917], [-70.8740737894592, -33.2583624189795], [-70.8738936351363, -33.2585272082215], [-70.8736531252551, -33.2586632999574], [-70.8734296693282, -33.2587702835233], [-70.8732061432204, -33.2588579594801], [-70.8729996710668, -33.258921515691], [-70.8726898224747, -33.2589806704608], [-70.8724142221527, -33.2589864216168], [-70.8722939321217, -33.2590544378109], [-70.8721222696854, -33.2591999770303], [-70.8720108224454, -33.2593017369695], [-70.8720113137116, -33.2594127103321], [-70.8719171309685, -33.2595144113386], [-70.8717109395385, -33.2596359477006], [-70.8715050288319, -33.2598104762028], [-70.8715055200981, -33.2599360027076], [-70.871541171986, -33.2601723840604], [-70.8714819393219, -33.2603995513368], [-70.8713790541495, -33.2605060633024], [-70.8712152519719, -33.26049221382], [-70.8710600820428, -33.2604541277321], [-70.8709049121136, -33.260425724537], [-70.8707840606356, -33.2603827089369], [-70.8706037659508, -33.260508880146], [-70.870475054214, -33.2606252509183], [-70.8701654863454, -33.2607470791552], [-70.8699933326429, -33.2607621609628], [-70.8699846302136, -33.2607619849105], [-70.8698467949622, -33.2607578770255], [-70.8697008889094, -33.260859811202], [-70.8697994228671, -33.2611066357791], [-70.8699006236983, -33.2613363827081], [-70.8698907983749, -33.2615215882217], [-70.8698549359444, -33.2617766266038], [-70.8698179506198, -33.2619455759181], [-70.8697411727354, -33.2621003235793], [-70.8696554116981, -33.2621971507591], [-70.8693628276028, -33.2622706806609], [-70.8692166408265, -33.2623001982337], [-70.8690529790107, -33.2622959730549], [-70.8688632800878, -33.2622869945493], [-70.8686393328947, -33.2622781334088], [-70.8684241583118, -33.2623175097281], [-70.8681832273454, -33.2623908634797], [-70.8679146451116, -33.2624365188236], [-70.8678648166857, -33.2624450278503], [-70.8675892865446, -33.2624750735105], [-70.8673310910814, -33.2625339324595], [-70.8671418834246, -33.2625925566375], [-70.8669526757679, -33.2626656167441], [-70.8669227787124, -33.2626815197793], [-70.866694831209, -33.2628017607155], [-70.8664374779163, -33.2630150720716], [-70.8661886866911, -33.263233253547], [-70.86597365247, -33.2633305489297], [-70.8658708374785, -33.2634467985784], [-70.8658370804744, -33.2636061794708], [-70.8658724516388, -33.263779878492], [-70.8659223502456, -33.2639616752734], [-70.8660304288032, -33.2641110206354], [-70.8661088208479, -33.2642733930831], [-70.8661430691181, -33.2644742603518], [-70.8660575186235, -33.2646768289204], [-70.8658683811476, -33.2647694868663], [-70.8656013428932, -33.2647801668766], [-70.8653598504798, -33.2647134461318], [-70.8651439039072, -33.2646779438678], [-70.8648599520603, -33.2647073432643], [-70.8646077921528, -33.2648244126194], [-70.8645060298745, -33.2649643675071], [-70.8644054606713, -33.2651079017209], [-70.8643979513169, -33.2653541274842], [-70.8643645452173, -33.2655763520946], [-70.8642964697622, -33.2657745170545], [-70.8642283241262, -33.2659244461228], [-70.8640307649445, -33.26605547981], [-70.8637466727359, -33.2661144537072], [-70.8636616836884, -33.2663416642106], [-70.8638005014721, -33.2665486881421], [-70.8639217038546, -33.2666979117204], [-70.8641293690832, -33.2668805826274], [-70.8643109972047, -33.2670489352709], [-70.8645102407274, -33.267284710578], [-70.8646575503979, -33.2675033508242], [-70.8647689976378, -33.2677400637746], [-70.8647560141747, -33.2679636906157], [-70.8647727874054, -33.2681768133277], [-70.864704852312, -33.2683798427404], [-70.8646025285867, -33.2686071060288], [-70.8644134612918, -33.26869952509], [-70.8640775755926, -33.2687538615845], [-70.8637246359391, -33.2687841397892], [-70.8633541510653, -33.2687998656743], [-70.8630007903266, -33.2687770396685], [-70.8627250496429, -33.2687539202632], [-70.862518156404, -33.2687256371245], [-70.8623114035269, -33.2687167766373], [-70.862173848999, -33.2687800909601], [-70.8619329180326, -33.2688532632482], [-70.8616141564685, -33.2688495664942], [-70.8613728044168, -33.268811894801], [-70.8612071775363, -33.2688269165373], [-70.8610505338086, -33.2689330661549], [-70.8609607022802, -33.2691367979507], [-70.8608753623282, -33.2693205786445], [-70.8607641958118, -33.2694898654355], [-70.8607130339491, -33.2696108011363], [-70.8604383459787, -33.2698145313509], [-70.8602663326379, -33.2699068317784], [-70.86012877811, -33.2699605220649], [-70.8599307978431, -33.2699997775649], [-70.8596551273403, -33.2699910932406], [-70.8596343537994, -33.2699866337224], [-70.8594567259881, -33.2699483757407], [-70.8594370051604, -33.2699443269656], [-70.8589358434851, -33.2721526418666], [-70.8585742014023, -33.2721677803811], [-70.8585391811424, -33.2721597417129], [-70.8577727357348, -33.2721617367109], [-70.8572417471848, -33.2721034123384], [-70.8566540524825, -33.2720269568897], [-70.8561681200585, -33.2719679283086], [-70.8554588018885, -33.2720069482002], [-70.8544829367302, -33.2722298013217], [-70.8533140741476, -33.2723892835382], [-70.8527522761907, -33.2724734252525], [-70.8522535006653, -33.2723388219413], [-70.8522834679018, -33.2721584508318], [-70.8520633806572, -33.2718776837408], [-70.8516276275635, -33.2715243912031], [-70.8511906813948, -33.2711142978068], [-70.8507977386389, -33.2706562043655], [-70.8503910404302, -33.2700752372658], [-70.8498933176181, -33.2694577684504], [-70.8495294297471, -33.2691149695668], [-70.849498129074, -33.2690694937493], [-70.8489417350448, -33.2686316924426], [-70.8477287988686, -33.2678847670124], [-70.8466207831104, -33.267151038145], [-70.845979821119, -33.266648679117], [-70.8452634848608, -33.2660591766824], [-70.8438106002505, -33.2649113196432], [-70.842744201755, -33.2641593157607], [-70.8408134555221, -33.2627670205499], [-70.8393326389209, -33.2617871896132], [-70.8386619904166, -33.2613646682397], [-70.8385014867405, -33.2612258225755], [-70.8382969796515, -33.2609905590677], [-70.8376037329034, -33.2599946873136], [-70.8372371079781, -33.259541171653], [-70.8369572266223, -33.2592187562667], [-70.8366909603577, -33.2590461631948], [-70.8364053943505, -33.2589533231218], [-70.8359527276644, -33.2589070204189], [-70.8353113445877, -33.2588811988756], [-70.8347428092661, -33.258818992399], [-70.8344995623306, -33.2587431708602], [-70.8343295140545, -33.2586485699005], [-70.8342010830413, -33.2585357176291], [-70.8340059801905, -33.2582473949654], [-70.8338211939293, -33.2579500337127], [-70.8337541010065, -33.2577568393192], [-70.8337508025051, -33.2575980346163], [-70.833911446543, -33.2572426302884], [-70.8340324383828, -33.2570533663304], [-70.8340177705786, -33.2570365819719], [-70.8343860096642, -33.2563265889213], [-70.8345127563363, -33.255856973882], [-70.834545530808, -33.255415174275], [-70.8346636452317, -33.2545308641002], [-70.8346956477137, -33.2540537859601], [-70.8345630058475, -33.2537380408454], [-70.8344316272372, -33.253484035397], [-70.8341829061929, -33.2531435213895], [-70.8339793114555, -33.2529523118045], [-70.8336064404317, -33.2527018841307], [-70.8332553254812, -33.2524864347656], [-70.8326709292804, -33.2521685124631], [-70.8320230193817, -33.2518250001353], [-70.8317032051043, -33.2516002755531], [-70.8314558174968, -33.2513214965402], [-70.8313565817303, -33.2511785852698], [-70.8313537043141, -33.2512159711154], [-70.8313137012116, -33.2520077021446], [-70.8313137713925, -33.2520214355921], [-70.8313208596615, -33.2520240766394], [-70.8313194560439, -33.2520247809187], [-70.8310339602177, -33.2526017598119], [-70.8309903077093, -33.252689911475], [-70.8126064257816, -33.2459702343808], [-70.8126054432493, -33.2459697061348], [-70.8126045308978, -33.2459695887468], [-70.8109138734607, -33.24534338015], [-70.8109105749593, -33.2453470778988], [-70.8098384918124, -33.2450818960873], [-70.8098157532068, -33.2450765548783], [-70.8095859108196, -33.2450127538183], [-70.8095405037893, -33.2449989605747], [-70.8070750494196, -33.2451482209629], [-70.8058153025954, -33.2452542819646], [-70.8058103197528, -33.2452545754371], [-70.8058092670396, -33.245254810215], [-70.8047740288555, -33.2453319934305], [-70.8036060786244, -33.2454297783036], [-70.8036013765054, -33.2454300130811], [-70.8036003237921, -33.2454302478586], [-70.8025578569773, -33.2455080178622], [-70.8011908035851, -33.2456139023447], [-70.8003745999324, -33.2456873288146], [-70.7984653992302, -33.2458644090241], [-70.7984647676022, -33.2458644090241], [-70.7984645570596, -33.2458644677182], [-70.7974068609934, -33.2459612541975], [-70.7974022290552, -33.2459614889735], [-70.7974010359803, -33.2459617237496], [-70.7930508038551, -33.2463191695494], [-70.7929605512414, -33.2463268584332], [-70.7928389979545, -33.2454451562269], [-70.7928364714428, -33.2454456844761], [-70.7928364714428, -33.2454302478586], [-70.7928171015195, -33.238406480158], [-70.7916038144389, -33.2318095694712], [-70.7916019195551, -33.2317912539731], [-70.7916029020874, -33.2317739951349], [-70.792263304183, -33.2267785336719], [-70.7927899415183, -33.2225665064175], [-70.7928076972814, -33.2224167378007], [-70.7931309504219, -33.22245031981], [-70.7931304591557, -33.2224544294955], [-70.7931306696984, -33.2224544882054], [-70.7946011697099, -33.2226027303055], [-70.7959496251685, -33.2227317154057], [-70.7959498357111, -33.2227317741153], [-70.7959502567964, -33.2227317741153], [-70.7966416086608, -33.222800288199], [-70.7975462402242, -33.2228766693036], [-70.799004177858, -33.222999724348], [-70.7990043182198, -33.2229997830575], [-70.7990046691242, -33.2229997830575], [-70.7999928861176, -33.2230858510342], [-70.8014909672156, -33.223197281345], [-70.8014923006524, -33.2231975748915], [-70.8014956693347, -33.2231976923101], [-70.8027232733151, -33.2233195140095], [-70.8034449433203, -33.2233787515842], [-70.8037100866909, -33.2233991823737], [-70.8037333867436, -33.223396716589], [-70.8037397030229, -33.223396364334], [-70.8037410364597, -33.2233960707882], [-70.80387241507, -33.2233874405412], [-70.804006320192, -33.2233724697025], [-70.8042287234057, -33.223328085554], [-70.804229776119, -33.2233279681356], [-70.8042308990131, -33.2233276745895], [-70.8044500739062, -33.2232865194262], [-70.8044540742165, -33.2232861671708], [-70.8044572323561, -33.2232853452415], [-70.8046710033214, -33.2232537596675], [-70.8046960578961, -33.2232517635528], [-70.8046988651314, -33.2232521745176], [-70.8047013916431, -33.2232517635528], [-70.8047048305063, -33.223251822262], [-70.8047141645636, -33.2232501196936], [-70.804803996092, -33.2227555515026], [-70.8058828867844, -33.2142174688621], [-70.8157633723773, -33.2154245300791], [-70.8157633021965, -33.2154328088245], [-70.8159431757959, -33.2154732043941], [-70.8159737044794, -33.215477138264], [-70.8159738448412, -33.2154528891827], [-70.8161400331688, -33.1998841206282], [-70.8160759580239, -33.1940850761852], [-70.8160539212271, -33.1940039129128], [-70.8160953279472, -33.1927410567343], [-70.8158508879367, -33.1921428924394], [-70.815841202975, -33.1921192829254], [-70.8154858771716, -33.1914651441582], [-70.8147687689237, -33.1908163450281], [-70.8140981906003, -33.190471123436], [-70.813190471078, -33.1902942834715], [-70.812232852949, -33.1898738833448], [-70.8072316931473, -33.1876126857153], [-70.8060546194016, -33.1872979341238], [-70.8015501998797, -33.1853610034677], [-70.799578397831, -33.1841195198734], [-70.7975023771732, -33.1831083235662], [-70.7963919050841, -33.1820488338744], [-70.795433164061, -33.1804151106679], [-70.7937382255901, -33.1773732523514], [-70.7917522470034, -33.1732829712397], [-70.7917364563051, -33.1733110502793], [-70.7916693633823, -33.1734320602632], [-70.7916171488064, -33.1735261659702], [-70.7915576354188, -33.1736083468388], [-70.7914273797026, -33.1737882750907], [-70.7913637958239, -33.1738594708886], [-70.7913155815583, -33.1739135138648], [-70.7911830800539, -33.1740620143932], [-70.7910173128116, -33.1742088698898], [-70.7909031986982, -33.1743100825549], [-70.7908980754938, -33.1743142532426], [-70.7905908235943, -33.1745659039468], [-70.7905550313447, -33.1745952161551], [-70.7900627826413, -33.1749568304869], [-70.7896869640205, -33.1752270416517], [-70.7890136486427, -33.175721584667], [-70.7884464467579, -33.1761356499532], [-70.7881822157387, -33.1763285547185], [-70.7875251121446, -33.1768098749276], [-70.7866253932428, -33.1774571330718], [-70.7858283489708, -33.178046527971], [-70.7857402017836, -33.1781116701378], [-70.7851209958655, -33.178569543605], [-70.7848347982304, -33.1787925174253], [-70.7845124574414, -33.1790580176516], [-70.7844228364556, -33.1791317936778], [-70.7841877305023, -33.1793677473192], [-70.7841496924645, -33.1794113901562], [-70.7840446316848, -33.1795322155011], [-70.7837949281082, -33.1798538086433], [-70.7836820772506, -33.1800024165824], [-70.7836723922889, -33.1800183933894], [-70.7835019229276, -33.1802988093717], [-70.7834754647352, -33.1803422755307], [-70.7831705288048, -33.1810007264653], [-70.7829358439368, -33.1815074542479], [-70.7825389710516, -33.1823919741384], [-70.7822667394119, -33.1830028333164], [-70.7820135969721, -33.1835602385999], [-70.7815000834616, -33.1847163293173], [-70.7809017212654, -33.1860766825434], [-70.7803065172087, -33.1874343129145], [-70.7789091456758, -33.1906066750502], [-70.7769796626987, -33.1949700563631], [-70.7710361842002, -33.2083524339183], [-70.7651969243107, -33.2214669839241], [-70.7623675820702, -33.2276125197799], [-70.7578562848218, -33.2376732081177], [-70.7564701422299, -33.2407725495434], [-70.7532898254006, -33.2478787665329], [-70.7484293782665, -33.259066820391], [-70.7436999588382, -33.2697523326607], [-70.7436869051943, -33.2697776228882], [-70.7437743505727, -33.2698317239999], [-70.7455414349898, -33.2709248878729], [-70.7449898132606, -33.2717024752303], [-70.7450060250443, -33.2717145039571], [-70.7463612880483, -33.272705137267], [-70.746375675129, -33.2727217425865], [-70.7463955363185, -33.2727331257366], [-70.7471216979001, -33.2733966904105], [-70.7471375587794, -33.2734171681861], [-70.7471753862745, -33.2734575369674], [-70.7481384785124, -33.2748288909356], [-70.7481527252313, -33.2748523607801], [-70.7481554622857, -33.2748555292086], [-70.7486651158477, -33.2757436821299], [-70.7488371993693, -33.2758546932755], [-70.7495187259102, -33.2757653328348], [-70.7507238720086, -33.275370573339], [-70.7536526605583, -33.2759807247857], [-70.7555534395548, -33.2769830443267], [-70.7567817453441, -33.2775586849136], [-70.7769536957725, -33.277737284687], [-70.788105016769, -33.2777129355278], [-70.787902966011, -33.2780826899795], [-70.7878973515404, -33.2781085645184], [-70.7878633839938, -33.2781529795252], [-70.7878375574293, -33.2781711679627], [-70.787529603721, -33.278345366064], [-70.7873124640734, -33.2784682256812], [-70.7864319045523, -33.2802506681061], [-70.7864310623818, -33.2802517241837], [-70.7864224301333, -33.2802667439518], [-70.7861300565807, -33.2806897605802], [-70.7861222665028, -33.2806984438404], [-70.7861177749264, -33.2807050736264], [-70.7848312891863, -33.2820893384329], [-70.7848201304262, -33.2821001336642], [-70.7840731953036, -33.2827493118356], [-70.7822193673169, -33.2844190826886], [-70.7822055416832, -33.2844315790087], [-70.7822012606494, -33.2844341017397], [-70.782198523595, -33.2844375631613], [-70.7801896660409, -33.2860354932307], [-70.7801877711571, -33.2860365492382], [-70.7801782967381, -33.2860437066224], [-70.7790516128654, -33.2867863113766], [-70.7790477529169, -33.2867882473738], [-70.7790429806169, -33.2867916500354], [-70.7777454764784, -33.2875354804127], [-70.7762453601348, -33.2884556529999], [-70.7737535177537, -33.2900594932642], [-70.7737196905688, -33.2900762126113], [-70.7736666338224, -33.2900870655191], [-70.7731671564882, -33.2901161043739], [-70.7736900742368, -33.2905914602537], [-70.7737076194572, -33.2905959187194], [-70.7738493146571, -33.2907109001244], [-70.7738561222026, -33.2907191717401], [-70.7738651053554, -33.2907242755025], [-70.7743055605682, -33.2911100486831], [-70.7745095763909, -33.2912755974173], [-70.7745572292095, -33.291319243098], [-70.7748176002801, -33.2915879803357], [-70.7748361982137, -33.2916137335442], [-70.774862726587, -33.2916414226346], [-70.7750176859735, -33.2918533142815], [-70.7750560749157, -33.2919152625728], [-70.7750602857686, -33.2919314535962], [-70.7750693391023, -33.29194318622], [-70.7751400814309, -33.2921063868533], [-70.7752991814895, -33.2924734405052], [-70.7754083127603, -33.2926491939526], [-70.7758202043543, -33.2930689241345], [-70.7766190733292, -33.2937983288461], [-70.7769691355665, -33.2940110951807], [-70.7773991338279, -33.2941354579483], [-70.7774088889704, -33.2941405028492], [-70.77742159171, -33.2941424386833], [-70.7778659770521, -33.2942881540661], [-70.7786357911421, -33.2945124755003], [-70.7793419511724, -33.2946114958661], [-70.7794144480231, -33.2946283903249], [-70.7794343092126, -33.2946310300838], [-70.7802151417009, -33.294853356157], [-70.7802268619082, -33.2948593395949], [-70.7802421613403, -33.2948616860411], [-70.7802910774148, -33.2948800469799], [-70.781208902984, -33.2952680895603], [-70.7815623339036, -33.2953939757166], [-70.7819408895788, -33.2954656005177], [-70.7819962622943, -33.2954799137386], [-70.7820058068942, -33.2954812042749], [-70.7821856804937, -33.2955339402607], [-70.782479457664, -33.2955805755052], [-70.7825863431466, -33.2956065621778], [-70.7827434079596, -33.2956838768827], [-70.7830489755179, -33.295893588275], [-70.783085680119, -33.295920982705], [-70.7830931894733, -33.2959300750728], [-70.7831029446159, -33.2959356478139], [-70.7833694214232, -33.2961706998424], [-70.7835961758515, -33.2963612281994], [-70.7838298781872, -33.2964845317357], [-70.7838771801013, -33.296554865121], [-70.7840216825365, -33.2966471372745], [-70.7840745287403, -33.296685266235], [-70.7840789501359, -33.2966906042882], [-70.7840850558726, -33.2966939479037], [-70.7845449511895, -33.2970863232304], [-70.7845995519154, -33.2971543097461], [-70.7846593460265, -33.297224701251], [-70.7850220408224, -33.2978781663435], [-70.7851989668249, -33.2981968607838], [-70.7851998089955, -33.2981984445743], [-70.7853248011455, -33.2982956423323], [-70.785678933874, -33.2984267447492], [-70.7856897417297, -33.2984307335445], [-70.7856959878282, -33.2984343117283], [-70.7857402719644, -33.2984519093516], [-70.7865826530859, -33.2988485001811], [-70.7865858814065, -33.2988505532276], [-70.7865922678667, -33.2988531342003], [-70.7868614817284, -33.2989854676052], [-70.7868655522196, -33.2989881072323], [-70.7868719386798, -33.2989908055176], [-70.7877758684344, -33.2994565517805], [-70.7882659415305, -33.2996400926662], [-70.7884357792638, -33.2997364089497], [-70.7884555000916, -33.2997523638902], [-70.7888128611405, -33.3000423678876], [-70.78894416957, -33.3002013886831], [-70.7889906293136, -33.3003537222387], [-70.7890903563463, -33.3012669554458], [-70.7890901458036, -33.3012684805238], [-70.7890907072507, -33.3012705335133], [-70.7892825817809, -33.3031785610889], [-70.7893379544965, -33.3037289244699], [-70.7893344454524, -33.3037492191632], [-70.7893400599229, -33.303772153334], [-70.7893348665377, -33.3051626214859], [-70.789374939821, -33.3053310762586], [-70.7895288464943, -33.3055146634361], [-70.7895875878922, -33.3056025270668], [-70.7895889915098, -33.305608040536], [-70.7895925707348, -33.3056124395803], [-70.7899069109034, -33.3062581582263], [-70.790230093863, -33.3066504905286], [-70.7909979428883, -33.3073755000246], [-70.791004610072, -33.3073842979347], [-70.7910297348276, -33.3074082868984], [-70.7916109728888, -33.3080615583904], [-70.7916794694292, -33.308160739332], [-70.7916828381115, -33.3081738187736], [-70.7916904878276, -33.3081835550382], [-70.7918119709336, -33.308454293143], [-70.791814707988, -33.3084664341085], [-70.7918344288157, -33.3085164642529], [-70.7922973419106, -33.3101835132474], [-70.7922995876988, -33.3101988211174], [-70.7923040792752, -33.3102114896975], [-70.7924796718409, -33.3110625090785], [-70.7925841711736, -33.3113894836477], [-70.7925859958765, -33.3114005098539], [-70.7925913296235, -33.3114144099098], [-70.7926968114885, -33.311829181866], [-70.7928869314967, -33.3122819566922], [-70.7932188870665, -33.3127835838802], [-70.7935153311103, -33.3130839840485], [-70.7935262793278, -33.313098880867], [-70.7935489477525, -33.3131215193345], [-70.7937748600103, -33.3134004529226], [-70.7938281974803, -33.3134817399609], [-70.7938475674036, -33.3135246120985], [-70.7940065972813, -33.3139309873051], [-70.7940069481857, -33.3139328054032], [-70.7940093343356, -33.3139380837524], [-70.7942178417348, -33.3144994636876], [-70.7942445104698, -33.3146385765017], [-70.7942424050433, -33.3146486052837], [-70.7942445104698, -33.3146576370513], [-70.7942327200817, -33.3151239447672], [-70.7943185512999, -33.3156377542167], [-70.7943213585351, -33.3156676056257], [-70.7943229025145, -33.3156730598113], [-70.7943845213285, -33.3164347657359], [-70.7944278931133, -33.3168272868324], [-70.7949723563926, -33.3173569793155], [-70.7963440417229, -33.3191070177], [-70.7970086546714, -33.3202637795892], [-70.7976481428643, -33.3208604809238], [-70.7986357984106, -33.3211432602181], [-70.800022291907, -33.3215917057161], [-70.8010076314842, -33.3217601873894], [-70.8021438599569, -33.3219721231494], [-70.8023595959868, -33.322517852427], [-70.802409284051, -33.3236150476281], [-70.8026945693346, -33.3248916705146], [-70.8029081999381, -33.3253345258624], [-70.8027480471663, -33.3261717344644], [-70.8022844322627, -33.3268419294879], [-70.801891349145, -33.3276254101962], [-70.8018987883184, -33.3286545205481], [-70.8018808220127, -33.3297755626534], [-70.8016336449478, -33.3310257673543], [-70.8008301440347, -33.331746704126], [-70.8002259568253, -33.3322130376825], [-70.7996814233652, -33.3329301533191], [-70.799670264605, -33.3339000384288], [-70.7995848544721, -33.3341396202586], [-70.7993527662967, -33.3348845712981], [-70.8718856197527, -33.3569234436736], [-70.8717449070852, -33.3576419385465], [-70.8717438543719, -33.3576472142478], [-70.871740836594, -33.3576656791994], [-70.8714310581828, -33.3595709480639], [-70.8711098402878, -33.3617840862096], [-70.8708839982109, -33.3636308845188], [-70.8702266840741, -33.3659851775394], [-70.8702662660913, -33.3664547272913], [-70.8703667651137, -33.3683955568456], [-70.8704403146776, -33.3704543256629], [-70.8704499996393, -33.3722851741102], [-70.8708037112824, -33.3736530983391], [-70.8711908290252, -33.375206082384], [-70.8712728002948, -33.3755692696478], [-70.8712923807608, -33.3755720241686], [-70.8713050835003, -33.3756071296497], [-70.8713123121312, -33.3756064849748], [-70.8719627485416, -33.3754588543161], [-70.8731033282289, -33.3750371180327], [-70.8739459900739, -33.3745577099353], [-70.8752408273389, -33.3744136525603], [-70.8764304634624, -33.3745512631091], [-70.8769568200742, -33.3748855597193], [-70.8783795970863, -33.3755174025906], [-70.879166184407, -33.3758788889625], [-70.8803909109713, -33.3759225508821], [-70.8812078164328, -33.3759724250748]], [[-70.8543839816872, -33.3095628091115], [-70.8523507011863, -33.3094679699633], [-70.852110261486, -33.3077105238148], [-70.8502277996997, -33.3076590855469], [-70.8497750628326, -33.3064388694373], [-70.8497639040725, -33.3064456732276], [-70.8492338278739, -33.3058492251454], [-70.8538781880737, -33.3030096915687], [-70.855635096263, -33.301874462278], [-70.8561763312217, -33.3024834312795], [-70.8561630670351, -33.3024919950591], [-70.8581550109967, -33.3046564927063], [-70.8574133394403, -33.3077097026796], [-70.8543839816872, -33.3095628091115]]]}, "properties": {"COMUNA": "Lampa", "SECTOR": "-", "NOMBRE": "Areas de Interes Agropecuario Exclusivo", "UPREF": "Conservación", "UPERM": "Instalación de agroindustrias que procesen productos frescos.", "UPROH": "Todo uso no mencionado como permitido.", "NORMA": "Titulo 8: Área restringida o excluida al desarrollo urbano; Capitulo 8.3. Áreas de valor natural y/o ie interés silvoagropecuario; Art. 8.3.2. Áreas de Interés Silvoagropecuario; Art. 8.3.2.1. De Interés Agropecuario Exclusivo", "SUP_HA": 14254.1}}, {"type": "Feature", "geometry": {"type": "Polygon", "coordinates": [[[-70.8296161711115, -33.3746497356273], [-70.8291722794784, -33.3748346069093], [-70.8292887991334, -33.3751474562926], [-70.8292946174559, -33.3754252468153], [-70.8293032562817, -33.3754778206862], [-70.8292940449323, -33.3755363345264], [-70.8292919969242, -33.3757328417818], [-70.829325290431, -33.3759487758685], [-70.8293565717779, -33.3760689801246], [-70.8294290135843, -33.3762174144347], [-70.8294599073964, -33.3762489990405], [-70.8297671035317, -33.3764435015464], [-70.8301181644495, -33.3766666648439], [-70.8304114082662, -33.3768263725959], [-70.8305389878299, -33.3769025071764], [-70.8308240216109, -33.3770282316597], [-70.8314779919416, -33.3773078128065], [-70.8316644789621, -33.3773781069238], [-70.8317457162402, -33.3774316749646], [-70.8320518712601, -33.3775744092366], [-70.8323294796266, -33.3778464575692], [-70.8323788927724, -33.3782181413465], [-70.8323845797765, -33.3782344782343], [-70.8325734850315, -33.3784438251482], [-70.8326582257831, -33.3785266934802], [-70.8326691089266, -33.3785497973658], [-70.8327760458427, -33.3786683042534], [-70.8327741428764, -33.3788036184932], [-70.8327860470494, -33.379003794518], [-70.8327707716127, -33.3790433268651], [-70.8327703037043, -33.379076606563], [-70.8326917691077, -33.3794259530128], [-70.8327255490997, -33.3795792938287], [-70.832754147737, -33.3796429181096], [-70.8327843580706, -33.3797869293065], [-70.8327764743829, -33.3798104717893], [-70.8327866763005, -33.3798567817972], [-70.8327432303929, -33.3799097585193], [-70.8327331902421, -33.3799397455445], [-70.8326546080544, -33.3800178224381], [-70.8325571323543, -33.3801366817259], [-70.8324939860618, -33.380226266568], [-70.8324117337231, -33.3804026079565], [-70.8324594389916, -33.3806300252805], [-70.8325005556133, -33.380696082664], [-70.8325509458614, -33.3807559583132], [-70.8327164121923, -33.3808675595922], [-70.8329460947089, -33.3810162264922], [-70.8332120159583, -33.3811643575568], [-70.8333951247454, -33.3812528880384], [-70.8335713631552, -33.3812786535648], [-70.8338142646447, -33.3813607384436], [-70.8342360440318, -33.381368102446], [-70.8345781530614, -33.3814862998903], [-70.8348612584275, -33.381671504104], [-70.8350100283277, -33.3817688274531], [-70.8355658674461, -33.3819126645536], [-70.8358934569416, -33.3819762446393], [-70.8363435143541, -33.3822053346741], [-70.8365159142879, -33.3822711520199], [-70.8372575917531, -33.3826327184592], [-70.8373332685416, -33.3827836572405], [-70.8373455267134, -33.3829355359809], [-70.837240647517, -33.3831195605625], [-70.8371357668372, -33.3833035859829], [-70.8371206849382, -33.3834482655824], [-70.8371340632698, -33.3836533491513], [-70.8372475794269, -33.3838797573485], [-70.8373800169998, -33.3841439014122], [-70.8375442696461, -33.384473587528], [-70.8375874973591, -33.3844716821034], [-70.8379437135836, -33.3846601580698], [-70.8381629147576, -33.3847405435272], [-70.8383629017111, -33.3847747283255], [-70.8384903554232, -33.3847965156314], [-70.8388337594092, -33.3849378822494], [-70.8388468985486, -33.3849432912908], [-70.8391217577401, -33.3850414686353], [-70.8391590789049, -33.3850389558248], [-70.8392653157715, -33.3850927459705], [-70.839276082915, -33.385096591241], [-70.8392921382121, -33.3851063262125], [-70.8393052473865, -33.385112963896], [-70.8394347734629, -33.3851785450329], [-70.8396792125653, -33.3853398830622], [-70.8399305543905, -33.3855277248449], [-70.8399320138694, -33.3855297502811], [-70.8401269918834, -33.385482425396], [-70.8404301844715, -33.3853719889164], [-70.8404291972762, -33.3853708997603], [-70.8404200341219, -33.3853607921683], [-70.8406980575347, -33.38530648378], [-70.8406988759984, -33.3853107362353], [-70.8411586540531, -33.385171078795], [-70.8416624115861, -33.38496711086], [-70.8418291364573, -33.3848996038576], [-70.8421540540796, -33.3846963876382], [-70.8425155810984, -33.3844926251454], [-70.8432560361988, -33.3840667981314], [-70.843634062074, -33.3837861256343], [-70.8439222686971, -33.3835789395973], [-70.8441739705321, -33.3833768062743], [-70.8445720834249, -33.3831724842408], [-70.8451849479104, -33.3827665876919], [-70.8457468866309, -33.3825418023011], [-70.8470162065094, -33.3820449530629], [-70.8481071374911, -33.3817536612803], [-70.8482392496523, -33.3817231804955], [-70.848267047401, -33.3816987732517], [-70.8483011921941, -33.3817088886933], [-70.8492353147111, -33.3814933632728], [-70.8500537841406, -33.3812963043867], [-70.8506545982979, -33.3811791221193], [-70.8511631065559, -33.3810182261435], [-70.8516327315973, -33.3807496983393], [-70.8521066717393, -33.3803239972354], [-70.8521891425327, -33.3802499210047], [-70.8527472174938, -33.3798447931851], [-70.8531436170873, -33.3795773531631], [-70.853940098324, -33.3792002276421], [-70.8545738485695, -33.3789112017102], [-70.8554797296699, -33.3785143891687], [-70.85616829744, -33.3782290436214], [-70.8568387365878, -33.3779439656034], [-70.8574352986827, -33.3776284297988], [-70.8580687396825, -33.3773258577829], [-70.8588453609806, -33.3768858705061], [-70.8596617980717, -33.3765805581444], [-70.860495447975, -33.3762479277076], [-70.8604994727217, -33.3762463884218], [-70.8605010739609, -33.3762466277381], [-70.8612955366371, -33.3760630707541], [-70.8613608657294, -33.3760451271871], [-70.8613615368789, -33.3760478215998], [-70.8613749161916, -33.3760447306593], [-70.8613795380146, -33.3760420073517], [-70.8615066908906, -33.3760142834145], [-70.8618785897571, -33.3759283549986], [-70.8618765967406, -33.3759240562919], [-70.8619317399832, -33.375540760096], [-70.8620572975786, -33.3751935918541], [-70.86246832842, -33.3742790591311], [-70.8626554765819, -33.3738512842906], [-70.8628377654416, -33.3734926396995], [-70.8629033097444, -33.373300421347], [-70.8630734911541, -33.3726710421279], [-70.8632095595608, -33.3725202609519], [-70.8637604903328, -33.3719694921894], [-70.8638379034376, -33.3718886488286], [-70.8638686993446, -33.3718483459436], [-70.8639887658339, -33.3715410977429], [-70.8640894878116, -33.3714399834969], [-70.8644841801175, -33.37102236904], [-70.8646209154925, -33.3707547110773], [-70.8647576500623, -33.3704870529819], [-70.8650946899476, -33.3699640608007], [-70.8651849472072, -33.3697435810071], [-70.865327269978, -33.3694413104348], [-70.8654125659699, -33.3689885019166], [-70.8652373577846, -33.3684918011656], [-70.8653317025607, -33.3681663468964], [-70.8650659679403, -33.367580701623], [-70.8650690209893, -33.3669451991686], [-70.8648918412585, -33.3664299349952], [-70.864641504801, -33.3661946541076], [-70.8643487831978, -33.3658272066048], [-70.864169911008, -33.3652322858309], [-70.8638619372466, -33.3644741308145], [-70.8635830955942, -33.3639222108151], [-70.8632818473041, -33.3637109314882], [-70.8628207968027, -33.3634273488567], [-70.8625305001683, -33.3632657030901], [-70.8624280814778, -33.3631012384141], [-70.8621460712212, -33.3623999600864], [-70.8619604836516, -33.3620458389298], [-70.8619297577007, -33.3619964991069], [-70.8615768468412, -33.3616231008089], [-70.861537557561, -33.361519938482], [-70.8614702347791, -33.3612615691669], [-70.8611908042386, -33.3609130050425], [-70.8610792993786, -33.3607412183903], [-70.8605067669136, -33.3610123340047], [-70.8606569612675, -33.3610542502839], [-70.860673872222, -33.3610795987592], [-70.8608368618383, -33.3612752257152], [-70.8606652749401, -33.3613489038257], [-70.860661882088, -33.3613503605883], [-70.8606588611732, -33.3613553558333], [-70.857805475659, -33.3626756779507], [-70.8578004015105, -33.3626777730244], [-70.857799236071, -33.3626785082991], [-70.849579348478, -33.3663343518884], [-70.849578249779, -33.3663345901043], [-70.8495769229163, -33.366335422398], [-70.8455150584989, -33.3681139114677], [-70.8454498030925, -33.3681278532955], [-70.8454222810379, -33.3681451577334], [-70.8407077474568, -33.3702198838729], [-70.836593383808, -33.3720447705539], [-70.836591906229, -33.372045090015], [-70.8365901367105, -33.3720461956568], [-70.8326465272135, -33.3737592162696], [-70.8326453736833, -33.3737594605585], [-70.8326440453153, -33.3737602854832], [-70.8297445167936, -33.3749997077676], [-70.8297357634691, -33.3749575847779], [-70.8296382629019, -33.3747169484542], [-70.8296161711115, -33.3746497356273]]]}, "properties": {"COMUNA": "Lampa", "SECTOR": "I.S.A.M. - 7. Sector El Noviciado", "NOMBRE": "Area de Interes Silvoagropecuario Mixto", "UPREF": "Conservación", "UPERM": "Actividad agropecuaria y agroindustrias, actividades deportivas, recreativas y de esparcimientos y turismo.", "UPROH": "Todo uso no mencionado como permitido.", "NORMA": "Titulo 8: Área restringida o excluida al desarrollo urbano; Capitulo 8.3. Áreas de valor natural y/o ie interés silvoagropecuario; Art. 8.3.2. Áreas de Interés Silvoagropecuario; Art. 8.3.2.2. De Interés Silvoagropecuario Mixto", "SUP_HA": 454.35}}, {"type": "Feature", "geometry": {"type": "Polygon", "coordinates": [[[-70.8382878316764, -33.2277801463996], [-70.8382164502226, -33.2276476674873], [-70.8381426033877, -33.2274063791414], [-70.8381606840074, -33.2271157274145], [-70.8382311424389, -33.2259830405001], [-70.8382817262761, -33.2250077556212], [-70.8383584334435, -33.2235845913641], [-70.8384339196254, -33.2226686032871], [-70.8387302672736, -33.2193030603819], [-70.8387926737229, -33.2183275988697], [-70.8388500859943, -33.2171135491109], [-70.8389287118621, -33.2166174629513], [-70.8388203704881, -33.216258780575], [-70.8385333770274, -33.2155470350056], [-70.8383499446033, -33.2152613622141], [-70.8382804135435, -33.2147651751599], [-70.8382418734928, -33.2135842454659], [-70.838978946041, -33.2114624553384], [-70.8389860325438, -33.2114538121478], [-70.8397752027833, -33.2106286657829], [-70.8400022498267, -33.2102678705417], [-70.8402233374233, -33.209272405406], [-70.8404320624037, -33.2080367768647], [-70.8407474622304, -33.2062942282852], [-70.8409770234425, -33.2053541008827], [-70.8412122060292, -33.2039824995402], [-70.8414635868511, -33.2026846107699], [-70.8417684251702, -33.2011394218986], [-70.8418999309505, -33.2003257075421], [-70.8420421666023, -33.1997909792502], [-70.8422305402156, -33.1987044730472], [-70.8424420584198, -33.197604378719], [-70.8427216851901, -33.1962567670215], [-70.843054012314, -33.1945880065261], [-70.8431669183827, -33.1937992650685], [-70.8433439663406, -33.1931321840166], [-70.8435163002682, -33.1922022582169], [-70.8436882165844, -33.1913122808926], [-70.8440050573511, -33.1896436530568], [-70.8442036910654, -33.188630024289], [-70.8442345215636, -33.1886042442245], [-70.8444063883696, -33.187361073325], [-70.844235404926, -33.1870690371619], [-70.8440062499159, -33.1869511397174], [-70.8436957790206, -33.1868864294219], [-70.8433820422161, -33.1866658173078], [-70.842822907842, -33.1865354784033], [-70.8422869159993, -33.1865260867672], [-70.8416703318698, -33.1866045254324], [-70.8414672215968, -33.1867461529683], [-70.8413476027759, -33.1869385276859], [-70.8410403957583, -33.1870297119131], [-70.8407733042895, -33.1870683191469], [-70.840551402112, -33.187296861305], [-70.8401867378879, -33.1875968256272], [-70.8398806150931, -33.1877399747887], [-70.8395126860218, -33.1878840359469], [-70.8392076474303, -33.1880791503358], [-70.839045008452, -33.1881855197206], [-70.8389587365189, -33.1882956437692], [-70.8389363055139, -33.1883000650114], [-70.8389047809234, -33.1883781976547], [-70.8387067293668, -33.188762333722], [-70.8384877135307, -33.1891294515902], [-70.838286402042, -33.1893576865501], [-70.8380023193119, -33.1895698152473], [-70.8375530574972, -33.1897670558442], [-70.8371648769021, -33.1899287378322], [-70.8369006681225, -33.1901059154133], [-70.8367799498702, -33.1902463192733], [-70.8366617628152, -33.1905079799677], [-70.8364188765805, -33.1907194971075], [-70.8362363493019, -33.1908608126081], [-70.8360111720669, -33.1909334466154], [-70.8355637058431, -33.1912172918757], [-70.8348863586189, -33.1913485768143], [-70.8343109380998, -33.191426371833], [-70.8337149130797, -33.1915044687424], [-70.8334275628265, -33.1915606857742], [-70.8330585247653, -33.1916527616954], [-70.8321935825345, -33.1916828295468], [-70.8315982758104, -33.1917955601889], [-70.8313723696467, -33.1918335413428], [-70.8307138102693, -33.1918778880938], [-70.8299905587931, -33.1917845615545], [-70.8294346516949, -33.1918100642028], [-70.8290019986021, -33.191816425145], [-70.8287146437951, -33.1918726314259], [-70.8282671481251, -33.1921564522766], [-70.8277986880619, -33.1924232509448], [-70.827239896142, -33.1923101640509], [-70.8267439934423, -33.1922481352916], [-70.8264765187704, -33.1922693892745], [-70.8262140786776, -33.1925331579114], [-70.8260145249417, -33.1928479861967], [-70.8256284640699, -33.1931135676627], [-70.8252597697214, -33.1932229433232], [-70.8244334974077, -33.1931310956956], [-70.8239603493929, -33.1931726882936], [-70.8235443409069, -33.1929881810852], [-70.8232199193236, -33.1927499029134], [-70.8232093088711, -33.1927331744002], [-70.8226462127873, -33.1924121968011], [-70.8223133386389, -33.1922611229643], [-70.8220411969347, -33.1920571750056], [-70.8216067472745, -33.1919768972259], [-70.8208448079893, -33.1920053783502], [-70.8203464010543, -33.1918220658594], [-70.8196647214527, -33.1917453976509], [-70.8190470017638, -33.191771757783], [-70.8185536130463, -33.1918309532938], [-70.8185417640533, -33.1918347373721], [-70.8180417690556, -33.1919943835855], [-70.8173256849323, -33.1922474342046], [-70.816728562066, -33.192273482087], [-70.815964471556, -33.1921979976502], [-70.8158508598686, -33.1921429153456], [-70.8160953166119, -33.1927410675552], [-70.816053918981, -33.194003922777], [-70.8160759537167, -33.1940850677092], [-70.8161400204821, -33.1998841471468], [-70.8159738402442, -33.2154528856313], [-70.815924939074, -33.2238827570341], [-70.8159305162533, -33.2238831111861], [-70.8159327148146, -33.2245025475497], [-70.8159653760583, -33.2245178318338], [-70.8163801628143, -33.224535703914], [-70.8163765530957, -33.2247275716249], [-70.8163704557982, -33.225059240143], [-70.816373675464, -33.2250689778988], [-70.8209725473415, -33.2250916094203], [-70.8209742079096, -33.2251717264006], [-70.8215869397616, -33.2252909801815], [-70.8224699032484, -33.2255665530447], [-70.8233914937592, -33.2258356553061], [-70.825501460341, -33.2264517302564], [-70.8261339372568, -33.2266027266864], [-70.8267182164009, -33.2271871906283], [-70.8271048515374, -33.2274379618126], [-70.8277196064523, -33.2276533243046], [-70.8278721281825, -33.2276510827507], [-70.8283641571559, -33.227467540002], [-70.8306653375273, -33.2280748165134], [-70.8312924893605, -33.2279694142721], [-70.8320163015903, -33.2279266971912], [-70.8367784911357, -33.2278426968549], [-70.8375639519912, -33.2278288249769], [-70.8382878316764, -33.2277801463996]]]}, "properties": {"COMUNA": "Lampa", "SECTOR": "Humedal Laguna Batuco", "NOMBRE": "Areas de Humedales", "UPREF": "Conservación", "UPERM": "Según  Dec. Nº 771, de 1981, del Ministerio de Relaciones Exteriores, que aprueba la “Convención sobre Zonas Húmedas de Importancia Internacional, especialmente como Hábitat de Aves Acuáticas", "UPROH": "Todo uso no mencionado como permitido.", "NORMA": "Titulo 8: Área restringida o excluida al desarrollo urbano; Capitulo 8.3. Áreas de valor natural y/o ie interés silvoagropecuario; Art. 8.3.1. Áreas de Valor Natural; Art. 8.3.1.5. Áreas de Humedales", "SUP_HA": 900.86}}, {"type": "Feature", "geometry": {"type": "Polygon", "coordinates": [[[-70.9143207829167, -33.263916524048], [-70.914773678062, -33.2643278648067], [-70.9148108594216, -33.2643305745643], [-70.915260194445, -33.2643613422239], [-70.9158506672596, -33.2646914667654], [-70.9164656281074, -33.2651154395742], [-70.9167641625911, -33.2654312148096], [-70.9169692893028, -33.2655788173047], [-70.9172628847216, -33.2656685175746], [-70.9174414687501, -33.265628071233], [-70.9175457728466, -33.2652683911457], [-70.9177414261445, -33.2649826845571], [-70.9185217942061, -33.2647633367944], [-70.9191215154095, -33.2644902363069], [-70.9194297022517, -33.2642216353405], [-70.9198080493917, -33.2640838710767], [-70.9206382052009, -33.2640898909803], [-70.921128676359, -33.2639503892321], [-70.9214634067845, -33.2638698313288], [-70.9218184981979, -33.2636947290673], [-70.9221100286861, -33.263690220302], [-70.9222624644173, -33.2634805590266], [-70.922483413459, -33.2633263750959], [-70.9231071898773, -33.2631282666043], [-70.9241175639401, -33.2631691664341], [-70.9244551812724, -33.263220476833], [-70.9247010317826, -33.2631789778194], [-70.9249166016184, -33.2627798776933], [-70.925384219465, -33.26262186759], [-70.9255598984135, -33.2624495338304], [-70.9257289589015, -33.2619757699783], [-70.9259893706005, -33.2615759724529], [-70.9260288431578, -33.2613303655887], [-70.9257714184008, -33.2608443635568], [-70.9255127562053, -33.2603018428953], [-70.9255460265933, -33.2597736454231], [-70.9261399005954, -33.2592367606321], [-70.9265605810388, -33.2589852451397], [-70.9275912608998, -33.2589315743696], [-70.9277912932167, -33.2589284714166], [-70.9279007731424, -33.2588678483875], [-70.9281295578597, -33.2588599018027], [-70.9281277821004, -33.2588478687379], [-70.9284844957286, -33.258748105677], [-70.9286605751057, -33.258594607223], [-70.9286311103167, -33.2582746863197], [-70.9290530212837, -33.2580796806419], [-70.9293852356378, -33.2578860666919], [-70.9299001534941, -33.2578403811867], [-70.9299217484041, -33.2578023544956], [-70.9298939379705, -33.2575577911092], [-70.9297054320114, -33.2571461100552], [-70.9298321003645, -33.2567860732823], [-70.9298890107154, -33.256314045095], [-70.9298375348464, -33.25601331098], [-70.9294638476805, -33.2553406639836], [-70.9294082307386, -33.2548515366695], [-70.929191512392, -33.2541764513414], [-70.929187369718, -33.2539880574842], [-70.9289565160857, -33.2536901072847], [-70.9289059380423, -33.2534699286803], [-70.928925909514, -33.2534421059102], [-70.9288523865406, -33.2531690475807], [-70.9286629246162, -33.2529970675452], [-70.9285355435517, -33.2528335785768], [-70.9283645148168, -33.2527322257194], [-70.928060360967, -33.2527180335368], [-70.927922651343, -33.2527104713217], [-70.9278967047887, -33.2527201279333], [-70.9275617585835, -33.2526810012382], [-70.9271452829685, -33.2525323356209], [-70.9267439538338, -33.2522726310109], [-70.9263297855335, -33.2518284532047], [-70.9261397125088, -33.2515802461222], [-70.9261299517702, -33.251536076754], [-70.9258677886121, -33.2512077306331], [-70.92579553538, -33.2511202087018], [-70.9255667082645, -33.2511089799411], [-70.9253896402633, -33.2510526276457], [-70.9249528448338, -33.25077869298], [-70.9245526624882, -33.2505706704045], [-70.9237427601302, -33.2503173060648], [-70.9233796519564, -33.2500992108803], [-70.9207208482646, -33.2486997710902], [-70.9177383383908, -33.2468135573299], [-70.9173995589958, -33.2461840223357], [-70.9173987891079, -33.2461856754832], [-70.9173920205792, -33.2461865265565], [-70.9139930914192, -33.2482061406229], [-70.9120871396958, -33.2492775907825], [-70.9118123189615, -33.2494602987194], [-70.9092344173047, -33.2511740956796], [-70.9083208604468, -33.2519407665159], [-70.907954584241, -33.2525253460012], [-70.9073184261196, -33.2533745955004], [-70.9063716589073, -33.2543711187963], [-70.9070228004753, -33.2552016672971], [-70.9085680941009, -33.2579737862244], [-70.9091177946938, -33.2580421081039], [-70.9093584694137, -33.2581746247588], [-70.9094178738429, -33.258248379468], [-70.9098750358593, -33.2588159728761], [-70.9101727043866, -33.2590838262188], [-70.9108394031694, -33.2599181013766], [-70.910954969845, -33.2602613989652], [-70.9113538514337, -33.2607093109401], [-70.9114240241059, -33.26095341558], [-70.9114001125874, -33.2613442620022], [-70.9113672494428, -33.2623164226226], [-70.9114460538196, -33.2624605049463], [-70.9116511617004, -33.2624482695647], [-70.9119098624098, -33.2624515329673], [-70.9119115452528, -33.2624644731368], [-70.9120301489903, -33.2624787639063], [-70.9123462813197, -33.262601032488], [-70.9134980977731, -33.2633733416554], [-70.9141897517238, -33.2638621400012], [-70.9142048864605, -33.2638792674263], [-70.9143207829167, -33.263916524048]]]}, "properties": {"COMUNA": "Lampa", "SECTOR": "P. E. D. C. 4 Pangallillo", "NOMBRE": "Areas de Proteccion Ecologica con Desarrollo Controlado", "UPREF": "Conservación", "UPERM": "Act. silvoagropecuaria y/o agropecuaria, residencial, forestación, reforestación con especies nativas y exóticas, explotación ganadero-pastoral extensiva, equip. de deporte, cientídico, turismo, esparcimiento, salud, culto y áreas v", "UPROH": "Todo uso no mencionado como permitido.", "NORMA": "Titulo 8: Área restringida o excluida al desarrollo urbano; Capitulo 8.3. Áreas de valor natural y/o ie interés silvoagropecuario; Art. 8.3.1. Áreas de Valor Natural; Art. 8.3.1.2. Áreas de Protección Ecológica con Desarrollo Controlado", "SUP_HA": 281.72}}, {"type": "Feature", "geometry": {"type": "Polygon", "coordinates": [[[-70.9008791871627, -33.3256070991346], [-70.9010804171316, -33.3254449623814], [-70.9013224334666, -33.3251537982553], [-70.9015616644312, -33.3250572055463], [-70.9017191756846, -33.324930293009], [-70.9018486200432, -33.3247650817524], [-70.9022757293658, -33.3243539445425], [-70.9026415460803, -33.3242905408956], [-70.902870129297, -33.3242485058636], [-70.9030052683402, -33.3241308361413], [-70.9032050439944, -33.3238195114333], [-70.9032450641931, -33.3235491684763], [-70.9033781074791, -33.323335199252], [-70.9036521522713, -33.3232731992543], [-70.9040183822742, -33.3232290511974], [-70.9044542754962, -33.3232223664342], [-70.9049343751569, -33.3231379367278], [-70.9052288436584, -33.3229600211111], [-70.905405667815, -33.3226490460329], [-70.9054448422652, -33.3223401827842], [-70.9056008191653, -33.3221258585061], [-70.9059853716639, -33.3218694935268], [-70.9061196639959, -33.3217133008665], [-70.9061163075704, -33.3215592208423], [-70.9064124473797, -33.3214583430983], [-70.9066660593851, -33.3215122482137], [-70.9071791615631, -33.3218896969474], [-70.9074573959337, -33.3220202884685], [-70.907733532186, -33.3220545786176], [-70.9080980750201, -33.3219333792904], [-70.9084834577942, -33.3217155266066], [-70.9086615277846, -33.3214623273799], [-70.9088646384423, -33.3213050741651], [-70.9096663187675, -33.3212349489976], [-70.9102619479328, -33.3211872541437], [-70.9105126184946, -33.3211063328801], [-70.9108137964848, -33.3212365629721], [-70.9109285535453, -33.3215211897549], [-70.9109447788776, -33.3215156384628], [-70.9109478495738, -33.3215331887575], [-70.9109464064439, -33.3215355258604], [-70.9109724893931, -33.3216769897185], [-70.9109998945319, -33.3217339191994], [-70.9110517203996, -33.321844163696], [-70.9111670511919, -33.3219339071207], [-70.9111996830613, -33.3219639107098], [-70.9112893522117, -33.3221431260041], [-70.9112883338479, -33.3221713596066], [-70.9112472385125, -33.3224526473356], [-70.9113200560036, -33.3227399995232], [-70.9113604001272, -33.3228194566878], [-70.9115523752238, -33.3229785644102], [-70.9118463105831, -33.3231396768765], [-70.9121185680105, -33.3232570320726], [-70.912351874635, -33.3234107361389], [-70.9124757796938, -33.3234946261655], [-70.912321853801, -33.3237257915488], [-70.912263977884, -33.3238866603437], [-70.9122613396752, -33.3242531307694], [-70.912354971643, -33.324478100467], [-70.9124420626741, -33.3245661320895], [-70.9125685674881, -33.324671431013], [-70.9128125934753, -33.3247957735478], [-70.912979980274, -33.3248587787172], [-70.9132656212702, -33.324952433433], [-70.9136923473293, -33.3250619609074], [-70.9137965573739, -33.3250841035834], [-70.9141455965266, -33.3252344071418], [-70.9143766463564, -33.3253073677718], [-70.9147418272761, -33.325333401271], [-70.9150836863684, -33.3252991038286], [-70.9153656130173, -33.3252551744097], [-70.9155316265912, -33.3252288651062], [-70.9161513212085, -33.3252509682692], [-70.9165489471072, -33.3252514287739], [-70.9170388311858, -33.3252306731551], [-70.9172909358374, -33.3251885190697], [-70.9175434831772, -33.3250949033698], [-70.9177576885696, -33.3249728534108], [-70.9179907092524, -33.3247053840054], [-70.9183918404849, -33.3241490164928], [-70.9186228137658, -33.323931712531], [-70.9189485105252, -33.3237340544621], [-70.9190586953301, -33.3236703420939], [-70.9194283392689, -33.3233268742958], [-70.9195536924899, -33.3231666142163], [-70.9198532638402, -33.3229244990942], [-70.920037293795, -33.322788399342], [-70.9201718973816, -33.3226200788418], [-70.9202504652343, -33.3224763741784], [-70.920346131487, -33.3223957331798], [-70.9204520926217, -33.3223545142161], [-70.9205260884537, -33.3223268951981], [-70.9205269279609, -33.3223202639885], [-70.9206542816159, -33.3222352171508], [-70.9208445257487, -33.3223139758728], [-70.9210364545276, -33.3224743209977], [-70.9210857520614, -33.3225246194763], [-70.9211941285934, -33.3226351957407], [-70.9213521189657, -33.3228104038094], [-70.9214046526305, -33.3229004507097], [-70.9214409661541, -33.3229626939126], [-70.921529602404, -33.3231004684144], [-70.9216960818813, -33.3232708553505], [-70.9218035838719, -33.3234899495313], [-70.9218630070544, -33.3236142350979], [-70.9219380161893, -33.3237711207366], [-70.9220810413556, -33.3240473792931], [-70.9220819618853, -33.3240493336488], [-70.9221707336698, -33.3242379817062], [-70.9222645794743, -33.3244132389507], [-70.922277818381, -33.3244379639505], [-70.9223843803992, -33.3246091871425], [-70.9223977121607, -33.3246277199159], [-70.9224903076466, -33.324756432499], [-70.9226049288643, -33.3249082315489], [-70.9227534939183, -33.3250452575758], [-70.9229614542484, -33.3251477270041], [-70.9231511798315, -33.3252025033618], [-70.9233662563543, -33.3252425483589], [-70.9235987233495, -33.3252918816445], [-70.9237881348983, -33.3253274538017], [-70.9240196530293, -33.3253336062681], [-70.9242768381408, -33.3253345802011], [-70.9245440895731, -33.3254073611307], [-70.9248695773736, -33.3253978064985], [-70.925144258977, -33.3254177163939], [-70.9250975672185, -33.3256391075756], [-70.9250437625915, -33.3259326618005], [-70.9251704238751, -33.3260353704723], [-70.9252356008315, -33.3260882219563], [-70.9255110235701, -33.326141665981], [-70.9257864475057, -33.3261951986452], [-70.9260734478134, -33.3262620229323], [-70.9260965500326, -33.3262674017742], [-70.92641460985, -33.3263106225924], [-70.9267065832121, -33.3263351303572], [-70.9270154206342, -33.3263449471479], [-70.9272638213535, -33.3263380604095], [-70.9273923465233, -33.326334497425], [-70.9277860327916, -33.3263046684923], [-70.9280939176905, -33.3262760812784], [-70.9282814299583, -33.3262252839297], [-70.9284855950843, -33.3261502410689], [-70.9286738478897, -33.3261330691712], [-70.9289149084267, -33.3261870383751], [-70.9292256470513, -33.3262879907303], [-70.9295282200364, -33.3264082772171], [-70.9298302639418, -33.3265045827561], [-70.9301735683538, -33.3265234149485], [-70.9304986364295, -33.3264946439554], [-70.930857429752, -33.3264364914779], [-70.9311818594979, -33.3263740018393], [-70.9315566692657, -33.3262628429049], [-70.9319810084468, -33.3260645212155], [-70.9324484047354, -33.3258751780833], [-70.932797334901, -33.3257548592681], [-70.9330338413648, -33.3255929136795], [-70.933152944018, -33.325547954282], [-70.9334155409052, -33.3254000312972], [-70.9336608500556, -33.3252475966006], [-70.9338729630461, -33.3251436542884], [-70.934051984095, -33.3250977600221], [-70.9342428832421, -33.3250984696233], [-70.9343090601972, -33.3250987157643], [-70.9345660335082, -33.3250901136505], [-70.9347447389267, -33.3250251054629], [-70.9349399829119, -33.3249405420248], [-70.9350622703263, -33.3248993511668], [-70.9351187933872, -33.3248803120353], [-70.9352979198841, -33.3248391938118], [-70.9355206345273, -33.3248359030949], [-70.9357948925489, -33.3248318076083], [-70.9360261976798, -33.3248283820721], [-70.9362921821658, -33.3248387537561], [-70.9363973501671, -33.3248552271412], [-70.9365157444003, -33.3248737729946], [-70.9367395229955, -33.3249136589921], [-70.9370146294063, -33.3249527439673], [-70.9373233543789, -33.3249625360215], [-70.9375896586128, -33.3249873284778], [-70.9379243680976, -33.3250062725124], [-70.9382412605904, -33.324996817886], [-70.9385069261086, -33.3249927603291], [-70.9387713194931, -33.3249312792983], [-70.9389494863759, -33.3248469753434], [-70.9391195971946, -33.3247820960234], [-70.939325235482, -33.3247789749515], [-70.9394819894373, -33.3248966445192], [-70.9394833832654, -33.3249045241841], [-70.9395209211932, -33.3251167932604], [-70.9396460783027, -33.3253548933883], [-70.9397527791713, -33.3255356576575], [-70.9398849321426, -33.3257064653104], [-70.9401052245779, -33.3259862732651], [-70.9404195899672, -33.3262599224644], [-70.9407038243218, -33.3263228439445], [-70.9408510763544, -33.3264816913222], [-70.9408880570207, -33.3265216935962], [-70.9410629564827, -33.3266822719541], [-70.941253333264, -33.3267657770279], [-70.9415133921668, -33.3269058163155], [-70.9416835398874, -33.3269973923254], [-70.9417909558928, -33.3270552303955], [-70.9420588643774, -33.3271568190534], [-70.9422996169935, -33.3271915597376], [-70.9425675251317, -33.3272979276327], [-70.9428441320521, -33.3274041579329], [-70.9430936905557, -33.3274484083585], [-70.9432734561354, -33.3274409051117], [-70.9434357223494, -33.3274096889523], [-70.9436503842815, -33.3274304969685], [-70.9438249690759, -33.327576648567], [-70.943830189977, -33.3278213107472], [-70.9438688160686, -33.3280223447651], [-70.9440610105683, -33.3281922077439], [-70.9442288181191, -33.3284248556108], [-70.9443632227252, -33.3286963520315], [-70.944556486364, -33.3289142624523], [-70.9447374278138, -33.3289594928964], [-70.9448832616871, -33.3289621686469], [-70.9450728994649, -33.3290120427375], [-70.9453497279383, -33.329132692298], [-70.9455843502418, -33.3292827702914], [-70.9455831170319, -33.3296234839077], [-70.945809577033, -33.3297928963808], [-70.9460171469247, -33.329876124449], [-70.9462427531804, -33.3300071344545], [-70.9464939196971, -33.330128093386], [-70.946709869445, -33.330201630009], [-70.9468480739509, -33.3302523978189], [-70.947158740397, -33.3303485261473], [-70.9473928322172, -33.3304745304022], [-70.9476189778533, -33.3306247373119], [-70.9478111842419, -33.3307945939604], [-70.9480980030428, -33.330977484639], [-70.948314810221, -33.3310941993723], [-70.9485895124442, -33.3311140565242], [-70.9487204092092, -33.331222470529], [-70.9488512009547, -33.3313261065938], [-70.9489642744581, -33.3314011636152], [-70.9491811902301, -33.3315226545179], [-70.9493451707063, -33.3315777942731], [-70.9494824167112, -33.3315805091653], [-70.9496461834612, -33.3316212233713], [-70.9497930894111, -33.3316766297186], [-70.949864874053, -33.3317933652787], [-70.9500065903379, -33.3320303823035], [-70.9500850083435, -33.3321314127305], [-70.9502151967031, -33.3322319907024], [-70.9505351880245, -33.3323507789214], [-70.9508637688872, -33.3324549117652], [-70.9509681822848, -33.3325702321936], [-70.9509518656314, -33.3326863674071], [-70.9509191169193, -33.3328942924574], [-70.9511095678859, -33.3329945529075], [-70.9512654324847, -33.3330709192292], [-70.9514470718505, -33.333137321387], [-70.9517406390798, -33.3331934872047], [-70.9520857608408, -33.3332106054103], [-70.9521992041808, -33.3333789878203], [-70.9522522794045, -33.3335429086183], [-70.9524600273845, -33.3336430762181], [-70.952547040387, -33.3337294511574], [-70.9526689692391, -33.3338784917325], [-70.9527991656424, -33.3339888050497], [-70.952998212475, -33.3340696301017], [-70.9533086421431, -33.334072502207], [-70.9536017755627, -33.3340753742407], [-70.9538433532383, -33.334088346111], [-70.9540504506138, -33.3341111484887], [-70.9543096499206, -33.3341674873687], [-70.9543367338651, -33.3343218966812], [-70.9541390985265, -33.3344004872002], [-70.9539501669365, -33.3344984179858], [-70.9538044136258, -33.3345911601521], [-70.9537104354984, -33.3346980579248], [-70.9536771532599, -33.3348480967422], [-70.953592201499, -33.3349984074725], [-70.9534639605596, -33.3351297404296], [-70.9532669754139, -33.3353001205798], [-70.9530528031298, -33.3354658100915], [-70.9528480924263, -33.3357328917668], [-70.9529791611379, -33.3359495118471], [-70.9529974334219, -33.3360750227384], [-70.9529641482688, -33.3362201918054], [-70.953055453177, -33.336316768253], [-70.9530592298233, -33.3363290560162], [-70.9530615043153, -33.3363287253558], [-70.9532417248632, -33.3363653305539], [-70.9534039850261, -33.3363627778163], [-70.95361385692, -33.3363881586286], [-70.9537642675909, -33.3364288175828], [-70.9537742485487, -33.336493198194], [-70.9536778798275, -33.3365771805747], [-70.9535379300014, -33.3366224083635], [-70.953423759306, -33.3366744013629], [-70.9532429493616, -33.3368027376422], [-70.9532307698569, -33.336820887291], [-70.9532356753139, -33.3368298387391], [-70.9531851692903, -33.3368932835302], [-70.9531689693533, -33.336932978619], [-70.9531660018464, -33.3369716079512], [-70.953155263556, -33.3369768394694], [-70.9531706971077, -33.3370667530188], [-70.9532231038826, -33.3372021270864], [-70.953322077842, -33.3373693380905], [-70.9534882487697, -33.3375443733741], [-70.9536122382507, -33.3377259950387], [-70.9535943861796, -33.3378743183948], [-70.953647851814, -33.3380570487691], [-70.9538529888524, -33.3383972787439], [-70.9539462143128, -33.3387807208326], [-70.9539621412435, -33.3394620557627], [-70.9539371054968, -33.3396045702003], [-70.9538953191305, -33.340007902947], [-70.9539691608988, -33.3402815066357], [-70.954206800883, -33.3408130858506], [-70.954260332062, -33.3409354145284], [-70.954219956205, -33.34114923065], [-70.9541941364996, -33.3412692526489], [-70.9541976938562, -33.3412713708434], [-70.9541906542955, -33.3413533983561], [-70.9542201340259, -33.3414097815735], [-70.9543818186418, -33.341573043819], [-70.9545810936905, -33.3416504409123], [-70.9545988296427, -33.3417480759319], [-70.9546068380726, -33.3417921559505], [-70.9545812726862, -33.3419109926776], [-70.9546247904116, -33.3420903260409], [-70.954638049429, -33.3421049822098], [-70.9546353655181, -33.3421044987291], [-70.9546833656282, -33.3423372297593], [-70.9545304394842, -33.3430221180655], [-70.9549328406439, -33.3434629245667], [-70.9553182624008, -33.3443982059296], [-70.9558956917635, -33.3451421902834], [-70.955998409473, -33.3452573088905], [-70.9564133870743, -33.3457223771593], [-70.956870290114, -33.3460917158173], [-70.9572732441571, -33.3465560380673], [-70.957306019963, -33.3466510655477], [-70.9573439655019, -33.3466802069842], [-70.9575439234243, -33.3468866271619], [-70.9576576105527, -33.3470694282598], [-70.9577624906283, -33.3472427191134], [-70.9578680257442, -33.3474932818629], [-70.9579911879237, -33.3477872125022], [-70.958011221085, -33.3481252433918], [-70.9580048200787, -33.3484007471505], [-70.9580041245935, -33.3484327865451], [-70.9579985272582, -33.3486906785308], [-70.9580009356104, -33.3489805619319], [-70.9580103124734, -33.3491083798255], [-70.9580204234881, -33.3492461886481], [-70.9582022722826, -33.3495216987682], [-70.9582026726837, -33.3495214417579], [-70.9582007908277, -33.3495349043158], [-70.9582717842054, -33.349519298242], [-70.9584881176552, -33.3492475480171], [-70.9586952567749, -33.3491859456468], [-70.9589448676291, -33.3491586733808], [-70.9591596301689, -33.3488169454804], [-70.9594708804355, -33.3484386944572], [-70.959700057557, -33.3481200725158], [-70.9599756271298, -33.3480107199129], [-70.9602941929835, -33.3479590218939], [-70.9609483564316, -33.3479953570236], [-70.9618820141715, -33.348097271345], [-70.9624092817087, -33.348053935668], [-70.9625131207903, -33.3477256237895], [-70.962784496685, -33.3474296627184], [-70.9629355208531, -33.3473456062688], [-70.9632396609503, -33.3472707954066], [-70.9634724737499, -33.3477337851969], [-70.9634786714155, -33.3477516875242], [-70.9636358574553, -33.347936907739], [-70.9638142834028, -33.3481471559845], [-70.963969217601, -33.3485256809002], [-70.9641109735039, -33.3488720078653], [-70.963946598139, -33.3497337241572], [-70.9639353673657, -33.3497926020386], [-70.9639313395729, -33.3497978852413], [-70.9635540264209, -33.350292843951], [-70.9635640658876, -33.3507398261896], [-70.9633768274024, -33.3511428615961], [-70.9632369187882, -33.3516141926412], [-70.9631943416175, -33.3517576252509], [-70.9630319619138, -33.3520190642446], [-70.963266767844, -33.3524679817005], [-70.9633249611409, -33.3525792394667], [-70.963197481303, -33.3531460657559], [-70.963149341247, -33.353499832586], [-70.9629356489851, -33.3539738875243], [-70.9628560149294, -33.3540020909847], [-70.9626574365256, -33.3540724223209], [-70.9623871459288, -33.3545238367354], [-70.9619142855351, -33.3546960480067], [-70.9615551387961, -33.3549370623575], [-70.9611501604765, -33.3552278564453], [-70.9610859698343, -33.3552739486027], [-70.9607003684579, -33.3555859794509], [-70.9603137091855, -33.3558509585617], [-70.959757266429, -33.3560480163742], [-70.9593394050531, -33.3561722823808], [-70.9589388314367, -33.3565581715774], [-70.9588178444417, -33.3566747237768], [-70.9585718687459, -33.3569610101014], [-70.9583248384344, -33.3572002461986], [-70.9579630364659, -33.3573236232047], [-70.9575430577073, -33.357353781193], [-70.9572294074177, -33.3573095319737], [-70.9570929380853, -33.3572902792916], [-70.9564709317742, -33.357064748718], [-70.9558738025325, -33.3566976200457], [-70.955437553585, -33.3563597316655], [-70.9551888949923, -33.3561671353949], [-70.9549027731506, -33.355912770759], [-70.9544167395527, -33.3554968175867], [-70.954160758745, -33.3553361121538], [-70.9538080013498, -33.3551726451945], [-70.95331030358, -33.3549258921043], [-70.9532273510832, -33.3548828065705], [-70.9532195558859, -33.3548641785755], [-70.9530450425504, -33.3547857348372], [-70.9527372070427, -33.3546165999272], [-70.9523823113361, -33.3545061977709], [-70.9521160843977, -33.3544175559771], [-70.9521160580123, -33.3544182029667], [-70.9521060005735, -33.3544132146926], [-70.9521047024216, -33.3544125849265], [-70.9521046290702, -33.3544124760632], [-70.9519860857014, -33.3543486674413], [-70.9519241933543, -33.3542858471651], [-70.9518337787312, -33.354169433614], [-70.9517306437499, -33.3540662506928], [-70.9516240186241, -33.3539857265205], [-70.9514970945934, -33.3539262920405], [-70.9513193438266, -33.3538471743655], [-70.9512225739606, -33.3537883134244], [-70.9512194024955, -33.3537844883379], [-70.9512150527856, -33.3537820831359], [-70.9512134733747, -33.3537807426714], [-70.9510124245425, -33.3538769167905], [-70.9508736591329, -33.3539704398166], [-70.9507238902892, -33.3541447293336], [-70.9506084478233, -33.3541357979387], [-70.9500395504883, -33.3541769761405], [-70.9496743816246, -33.3541665931499], [-70.9492598066708, -33.3542375814026], [-70.9490835960511, -33.3543746737687], [-70.948895541865, -33.3545549369231], [-70.9487968501537, -33.3547230494315], [-70.9488006582189, -33.3547424193629], [-70.9487962241106, -33.3547393607098], [-70.9487559513176, -33.3548644699845], [-70.9487282836404, -33.3549977543632], [-70.9485963225288, -33.3550341098578], [-70.9484891221737, -33.3550357927126], [-70.9483404151037, -33.3550081284311], [-70.9482066398075, -33.3549630886016], [-70.9480315490135, -33.3548972689766], [-70.9478868013436, -33.3548181171744], [-70.9477268347561, -33.3547434883571], [-70.9476461571826, -33.3547215497192], [-70.9476450199127, -33.3547180596448], [-70.9475092083851, -33.3546895310012], [-70.947175438951, -33.3546517831409], [-70.9468806698082, -33.3546402884699], [-70.9464966556635, -33.3546463119345], [-70.946191400333, -33.354651098461], [-70.9461821489923, -33.3546415196307], [-70.9461619092914, -33.3546394725046], [-70.9458660235266, -33.3546526827349], [-70.9456578710019, -33.3547073714328], [-70.9455061582043, -33.3547740318466], [-70.9453189973697, -33.354854104298], [-70.9452597137129, -33.3548914688752], [-70.9452454513009, -33.3548767499095], [-70.9451893894832, -33.3548817270616], [-70.9450624609618, -33.354932074024], [-70.9449471361812, -33.3549285083245], [-70.9447815663026, -33.3549687139732], [-70.944597153608, -33.355025333008], [-70.9444133380267, -33.3551088082296], [-70.9442164831437, -33.3551817418219], [-70.9438522643164, -33.3552143119965], [-70.9436103675004, -33.3552772035029], [-70.943458313859, -33.3553494334799], [-70.9433684703143, -33.3553400945497], [-70.9431132951187, -33.3553817008797], [-70.9430675066151, -33.3553824176686], [-70.9430671219135, -33.3553804352668], [-70.9430532086686, -33.3553824277683], [-70.9428404239388, -33.3554586124026], [-70.9426285919112, -33.3555776361417], [-70.9423801672995, -33.3556586630418], [-70.9422494212124, -33.3557057682046], [-70.9422494024631, -33.3557066170727], [-70.9420822283637, -33.3557335078491], [-70.941766285513, -33.3556524859134], [-70.9413535405525, -33.3558251428415], [-70.9411659512914, -33.355988546615], [-70.9409806522059, -33.3562550734188], [-70.9408125256187, -33.356372324034], [-70.940506205966, -33.3564172308207], [-70.9398958172735, -33.3563006895902], [-70.9390014602183, -33.356005188402], [-70.9386848845903, -33.3558955125849], [-70.9383704683074, -33.3558832305899], [-70.9382346930669, -33.355919736631], [-70.9381213048783, -33.356041859709], [-70.9380478607296, -33.3561175106855], [-70.9379654306457, -33.3560958735451], [-70.9378307662998, -33.355874465172], [-70.937750464116, -33.3556407445405], [-70.93759001775, -33.3554885108597], [-70.9374083305747, -33.35530222179], [-70.9372827807734, -33.3551838296998], [-70.9371830159213, -33.3549962616415], [-70.9370550559311, -33.3547690159635], [-70.9368325375144, -33.3545890948818], [-70.9365018068708, -33.3544567099983], [-70.9361664088983, -33.3544218245505], [-70.9358661593833, -33.3544322392885], [-70.9357182545963, -33.354537705174], [-70.9356139253441, -33.3547094820099], [-70.9356105912815, -33.3547044966507], [-70.9355064386309, -33.3549495448835], [-70.9354269564581, -33.3551226682496], [-70.9353882791436, -33.3552572832283], [-70.9353644386226, -33.3552780478337], [-70.9352605231585, -33.3552884081068], [-70.9351804482234, -33.3552780028249], [-70.9349364375785, -33.3551840528434], [-70.9349314455399, -33.355173584329], [-70.9348409526235, -33.3551391374129], [-70.9346024637615, -33.35508160119], [-70.9343106074942, -33.3550861505725], [-70.9334801321136, -33.3550761211142], [-70.9331586388432, -33.3551844934575], [-70.9329144156939, -33.3552801766417], [-70.9327597045244, -33.3552978989064], [-70.9323926827917, -33.3552040772909], [-70.9321340933397, -33.3550626272901], [-70.9319417164657, -33.3550273392163], [-70.9316756996197, -33.3549625696395], [-70.9314370439206, -33.3548973737394], [-70.9312699992806, -33.3547698105498], [-70.9310286392332, -33.3545821497045], [-70.9308440312077, -33.3544854854718], [-70.930614836364, -33.3544354539438], [-70.930414862667, -33.3544691913165], [-70.930326023724, -33.3545777659737], [-70.9302756954072, -33.3547776216058], [-70.9302248598667, -33.3549545149033], [-70.9302562778967, -33.3551377852298], [-70.9302527352121, -33.3553905098115], [-70.9303491807947, -33.355626366275], [-70.93039107267, -33.3558707272107], [-70.9305824449063, -33.3562735528014], [-70.9306692652266, -33.3564865884633], [-70.9309055676866, -33.356858087367], [-70.9309457700154, -33.3570259085149], [-70.9309395242246, -33.3571561679845], [-70.9307591383744, -33.3572508539374], [-70.9303150943083, -33.3573879245284], [-70.9300555748469, -33.3574111023815], [-70.929483837497, -33.3575501546624], [-70.9288377810716, -33.3576291066164], [-70.928400995549, -33.3576818338757], [-70.9281354782014, -33.3576400192814], [-70.9278071293021, -33.3576451204154], [-70.9272885920299, -33.3577144266538], [-70.9268700463952, -33.3577668653253], [-70.9264312343917, -33.3577277380972], [-70.9262310815107, -33.3577538146352], [-70.9258358504329, -33.3576221280928], [-70.9254490652225, -33.3574596828902], [-70.9251161650329, -33.3572581173096], [-70.924536066779, -33.3572250026203], [-70.9243259516246, -33.3572129471313], [-70.9239962558043, -33.3571568053882], [-70.923558120302, -33.3571482837832], [-70.923405425477, -33.3572578432462], [-70.9233441060909, -33.357373643688], [-70.9232783818477, -33.3577038978556], [-70.9232282042474, -33.3579114056114], [-70.9231417115484, -33.3581271321636], [-70.9230114660187, -33.3584277595016], [-70.9230026734045, -33.3584505133574], [-70.9230070044722, -33.3584162425112], [-70.9228501520659, -33.3585604220862], [-70.9227435629111, -33.3586922367353], [-70.9226270112644, -33.3587859222035], [-70.9224722911825, -33.3588036319287], [-70.9221517106009, -33.3587473442058], [-70.9221445303206, -33.3587489694962], [-70.9221476879819, -33.3587609621121], [-70.9221246851215, -33.3587630768165], [-70.9219334813674, -33.3587813508546], [-70.9216527502464, -33.3588775775656], [-70.9211818245621, -33.3590380013925], [-70.920746035258, -33.3591366269642], [-70.920574754038, -33.3592311574849], [-70.9203848227699, -33.3593665439836], [-70.9203787611003, -33.3593592683929], [-70.9201698575709, -33.359490092006], [-70.9199511211429, -33.3595011328207], [-70.9195852700706, -33.3594608528504], [-70.919274649323, -33.3594426862062], [-70.9192585404314, -33.3594466849195], [-70.9192592409521, -33.3594471682649], [-70.9188576016299, -33.3595639856568], [-70.9186201186867, -33.3595523437007], [-70.9172414936026, -33.3595123949321], [-70.916682925901, -33.3594214864239], [-70.9164005081449, -33.3594411605054], [-70.9162447784117, -33.359412938475], [-70.9162377559474, -33.3594166233717], [-70.9162372885589, -33.3594128034131], [-70.9160165842249, -33.3594088051625], [-70.9157534159505, -33.3594741211436], [-70.9155762570878, -33.3593007521842], [-70.9153151092392, -33.359055212419], [-70.9153106189157, -33.3590340500845], [-70.9152241689585, -33.358954690555], [-70.9143125358861, -33.3583391935225], [-70.9138385098387, -33.3581647297359], [-70.9134872201026, -33.3580460069343], [-70.9131128651803, -33.3578389687547], [-70.9126448038584, -33.357695442406], [-70.9124343239454, -33.3577341546353], [-70.9122576659608, -33.3578698825951], [-70.9119137469927, -33.3580879903796], [-70.911652391236, -33.3582161557668], [-70.9109495253967, -33.3584486569149], [-70.9100369469148, -33.358755318711], [-70.909219042076, -33.359042783134], [-70.9086667542265, -33.3593970942793], [-70.9080184270016, -33.3597085440188], [-70.907388938901, -33.3601571404156], [-70.9067094923696, -33.3604956626102], [-70.9064888259737, -33.3605522559418], [-70.9060962495811, -33.3604784818452], [-70.9056084113019, -33.3603973027435], [-70.9051447920239, -33.3604576226831], [-70.9047040373802, -33.3605973945651], [-70.9041394202528, -33.3608720715891], [-70.9035953461457, -33.3611198292114], [-70.903156901721, -33.3613659648454], [-70.9026537238556, -33.3615510222159], [-70.9023147327743, -33.3615118838223], [-70.9019928179476, -33.3612862727196], [-70.9017976636362, -33.3611200761139], [-70.9017605422499, -33.3611439362781], [-70.9017183172999, -33.3611200852994], [-70.9015311642021, -33.3611091130009], [-70.9013557055553, -33.3611302542853], [-70.9012142231396, -33.3611970058262], [-70.9009481460489, -33.3613487039677], [-70.9009142690106, -33.361307704516], [-70.9008397161216, -33.3611658372151], [-70.9008417017217, -33.3610043453172], [-70.9008785660717, -33.3609299694069], [-70.9010449172963, -33.3607428932652], [-70.9011525222435, -33.3606351416366], [-70.9011537166987, -33.360625384033], [-70.9011428906165, -33.3606323430273], [-70.9013189950523, -33.3604276233593], [-70.9015734307608, -33.3599803696611], [-70.9016924730819, -33.3596238618598], [-70.9016820800954, -33.3593890431576], [-70.9015270612812, -33.3590633360265], [-70.9015456807943, -33.3589477788369], [-70.9014284799415, -33.3584175482993], [-70.9013103592449, -33.35833068674], [-70.9011286682675, -33.3582359323842], [-70.9011154060324, -33.3581119962738], [-70.9011768556855, -33.3580223840455], [-70.9014222652713, -33.3576462062368], [-70.901521144695, -33.3573343429122], [-70.9017594592951, -33.3571178806313], [-70.9020160066264, -33.3567681328996], [-70.9020935632873, -33.3564477285956], [-70.9020042404058, -33.3562274206987], [-70.9017660758646, -33.3559650568422], [-70.9013491191561, -33.3557409004736], [-70.9008309532228, -33.3554783911425], [-70.9004906374295, -33.355377197416], [-70.9000005211299, -33.3551896247338], [-70.8997907777728, -33.3547760815187], [-70.899585659134, -33.3545752775586], [-70.8993866745708, -33.3541704361992], [-70.8991512194325, -33.3540321648867], [-70.898517063069, -33.3535364417429], [-70.897890419701, -33.3533864175948], [-70.8974786804655, -33.3534015794794], [-70.8971176369623, -33.3533184276606], [-70.896620437867, -33.3532905571789], [-70.895829222544, -33.3533469802912], [-70.8947295841123, -33.353310568916], [-70.8939018794503, -33.3531458595594], [-70.8933897027204, -33.3529142611059], [-70.8927932225781, -33.3526928132853], [-70.8923807174239, -33.352672502449], [-70.8919157845163, -33.3526707230195], [-70.8915349659853, -33.3526499255173], [-70.8912292346342, -33.3526811858206], [-70.8909672869343, -33.3527827150776], [-70.8908017403134, -33.3529448456953], [-70.8907765465636, -33.3530426318823], [-70.8907046397801, -33.3530006936867], [-70.8902719292101, -33.3524424649704], [-70.8898117009307, -33.3519081875663], [-70.8896323650717, -33.3515607124127], [-70.8896068241689, -33.3515112267355], [-70.8894829006181, -33.3512054398937], [-70.8894712413099, -33.3511766689565], [-70.8894540146874, -33.3511757831827], [-70.8894239878876, -33.3511702045257], [-70.8894103012469, -33.3511683468411], [-70.888771232581, -33.3509793326745], [-70.8885823314025, -33.3511016228812], [-70.8883285821904, -33.3513153201275], [-70.8882155637153, -33.3514849087136], [-70.8881693498177, -33.3516604762724], [-70.888165397643, -33.3518633781712], [-70.8882714189636, -33.3521415480905], [-70.8885058914732, -33.3525786379351], [-70.8885864662561, -33.3528362108673], [-70.8885993064501, -33.3534305529968], [-70.8884847513898, -33.3539149201065], [-70.8883880688766, -33.3544549722518], [-70.8883974334512, -33.3548884930372], [-70.8883622688528, -33.3551897933731], [-70.8882933230522, -33.3554706247198], [-70.8882696625856, -33.3559186364355], [-70.8882490350965, -33.3563141429996], [-70.8882396213948, -33.3566500247792], [-70.8881546136467, -33.3569590784245], [-70.888050978212, -33.3571774859777], [-70.8880392983927, -33.357408484231], [-70.888039098788, -33.3574819300173], [-70.8880409597071, -33.3574853988559], [-70.8880236664624, -33.3578423842077], [-70.8879995757548, -33.3578847181887], [-70.8878597151491, -33.3579318827323], [-70.8878539577784, -33.3579461311213], [-70.8878424705872, -33.3579430647999], [-70.887817473675, -33.3579434449877], [-70.887669305304, -33.3580296335224], [-70.887455535677, -33.3581657812969], [-70.8873729676519, -33.358202009187], [-70.8871981407454, -33.358211662633], [-70.8868134964157, -33.3581545598824], [-70.8864223313955, -33.3581814892379], [-70.886098881299, -33.3582563511721], [-70.8858086087852, -33.3583237130096], [-70.8855074385804, -33.3582723322283], [-70.8853068600649, -33.3582474009264], [-70.8851914144035, -33.3583051114453], [-70.8851183173337, -33.3583347804672], [-70.8851166298248, -33.3583345644164], [-70.8850270299748, -33.3584125260553], [-70.8849536984684, -33.3584905805519], [-70.8849208217049, -33.3585120636083], [-70.8847032761116, -33.3584733995099], [-70.8844933089558, -33.3583996475904], [-70.8841898782183, -33.3582433798831], [-70.8841064252402, -33.3581912597172], [-70.8840965651856, -33.3581678563941], [-70.8837596562691, -33.3580051005714], [-70.8833847035568, -33.3580107914096], [-70.8831427653579, -33.3580004736446], [-70.8829029369658, -33.3580880471748], [-70.8826073421565, -33.3582953736628], [-70.882503087766, -33.3584858081404], [-70.8824743598984, -33.3585783140852], [-70.8824485261506, -33.3586614993978], [-70.8824207697146, -33.3589207192847], [-70.8824233297193, -33.3590395880247], [-70.8824919462109, -33.3591294768354], [-70.8825360899232, -33.3591829229396], [-70.8825599615012, -33.3591913957314], [-70.8827808217447, -33.3593838932242], [-70.8831211993235, -33.3597074740915], [-70.8831185673969, -33.3599024921832], [-70.883130756417, -33.3599136878621], [-70.8831226604833, -33.360162098254], [-70.8832730524997, -33.3605655008452], [-70.8834531586238, -33.3608005820344], [-70.8838268756041, -33.3611236548145], [-70.8840004608653, -33.3614427692264], [-70.8840417788244, -33.3615321858897], [-70.8840440840283, -33.3615330364564], [-70.8842537159717, -33.3619775050345], [-70.8843917125672, -33.3621922411081], [-70.8843859431908, -33.362311236158], [-70.8842886254287, -33.3624171888509], [-70.8842715469325, -33.3624178918141], [-70.8840750290904, -33.3625817501471], [-70.8839615364831, -33.362730358459], [-70.8839553143188, -33.3628283765901], [-70.8840609644244, -33.3633112735749], [-70.8840743440783, -33.3633231833238], [-70.8840662716308, -33.3637219957388], [-70.884146996137, -33.3639865632164], [-70.884223047542, -33.3640343704817], [-70.8843993943644, -33.3640946435196], [-70.8845824163542, -33.3640778750595], [-70.8850908717393, -33.3640771476159], [-70.8853250966216, -33.3641155564519], [-70.8854509953467, -33.3641556114396], [-70.8854543142781, -33.3643094407506], [-70.885407183054, -33.3644430536119], [-70.885405101677, -33.364489741166], [-70.8853999064819, -33.364492125966], [-70.8854041060955, -33.3645120873283], [-70.8854026677675, -33.3645443472867], [-70.8854113307721, -33.3645464349903], [-70.8854277716624, -33.3646245995188], [-70.8853088136139, -33.364906188918], [-70.8853059117087, -33.3651580363396], [-70.885402854221, -33.3654013727184], [-70.8855142006621, -33.3655395722774], [-70.8855247012769, -33.3655496679067], [-70.885520660755, -33.3655697075555], [-70.8855316214633, -33.3655742799426], [-70.8857091804612, -33.3656904895966], [-70.8860114318777, -33.3657908146866], [-70.886311571889, -33.3657932475282], [-70.8867108016753, -33.3657522057991], [-70.8868020116117, -33.365729835427], [-70.8869447296785, -33.3657766274082], [-70.8871913708253, -33.3660036966737], [-70.8874886159711, -33.3662579738438], [-70.8879837415981, -33.3664113166027], [-70.8881688816811, -33.3664924349873], [-70.8883087096796, -33.3667910724308], [-70.8885647479402, -33.3670669584839], [-70.888666257303, -33.3671353583316], [-70.8886773105783, -33.3672610925553], [-70.888489303976, -33.3672508226035], [-70.8884907042589, -33.3672521115958], [-70.8884853457051, -33.3672500243321], [-70.8881774735326, -33.3672756934182], [-70.8878476218693, -33.3674415862045], [-70.8874474532224, -33.367825379286], [-70.8870800108683, -33.3681806945775], [-70.887017271558, -33.3683635070676], [-70.8869942560376, -33.3685380322825], [-70.8869960468574, -33.3685386931184], [-70.8870843643033, -33.3687681704797], [-70.8873508524828, -33.3691418226387], [-70.887488718746, -33.3693495623686], [-70.8878109757683, -33.3696034579833], [-70.8880135463721, -33.3697192835683], [-70.888133689059, -33.3698783295053], [-70.888003969483, -33.3701654262763], [-70.8879982173736, -33.3701671676677], [-70.887986509886, -33.3702040666365], [-70.8879839199659, -33.3702097981317], [-70.8879844290488, -33.3702106272472], [-70.887966999203, -33.3702655660906], [-70.8879610825565, -33.3703775690454], [-70.8879971370199, -33.3705029220284], [-70.8881418280311, -33.370640610716], [-70.8882697061316, -33.3706946219282], [-70.888284706033, -33.3706943936914], [-70.8885284932936, -33.3707886065642], [-70.8885731842469, -33.3709278173754], [-70.8885260547878, -33.3710614312445], [-70.8884600925161, -33.3711978566946], [-70.8884372580889, -33.3711956791656], [-70.8883355729924, -33.3715049863416], [-70.8882904086535, -33.3717294985047], [-70.8883722124034, -33.3720430078277], [-70.8884841660704, -33.3721735650481], [-70.888484241108, -33.372175345841], [-70.8887467517924, -33.3724010236853], [-70.8888832651009, -33.3725458310237], [-70.8889184148217, -33.3726292308851], [-70.8888446209679, -33.3726863101068], [-70.8887615866341, -33.3727015633863], [-70.888652039489, -33.3726472746798], [-70.8884650820814, -33.3725354268011], [-70.8884490087322, -33.3725104736179], [-70.8880471803367, -33.3724326538617], [-70.8875456506053, -33.3723703387747], [-70.8874468560385, -33.3724277974478], [-70.8872333529642, -33.3725779306682], [-70.887200286599, -33.3725916934403], [-70.8871924404007, -33.3726135251377], [-70.8870433409888, -33.37265775995], [-70.8868589425727, -33.372611603008], [-70.8866063653973, -33.3724965359388], [-70.8864175889568, -33.3722476027201], [-70.8862310781238, -33.3721035525269], [-70.8860457765935, -33.3720154396904], [-70.885858663116, -33.3718434200512], [-70.8858057935779, -33.3717113276671], [-70.8855697359559, -33.3715890130764], [-70.8852839802097, -33.3714814425033], [-70.8849576128085, -33.3714234489917], [-70.884800655332, -33.3714053073282], [-70.8847733698952, -33.3713842807841], [-70.8846971789205, -33.3713933475311], [-70.8844491146499, -33.3714241782927], [-70.8842368160458, -33.3716302441952], [-70.8840643744346, -33.3717517696486], [-70.8836907196773, -33.3718203932183], [-70.8835507066821, -33.3718994591349], [-70.8833679280008, -33.3723149121345], [-70.8832721452493, -33.3725122128857], [-70.8830266573763, -33.3727257747495], [-70.8829546679495, -33.3728667581605], [-70.88299116865, -33.3730130896556], [-70.8830775203587, -33.3731516703974], [-70.8831209983158, -33.3732349456241], [-70.8831562925546, -33.3733253384025], [-70.8829942896398, -33.3735446284798], [-70.8829632154605, -33.3736500178281], [-70.8830748718322, -33.3738022031415], [-70.8830852703135, -33.3738134088007], [-70.8830849467135, -33.3738160974376], [-70.8831774392946, -33.3739195539648], [-70.8832042496915, -33.3740030820811], [-70.8831077112601, -33.3741654218627], [-70.8830973626072, -33.3741786178804], [-70.883098200014, -33.3741939806875], [-70.8830599699849, -33.3742710641497], [-70.8830394901097, -33.3744812114666], [-70.8830323623658, -33.3745372756764], [-70.8828421902939, -33.3746101077072], [-70.8824880534821, -33.3748113284976], [-70.8822572659605, -33.3749337366582], [-70.8821540484288, -33.3751731168443], [-70.8820244714515, -33.3753499463942], [-70.8818957988664, -33.3755687286903], [-70.8817901684422, -33.3756962321654], [-70.8816915168454, -33.3757606793896], [-70.881409516595, -33.3758279065442], [-70.8813108645584, -33.3758923534793], [-70.8813008650476, -33.3759709887535], [-70.8825795236849, -33.3759515948433], [-70.8833594687222, -33.3757517609927], [-70.8838703494711, -33.3756208622658], [-70.8840830109712, -33.3755275772805], [-70.8846050831035, -33.3752985641207], [-70.8853013961546, -33.3749146174766], [-70.8856701013046, -33.3748156728621], [-70.8860030763734, -33.3747794981664], [-70.8869332323151, -33.3749209262227], [-70.8879746070141, -33.3750606551547], [-70.8880187038965, -33.375093782372], [-70.8883328713678, -33.375101448464], [-70.8897644377084, -33.3750255428737], [-70.8909343802024, -33.3754631296965], [-70.8921709904804, -33.3758455687675], [-70.8937911620233, -33.3750182596249], [-70.8954658688018, -33.3735633583274], [-70.8970934059208, -33.3730785755782], [-70.8994826158547, -33.3731006336658], [-70.9011745528369, -33.372443474579], [-70.9011867140819, -33.3724026330371], [-70.9013033466077, -33.372368014798], [-70.9017744279429, -33.3718629725043], [-70.9027604209786, -33.3711633503714], [-70.9031944183465, -33.3706588714848], [-70.9031977021704, -33.3706544997649], [-70.9048645826133, -33.369523707172], [-70.9053311824562, -33.3694455241407], [-70.9053733784404, -33.3694324776414], [-70.9053769285245, -33.3694378581978], [-70.9054677426771, -33.3695755011679], [-70.9055719371173, -33.3696714745037], [-70.9057281307302, -33.3697961376258], [-70.9059190289655, -33.3699350559331], [-70.9061184164433, -33.3700739346205], [-70.9062832131121, -33.3701889059399], [-70.9064049124524, -33.3703186069496], [-70.9065011262997, -33.370487115417], [-70.9065543477864, -33.3706752218003], [-70.9066330566365, -33.3708196508738], [-70.9067552681419, -33.3710121980614], [-70.9069637752277, -33.3711993610311], [-70.9071630664686, -33.3713188501185], [-70.9073192684486, -33.3714387315115], [-70.9073502918273, -33.3714550296957], [-70.9075010566041, -33.3715342319306], [-70.9077772273179, -33.3715518097705], [-70.9081219857777, -33.3715061985187], [-70.9083220448744, -33.3714786838588], [-70.9085498833627, -33.3714239577369], [-70.9087397178774, -33.3713761291438], [-70.9088688073779, -33.3713421301855], [-70.9091183895483, -33.3712889623146], [-70.9092340403007, -33.3714268695241], [-70.9092439970916, -33.3714625298136], [-70.909244278091, -33.3714634371947], [-70.9092445556477, -33.3714645312982], [-70.9092784663997, -33.3715859822561], [-70.9093482761625, -33.3716918598363], [-70.9094696759782, -33.3717780962674], [-70.9097429334941, -33.3718540599859], [-70.9098785815201, -33.3719037348179], [-70.9098522966756, -33.372053384676], [-70.9098237906535, -33.3722440097242], [-70.9097505677871, -33.3724539898764], [-70.9096669267308, -33.3727528667971], [-70.9096773703865, -33.3729847352015], [-70.9097221013938, -33.3731970482898], [-70.9097921169936, -33.3733318696669], [-70.9099829278636, -33.3734563550567], [-70.9101692384329, -33.3735245785622], [-70.9102424194445, -33.3735513758067], [-70.9104413103727, -33.3736226209975], [-70.9105711113783, -33.3736701305517], [-70.9107441068571, -33.3737318543131], [-70.9109001127896, -33.3738226956376], [-70.9110738281898, -33.3739762094467], [-70.9113169448542, -33.3741872700166], [-70.9115772617349, -33.3743934660203], [-70.911837375048, -33.3745608878833], [-70.9121227710326, -33.3746606456347], [-70.912477268544, -33.3747550100834], [-70.9127187466214, -33.3747535417521], [-70.9129771154496, -33.3746939189681], [-70.9132612765408, -33.374634167616], [-70.9134945668422, -33.374690719414], [-70.9135178193214, -33.3748248167497], [-70.913536461623, -33.3749889243741], [-70.9135421143318, -33.3750386877865], [-70.9135551040102, -33.3751530319892], [-70.9135745789668, -33.3753550918318], [-70.9136247982225, -33.3755819274768], [-70.9136237023468, -33.3757673519027], [-70.9136775629019, -33.3760328178477], [-70.9137570098734, -33.3762690320862], [-70.9138362484309, -33.3764859513145], [-70.9140012743316, -33.3766250760651], [-70.9142351908864, -33.3767540289431], [-70.914363794635, -33.3768568997625], [-70.9144869242045, -33.3769553910752], [-70.9148242329072, -33.3770692217124], [-70.9151348156514, -33.3770818320917], [-70.9154282042829, -33.3770847883985], [-70.9157731802665, -33.3770826181013], [-70.9159977810255, -33.3771199108368], [-70.9159838764889, -33.3772722309927], [-70.9159817456428, -33.3772955803828], [-70.9159739497671, -33.3773809841304], [-70.9158982156532, -33.3776230196009], [-70.9159341595767, -33.3778160782062], [-70.9158920968894, -33.3779516343219], [-70.915746538437, -33.378092666013], [-70.9156107142848, -33.378378554779], [-70.9155100099402, -33.3787367643681], [-70.9154088909333, -33.3790466447392], [-70.9154022517274, -33.379307543588], [-70.9155857226349, -33.3796011262219], [-70.9157604926359, -33.37988510454], [-70.9158316605117, -33.3801649117609], [-70.9158767238028, -33.3804110337308], [-70.9159044845616, -33.3806573326613], [-70.9158029511599, -33.3809091449196], [-70.915666293801, -33.3810984657228], [-70.9155467368163, -33.3812441457647], [-70.9154447842522, -33.3814573679421], [-70.9153947407273, -33.3816799788626], [-70.9154480926585, -33.3818825972763], [-70.9155786311167, -33.3820218912462], [-70.9157430461225, -33.3820932989087], [-70.915847875396, -33.3821389408864], [-70.9159071722922, -33.3821647576996], [-70.9159508749871, -33.3821837849941], [-70.9162446923453, -33.3822495856873], [-70.9166239824252, -33.3822230765207], [-70.9169169742566, -33.3821777888587], [-70.9171067752286, -33.3821765697717], [-70.917382983117, -33.3821893454437], [-70.917598475098, -33.3821734795414], [-70.9178223601443, -33.3821237578108], [-70.9180456261934, -33.3819822429966], [-70.918234078365, -33.3818070894059], [-70.9183451371445, -33.3816759667514], [-70.9184313150355, -33.3815279144979], [-70.9186594189061, -33.3813767649337], [-70.9188467793814, -33.3814748670828], [-70.918969515445, -33.3815817237495], [-70.9190736624323, -33.3816888678012], [-70.9191656714311, -33.3817963798601], [-70.9191802254102, -33.3819252068532], [-70.9191842220622, -33.3819605778218], [-70.9192974624232, -33.382099954955], [-70.9193851126787, -33.3822878829535], [-70.9194730809835, -33.3824951040722], [-70.9195957503729, -33.382745524631], [-70.9197440160064, -33.382947574263], [-70.9199091658454, -33.3831011162549], [-70.9201345096316, -33.3832349703438], [-70.9202733418636, -33.3833452738108], [-70.9203088826625, -33.3834754819619], [-70.92034431891, -33.3835960426623], [-70.920224454273, -33.3837079150588], [-70.9200699816239, -33.3838200532852], [-70.9200192203532, -33.383941136378], [-70.9199692882136, -33.3841830452437], [-70.9199112830949, -33.3844781938949], [-70.9198701582066, -33.3847393556159], [-70.9198545200577, -33.3849471875156], [-70.9199251868036, -33.3851544955221], [-70.9200819490922, -33.3853516336629], [-70.9202818126887, -33.3855339465425], [-70.9204642701122, -33.3857019196645], [-70.9207242286603, -33.3858403759196], [-70.9210190001923, -33.3860221200147], [-70.9209166441046, -33.3861725887287], [-70.9208489958856, -33.3863469582606], [-70.9208244463767, -33.3865210221238], [-70.9208170983508, -33.38668048046], [-70.9208438353373, -33.3867915265547], [-70.9208963673344, -33.3868926143972], [-70.9210095123855, -33.3870223421099], [-70.9211747776239, -33.3871952695115], [-70.9213227404161, -33.3873537647089], [-70.9214962908235, -33.387487967157], [-70.9216697409341, -33.3875980031992], [-70.9218429809893, -33.3876838745401], [-70.9219904418298, -33.3877305018518], [-70.9220678171179, -33.387754968711], [-70.9222413685172, -33.3878890789733], [-70.9224146096866, -33.3879749494711], [-70.9226827610496, -33.3880554712463], [-70.9228991037357, -33.3881410337937], [-70.9231155527268, -33.3882363326235], [-70.9233144871812, -33.3883075554393], [-70.9235564193135, -33.3883543043018], [-70.9237034470098, -33.3883968430679], [-70.9238420844672, -33.3884733275879], [-70.9239893192628, -33.3885448099131], [-70.9241104421032, -33.3885923489887], [-70.9242401662892, -33.3886301956755], [-70.9243870917512, -33.3886583067301], [-70.9245770089827, -33.3886763712888], [-70.9247840232872, -33.3886702740582], [-70.9249909303429, -33.3886544389318], [-70.9252323425057, -33.3886287787881], [-70.9255079377135, -33.3885738218026], [-70.9257493493639, -33.3885530302735], [-70.9260080641827, -33.3885271911318], [-70.9262575457852, -33.3884482898563], [-70.9265327243478, -33.3883257929464], [-70.9267812604278, -33.3881164179233], [-70.9269867991985, -33.3879266467157], [-70.9271237556031, -33.3877905151011], [-70.9273126206384, -33.3876733250258], [-70.927450734455, -33.3876773115013], [-70.9276058348167, -33.3876521769856], [-70.9277606184943, -33.3875883608927], [-70.9278807958093, -33.3875054226918], [-70.928138769663, -33.3873975288326], [-70.9283802788964, -33.3873959386207], [-70.9286390950644, -33.3873943503343], [-70.9288292215232, -33.3874414433338], [-70.9290365473784, -33.3874739294351], [-70.9292008799128, -33.3875212425536], [-70.9292442956005, -33.3875643938702], [-70.9292453510162, -33.3876899951853], [-70.9292605998438, -33.3878722978387], [-70.9292643425445, -33.3879170381823], [-70.9293352466093, -33.3881436354977], [-70.9294577430228, -33.3883699705661], [-70.9296319430039, -33.3885669140616], [-70.9298572085128, -33.388691101967], [-70.9301165558783, -33.3887571356078], [-70.9304445908434, -33.3887840439962], [-70.9307898222813, -33.388801125942], [-70.930848067694, -33.3888058294204], [-70.9309816985982, -33.3888367934454], [-70.9316100420012, -33.3889238115487], [-70.9317228621192, -33.3889546009965], [-70.9319561545773, -33.3889717425544], [-70.9320853980823, -33.3889812392484], [-70.9324308447307, -33.3890225701613], [-70.9325054016259, -33.389073046409], [-70.9326217209256, -33.3891517974659], [-70.9327433788022, -33.3892718225564], [-70.9329862739839, -33.3894393760066], [-70.9331427540375, -33.389583296284], [-70.9332478518058, -33.3897855504372], [-70.9334474363339, -33.3899292485836], [-70.933819850212, -33.390100733477], [-70.9340099436852, -33.3901022791053], [-70.9340550282117, -33.390215741238], [-70.9341769428067, -33.3903423438019], [-70.9342979090088, -33.3904261266186], [-70.9342235010063, -33.3905272036215], [-70.9340718957045, -33.390593773729], [-70.9337820601538, -33.3907726062686], [-70.9335668693336, -33.3908368303206], [-70.9333862864487, -33.3909153038118], [-70.933257510347, -33.3909885519284], [-70.9331558055566, -33.3912163024815], [-70.9329585534591, -33.3913673576409], [-70.9327968938818, -33.3913732138305], [-70.932645410637, -33.3913968557421], [-70.9324557569743, -33.3914104510839], [-70.9322407417086, -33.3914244420536], [-70.9320393468114, -33.3914806933426], [-70.931864017441, -33.3915683711531], [-70.9317117521959, -33.391644147744], [-70.9316754566402, -33.3916751027933], [-70.9315818175525, -33.3918400530186], [-70.9315229982358, -33.3920336786379], [-70.9314555792703, -33.3922418665551], [-70.9312322059444, -33.3923543698538], [-70.9309736937428, -33.3923995149708], [-70.9306804685044, -33.3924111135073], [-70.9303708869976, -33.392543532613], [-70.9301647101126, -33.3926608163956], [-70.9300187285723, -33.3927486662913], [-70.9299074648837, -33.3928557248571], [-70.9298227358934, -33.3930494831676], [-70.9297897128282, -33.3932381978464], [-70.9297912954806, -33.393445942767], [-70.9297928795479, -33.3936342994434], [-70.9297040358786, -33.3937586839122], [-70.9296224344807, -33.3938605014099], [-70.9295417186036, -33.3940024350828], [-70.9294005911184, -33.3941251977584], [-70.9292802790096, -33.3942801907285], [-70.9292122210372, -33.3944014569913], [-70.9291785602934, -33.3945079393178], [-70.9291656729677, -33.3945814542412], [-70.9291455334427, -33.3946965637062], [-70.9291300235006, -33.3949141332704], [-70.9291316057715, -33.3951170085887], [-70.929184470234, -33.3952616431782], [-70.9292550644797, -33.3954496480296], [-70.9294199371736, -33.3955790138301], [-70.9295640848013, -33.3956170812009], [-70.92968801018, -33.3956497817756], [-70.9299469546237, -33.395662615799], [-70.9301045432844, -33.3956506177691], [-70.9301538788125, -33.39564686166], [-70.9302731645505, -33.3956593438486], [-70.9303224277245, -33.3957188159981], [-70.9303080173098, -33.3958163194382], [-70.9303015751585, -33.3958599078822], [-70.9302934219832, -33.3960308313285], [-70.9302849400266, -33.3961917501615], [-70.9303493138853, -33.396346214811], [-70.9305400951915, -33.3964754463998], [-70.930739267601, -33.3965563020154], [-70.9308869470329, -33.3966809735835], [-70.9310086151729, -33.3967913509108], [-70.9310785765739, -33.3969116409917], [-70.9311140357052, -33.3970274181937], [-70.9311409989915, -33.3971673149039], [-70.9311511866475, -33.3973653668295], [-70.9311523520819, -33.39751035438], [-70.9311799626858, -33.3976552007621], [-70.9311955561187, -33.3978157447785], [-70.931295536836, -33.3980050943202], [-70.9314167036593, -33.398204394151], [-70.9314867731035, -33.3983392008622], [-70.9314850153839, -33.3984443753722], [-70.9314105385331, -33.3985184887302], [-70.9312850186015, -33.3986082769686], [-70.9312313164822, -33.3987563731612], [-70.9313103044576, -33.3989298174958], [-70.9313896123328, -33.3991419429975], [-70.9314432243254, -33.3993734960196], [-70.9315482260918, -33.3995467154677], [-70.9316790297651, -33.3997295427305], [-70.9318440224122, -33.399854123706], [-70.9318983897075, -33.3999484747903], [-70.9319080878987, -33.3999653068976], [-70.931923576897, -33.4001258523602], [-70.9319344746504, -33.400375294276], [-70.9319442893147, -33.4005175318677], [-70.9319264097357, -33.4005914349506], [-70.9319223250417, -33.4006083221044], [-70.9319131168308, -33.4006136750806], [-70.9318158601394, -33.4006702188728], [-70.9317096205922, -33.4007423030151], [-70.9315807446444, -33.4008748871358], [-70.9315597759685, -33.4010010114351], [-70.9315616836222, -33.4012474371485], [-70.931628874561, -33.401426926407], [-70.9317291917201, -33.4016263700498], [-70.9318148028088, -33.4017053850029], [-70.9319257155177, -33.4018443346334], [-70.9319408576148, -33.4018666161388], [-70.9320000645802, -33.4019537343489], [-70.9321078851808, -33.4020646867303], [-70.9322057161618, -33.4021517172076], [-70.9323042569122, -33.4022708397656], [-70.9324445543732, -33.4025422528726], [-70.9323322240463, -33.4026646604656], [-70.9323334286633, -33.4028041680538], [-70.932333461513, -33.4028079333576], [-70.9323071359953, -33.4028361722697], [-70.9321793960012, -33.4029731949957], [-70.9320941353927, -33.4030945494616], [-70.9318914791633, -33.4031727337669], [-70.9317569682604, -33.4031189186158], [-70.9316737113936, -33.4030394161149], [-70.9314847851496, -33.4028684966869], [-70.9312622413854, -33.402650485704], [-70.9310197352322, -33.4025409080181], [-70.9306824118862, -33.402446422548], [-70.9304486149092, -33.4023416688255], [-70.9302065345134, -33.4022804180871], [-70.9300591639187, -33.4021895577877], [-70.9299550055646, -33.4021225532797], [-70.9298423546581, -33.4020555906328], [-70.9296340440834, -33.401902374113], [-70.9294512156017, -33.4017006050834], [-70.9292607399158, -33.4016197025846], [-70.9291126305446, -33.4014418311556], [-70.928912078048, -33.4011773929073], [-70.9287116313138, -33.400917732072], [-70.9284855949043, -33.4007162735228], [-70.9282344962516, -33.4006018639891], [-70.9279837164078, -33.4005310048037], [-70.9277588426091, -33.400464792446], [-70.9275523288773, -33.4005337421856], [-70.9274548855559, -33.4006878370487], [-70.9273732743138, -33.4007896533023], [-70.9272817279491, -33.4009819828347], [-70.9272383754356, -33.4011609377376], [-70.9271876078726, -33.4013547067961], [-70.927164717128, -33.401408403455], [-70.9271040954605, -33.4015506077639], [-70.9268722101437, -33.4016538574133], [-70.9268703029615, -33.4014701048729], [-70.9268653076474, -33.4012439256953], [-70.9268619397158, -33.4010913973238], [-70.9268243285709, -33.4008682506597], [-70.9267427331022, -33.4007273980269], [-70.9266825505643, -33.4005385988995], [-70.926616915984, -33.4002197579503], [-70.9263986083606, -33.4000223226699], [-70.9260333300377, -33.4000439572955], [-70.9256800542644, -33.4000249138048], [-70.9253367248493, -33.4000229397754], [-70.9250058269723, -33.4001068907361], [-70.9247338359446, -33.4000588092234], [-70.9245017412256, -33.4002110233136], [-70.9244823302368, -33.4004764480243], [-70.924417061668, -33.4007393368776], [-70.9242946069158, -33.4009442267729], [-70.9240816711913, -33.4011170650433], [-70.9237002499505, -33.4011967463479], [-70.9233230199487, -33.401266623205], [-70.9229867297992, -33.4013891593219], [-70.9226518859277, -33.4015481030532], [-70.9223445698559, -33.4016487260383], [-70.9219611429843, -33.401676580905], [-70.9217194588525, -33.4018770943708], [-70.9217104084128, -33.4021153941822], [-70.9217805204924, -33.4023333516271], [-70.921791199999, -33.402366550149], [-70.9216072689575, -33.4024011765938], [-70.9214571380176, -33.4024294401703], [-70.9211370034251, -33.4024363827988], [-70.9208092886912, -33.4024262189215], [-70.9204913673738, -33.4024311416964], [-70.9202020784402, -33.4025255286152], [-70.9199093616695, -33.4025912002945], [-70.9195656123325, -33.4026390853239], [-70.9191914854413, -33.4026109677065], [-70.919054538418, -33.4028566578377], [-70.9191960205117, -33.4030810857563], [-70.9192475524358, -33.4033464934091], [-70.9193722825009, -33.4035522429448], [-70.9195280731126, -33.4037916890616], [-70.9192809989393, -33.4040360167034], [-70.919299188215, -33.4042861599908], [-70.9191585508686, -33.404544982212], [-70.9190917277201, -33.4047771419075], [-70.919288339124, -33.4049806069518], [-70.9195330894256, -33.4050947720633], [-70.9196716608082, -33.4053040042644], [-70.9198182809991, -33.4055417882511], [-70.9199382874335, -33.4058014463206], [-70.9201692003786, -33.4060292679507], [-70.9204534734831, -33.4060728404148], [-70.9204944487306, -33.406405412866], [-70.9205459587176, -33.4066939055823], [-70.9206555569149, -33.4069250474733], [-70.9208820525228, -33.4071131676515], [-70.9211524639936, -33.4073571486178], [-70.9214068045871, -33.4075401472303], [-70.9215203432032, -33.4075936672466], [-70.9215945773146, -33.4077030750634], [-70.9214770528842, -33.4078054440042], [-70.9212946797261, -33.4078925854141], [-70.9210408844334, -33.4080761515963], [-70.9209242265393, -33.4083594933435], [-70.9209370886198, -33.4085920428897], [-70.9210283353686, -33.4088880358039], [-70.9211353112985, -33.4091902777827], [-70.9212239238707, -33.4093666454644], [-70.9213077224708, -33.4096368733759], [-70.9212993728532, -33.4098923860186], [-70.9212602780126, -33.4101238465907], [-70.9213858761011, -33.4103487880124], [-70.9216607703669, -33.4104735733342], [-70.9219782092214, -33.4105722677169], [-70.9222766701508, -33.4107124675198], [-70.922323504798, -33.4110177144835], [-70.9223880764754, -33.4113227766588], [-70.9224556581458, -33.4115643070405], [-70.9226821401725, -33.4117755091722], [-70.9230308972134, -33.4117922856746], [-70.9231756290462, -33.4118264723035], [-70.9231764037706, -33.412168865728], [-70.9232104453993, -33.4124691704675], [-70.923330514092, -33.4127307173604], [-70.9234168356664, -33.4129490513499], [-70.9234873373348, -33.4131716886186], [-70.9236931103211, -33.4133406460693], [-70.9239272855629, -33.4134761566412], [-70.9240759353426, -33.4137657554362], [-70.9242107218348, -33.4139923546207], [-70.9244047656554, -33.4141559017762], [-70.9240765599059, -33.4141937295631], [-70.9237398162118, -33.414185787621], [-70.9234150384363, -33.414135276602], [-70.9230869177838, -33.4141135823206], [-70.9228499727237, -33.4142621726577], [-70.9228726713529, -33.414491863842], [-70.923039716876, -33.4147233747939], [-70.9232539874556, -33.4149362077864], [-70.9234737754157, -33.4151700554637], [-70.9236602416745, -33.4154336380369], [-70.9238189845806, -33.4156883620769], [-70.9239860767674, -33.4159217646209], [-70.9240886917901, -33.4161473299011], [-70.9241081381063, -33.4164097154629], [-70.9242136720949, -33.4166505655032], [-70.9242029247152, -33.4169042223034], [-70.924239425263, -33.4171354122824], [-70.9243286949228, -33.4174285469912], [-70.9244044204008, -33.4176683263265], [-70.924346699819, -33.4178887141822], [-70.9240443910197, -33.4177704036471], [-70.9236962836139, -33.4177646220863], [-70.9233927003818, -33.417671307987], [-70.9230140996026, -33.4177066684352], [-70.9226991480555, -33.4177902778728], [-70.9223825980082, -33.4176550493831], [-70.9220944960826, -33.4176054085679], [-70.921780798508, -33.4177215503617], [-70.921514182041, -33.4177539073938], [-70.9212079597492, -33.4177067104474], [-70.92098082138, -33.4175785697982], [-70.9207978485127, -33.417405106723], [-70.9205945436615, -33.4171823605457], [-70.9203808058627, -33.4169253286072], [-70.9201569754412, -33.4167030798517], [-70.9198779305538, -33.4165322751304], [-70.9196903428447, -33.4163589719254], [-70.9194779682656, -33.4161978653447], [-70.9191654451965, -33.4162256082023], [-70.9188453202437, -33.4162939567774], [-70.9184590368647, -33.4163660342408], [-70.9181392118218, -33.4163845090063], [-70.9178602259946, -33.4163921603967], [-70.9175614772024, -33.4164791133224], [-70.91725099988, -33.4164435140905], [-70.9170323704396, -33.4162960265902], [-70.9167064645758, -33.4161552476067], [-70.9164045216906, -33.4162192508937], [-70.9161176989083, -33.4162617387901], [-70.9158344590253, -33.4162176893147], [-70.9155511386441, -33.4161161070209], [-70.9152708075903, -33.4162044833433], [-70.9152412942816, -33.4164470664283], [-70.9152543463274, -33.4167230793209], [-70.9151921081652, -33.4169493956205], [-70.9148452573496, -33.4169762140485], [-70.9145660368136, -33.4169781813892], [-70.9143088185509, -33.4171350035061], [-70.9140979709045, -33.4173174422025], [-70.9138494885118, -33.4174265146932], [-70.9136134948736, -33.417203088864], [-70.913367926423, -33.4168960351144], [-70.9130099325511, -33.4167580860405], [-70.9126291318851, -33.4168549499556], [-70.9123498557314, -33.4169720693161], [-70.9120570261454, -33.4171527929375], [-70.9119069877617, -33.4173623348061], [-70.9118320090164, -33.4175572828672], [-70.9115399907107, -33.4173973911763], [-70.9113649623911, -33.4171930406773], [-70.9111912576989, -33.4169655839838], [-70.910985923352, -33.4168061576281], [-70.9107451948259, -33.41668028135], [-70.910508248835, -33.4164718344792], [-70.9103138428542, -33.4163006056467], [-70.9100028349767, -33.4161326152324], [-70.9097193275595, -33.4159043224161], [-70.9095128186208, -33.4156566274259], [-70.9092799997744, -33.4157935860202], [-70.9089964824586, -33.4159184282762], [-70.9086147352174, -33.415932781668], [-70.908243296503, -33.4157990834919], [-70.9079869876305, -33.4156832708296], [-70.907636776723, -33.4155661967446], [-70.9073940655523, -33.415388673208], [-70.9071307661181, -33.4153268024677], [-70.9068338512743, -33.4152274831088], [-70.9065450125362, -33.4150991828224], [-70.9063054089868, -33.4149406359442], [-70.9060808876075, -33.4147587712161], [-70.9058344514876, -33.4146024024898], [-70.9055448821957, -33.4145143303969], [-70.9051688010018, -33.414438316927], [-70.9047919221952, -33.4145177823282], [-70.904594320568, -33.4147362523963], [-70.9047261043042, -33.4149456958592], [-70.9048457398965, -33.4151996031481], [-70.9049570481946, -33.415470952384], [-70.9050364486266, -33.4156894964602], [-70.9051862304653, -33.4158908173944], [-70.9054775778586, -33.4161437993056], [-70.9056926521892, -33.4163164317078], [-70.9058967760092, -33.4165046524376], [-70.9060397765312, -33.4167694715625], [-70.906139824984, -33.4170469443636], [-70.9062402885489, -33.4172744521035], [-70.9064687067402, -33.4174965659672], [-70.9066531369223, -33.4177084432643], [-70.906856420618, -33.4179907307483], [-70.9069119306234, -33.4182425556887], [-70.9069168712378, -33.4184881252357], [-70.9068051105738, -33.4187522614472], [-70.906645148878, -33.4190202047125], [-70.9064862909814, -33.4193386313386], [-70.9064280931876, -33.4196377443705], [-70.9064635448438, -33.4199016911257], [-70.9067004174634, -33.4201657874251], [-70.906994412969, -33.4203668722412], [-70.9071536711898, -33.4206370307515], [-70.907270482586, -33.4209331818688], [-70.9074281843629, -33.4212205878763], [-70.9076551458077, -33.4214639133605], [-70.9078836520123, -33.4216303822031], [-70.9081936703162, -33.4218310370981], [-70.9084968833537, -33.4219762463793], [-70.908773451359, -33.4220242917399], [-70.9090687165825, -33.422081428023], [-70.9094025046662, -33.4221298544221], [-70.9096888371195, -33.4222505208481], [-70.9097172529151, -33.4222664054132], [-70.909979000149, -33.4224134218787], [-70.910245208756, -33.4225481048646], [-70.9104946618361, -33.4226640169993], [-70.9108083359581, -33.4228397197363], [-70.9108629469728, -33.4228928044992], [-70.911077214739, -33.423100969302], [-70.9111914599967, -33.4234509919493], [-70.9112794550829, -33.4237710291658], [-70.9114426246461, -33.4240813406211], [-70.9116272707502, -33.4242969948267], [-70.9120056294295, -33.4244304849793], [-70.9122952071174, -33.4243995072373], [-70.9125485709346, -33.4242619553628], [-70.9127785334691, -33.4241116891008], [-70.9128664277871, -33.4241296384815], [-70.9128560306036, -33.4242334581475], [-70.9128458450261, -33.4243854519864], [-70.9128096584507, -33.4245763482881], [-70.9127905328359, -33.4247574144445], [-70.9127809700157, -33.4248479479714], [-70.9127816384408, -33.4249121405758], [-70.9126847105733, -33.4251980643207], [-70.9124944594096, -33.4254753843287], [-70.9124014352653, -33.4256220818199], [-70.9122572218679, -33.4258922356096], [-70.9120621754752, -33.4260531815707], [-70.9119478033073, -33.426177264017], [-70.9118838716263, -33.4262466243303], [-70.9117884134974, -33.4264190911187], [-70.9113826266666, -33.4268991018667], [-70.9112871089057, -33.4269466307028], [-70.9110401641199, -33.4270682198512], [-70.9108373749956, -33.4271537035451], [-70.9102762619529, -33.4273023196921], [-70.9102072142868, -33.4273153815837], [-70.9100600205308, -33.4273432253235], [-70.9099529170091, -33.4273671580702], [-70.909603462716, -33.4274148193761], [-70.9092804715609, -33.4274327058395], [-70.9090727939257, -33.4274423602605], [-70.9088572782537, -33.4274456782729], [-70.9086948461342, -33.427410525961], [-70.9085168425773, -33.4273702177755], [-70.9081473920141, -33.4273700053009], [-70.9077617595526, -33.4273463293556], [-70.9074942000501, -33.4274343759866], [-70.9072591626716, -33.4276438223197], [-70.9070514088865, -33.4277833630076], [-70.9068152703587, -33.4278999775153], [-70.9064235675324, -33.4279447374485], [-70.9063820558039, -33.4279536044201], [-70.9063814334624, -33.4279503748022], [-70.9060417827815, -33.4280229204901], [-70.905831293946, -33.4280162355335], [-70.9054402828984, -33.4283646455978], [-70.9048565574976, -33.4286539747248], [-70.9044891070956, -33.4289399784896], [-70.9039740111385, -33.4292200035475], [-70.9033373393073, -33.4293369756275], [-70.9030808344715, -33.4292996835803], [-70.9025710648454, -33.4293734745982], [-70.9021190199956, -33.4293886569518], [-70.9017725979721, -33.4292867746468], [-70.9014724535663, -33.4290522487243], [-70.9010355778188, -33.4288610478076], [-70.9005903107554, -33.42873593997], [-70.9002737450355, -33.4286500883614], [-70.9000649603839, -33.4285460916887], [-70.8997299914932, -33.4285182417598], [-70.8994650962505, -33.4285470376516], [-70.8990911630399, -33.4285362746308], [-70.8987974929512, -33.4285984933035], [-70.8985538746063, -33.4287011742656], [-70.8982308913304, -33.4287720872246], [-70.8976892929854, -33.4287391491005], [-70.8972367114723, -33.4287295841782], [-70.8969330288841, -33.4287837057974], [-70.8965412260732, -33.4288556672257], [-70.8959805034138, -33.4288477508721], [-70.8957443813702, -33.4288431162643], [-70.8953717024218, -33.4288900430914], [-70.8949487920174, -33.4288882621317], [-70.8945945191366, -33.4288771850843], [-70.894427213662, -33.4288714955252], [-70.8941830516467, -33.4289494386719], [-70.8941409226183, -33.4289748244054], [-70.8944024648846, -33.4292498070559], [-70.8943961166001, -33.4292609571688], [-70.894400569744, -33.4292585607347], [-70.8944432576514, -33.4292501297617], [-70.8943933852859, -33.4293003706245], [-70.8944220480222, -33.4293135288381], [-70.8944703049764, -33.4296836828966], [-70.8947283528827, -33.4304552391569], [-70.8947766119877, -33.4308253920622], [-70.8948696448804, -33.4310807007363], [-70.8949476700327, -33.4312948208438], [-70.8951216613933, -33.4318990737643], [-70.8951231853576, -33.4319691169532], [-70.8952590970394, -33.4323015158691], [-70.8952892004878, -33.4324577922171], [-70.8954355809601, -33.4330489146323], [-70.8955652085801, -33.4334835555358], [-70.8957317173421, -33.4337720914525], [-70.895793387974, -33.4341517949457], [-70.8958002043218, -33.4344651636298], [-70.8958582240707, -33.4346769899283], [-70.8959633503803, -33.4348290437135], [-70.8962028937466, -33.4351755140638], [-70.8965322692959, -33.4355847081997], [-70.8969223522052, -33.4363288355551], [-70.8971147255038, -33.4366508434585], [-70.8978550480346, -33.4373869013638], [-70.8981669459884, -33.4375413118821], [-70.898383556797, -33.4376485478159], [-70.8996080079786, -33.4384727229341], [-70.9003564625703, -33.4390776887033], [-70.9004244395987, -33.4391138729612], [-70.9014394318438, -33.4400035246059], [-70.9024241000631, -33.4407878290562], [-70.9031638066363, -33.4412702279795], [-70.9040449853505, -33.4418092308717], [-70.9055351176851, -33.4426210114998], [-70.9061950070993, -33.443049197071], [-70.9072529805792, -33.4435551696191], [-70.9081165208967, -33.4441256269222], [-70.9084020557365, -33.4444455360434], [-70.9087640822985, -33.444725349639], [-70.9092366647705, -33.4451072356799], [-70.9096554203836, -33.445306646146], [-70.9098889052937, -33.4450354193336], [-70.9103353380877, -33.4445803211555], [-70.9106938724076, -33.4442796273268], [-70.911309282937, -33.4438000566835], [-70.913133648632, -33.4431487793463], [-70.9137052982287, -33.443052498111], [-70.9143539590575, -33.4429003639693], [-70.9149777470732, -33.4428032708454], [-70.9160553765057, -33.4425898395166], [-70.9165642443324, -33.4426038367259], [-70.9172942361477, -33.4425925476418], [-70.9175916484705, -33.4424786253646], [-70.9182123012833, -33.4422394477534], [-70.9188471894723, -33.4420547068463], [-70.9193282977933, -33.4419925979391], [-70.9197444695618, -33.4419424240973], [-70.9201082579057, -33.4418821289452], [-70.9204341435617, -33.4418770808945], [-70.9207856182928, -33.4418497702087], [-70.9210716743313, -33.4418125410274], [-70.9213806681853, -33.441632838048], [-70.9213856601526, -33.441619909509], [-70.921388899783, -33.4416222913792], [-70.9215125528608, -33.4415266562268], [-70.9217477533787, -33.4413868029511], [-70.9219312347961, -33.4412371525414], [-70.922185598797, -33.4411255514869], [-70.9225808630659, -33.4410509125854], [-70.9230467951975, -33.4410045370433], [-70.9234783642793, -33.440988053754], [-70.9236292156932, -33.4409947371001], [-70.9241153074118, -33.4411834362242], [-70.9243685842036, -33.4412358701133], [-70.9246091041422, -33.4414716857724], [-70.9247665484126, -33.4417510659188], [-70.9248415377581, -33.4421021816205], [-70.9249877837695, -33.4426353767602], [-70.9253891826083, -33.4433055198065], [-70.9258372599894, -33.4438058422496], [-70.9263158321181, -33.4441647773148], [-70.9267788516774, -33.4445803165009], [-70.9273125155489, -33.4451497591724], [-70.9276286833534, -33.4457648549569], [-70.9277116104098, -33.4459850358594], [-70.9277070326828, -33.445995505372], [-70.9280088232135, -33.4462099475747], [-70.9281374381072, -33.4463397129502], [-70.9283005004554, -33.4465042313211], [-70.9288942454976, -33.447256356799], [-70.9290462120065, -33.4474488582757], [-70.929253869764, -33.4477046041577], [-70.9295166984853, -33.4479515958615], [-70.9295073131729, -33.4479563671367], [-70.9298462561871, -33.4480203835576], [-70.9299573192714, -33.4479297912073], [-70.9301579885004, -33.4477370928754], [-70.930539707641, -33.4474230891974], [-70.9307843369363, -33.4473007953911], [-70.9310153607822, -33.4472024088808], [-70.9311761353175, -33.4471228894075], [-70.9312425096219, -33.4471035944637], [-70.931246379508, -33.4471042519799], [-70.9312743801064, -33.4471090126279], [-70.9313232554865, -33.4471563614707], [-70.931352959872, -33.4471764959864], [-70.9314736813762, -33.4472693008458], [-70.9315913782288, -33.447362152714], [-70.9317060514962, -33.4474550515831], [-70.931817127967, -33.4475525152455], [-70.9319252807875, -33.4476545323175], [-70.9320300723816, -33.44775660258], [-70.9321312693376, -33.4478632376284], [-70.9322291050349, -33.4479699249833], [-70.9323230084346, -33.4480811824046], [-70.9324135527114, -33.4481924921159], [-70.9325000636132, -33.4483038646367], [-70.9325829787826, -33.4484198020016], [-70.9326619605611, -33.4485403094823], [-70.9327369110885, -33.4486608797632], [-70.9328078292733, -33.448781512869], [-70.9328747150992, -33.4489022088073], [-70.9329376674946, -33.4490274748905], [-70.9329962530709, -33.4491528090349], [-70.9330508052638, -33.4492824759262], [-70.9330509105732, -33.4492827132529], [-70.9331011926437, -33.4494126865802], [-70.9331012249143, -33.449412783468], [-70.9331470045473, -33.4495382189468], [-70.9331889583073, -33.4496727344741], [-70.9331889905581, -33.4496728304604], [-70.9331890293061, -33.4496729768446], [-70.9332261654752, -33.4498030063406], [-70.9332589756372, -33.4499332511837], [-70.933270619142, -33.4499882497561], [-70.9332875232177, -33.4500680722473], [-70.9333025253555, -33.4501518173385], [-70.9333116898174, -33.4502029598285], [-70.933331158243, -33.4503379215831], [-70.933346476958, -33.4504682985342], [-70.93334649623, -33.4504684398114], [-70.933346498606, -33.4504684983893], [-70.9333572252534, -33.4506035378698], [-70.9333632506429, -33.4507387092913], [-70.9333652444852, -33.4508739435937], [-70.933362196984, -33.4510092565286], [-70.9333551175099, -33.4511446311494], [-70.9333433329368, -33.4512800815624], [-70.9333271786813, -33.4514155989276], [-70.933306657259, -33.4515511844071], [-70.9332816653751, -33.4516823307639], [-70.9332520697564, -33.4518180586688], [-70.9332183412879, -33.4519493412784], [-70.933179907901, -33.4520806972602], [-70.933137440618, -33.4522121161447], [-70.9330905060079, -33.452339095842], [-70.9330392008695, -33.4524661436837], [-70.9329839079539, -33.4525931535993], [-70.9329838650481, -33.4525932561684], [-70.9329838228576, -33.4525933424944], [-70.9329241575248, -33.4527204341003], [-70.9328838946296, -33.4527978413243], [-70.9328684158893, -33.4528295174803], [-70.9328575930847, -33.4528574616486], [-70.9328438212893, -33.4528608163709], [-70.932601543313, -33.4535296680075], [-70.9326030457187, -33.4535379372504], [-70.9325939812865, -33.4535380380076], [-70.9324976778685, -33.4537866658053], [-70.9326099223629, -33.4541636577918], [-70.9327438821886, -33.4549280743761], [-70.932450220108, -33.4566324886558], [-70.9328094104751, -33.4575813015561], [-70.9330250583001, -33.4578483805066], [-70.9331384082599, -33.458435235591], [-70.9335125296703, -33.4593392611474], [-70.9334812940272, -33.4596540624685], [-70.9337752180186, -33.4596891075191], [-70.9345057324756, -33.4602050661714], [-70.9345615103686, -33.4602371632319], [-70.9345862502801, -33.4604872268343], [-70.9346310916891, -33.4608202711143], [-70.9346633418388, -33.4610805598077], [-70.9346929100534, -33.46132177197], [-70.9347704469129, -33.4615623254208], [-70.9349442766781, -33.4617980388531], [-70.9352555293197, -33.4619771384539], [-70.935533492864, -33.4620670322017], [-70.9354861175754, -33.4622347794354], [-70.9354249942175, -33.4624229409496], [-70.935289886652, -33.4626756529653], [-70.9352567505234, -33.4629999950973], [-70.9352988714355, -33.463302421332], [-70.9354450394256, -33.4635326142178], [-70.935766868149, -33.4637224594509], [-70.9361133626356, -33.4639038025535], [-70.9361321938974, -33.4639136081382], [-70.9365326476208, -33.4640200710212], [-70.9366286654763, -33.4640221776154], [-70.9367571925378, -33.4640250385443], [-70.9369884102551, -33.4640204319077], [-70.9372080547768, -33.4640082514604], [-70.9374737411407, -33.4639957115109], [-70.9377445627982, -33.4639577501483], [-70.9378400007175, -33.4641754772891], [-70.9380187738258, -33.4642991995027], [-70.938009408977, -33.4644971033761], [-70.9381543943503, -33.4646640974964], [-70.9380499606476, -33.4648397717306], [-70.9379823759447, -33.4650322746164], [-70.9380349917745, -33.4652788965004], [-70.9381651036351, -33.465507443288], [-70.9383898215026, -33.4656504645956], [-70.9385750914246, -33.4657613693734], [-70.9385471278379, -33.4658632555311], [-70.9384244071587, -33.4660391268579], [-70.9384378307271, -33.4662747287687], [-70.9384256808658, -33.4663668989839], [-70.9383158768636, -33.4663739369621], [-70.9380509611342, -33.4662908795733], [-70.9378274314899, -33.4663414483552], [-70.9377203513059, -33.466499849793], [-70.9376726703388, -33.4667745519944], [-70.9375560663904, -33.4667854839576], [-70.9373657445272, -33.4666458903204], [-70.9371507652241, -33.4665392355995], [-70.936921140832, -33.4665093693842], [-70.9366814535831, -33.4665543271846], [-70.9364154642923, -33.4666648021833], [-70.9361556112467, -33.4668576933028], [-70.9360148095099, -33.4670529613964], [-70.9359884386103, -33.467241121215], [-70.935880121615, -33.4673344338006], [-70.9356694797666, -33.4674615368679], [-70.9356572987411, -33.4676782413262], [-70.9358077608641, -33.4678930363622], [-70.9360454434744, -33.4679899602826], [-70.9362500059186, -33.4680296881942], [-70.9361020855703, -33.468209737588], [-70.9362449847328, -33.4683843412387], [-70.9362746290287, -33.4685029112065], [-70.9361670808068, -33.4685099120864], [-70.9358980445079, -33.4684498194578], [-70.9356690745372, -33.4684544793596], [-70.9354183601375, -33.4685263886416], [-70.9351345248243, -33.4686620294032], [-70.9349943359247, -33.4688899307743], [-70.9349385190496, -33.4692202177232], [-70.9349150570111, -33.4693602686338], [-70.9348730108036, -33.4694339682674], [-70.9348300821548, -33.4694631343943], [-70.9347488290811, -33.4692978467627], [-70.934707062111, -33.4690888381258], [-70.9346283858816, -33.4687925736294], [-70.9345700639367, -33.4686035720738], [-70.9345344165205, -33.4684084442892], [-70.9344576767912, -33.4682137785268], [-70.9343584524821, -33.4680482300554], [-70.9342516193744, -33.4678405073893], [-70.9341394005028, -33.467588862446], [-70.9339978944925, -33.4673604891717], [-70.9337839934059, -33.4670601130562], [-70.9335548102007, -33.4667982991858], [-70.9332988908103, -33.4667035485712], [-70.9330610033067, -33.4665971538643], [-70.9328814143797, -33.4664462940087], [-70.9325741019179, -33.46657120333], [-70.9323001382425, -33.4668025415254], [-70.932116117131, -33.4670626851243], [-70.9320437503618, -33.467316759209], [-70.9319462606504, -33.4675732998974], [-70.931849836722, -33.4677857265649], [-70.9316592911137, -33.4680575147578], [-70.931567491033, -33.4682698691377], [-70.9313793702856, -33.4685491930673], [-70.9312020341224, -33.468805444658], [-70.9310174637012, -33.4685853138834], [-70.9309639642937, -33.4683223805459], [-70.9308932490847, -33.4680157091662], [-70.9307892707711, -33.4677422901707], [-70.9305446987842, -33.4675770191777], [-70.9303301065169, -33.4674245366656], [-70.9304623152779, -33.467108030692], [-70.9304826929176, -33.4668722607499], [-70.9303491627107, -33.4666051631448], [-70.9301443763718, -33.4663949955871], [-70.929927252742, -33.4662348866765], [-70.9296722631058, -33.4661042235902], [-70.9293961537694, -33.4661079826199], [-70.9293481795202, -33.4658755313791], [-70.9293689460084, -33.4655746487018], [-70.9293603954727, -33.4652859454396], [-70.9294411433223, -33.4650068534298], [-70.9295484811707, -33.46477694371], [-70.9296699231694, -33.464562055068], [-70.9298020192464, -33.4643182339934], [-70.9298426628748, -33.4640743932417], [-70.9297316418799, -33.4637935078591], [-70.9295041106023, -33.4635129936139], [-70.9291670767398, -33.4633840584278], [-70.9288923152167, -33.4634336943027], [-70.928577305645, -33.4634343595535], [-70.9282720270571, -33.4635343367856], [-70.9279971687218, -33.4637351095536], [-70.9279624199885, -33.4640267411234], [-70.9277076702216, -33.4642902340788], [-70.9274766689317, -33.4644553339866], [-70.9274109642023, -33.4646998334955], [-70.9274329615387, -33.4648574821593], [-70.9272970379955, -33.4649968453616], [-70.9271985142054, -33.465153752356], [-70.9268506091235, -33.4651802646139], [-70.9265143866309, -33.4652387865298], [-70.9263570088673, -33.4654735296072], [-70.9261240574135, -33.4656236880279], [-70.9258312516251, -33.465757823856], [-70.9256308129315, -33.4659283971432], [-70.925477419754, -33.466143959732], [-70.9253802422324, -33.4664884123809], [-70.9253395862965, -33.4667322511473], [-70.9252987377916, -33.4669723054587], [-70.9252445692633, -33.46722789767], [-70.9251820879806, -33.4675066132052], [-70.9252779904422, -33.4678146103232], [-70.9254259370695, -33.4680336057076], [-70.9256338882215, -33.4682704252508], [-70.9258109610046, -33.468546229822], [-70.9259646190849, -33.4687994931074], [-70.9261263329215, -33.4690180932245], [-70.9263273864828, -33.4691958626881], [-70.9266609982681, -33.4693200789648], [-70.9269627524218, -33.4693369391447], [-70.92661619815, -33.4696196215468], [-70.9264556076834, -33.4697289787304], [-70.9261216353271, -33.4699386013034], [-70.9258345308786, -33.4700344137455], [-70.9254928922681, -33.4701408120452], [-70.9252346620969, -33.4702092106609], [-70.9250003305497, -33.4703900487329], [-70.9250023917359, -33.4706923806089], [-70.9251941112061, -33.4709199842871], [-70.9253623935204, -33.4711289244978], [-70.9254764642832, -33.4713581850605], [-70.925447822896, -33.4716247419521], [-70.925362905181, -33.4718426661987], [-70.9253879457101, -33.4720698834262], [-70.925485431765, -33.472356754083], [-70.9254314534893, -33.4726162208821], [-70.9255043560453, -33.4728424237843], [-70.9252220063584, -33.4727888273686], [-70.9248453628624, -33.4727142419926], [-70.9245116876241, -33.4727822781933], [-70.9242200542514, -33.4728781574171], [-70.9240356636693, -33.473050282661], [-70.9238215448417, -33.4728365515933], [-70.9236240648419, -33.4726453765662], [-70.9232082167631, -33.4725543513581], [-70.9228719512745, -33.4725344107281], [-70.9225932545051, -33.4726070902827], [-70.9222272952149, -33.4726604715528], [-70.9219937233335, -33.4727934093164], [-70.9217234428654, -33.4725310385019], [-70.9215367859965, -33.4722401368705], [-70.9213099795078, -33.4719825916874], [-70.9210217483881, -33.4718086013047], [-70.9206885926071, -33.4718172827252], [-70.9204747480474, -33.4719958119126], [-70.9203653298574, -33.4722353042813], [-70.9203661456839, -33.4724916646441], [-70.9203842581793, -33.4727955506997], [-70.9204350015575, -33.4730470792768], [-70.9204348303028, -33.4733513397466], [-70.9203941153414, -33.4735932841915], [-70.9204578724203, -33.4738980859318], [-70.920462803523, -33.4741410362621], [-70.9204081286751, -33.4743794105287], [-70.9201447080682, -33.4742718539392], [-70.9198512852011, -33.4741553832413], [-70.9195566942966, -33.4741518323337], [-70.9192628111012, -33.4742535053346], [-70.9188705395969, -33.4743437167902], [-70.918563113017, -33.4743729152804], [-70.9182859520223, -33.4742618710889], [-70.9181381059322, -33.4739739704683], [-70.9179556896847, -33.4737481054371], [-70.9176563873469, -33.4735111538321], [-70.9174442106138, -33.4733605052801], [-70.9172136639066, -33.4732063531481], [-70.917097368214, -33.4731341181016], [-70.9167643208841, -33.4729916507467], [-70.9164342860083, -33.4730250721126], [-70.9162206826439, -33.4732150420006], [-70.9159543689458, -33.4730099495146], [-70.9156679230954, -33.4728971491338], [-70.9153690703131, -33.4729051056385], [-70.9153275263052, -33.4726553262038], [-70.9153006499671, -33.4723631171712], [-70.9152005119064, -33.4720666298648], [-70.9151031847019, -33.4717854291059], [-70.914946279605, -33.4714958607428], [-70.9147974832186, -33.471252066969], [-70.9146218089694, -33.4709456545229], [-70.9145216599037, -33.4707218494173], [-70.9144928238279, -33.4704431067249], [-70.9144352153908, -33.4701916804035], [-70.9144192148983, -33.4698800952549], [-70.9144631533046, -33.4695883247956], [-70.9144269477772, -33.4692924720618], [-70.9142086615759, -33.4690883467442], [-70.9139266251996, -33.4690481556955], [-70.9135264320786, -33.4691003273535], [-70.9132619232243, -33.4691917932464], [-70.9129541402622, -33.4693606682646], [-70.9126434195277, -33.4695085766115], [-70.9123319624476, -33.4697062724338], [-70.9120987837525, -33.4699309859762], [-70.9118865317304, -33.4701630403746], [-70.9116715522982, -33.4703835947292], [-70.9114121913068, -33.4705725490142], [-70.9111639359702, -33.4707478959957], [-70.9108184758929, -33.4707988532869], [-70.9105195068654, -33.4709580277261], [-70.9103000882868, -33.4711825249412], [-70.9100938002868, -33.4713876125459], [-70.9098080862579, -33.4714546895695], [-70.9094952185388, -33.4715298503438], [-70.9091691793576, -33.4715441624295], [-70.9088236839566, -33.4715397468923], [-70.9085819866069, -33.4715434699041], [-70.9083620489918, -33.4714354894017], [-70.9084335143675, -33.471063398893], [-70.9084609641502, -33.4707548406553], [-70.9083174038801, -33.4705280917009], [-70.9080665491409, -33.4703839738788], [-70.9077485772295, -33.4703636209501], [-70.9074602473716, -33.4703407359379], [-70.9076052299102, -33.4700679724307], [-70.9076785160434, -33.4698426627354], [-70.9077462897479, -33.4695867785084], [-70.9078082555484, -33.4693654313618], [-70.9078652215552, -33.4691270274883], [-70.9077741259947, -33.4689030770848], [-70.9075501779301, -33.4686607916974], [-70.9072148611017, -33.4685164391125], [-70.9069069234186, -33.4685264995298], [-70.9065989421647, -33.4685345750511], [-70.9062779796772, -33.4685640420629], [-70.90596980966, -33.468568421658], [-70.9056220945636, -33.4686193999352], [-70.9053295430778, -33.4686884654041], [-70.9049878882189, -33.4687164437023], [-70.9046006310427, -33.4687453014235], [-70.9042354761174, -33.4688254006192], [-70.9039726905019, -33.4688977027708], [-70.9037160462254, -33.4690195986281], [-70.9035106796446, -33.4691787602192], [-70.9033292831347, -33.4689087601387], [-70.9032814184055, -33.4686782806434], [-70.9032665152998, -33.4683264572362], [-70.9032553905247, -33.4680243536677], [-70.903267758549, -33.4677485817566], [-70.9032692764626, -33.4674883057272], [-70.9033981669139, -33.4671336424593], [-70.9034251017227, -33.4668843392621], [-70.9035236875067, -33.466664234155], [-70.9035293199186, -33.466390459372], [-70.9034811389819, -33.4661503357334], [-70.9033231815282, -33.465899002793], [-70.9032184859127, -33.4656772414146], [-70.9030491082121, -33.4654300512706], [-70.9029198804116, -33.4652278741085], [-70.9028659011963, -33.4649439227915], [-70.9028467533017, -33.4646782836855], [-70.9028921796404, -33.4644381651928], [-70.9029967464861, -33.4641127315978], [-70.9030358452435, -33.4638095860335], [-70.9030854541054, -33.4635540730742], [-70.9030883889371, -33.4632650987074], [-70.9030976517896, -33.4630391522403], [-70.9031258829263, -33.4626769269452], [-70.9031741155632, -33.4624520052039], [-70.9031692772645, -33.4622110343745], [-70.9030370387761, -33.4619841054966], [-70.9027531480382, -33.4617200063018], [-70.9025516673737, -33.4615442776819], [-70.9022444665454, -33.4613457333851], [-70.9019481417142, -33.4611278144858], [-70.9016413091852, -33.4608622611151], [-70.9015003700448, -33.4607403231991], [-70.9015505977455, -33.460707928209], [-70.9014526629069, -33.4606702396942], [-70.9011526247498, -33.4604464835594], [-70.9008798541832, -33.4604316374379], [-70.900675587511, -33.4604347711962], [-70.8999955278586, -33.4604832592235], [-70.8994281190977, -33.4604919576485], [-70.8986816275717, -33.460617577268], [-70.8980032236419, -33.4607421496999], [-70.8969637470882, -33.4609673965493], [-70.8964147263719, -33.4610617335876], [-70.8964024523982, -33.461084292655], [-70.8955400789853, -33.4612746313657], [-70.8941386831208, -33.4615624794122], [-70.8939655615876, -33.4615947585009], [-70.8939653805438, -33.4615943987537], [-70.8939621891891, -33.4615976506339], [-70.8933902113987, -33.4616961081798], [-70.8933931974897, -33.4617014741183], [-70.8928045400561, -33.4618112251592], [-70.8920357432023, -33.4619561759491], [-70.8916078100661, -33.4621149490234], [-70.8912449361568, -33.462291463135], [-70.8907784602261, -33.4627104800485], [-70.8904358741553, -33.4629947341086], [-70.8902840335075, -33.4633026515157], [-70.8899878329877, -33.4635330488459], [-70.8896423591494, -33.4636844752432], [-70.8894265464669, -33.4639667935173], [-70.8893262796506, -33.4644599419931], [-70.8892680785364, -33.4646999958004], [-70.8890655157182, -33.4648625286745], [-70.8888154095075, -33.4650257858716], [-70.8883748400402, -33.4651786573243], [-70.8879181322406, -33.4653184872154], [-70.8874939832233, -33.4654976798955], [-70.8870078802494, -33.4657442502627], [-70.8867447986612, -33.4660405705924], [-70.8866237719561, -33.46630815424], [-70.886311415809, -33.4665255022386], [-70.8860739028153, -33.4667381943704], [-70.8857982119225, -33.4669850726706], [-70.8854662858052, -33.4671488108786], [-70.8851570656859, -33.4673934394027], [-70.8848792742397, -33.4677431277369], [-70.8847726507604, -33.4679440557615], [-70.8843968903884, -33.4681623634206], [-70.8841824885407, -33.4685110863022], [-70.8840614507727, -33.4687786677407], [-70.88402598121, -33.4693372619162], [-70.8839481526883, -33.4694495486396], [-70.883965820288, -33.4696239281168], [-70.8840812069945, -33.4698201075547], [-70.8836748969088, -33.470303655641], [-70.8834198394173, -33.4707150447459], [-70.8829453395324, -33.4712578429782], [-70.8825978423111, -33.4718918554609], [-70.8824536317134, -33.4722899147852], [-70.8821821576624, -33.4725851187974], [-70.8819215495725, -33.4727404394666], [-70.8816037777951, -33.4728828358687], [-70.881118484652, -33.4735094419392], [-70.8807300543766, -33.4741790002646], [-70.8805391341555, -33.4743449023115], [-70.880189130528, -33.474635899494], [-70.8798052354411, -33.4751012040182], [-70.879408551739, -33.4753478887209], [-70.8791632678495, -33.4756115994428], [-70.8786752184772, -33.4759360353989], [-70.8784710459728, -33.4760999800503], [-70.8783081037665, -33.4763251026808], [-70.8781527473445, -33.4769016671394], [-70.8800698456569, -33.4776108595171], [-70.8808724812475, -33.4778682027732], [-70.8814639145021, -33.4780584383159], [-70.8819442759729, -33.4782855129484], [-70.8826640618129, -33.4785909779428], [-70.8831431614772, -33.4787594740549], [-70.8840451937636, -33.4790855970151], [-70.8846391790976, -33.4793929630989], [-70.8850898201347, -33.4795384481294], [-70.8848177321176, -33.4796153256964], [-70.8845396892144, -33.4797263731573], [-70.8842880423422, -33.4798035148955], [-70.8840883364691, -33.4799337032059], [-70.8838939086107, -33.480029362213], [-70.8836641631789, -33.4800992269185], [-70.8834488787224, -33.4801859140372], [-70.88322115912, -33.4802499748704], [-70.8829819567897, -33.4802608255691], [-70.8827784348088, -33.4801998924], [-70.8826319438744, -33.4803476650672], [-70.8823780235832, -33.4804392668467], [-70.8821683952265, -33.4804989929146], [-70.8821314798912, -33.4805350611357], [-70.8820172689864, -33.4806433345998], [-70.8819987862356, -33.4807528177346], [-70.8820217072014, -33.4809767033983], [-70.8820521795256, -33.4810762727261], [-70.8820905302687, -33.4812720969703], [-70.8821566620295, -33.4814786811851], [-70.8823134459245, -33.4816175174221], [-70.8822493253531, -33.4818222027529], [-70.8821917702713, -33.4820170491289], [-70.8821972091274, -33.4820577880934], [-70.8822236198583, -33.4822301869569], [-70.8823514263932, -33.4823448349287], [-70.8823736487078, -33.4823656177896], [-70.8826111436913, -33.4824198130323], [-70.8828109574115, -33.482498116805], [-70.8830091012055, -33.4825936686408], [-70.8831300851046, -33.4827489191103], [-70.8831564679451, -33.4829336526272], [-70.8833189987115, -33.4830990926818], [-70.8834337552292, -33.4832698578427], [-70.8835900814026, -33.4833972467333], [-70.8838214991491, -33.4834190680562], [-70.8841443321561, -33.483388547533], [-70.8843844516137, -33.4833451272912], [-70.8846016639747, -33.4833024157538], [-70.8848457285344, -33.4832473909901], [-70.8851074227057, -33.4831765878749], [-70.8853305888867, -33.4831106981364], [-70.8855792145657, -33.4831072751484], [-70.8857877278292, -33.4832292678857], [-70.8859443730423, -33.4833662076949], [-70.8860696058867, -33.4835136343034], [-70.8862902818453, -33.4836009030175], [-70.8865512585369, -33.4835664493032], [-70.8867540285175, -33.4834533440521], [-70.8868858238316, -33.4832830656983], [-70.8869937829495, -33.4830905157119], [-70.8870704533805, -33.4829141330928], [-70.8873099557993, -33.4828076816683], [-70.8875208492776, -33.4827169065466], [-70.8876601960743, -33.4826418290384], [-70.8879995114274, -33.4826123107955], [-70.8881945647401, -33.4826197988303], [-70.8884482060789, -33.4826541672954], [-70.8887107258243, -33.4826860561766], [-70.888974151137, -33.4827051245916], [-70.8891959206921, -33.4827138268963], [-70.8893894123052, -33.4827346217942], [-70.8893925559107, -33.4827305663686], [-70.8898584699715, -33.4828045161987], [-70.8898630658073, -33.4830160735635], [-70.8898775086288, -33.4830690669462], [-70.8898678001847, -33.4830846507087], [-70.8898676502046, -33.4830900816771], [-70.8898093915379, -33.4832715966174], [-70.8897356373843, -33.4834630861448], [-70.8897785661418, -33.483660731474], [-70.8899603851508, -33.4837970115278], [-70.8901742878069, -33.4838843765476], [-70.8904219055882, -33.4839632000515], [-70.8906432190036, -33.4840102320459], [-70.8909228799827, -33.4840383376273], [-70.8911981733855, -33.4840684922449], [-70.8916004442527, -33.4841228599184], [-70.891656068071, -33.4842558338371], [-70.8917776823378, -33.4844244120898], [-70.8919539731444, -33.4845932364673], [-70.8920977750412, -33.4847477685828], [-70.8921716149217, -33.4849215848991], [-70.8921416816103, -33.4850466356023], [-70.8921510114498, -33.485046111658], [-70.8921419826268, -33.4850758610899], [-70.891844474641, -33.4854924942912], [-70.891838282006, -33.4854926799354], [-70.8917521831307, -33.4856072971096], [-70.8916391427914, -33.4857884769953], [-70.8915048631532, -33.4859531169992], [-70.8913506140824, -33.4861298749662], [-70.8911993168615, -33.4863236321079], [-70.8910830286052, -33.4865337169394], [-70.8909122855415, -33.4866993647133], [-70.8907533060985, -33.4869259720656], [-70.8906241524416, -33.4871037889916], [-70.8904924698677, -33.4872741605619], [-70.8903860742792, -33.4874493755245], [-70.8905458383324, -33.487605379139], [-70.8905520588768, -33.4876093421902], [-70.8907666182248, -33.4877462032794], [-70.8909962172613, -33.4878273744495], [-70.8910135505274, -33.487832610686], [-70.8913311696017, -33.4879279490192], [-70.8914198440473, -33.4880761091959], [-70.8915806497269, -33.4881907942865], [-70.8918089835632, -33.4882433970158], [-70.8920335103318, -33.4882100292132], [-70.8922676420491, -33.4881877864578], [-70.892504370666, -33.4881364655982], [-70.8925434688987, -33.488128022882], [-70.8928211355585, -33.4881083603848], [-70.8930562637559, -33.4881072015046], [-70.893322148029, -33.488080233218], [-70.8935385126477, -33.488072417439], [-70.8936092707467, -33.4880698019753], [-70.8938442499685, -33.4880667510563], [-70.894069286834, -33.4880964056956], [-70.8943188615826, -33.4881655421595], [-70.8943940947818, -33.4881792890149], [-70.894776737441, -33.4881293918535], [-70.8949365419504, -33.4881801377081], [-70.894909156839, -33.488380019647], [-70.8948704600361, -33.4884136497855], [-70.8948698129832, -33.488596910667], [-70.8949161422444, -33.4888709720737], [-70.894947080536, -33.4891054105368], [-70.8949628193683, -33.4894128545094], [-70.8949734460411, -33.4896535562397], [-70.8950234650113, -33.489854878263], [-70.895011755727, -33.4901077339628], [-70.895103175968, -33.4903173501449], [-70.8951082052972, -33.4905333378152], [-70.8951093672468, -33.4907150271242], [-70.8951382693946, -33.4909053999483], [-70.8952353054538, -33.4910861635443], [-70.8954783458174, -33.4911612598426], [-70.8956994235899, -33.4912063922136], [-70.8959048657661, -33.4913093858054], [-70.8961006010271, -33.4914508538268], [-70.8963086859088, -33.4915614722352], [-70.8965646808853, -33.4915691860473], [-70.8968325649892, -33.4914311704316], [-70.8969559084979, -33.4912784153073], [-70.8970424630197, -33.4910673377618], [-70.8971093350889, -33.490822383534], [-70.8973306745149, -33.4906131192002], [-70.8975629331919, -33.4904456187059], [-70.8977336268712, -33.4902779797101], [-70.8979170327199, -33.4901405354328], [-70.8981508073995, -33.4899538930871], [-70.8983939464095, -33.4897229209062], [-70.8985448566915, -33.4895710935704], [-70.898705409325, -33.4893827777787], [-70.898897585463, -33.4891838763104], [-70.8990898726751, -33.4889801943653], [-70.8992650813793, -33.4891328835335], [-70.899325511535, -33.4893127622175], [-70.8993180161063, -33.4895559947119], [-70.8993479679377, -33.4897693454859], [-70.8993851830693, -33.4899900695809], [-70.8994080613203, -33.4901998315145], [-70.8994276088439, -33.4904345333924], [-70.8994866721064, -33.4906355352466], [-70.8996736003557, -33.4907333056053], [-70.8999120349449, -33.490651645772], [-70.9001288873583, -33.490547682076], [-70.9003343328187, -33.4906506681996], [-70.9005398201446, -33.4907555479494], [-70.9007542598041, -33.4908563221921], [-70.9009493032895, -33.490980659384], [-70.9011174267939, -33.4911191154077], [-70.9012966379278, -33.4912477529688], [-70.9014930922433, -33.4913528598934], [-70.9017480475998, -33.4914410168862], [-70.9019580272765, -33.4914902752602], [-70.9021988020281, -33.4915156152668], [-70.902418062517, -33.4915168472256], [-70.9026813110332, -33.4914822332196], [-70.9029547367609, -33.4914553086231], [-70.9031967220304, -33.4913933367172], [-70.9034163610821, -33.4913184507791], [-70.9035185124606, -33.4915206812288], [-70.9035296394371, -33.4917192604163], [-70.9035502264113, -33.4919271628157], [-70.9035508441575, -33.49214709598], [-70.9035504631225, -33.4923460323384], [-70.9035652749853, -33.4925145944594], [-70.9036400211642, -33.4926270057343], [-70.9036699188822, -33.4927413154607], [-70.903730107194, -33.4927940665469], [-70.9039558171306, -33.4928390217207], [-70.9042082869012, -33.492921440365], [-70.9044037089938, -33.4930036534097], [-70.9045935644071, -33.4931167020792], [-70.9047381159341, -33.4933381183844], [-70.9048453043047, -33.4935932040042], [-70.9049087098998, -33.493790257602], [-70.9050461444116, -33.4940061017845], [-70.9052093946159, -33.4941868306084], [-70.9054291725081, -33.4943046470379], [-70.905620315935, -33.4943927853774], [-70.9058426367528, -33.4944645725886], [-70.9060241626328, -33.4945950610662], [-70.9062388605082, -33.4946480267845], [-70.9064769627128, -33.4946639308061], [-70.9067297654127, -33.4947023326692], [-70.9070052466771, -33.4947343421179], [-70.9072649202143, -33.4947228594465], [-70.9074585453804, -33.4946884964356], [-70.9077244077698, -33.494527403297], [-70.9079842447691, -33.4943615337614], [-70.9081108819613, -33.4945312790144], [-70.9082448359423, -33.4947646673703], [-70.9083878492908, -33.494871307642], [-70.9085943548903, -33.494997169085], [-70.9088498601363, -33.4950948613178], [-70.9090988913779, -33.4951525231814], [-70.9093630557986, -33.4951886704328], [-70.9095917423881, -33.4951972288739], [-70.909441840012, -33.4953699739636], [-70.909240629952, -33.4954657772633], [-70.9090165263676, -33.4956120723086], [-70.9088315285854, -33.4957648874105], [-70.9088056734618, -33.4959550188616], [-70.9090122733038, -33.4960310995452], [-70.9092328523591, -33.4959595261566], [-70.9094446145258, -33.495844261444], [-70.9096748519795, -33.4957322293458], [-70.9099300088974, -33.4957208106625], [-70.9101472633251, -33.4958310825358], [-70.9103469747683, -33.4959610134918], [-70.9105917827565, -33.4960761809458], [-70.9108487014892, -33.4961546394632], [-70.9111034935014, -33.4961853356375], [-70.9111820914819, -33.4963628533912], [-70.9112156152194, -33.4965511663714], [-70.9113746835152, -33.4967416000865], [-70.9115506607572, -33.496849260868], [-70.9117455409608, -33.4969697052769], [-70.9119308952541, -33.4970828117305], [-70.912112007079, -33.4972036475103], [-70.9122985978428, -33.4973435168037], [-70.9125167505734, -33.4974747825694], [-70.9127405535671, -33.4975790880084], [-70.9129036821587, -33.4976602528756], [-70.9130997572952, -33.4977321606164], [-70.9133802609906, -33.4978158403992], [-70.9136174369645, -33.497843016873], [-70.913901085522, -33.4978298863354], [-70.9139736739746, -33.4980225545006], [-70.9141261424322, -33.4981865420256], [-70.9142673070491, -33.4982558543684], [-70.914307839207, -33.4982815911159], [-70.9143344185211, -33.4983075588241], [-70.9145489381151, -33.4985626066904], [-70.9146827978461, -33.4986739681248], [-70.914604178168, -33.4987508822457], [-70.9143967739536, -33.4987816135545], [-70.9142653981505, -33.4987836449043], [-70.9142051770564, -33.4987799946136], [-70.9141018084215, -33.498657096785], [-70.9140476791794, -33.498636417088], [-70.9138430919918, -33.4985544515659], [-70.9136216320069, -33.498400334459], [-70.9133586912516, -33.4983909610372], [-70.9131192528898, -33.4983979960263], [-70.9128549450827, -33.4984096529275], [-70.9125781525076, -33.498396884692], [-70.9123039992727, -33.4983915588565], [-70.9120831129104, -33.4983025376972], [-70.9118106927234, -33.4982340611716], [-70.9115867975471, -33.498179442898], [-70.9113466014619, -33.4981177714345], [-70.9110871419743, -33.4980316891735], [-70.9108229090672, -33.4979438755578], [-70.9105575667731, -33.4978790735621], [-70.9103190718486, -33.4978555195211], [-70.9100703842272, -33.4977060541102], [-70.9097721136315, -33.4976708852842], [-70.9094855117799, -33.4976965864641], [-70.9092691698467, -33.4977603398501], [-70.9090666811606, -33.4978275775028], [-70.9087581829052, -33.4979246729352], [-70.90847447237, -33.4980134510292], [-70.9081981370197, -33.4980802911655], [-70.9080362039336, -33.4980141611453], [-70.9077478206991, -33.4979488973226], [-70.9075222863895, -33.4979077332241], [-70.9072445857905, -33.4978240870697], [-70.9069907335906, -33.4977627985938], [-70.906757672269, -33.4977562867127], [-70.9064907240996, -33.4977603957836], [-70.9062170292045, -33.497820067798], [-70.9059785532186, -33.4979495343616], [-70.9057695088324, -33.4980762941274], [-70.9055847310658, -33.4982347822975], [-70.9053831313315, -33.4984262640897], [-70.9053091687054, -33.4986120841201], [-70.905173106666, -33.4987883085941], [-70.9050628160876, -33.4990305969269], [-70.9049979547892, -33.4992142938057], [-70.9049314251939, -33.4994151490174], [-70.9049236562065, -33.4996009427293], [-70.9047726125221, -33.4997469174023], [-70.9046302897928, -33.4998831999455], [-70.9045211204698, -33.5000490005645], [-70.9044414589866, -33.5002597965475], [-70.9044262775708, -33.5002792376504], [-70.9043204201236, -33.500414508289], [-70.904270580003, -33.5002816323946], [-70.9042246274919, -33.5001591572275], [-70.9041394818662, -33.4999378194411], [-70.9041664831836, -33.4997208886849], [-70.9042362999465, -33.499493110598], [-70.9042408669734, -33.4992347737086], [-70.904140735523, -33.4990368417327], [-70.9040011841153, -33.4988229230698], [-70.9038842458333, -33.4986045085103], [-70.9038058380288, -33.4983810829392], [-70.9037567903583, -33.4980975089175], [-70.9036865843284, -33.497904527164], [-70.9034902177486, -33.4976960800364], [-70.9032503541851, -33.497590291068], [-70.9029785474291, -33.4975887869615], [-70.902745761781, -33.4975899283143], [-70.9024816443656, -33.4976053475425], [-70.902160508013, -33.497676109639], [-70.9019443525067, -33.4977437250695], [-70.9017123590121, -33.4978155519807], [-70.9014522402208, -33.4978711265739], [-70.9012334413236, -33.4979311163154], [-70.9009800652131, -33.4980342007886], [-70.9007781703339, -33.4981683263314], [-70.9005962155469, -33.4983382172937], [-70.9004403513035, -33.4984805635152], [-70.9003205607382, -33.4986433673508], [-70.9002509528676, -33.4987925067978], [-70.9001713128924, -33.4989505463765], [-70.9000270890847, -33.4987785368414], [-70.8997239299438, -33.4985935445795], [-70.8996073715217, -33.4984363501216], [-70.8994602477186, -33.4982054085744], [-70.8993363387602, -33.4980368740697], [-70.8992124311857, -33.4978684295831], [-70.8991025233843, -33.4977051809377], [-70.8989363080297, -33.4975609219121], [-70.8986743547279, -33.4975227346793], [-70.8984199798631, -33.4976048171059], [-70.8982330720085, -33.4977156244382], [-70.8980385374081, -33.4978074299254], [-70.8978579382187, -33.4979065062926], [-70.8976346606315, -33.4979685431398], [-70.8974212400899, -33.4979939961573], [-70.8971427866016, -33.4980480399721], [-70.8969369408817, -33.498193762542], [-70.8967698037578, -33.4983919161528], [-70.8966580874059, -33.4985501751596], [-70.8966500748235, -33.4988489643297], [-70.8967234197693, -33.4989891486912], [-70.8965755000738, -33.4991111688589], [-70.8963462319421, -33.4992441743579], [-70.8961923074943, -33.4993327401422], [-70.8959902713947, -33.4994904866095], [-70.8958269864171, -33.49966811074], [-70.8957418587847, -33.499920376488], [-70.8956821602599, -33.5000554736742], [-70.895492823573, -33.5000305976649], [-70.8952825957828, -33.4999756504531], [-70.8950564030068, -33.4999191435985], [-70.8948451532392, -33.4997876509105], [-70.8947897636623, -33.4995673839964], [-70.8946877277894, -33.4993255568417], [-70.8945930923111, -33.4991466501903], [-70.8944730692614, -33.498909155921], [-70.8943509635836, -33.4987291361935], [-70.8942227785169, -33.4985665233101], [-70.894065944456, -33.498427705148], [-70.893881132107, -33.4982743442568], [-70.8936578116844, -33.4981814494186], [-70.8934085209228, -33.4982748964368], [-70.8932695204901, -33.4984359141757], [-70.8931561924896, -33.4986094338169], [-70.8929562687559, -33.4987358516641], [-70.8927525229264, -33.498879552341], [-70.8925721536122, -33.4990340765785], [-70.8924074713222, -33.4991824101028], [-70.8921842161291, -33.4993496727461], [-70.892018687331, -33.4994789002426], [-70.8919047424054, -33.499639082893], [-70.8917965444697, -33.4998259593823], [-70.8916655406141, -33.5000134546161], [-70.8913998027384, -33.4999944283379], [-70.8911585834111, -33.4999595157566], [-70.8909647603172, -33.4998619274031], [-70.8907822971502, -33.4997620921513], [-70.8906277860055, -33.4995715616983], [-70.89042603431, -33.4992924766164], [-70.8902043953558, -33.4990292953141], [-70.8900888408303, -33.4988433097204], [-70.8899437686576, -33.4986065537357], [-70.8898032565213, -33.4983716217065], [-70.8897377011068, -33.498128692477], [-70.8897047102127, -33.4979479395681], [-70.8895613122905, -33.4978029579363], [-70.8893561965763, -33.4976559416881], [-70.8891151268581, -33.4975731385675], [-70.8889003743131, -33.4976215933331], [-70.8887450629039, -33.4977753692687], [-70.8886613964535, -33.4980016372541], [-70.8885706112579, -33.4982223334591], [-70.8884476680578, -33.498384723419], [-70.8883076618274, -33.4985246487216], [-70.8882090631564, -33.4987226489452], [-70.8881464236042, -33.4989062127492], [-70.8881808717088, -33.499119497877], [-70.8883223917165, -33.4992721747785], [-70.8884613963015, -33.4994229961343], [-70.8884753436899, -33.4996884456144], [-70.8883983273913, -33.4999088406743], [-70.8883223001315, -33.5001004540727], [-70.8883399807539, -33.5002949682358], [-70.888351028203, -33.5003473289458], [-70.8884673778687, -33.5006742447146], [-70.8883904708231, -33.5009534697065], [-70.888345896074, -33.5009617043399], [-70.8882861908891, -33.5010445297607], [-70.8881752990764, -33.5012217962415], [-70.8880749045571, -33.5014313655063], [-70.8879675396817, -33.5016372534984], [-70.8878789886589, -33.5018024552448], [-70.8876504601707, -33.5019010761856], [-70.8873729376597, -33.5019245131781], [-70.8871296041039, -33.5020502315882], [-70.8869735640595, -33.5022403579441], [-70.8868170607176, -33.5024190386611], [-70.8866585268311, -33.5025538347089], [-70.8864328862516, -33.5027856905152], [-70.8866016855142, -33.5030345335693], [-70.8869253823773, -33.5030801919566], [-70.887325374515, -33.5030355909364], [-70.8876601539808, -33.5030017225761], [-70.8879987076774, -33.5030028738109], [-70.8883335308556, -33.5030700916006], [-70.8887147193216, -33.5031360594799], [-70.8888091670855, -33.503291798006], [-70.8888621982119, -33.5033792727212], [-70.8890514805079, -33.5036193232183], [-70.8890979811833, -33.5036688426584], [-70.8892846487639, -33.5038677216824], [-70.8893674872189, -33.5040983936814], [-70.8895132621137, -33.5044116095066], [-70.8897885613036, -33.5046470098969], [-70.8900637362126, -33.504985483994], [-70.8903273735846, -33.5053180005701], [-70.8906484498067, -33.5054801978223], [-70.8909661050863, -33.505584101859], [-70.8913031111574, -33.5056571386265], [-70.8916154281038, -33.5055898761929], [-70.891891851252, -33.5056736659325], [-70.8922585280209, -33.5057646438599], [-70.892544951312, -33.5057144565569], [-70.8928044618301, -33.5058272700531], [-70.8930795658543, -33.5058702279537], [-70.8933623719072, -33.5058763645313], [-70.8934805124741, -33.5061852183327], [-70.893461115742, -33.5065252126992], [-70.8936276373756, -33.5067472968337], [-70.8938486868957, -33.5069177781479], [-70.8940889192083, -33.5070546001759], [-70.8939779551638, -33.5071986866817], [-70.8940548586932, -33.5074180835804], [-70.8937057211434, -33.5074852849239], [-70.8935596972587, -33.5076852758431], [-70.8932580213756, -33.5077916085232], [-70.8929457876408, -33.5078531026114], [-70.8926137573988, -33.5078656626864], [-70.8922456969107, -33.5079340500072], [-70.8918908466604, -33.5080356910327], [-70.8916072018948, -33.5080605849479], [-70.8912417461777, -33.5080162983716], [-70.8909166921439, -33.5080328955213], [-70.8906598638847, -33.50810291635], [-70.8903262282694, -33.5080862765407], [-70.8900564276889, -33.5081191617167], [-70.889915906387, -33.5083795733531], [-70.8896739359488, -33.5086131279341], [-70.8895540159829, -33.5088853987429], [-70.8895848111517, -33.5091580752839], [-70.8896732318703, -33.5094470963627], [-70.8896907707541, -33.5096942755494], [-70.8897429604984, -33.5099457946463], [-70.8899659412421, -33.5101357315873], [-70.890305535791, -33.510193310914], [-70.8906956629867, -33.5101738280501], [-70.8909552517292, -33.5103837646183], [-70.8910548013781, -33.5105952427182], [-70.8912791896745, -33.5107210398232], [-70.8915651103296, -33.5107953073636], [-70.8919514615136, -33.5109236782958], [-70.8919011182983, -33.5111132780552], [-70.8918550265382, -33.5114041727078], [-70.8918587265551, -33.5116433557875], [-70.8919845934749, -33.5119212521446], [-70.8921074516187, -33.5121252491811], [-70.8921106269796, -33.512389689788], [-70.8920300607777, -33.5126646078863], [-70.891897681222, -33.512977561503], [-70.8917503114826, -33.5132300539603], [-70.8919202487965, -33.5135047520924], [-70.8922072974267, -33.5136353613036], [-70.8924962754143, -33.5136765740685], [-70.892798490089, -33.5137471627801], [-70.8930914199624, -33.5138214997584], [-70.8934312247818, -33.513873205433], [-70.8937505779826, -33.513905204543], [-70.8941375836241, -33.513924534337], [-70.8944849297257, -33.513848071418], [-70.8948634411338, -33.5138283921083], [-70.8951775614897, -33.5137883251664], [-70.895572988622, -33.5138186142526], [-70.8954172076497, -33.5140601478584], [-70.8952266632276, -33.5143761592776], [-70.8950364590129, -33.5145794431796], [-70.8948175727697, -33.5148152695538], [-70.8946074870085, -33.5150745863604], [-70.8943639864699, -33.515336939853], [-70.8941468053226, -33.5156412725526], [-70.8943356254888, -33.5159026025438], [-70.8945450476416, -33.5160767766713], [-70.8946770274773, -33.516288747163], [-70.8944725097987, -33.5165073096938], [-70.8941687043251, -33.5167049357372], [-70.8938803745795, -33.5169359612538], [-70.8935996886979, -33.5170386367779], [-70.8934049549574, -33.5172321591675], [-70.8932281484201, -33.5175072869016], [-70.892992867612, -33.5175001537298], [-70.8926011469088, -33.5174826051971], [-70.8922832757934, -33.5174895380706], [-70.891914037041, -33.5176045645952], [-70.8916847258245, -33.5178271085538], [-70.8914291319925, -33.5177474188682], [-70.891209148085, -33.5176368853374], [-70.8909607775743, -33.5174735813897], [-70.8907326801237, -33.5173265590362], [-70.8904146952937, -33.5172342932746], [-70.8901047259471, -33.517198626552], [-70.8897927581456, -33.5171453139569], [-70.8894305412991, -33.5171476859724], [-70.8891096644803, -33.5171896443033], [-70.8887269412097, -33.5171897119659], [-70.8884245257015, -33.5172241727853], [-70.8880409490109, -33.5172592400236], [-70.8877650404449, -33.5172551502078], [-70.8874933451082, -33.5172665970823], [-70.8872218461193, -33.5172722681374], [-70.8868609426829, -33.5172260964756], [-70.8865440395761, -33.517188362204], [-70.8862300725384, -33.5173255249648], [-70.8860509226349, -33.5175483767949], [-70.8859921287536, -33.5177808469292], [-70.8860126974415, -33.517898058693], [-70.8861449279197, -33.5184047450519], [-70.8861948811547, -33.5185458867376], [-70.8864586782153, -33.5187753365228], [-70.8866991905184, -33.5189091921457], [-70.8870485581415, -33.5188502122815], [-70.8874256454046, -33.5187936053183], [-70.887694075753, -33.5188248619947], [-70.8879780227938, -33.5187824783347], [-70.8883328756486, -33.5187877074275], [-70.8885602184371, -33.5190134251039], [-70.8886231486114, -33.5190759048059], [-70.8887864358343, -33.5193368211566], [-70.8889609853497, -33.5196155106729], [-70.8891426223477, -33.5198884106316], [-70.8893308681687, -33.5200740083437], [-70.8895648906754, -33.520186314767], [-70.8897971076463, -33.5203778750402], [-70.8897398658326, -33.5206476950408], [-70.8895376297657, -33.5208682880675], [-70.8895258329257, -33.5211772339025], [-70.8894194411674, -33.5214633665003], [-70.8892364267068, -33.5216569733841], [-70.8890353708598, -33.5218230816563], [-70.8888512379228, -33.5220594489217], [-70.8887144436277, -33.5222596543158], [-70.8885410610985, -33.5224358903975], [-70.8884235403227, -33.522799653006], [-70.8886180669846, -33.5230956225727], [-70.8888477978522, -33.5233171998692], [-70.8889260918088, -33.5235458664323], [-70.888887908135, -33.5237901971305], [-70.8887595655666, -33.5241266220299], [-70.8885430087734, -33.5243624915246], [-70.8883665944012, -33.5245679007833], [-70.8883469109587, -33.5248163678323], [-70.8883510824783, -33.5248721525737], [-70.8883938689347, -33.5251107195086], [-70.8885046186297, -33.5252984676652], [-70.8885630759506, -33.5253793818033], [-70.8885960275005, -33.5255522776314], [-70.8886467149918, -33.5258195264159], [-70.8887403670882, -33.5255173019976], [-70.8889256306687, -33.524922724181], [-70.8894187819045, -33.524177574442], [-70.8897315701368, -33.5236122199618], [-70.8900252394874, -33.5230471574646], [-70.8906522450711, -33.522861401968], [-70.8914015556474, -33.5221452277345], [-70.8919812042871, -33.5215921916515], [-70.8920721154058, -33.5209826875283], [-70.8921823917624, -33.5202433410747], [-70.8923502472441, -33.5200485774318], [-70.8927280258934, -33.5198345868572], [-70.8932027746762, -33.5196831796596], [-70.8945550913769, -33.5194382626028], [-70.8957673025657, -33.5189071779457], [-70.8969249482875, -33.5185050497986], [-70.8978548348257, -33.5179866922616], [-70.8986294438573, -33.5168772688514], [-70.8990915663387, -33.5161494372516], [-70.8996110251446, -33.5154207235694], [-70.8998646241822, -33.5147761702134], [-70.9007349797223, -33.513481488511], [-70.9017315134812, -33.5128917832919], [-70.9030043042262, -33.5114605806161], [-70.9038284663177, -33.5106791175599], [-70.9045770499029, -33.510811755696], [-70.9054003352664, -33.510863156669], [-70.906694783066, -33.5106029840274], [-70.9077334036905, -33.5100572115339], [-70.9084310639647, -33.5095671949839], [-70.9090179443696, -33.5093018838404], [-70.9107293229815, -33.5088750765884], [-70.9110963435937, -33.5090455943027], [-70.9114113084125, -33.5094571629285], [-70.9118384902601, -33.5097548826631], [-70.9123482279004, -33.509963738432], [-70.9135890721542, -33.5102403721902], [-70.9142820882967, -33.5104538912861], [-70.9151443044768, -33.510536658994], [-70.9168630891027, -33.5104459982977], [-70.9175501080824, -33.5103873119074], [-70.918245960342, -33.5107288973157], [-70.919253291671, -33.5113219161579], [-70.9203255205439, -33.5118905599412], [-70.9203274957152, -33.5118782256424], [-70.9203430974723, -33.5118810497079], [-70.9210733165976, -33.5114858919138], [-70.9215291297425, -33.5108792634674], [-70.9220962475017, -33.5103271534788], [-70.922642003191, -33.5097958300542], [-70.9232642290932, -33.5094017726951], [-70.9234652582731, -33.5089822214303], [-70.9237859234038, -33.5087850422992], [-70.9244509727938, -33.5085985275854], [-70.9252122917701, -33.508442545285], [-70.9259587531334, -33.5084789876637], [-70.9266215482636, -33.5085257808353], [-70.9270485352297, -33.5084780496104], [-70.9273529181236, -33.5084092472029], [-70.9276526839088, -33.5081323015212], [-70.9281017962007, -33.5076928643644], [-70.9284289709692, -33.5073306252278], [-70.9291161031584, -33.5068762438936], [-70.9295471560159, -33.5064851334291], [-70.9298794439514, -33.5059514119586], [-70.9300650426524, -33.5046856430255], [-70.9299639175015, -33.5038479398085], [-70.9299141641592, -33.5026918348456], [-70.929694461663, -33.502289146199], [-70.929342274589, -33.5016148365621], [-70.9283475628187, -33.5002153894552], [-70.9284000578433, -33.4995194915259], [-70.9283608208607, -33.4991757899244], [-70.9282464746559, -33.498771457883], [-70.9277952375552, -33.4983811977781], [-70.9266902207165, -33.4978347883889], [-70.9263939658114, -33.4974406908843], [-70.9259825100483, -33.4964671215461], [-70.9259378099333, -33.495876303796], [-70.925348839408, -33.4944993790487], [-70.9251125705157, -33.4933465126171], [-70.9248146714361, -33.4922652302696], [-70.9245162092086, -33.4916342118864], [-70.9236596864154, -33.4905535751385], [-70.9234721932388, -33.4901866983223], [-70.9232923410175, -33.489834771959], [-70.9231583810441, -33.4897068954308], [-70.9226640627554, -33.4892350243532], [-70.921871815148, -33.4889164271242], [-70.9208467929041, -33.4885042101992], [-70.9201599058759, -33.4882280887632], [-70.9200341956327, -33.4881775534436], [-70.9196405975644, -33.4879489014686], [-70.9196150699046, -33.4879360771244], [-70.9199614632641, -33.4876879001278], [-70.9202214695862, -33.4875337845712], [-70.9211452366134, -33.4869014615686], [-70.9215917060092, -33.4866031941554], [-70.9217746582624, -33.4864374718229], [-70.9220875193529, -33.4861540740021], [-70.9222671582257, -33.4857010290269], [-70.9225821558204, -33.4851752559573], [-70.923160848919, -33.4846630446571], [-70.9238308131139, -33.4839904995668], [-70.9240562764739, -33.4837044845326], [-70.9251711012759, -33.4826630508422], [-70.9263258558695, -33.4810471301708], [-70.9268676266231, -33.4802971059378], [-70.9273586851582, -33.4796361540197], [-70.9278155980816, -33.4788609600621], [-70.9282976751268, -33.4782707716201], [-70.9297986770037, -33.4765964600447], [-70.9301709533082, -33.4762816609445], [-70.9313254319855, -33.4756103555759], [-70.9317160174153, -33.4751716668619], [-70.9319100035925, -33.4749718138273], [-70.9322206773472, -33.4746517416594], [-70.9325056052568, -33.4746737829713], [-70.9328580328198, -33.4748889994377], [-70.9330544226469, -33.4749743051958], [-70.9339047267671, -33.4751621638279], [-70.9351849532658, -33.4754526867904], [-70.9354832868255, -33.4754576136125], [-70.9365687935916, -33.4754755371689], [-70.9370504768133, -33.4753444072547], [-70.9372577600313, -33.4751910812128], [-70.937659389108, -33.474635842396], [-70.9380651480139, -33.4740748854742], [-70.9383114039113, -33.4737796911166], [-70.9386752686476, -33.4735621125676], [-70.9392606737279, -33.4733587233528], [-70.9399057203232, -33.4729954832292], [-70.9401642692917, -33.4727795500955], [-70.9406616789701, -33.4724097894823], [-70.9409911838625, -33.4720691429344], [-70.9412607806448, -33.4717766288884], [-70.9418442066824, -33.4714647178406], [-70.9421357770912, -33.4714332089002], [-70.9424616363571, -33.4714016153495], [-70.9428421181961, -33.4714574490817], [-70.9431689624348, -33.4714699805086], [-70.9435784421251, -33.4714322960163], [-70.9440940827142, -33.4713848404628], [-70.944440015563, -33.4713087836074], [-70.9447599569714, -33.471012420596], [-70.9452555611573, -33.470563213207], [-70.9463363658035, -33.4699937124689], [-70.9468757793636, -33.4699580360063], [-70.9472588594256, -33.4697018637021], [-70.9474850260846, -33.4696278491543], [-70.9476963802821, -33.4695586813506], [-70.9479998011137, -33.4694593834884], [-70.948237569878, -33.4692508286989], [-70.9485688582717, -33.4683543589315], [-70.9488488218721, -33.4658199449403], [-70.9487364555436, -33.4651231101691], [-70.9487682734198, -33.4648379489835], [-70.9491432790796, -33.4640043154758], [-70.9494886397951, -33.4634338564314], [-70.9498125412133, -33.462846076656], [-70.9500112710582, -33.462313237163], [-70.9499599147062, -33.4614311917256], [-70.9497778056279, -33.460824887969], [-70.9494256501132, -33.4601506307473], [-70.9488417995171, -33.4596215064962], [-70.9486426551345, -33.4590505499201], [-70.9485796243835, -33.4583721123336], [-70.9486793957075, -33.4581008635405], [-70.9489325102739, -33.4574127106268], [-70.9490762249003, -33.4570989854023], [-70.9493643096168, -33.4564700939649], [-70.949684291602, -33.4552378925565], [-70.9497991421157, -33.4533114622649], [-70.950217762727, -33.4527221913132], [-70.9504418752535, -33.4523831791736], [-70.9509862323394, -33.4517654413021], [-70.9519892766519, -33.4509201049424], [-70.9524296701776, -33.4505489456399], [-70.9526775289748, -33.4502975723961], [-70.9530820946696, -33.4498872651443], [-70.9536871748318, -33.4496305294283], [-70.9543605068436, -33.4491902560523], [-70.9546802453951, -33.4484377051035], [-70.9546824544692, -33.4484075332758], [-70.9547809707087, -33.4470561110803], [-70.9551920794123, -33.4451578533471], [-70.9551232238822, -33.444586530191], [-70.9550482027832, -33.4439641127396], [-70.9543988552757, -33.4426274350261], [-70.9540158807321, -33.4422181946833], [-70.9537245248341, -33.4419049594212], [-70.9536703821756, -33.4408993576876], [-70.9537923015062, -33.4401716297265], [-70.953812527821, -33.4392550053051], [-70.9536079864816, -33.438478263795], [-70.9533189396362, -33.4379883120814], [-70.9531983445202, -33.4376932008009], [-70.9527584514187, -33.4373293321158], [-70.9522881677782, -33.4370189110582], [-70.9519382263399, -33.4369096506799], [-70.9514204545937, -33.4368295160524], [-70.950995643559, -33.4366684607112], [-70.9505314941403, -33.4366316217727], [-70.9500995168164, -33.4366207608466], [-70.9497798363574, -33.4359813036533], [-70.9495964088519, -33.4353132170877], [-70.9496214713915, -33.43502147978], [-70.9495526501727, -33.4342986199464], [-70.9493287037293, -33.4337017981461], [-70.9490233160621, -33.4332298570114], [-70.9487409573477, -33.4328458379904], [-70.9484504871602, -33.4324355347333], [-70.9481599439043, -33.4317559312747], [-70.9480751659745, -33.428617719749], [-70.9481746410453, -33.4282373912227], [-70.9482493763749, -33.4278124449505], [-70.9483582512906, -33.4275017339434], [-70.9484220647487, -33.4270593016311], [-70.9483244487569, -33.4264604916463], [-70.9481311229452, -33.4258190427651], [-70.9477832770804, -33.4253301077607], [-70.9474453684647, -33.424814528814], [-70.9470933905858, -33.4241402553541], [-70.946885624552, -33.4231853383405], [-70.9468401985252, -33.4218060284951], [-70.9463621334809, -33.420709519152], [-70.9463797115315, -33.4175639437341], [-70.9464514264785, -33.4170786293656], [-70.9468009691314, -33.4167023406313], [-70.9474307532706, -33.4161011079912], [-70.9479297520876, -33.415863553868], [-70.9485536929819, -33.4155182642099], [-70.9491427880676, -33.4148467463523], [-70.9497421011651, -33.4140516939315], [-70.9499159460607, -33.4137010557673], [-70.950427253022, -33.4131492315465], [-70.9510400490775, -33.4127776192032], [-70.9512440033525, -33.4124830664433], [-70.9511096272245, -33.4121232080609], [-70.950534742058, -33.4110125573675], [-70.9500997687104, -33.4092253745673], [-70.9499627089576, -33.4083802631424], [-70.9496995744835, -33.4074397393202], [-70.9497254916883, -33.4067153861112], [-70.950006715174, -33.4061106196067], [-70.9506268294896, -33.4055976368567], [-70.9508049892264, -33.4050916048439], [-70.9507126309351, -33.4047150284687], [-70.95059865173, -33.4042502876236], [-70.9502701141083, -33.4037668964502], [-70.9501435178637, -33.4032833134196], [-70.950233203974, -33.4027601750296], [-70.9504126486535, -33.4024462872502], [-70.9507669831777, -33.4021846388768], [-70.9512271124565, -33.4018448649928], [-70.9514199284898, -33.4015240012927], [-70.9516878399912, -33.4007958391675], [-70.9519279319121, -33.4002358591667], [-70.9520010515242, -33.3997403057379], [-70.9520445798582, -33.3993335050138], [-70.9518238768478, -33.3988778903096], [-70.9514176198002, -33.398474655636], [-70.9507710351494, -33.3979233055624], [-70.9501159960094, -33.3973420891492], [-70.9500036715874, -33.3970711877076], [-70.9499699005589, -33.3967784494429], [-70.9499679173104, -33.3958965233125], [-70.949918338142, -33.395561815158], [-70.9498167443401, -33.3952544105072], [-70.9497020457773, -33.3947011376679], [-70.9490142628829, -33.3933779260552], [-70.9484327075015, -33.391570022694], [-70.9481553764862, -33.3887409553693], [-70.9480539483526, -33.387706155966], [-70.9480825471091, -33.3868591598494], [-70.9481013382208, -33.3863026457607], [-70.9478481475737, -33.3858033893658], [-70.9475059259425, -33.3854319695521], [-70.9475572321342, -33.3854157086719], [-70.951131480416, -33.3842828316748], [-70.9524942712549, -33.3835572834282], [-70.9552858497512, -33.3818586727574], [-70.956515040533, -33.3807690469705], [-70.957188794857, -33.3805145219872], [-70.9579836683016, -33.3802142343584], [-70.9583058161983, -33.3800325768635], [-70.9586273977757, -33.3799330375446], [-70.9603954131188, -33.3797150080143], [-70.9608120529186, -33.3796398483687], [-70.9611905803782, -33.3795555803589], [-70.9613670070162, -33.3795163041167], [-70.9623133594908, -33.3794836826426], [-70.9627678098739, -33.3792972800513], [-70.9629086087241, -33.3788121202821], [-70.9635179392213, -33.3782992471846], [-70.9641625923785, -33.377953556125], [-70.9646828406493, -33.3776545685656], [-70.9649046249604, -33.3775227399466], [-70.9649438442505, -33.3775492432878], [-70.9652764323439, -33.377415029869], [-70.9662846698645, -33.3768605106192], [-70.9666982577221, -33.3765881272392], [-70.9674292441889, -33.376286164181], [-70.9680282103217, -33.3757822623161], [-70.968363004477, -33.3752295783898], [-70.9686446031614, -33.3746512507213], [-70.9687794784474, -33.3744475865413], [-70.9691941142133, -33.3738214703166], [-70.9696924155346, -33.3730543006712], [-70.9699811647707, -33.3727936869281], [-70.9701833844345, -33.3722752429562], [-70.9703072924509, -33.3717433991283], [-70.9704200597382, -33.3712593690581], [-70.9707218517937, -33.3706937820256], [-70.9712944481918, -33.3698820060721], [-70.9718724833345, -33.3694732376191], [-70.9722467032933, -33.3692085977842], [-70.972748569765, -33.3690742059219], [-70.9737376198439, -33.3684049133563], [-70.9740100573855, -33.3680858113751], [-70.9743586079514, -33.3679083790874], [-70.9748284100022, -33.3675165879647], [-70.9753945232632, -33.3669602038583], [-70.975589572629, -33.3667452125326], [-70.976820653187, -33.3656257944474], [-70.9775267224628, -33.3651780037525], [-70.9786797066616, -33.3647448569233], [-70.9794936784178, -33.3644493609673], [-70.9800230715365, -33.3641319144202], [-70.9805460601325, -33.3635320522056], [-70.980950297231, -33.3629235119248], [-70.9812277131247, -33.3625058834228], [-70.9815836103198, -33.3619616561041], [-70.9822244656813, -33.3614570204524], [-70.9833219173435, -33.3609665057648], [-70.9837435383569, -33.3607088021799], [-70.9843367968593, -33.3604256312621], [-70.9845767101143, -33.3601646167641], [-70.9847924234765, -33.3596414294461], [-70.9850256925241, -33.3592580690154], [-70.9853349061048, -33.3589417141079], [-70.985731973233, -33.3581403525907], [-70.9862943665713, -33.3572160228562], [-70.9868452096428, -33.3564567750665], [-70.9870819561729, -33.3557643547641], [-70.9870276512351, -33.3552266797875], [-70.9869056568164, -33.3547091751561], [-70.9868311287976, -33.3546649856466], [-70.9865912500748, -33.3535633790409], [-70.9863425209933, -33.3528539265259], [-70.986218221471, -33.3524762854396], [-70.9861450843884, -33.3512610570907], [-70.9860114702009, -33.3507845024397], [-70.985952876526, -33.3505205825304], [-70.986062935677, -33.3502716200879], [-70.9866467700735, -33.3497040011361], [-70.9869175871076, -33.3490166815552], [-70.9882245094309, -33.3474467263934], [-70.989408690247, -33.3459913806793], [-70.990398620375, -33.3454403991406], [-70.9912172771886, -33.3452301137909], [-70.9918159103875, -33.3447910087637], [-70.9931077574726, -33.344136581], [-70.994456801667, -33.3436361209745], [-70.9955952706473, -33.3433220981746], [-70.9956793832506, -33.3432167602711], [-70.9959085270619, -33.3429298035276], [-70.9967876920602, -33.3414511314557], [-70.9982876648405, -33.3389415204871], [-70.9990342884514, -33.3374028562493], [-70.9992449492428, -33.336968694174], [-71.0010932687009, -33.3348266079526], [-71.0014385901702, -33.3343030383542], [-71.002140451776, -33.3332388659513], [-71.0027745821892, -33.331094806558], [-71.0038285119191, -33.3293993890628], [-71.0039825437577, -33.3288236806313], [-71.003815804088, -33.3275559913658], [-71.0037071842001, -33.32710846876], [-71.003816676934, -33.3267348804444], [-71.0039431719009, -33.3262540902537], [-71.0039886005938, -33.3260814220095], [-71.0040266720043, -33.3251667552472], [-71.0036833007201, -33.3239174077988], [-71.0036192434552, -33.3232677669957], [-71.0036603218103, -33.3216249003598], [-71.0034456053595, -33.3208382508822], [-71.0027392767166, -33.3200595317578], [-71.0021400646416, -33.3196762305546], [-71.0017714496501, -33.3188986865944], [-71.0015562786567, -33.3180695064964], [-71.0016843021572, -33.3163139198297], [-71.0013970176943, -33.313555910274], [-71.0014321549435, -33.3118609641067], [-71.0014436663705, -33.3113053534189], [-71.0015990811377, -33.3103343992022], [-71.001592371327, -33.3101804529872], [-71.0011422468648, -33.3091541398752], [-71.0003464216714, -33.3068289251409], [-70.9991033618597, -33.3051670851545], [-70.998102451552, -33.3042898885154], [-70.9977844781189, -33.3038648898992], [-70.9969095587847, -33.3038157085242], [-70.9958533364359, -33.3031280431713], [-70.9949725980706, -33.3027757781763], [-70.9941576908221, -33.3023660781843], [-70.993099955125, -33.301828185928], [-70.9920821631941, -33.3014364619327], [-70.9914999728576, -33.301098397491], [-70.9903813814806, -33.3005869609219], [-70.9894635472933, -33.3000259061872], [-70.989344101318, -33.2999528895238], [-70.9878421035097, -33.2992159661089], [-70.9872917164147, -33.2984252057499], [-70.9869465593061, -33.2974160999217], [-70.9870930019135, -33.2952245921765], [-70.9866715850207, -33.2945585902162], [-70.9861083392765, -33.2944352536437], [-70.9850213618819, -33.2946952611577], [-70.9838592958921, -33.2956607582107], [-70.9837423868517, -33.2957578889314], [-70.9826308600183, -33.296172666893], [-70.9815496247844, -33.2960685949956], [-70.9805420901246, -33.2955056659166], [-70.9797584357827, -33.2951456999355], [-70.9793418409811, -33.2950946817575], [-70.9786034423769, -33.2959005104933], [-70.9775206415514, -33.2963478575796], [-70.9769990461069, -33.296207278925], [-70.9759978785021, -33.2959254366087], [-70.9732787293819, -33.2946397118156], [-70.9718111634761, -33.2941777599321], [-70.970348445447, -33.293307652724], [-70.9687644318459, -33.292025876163], [-70.9684020597186, -33.291011655143], [-70.9681962928628, -33.2904357316199], [-70.9681927857245, -33.2900230845755], [-70.9681898215366, -33.289674384233], [-70.9670218093601, -33.2899338657139], [-70.9658603904896, -33.2900871868307], [-70.96466410732, -33.290477188549], [-70.9638663260094, -33.2907259422569], [-70.963145825853, -33.2908385332581], [-70.9623450158424, -33.290952387679], [-70.9612525600157, -33.2905985615007], [-70.9610889263672, -33.2904662077696], [-70.9606116098927, -33.2906761472319], [-70.959484287857, -33.2905589958162], [-70.9583251046978, -33.290813414364], [-70.9568773058077, -33.2907350250284], [-70.9543704648953, -33.2899985958544], [-70.9532757937559, -33.2895435295038], [-70.9525871744428, -33.289284479451], [-70.9522272971494, -33.2893576034637], [-70.9516219926243, -33.2892321758362], [-70.9512091956453, -33.2887326433911], [-70.9507851440514, -33.2877272702233], [-70.9505693684158, -33.2870559689291], [-70.9503558486682, -33.2864858356547], [-70.9506650550017, -33.2859412298334], [-70.9505742445188, -33.2854703733787], [-70.9504031311727, -33.2850007773259], [-70.9498564049577, -33.2838961213985], [-70.9496867990691, -33.2834939694843], [-70.9498271467775, -33.2825809366725], [-70.9494380441207, -33.2813388665291], [-70.9493678965352, -33.2799905875398], [-70.9493660513051, -33.2781014849955], [-70.9493049068717, -33.277157877739], [-70.9490914226922, -33.2765877402527], [-70.9490452774867, -33.2763185875611], [-70.9496523905654, -33.2747235415739], [-70.9498640225555, -33.2734045747954], [-70.9498921703952, -33.2728643810489], [-70.9495612557044, -33.2724310245501], [-70.9491789550743, -33.2714924548267], [-70.9488814502877, -33.2707549605657], [-70.949039241896, -33.2697235833245], [-70.948990853342, -33.2693532621363], [-70.94866220493, -33.2690210704443], [-70.9479238810509, -33.268324220048], [-70.9474309229186, -33.2678259273736], [-70.9470524103429, -33.2670559628648], [-70.9469222488329, -33.2666194522705], [-70.9467496999161, -33.2660824019863], [-70.9465422496926, -33.2657820408086], [-70.9463697049895, -33.2652449897833], [-70.9461994082263, -33.2648091066835], [-70.9459488279767, -33.2643744811356], [-70.9454893142923, -33.2635720448204], [-70.945311545281, -33.2627989316066], [-70.9450238267072, -33.2624998227943], [-70.9445710594439, -33.262000888409], [-70.9444007775753, -33.2615650029913], [-70.9443843335775, -33.2608230984935], [-70.9440921391397, -33.2603216501257], [-70.9429617679332, -33.2591417453453], [-70.9421722367173, -33.2579396383659], [-70.9412987198136, -33.2565701633149], [-70.9397391572624, -33.2550427158413], [-70.9376184722678, -33.2535577296698], [-70.9362374320497, -33.2528370852535], [-70.9346230284455, -33.2524574046015], [-70.9336946778814, -33.2522357068658], [-70.9309197040164, -33.2511149936598], [-70.9302649126458, -33.2505516713794], [-70.9286788521404, -33.2496317152229], [-70.9272578087851, -33.2489115892008], [-70.9266774046613, -33.2480772157902], [-70.9263028665569, -33.2474757926329], [-70.9262873232488, -33.246767602388], [-70.9260050775334, -33.2448828241741], [-70.9256753145776, -33.2426614323804], [-70.9256041138797, -33.2412456707798], [-70.9253485302519, -33.2405749322044], [-70.9247674637518, -33.2397068222373], [-70.9247605009404, -33.2397011828584], [-70.9241656355339, -33.2405825001096], [-70.9217535546116, -33.2429756800869], [-70.9191909855689, -33.2447079534564], [-70.9171576181885, -33.2457344305609], [-70.9173995589958, -33.2461840223357], [-70.9177383383908, -33.2468135573299], [-70.9207208482646, -33.2486997710902], [-70.9233796519564, -33.2500992108803], [-70.9237427601302, -33.2503173060648], [-70.9245526624882, -33.2505706704045], [-70.9249528448338, -33.25077869298], [-70.9253896402633, -33.2510526276457], [-70.9255667082645, -33.2511089799411], [-70.92579553538, -33.2511202087018], [-70.9258677886121, -33.2512077306331], [-70.9261299517702, -33.251536076754], [-70.9261397125088, -33.2515802461222], [-70.9263297855335, -33.2518284532047], [-70.9267439538338, -33.2522726310109], [-70.9271452829685, -33.2525323356209], [-70.9275617585835, -33.2526810012382], [-70.9278967047887, -33.2527201279333], [-70.927922651343, -33.2527104713217], [-70.928060360967, -33.2527180335368], [-70.9283645148168, -33.2527322257194], [-70.9285355435517, -33.2528335785768], [-70.9286629246162, -33.2529970675452], [-70.9288523865406, -33.2531690475807], [-70.928925909514, -33.2534421059102], [-70.9289059380423, -33.2534699286803], [-70.9289565160857, -33.2536901072847], [-70.929187369718, -33.2539880574842], [-70.929191512392, -33.2541764513414], [-70.9294082307386, -33.2548515366695], [-70.9294638476805, -33.2553406639836], [-70.9298375348464, -33.25601331098], [-70.9298890107154, -33.256314045095], [-70.9298321003645, -33.2567860732823], [-70.9297054320114, -33.2571461100552], [-70.9298939379705, -33.2575577911092], [-70.9299217484041, -33.2578023544956], [-70.9299001534941, -33.2578403811867], [-70.9293852356378, -33.2578860666919], [-70.9290530212837, -33.2580796806419], [-70.9286311103167, -33.2582746863197], [-70.9286605751057, -33.258594607223], [-70.9284844957286, -33.258748105677], [-70.9281277821004, -33.2588478687379], [-70.9281295578597, -33.2588599018027], [-70.9279007731424, -33.2588678483875], [-70.9277912932167, -33.2589284714166], [-70.9275912608998, -33.2589315743696], [-70.9265605810388, -33.2589852451397], [-70.9261399005954, -33.2592367606321], [-70.9255460265933, -33.2597736454231], [-70.9255127562053, -33.2603018428953], [-70.9257714184008, -33.2608443635568], [-70.9260288431578, -33.2613303655887], [-70.9259893706005, -33.2615759724529], [-70.9257289589015, -33.2619757699783], [-70.9255598984135, -33.2624495338304], [-70.925384219465, -33.26262186759], [-70.9249166016184, -33.2627798776933], [-70.9247010317826, -33.2631789778194], [-70.9244551812724, -33.263220476833], [-70.9241175639401, -33.2631691664341], [-70.9231071898773, -33.2631282666043], [-70.922483413459, -33.2633263750959], [-70.9222624644173, -33.2634805590266], [-70.9221100286861, -33.263690220302], [-70.9218184981979, -33.2636947290673], [-70.9214634067845, -33.2638698313288], [-70.921128676359, -33.2639503892321], [-70.9206382052009, -33.2640898909803], [-70.9198080493917, -33.2640838710767], [-70.9194297022517, -33.2642216353405], [-70.9191215154095, -33.2644902363069], [-70.9185217942061, -33.2647633367944], [-70.9177414261445, -33.2649826845571], [-70.9175457728466, -33.2652683911457], [-70.9174414687501, -33.265628071233], [-70.9172628847216, -33.2656685175746], [-70.9169692893028, -33.2655788173047], [-70.9167641625911, -33.2654312148096], [-70.9164656281074, -33.2651154395742], [-70.9158506672596, -33.2646914667654], [-70.915260194445, -33.2643613422239], [-70.9148108594216, -33.2643305745643], [-70.914773678062, -33.2643278648067], [-70.9143207829167, -33.263916524048], [-70.9142048864605, -33.2638792674263], [-70.9141897517238, -33.2638621400012], [-70.9134980977731, -33.2633733416554], [-70.9123462813197, -33.262601032488], [-70.9120301489903, -33.2624787639063], [-70.9119115452528, -33.2624644731368], [-70.9119098624098, -33.2624515329673], [-70.9116511617004, -33.2624482695647], [-70.9114460538196, -33.2624605049463], [-70.9113672494428, -33.2623164226226], [-70.9114001125874, -33.2613442620022], [-70.9114240241059, -33.26095341558], [-70.9113538514337, -33.2607093109401], [-70.910954969845, -33.2602613989652], [-70.9108394031694, -33.2599181013766], [-70.9101727043866, -33.2590838262188], [-70.9098750358593, -33.2588159728761], [-70.9094178738429, -33.258248379468], [-70.9093584694137, -33.2581746247588], [-70.9091177946938, -33.2580421081039], [-70.9085680941009, -33.2579737862244], [-70.9070228004753, -33.2552016672971], [-70.9063716589073, -33.2543711187963], [-70.9060205135055, -33.2539232149221], [-70.9055316960979, -33.2552572490453], [-70.9045949467856, -33.2566553921817], [-70.903568197781, -33.2576661351912], [-70.9025936688552, -33.25857314829], [-70.901718729758, -33.2590440860631], [-70.9008418256308, -33.2594235700985], [-70.9000937524351, -33.2600983683779], [-70.8995603198431, -33.2612615542344], [-70.8987684979535, -33.2624401660687], [-70.8978011616673, -33.2636900962858], [-70.8973554099713, -33.2644974345926], [-70.8969699450444, -33.2655782792397], [-70.8968336347022, -33.2668496676806], [-70.8968319066194, -33.2668573728867], [-70.8968540063916, -33.2668592513417], [-70.8968667976217, -33.2671063840042], [-70.8968683068036, -33.2672963956346], [-70.8968663195216, -33.2673053691212], [-70.8968679913456, -33.2673128330615], [-70.8968538081993, -33.2676188528371], [-70.8968534595199, -33.2676202523423], [-70.896853246883, -33.2676279921354], [-70.8968329681076, -33.2678926022565], [-70.8968323149465, -33.267895062417], [-70.8968319259081, -33.2679035804505], [-70.8967969953663, -33.2682121000909], [-70.8967942268121, -33.2682218303862], [-70.8967925883378, -33.2682396866945], [-70.8967078428118, -33.2686494451472], [-70.896706499905, -33.2686534687334], [-70.8967060859445, -33.2686574096066], [-70.8966608534687, -33.2688503186605], [-70.896656791356, -33.268861987724], [-70.8966558024879, -33.2688691784413], [-70.8966048519998, -33.2690381471579], [-70.896604781909, -33.269038331293], [-70.8966047688342, -33.2690384216725], [-70.896144435405, -33.2705600040897], [-70.8961414598541, -33.270567763487], [-70.8961410080345, -33.2705706498289], [-70.895726668354, -33.2717835425024], [-70.8951745444661, -33.2733997188891], [-70.8951742133028, -33.2734005400683], [-70.8951741707555, -33.2734008067482], [-70.894412808013, -33.2756032762339], [-70.8944069726454, -33.2756201549013], [-70.894083468873, -33.2766348035184], [-70.8937942691964, -33.2780267259178], [-70.8935183007603, -33.2795524299518], [-70.8935172286318, -33.2795557811439], [-70.8935168479967, -33.279559930714], [-70.8931352810354, -33.2814064916017], [-70.8928720930437, -33.2828728357357], [-70.8928693032505, -33.282881570678], [-70.8928682863372, -33.2828909125792], [-70.892638579232, -33.2838400745116], [-70.8924052702403, -33.2853212532602], [-70.8924033397151, -33.2853275204074], [-70.892402537917, -33.2853361862847], [-70.8920030801726, -33.2872512186919], [-70.8920962054403, -33.2884802044401], [-70.8922994002638, -33.2892596947014], [-70.8923640546443, -33.2894243803724], [-70.8928139547113, -33.2905703128411], [-70.8928169022364, -33.2905848788779], [-70.8928271641016, -33.290612308563], [-70.8929819626195, -33.2912603182485], [-70.8929869190021, -33.2912986827936], [-70.8929893996752, -33.2913072427447], [-70.8930860826178, -33.2925237312539], [-70.893084563578, -33.2925319508434], [-70.8930869659464, -33.2925412081715], [-70.893083810434, -33.2925918759898], [-70.8928628805161, -33.2940970011577], [-70.8928622270594, -33.2940991619017], [-70.892861959412, -33.2941028777803], [-70.8925378613599, -33.2960470938845], [-70.8925374445424, -33.2960484285823], [-70.8925372907768, -33.2960504076657], [-70.892410656406, -33.296761880236], [-70.8922864182968, -33.2974598829679], [-70.8916504564454, -33.3012520184706], [-70.8916502233427, -33.301252761494], [-70.8916501388776, -33.3012538728928], [-70.8911243130312, -33.3042753345057], [-70.8909967880594, -33.305066565638], [-70.8926845462085, -33.3049965347094], [-70.8927848076365, -33.3049219831508], [-70.892783196737, -33.3049547843989], [-70.8952997938003, -33.3049000236401], [-70.8954565795077, -33.3049843778571], [-70.8956500509031, -33.3051095707894], [-70.8957887397658, -33.3053477260953], [-70.8958247981395, -33.305691566258], [-70.8958596426074, -33.3059793611645], [-70.8959863721968, -33.3061055721137], [-70.8964287994749, -33.3062750175877], [-70.8966687365913, -33.3063434356875], [-70.8969972664308, -33.3065386455568], [-70.8972288839156, -33.306663253328], [-70.8973299594566, -33.306926008642], [-70.8973845742852, -33.307245538162], [-70.8978283978944, -33.3074790296745], [-70.8980246555782, -33.3077323212131], [-70.8980477175795, -33.3079161767271], [-70.8980317710376, -33.308060584081], [-70.8978084768415, -33.3083202869739], [-70.8977068847753, -33.3084740116392], [-70.8977604611936, -33.3087455018797], [-70.8979442405016, -33.3090830791903], [-70.8980049238391, -33.3092423332947], [-70.897983606626, -33.3095790402951], [-70.8978840957755, -33.3098288421019], [-70.8978307009555, -33.3100058578547], [-70.8978917318522, -33.3101811243562], [-70.8980089343424, -33.3103074785511], [-70.8984888356625, -33.3104443071763], [-70.8987579134476, -33.3105363029461], [-70.8993680144813, -33.3105189643985], [-70.8998836279837, -33.3105431150362], [-70.9003721985864, -33.3106397577], [-70.9007624598478, -33.3106017499681], [-70.9009139853956, -33.3105513762937], [-70.901291581607, -33.3103693963064], [-70.9019002892353, -33.3102879950997], [-70.9022135685306, -33.3102191253303], [-70.9023489789409, -33.3103051504853], [-70.9025395146423, -33.3102942233497], [-70.9026357397721, -33.3103327944869], [-70.9028217855713, -33.310554198119], [-70.9029596683563, -33.3111928102553], [-70.9031673805649, -33.3113137678127], [-70.9038787601378, -33.3115671643084], [-70.9041551600804, -33.311995415707], [-70.9043006743322, -33.3125458100894], [-70.9045878352799, -33.3130299589529], [-70.9048826179416, -33.3134258903904], [-70.905222295911, -33.3136929885106], [-70.9054151034388, -33.3137861393759], [-70.905827759067, -33.3138999431579], [-70.9054134095712, -33.3141465722999], [-70.9050484546081, -33.314252284023], [-70.9043584292076, -33.3145431846136], [-70.90365729553, -33.3147621686738], [-70.9031293728222, -33.3150505769985], [-70.9029117858824, -33.3151340018396], [-70.9027443132775, -33.3153287857448], [-70.9028540832667, -33.3155513574654], [-70.9030872993515, -33.3157480102225], [-70.9036097343374, -33.3160843924281], [-70.9042519622379, -33.3162267185549], [-70.9052786014118, -33.3164992983798], [-70.9059506635078, -33.3166972205405], [-70.9060859134378, -33.3167752358051], [-70.9060796895609, -33.3169275033761], [-70.905739375278, -33.3172891285441], [-70.9056123169532, -33.3175874134147], [-70.905485257807, -33.3178856981726], [-70.9052427153676, -33.3181376997371], [-70.9050625704169, -33.3181885178621], [-70.9046152337134, -33.3182354247495], [-70.9044099634183, -33.3184468081459], [-70.9039981998221, -33.3188135291692], [-70.9037769885751, -33.3191693192104], [-70.9036402107225, -33.319459741442], [-70.9036074622232, -33.3197085249298], [-70.9036473699217, -33.3200082525096], [-70.9035010530908, -33.3202988208041], [-70.9033810821634, -33.3204848678027], [-70.9029462289228, -33.3206677320295], [-70.9024094287324, -33.3209883100255], [-70.9020923164809, -33.3213215388591], [-70.9019648924197, -33.3216038072513], [-70.9019342262733, -33.3219486660855], [-70.9018718189764, -33.3221498486399], [-70.9016953166591, -33.3223687959962], [-70.9014610712764, -33.3225646007814], [-70.9011871122726, -33.3226889310343], [-70.901036087903, -33.322763324167], [-70.9008665246315, -33.3230822775844], [-70.9008686840947, -33.3231020785582], [-70.9007168630678, -33.323369049612], [-70.9005723811344, -33.3237699325911], [-70.9003280785206, -33.3241594815788], [-70.9000659489109, -33.3244335604889], [-70.8997805658907, -33.3246951341383], [-70.8996172600157, -33.3249035557677], [-70.8996128900243, -33.324904291745], [-70.8996114636608, -33.324905883585], [-70.9005114185111, -33.32536545752], [-70.9008791871627, -33.3256070991346]], [[-70.9146504488729, -33.3704836509546], [-70.9146489192312, -33.3704826582446], [-70.9145843461788, -33.3704461971053], [-70.914644587701, -33.370464353937], [-70.9146504488729, -33.3704836509546]], [[-70.9431102110795, -33.3564184854022], [-70.9431099197976, -33.3564185305422], [-70.9431037174016, -33.3564210958094], [-70.9431041504492, -33.3564126357495], [-70.9431102110795, -33.3564184854022]], [[-70.9497713273062, -33.3560004144808], [-70.949765732504, -33.3560048687753], [-70.9497647868722, -33.356001447855], [-70.9497713273062, -33.3560004144808]]]}, "properties": {"COMUNA": "Lampa", "SECTOR": "-", "NOMBRE": "Areas de Preservacion Ecologica", "UPREF": "Conservación", "UPERM": "Actividades que aseguren la permanencia de los valores naturales, tales como científico, cultura, educacional, recreacional, deportivo y turístico, actividad  agrícolas y ganaderas controladas", "UPROH": "Todo uso no mencionado como permitido.", "NORMA": "Titulo 8: Área restringida o excluida al desarrollo urbano; Capitulo 8.3. Áreas de valor natural y/o ie interés silvoagropecuario; Art. 8.3.1. Áreas de Valor Natural; Art. 8.3.1.1. Áreas de Preservación Ecológica", "SUP_HA": 13057.7}}, {"type": "Feature", "geometry": {"type": "Polygon", "coordinates": [[[-70.9140933504672, -33.2042926256061], [-70.9146646543591, -33.2033810986291], [-70.9154938864367, -33.2026935592583], [-70.9169657941984, -33.2008753081564], [-70.9166954115564, -33.2006800234529], [-70.9166357890068, -33.2005287379948], [-70.91653158851, -33.2004255840734], [-70.9164068147733, -33.2004179829986], [-70.9163304543103, -33.2004345160188], [-70.9163168428415, -33.2004479389216], [-70.9161188771954, -33.2004605119093], [-70.9160394000786, -33.2004522128454], [-70.9159126546845, -33.2003541671163], [-70.915867659577, -33.2002915036657], [-70.9158581568581, -33.2002860912687], [-70.9156730413303, -33.2000150092813], [-70.9155631807815, -33.1999119416535], [-70.9154376819916, -33.1998710173146], [-70.9152170795257, -33.1998997757534], [-70.9152007038097, -33.1999127604261], [-70.9148667451547, -33.1999226631949], [-70.9147178718615, -33.1998487662332], [-70.9145976207341, -33.1997887132381], [-70.9143744821712, -33.199425489735], [-70.9142358612865, -33.1990419184138], [-70.9139965677922, -33.1987170367601], [-70.9137829301892, -33.1985298517203], [-70.9136987747865, -33.1981763927743], [-70.9136277913431, -33.1977774947507], [-70.913633626016, -33.1975250300441], [-70.9137206946036, -33.1973617896078], [-70.9137627786166, -33.1972135274553], [-70.913709542099, -33.1971095870677], [-70.9136122536663, -33.1970634653299], [-70.9131530177364, -33.1970419574159], [-70.9128579780996, -33.197017923563], [-70.9126761759984, -33.1969921483158], [-70.9124758353957, -33.1968952301697], [-70.9122768097474, -33.1965982969318], [-70.9122286005191, -33.196334758016], [-70.912072625108, -33.1961943016684], [-70.9118160832814, -33.1961172940138], [-70.9116607296875, -33.1960053977104], [-70.9113345616924, -33.1955913713531], [-70.9110475404707, -33.1954148324848], [-70.910688571226, -33.1953155869595], [-70.9105248961129, -33.1953419088741], [-70.9097860945546, -33.1954865821301], [-70.9094749018361, -33.1955008830913], [-70.9092651038971, -33.1954898170238], [-70.9090657001997, -33.1954357354291], [-70.9088968586006, -33.1952240455861], [-70.9085626789412, -33.1948315623411], [-70.9082853359966, -33.1945786792306], [-70.9079532367225, -33.1944123483222], [-70.9076288638513, -33.1943411334626], [-70.9072026688736, -33.1940143414766], [-70.9070065573704, -33.1938506850276], [-70.9066684921703, -33.1936701555516], [-70.9063706782308, -33.1935175804324], [-70.9059773324381, -33.1932688498964], [-70.9056068480358, -33.1931602417502], [-70.9054229932102, -33.1930392507181], [-70.9052841226168, -33.1929032850582], [-70.9051935261234, -33.1926427735036], [-70.9051861017232, -33.1923000375749], [-70.9051745059999, -33.1922396658812], [-70.9051842459108, -33.1922143535854], [-70.9051635243165, -33.1921824871065], [-70.9050906696742, -33.192077694145], [-70.9048796441801, -33.1920094979755], [-70.9046344429027, -33.1919323014599], [-70.9043991218397, -33.1917882879175], [-70.9037545083958, -33.1910505494393], [-70.9036251129427, -33.1908287243533], [-70.9033414146884, -33.1905425949648], [-70.9026817903635, -33.1897646041062], [-70.902447197626, -33.1891301092113], [-70.9024306239264, -33.1886256116026], [-70.9024033445314, -33.1877569987623], [-70.9022356658901, -33.1870738618917], [-70.9022074634443, -33.1861624070574], [-70.9022221826581, -33.1857955223097], [-70.9022504888389, -33.1855331904347], [-70.9021945977251, -33.1853054773764], [-70.9020539974352, -33.1844338345074], [-70.9020412368749, -33.1838435655929], [-70.9021510628071, -33.1835537973296], [-70.9024094143043, -33.1831927114777], [-70.9027219032499, -33.1829784138512], [-70.9033442017819, -33.1826879506025], [-70.9039460121846, -33.182235895772], [-70.904317367544, -33.1819945032827], [-70.9048104827439, -33.1817536278406], [-70.9051795701452, -33.1815384579296], [-70.9054025028368, -33.1813731429921], [-70.9056480781983, -33.1812074809592], [-70.9058956114498, -33.1811322634578], [-70.9058982876233, -33.1811141601228], [-70.9059043144769, -33.1810733952953], [-70.9059007157625, -33.1810739085265], [-70.9051280440534, -33.1811028526956], [-70.9050167539274, -33.1811070209314], [-70.9049955746008, -33.1811086193832], [-70.9044484332615, -33.1811499111606], [-70.9043659482389, -33.1811561360328], [-70.9035276834987, -33.1811493847088], [-70.90298896373, -33.1811543624354], [-70.9021871189497, -33.1811163547467], [-70.9021592268906, -33.1812465931051], [-70.9020687958596, -33.1813650032207], [-70.9019313613428, -33.1814452987393], [-70.9017433289138, -33.1814750407451], [-70.8998873313897, -33.181414127942], [-70.8991723299397, -33.1815224908405], [-70.8970764406479, -33.1824596415317], [-70.8968650134349, -33.1826404589484], [-70.8968414481044, -33.1826540837783], [-70.8967459980584, -33.1827122480983], [-70.8965100047721, -33.1828082722452], [-70.8965105144572, -33.1828126635156], [-70.8965071154411, -33.1828171242712], [-70.8960950389644, -33.1830077570622], [-70.8965014699656, -33.1865309565087], [-70.8968637166272, -33.1898545606157], [-70.8974862159191, -33.1917692421544], [-70.8979126761962, -33.1930149774693], [-70.8995262809749, -33.1954032033906], [-70.9005741174966, -33.1968226940065], [-70.9009082189391, -33.1971535554414], [-70.9020049595288, -33.1974727608673], [-70.9036444679704, -33.1976920259325], [-70.9040465894786, -33.1978080425828], [-70.905071378068, -33.1981588640301], [-70.9056253839924, -33.1985779722456], [-70.9096151802141, -33.2016321138248], [-70.9115698819534, -33.2029764978322], [-70.9140933504672, -33.2042926256061]]]}, "properties": {"COMUNA": "Lampa", "SECTOR": "P. E. D. C. 5 Chicauma", "NOMBRE": "Areas de Proteccion Ecologica con Desarrollo Controlado", "UPREF": "Conservación", "UPERM": "Act. silvoagropecuaria y/o agropecuaria, residencial, forestación, reforestación con especies nativas y exóticas, explotación ganadero-pastoral extensiva, equip. de deporte, cientídico, turismo, esparcimiento, salud, culto y áreas v", "UPROH": "Todo uso no mencionado como permitido.", "NORMA": "Titulo 8: Área restringida o excluida al desarrollo urbano; Capitulo 8.3. Áreas de valor natural y/o ie interés silvoagropecuario; Art. 8.3.1. Áreas de Valor Natural; Art. 8.3.1.2. Áreas de Protección Ecológica con Desarrollo Controlado", "SUP_HA": 166.75}}, {"type": "Feature", "geometry": {"type": "Polygon", "coordinates": [[[-70.8192320445879, -33.0908880652959], [-70.8192598694821, -33.090908945244], [-70.8193947216935, -33.0910549522993], [-70.8193579498386, -33.091403233937], [-70.8193255740325, -33.0914699989901], [-70.8192314790652, -33.091664037964], [-70.8191412219021, -33.0919761059115], [-70.8192276207694, -33.0923299873061], [-70.8193816213095, -33.0924494992122], [-70.8194241375154, -33.0924824936768], [-70.8194312502348, -33.0924890363926], [-70.8195056994931, -33.0929926079292], [-70.8198304075734, -33.0936826734353], [-70.8201881124785, -33.0941364034441], [-70.820574000524, -33.0944877307394], [-70.8208057198914, -33.0947074485561], [-70.8208099163533, -33.0947344532285], [-70.8205998300959, -33.0949365232511], [-70.8202710963164, -33.0951928851973], [-70.8199676541113, -33.0953970861385], [-70.8195860268136, -33.0955836084099], [-70.81930270065, -33.0962148973344], [-70.8190128500404, -33.0966767667245], [-70.8190396268015, -33.0967440345249], [-70.8189588349583, -33.0968896297984], [-70.8188546188586, -33.0970918497803], [-70.8190672498832, -33.0974171633377], [-70.8196058761578, -33.0977833290668], [-70.8196972573851, -33.0980100624674], [-70.8196420221743, -33.0984852487557], [-70.819390623796, -33.0989085639291], [-70.8188513679277, -33.0995641492296], [-70.8185368291312, -33.100079610733], [-70.8186013404688, -33.1005804179341], [-70.8188115367995, -33.1007871717904], [-70.8190888521622, -33.1010558613004], [-70.8190903044629, -33.101126803953], [-70.8186538669727, -33.101739530048], [-70.81853049453, -33.101956281084], [-70.8184331960095, -33.1019822283346], [-70.8182933489014, -33.1020212634118], [-70.8182419914853, -33.1020886018628], [-70.8180917285777, -33.1024755330692], [-70.8179593236803, -33.1027284158392], [-70.8179520128843, -33.1027337270108], [-70.8177292754588, -33.1030249957007], [-70.8175087431075, -33.1033149241795], [-70.8172952190587, -33.1034731240557], [-70.817018931987, -33.1037417120909], [-70.816579781685, -33.1045235447412], [-70.8162009980997, -33.1056055449743], [-70.8161948545186, -33.1058337022179], [-70.8166674317576, -33.1066752225479], [-70.8166508282683, -33.1069217773504], [-70.8165090707796, -33.1074073465562], [-70.8164513746335, -33.1077639727197], [-70.8165022292971, -33.1081281392972], [-70.8167240274967, -33.1083712172096], [-70.8168436035987, -33.108387719585], [-70.8170158604661, -33.1083304705613], [-70.8171980138722, -33.1082274647148], [-70.8176600347985, -33.108029147962], [-70.8179815571903, -33.107851125613], [-70.8181599495594, -33.1075657188873], [-70.8182961247779, -33.1073356641549], [-70.8183524621601, -33.1072742420997], [-70.8184054688115, -33.1072595098699], [-70.8185514969871, -33.1071038695989], [-70.818492241041, -33.1068584218424], [-70.8184873552041, -33.1066213035205], [-70.8184520267837, -33.1064849787794], [-70.818373167598, -33.106340166323], [-70.8186774552184, -33.1058522229373], [-70.8190611637197, -33.1055364489951], [-70.8194777536368, -33.1052384397437], [-70.8196245693467, -33.104999106154], [-70.8197820325847, -33.1047504939034], [-70.8197309779859, -33.1043772095493], [-70.8198016812078, -33.1036007479545], [-70.8199337084683, -33.1031700534784], [-70.8201748971048, -33.1029960326583], [-70.8201775333347, -33.1029824341152], [-70.8203616584345, -33.1027538862778], [-70.820431311375, -33.1025007987027], [-70.8204388879437, -33.1024962771231], [-70.8205397818154, -33.1021974517861], [-70.8206000982237, -33.1018774137041], [-70.8208264944171, -33.1014986263701], [-70.8212101435177, -33.1011738619909], [-70.8212148349566, -33.1011731576273], [-70.821570821826, -33.1008084040558], [-70.8217525077106, -33.1004337488871], [-70.8219245053311, -33.1001214637334], [-70.8224324412597, -33.09933491682], [-70.8230703725334, -33.0989031700919], [-70.8234641814184, -33.0985313160533], [-70.8238037932827, -33.0982353491633], [-70.8240536287947, -33.0979125347398], [-70.8243143439088, -33.0978159885622], [-70.8243967269196, -33.0977854808652], [-70.8247599879647, -33.097554874915], [-70.825122859067, -33.0973054982893], [-70.8255653227129, -33.0971300515794], [-70.825640066172, -33.0969693773496], [-70.8257345839135, -33.0966863839271], [-70.8256687338123, -33.0966100656994], [-70.8256787844042, -33.0966001452411], [-70.8255480522539, -33.0962948638942], [-70.825531275161, -33.0960228872635], [-70.8254385923862, -33.0958552793386], [-70.825322254972, -33.0956223099132], [-70.8253993248223, -33.0955742457804], [-70.8254969474765, -33.095441398175], [-70.8254911257682, -33.0951598737879], [-70.8255164636223, -33.0949986093484], [-70.8255187943811, -33.0949979051403], [-70.8256924236667, -33.094972809313], [-70.8258397365617, -33.0949706510741], [-70.8258991842401, -33.0949303138508], [-70.8259781372792, -33.0948615020593], [-70.8261125233923, -33.0948820842626], [-70.8262463266737, -33.0948744852186], [-70.8263665039189, -33.0948558100523], [-70.8265666840316, -33.0948190482213], [-70.826612856135, -33.0947845444363], [-70.8266647917618, -33.0947048516477], [-70.8267942800858, -33.0944887121152], [-70.8268289744283, -33.0942232210909], [-70.8268218013141, -33.0942120316273], [-70.8268654177953, -33.0940422733364], [-70.8270596468977, -33.0937180641898], [-70.8271133784594, -33.0934015520796], [-70.8270825124688, -33.0932046771057], [-70.8271622794645, -33.0931753179822], [-70.8273245438865, -33.0929248703389], [-70.8273703647819, -33.092873456571], [-70.8275808514074, -33.0930113182087], [-70.8275938853442, -33.0930238186285], [-70.8278384829362, -33.0931406898223], [-70.8280024761259, -33.0932981793283], [-70.8281964491373, -33.0934921283874], [-70.8284465614408, -33.0935745556278], [-70.8287235988986, -33.0935458912302], [-70.8294224735206, -33.0934249360732], [-70.8298398387807, -33.0931817705926], [-70.8298440115994, -33.0931810870553], [-70.8302622034002, -33.0929121101079], [-70.8305270398794, -33.0927768028434], [-70.8309792550105, -33.0925354845617], [-70.831097216057, -33.0923084644189], [-70.8313698882965, -33.0920134611275], [-70.8316980228149, -33.0915311909227], [-70.8317053597868, -33.0915204080423], [-70.8319351881588, -33.0913105164483], [-70.8322434415486, -33.0911182450166], [-70.8323655238347, -33.0910720617072], [-70.8326307027797, -33.0909717462625], [-70.8329479581415, -33.0906760840462], [-70.8334383196878, -33.0901244268501], [-70.8334341941926, -33.0901124164552], [-70.8334406092683, -33.0901047195972], [-70.8334886036299, -33.0898608512664], [-70.8336022673186, -33.0894273786561], [-70.833776151239, -33.0892089205429], [-70.8338675769734, -33.0890715223824], [-70.8338709542789, -33.0888086801234], [-70.8338074202624, -33.0885636227157], [-70.8337441419079, -33.0883308598492], [-70.8337685036975, -33.0880968083821], [-70.8336767781895, -33.0879013635727], [-70.8338507818207, -33.0878373053268], [-70.8341952132324, -33.0875370448904], [-70.8343364270448, -33.0873012726844], [-70.8341693693439, -33.086996240931], [-70.8339549192025, -33.0865197103986], [-70.8339490469736, -33.0862369049037], [-70.8339783720016, -33.086225412365], [-70.8339582598286, -33.0861648631536], [-70.834066811378, -33.0860224610765], [-70.8340955188914, -33.0859759213818], [-70.8342070508382, -33.0857951102719], [-70.834314627111, -33.0856057871241], [-70.8344335444633, -33.0854256850937], [-70.8344292567383, -33.0852192346868], [-70.8342927598146, -33.0850898260506], [-70.8340565225066, -33.0849900466525], [-70.8337101754266, -33.0849575946795], [-70.8335135030516, -33.0849708510317], [-70.8334866027674, -33.0850752430405], [-70.833291048968, -33.0855086071901], [-70.8331475381742, -33.0856337151128], [-70.8323300938248, -33.0856703356348], [-70.8318936885885, -33.0857628490538], [-70.8316043657413, -33.0859023975463], [-70.8313698985849, -33.0858689442571], [-70.8306952012529, -33.085743561576], [-70.8306196211279, -33.0856216745179], [-70.8308185017484, -33.0853481613114], [-70.8308576031257, -33.0852933909873], [-70.8308516490029, -33.0852898305151], [-70.8309312735211, -33.0851497092676], [-70.8306136031946, -33.0846254870791], [-70.8306044334804, -33.0845938752517], [-70.8304644626084, -33.0844800853371], [-70.8301027046626, -33.0839442134885], [-70.8297647834265, -33.0835038965426], [-70.8297604273332, -33.083502743911], [-70.8297273633941, -33.0834577378554], [-70.8294306592135, -33.0832406998589], [-70.8288884563482, -33.0831625601312], [-70.8283070166712, -33.0833063868742], [-70.8276409935299, -33.0835990488829], [-70.8269913517099, -33.0839775640481], [-70.826678664467, -33.0844003360991], [-70.8265989104994, -33.0847827952115], [-70.8265924415515, -33.0851764795626], [-70.826594385033, -33.0852704587635], [-70.8265691909737, -33.0852783619465], [-70.8263787151086, -33.0852342188205], [-70.8262398570537, -33.0851528532312], [-70.8261834649623, -33.0851824725054], [-70.8257852816318, -33.0850038113753], [-70.8256213083854, -33.0848463180809], [-70.8255995857133, -33.0845022455354], [-70.8253544497894, -33.08395235091], [-70.8250560996, -33.0829481468717], [-70.8250590181077, -33.0823823188897], [-70.825027392931, -33.0822659351059], [-70.8252427920131, -33.0813772034519], [-70.8252157373661, -33.0807749154943], [-70.824954740209, -33.0801637526214], [-70.8245851605323, -33.0792466871529], [-70.8245231838082, -33.0790753987947], [-70.8244560044834, -33.0779448107624], [-70.8245752612636, -33.0773526800014], [-70.824775413441, -33.0771406558004], [-70.8250508761985, -33.077038225078], [-70.8256952745505, -33.0771148856792], [-70.8257178095967, -33.0771247518298], [-70.8258522354801, -33.0770943578153], [-70.8259632517674, -33.0769975830314], [-70.825842242427, -33.0766108320079], [-70.8256017873547, -33.0763685545189], [-70.8254326436677, -33.07638688951], [-70.8254223202621, -33.0763842260407], [-70.8254141377796, -33.0763821147102], [-70.8253023062182, -33.076460159805], [-70.8249937368462, -33.0765677553977], [-70.8245168406124, -33.0767333187515], [-70.824141544483, -33.0768022439962], [-70.8238021092506, -33.0767834237466], [-70.8234981094184, -33.0767594803135], [-70.8234178165102, -33.0767363439288], [-70.8232264765609, -33.0767284134609], [-70.8228994180923, -33.0766315483936], [-70.8228594996406, -33.0765932005751], [-70.8222759242322, -33.0762487632813], [-70.8218586198275, -33.0763431062827], [-70.8213939254609, -33.0766808077374], [-70.8210845821513, -33.0769279956271], [-70.8206488041657, -33.0773976360658], [-70.820739207955, -33.0779698928357], [-70.8207872222692, -33.0790281033521], [-70.820695619841, -33.0796692009417], [-70.8209179191785, -33.0802836523653], [-70.8213094705197, -33.0806387266166], [-70.8213186657095, -33.0807425275758], [-70.8213263932522, -33.0808914257695], [-70.8213220601919, -33.0809071747955], [-70.8212848907288, -33.081057882465], [-70.8211893990142, -33.081170691092], [-70.8210474912555, -33.0812648008396], [-70.8207890409509, -33.0812879525124], [-70.8206045714837, -33.0812712719049], [-70.8205987438779, -33.0812682555942], [-70.8205947677392, -33.081270142603], [-70.8205814618177, -33.0812667647596], [-70.8203339175675, -33.0812606925769], [-70.8200716107553, -33.0813759364369], [-70.8199028361275, -33.0815624736654], [-70.8198089392798, -33.0817527621754], [-70.8197262467065, -33.0819283538805], [-70.819712482191, -33.082098096371], [-70.8197690405565, -33.0823297832048], [-70.8198001947564, -33.0823470928145], [-70.8198108509515, -33.0824876694609], [-70.8197981380746, -33.0824951464508], [-70.8198023916773, -33.0825521212567], [-70.8197937807195, -33.0826927239794], [-70.8197382524356, -33.0827904149052], [-70.8195965400419, -33.0828942086811], [-70.8193981015835, -33.0830375824298], [-70.8191486896437, -33.08322045193], [-70.8188833156707, -33.0834665267073], [-70.8188750023563, -33.0836216563936], [-70.8188683841848, -33.0838591102102], [-70.8187033593657, -33.083948710941], [-70.8178543971912, -33.0840773538142], [-70.817525314606, -33.0840240257164], [-70.8172246908704, -33.0838983140144], [-70.8171824255519, -33.0839043457759], [-70.8170969830332, -33.0838732279752], [-70.8168828798065, -33.0838484479645], [-70.8166402177232, -33.0838674858335], [-70.8164315821181, -33.0839294302653], [-70.8163531158111, -33.0839788989093], [-70.8163443587907, -33.0839786197919], [-70.8162402764737, -33.0840535914588], [-70.8161306177802, -33.08427715408], [-70.8161120152488, -33.0846547653695], [-70.8161816531544, -33.084806793991], [-70.8162500473769, -33.0849561054048], [-70.8163780763084, -33.0851984005073], [-70.8163768352559, -33.085268392432], [-70.8163740063717, -33.0854278232194], [-70.8164681080829, -33.0857298040398], [-70.8167176283322, -33.0858963392315], [-70.8170940763675, -33.0858242614301], [-70.8176935346576, -33.0859117044682], [-70.8180562165013, -33.0860247956313], [-70.8181864866605, -33.0861529569654], [-70.8182266621987, -33.0861924811384], [-70.8182866914945, -33.0865467492534], [-70.8182394537843, -33.0868137960373], [-70.8182281520443, -33.0868249624622], [-70.8182496060779, -33.0870305125754], [-70.8182505066869, -33.0870742594348], [-70.8179741486071, -33.0871171880831], [-70.8172884268519, -33.0871952593235], [-70.8169708484222, -33.087199890401], [-70.8168451173199, -33.0872649314931], [-70.8167937347047, -33.0872811281328], [-70.8166776151147, -33.0873692883238], [-70.8164488959383, -33.0877869563732], [-70.8165546779316, -33.0882293429323], [-70.8167901321294, -33.0885662564731], [-70.8169167672348, -33.0886577572158], [-70.8169234621251, -33.0886683337986], [-70.8171574522363, -33.0888712742881], [-70.8171672824793, -33.0889035385919], [-70.817303058887, -33.0892128073752], [-70.8175398916753, -33.0899407894205], [-70.8178273714092, -33.0904345944702], [-70.8181126123112, -33.0908194945745], [-70.8185211442483, -33.0909069078906], [-70.8192049866754, -33.0908969267367], [-70.8192320445879, -33.0908880652959]]]}, "properties": {"COMUNA": "Lampa", "SECTOR": "-", "NOMBRE": "Areas de Preservacion Ecologica", "UPREF": "Conservación", "UPERM": "Actividades que aseguren la permanencia de los valores naturales, tales como científico, cultura, educacional, recreacional, deportivo y turístico, actividad  agrícolas y ganaderas controladas", "UPROH": "Todo uso no mencionado como permitido.", "NORMA": "Titulo 8: Área restringida o excluida al desarrollo urbano; Capitulo 8.3. Áreas de valor natural y/o ie interés silvoagropecuario; Art. 8.3.1. Áreas de Valor Natural; Art. 8.3.1.1. Áreas de Preservación Ecológica", "SUP_HA": 237.51}}, {"type": "Feature", "geometry": {"type": "Polygon", "coordinates": [[[-70.8498327524058, -33.1886147138478], [-70.8497309591918, -33.1884126968699], [-70.8496386112684, -33.1878820854578], [-70.8495976449228, -33.1873364605702], [-70.8496095402395, -33.1868870867814], [-70.8496058292036, -33.1865779075359], [-70.84960231996, -33.1862783747614], [-70.8494937205388, -33.1861071097091], [-70.849453117074, -33.1860429623931], [-70.8491493818597, -33.1858235537988], [-70.8488878607217, -33.1855408406865], [-70.8488400792505, -33.1854259370737], [-70.8487638290441, -33.1852424670374], [-70.8485700773055, -33.1848721715371], [-70.8483320609691, -33.1843960279953], [-70.8479999546887, -33.183964208736], [-70.8477802781196, -33.1835796872662], [-70.8476527393304, -33.1834204252848], [-70.8475721110607, -33.1832018483276], [-70.8475609617742, -33.1830897370286], [-70.8475818726439, -33.182921056453], [-70.847640905997, -33.182606615679], [-70.8477752876152, -33.1823002556699], [-70.8479609329835, -33.1820398478085], [-70.8480813841867, -33.1818413718638], [-70.8481694773799, -33.1816902710737], [-70.8482987817012, -33.181515019742], [-70.8483197864217, -33.1813509369377], [-70.8481796401741, -33.1810865298316], [-70.8480231643924, -33.1808412130969], [-70.8479256004788, -33.1806275276063], [-70.8478990802124, -33.1806346922571], [-70.8469156849848, -33.1805529831254], [-70.8461346525125, -33.1805021081716], [-70.844833478268, -33.1804433244402], [-70.8448316591512, -33.1804433126268], [-70.8433476367491, -33.1804341102308], [-70.8410094888745, -33.1806071822261], [-70.8409939578207, -33.1806171354278], [-70.8409920496224, -33.1806407030514], [-70.8409283639915, -33.1808466295721], [-70.8408671962313, -33.1809422258054], [-70.8407834798339, -33.1810365331413], [-70.8406897130149, -33.1811220601142], [-70.8406193778686, -33.1812305977096], [-70.8405583913406, -33.181329708229], [-70.8404787420801, -33.1814492955582], [-70.8404030077405, -33.1815868623176], [-70.8403009601789, -33.181712372062], [-70.8401893027226, -33.1818399176485], [-70.8400790848214, -33.182005498807], [-70.8399348261215, -33.1822152322997], [-70.8397554158221, -33.1824313462249], [-70.8395531293056, -33.182640764719], [-70.8393732012817, -33.1828424565911], [-70.8392276478947, -33.1830160453095], [-70.839131841525, -33.1831324436626], [-70.8390277249616, -33.1832001760905], [-70.8388319096858, -33.1832267874691], [-70.8386701762847, -33.1832163720587], [-70.8384683055997, -33.1831636216643], [-70.8383040969046, -33.1830809151759], [-70.8381623611258, -33.1829958925271], [-70.837934183637, -33.1828389191344], [-70.8377971751802, -33.1828492148541], [-70.8377917002809, -33.1828578467961], [-70.8378406286369, -33.1830221084234], [-70.8379529401818, -33.1831874675842], [-70.8380084087034, -33.1832963101611], [-70.8380966988259, -33.1834207204135], [-70.8381411136746, -33.1835804988538], [-70.8380425726245, -33.1837149732642], [-70.8379234092246, -33.1838120559276], [-70.8377374185529, -33.1839342951038], [-70.8375130253129, -33.1840664790974], [-70.8373391222737, -33.184166715084], [-70.8371525372292, -33.1842708346246], [-70.8369757528702, -33.1843820238174], [-70.836832860168, -33.1844470811551], [-70.8366579226313, -33.1845183820341], [-70.8364924819089, -33.1845822377543], [-70.8362472434244, -33.1846716208497], [-70.8361268490235, -33.1847129007103], [-70.8360878306809, -33.1847262786763], [-70.835915295852, -33.184774005475], [-70.8357456801737, -33.1848125814564], [-70.8355625042155, -33.1848335001997], [-70.8353685716802, -33.1848221116454], [-70.8351572017555, -33.184776801692], [-70.834974252286, -33.1847108705601], [-70.834871623749, -33.184639335992], [-70.8346770742795, -33.1845211794499], [-70.8346309699082, -33.1846760710812], [-70.8346321024752, -33.1847972604681], [-70.8346282798334, -33.1849637033954], [-70.8345750434558, -33.1851006636584], [-70.834481782479, -33.1852006078357], [-70.834463208046, -33.1854054153735], [-70.834383949298, -33.1855340123529], [-70.8343359307404, -33.1856383397506], [-70.8343175018048, -33.1858449487661], [-70.8342508849564, -33.1859677671132], [-70.8341499758693, -33.1860353581111], [-70.8339763695514, -33.1860524369518], [-70.8338403901214, -33.1860377570669], [-70.8337029764081, -33.1859851313638], [-70.8335910642526, -33.18592103733], [-70.8334822229522, -33.1858550942999], [-70.8333333200033, -33.1857503316327], [-70.8332162562702, -33.1858147338396], [-70.8330495126462, -33.1859346977365], [-70.8329528490606, -33.186031083628], [-70.8328299828838, -33.1861155914475], [-70.8327043031755, -33.1862091579265], [-70.8325915241083, -33.1863042477751], [-70.8324243462336, -33.186321048532], [-70.8323033691991, -33.1863675612161], [-70.8322595773334, -33.1865874395273], [-70.8321788806046, -33.1866780886221], [-70.8320463254279, -33.1867609337895], [-70.8319076730492, -33.1868548717354], [-70.8317747152075, -33.1869287043033], [-70.8316471911441, -33.186969900888], [-70.8315024491686, -33.1869825825429], [-70.8313438507831, -33.1869685042884], [-70.8311941640112, -33.1869342732876], [-70.8310564179437, -33.1868708276561], [-70.8309247978452, -33.1868904399794], [-70.8308290869087, -33.1870121524341], [-70.8307359276413, -33.1871121825843], [-70.8306245067088, -33.1872469310103], [-70.8304674047412, -33.1873666595272], [-70.830315074953, -33.1874373494789], [-70.8301685178433, -33.1874917206022], [-70.8300279827906, -33.1875313934354], [-70.8299448023136, -33.1876420079845], [-70.8299244501886, -33.1877979631291], [-70.8298748234809, -33.1879438866705], [-70.8298105937136, -33.1881353867047], [-70.8297415632583, -33.1882817758708], [-70.8296454097884, -33.1883926720612], [-70.8294600010415, -33.1884407597336], [-70.8291591558759, -33.188508039375], [-70.8290683648446, -33.1885880139015], [-70.8289608672611, -33.1886485732219], [-70.8287971971905, -33.1886744260736], [-70.8286198889351, -33.1886788353205], [-70.828460439583, -33.1886394246638], [-70.8282835929553, -33.1885679831603], [-70.8280370596958, -33.1885289486187], [-70.8278489846165, -33.1885933068327], [-70.8276950911838, -33.1887128946342], [-70.8275318091594, -33.1888400150976], [-70.8274633289742, -33.1888685264379], [-70.8273474263059, -33.1889169438995], [-70.8271725466106, -33.188991838164], [-70.8270429427592, -33.1890674201942], [-70.8268935657593, -33.1891308480934], [-70.8267266773668, -33.1891567454943], [-70.82656855199, -33.1891552789232], [-70.8264959149281, -33.1891747423197], [-70.8263447715226, -33.1892151087671], [-70.8262156978787, -33.1892129448231], [-70.8260103450519, -33.1891530108664], [-70.8258945588643, -33.1890727338895], [-70.8258297472183, -33.1889731312953], [-70.8258258880378, -33.1888646983093], [-70.8257745076413, -33.188688784537], [-70.8257089059174, -33.1886596260348], [-70.8255572147573, -33.1886580646634], [-70.8254153519047, -33.1886597849731], [-70.8252858775627, -33.1886486076681], [-70.8250880270449, -33.1885934319608], [-70.8249093873082, -33.1884458076225], [-70.8247079041151, -33.1882930177335], [-70.8244914902209, -33.1881857171617], [-70.8243942398773, -33.1881871429377], [-70.8241800321546, -33.1881240891199], [-70.8241377697249, -33.1884342161896], [-70.8240659846699, -33.1885827169668], [-70.8238135839852, -33.1886899460044], [-70.8236090531244, -33.1887677958856], [-70.8233081308135, -33.1888575180723], [-70.8231102241564, -33.1889496993068], [-70.8229575510355, -33.1890612372463], [-70.822692129475, -33.1891613509077], [-70.8223480074358, -33.1891488051842], [-70.8221422243349, -33.1891455968544], [-70.821827171329, -33.1891435361348], [-70.821581869744, -33.1890758828425], [-70.8212667422964, -33.1890702153832], [-70.8209740542013, -33.1890552897832], [-70.8206902689861, -33.1889989304818], [-70.8204753239413, -33.1890246207974], [-70.8202789299939, -33.1890086464474], [-70.8200024057202, -33.1890025905629], [-70.8197935972946, -33.1890138509086], [-70.8195550349175, -33.188965936116], [-70.8192235539799, -33.1889370541826], [-70.8190141398329, -33.1889086425921], [-70.8186694121678, -33.1888564151211], [-70.8183572384459, -33.1888327507412], [-70.8181066774144, -33.1888425441334], [-70.8177945038248, -33.1888188783344], [-70.8174781260054, -33.1887267333807], [-70.8173067445608, -33.1886546551739], [-70.8172108747043, -33.1884737057032], [-70.8171465698037, -33.1882527951934], [-70.8170459693994, -33.1879673928506], [-70.8169780282293, -33.1877157830002], [-70.8169109275428, -33.187525575277], [-70.8168143378832, -33.1872941335979], [-70.8167051092958, -33.1870790190487], [-70.8165994009702, -33.1868837833903], [-70.8165099678887, -33.1867027393052], [-70.8164207202396, -33.1865307107145], [-70.816378938133, -33.1863095611175], [-70.8163283021883, -33.1861478809876], [-70.8164770427934, -33.1859859963047], [-70.8166689248688, -33.1859136635594], [-70.8167596869603, -33.1857487470407], [-70.8165793438241, -33.1857254070199], [-70.8163347353991, -33.1857010215932], [-70.8160463004938, -33.1857616854314], [-70.8158191064062, -33.18583795941], [-70.8155634443728, -33.1859380047445], [-70.8154302953501, -33.1860655727229], [-70.8152440033165, -33.1862945588467], [-70.8151406758342, -33.1864848185891], [-70.8150464340534, -33.1866371600441], [-70.8147585988261, -33.1867374926511], [-70.8145200085607, -33.186687854938], [-70.8143578699285, -33.1865903865638], [-70.8142720015846, -33.1864363436378], [-70.8141888590012, -33.1862480816181], [-70.8140863706106, -33.1860473857602], [-70.8139480821968, -33.1858217800699], [-70.813779254303, -33.185711872973], [-70.8138250930768, -33.1855474328531], [-70.8138240782514, -33.1852537221373], [-70.8136292856845, -33.185122459165], [-70.8134644217563, -33.1850538877561], [-70.8132683779599, -33.1850596301857], [-70.8130267255648, -33.1850224793396], [-70.8128418486044, -33.1849091072143], [-70.8126913400136, -33.1847251621203], [-70.8124654367445, -33.1846663172374], [-70.8122202276074, -33.1846021608269], [-70.8119866485663, -33.1844569405421], [-70.8118495710029, -33.1843105854444], [-70.8117384620328, -33.1841856764007], [-70.8114997309191, -33.1841287299387], [-70.8113106604657, -33.1839469676589], [-70.8112177196845, -33.1837407192537], [-70.8112025162495, -33.183580505112], [-70.8112207753604, -33.1832848001421], [-70.8112634044534, -33.1831258176252], [-70.8113664358273, -33.182915724993], [-70.8115122273734, -33.1827718354258], [-70.8116841316345, -33.1826565133873], [-70.8119642744315, -33.1824643134569], [-70.812148330306, -33.1823038126022], [-70.812347715501, -33.1820908732515], [-70.8124722197892, -33.1819445871008], [-70.8127107370558, -33.1818508392946], [-70.8130010138003, -33.1817863688549], [-70.813259296576, -33.1816577920289], [-70.8130516298079, -33.1815103021914], [-70.8128747154016, -33.181366602641], [-70.8127384027174, -33.1812050874229], [-70.8127052573963, -33.1810850858102], [-70.8127249838169, -33.1808400411504], [-70.8124824207057, -33.1809507120705], [-70.8123235846509, -33.1810910951761], [-70.8122099651188, -33.181234697563], [-70.8120667870791, -33.1813334592941], [-70.8118587111112, -33.1813951075805], [-70.8116443675981, -33.1812460892366], [-70.8117318359354, -33.1810667948618], [-70.8119260307225, -33.180940417177], [-70.8121208986471, -33.1808572261196], [-70.8122862500745, -33.1807311776658], [-70.8124224969513, -33.180592746863], [-70.8124938834232, -33.1804190060613], [-70.8124077986265, -33.1802488219346], [-70.8123020665087, -33.1800462776089], [-70.8122285849821, -33.1798578732237], [-70.8122321897862, -33.17966320594], [-70.8123813066765, -33.1795300889532], [-70.8124140158817, -33.1793478038204], [-70.8122574622399, -33.1791927142392], [-70.8121876063516, -33.1790240972483], [-70.8122334433923, -33.1788595674083], [-70.8124533288782, -33.1787311906992], [-70.8123008625255, -33.1786390795059], [-70.8121504759338, -33.1784604532777], [-70.8121347459632, -33.1782642638057], [-70.8122548336118, -33.1781224602592], [-70.8125552453799, -33.178003914077], [-70.8127952939654, -33.1779329602541], [-70.8128657969244, -33.1779247187251], [-70.8129458829265, -33.1779235522049], [-70.8130078446825, -33.1779015468332], [-70.8129913410997, -33.1778760850923], [-70.8129451030564, -33.1778284205471], [-70.8129519712921, -33.1778026183609], [-70.8129673871882, -33.1777232131737], [-70.812915673373, -33.1777064709478], [-70.8129119705424, -33.1776828969477], [-70.8128492341902, -33.17768290891], [-70.8127203270509, -33.1776828023937], [-70.8124982737633, -33.1776225474374], [-70.8121691871137, -33.1775358946925], [-70.8119948424986, -33.1774800846119], [-70.8118329887171, -33.1774007350595], [-70.8116866546134, -33.1772833736177], [-70.8114490472668, -33.1770768859693], [-70.8113848920766, -33.1770236196826], [-70.81126029597, -33.1769202795405], [-70.8110583850507, -33.1768067914026], [-70.8108737011729, -33.1766966596062], [-70.8106861108118, -33.1766067717049], [-70.8105437742204, -33.1765480589389], [-70.810548990779, -33.176634829304], [-70.8105822323073, -33.1767076645419], [-70.8107081554693, -33.1769693474528], [-70.8107367052976, -33.1770330522284], [-70.810804488916, -33.1771845655464], [-70.8108851939695, -33.1774323866333], [-70.8109176791528, -33.1776717105832], [-70.8110135286175, -33.1778580769516], [-70.8110394726658, -33.1780974058397], [-70.8109840169612, -33.1782583777476], [-70.8109346999538, -33.1784102429153], [-70.8108886692129, -33.1785602556876], [-70.8108120137663, -33.1788115385896], [-70.81078955809, -33.1790388558721], [-70.8107928342627, -33.1792657987715], [-70.8107772233993, -33.1795182685888], [-70.8107164251523, -33.179758498753], [-70.8105836950193, -33.1799167168248], [-70.8103993761848, -33.1800591826061], [-70.8102217983828, -33.1802322113874], [-70.810069192877, -33.1803419290201], [-70.809825467789, -33.1803805554976], [-70.8096404360766, -33.1804780283413], [-70.8094281286961, -33.180469482438], [-70.8092221389338, -33.1804500214722], [-70.8088808929764, -33.1804139483567], [-70.8086875845476, -33.1803853749727], [-70.8084204016907, -33.1803576032756], [-70.8081127106431, -33.1804148317119], [-70.807895432908, -33.1805036619735], [-70.8075404324825, -33.1806281312975], [-70.8073687413457, -33.1805398103885], [-70.8072732753674, -33.1803822941915], [-70.8072187291854, -33.1801702542789], [-70.8071640285338, -33.1799401799648], [-70.8070779525318, -33.1797699016138], [-70.8069251876315, -33.1796526270301], [-70.8066704580911, -33.1795940093773], [-70.8063157830597, -33.1795148361959], [-70.8061159715597, -33.1794827449104], [-70.8058781539334, -33.1794852046847], [-70.8056258925182, -33.1793743321491], [-70.805505109677, -33.1792476636496], [-70.8053345438785, -33.1790153010983], [-70.8052458126562, -33.1788774356153], [-70.8051630328268, -33.1787107153344], [-70.8050994403976, -33.1785330751043], [-70.805026231445, -33.1783571975929], [-70.8049002165812, -33.1780955100177], [-70.80476967117, -33.1779580710415], [-70.8046055351567, -33.1777147921504], [-70.8046385603204, -33.1775576652241], [-70.8048032403016, -33.1773829365201], [-70.804910059651, -33.1772106708781], [-70.8047868994334, -33.1771194780079], [-70.8047540137445, -33.1770951544983], [-70.8046398140024, -33.1769702834208], [-70.8045222940129, -33.1768507811726], [-70.8044176006514, -33.1767239683855], [-70.8043383724508, -33.1765734289102], [-70.8042781160696, -33.1764118825643], [-70.8042243645384, -33.1762485284092], [-70.8041643662527, -33.1760996038926], [-70.8040612407414, -33.1758556201144], [-70.8041631663917, -33.175622552381], [-70.8041242750925, -33.1754412166669], [-70.8039968417118, -33.1754971736093], [-70.8038129881326, -33.1756572087194], [-70.8036777493942, -33.175787589391], [-70.8035391371342, -33.1759835819673], [-70.8033728491821, -33.1762682656107], [-70.8032770220189, -33.1765269465771], [-70.8030096652464, -33.1767099244664], [-70.802746237014, -33.1767234799951], [-70.8025765001422, -33.1765415137292], [-70.802387349432, -33.1763488259963], [-70.8021685088566, -33.1763349510976], [-70.8020256993678, -33.1764571427918], [-70.8018579502358, -33.1766445379926], [-70.8017060128868, -33.1768028445686], [-70.8014759472061, -33.1769007768588], [-70.801169276483, -33.1770337271145], [-70.8009713340179, -33.1771240691487], [-70.8008281733571, -33.1771768244249], [-70.8007347199181, -33.1772112737657], [-70.8004068020286, -33.1772021293797], [-70.8003567709856, -33.1771836440533], [-70.8002645961596, -33.1771495362054], [-70.8000409678286, -33.1770694412748], [-70.7998004364346, -33.1768917415517], [-70.7996849248233, -33.176639365651], [-70.7996834566146, -33.1763997700151], [-70.7996884587625, -33.1760989365757], [-70.7996775125671, -33.175815378356], [-70.7994308731134, -33.1757110851068], [-70.7992110633733, -33.1755395777326], [-70.7989249644626, -33.1753357513114], [-70.798654094571, -33.1752159344104], [-70.7986463019263, -33.175212439688], [-70.7984285108962, -33.174987332822], [-70.7982151239383, -33.1747468307603], [-70.7980359639887, -33.1745176478903], [-70.7980357458918, -33.1745174706742], [-70.7978185021867, -33.1743557545116], [-70.7975691335535, -33.1741805225785], [-70.7972964442348, -33.1739345624065], [-70.7971173762614, -33.1737149362116], [-70.7968657208853, -33.1735378428565], [-70.7966731274634, -33.1733489833759], [-70.7964964236931, -33.1731294122723], [-70.7963106052988, -33.1729308949678], [-70.7961543444685, -33.1727093148275], [-70.7960341383505, -33.1726403780567], [-70.7960100207537, -33.172626546518], [-70.7960278942012, -33.1725787331327], [-70.7958934147034, -33.1724104721968], [-70.7957240289623, -33.1721154388835], [-70.7954060671643, -33.1718797427293], [-70.7953868862435, -33.1716054335229], [-70.7950834663153, -33.1714152911934], [-70.7946577657696, -33.1712383446065], [-70.7942712805645, -33.1709807456789], [-70.7927582803177, -33.1716242062697], [-70.7927398628129, -33.1717562845443], [-70.7927602575011, -33.1717780136067], [-70.7926946769518, -33.1720972073515], [-70.7926504460062, -33.1721473171905], [-70.7920472205229, -33.1725415428597], [-70.7919250256512, -33.1726213999967], [-70.791775899791, -33.1726623508572], [-70.7917356205773, -33.1732487614109], [-70.7937382060975, -33.1773732473638], [-70.7954331894048, -33.180415127791], [-70.7963919002569, -33.1820488478746], [-70.7975023727303, -33.1831083113073], [-70.7995784077089, -33.1841195109484], [-70.8015502286591, -33.1853609797989], [-70.8060546012502, -33.1872979410653], [-70.8072317070174, -33.1876126597713], [-70.8122328221546, -33.1898738826927], [-70.8131904900126, -33.190294299636], [-70.8140981753387, -33.1904710991845], [-70.8147687926546, -33.1908163289901], [-70.8154858953842, -33.1914651687229], [-70.8158412035498, -33.1921192858978], [-70.8158508598686, -33.1921429153456], [-70.815964471556, -33.1921979976502], [-70.816728562066, -33.192273482087], [-70.8173256849323, -33.1922474342046], [-70.8180417690556, -33.1919943835855], [-70.8185417640533, -33.1918347373721], [-70.8185536130463, -33.1918309532938], [-70.8190470017638, -33.191771757783], [-70.8196647214527, -33.1917453976509], [-70.8203464010543, -33.1918220658594], [-70.8208448079893, -33.1920053783502], [-70.8216067472745, -33.1919768972259], [-70.8220411969347, -33.1920571750056], [-70.8223133386389, -33.1922611229643], [-70.8226462127873, -33.1924121968011], [-70.8232093088711, -33.1927331744002], [-70.8232199193236, -33.1927499029134], [-70.8235443409069, -33.1929881810852], [-70.8239603493929, -33.1931726882936], [-70.8244334974077, -33.1931310956956], [-70.8252597697214, -33.1932229433232], [-70.8256284640699, -33.1931135676627], [-70.8260145249417, -33.1928479861967], [-70.8262140786776, -33.1925331579114], [-70.8264765187704, -33.1922693892745], [-70.8267439934423, -33.1922481352916], [-70.827239896142, -33.1923101640509], [-70.8277986880619, -33.1924232509448], [-70.8282671481251, -33.1921564522766], [-70.8287146437951, -33.1918726314259], [-70.8290019986021, -33.191816425145], [-70.8294346516949, -33.1918100642028], [-70.8299905587931, -33.1917845615545], [-70.8307138102693, -33.1918778880938], [-70.8313723696467, -33.1918335413428], [-70.8315982758104, -33.1917955601889], [-70.8321935825345, -33.1916828295468], [-70.8330585247653, -33.1916527616954], [-70.8334275628265, -33.1915606857742], [-70.8337149130797, -33.1915044687424], [-70.8343109380998, -33.191426371833], [-70.8348863586189, -33.1913485768143], [-70.8355637058431, -33.1912172918757], [-70.8360111720669, -33.1909334466154], [-70.8362363493019, -33.1908608126081], [-70.8364188765805, -33.1907194971075], [-70.8366617628152, -33.1905079799677], [-70.8367799498702, -33.1902463192733], [-70.8369006681225, -33.1901059154133], [-70.8371648769021, -33.1899287378322], [-70.8375530574972, -33.1897670558442], [-70.8380023193119, -33.1895698152473], [-70.838286402042, -33.1893576865501], [-70.8384877135307, -33.1891294515902], [-70.8387067293668, -33.188762333722], [-70.8389047809234, -33.1883781976547], [-70.8389363055139, -33.1883000650114], [-70.8389587365189, -33.1882956437692], [-70.839045008452, -33.1881855197206], [-70.8392076474303, -33.1880791503358], [-70.8395126860218, -33.1878840359469], [-70.8398806150931, -33.1877399747887], [-70.8401867378879, -33.1875968256272], [-70.840551402112, -33.187296861305], [-70.8407733042895, -33.1870683191469], [-70.8410403957583, -33.1870297119131], [-70.8413476027759, -33.1869385276859], [-70.8414672215968, -33.1867461529683], [-70.8416703318698, -33.1866045254324], [-70.8422869159993, -33.1865260867672], [-70.842822907842, -33.1865354784033], [-70.8433820422161, -33.1866658173078], [-70.8436957790206, -33.1868864294219], [-70.8440062499159, -33.1869511397174], [-70.844235404926, -33.1870690371619], [-70.8444063883696, -33.187361073325], [-70.8442345215636, -33.1886042442245], [-70.8442036910654, -33.188630024289], [-70.8440050573511, -33.1896436530568], [-70.8436882165844, -33.1913122808926], [-70.8435163002682, -33.1922022582169], [-70.8433439663406, -33.1931321840166], [-70.8431669183827, -33.1937992650685], [-70.843054012314, -33.1945880065261], [-70.8427216851901, -33.1962567670215], [-70.8424420584198, -33.197604378719], [-70.8422305402156, -33.1987044730472], [-70.8420421666023, -33.1997909792502], [-70.8418999309505, -33.2003257075421], [-70.8417684251702, -33.2011394218986], [-70.8414635868511, -33.2026846107699], [-70.8412122060292, -33.2039824995402], [-70.8409770234425, -33.2053541008827], [-70.8407474622304, -33.2062942282852], [-70.8404320624037, -33.2080367768647], [-70.8402233374233, -33.209272405406], [-70.8400022498267, -33.2102678705417], [-70.8397752027833, -33.2106286657829], [-70.8389860325438, -33.2114538121478], [-70.838978946041, -33.2114624553384], [-70.8382418734928, -33.2135842454659], [-70.8382804135435, -33.2147651751599], [-70.8383499446033, -33.2152613622141], [-70.8385333770274, -33.2155470350056], [-70.8388203704881, -33.216258780575], [-70.8389287118621, -33.2166174629513], [-70.8388500859943, -33.2171135491109], [-70.8387926737229, -33.2183275988697], [-70.8387302672736, -33.2193030603819], [-70.8384339196254, -33.2226686032871], [-70.8383584334435, -33.2235845913641], [-70.8382817262761, -33.2250077556212], [-70.8382311424389, -33.2259830405001], [-70.8381606840074, -33.2271157274145], [-70.8381426033877, -33.2274063791414], [-70.8382164502226, -33.2276476674873], [-70.8382878316764, -33.2277801463996], [-70.8382966484485, -33.2277795687762], [-70.8382951154659, -33.2277830733544], [-70.8383590874354, -33.2279065569858], [-70.8383932697192, -33.2279530580648], [-70.8383948807462, -33.2279673830748], [-70.8387508145608, -33.2284670768851], [-70.8389411441913, -33.2288064592452], [-70.8391574529282, -33.2291711219079], [-70.8393879537423, -33.2294842445882], [-70.8397264696819, -33.2298513759231], [-70.8397127100661, -33.2298520989166], [-70.8397938681036, -33.2299538434736], [-70.840076146034, -33.2302656793212], [-70.8401575619025, -33.2303627889725], [-70.8404717112786, -33.2306004160796], [-70.8406969746763, -33.2307831775001], [-70.8408849436832, -33.2309805354487], [-70.8410854430974, -33.2311777084886], [-70.841281839756, -33.2313784526997], [-70.8413513171265, -33.2315038280568], [-70.8413530096278, -33.2315845615932], [-70.8412316533821, -33.2318546696463], [-70.8412286346016, -33.2318936142083], [-70.8410337702635, -33.2322951220126], [-70.8410292539949, -33.2322951888722], [-70.8410301984102, -33.2322987262454], [-70.8408748034628, -33.2326469274812], [-70.8422399729221, -33.2327222056693], [-70.8424394522308, -33.2327285580754], [-70.8426439789175, -33.2327115658042], [-70.8428089757895, -33.2326579310974], [-70.8430453500496, -33.232575317217], [-70.8433200820486, -33.2324735190469], [-70.8435624788867, -33.2324140817883], [-70.8436185192133, -33.2323842639241], [-70.8436884318682, -33.2323470646195], [-70.8438416719044, -33.2322610274605], [-70.8439517986076, -33.2322314725569], [-70.8441289388882, -33.2322288458586], [-70.8444618583954, -33.2322611363978], [-70.8448225537415, -33.2322976682701], [-70.8451845209462, -33.2323946767347], [-70.8455261058787, -33.232575751772], [-70.8457051041679, -33.2326615128657], [-70.8459163395665, -33.2327002596894], [-70.846105235847, -33.2327300301383], [-70.8462301749032, -33.232772850391], [-70.8462722031046, -33.2327777897299], [-70.8462781128358, -33.2327879601442], [-70.8464390390347, -33.2328041852278], [-70.8465332428271, -33.2328074398432], [-70.8466819234521, -33.2327680033143], [-70.8469236337186, -33.2326759952455], [-70.8470384146529, -33.2326044863789], [-70.847037933804, -33.2326033076333], [-70.8470764796068, -33.2325713456315], [-70.8471923365311, -33.2325510103977], [-70.8473748167966, -33.2325389921036], [-70.8476016810608, -33.2325309675014], [-70.8476075417576, -33.2325341585274], [-70.8476157576441, -33.2325307583637], [-70.8476957866966, -33.2325295693312], [-70.8478062058915, -33.2325139676886], [-70.8480536453329, -33.2324311799627], [-70.8482458264156, -33.2323538654913], [-70.8484702412836, -33.2322295361384], [-70.8485849224137, -33.2321533739917], [-70.8485585153771, -33.2320825700159], [-70.8485605125497, -33.2320815077501], [-70.8485373226983, -33.2320117264005], [-70.8483382917478, -33.2319313569987], [-70.8480022023612, -33.231900640809], [-70.8476999527907, -33.231830912505], [-70.8474395669977, -33.2316496382393], [-70.8471952730226, -33.2313813706203], [-70.8469004405051, -33.2312100758805], [-70.8465377129542, -33.2311167143402], [-70.8461737183083, -33.2309171357203], [-70.8460649326175, -33.2308086055283], [-70.8459522079467, -33.2307931037137], [-70.8458683842328, -33.2306109942953], [-70.8453704572708, -33.2298206012331], [-70.8452435149562, -33.2291876295929], [-70.8452739360084, -33.2287264862456], [-70.8455210371441, -33.2283969645363], [-70.8458337840365, -33.228010285813], [-70.8462445713641, -33.2278356415391], [-70.8471001940844, -33.2278341716126], [-70.8476517203365, -33.227994524028], [-70.8482459454824, -33.2282778395706], [-70.848795821531, -33.2283595567624], [-70.8492230438743, -33.2283307318031], [-70.8494481282015, -33.2282262569849], [-70.8497906619816, -33.2279851981619], [-70.8502038065498, -33.227922870298], [-70.8503754279985, -33.2278191891909], [-70.8503205467284, -33.2277525878005], [-70.8499842821888, -33.2276564633603], [-70.8495638060671, -33.2273705723123], [-70.8493013518072, -33.2269699657232], [-70.8492952027594, -33.2266779112235], [-70.849506918423, -33.2265736351427], [-70.8498210592424, -33.2262543448739], [-70.8502252059596, -33.2257651682279], [-70.8506739389086, -33.2254888182199], [-70.851267143481, -33.2254069526513], [-70.8521079556855, -33.2253382512434], [-70.8524962512025, -33.2253661763024], [-70.8525874374717, -33.2252524545796], [-70.8524905656286, -33.2250965884385], [-70.8522858281764, -33.2248973831281], [-70.8520386281512, -33.2245864462661], [-70.8521307614776, -33.2245176563511], [-70.8523694345083, -33.2244242098057], [-70.8526768266222, -33.2244196312448], [-70.8529298115257, -33.2243709169252], [-70.8530355448651, -33.224313159458], [-70.8530054978427, -33.224156298057], [-70.8527873975526, -33.2239572926131], [-70.8526349360162, -33.2237011277462], [-70.8526029951396, -33.2234544032549], [-70.8525421940398, -33.2231069817148], [-70.8523665582863, -33.2230197064537], [-70.8519608832308, -33.2228010205474], [-70.8516344504161, -33.2225362079909], [-70.8514566864107, -33.2223478361464], [-70.8512631916672, -33.2220473345986], [-70.8512038170256, -33.2217673089419], [-70.8511434951381, -33.2214423517226], [-70.8510951185926, -33.2210497986988], [-70.8511372792596, -33.2208300614616], [-70.8512938638187, -33.2206479493668], [-70.8520654412342, -33.2204679151105], [-70.8524935709386, -33.2204840117534], [-70.8528028440485, -33.2205692954417], [-70.8532786492037, -33.2209442430395], [-70.8536012892524, -33.2210293255166], [-70.8538299045049, -33.2210933362389], [-70.8538395685945, -33.2202841733667], [-70.8538167238999, -33.2198350588036], [-70.8540284177405, -33.2197307765778], [-70.8541997807833, -33.2196158577023], [-70.8541305896764, -33.2195045255959], [-70.8534445188642, -33.2193012602537], [-70.8528923281253, -33.2191072333923], [-70.8523138846493, -33.2189360682393], [-70.8519335362315, -33.2186495856859], [-70.8515353293354, -33.2181498771253], [-70.8507307706574, -33.2173977784794], [-70.8501675993382, -33.2173162661498], [-70.849726357475, -33.2173115927956], [-70.8491655499191, -33.2173424044432], [-70.8489885121652, -33.2171877268364], [-70.8488709663012, -33.2166838369121], [-70.8487703303035, -33.2163482406262], [-70.8488336033345, -33.2161787541532], [-70.8490956760133, -33.2159276578772], [-70.8493319660379, -33.2157218900572], [-70.8498345792197, -33.2154672149715], [-70.8502223576304, -33.2154726833719], [-70.8506003211761, -33.2156468425698], [-70.8508725602764, -33.2158787560614], [-70.8514332453132, -33.2164771759479], [-70.8516871550463, -33.2164733955187], [-70.8524770314509, -33.2165290517365], [-70.8530540369847, -33.2166328208364], [-70.8530616863537, -33.2166111300227], [-70.8530873284703, -33.2166267065605], [-70.853317116182, -33.2167468823874], [-70.8536943802096, -33.2168873333447], [-70.8541885993164, -33.2168687305936], [-70.8544673404401, -33.2167746830909], [-70.854435161981, -33.2165167266923], [-70.8545265729972, -33.2164142360108], [-70.8547792967804, -33.2163542856152], [-70.8549532603925, -33.2163629272147], [-70.8548707082954, -33.2162517946821], [-70.8545831977158, -33.2159302275628], [-70.8542443680512, -33.2157105516981], [-70.8536767036934, -33.2154156305815], [-70.8534438384927, -33.215149427668], [-70.8533574984492, -33.2148585688603], [-70.8533625705763, -33.2144652192094], [-70.8535325032765, -33.214282904664], [-70.8539305584471, -33.2141421358335], [-70.8544397857125, -33.2142019633272], [-70.8549487754043, -33.2142505547296], [-70.8552969325198, -33.2142790714837], [-70.8555618274669, -33.2141627558348], [-70.8556131452392, -33.2140608633594], [-70.8554637780096, -33.2139507278445], [-70.8546309900631, -33.2137608930804], [-70.8543475176883, -33.2136302831726], [-70.8540180331919, -33.2132194488393], [-70.8535973791465, -33.2129223357457], [-70.8533272058445, -33.212471287384], [-70.8531533491583, -33.2118334035096], [-70.8531672853125, -33.2112264308827], [-70.8531876165017, -33.2109227459294], [-70.8530712408687, -33.2104750238088], [-70.8528950230243, -33.2097248107179], [-70.85289867749, -33.2092640638142], [-70.8530605500659, -33.2086998331229], [-70.8533049637193, -33.2082467354306], [-70.8535965680083, -33.2081300271785], [-70.853916790761, -33.2081027822179], [-70.8544058930195, -33.2084775283648], [-70.8547578189748, -33.2086857735737], [-70.8551622483834, -33.2088482882393], [-70.8553388059626, -33.208980491239], [-70.8554996292679, -33.2090005649858], [-70.8554838955849, -33.2088884359834], [-70.8551035835138, -33.2086019624158], [-70.8550341636158, -33.2084793972572], [-70.8549893350531, -33.2082553383158], [-70.8549777948271, -33.2080251637692], [-70.8551577552885, -33.2076853882621], [-70.8552816588629, -33.2072228481581], [-70.8551657525588, -33.2067975941612], [-70.8547954934217, -33.2063536600458], [-70.8544212113961, -33.205718765318], [-70.8540772114248, -33.2052519641152], [-70.8538295902619, -33.2049185628387], [-70.8538212997971, -33.2045254126748], [-70.85384328616, -33.2043003565767], [-70.854052573727, -33.2040837459903], [-70.8547307058618, -33.2039163278601], [-70.8549165849855, -33.2038573743002], [-70.8550271965297, -33.2037152697026], [-70.8550759036203, -33.2034898159114], [-70.8549375468098, -33.2032671503689], [-70.8546772784273, -33.2029676482492], [-70.854310356202, -33.202680971837], [-70.8541426736173, -33.2023351428305], [-70.8542724982377, -33.2021534251748], [-70.8545283792801, -33.2020288740942], [-70.8546766424886, -33.2019567063799], [-70.8540024993389, -33.2015448772673], [-70.8540004633378, -33.2015452836651], [-70.8540004845824, -33.2015436456468], [-70.8537086424851, -33.2013653597977], [-70.8530359644312, -33.2007484524365], [-70.8527807765329, -33.2002863310292], [-70.8527661346168, -33.2002459690376], [-70.8525708378997, -33.199931635371], [-70.8523522374809, -33.1997774559847], [-70.8522954650816, -33.1997193114302], [-70.8518189378387, -33.1993832122323], [-70.8517492771416, -33.1993507085641], [-70.8515706373702, -33.1992239191403], [-70.8512106581116, -33.1990530313655], [-70.8508755407622, -33.1988592235914], [-70.8506494812051, -33.1986865871843], [-70.850171765256, -33.1983475158453], [-70.8499009062252, -33.1980548212149], [-70.8497074042258, -33.1979057206969], [-70.849705582706, -33.1978996956655], [-70.8496791055781, -33.1975360193331], [-70.8498698105736, -33.1970990257202], [-70.8499488186743, -33.1968687320745], [-70.8498792775058, -33.1965525238927], [-70.8494115672694, -33.1962422353653], [-70.8492824645559, -33.1960428698408], [-70.8491503896927, -33.1957507285255], [-70.8490923488989, -33.1954220200874], [-70.8491244675402, -33.1952266053811], [-70.8492536929321, -33.1948397286324], [-70.8492707113078, -33.1947542320753], [-70.8492955083686, -33.1947106239765], [-70.8493329300302, -33.1939451341458], [-70.8494193912256, -33.1933391435618], [-70.8494756456428, -33.1932054702435], [-70.8495580473727, -33.1930605575513], [-70.8496571992436, -33.1927479611888], [-70.8497730665995, -33.1926017888621], [-70.8497648900492, -33.1922130076746], [-70.8497489632631, -33.1919450178468], [-70.8498536434358, -33.1914534856318], [-70.8499165476737, -33.1912551627663], [-70.8499230551446, -33.1911275576509], [-70.8500229502681, -33.1906584822969], [-70.8501358546747, -33.1900699161206], [-70.8502195956436, -33.18985672611], [-70.8503674590686, -33.1895722974027], [-70.8504596752684, -33.1893989742426], [-70.85047179755, -33.1893801713874], [-70.8506643547688, -33.1891106314141], [-70.8507101517399, -33.1890028546317], [-70.8507018014232, -33.1890029319251], [-70.8502710861689, -33.1889682147607], [-70.8499248142053, -33.1887974177125], [-70.8498327524058, -33.1886147138478]]]}, "properties": {"COMUNA": "Lampa", "SECTOR": "P. E. D. C. 5 Laguna de batuco", "NOMBRE": "Areas de Proteccion Ecologica con Desarrollo Controlado", "UPREF": "Conservación", "UPERM": "Act. silvoagropecuaria y/o agropecuaria, residencial, forestación, reforestación con especies nativas y exóticas, explotación ganadero-pastoral extensiva, equip. de deporte, cientídico, turismo, esparcimiento, salud, culto y áreas v", "UPROH": "Todo uso no mencionado como permitido.", "NORMA": "Titulo 8: Área restringida o excluida al desarrollo urbano; Capitulo 8.3. Áreas de valor natural y/o ie interés silvoagropecuario; Art. 8.3.1. Áreas de Valor Natural; Art. 8.3.1.2. Áreas de Protección Ecológica con Desarrollo Controlado", "SUP_HA": 866.1}}, {"type": "Feature", "geometry": {"type": "Polygon", "coordinates": [[[-70.8449396675436, -32.9789572760747], [-70.8463731780015, -32.9806423244234], [-70.8475262291523, -32.981896393053], [-70.8536429495307, -32.9880698048759], [-70.8559443747307, -32.9903373516628], [-70.8571624138247, -32.9914415154675], [-70.8580939979737, -32.9918287407577], [-70.8620531951108, -32.9921610729134], [-70.8641953644235, -32.9919815144328], [-70.8656240806609, -32.992109745315], [-70.8678502348064, -32.9933594694393], [-70.8694937807806, -32.9946747604403], [-70.8725720381296, -32.9964041576059], [-70.8817294920863, -33.0017758719331], [-70.8845060544574, -33.0037421944865], [-70.8845518557023, -33.0036966201814], [-70.8845659266827, -33.0036925388043], [-70.8879691348964, -33.0005190517421], [-70.887787014118, -33.0000080617344], [-70.8877868205205, -33.000007012219], [-70.8877859143609, -33.0000048678298], [-70.8872775247116, -32.9984766405286], [-70.8872696155265, -32.9984312011078], [-70.8872712711781, -32.998423462655], [-70.8872556016347, -32.9984044489887], [-70.8872457534866, -32.9983811339048], [-70.8866998752686, -32.9967401490547], [-70.8866919676289, -32.9966947086514], [-70.8866943163181, -32.996683730246], [-70.8866808740574, -32.9966674189995], [-70.8866677233334, -32.9966327789016], [-70.8866605533135, -32.9966042404112], [-70.8866603257465, -32.996602549298], [-70.8866598123455, -32.996601155603], [-70.886650941058, -32.9965625287183], [-70.8866507125027, -32.9965606906204], [-70.8866502630204, -32.9965594339403], [-70.8866421938764, -32.996520682199], [-70.8866419675425, -32.996518697068], [-70.8866415798392, -32.9965175774352], [-70.8866343141762, -32.996478713443], [-70.8866340932732, -32.9964765812303], [-70.8866337652474, -32.9964756004802], [-70.8866273054535, -32.9964366359251], [-70.886627093191, -32.9964343565822], [-70.8866268205631, -32.9964335147795], [-70.8866211690073, -32.996394460448], [-70.8866209675442, -32.996392034844], [-70.8866207492635, -32.9963913329064], [-70.8866159062324, -32.9963522023218], [-70.886615719829, -32.9963496294906], [-70.8866155516544, -32.9963490692859], [-70.8866115205677, -32.9963098723169], [-70.8866117520624, -32.9963085304901], [-70.8866112301046, -32.9963067347044], [-70.8866080123187, -32.9962674848581], [-70.8866082701519, -32.9962660731916], [-70.8866077870596, -32.9962643435545], [-70.8866053817531, -32.9962250525672], [-70.8866056680644, -32.9962235710288], [-70.8866052216978, -32.9962219075724], [-70.8866036301888, -32.9961825871483], [-70.8866039471563, -32.9961810375086], [-70.8866035353756, -32.9961794402654], [-70.8866027590016, -32.99614010301], [-70.8866031066061, -32.9961384843676], [-70.8866027294496, -32.9961369551406], [-70.8866027673698, -32.9960976118888], [-70.8866031477893, -32.9960959260143], [-70.8866028031174, -32.996094464836], [-70.8866036566691, -32.9960551281932], [-70.8866040709542, -32.9960533741689], [-70.886603757716, -32.9960519819569], [-70.8866054250079, -32.9960126636757], [-70.8866058742668, -32.9960108432885], [-70.8866055913733, -32.9960095191576], [-70.8866080726729, -32.9959702318596], [-70.8866082239242, -32.9959696451822], [-70.8866083033061, -32.9959670899773], [-70.8866115988616, -32.9959278453826], [-70.8866117941733, -32.9959271164507], [-70.8866118948515, -32.9959247070216], [-70.8866160017018, -32.9958855168989], [-70.8866162453724, -32.9958846465492], [-70.8866163630867, -32.9958823838621], [-70.88662128148, -32.9958432599315], [-70.8866215745793, -32.9958422481479], [-70.88662170719, -32.9958401322352], [-70.8866274341651, -32.9958010862651], [-70.8866277820806, -32.9957999347699], [-70.8866279253275, -32.9957979665978], [-70.8866344611328, -32.9957590103084], [-70.8866348638645, -32.9957577191015], [-70.8866350155886, -32.9957558978008], [-70.8866423572821, -32.9957170438622], [-70.8866428202174, -32.9957156146658], [-70.8866429761394, -32.9957139403013], [-70.8866511218298, -32.9956752004657], [-70.8866516460385, -32.9956736332636], [-70.8866518050885, -32.9956721058514], [-70.8866607507447, -32.9956334919037], [-70.8866613405254, -32.9956317875328], [-70.8866614984432, -32.9956304080391], [-70.8866712432245, -32.9955919308137], [-70.8866719007551, -32.9955900910448], [-70.886672054312, -32.9955888586166], [-70.8866825942067, -32.9955505307998], [-70.8866833216459, -32.995548556502], [-70.8866834687023, -32.9955474711716], [-70.8866948007492, -32.9955093045319], [-70.8866956023956, -32.9955071965421], [-70.8866957386528, -32.9955062574727], [-70.8867078598717, -32.9954682628769], [-70.8867087368334, -32.995466022982], [-70.886708860171, -32.9954652311074], [-70.8867217665309, -32.9954274203403], [-70.8867227220172, -32.9954250484917], [-70.8867228302956, -32.9954244038443], [-70.8867365166957, -32.9953867887065], [-70.8867373111941, -32.9953856521039], [-70.886737642856, -32.9953837875003], [-70.8867521063353, -32.9953463797601], [-70.8867529574148, -32.9953451863882], [-70.8867532938595, -32.9953433956629], [-70.8867685303681, -32.9953062062035], [-70.886769438067, -32.9953049578653], [-70.8867697803452, -32.9953032401006], [-70.8867857837124, -32.9952662807388], [-70.8867867501895, -32.9952649783034], [-70.8867870950917, -32.9952633335479], [-70.8868038612676, -32.9952266151667], [-70.8868048875927, -32.995225258618], [-70.8868052329984, -32.9952236878055], [-70.886822757933, -32.995187221288], [-70.8868238441251, -32.9951858115274], [-70.8868241900344, -32.995184314658], [-70.886842467538, -32.9951481109194], [-70.8868436157753, -32.9951466497177], [-70.8868439600292, -32.9951452259222], [-70.8868629839316, -32.9951092967792], [-70.8868641953028, -32.9951077850219], [-70.8868645357616, -32.9951064343325], [-70.8868843020129, -32.9950707906683], [-70.8868846555719, -32.99507035695], [-70.8868859121121, -32.9950679507882], [-70.886906412383, -32.9950326035502], [-70.8869068715196, -32.9950320518986], [-70.8869080818402, -32.995029787122], [-70.8869246969497, -32.9950023644496], [-70.8869273213828, -32.9949992639338], [-70.8869319496672, -32.994991359694], [-70.8869507936692, -32.9949649792132], [-70.8869518111869, -32.9949638626854], [-70.8869527474475, -32.9949622973689], [-70.8869685277547, -32.994941055884], [-70.8869775206575, -32.9949289489233], [-70.8869786568013, -32.9949277241849], [-70.8869795296294, -32.9949262960049], [-70.8870049902671, -32.9948933177365], [-70.8870062472149, -32.9948919865582], [-70.8870070533819, -32.9948906946615], [-70.8870331930607, -32.9948580948132], [-70.8870345729904, -32.9948566589657], [-70.8870353103376, -32.9948555024832], [-70.8870621207479, -32.9948232929041], [-70.8870636258374, -32.994821754158], [-70.887064292206, -32.9948207322205], [-70.8870917649615, -32.9947889211535], [-70.8870933974079, -32.9947872821812], [-70.8870939895501, -32.9947863930342], [-70.8871221163219, -32.9947549914268], [-70.8871238793537, -32.9947532530811], [-70.8871243929713, -32.9947524958878], [-70.8871531664621, -32.9947215128682], [-70.8871550601176, -32.9947196769522], [-70.8871554941215, -32.9947190508272], [-70.8871849048946, -32.9946884955561], [-70.8871869313899, -32.9946865656435], [-70.8871872825325, -32.9946860688323], [-70.8872173222207, -32.9946559504541], [-70.887218611635, -32.9946551391433], [-70.8872197498371, -32.9946535590475], [-70.8872504079338, -32.994623886739], [-70.8872517747735, -32.9946230426928], [-70.887252885548, -32.9946215315511], [-70.8872841537055, -32.9945923153582], [-70.8872855979703, -32.9945914385765], [-70.8872866791777, -32.9945899964214], [-70.8873185468702, -32.9945612446192], [-70.8873200707383, -32.9945603368728], [-70.8873211202196, -32.994558962835], [-70.8873535790611, -32.9945306836665], [-70.8873551825707, -32.9945297467584], [-70.8873561992563, -32.994528440854], [-70.8873892387404, -32.9945006434961], [-70.8873899661466, -32.994500226669], [-70.8873909229612, -32.99449967741], [-70.8873919046923, -32.9944984387699], [-70.8874255153824, -32.994471132383], [-70.8874272792829, -32.9944701389382], [-70.8874282271294, -32.9944689675463], [-70.8874623973917, -32.9944421586188], [-70.88746424315, -32.9944411395859], [-70.8874651527941, -32.9944400337038], [-70.8874998742812, -32.9944137322817], [-70.8875004730865, -32.9944134075826], [-70.8875026733583, -32.9944116481899], [-70.8875379333666, -32.9943858607776], [-70.8875386825709, -32.9943854625586], [-70.8875407750678, -32.9943838184268], [-70.8875765641417, -32.9943585532833], [-70.887577465923, -32.994358083315], [-70.8875794474163, -32.9943565535911], [-70.8876157539607, -32.9943318190079], [-70.8876168104968, -32.9943312790611], [-70.8876186798593, -32.9943298610566], [-70.8876554922599, -32.9943056644236], [-70.8876567046781, -32.9943050571865], [-70.8876584576115, -32.9943037500647], [-70.8876957663935, -32.9942800987394], [-70.8876971347321, -32.994279426015], [-70.8876987701283, -32.9942782279891], [-70.8877365636584, -32.9942551284598], [-70.8877380901336, -32.9942543938219], [-70.8877396058147, -32.9942533031212], [-70.8877778714088, -32.994230762794], [-70.8877795571096, -32.9942299671278], [-70.8877809508978, -32.9942289819817], [-70.8878196769417, -32.9942070082465], [-70.8878215240652, -32.9942061542242], [-70.8878227937825, -32.9942052728619], [-70.8878619696935, -32.9941838712893], [-70.8878639772465, -32.9941829625332], [-70.8878651206959, -32.9941821822826], [-70.8879047338093, -32.9941613611803], [-70.8879069050205, -32.9941603985431], [-70.8879079200432, -32.9941597185351], [-70.8879479576176, -32.9941394826045], [-70.8879502925443, -32.994138468791], [-70.8879511769625, -32.9941378872548], [-70.8879916284346, -32.9941182429683], [-70.8879941282234, -32.9941171815681], [-70.8879948808904, -32.994116694914], [-70.8880357324874, -32.9940976487922], [-70.8880383982464, -32.9940965415923], [-70.8880390159339, -32.9940961489673], [-70.8880802560034, -32.994077706597], [-70.8880817718194, -32.9940773761396], [-70.8880835704598, -32.9940762559029], [-70.8881251851907, -32.9940584220019], [-70.888126788636, -32.9940580857091], [-70.8881285295873, -32.9940570204548], [-70.8881613899583, -32.9940435413826], [-70.8881705084163, -32.9940398014954], [-70.8881721973705, -32.9940394603011], [-70.8881738806135, -32.9940384491276], [-70.8882162086791, -32.9940218507452], [-70.8882179853009, -32.9940215055185], [-70.8882196086768, -32.9940205475567], [-70.8882622753774, -32.9940045744205], [-70.8882641386162, -32.994004226079], [-70.8882657010553, -32.9940033213451], [-70.8883086915102, -32.9939879781891], [-70.8883106424742, -32.9939876285196], [-70.8883121428875, -32.9939867761284], [-70.8883554443363, -32.9939720667525], [-70.8883574819941, -32.9939717175743], [-70.8883589203433, -32.9939709157227], [-70.8884025200642, -32.9939568457301], [-70.888404644435, -32.9939564979447], [-70.8884060196312, -32.9939557457473], [-70.888449903794, -32.9939423189543], [-70.8884505181697, -32.993942223082], [-70.8884534258704, -32.9939412709361], [-70.8884975806643, -32.9939284920606], [-70.8884983679482, -32.9939283746332], [-70.8885011241611, -32.9939274951217], [-70.888512031031, -32.9939245172577], [-70.8885152041829, -32.9939240697304], [-70.8885227763534, -32.9939218430509], [-70.8885338540687, -32.9939193495923], [-70.8885353367908, -32.9939191738444], [-70.8885374705477, -32.99391856348], [-70.8885827795499, -32.9939090768547], [-70.8885844365381, -32.9939088930583], [-70.888586412139, -32.9939083437056], [-70.8886319108545, -32.9938995242575], [-70.8886337421662, -32.9938993351171], [-70.8886355574524, -32.9938988459071], [-70.8886812320321, -32.9938906965509], [-70.8886832387756, -32.9938905038533], [-70.8886848926006, -32.9938900711962], [-70.8887307292147, -32.9938825957483], [-70.8887329103777, -32.9938824022141], [-70.8887344016333, -32.9938820243231], [-70.8887803863751, -32.9938752229939], [-70.8887827420346, -32.9938750322291], [-70.8887840706632, -32.9938747063997], [-70.8888301886331, -32.9938685830217], [-70.8888327188274, -32.9938683968294], [-70.8888338826319, -32.9938681203894], [-70.8888801199233, -32.9938626751729], [-70.88888282471, -32.9938624962575], [-70.8888838236521, -32.9938622674039], [-70.8889301674858, -32.9938575032478], [-70.8889330458528, -32.99385733433], [-70.8889338787858, -32.993857149473], [-70.8889803131541, -32.9938530684229], [-70.8889833662096, -32.9938529112895], [-70.8889840309748, -32.9938527695601], [-70.8890305441106, -32.993849371794], [-70.88903213638, -32.9938495659395], [-70.8890342673631, -32.9938491269578], [-70.8890808432395, -32.9938464136201], [-70.8890825184234, -32.9938466317613], [-70.8890845708925, -32.9938462246296], [-70.8891311966919, -32.993844196816], [-70.8891329537012, -32.9938444380677], [-70.8891349276371, -32.9938440618845], [-70.8891815873134, -32.9938427198378], [-70.8891834261868, -32.993842986003], [-70.8891853215703, -32.9938426398668], [-70.8892320012361, -32.9938419846989], [-70.8892339220119, -32.9938422775806], [-70.889235736665, -32.9938419597207], [-70.8892824234644, -32.9938419907245], [-70.8892844240222, -32.9938423112564], [-70.8892861579257, -32.9938420207715], [-70.8893328369016, -32.9938427390751], [-70.8893349183305, -32.9938430881427], [-70.8893365703763, -32.9938428232458], [-70.8893832276028, -32.9938442281582], [-70.8893853877825, -32.9938446066952], [-70.8893869590404, -32.9938443673703], [-70.889433579522, -32.9938464582166], [-70.8894342756892, -32.993846584757], [-70.8894373078527, -32.9938466524863], [-70.8894838787142, -32.9938494276578], [-70.8894847426582, -32.9938495931425], [-70.8894876017985, -32.9938496770175], [-70.889534107013, -32.9938531376587], [-70.8895351398035, -32.9938533420714], [-70.8895378248317, -32.9938534412069], [-70.8895842525746, -32.9938575847914], [-70.8895854521682, -32.9938578326721], [-70.8895879630074, -32.993857943462], [-70.8896342972133, -32.9938627693313], [-70.8896356636485, -32.9938630624828], [-70.8896379991905, -32.9938631831404], [-70.8896842269649, -32.9938686887842], [-70.8896857592105, -32.9938690290258], [-70.8896879204674, -32.9938691568305], [-70.8897340268339, -32.9938753424756], [-70.8897357227887, -32.9938757316427], [-70.8897377097029, -32.9938758638899], [-70.889783681748, -32.9938827261247], [-70.8897855404383, -32.993883168741], [-70.8897873529521, -32.9938833027261], [-70.8898331756608, -32.9938908399745], [-70.8898351971061, -32.9938913369414], [-70.889836834092, -32.9938914699762], [-70.8898824935001, -32.9938996797442], [-70.8898846766882, -32.9939002337824], [-70.8898861391775, -32.9939003640479], [-70.8899316213399, -32.993909244743], [-70.8899339641698, -32.993909857688], [-70.8899352520856, -32.9939099815779], [-70.8899805440887, -32.9939195297888], [-70.8899830444784, -32.9939202043774], [-70.8899841588522, -32.9939203200727], [-70.8900292456424, -32.9939305324199], [-70.8900319036691, -32.9939312722582], [-70.890032843354, -32.993931376169], [-70.8900777120369, -32.9939422501426], [-70.8900805266499, -32.9939430561482], [-70.8900812926774, -32.9939431464554], [-70.8901259282188, -32.9939546795779], [-70.8901272780679, -32.9939553490414], [-70.8901294896293, -32.9939556275852], [-70.890173880166, -32.9939678155272], [-70.8901752963132, -32.9939685326853], [-70.8901774212961, -32.9939688161468], [-70.8902215528252, -32.9939816546115], [-70.8902230342008, -32.9939824194804], [-70.890225072586, -32.9939827069581], [-70.8902689311237, -32.9939961925501], [-70.8902704766963, -32.9939970069491], [-70.8902724284454, -32.99399729664], [-70.8903160010588, -32.9940114250463], [-70.8903176108477, -32.9940122898769], [-70.8903194748715, -32.9940125808956], [-70.8903627486274, -32.9940273478034], [-70.8903644215629, -32.9940282630816], [-70.890366198912, -32.9940285545106], [-70.8904091598074, -32.9940439556229], [-70.8904108937885, -32.9940449231843], [-70.8904125833546, -32.9940452132366], [-70.8904552195068, -32.9940612433228], [-70.8904570134637, -32.9940622631835], [-70.8904586173673, -32.9940625509254], [-70.8905009137034, -32.9940792057049], [-70.8905014284089, -32.9940795045334], [-70.8905042837375, -32.9940805633288], [-70.8905462305147, -32.9940978375385], [-70.8905468840812, -32.9940982244471], [-70.8905495716334, -32.9940992442983], [-70.8905911526895, -32.9941171327725], [-70.8906424262475, -32.9941479618718], [-70.890645439726, -32.9941516182651], [-70.8906765930484, -32.994168051284], [-70.8906780464322, -32.9941690086628], [-70.8906797412224, -32.9941697441399], [-70.8907188759876, -32.9941911976151], [-70.8907204567538, -32.9941922567749], [-70.8907219887699, -32.9941929369997], [-70.890760674518, -32.9942149627154], [-70.890762378445, -32.9942161264257], [-70.8907637508196, -32.9942167477434], [-70.8908019734894, -32.9942393386983], [-70.8908037995269, -32.9942406078767], [-70.8908050122213, -32.9942411684845], [-70.8908427620695, -32.9942643194155], [-70.8908447070273, -32.9942656950121], [-70.8908457621426, -32.9942661930745], [-70.8908830261393, -32.9942898951613], [-70.8908850890054, -32.9942913798969], [-70.8908859875536, -32.9942918126932], [-70.890922754847, -32.9943160588858], [-70.8909249335398, -32.9943176554974], [-70.8909256765328, -32.9943180203068], [-70.8909619362711, -32.9943428035554], [-70.8909642265113, -32.9943445121078], [-70.8909648160695, -32.9943448079965], [-70.8909787744446, -32.9943546934842], [-70.8910005573816, -32.9943701203498], [-70.8910015201775, -32.9943712069056], [-70.8910033952541, -32.9943721660078], [-70.8910386073073, -32.9943980013176], [-70.8910396089522, -32.9943991531186], [-70.8910414021841, -32.9944000882088], [-70.8910760729989, -32.9944264367369], [-70.8910771135121, -32.9944276546845], [-70.8910788248801, -32.9944285648613], [-70.8911129457442, -32.9944554195253], [-70.8911140219162, -32.9944567036683], [-70.8911156524707, -32.9944575880139], [-70.8911492114238, -32.9944849399773], [-70.891150323274, -32.9944862912171], [-70.8911518729766, -32.9944871479285], [-70.8911848602169, -32.9945149892237], [-70.8911860066757, -32.9945164075766], [-70.8911874765767, -32.9945172357361], [-70.891219882303, -32.9945455583956], [-70.8912210601799, -32.9945470448116], [-70.891222450241, -32.9945478426162], [-70.8912542646322, -32.9945766377709], [-70.8912554749974, -32.9945781922339], [-70.8912567862882, -32.9945789596675], [-70.8912879984344, -32.994608217563], [-70.8912883837643, -32.9946087221637], [-70.8912904716494, -32.9946105762663], [-70.8913210738887, -32.9946402889027], [-70.8913215464867, -32.9946409211436], [-70.8913234975929, -32.9946426844291], [-70.891337169341, -32.9946564358843], [-70.8913534800848, -32.9946728420357], [-70.8913540378308, -32.9946736028506], [-70.8913558531699, -32.9946752725983], [-70.8913852061128, -32.9947058672077], [-70.8913858468864, -32.9947067575306], [-70.8913875296293, -32.9947083318888], [-70.8914162442528, -32.9947393537141], [-70.8914169648638, -32.9947403744952], [-70.891418516061, -32.9947418525462], [-70.8914465835751, -32.9947732908991], [-70.8914473819419, -32.9947744448753], [-70.8914488036559, -32.9947758229806], [-70.8914762163984, -32.9948076698611], [-70.8914770882225, -32.9948089561958], [-70.8914783825735, -32.9948102334215], [-70.8915051317739, -32.9948424790428], [-70.8915060760433, -32.9948439004567], [-70.8915072451324, -32.9948450749674], [-70.8915333220006, -32.9948777086412], [-70.8915343354867, -32.9948792642814], [-70.8915353814149, -32.9948803342415], [-70.8915607793392, -32.9949133470501], [-70.8915618578206, -32.994915039686], [-70.8915627837587, -32.994916003244], [-70.8915874939298, -32.9949493835974], [-70.8915886352669, -32.9949512132615], [-70.8915894422461, -32.9949520685981], [-70.8916134570016, -32.9949858084964], [-70.8916146601439, -32.9949877761064], [-70.8916153502652, -32.9949885213862], [-70.8916386629354, -32.9950226092069], [-70.8916399225531, -32.9950247157454], [-70.8916405000573, -32.9950253491005], [-70.8916631029219, -32.9950597741392], [-70.8916644169139, -32.9950620214417], [-70.8916648828513, -32.9950625419543], [-70.8916867692598, -32.99509729349], [-70.8916871614755, -32.9950985717612], [-70.8916884908693, -32.9951000865383], [-70.8917096552794, -32.9951351556373], [-70.8917119540689, -32.9951429288988], [-70.8917137366141, -32.9951451672952], [-70.8917176997046, -32.9951501403785], [-70.8917592152084, -32.9952379254078], [-70.8917595818847, -32.9952394610892], [-70.8917652089646, -32.9952523487213], [-70.8917833307424, -32.9953027022624], [-70.8917972994303, -32.9953351198907], [-70.8917974132, -32.9953356367224], [-70.8917985431799, -32.9953380870203], [-70.8918137089728, -32.9953752968989], [-70.8918138483461, -32.9953759603419], [-70.8918148921276, -32.9953782829835], [-70.8918292845286, -32.9954157092997], [-70.8918294452069, -32.9954165185173], [-70.8918304048909, -32.9954187116671], [-70.8918404789407, -32.9954465546863], [-70.8918497471094, -32.9954959043002], [-70.8918481658594, -32.9955032971782], [-70.8918640467666, -32.9955225667903], [-70.8918741027722, -32.9955465051259], [-70.8921981305657, -32.9965340426364], [-70.892244883183, -32.996440853157], [-70.8924900863405, -32.9958197910861], [-70.8928069519333, -32.9953806153991], [-70.8931902792594, -32.9948718533542], [-70.8935738379411, -32.9943745219645], [-70.8940371962077, -32.993795972053], [-70.8943883870178, -32.9930475711539], [-70.8947028654048, -32.9924940904584], [-70.8949754281205, -32.9918840599336], [-70.895245856254, -32.9911711553709], [-70.8954402682317, -32.9907223558719], [-70.8959962542861, -32.9900280981071], [-70.8965688846603, -32.9894822348089], [-70.8971431636105, -32.9890163828276], [-70.8974911538086, -32.9887711226204], [-70.8974821523301, -32.9883367672291], [-70.8975010118805, -32.9879363013566], [-70.8977296612509, -32.9878300141065], [-70.8979973761244, -32.9876431106744], [-70.898228393381, -32.9876511258724], [-70.8985036911509, -32.9878299928411], [-70.8986301350729, -32.9880339308904], [-70.8986091469886, -32.9883315215547], [-70.8986972359911, -32.9886503659843], [-70.8989718257875, -32.9887949403358], [-70.8992976349345, -32.9887901157114], [-70.8997451470517, -32.9887606188289], [-70.8998659023092, -32.9886902269184], [-70.900357697194, -32.9888315794069], [-70.9007849387861, -32.9891339599673], [-70.9010747678108, -32.9893583399315], [-70.9016682833623, -32.9891665977896], [-70.9020462529246, -32.9890580880606], [-70.9022448561433, -32.9894667575014], [-70.9020352512644, -32.9898357479096], [-70.9017251548198, -32.9899432515194], [-70.901253814019, -32.9901331826723], [-70.900811044685, -32.9903912922351], [-70.9004678093205, -32.9908651676587], [-70.9004246593638, -32.9914031969312], [-70.9004227105397, -32.9919634829086], [-70.9005593687593, -32.9926589203554], [-70.9004878319878, -32.9937919302129], [-70.9003627494515, -32.994308307442], [-70.9002007347984, -32.9950081750789], [-70.9002497692506, -32.995407632279], [-70.9006517894164, -32.9958018514441], [-70.9007537085429, -32.9961319202214], [-70.9008987304176, -32.9965756868516], [-70.9009143990875, -32.997330086382], [-70.9009633955973, -32.9983812715564], [-70.9010021829209, -32.9989409535485], [-70.9012813185589, -32.9993026900794], [-70.9016361791636, -33.0000406166438], [-70.901838134124, -33.0006093064837], [-70.9022677816062, -33.0016776972739], [-70.9022901506012, -33.0021004155589], [-70.9020333704687, -33.0021614020658], [-70.9018347007182, -33.0024044656233], [-70.9019073395153, -33.0026320618484], [-70.9021538698996, -33.0027313009839], [-70.9023844473249, -33.0027164384185], [-70.9026333547963, -33.0029299793262], [-70.9023286800782, -33.0033003916431], [-70.9019825575589, -33.0036371193046], [-70.9014870774092, -33.0039760669521], [-70.9007805239826, -33.0046154299494], [-70.9006701966096, -33.0051887629902], [-70.900923621613, -33.0056194819779], [-70.9012840102319, -33.0059685735458], [-70.9014049585336, -33.0061964637401], [-70.9014104795019, -33.0061993691931], [-70.9017928672563, -33.0064993861798], [-70.9020814921635, -33.0066588321235], [-70.9025499107246, -33.0067390743304], [-70.9029141849301, -33.0067990578563], [-70.9030838312801, -33.0068510848132], [-70.9036455492676, -33.0070500538181], [-70.9039462010218, -33.0071656189505], [-70.9039992126453, -33.0072194250841], [-70.9038453406675, -33.0072982347174], [-70.9037692258729, -33.007375856981], [-70.9036817939044, -33.0075301128459], [-70.9034508672692, -33.007642866519], [-70.9031907041425, -33.0076794080955], [-70.9031972107222, -33.0076816013162], [-70.9029089086417, -33.0077603633224], [-70.9024571960334, -33.0078546359225], [-70.9019812052151, -33.0080257379811], [-70.9018472162441, -33.0081053649218], [-70.9016227875425, -33.0082387385637], [-70.9013810059202, -33.0084499609395], [-70.9011804471069, -33.0087697848303], [-70.9010955870754, -33.0090441528228], [-70.9010162548387, -33.0091661971878], [-70.9006489598714, -33.0093967393137], [-70.8994509025319, -33.0101356581993], [-70.8996750211666, -33.010301680071], [-70.9001312084102, -33.010656424169], [-70.9003479022342, -33.0108644488784], [-70.9004521253202, -33.0110010349717], [-70.9005042674855, -33.0111831180993], [-70.9004941602445, -33.0113864694471], [-70.9004617746303, -33.0116755023696], [-70.9004261493593, -33.0118479253153], [-70.9003918600565, -33.0120138743855], [-70.9004459405819, -33.0121697847454], [-70.9004485761752, -33.0121773813234], [-70.9004844083124, -33.0122806852195], [-70.9005829537084, -33.0123767084025], [-70.900654035776, -33.012445972214], [-70.900748710159, -33.0125094854334], [-70.9008476842461, -33.0125758820674], [-70.9015774950002, -33.0130930732906], [-70.9018049631788, -33.0132551747188], [-70.9025252291568, -33.0137684563642], [-70.9026159879065, -33.0138331325455], [-70.903203971107, -33.0142590059768], [-70.9036290774933, -33.0145126118625], [-70.9038310147825, -33.0146354616172], [-70.9041569349204, -33.0148337356818], [-70.904676636891, -33.0152240673798], [-70.9050381035536, -33.0154339368446], [-70.9051739079168, -33.0154684388022], [-70.9053963367456, -33.0154934895457], [-70.9056136805946, -33.0155064256958], [-70.9058362833775, -33.0155396002962], [-70.9059535005774, -33.0156068963297], [-70.9060808872002, -33.0156984206028], [-70.9061145503933, -33.0157444886116], [-70.9061454982298, -33.0157868401637], [-70.9062102842718, -33.015883384316], [-70.9062916223152, -33.0161696787305], [-70.9064510690667, -33.0164886090628], [-70.9067116755958, -33.0170074279931], [-70.9067234007379, -33.017030770358], [-70.9067908756225, -33.0172118467668], [-70.9067756143445, -33.0173888316419], [-70.9068049566404, -33.0175704908031], [-70.9069282350154, -33.0179810273832], [-70.9070993594432, -33.0182515726439], [-70.9072052001708, -33.018442775146], [-70.9074122684892, -33.0186110042833], [-70.9077317770772, -33.0186864604649], [-70.9079695610092, -33.0187356147314], [-70.9081660327738, -33.0187762287796], [-70.9082874809914, -33.0188065079545], [-70.9082859874969, -33.0188110688085], [-70.9084809352276, -33.0188373295871], [-70.9086971224121, -33.0189171350504], [-70.9088598686626, -33.0189772122983], [-70.9092244539327, -33.0191489829691], [-70.9093462102295, -33.0192167932508], [-70.9094549828649, -33.0193798108202], [-70.9097006826431, -33.0196167395443], [-70.9098852995132, -33.0198102652899], [-70.9100794815606, -33.0200986538697], [-70.9102082174828, -33.0202550973494], [-70.910249341376, -33.0203050729592], [-70.9104101826017, -33.0204419563379], [-70.9107367870156, -33.0205953024007], [-70.9108351788147, -33.0206254649858], [-70.9115900790991, -33.0206041840711], [-70.9117948134564, -33.0206200195667], [-70.9120007943381, -33.0206843071426], [-70.9120859311108, -33.0208147172044], [-70.9121235138929, -33.0210121540356], [-70.9120489829314, -33.0212680865424], [-70.912043355555, -33.0212841081113], [-70.911948422091, -33.0215543929275], [-70.9117545694166, -33.0218733141282], [-70.9115590992982, -33.022062445116], [-70.9115001602951, -33.0220982354593], [-70.9112983816535, -33.0222207652249], [-70.9111995674362, -33.022265695831], [-70.9109594030312, -33.0223748969856], [-70.9103279086914, -33.0225524187675], [-70.9097451972635, -33.022726023408], [-70.9095461970416, -33.0227868606086], [-70.909199928866, -33.0228927188039], [-70.9087667654656, -33.0229767060386], [-70.9090396242207, -33.0235311629603], [-70.9092947283603, -33.0237564020897], [-70.9095812776403, -33.0239261648733], [-70.9099752127283, -33.0240301222641], [-70.9102069855414, -33.0241823916066], [-70.9102726583237, -33.0242065028435], [-70.9103127581503, -33.0242534792309], [-70.9104828583036, -33.0243614810108], [-70.9106952533759, -33.0246240341373], [-70.9108024910772, -33.0248271879793], [-70.91109469301, -33.0251694886365], [-70.9111097612452, -33.025176794382], [-70.9114068002831, -33.0253280605877], [-70.9116921724893, -33.0254428419014], [-70.9118576999503, -33.0255502940235], [-70.9119259308222, -33.0256867348079], [-70.9118855893228, -33.025834004861], [-70.9117682788421, -33.0259585515127], [-70.9117715123472, -33.0259623392399], [-70.911715515663, -33.0260199260156], [-70.9115230948388, -33.0261786926228], [-70.9113828805087, -33.026235835492], [-70.9112090464242, -33.0262476650566], [-70.9110249292133, -33.0262871486698], [-70.9109390999703, -33.0263434588016], [-70.9108097625267, -33.0264004344193], [-70.9106705372653, -33.0265033904908], [-70.9105330903835, -33.0266888103635], [-70.9105288752134, -33.0267322952742], [-70.910500702483, -33.0267507561084], [-70.9106404535477, -33.0269317419874], [-70.9110368555743, -33.0270402409782], [-70.9111941895745, -33.0272078126799], [-70.9113079389884, -33.0273002099833], [-70.9114086035446, -33.0274269878757], [-70.9114220522183, -33.0275459359059], [-70.911372217497, -33.0277575118427], [-70.9112003598192, -33.0278609685191], [-70.9108957972608, -33.0278656343472], [-70.9108780261917, -33.0278488944776], [-70.9106044068369, -33.0277904364508], [-70.9105090707795, -33.0277918605267], [-70.9103276122693, -33.0277551835993], [-70.9100887095598, -33.0277771733922], [-70.909959962596, -33.0278616367932], [-70.9097582383638, -33.0280938691285], [-70.9096765588586, -33.0283425949345], [-70.9096079300824, -33.0286919435597], [-70.9096443184088, -33.0288655350552], [-70.9096848985445, -33.0289560228712], [-70.909680316926, -33.0289806588266], [-70.9097352908035, -33.0290474570763], [-70.9098810463922, -33.0292468717312], [-70.9099712288301, -33.0293921427055], [-70.9100289775979, -33.0295470755174], [-70.9099666789148, -33.0296855158946], [-70.9098707137757, -33.0298635407248], [-70.9098741928729, -33.0298723560394], [-70.9096219219146, -33.0301507330906], [-70.9095631218863, -33.0301636690434], [-70.9094239891561, -33.0302529353521], [-70.9092527162336, -33.0303838772599], [-70.9091393885162, -33.0306789153373], [-70.9090990405015, -33.0308261855303], [-70.9091573817703, -33.0310086073147], [-70.909193770405, -33.0311821988782], [-70.9092975993084, -33.0314555816905], [-70.9093363604808, -33.031739126582], [-70.9092748510325, -33.0319142165768], [-70.9090814240748, -33.0320271668241], [-70.9087978128641, -33.0319948442257], [-70.9084916560852, -33.0319262038927], [-70.9082078467334, -33.0318847176862], [-70.9079656285129, -33.031839373325], [-70.9078910110669, -33.0318254045084], [-70.9076619862755, -33.0318014105576], [-70.907400329003, -33.0317779142826], [-70.9071054459255, -33.0317274295881], [-70.9068987702255, -33.0317305892917], [-70.9068026470782, -33.0318145508295], [-70.9065896338388, -33.03202861936], [-70.9065945685387, -33.03225768786], [-70.9066097199551, -33.0325490094558], [-70.9065886501156, -33.0325759562081], [-70.9065544473792, -33.0328553497536], [-70.9065753592622, -33.0328812516933], [-70.9066479311603, -33.0332192742512], [-70.9068091064446, -33.0336292690766], [-70.9069024477059, -33.0339211456823], [-70.9068731706498, -33.0340774103258], [-70.9068328562564, -33.0342245377242], [-70.9068227297848, -33.0342614961602], [-70.9068476446887, -33.0344077670441], [-70.9069601774521, -33.0345801960553], [-70.9070251617733, -33.0346792008832], [-70.9070717000713, -33.0349451988279], [-70.9070770536521, -33.0349542037984], [-70.9070796217062, -33.0350733195297], [-70.9070066336673, -33.0352210872158], [-70.9067827344695, -33.0354353225706], [-70.9065250157429, -33.0355950800781], [-70.9064310595808, -33.0357798308862], [-70.9064369012026, -33.0358169068561], [-70.9066784580503, -33.0361559580349], [-70.9068434477457, -33.0362741861002], [-70.9069541836226, -33.0363217780406], [-70.9070214278063, -33.0364124063558], [-70.9070230086124, -33.0364857089477], [-70.9069160028755, -33.0365698361092], [-70.9068180725924, -33.0366357040003], [-70.9068114525503, -33.0366574166218], [-70.9064208530375, -33.0368234349308], [-70.9062275190255, -33.0370677498019], [-70.9062005796741, -33.0372040436187], [-70.9062681695199, -33.0374877999118], [-70.9065240459652, -33.0378402238228], [-70.9067306904732, -33.037991815037], [-70.9070367999883, -33.0381353297206], [-70.9072779041306, -33.0382141341199], [-70.9076827793559, -33.0383179308714], [-70.9079124138175, -33.0383694118143], [-70.9080892361715, -33.038495027008], [-70.9081155389289, -33.0387054358882], [-70.9080534290849, -33.0388530386152], [-70.9080120882525, -33.0389544936014], [-70.9080068764018, -33.0389618095987], [-70.907906463673, -33.0391027610387], [-70.9078225970689, -33.0392506964721], [-70.9077840217238, -33.0394804292608], [-70.9078338596794, -33.0397729701634], [-70.9078957616875, -33.0401203208342], [-70.9079576642501, -33.0404676714384], [-70.9080939410834, -33.0407313930764], [-70.9082945024934, -33.0409483018815], [-70.9083641245234, -33.0411488825101], [-70.9083997262288, -33.041285823148], [-70.9083603612296, -33.0414789061287], [-70.9083880483383, -33.0417534541561], [-70.908509142143, -33.0419086201187], [-70.9085104566011, -33.04193321989], [-70.9085116701681, -33.0419348769143], [-70.90873300602, -33.0421056379313], [-70.9089865837055, -33.0422575735823], [-70.9093382704043, -33.042417172005], [-70.9096118280149, -33.0424863094322], [-70.9099300889106, -33.0426097550661], [-70.9102149216916, -33.0426970499077], [-70.9103688108861, -33.0427680184924], [-70.9105134047914, -33.0429124541059], [-70.9106360431822, -33.0430480615368], [-70.9106835173156, -33.0432306485371], [-70.9107096303136, -33.0434318942109], [-70.9105399179234, -33.0436361399539], [-70.910378512194, -33.0437211043821], [-70.9101065052123, -33.0437745708878], [-70.9100970634125, -33.0437836075095], [-70.9099995218515, -33.0438094011295], [-70.9098810384939, -33.0438662099587], [-70.9098441757005, -33.0440007471584], [-70.909770611143, -33.0440457638041], [-70.9095752346049, -33.0443200141998], [-70.9092017788929, -33.0446648639179], [-70.9090213796755, -33.0448784374507], [-70.909009971164, -33.0448937510533], [-70.9089800375069, -33.0449798927271], [-70.9089866421658, -33.0449882318254], [-70.908950563785, -33.0451269962582], [-70.9090104975938, -33.0453827189022], [-70.9091238405186, -33.0455917948675], [-70.9091930720115, -33.045774049331], [-70.9091659715279, -33.0460311042445], [-70.9091145411745, -33.0461693777588], [-70.9089883379941, -33.0463729554224], [-70.9088593660201, -33.0464482553309], [-70.9085875768925, -33.0464615813649], [-70.90831460054, -33.0464199306752], [-70.9081387497414, -33.0463401304539], [-70.9080689258708, -33.0461303868429], [-70.908062435251, -33.0461048472119], [-70.9079670585873, -33.0459486319322], [-70.9079110872755, -33.0457031938891], [-70.907761347045, -33.0454934930698], [-70.9076776809677, -33.0451464755889], [-70.9076723458468, -33.0448990823124], [-70.9077328782122, -33.0446781790721], [-70.9077578815569, -33.0445562645605], [-70.9077533000184, -33.0445038474032], [-70.9076857887564, -33.0438870076349], [-70.9074204551272, -33.0436714810122], [-70.9074172062442, -33.0436656129108], [-70.9074091653209, -33.0436623107511], [-70.9072083287086, -33.0435679839832], [-70.906968592376, -33.0435533194139], [-70.9068174692499, -33.043610624447], [-70.9066699006316, -33.0438328588861], [-70.9066325068441, -33.0441175675484], [-70.9067124142598, -33.0442904950729], [-70.9067721434509, -33.0445370559272], [-70.906842949294, -33.0447926135484], [-70.9068376007766, -33.0450493355373], [-70.9067863647218, -33.0451967704739], [-70.9066738022149, -33.0455284583434], [-70.9066362496114, -33.0458338374573], [-70.9066154391143, -33.0458501504267], [-70.9065907010305, -33.0462171583676], [-70.9066551725927, -33.0466836239673], [-70.906647452572, -33.0468303935149], [-70.9067720661508, -33.0470576316781], [-70.9068304150962, -33.0472400538882], [-70.9068798605363, -33.047514269388], [-70.9068729320922, -33.0476976896943], [-70.9069186236488, -33.0477978134654], [-70.9069404148818, -33.0478968065599], [-70.9069536337184, -33.0479072667224], [-70.9070887337667, -33.0481160117933], [-70.9071356122844, -33.0482711125198], [-70.9071364025464, -33.0483077633011], [-70.9071150382064, -33.0483264214618], [-70.9069075325055, -33.0482929318109], [-70.9067593090536, -33.0482641222076], [-70.9067373885513, -33.0482769034865], [-70.9062735099703, -33.0481958760013], [-70.9060138737903, -33.0481998445931], [-70.9057077267161, -33.0482774352392], [-70.9055269388897, -33.0483693119071], [-70.9053374058131, -33.0485018275034], [-70.9051013627367, -33.0487079651865], [-70.9050284447986, -33.0488954074488], [-70.9050485802683, -33.0490263391493], [-70.9050703990477, -33.049056790602], [-70.9051502947465, -33.0491932907518], [-70.9053065987785, -33.0493043201044], [-70.9052994250546, -33.049417847088], [-70.9051758082464, -33.0494845455354], [-70.9048999009802, -33.0496264820958], [-70.9047756181351, -33.0497041484319], [-70.9047731805287, -33.0497138270991], [-70.9047009225075, -33.0497672421727], [-70.9046859862316, -33.0497843894874], [-70.9045283516813, -33.0497941821412], [-70.9043645250684, -33.0497804818668], [-70.9042005241362, -33.0497586829236], [-70.9041043598278, -33.0497601513132], [-70.9040087196081, -33.04978591497], [-70.9039232185749, -33.0498358279977], [-70.9038763567024, -33.0498932521693], [-70.9038492513235, -33.0499746789448], [-70.9038417270371, -33.0500720080954], [-70.9038443256598, -33.05011064599], [-70.9038402356195, -33.0501145538248], [-70.9038946907928, -33.0502980342829], [-70.903984900672, -33.0504667821514], [-70.9039869928456, -33.0505639653748], [-70.9038836531547, -33.050678960565], [-70.903761079465, -33.0507942493141], [-70.9036605294093, -33.0510388213622], [-70.9036776416523, -33.0513869125138], [-70.9037300829662, -33.0515886433583], [-70.9038682028864, -33.0517485587108], [-70.9038907483379, -33.0519021374278], [-70.9039033298089, -33.0520396669451], [-70.9038386286362, -33.0521621732793], [-70.9037052161022, -33.0522209187894], [-70.9035719787746, -33.0522877625977], [-70.9034073704737, -33.052337662727], [-70.9033231656943, -33.0523482693034], [-70.9031986729555, -33.0523744736823], [-70.9029860609963, -33.0523291118207], [-70.9027919852283, -33.0522510613866], [-70.902568014954, -33.0521248591705], [-70.9024732738759, -33.0520816506606], [-70.9024537042045, -33.0520800310402], [-70.9024417790158, -33.0520700764372], [-70.9022274261655, -33.0519437277598], [-70.9020338743953, -33.0518899714624], [-70.9018321007319, -33.0519011500867], [-70.9017175717863, -33.0519434032527], [-70.9016123119963, -33.0519693127307], [-70.9014699781845, -33.0520605972885], [-70.9014045770649, -33.0521507077333], [-70.9013863720361, -33.0521984142376], [-70.9013587581401, -33.0522567226976], [-70.901253057033, -33.0522430492823], [-70.9012463055959, -33.052245310294], [-70.9012430097383, -33.0522422853134], [-70.9011457990404, -33.0521951598252], [-70.9010790047684, -33.0522204824086], [-70.9010430756034, -33.0522645063682], [-70.9008125245799, -33.0523541644347], [-70.9005930819514, -33.0524385222756], [-70.9004213745668, -33.0525059491094], [-70.9001076786796, -33.0526808557292], [-70.899936840393, -33.0527887751629], [-70.8999275718191, -33.0528051195223], [-70.8998032139132, -33.0529220748261], [-70.8996817129751, -33.0530032948479], [-70.8993577014456, -33.0531459523092], [-70.8990718075089, -33.0532718252934], [-70.8987672011266, -33.0534222868389], [-70.898548798054, -33.0535552329569], [-70.8982938388507, -33.0537778484515], [-70.8982011476938, -33.0539412837231], [-70.8981748808122, -33.0539801988457], [-70.8981642421093, -33.0539863651648], [-70.8981637228305, -33.0539904610558], [-70.8980717265541, -33.0541862910427], [-70.897997051337, -33.0542927440878], [-70.89793077704, -33.054342360475], [-70.8976429654132, -33.0543791462337], [-70.8972625605917, -33.0544654121557], [-70.8971764342218, -33.0545096775486], [-70.8971551106166, -33.054508089202], [-70.8968209502556, -33.0546265903734], [-70.8966319127046, -33.0547833898891], [-70.8963465304336, -33.0549335532681], [-70.8960525733143, -33.0551324540411], [-70.8956624440025, -33.0553328153601], [-70.8955312788619, -33.0554968345518], [-70.8955140100699, -33.0555405336289], [-70.8953889614653, -33.0556265651738], [-70.8950567281612, -33.0559862020947], [-70.8951021289467, -33.0561170771184], [-70.8951604848927, -33.0561505705871], [-70.8955101729881, -33.0563072794838], [-70.895704424546, -33.0563934396181], [-70.8958133390005, -33.0565376057137], [-70.8959031934517, -33.0566901635364], [-70.8959829091395, -33.0568185711849], [-70.8960610620729, -33.0568740906425], [-70.8960636670382, -33.056995569655], [-70.8959695793644, -33.0570942156121], [-70.8958361549651, -33.0571529530964], [-70.895740155785, -33.0571625138082], [-70.8955200017006, -33.0572144693311], [-70.8955033084648, -33.0572165907875], [-70.8951275569682, -33.0574039125291], [-70.8944392847789, -33.0574579488898], [-70.8944381152834, -33.0574577475142], [-70.8942170920883, -33.0574692074445], [-70.8940445023918, -33.0574961326223], [-70.893919999258, -33.0575223280737], [-70.8937573733978, -33.0575653046654], [-70.8936715109323, -33.0575990132148], [-70.8935856494888, -33.0576327225926], [-70.8935003082737, -33.0576907273885], [-70.8934438194515, -33.0577482939926], [-70.8934261460143, -33.0578214734024], [-70.893431348911, -33.0580644317587], [-70.893514705739, -33.0583629120421], [-70.8935382178009, -33.0584007870936], [-70.8935384091916, -33.0584019727968], [-70.8935253636039, -33.058411357838], [-70.8936365321321, -33.0586608071014], [-70.8938617218341, -33.0588437154256], [-70.8941348264202, -33.0590177934108], [-70.8941944397552, -33.0591060019401], [-70.8941956543121, -33.0591626922473], [-70.894167843447, -33.0592117214779], [-70.8940253167408, -33.0592948996444], [-70.8939198722195, -33.0593127036049], [-70.8937955389102, -33.0593469975223], [-70.8937384980863, -33.0593423311697], [-70.8936804769516, -33.0593649473583], [-70.8933919530737, -33.059369329967], [-70.8932954319353, -33.0593545934015], [-70.8932352990405, -33.0592420889467], [-70.8932132111463, -33.0591853043267], [-70.8932145025883, -33.0591694937027], [-70.8931243042187, -33.0590007378246], [-70.89297692063, -33.0588571525436], [-70.892733018268, -33.0586988309216], [-70.8925976811633, -33.058668480766], [-70.8924532469253, -33.0586625719146], [-70.8923189499589, -33.0586808133268], [-70.8921949645335, -33.0587313026174], [-70.8920905590416, -33.058797696919], [-70.8920153539632, -33.0588798502965], [-70.8919581839222, -33.0589806332011], [-70.8919229927006, -33.059059479279], [-70.8917813304121, -33.0591831474364], [-70.891656303251, -33.059185045251], [-70.8913196930357, -33.0591901516798], [-70.8910881813932, -33.0591612587064], [-70.8909526708381, -33.0591228082702], [-70.8907785168923, -33.0590768416642], [-70.8906242915179, -33.0590629780508], [-70.8904039561131, -33.0591068253945], [-70.8902813541095, -33.0592221017775], [-70.8902227143878, -33.0593935031833], [-70.8902278056836, -33.0594173443069], [-70.8901837001765, -33.059604341629], [-70.8901584840441, -33.0597748494196], [-70.8900846614349, -33.0599217915551], [-70.889932165867, -33.0599889130899], [-70.8896826282621, -33.0600169995862], [-70.8894335504656, -33.0599815682081], [-70.889431546852, -33.0599828791678], [-70.8894275315131, -33.0599807115959], [-70.8893738283233, -33.0599730725478], [-70.8891402384599, -33.0598469921005], [-70.8888590803363, -33.0597459361254], [-70.8886476675799, -33.0597572398091], [-70.8883703157809, -33.0598343526822], [-70.8882277833592, -33.0599175235251], [-70.8881347214515, -33.060064755933], [-70.8880310030221, -33.0601635419437], [-70.887858405787, -33.0601904588008], [-70.8876453451789, -33.060090081558], [-70.8876380351742, -33.0600944163968], [-70.8874992699495, -33.060041973603], [-70.8873088209562, -33.0601339699191], [-70.887025997837, -33.0604055925991], [-70.8869110474839, -33.0605448225018], [-70.8869240073187, -33.0605853638135], [-70.8868412524898, -33.0607648438518], [-70.8866322564451, -33.0608895252868], [-70.8863751721244, -33.0610149348458], [-70.8862237084149, -33.0611306440285], [-70.8860269208594, -33.0613766586165], [-70.8858941729824, -33.0614677808951], [-70.8857411531229, -33.0615106019275], [-70.885413805072, -33.061499350223], [-70.8852882332241, -33.061491192746], [-70.8852775408129, -33.061500198669], [-70.8852501310616, -33.0614937240471], [-70.8848377765574, -33.0615566681878], [-70.8847237454517, -33.0616232019837], [-70.8846296400215, -33.0617218399415], [-70.8845357070026, -33.0618285754611], [-70.88452044245, -33.0620151350529], [-70.8845733659163, -33.062241170559], [-70.8846547974758, -33.0624505719275], [-70.8847348491976, -33.0625951840946], [-70.8848336175759, -33.0627152098448], [-70.8849993671899, -33.0628180196698], [-70.885331038157, -33.0630317380694], [-70.8854924394645, -33.0630986903886], [-70.8855896328829, -33.0631738760054], [-70.8858071534686, -33.0632513719701], [-70.8861084193797, -33.0633926370042], [-70.8863224335632, -33.0635028159791], [-70.8865072491625, -33.0635972350247], [-70.8867789723688, -33.0637065399696], [-70.886964307481, -33.0638252538454], [-70.8871127265978, -33.0640174363766], [-70.8872403544918, -33.0641370232674], [-70.8872809019628, -33.0642336248452], [-70.8873016939223, -33.0643062211719], [-70.8872656430641, -33.0644201845123], [-70.8872194544059, -33.0645099970098], [-70.8871341023782, -33.0645679977742], [-70.8870197235671, -33.064618336692], [-70.8869058621746, -33.0646929710657], [-70.8868504018988, -33.0647991269175], [-70.8868821957006, -33.0649363667466], [-70.887010862024, -33.0651045457965], [-70.8870328642508, -33.0652338326459], [-70.8870354576433, -33.0653553121297], [-70.8869605882072, -33.0654536597683], [-70.8868880285965, -33.065501221083], [-70.8867410992254, -33.0655379946961], [-70.8864931013754, -33.0656389628906], [-70.8863691016953, -33.0656894468179], [-70.8862145195074, -33.0656593811199], [-70.886020945754, -33.0656056007962], [-70.8859039623336, -33.0655622681627], [-70.8858232360951, -33.0655169909585], [-70.8858000535808, -33.0654845655412], [-70.8856506173223, -33.0653843681062], [-70.8853393805904, -33.0652270506471], [-70.8851353277562, -33.0651329217158], [-70.8848924558778, -33.0650231770681], [-70.8847552117281, -33.0649037331205], [-70.8846950853645, -33.0647912243854], [-70.8846146872774, -33.0646304152452], [-70.884418181644, -33.0644389555798], [-70.8843419208174, -33.064362760092], [-70.8843160271491, -33.0643539906613], [-70.88431031071, -33.0643433714393], [-70.8841720326722, -33.0641753347098], [-70.883889830058, -33.0640256758112], [-70.8837160146705, -33.0639958975446], [-70.8835715728513, -33.0639899786795], [-70.883462339314, -33.0639916289024], [-70.883446710855, -33.0639999670373], [-70.8833508760663, -33.0640176170254], [-70.8832452497448, -33.0640273137056], [-70.8830810534788, -33.0639973892501], [-70.8828581139502, -33.063919743998], [-70.882682401724, -33.063800879494], [-70.8825738445722, -33.0636728986892], [-70.8824086524357, -33.0635229376457], [-70.8823905726309, -33.0635146387234], [-70.8823776903365, -33.0634976326159], [-70.8822213876665, -33.0633865755167], [-70.8820374399658, -33.0633326435078], [-70.8819972308484, -33.0633340981889], [-70.8819612682502, -33.063317591035], [-70.8817197029504, -33.0633212371441], [-70.8815271710491, -33.0633160425839], [-70.881304579199, -33.0632545915167], [-70.881129387326, -33.0631600203156], [-70.8810204885403, -33.0630158409509], [-70.8809852783063, -33.0629909378393], [-70.8806620140257, -33.062883527504], [-70.8805174272744, -33.062885708384], [-70.8803449931613, -33.0629207145606], [-70.8801236087463, -33.0629159520468], [-70.8798826443329, -33.0628952820747], [-70.8796506089958, -33.0628420724367], [-70.8794266420584, -33.0627158286161], [-70.8793079555767, -33.0625636940701], [-70.8792287744453, -33.0624595708428], [-70.8792278170742, -33.0624488444668], [-70.8792251008862, -33.0624484858954], [-70.8791592101778, -33.0623553035172], [-70.8789646157878, -33.0622529204581], [-70.8788667152324, -33.0621733825323], [-70.8786729821059, -33.0621114926648], [-70.878527681876, -33.0620650741664], [-70.8783155730992, -33.0620439663388], [-70.878143483696, -33.0620951665612], [-70.878057611508, -33.0621288655866], [-70.8779612613289, -33.0621222157263], [-70.8778084080422, -33.0621731257513], [-70.8776267014135, -33.0622244701152], [-70.8774920511934, -33.0622264978215], [-70.8772119291973, -33.062174007673], [-70.8769058774223, -33.0622596286135], [-70.8765695964875, -33.062280893681], [-70.8764244688547, -33.0622425712675], [-70.87619501521, -33.0623108353511], [-70.876182720249, -33.0623180077576], [-70.8761569596264, -33.0623189247769], [-70.8761532806011, -33.0623232584271], [-70.8755478967193, -33.0623182087974], [-70.8752937972569, -33.0622533844107], [-70.8752773368755, -33.0622947771602], [-70.8752719009105, -33.0623023206771], [-70.8752697618475, -33.0623123045635], [-70.8751879362395, -33.0624230311548], [-70.8728095224623, -33.0646232780496], [-70.8727051167341, -33.0647198597462], [-70.8719702927429, -33.0654479842095], [-70.8726948829892, -33.0663963159991], [-70.8726938369552, -33.0663975473807], [-70.8731701538341, -33.0670656083924], [-70.8731814327841, -33.0676032136986], [-70.8733813365476, -33.0680579453171], [-70.8739412920709, -33.0681755533846], [-70.8745212299527, -33.0679496061777], [-70.8748552891931, -33.0676700744389], [-70.8753405499153, -33.067468404197], [-70.8757027517663, -33.0672342229618], [-70.8759462202687, -33.0671734214559], [-70.8762874814554, -33.0672370361205], [-70.8766921390231, -33.0670823191331], [-70.8771521263022, -33.0669725519196], [-70.8773644330627, -33.0673698815123], [-70.8770786175498, -33.0680034023731], [-70.8765239553309, -33.0681374523069], [-70.8764262696409, -33.0686652184275], [-70.8770575560363, -33.0689419425339], [-70.8776454182998, -33.0690934435067], [-70.8782211328028, -33.0693137719952], [-70.8773972540294, -33.0695776644569], [-70.8762080357171, -33.0699270401124], [-70.8753846183478, -33.0702137982896], [-70.8752699680314, -33.0705816274606], [-70.8753728097834, -33.0709462470948], [-70.8757033751394, -33.0711473195182], [-70.8760752016867, -33.0713706648524], [-70.8764742171417, -33.0715936069867], [-70.8762391521766, -33.072054748216], [-70.8763415173219, -33.0723964873816], [-70.8760210427721, -33.0726758223592], [-70.8753807046923, -33.0726166286471], [-70.8749010851092, -33.0724406407509], [-70.8742860106884, -33.0722895327894], [-70.8735934562688, -33.0723340750886], [-70.8731508666018, -33.0726266472027], [-70.8729971029114, -33.0730751447054], [-70.8726591781389, -33.0731716617908], [-70.8723441195376, -33.0730618888054], [-70.8719365448959, -33.073079337688], [-70.8717646219691, -33.07331070747], [-70.8716094104695, -33.0736905750388], [-70.8717267981827, -33.0741007499906], [-70.8716665042979, -33.0744677761106], [-70.871357678313, -33.0746553959324], [-70.870884760906, -33.0747996666534], [-70.870743137376, -33.0751793319626], [-70.8702806938437, -33.07517470246], [-70.8700133625186, -33.075396034584], [-70.8702094366903, -33.0756677501888], [-70.8707823155906, -33.0757508439317], [-70.871084988342, -33.0759180106188], [-70.871386940771, -33.0760508609714], [-70.8714451555205, -33.0762330703657], [-70.8713261653573, -33.076395009252], [-70.8711110540616, -33.076512596838], [-70.8711153703029, -33.0767184849454], [-70.8711087321206, -33.0770503933685], [-70.8712230044903, -33.077311868272], [-70.8713756618674, -33.0774583596484], [-70.8715831780364, -33.0776269255308], [-70.8717890147667, -33.077715423799], [-70.8719834171127, -33.0779070644366], [-70.8721666249181, -33.0782132871992], [-70.8721983733218, -33.0784302100781], [-70.8719844595447, -33.0786049906411], [-70.8715637450532, -33.0786455219009], [-70.8709517455724, -33.0786431046439], [-70.8705059979379, -33.0787869754964], [-70.8701840389427, -33.0789976718777], [-70.8699565238924, -33.0791726504162], [-70.8697607509315, -33.0795645522273], [-70.8699830639572, -33.0797901099578], [-70.8699885779537, -33.0800531877108], [-70.8696630184849, -33.0800923103599], [-70.8694311846238, -33.0800614017025], [-70.8689959041375, -33.080056372285], [-70.8685331940849, -33.0800403046956], [-70.868212182566, -33.0802967498448], [-70.8681912206979, -33.0805945428617], [-70.8683861038455, -33.0808090649155], [-70.8687422141071, -33.0809296779001], [-70.8687236489711, -33.081341852073], [-70.8684997177242, -33.0816884008363], [-70.8681495941084, -33.0818537410729], [-70.8678033012784, -33.0822020909777], [-70.8676218269307, -33.0826281053065], [-70.8675479175012, -33.0829953271542], [-70.8674890399203, -33.0834309764888], [-70.8678869039432, -33.0835967411888], [-70.8684149751719, -33.0834859859816], [-70.868912257341, -33.0832040592861], [-70.8693675507353, -33.0828655419871], [-70.869660895145, -33.0825866194956], [-70.869939204713, -33.082239268267], [-70.870260933573, -33.0820171333939], [-70.8708292930299, -33.0818828941328], [-70.8712616982762, -33.0817506573927], [-70.8717904668602, -33.08167420584], [-70.8719307368941, -33.0818780835621], [-70.872083487311, -33.0826767378448], [-70.8720112761265, -33.0831240234437], [-70.872102688609, -33.0835917759475], [-70.8719338692537, -33.0839718372721], [-70.8717483342339, -33.0842034070347], [-70.8717414578192, -33.0845238699484], [-70.8718831719606, -33.0847963731291], [-70.8720642332677, -33.0849996459793], [-70.8723485385893, -33.0849382399284], [-70.8727347333659, -33.0851956889295], [-70.8727242593186, -33.0853445823115], [-70.872595026145, -33.0856668511133], [-70.8727279512859, -33.0861683099809], [-70.8728162484167, -33.0864873643359], [-70.8732010087563, -33.0866761814864], [-70.8734121491455, -33.0870163017496], [-70.8733800087204, -33.0874286663664], [-70.8733884157247, -33.0878289889909], [-70.8735430140878, -33.0880669708624], [-70.8737333548919, -33.0880641562608], [-70.8738246820669, -33.0878797444193], [-70.8741614514316, -33.0877260268043], [-70.8744653644031, -33.0879503566276], [-70.8748804468496, -33.0882874544692], [-70.8752666571779, -33.0885448875915], [-70.8754758829737, -33.0887934981486], [-70.8754592709911, -33.0892971594849], [-70.8752472677452, -33.089563446292], [-70.8748847450821, -33.0897861970022], [-70.8744935861163, -33.0899407221157], [-70.8742403091068, -33.0901847369534], [-70.8743322192096, -33.0906753498356], [-70.8745297754122, -33.0910156630069], [-70.8749048042797, -33.0913876701195], [-70.8754046062223, -33.0918722394821], [-70.8756913291319, -33.0919251985568], [-70.8759754051713, -33.0918523431345], [-70.8764333438446, -33.0916396166062], [-70.8769063194089, -33.0914953135979], [-70.8772942293211, -33.091832796588], [-70.8773823039934, -33.09214040074], [-70.8772542853803, -33.0925198549296], [-70.8773860381242, -33.0929641033897], [-70.8772992890069, -33.0933658278636], [-70.8772912283265, -33.0936290916728], [-70.8774060168592, -33.0939134157129], [-70.8776167029557, -33.0942306399625], [-70.8775836178086, -33.0945972432819], [-70.8774407967485, -33.0949197114058], [-70.8771744026748, -33.0951868064305], [-70.8770437324696, -33.0954404467124], [-70.8769149874204, -33.0957855870034], [-70.8769086105994, -33.0961289121128], [-70.8771848768408, -33.0963307515034], [-70.8775000077063, -33.0964404855076], [-70.8779241538499, -33.0965600408167], [-70.8779845611995, -33.0968451682641], [-70.8777307973331, -33.0970663127528], [-70.8771490250717, -33.0972122384673], [-70.876906929543, -33.0973416809527], [-70.8766657961551, -33.0975168725978], [-70.8763154039705, -33.097670803474], [-70.875735064947, -33.0978853472896], [-70.8753591579944, -33.098119740937], [-70.8751893712402, -33.098454046688], [-70.8751725185965, -33.0989462586789], [-70.8753164270325, -33.0993216762404], [-70.8755251970054, -33.0995473988864], [-70.8757638081685, -33.0998985281896], [-70.8757846221063, -33.1002414474273], [-70.8753356699266, -33.1002366651805], [-70.8747922555632, -33.1002676053816], [-70.8741529362309, -33.1002656423341], [-70.8737619743132, -33.1004316098224], [-70.873575935823, -33.1006403033741], [-70.8737482400011, -33.1010725067845], [-70.8738890231412, -33.1012992391159], [-70.8743010379639, -33.1014876267921], [-70.8743891156232, -33.1017952253929], [-70.8743016259865, -33.1021626317307], [-70.8739145036805, -33.1025115975818], [-70.8737971718171, -33.1027535961356], [-70.8735433797653, -33.102974735592], [-70.873352630108, -33.1036068117986], [-70.8731869118383, -33.1041355480353], [-70.872659950834, -33.1043035306937], [-70.8717457539156, -33.104168343075], [-70.8710837650627, -33.1043840836118], [-70.8703685783543, -33.1046578122414], [-70.869816566036, -33.1049291234056], [-70.8689279446318, -33.1053655857992], [-70.8686459739799, -33.1055413705098], [-70.868299124549, -33.1058668469409], [-70.8683177586966, -33.1061068315199], [-70.8682829571989, -33.1063933697656], [-70.8683278294609, -33.1065872021596], [-70.8682181499701, -33.1071951931676], [-70.8679376096841, -33.1074396011313], [-70.8675917100417, -33.107810825605], [-70.8672326869573, -33.1082051251983], [-70.8671286890905, -33.108435480986], [-70.8673532239287, -33.1087639478242], [-70.867937504156, -33.1087324245404], [-70.868271794216, -33.1091050280293], [-70.8686437646286, -33.1093283405986], [-70.8689990194097, -33.1094031680535], [-70.8694468277293, -33.1093507756683], [-70.8699244722514, -33.1094237883225], [-70.8701086999138, -33.1097757242536], [-70.8698971154711, -33.1100648782648], [-70.8694937016896, -33.1102882274271], [-70.8692697141032, -33.1106347675978], [-70.8688393369978, -33.1108699562204], [-70.8687625387879, -33.1110999088653], [-70.8685795844568, -33.1114572810497], [-70.8679576094468, -33.1116380994618], [-70.8674344235298, -33.1119890652849], [-70.8672376212606, -33.1123352007876], [-70.8671455407986, -33.1124852929972], [-70.8670052927777, -33.112933559273], [-70.8667727225348, -33.1135204794822], [-70.8666443935407, -33.1138884827273], [-70.8666253422563, -33.1142777504496], [-70.8673592543167, -33.1142440078404], [-70.8678003751473, -33.113871375185], [-70.86849580718, -33.1133004833757], [-70.8691373098597, -33.1127532690576], [-70.8697430465295, -33.1124468366921], [-70.8708400336236, -33.1122132068779], [-70.871517596602, -33.1120887536339], [-70.8724428237539, -33.1120979110936], [-70.8734882748479, -33.1120023113163], [-70.874168950233, -33.112026526911], [-70.8747816292255, -33.1120517493939], [-70.8753413539811, -33.1121463984829], [-70.8758216502149, -33.1123451897344], [-70.8762315453552, -33.1124306211902], [-70.8765083405665, -33.1126553156966], [-70.8765413169662, -33.112929397637], [-70.8764436006631, -33.1134571140603], [-70.8761941251914, -33.1138841230711], [-70.8760264835595, -33.1143213542952], [-70.8762488871556, -33.1145468565446], [-70.8765714159859, -33.114359011196], [-70.8769621805951, -33.1141815910716], [-70.8777535808429, -33.1142956590283], [-70.8785607488997, -33.1145124499351], [-70.8789675156432, -33.1144491904145], [-70.8794604576155, -33.1146020124356], [-70.8798334198145, -33.1148710239951], [-70.880446824287, -33.1149305224894], [-70.8813431520071, -33.1148599556903], [-70.8816513418422, -33.1146379923184], [-70.8821382462291, -33.1145048850739], [-70.8826146883252, -33.1145206555667], [-70.882918693143, -33.11474492409], [-70.883131855104, -33.1151764720404], [-70.88287171223, -33.1157409287506], [-70.8827308177157, -33.1161548811582], [-70.8827650204687, -33.1164861368818], [-70.882716179111, -33.1167499918589], [-70.88259371276, -33.117392472541], [-70.8824110517687, -33.1177612864261], [-70.8822014310124, -33.118141942516], [-70.8818946818613, -33.1184325269615], [-70.8817518487182, -33.1187549851525], [-70.8817593324709, -33.1191095194358], [-70.8816186709375, -33.1195349058055], [-70.8815467295335, -33.119993586461], [-70.8817229641019, -33.1206087236025], [-70.8815980724754, -33.1211368346029], [-70.8810737135231, -33.1214306670196], [-70.8801291993683, -33.1217994087891], [-70.8796944804379, -33.1218287747383], [-70.8788330952751, -33.1216242592576], [-70.8785625405306, -33.121696934228], [-70.8785984198937, -33.1221082459332], [-70.8786748600549, -33.1225075125536], [-70.8787940305286, -33.1229976624342], [-70.8786645382025, -33.123308477308], [-70.8780002911081, -33.1234213439654], [-70.8774841988303, -33.1234633570858], [-70.8770110752986, -33.1236076907988], [-70.8770724650792, -33.1239385411387], [-70.8770413012601, -33.1243966121683], [-70.8767204275243, -33.1246645170766], [-70.8764425223625, -33.1250347431861], [-70.87660297139, -33.1255471588862], [-70.876905078297, -33.1256799384282], [-70.8774653593212, -33.1257974269905], [-70.8778860174188, -33.1257453939534], [-70.8781917417424, -33.126049716442], [-70.878212094028, -33.1263697343283], [-70.8783135679317, -33.126665662289], [-70.8787944185543, -33.1268872882305], [-70.8793316026424, -33.1271995909682], [-70.879636609982, -33.1274695970948], [-70.8796555193465, -33.1277209950331], [-70.8796372447127, -33.1281445474451], [-70.8794654987591, -33.1283873512398], [-70.8790222155535, -33.1286570892983], [-70.8787037494876, -33.1290393628091], [-70.8788226879612, -33.1295180659822], [-70.878778654735, -33.1300106417963], [-70.8785167591708, -33.130495028881], [-70.8783899093288, -33.1309316401908], [-70.8783000058157, -33.131184661259], [-70.8786093665998, -33.13166051872], [-70.8785077903005, -33.1320052319818], [-70.8783678198211, -33.1324649176353], [-70.8784862799615, -33.1329207434182], [-70.878748811974, -33.133111300089], [-70.8790769396468, -33.1331864767318], [-70.8792085221823, -33.1336192244807], [-70.8792358777519, -33.1342708855853], [-70.8791689843153, -33.1349697127453], [-70.8788237793773, -33.1353752639284], [-70.878285488933, -33.135657862794], [-70.8780631770388, -33.1360844565949], [-70.8780074653694, -33.1366687175766], [-70.8782889165948, -33.1371106627256], [-70.8784768415613, -33.137634081616], [-70.8784568736578, -33.1379775718099], [-70.8785352585118, -33.1384683076879], [-70.8788135795434, -33.1387615783609], [-70.8793314365816, -33.1387995932323], [-70.879354055359, -33.1385819004019], [-70.8796565311244, -33.1380854704548], [-70.880432342223, -33.1380967431256], [-70.8807879315761, -33.1381829388224], [-70.8813635716198, -33.1383802350513], [-70.8818277369547, -33.1384533622401], [-70.8823467935376, -33.1385485435014], [-70.8829708004115, -33.1384591176406], [-70.8833198604428, -33.1382365340178], [-70.8833784405844, -33.137789512212], [-70.8834826622568, -33.1375705982144], [-70.8839866588802, -33.1375973629475], [-70.8843546357706, -33.1376261639861], [-70.8849494883515, -33.137445650095], [-70.8849553480256, -33.1370794964235], [-70.8847550035217, -33.1366134784528], [-70.8847491964037, -33.1363390153036], [-70.8853722107005, -33.1362038371151], [-70.8854773933309, -33.1360306653394], [-70.8853450576139, -33.1355636267297], [-70.8856389663319, -33.1353075475831], [-70.8860448323468, -33.1351985032057], [-70.8863477388126, -33.1347249358208], [-70.8864376210914, -33.1344719160989], [-70.8870341411373, -33.1343714481358], [-70.8875281466189, -33.1345699449417], [-70.887854299645, -33.1351942235599], [-70.8885163716527, -33.1356189808611], [-70.8894009415399, -33.135628567693], [-70.889939636968, -33.1360094116436], [-70.8903845805596, -33.1364602974693], [-70.8907637052085, -33.137015126212], [-70.8913198938908, -33.1375787259255], [-70.8913716199002, -33.1380927191513], [-70.8916679312526, -33.1385915892833], [-70.8916123035515, -33.1391758323135], [-70.8917866902636, -33.1396994141286], [-70.892218055228, -33.1401504880347], [-70.892578499814, -33.1404653571311], [-70.8928830808939, -33.1407124305967], [-70.8932172970858, -33.1410734483208], [-70.8935869745688, -33.1411822664088], [-70.8940890235402, -33.1411175001679], [-70.894424689904, -33.1409065318059], [-70.8947195501902, -33.1406961789285], [-70.8951300300832, -33.1408043779255], [-70.8955378345138, -33.1407867847961], [-70.8961472276701, -33.140651755245], [-70.8961559638133, -33.1404228402073], [-70.8962324637907, -33.1401814637034], [-70.8967631621484, -33.1401848896759], [-70.8973154643531, -33.1399248872226], [-70.8973074322097, -33.1395475170746], [-70.8978927400454, -33.1389209626445], [-70.898397930075, -33.1390048428746], [-70.8991061621055, -33.1390398945955], [-70.8996373353027, -33.1390661811955], [-70.9002352934694, -33.1390342595729], [-70.9003802732353, -33.1388147247855], [-70.8999933530801, -33.1385345994275], [-70.8998466210247, -33.1380334980167], [-70.8997226060157, -33.1377256428536], [-70.899530589268, -33.1372489756753], [-70.8992626737099, -33.1368068978159], [-70.8990525715846, -33.1365240932338], [-70.89916840195, -33.136213485185], [-70.8992562988288, -33.1358689807704], [-70.8987331419927, -33.1355794656103], [-70.8980776322581, -33.1354635343737], [-70.8973716130991, -33.135531389456], [-70.8968142263605, -33.1355512402786], [-70.896790892496, -33.1350940214404], [-70.8968353195595, -33.134624339998], [-70.8969914713923, -33.1342902441447], [-70.8969627849731, -33.1335814391656], [-70.8966154750729, -33.1332434985501], [-70.8963786722674, -33.1329839647716], [-70.8964940214542, -33.132650483549], [-70.8970368202601, -33.1325851002856], [-70.8976850109549, -33.1323579730449], [-70.8980611923963, -33.1321349485008], [-70.8982459965851, -33.1318690545483], [-70.8983632857552, -33.1316270586313], [-70.8987287839865, -33.1315414660886], [-70.8991773425002, -33.1315232550251], [-70.8994172718521, -33.1312908455986], [-70.8995959793714, -33.1307390582581], [-70.8997251571631, -33.1304168064982], [-70.8996105120282, -33.1301439930656], [-70.8992377154492, -33.1298865161589], [-70.8989079099879, -33.1297313432083], [-70.8985778626168, -33.1295647325784], [-70.898434317872, -33.1292122769992], [-70.8982356443424, -33.1288263337039], [-70.898045704131, -33.1282114692218], [-70.8977030080535, -33.1274501921724], [-70.8974166617204, -33.1267795784651], [-70.8970365816979, -33.1261790118724], [-70.8965902106302, -33.1256595168601], [-70.8961858587197, -33.1251965846363], [-70.8953919886937, -33.124968305444], [-70.8945735929329, -33.1248662250267], [-70.8939329605936, -33.1248072245089], [-70.8931313186299, -33.1248535980139], [-70.892438954387, -33.1249212042692], [-70.8919126942198, -33.1251235877939], [-70.8914821143893, -33.1253474107322], [-70.8910114597235, -33.1256061548912], [-70.89077369678, -33.1259414772697], [-70.8904094104302, -33.126084224849], [-70.8901602477377, -33.125882050211], [-70.8899747207078, -33.1254730040338], [-70.889740372686, -33.1253278043669], [-70.8896412949878, -33.1251462550361], [-70.8894659787571, -33.1245768960274], [-70.8890696467811, -33.1244913238835], [-70.8888489011364, -33.124345917042], [-70.8887425571767, -33.1238212792151], [-70.8888562321033, -33.1234077398548], [-70.8889040888122, -33.1230981458668], [-70.8889614255477, -33.1225939321838], [-70.8890923316988, -33.122351731606], [-70.8892914772965, -33.1221199472437], [-70.8893548704187, -33.1219016387419], [-70.8892264175946, -33.1216175681103], [-70.8888978522205, -33.1215195349182], [-70.8884772406514, -33.1215715994565], [-70.8880979096968, -33.1216459242068], [-70.8878436368591, -33.1218442134728], [-70.8875730994858, -33.1219169067308], [-70.887220964241, -33.1219908221536], [-70.8871029258568, -33.122198508915], [-70.8866016766037, -33.1222975355015], [-70.8865951425442, -33.1219887551426], [-70.8866954680811, -33.1215868538667], [-70.8872047452765, -33.1212245871749], [-70.8871571680748, -33.1209049809157], [-70.8868822753047, -33.1207718175428], [-70.8860667936064, -33.1208069058842], [-70.8859429474333, -33.1207401198509], [-70.8862615912293, -33.120369270043], [-70.8866368073545, -33.1201005326862], [-70.887066418138, -33.1198309801571], [-70.8871154891923, -33.119578565363], [-70.8872189576978, -33.1193253354642], [-70.8871296170461, -33.1189605925198], [-70.8870130790774, -33.1185962551523], [-70.8871862358154, -33.1184220622248], [-70.8874982882616, -33.1183830706182], [-70.8875507469625, -33.1182907642826], [-70.887476457795, -33.1179944356569], [-70.8878832164825, -33.1179311442406], [-70.888252809567, -33.11804000991], [-70.8886386652827, -33.1182744699104], [-70.8891743534026, -33.1185181231552], [-70.8895016968392, -33.1185589763901], [-70.8899701455727, -33.1181973144877], [-70.8905748192454, -33.1178450484017], [-70.8904803778061, -33.117240145633], [-70.8898453866388, -33.1168035049084], [-70.8894792211698, -33.1162141102794], [-70.8893439931547, -33.1156098122988], [-70.8891973486575, -33.1151086455216], [-70.8891614309696, -33.1146973398018], [-70.8889336823834, -33.1142202663489], [-70.8894081710178, -33.1141445190441], [-70.8896483079033, -33.1145642056183], [-70.890169892012, -33.1147851925322], [-70.8904430710427, -33.1148382986821], [-70.8906276060404, -33.1152016144494], [-70.890955643535, -33.1159174183276], [-70.8912683892787, -33.1165533679694], [-70.8918929368507, -33.1171388774713], [-70.8923788342727, -33.1176006227608], [-70.8926670733003, -33.1177221344183], [-70.8931847905914, -33.1177601206274], [-70.8939208106945, -33.1178291444038], [-70.8944169116985, -33.1174899339755], [-70.8946808650146, -33.1171084509809], [-70.8950533589869, -33.1167138975103], [-70.8953828675882, -33.1162170298249], [-70.8957446724741, -33.115959913027], [-70.8961909807449, -33.1158388039552], [-70.8966144657654, -33.1159239543191], [-70.896718404872, -33.1163342250567], [-70.8967274006354, -33.1167573637248], [-70.8970610515986, -33.1170955385121], [-70.8976749162011, -33.1171778182541], [-70.8976520975332, -33.1173840784007], [-70.8976870785658, -33.1177496248763], [-70.8981926463624, -33.117856410977], [-70.8988210850109, -33.1179842229785], [-70.8992329259937, -33.1181610537575], [-70.8998771542286, -33.1183915794228], [-70.9002979670242, -33.1183509159883], [-70.9006493263104, -33.1182426616632], [-70.9009453173799, -33.1180894821592], [-70.901542413162, -33.1180232777037], [-70.9020030403641, -33.1179362506205], [-70.9022682272559, -33.1182525590106], [-70.9022223675837, -33.1186536379945], [-70.9024875574881, -33.1189699439739], [-70.9029387325545, -33.1190775285777], [-70.9032905749217, -33.1189921385685], [-70.9035712547749, -33.1187591071362], [-70.9040680367226, -33.1184541744419], [-70.9043365786183, -33.1182899633662], [-70.9047044528319, -33.118318723621], [-70.9051398281383, -33.1183235830647], [-70.9054071463949, -33.118102190621], [-70.9055078708724, -33.1177231623695], [-70.9053893247301, -33.1172673723124], [-70.9053513879972, -33.1167646044634], [-70.90568912965, -33.1166565426174], [-70.9060681523578, -33.1165707363989], [-70.9063330197845, -33.1162349839279], [-70.9063390460987, -33.1158802661136], [-70.9058203905801, -33.115796589702], [-70.905341305498, -33.1156551143746], [-70.9055384319496, -33.1153318265375], [-70.9056005593758, -33.1150563365088], [-70.9059637808567, -33.1148678136207], [-70.9063291978951, -33.1147822131039], [-70.9066698622624, -33.1148113815175], [-70.9071472312425, -33.1148728011205], [-70.9075274638903, -33.114844170819], [-70.9079606184233, -33.1147461013991], [-70.9080404908337, -33.1146648155914], [-70.9079671276539, -33.1144142552983], [-70.907829202224, -33.1143248249415], [-70.9078352227582, -33.1139701062726], [-70.9078963659074, -33.1136488729318], [-70.9076712388459, -33.1132976497563], [-70.9072742380011, -33.113177817303], [-70.9071880149884, -33.112961767495], [-70.9074698858727, -33.1127859108883], [-70.9080298022142, -33.1128918397265], [-70.908575143483, -33.1129522274444], [-70.9091602965792, -33.1129662516286], [-70.9097182547898, -33.1129806854241], [-70.910262370111, -33.1129838858079], [-70.9105515714376, -33.1131510993942], [-70.9109072892584, -33.1132486673069], [-70.9111272846109, -33.1133597288104], [-70.911523793209, -33.1134566763831], [-70.9115745075162, -33.1132843148271], [-70.9109798147871, -33.1128243056643], [-70.9105099421744, -33.1124767957404], [-70.9100628621674, -33.1119230260114], [-70.9097257817741, -33.1114247860589], [-70.9095130295252, -33.1110161786267], [-70.9093190108197, -33.1108475199475], [-70.9085294326042, -33.1108137055561], [-70.9080125181755, -33.1108100834434], [-70.9072734146592, -33.1105924621241], [-70.9065520597999, -33.1105690437783], [-70.9059703324106, -33.1107151077147], [-70.9054437197144, -33.110894656492], [-70.9047631474673, -33.1108706121879], [-70.9040706831382, -33.1109268211532], [-70.9041189730738, -33.1106400981499], [-70.9044498669948, -33.1102118319704], [-70.9046994224917, -33.1097962327306], [-70.9045410754782, -33.1093867888896], [-70.9046813681046, -33.1089499581942], [-70.9050248743931, -33.1084757412398], [-70.9048793932901, -33.1080317822662], [-70.9050369382726, -33.1077662883323], [-70.9054766592972, -33.1079770099151], [-70.9057823701254, -33.1082812712127], [-70.9061815477093, -33.1085040409209], [-70.906577308818, -33.1085667030098], [-70.9069946442554, -33.1083659224814], [-70.9071490078596, -33.1079517584172], [-70.9077561961015, -33.1077252287696], [-70.9084474019501, -33.1076118239617], [-70.909012083062, -33.1073058533739], [-70.9094303815081, -33.1071508111134], [-70.9100244467859, -33.1069473499598], [-70.9104558472912, -33.1067692270288], [-70.9109460324815, -33.1067961294844], [-70.9114755351223, -33.1067537948266], [-70.9118974943347, -33.1067702862234], [-70.9123459096251, -33.1067520559403], [-70.9126391399196, -33.1064730621862], [-70.9122669144395, -33.1062384654646], [-70.9115582244332, -33.1061691182539], [-70.9111855119573, -33.1059116456348], [-70.9111390966006, -33.1056492331025], [-70.9111171822852, -33.1052606130769], [-70.9107995898679, -33.1050366232256], [-70.9103895195383, -33.1049398677345], [-70.9102338533038, -33.1046562272213], [-70.910391129897, -33.1043792931881], [-70.9106010763262, -33.1040214842445], [-70.9106070891057, -33.1036667580706], [-70.9103795335092, -33.1032011660534], [-70.9100629264815, -33.1030229154536], [-70.9091957532347, -33.1031733012646], [-70.9081610290281, -33.1031202932014], [-70.9076293361767, -33.1030596825337], [-70.9071653777073, -33.1029866067814], [-70.9065370494323, -33.1028588104439], [-70.9060189516316, -33.1027979866207], [-70.9056140105257, -33.1029413742365], [-70.905179436478, -33.1029708078512], [-70.9052055846225, -33.1022840128287], [-70.9051999735573, -33.1020209772264], [-70.904785763503, -33.1017297804185], [-70.9044516651234, -33.1013687328193], [-70.9047587520368, -33.1011009841769], [-70.9052600774043, -33.101013347137], [-70.9061029927761, -33.1010006378689], [-70.906862134866, -33.1008862270031], [-70.9076084109322, -33.1008063254706], [-70.9081097248372, -33.1007186790211], [-70.9087460107668, -33.1005832318127], [-70.9091672156005, -33.1005654304265], [-70.9097083297212, -33.100431416672], [-70.9097444700705, -33.1002135116408], [-70.9091416439271, -33.1000052583283], [-70.9085726060835, -33.1001053713302], [-70.9080804956628, -33.0999869606816], [-70.9076815958431, -33.0997756206036], [-70.9073472552783, -33.0994031439864], [-70.9070556543866, -33.0991215416404], [-70.9065504391347, -33.099026200906], [-70.9059903560626, -33.0989088046454], [-70.9053778431094, -33.0988837161881], [-70.9049027441494, -33.0989251959694], [-70.9041040958094, -33.0989061814065], [-70.9038619503644, -33.0985862276871], [-70.9038696947797, -33.0983115463396], [-70.9042321313679, -33.0980887262125], [-70.9046494339148, -33.0978879582784], [-70.9048885349913, -33.0976212332467], [-70.9047576441315, -33.0972227984972], [-70.904356318946, -33.0968970765911], [-70.9040217513267, -33.0965131461186], [-70.9039748721536, -33.0962278461717], [-70.9036840172832, -33.0959805382616], [-70.9038289291924, -33.0957609926706], [-70.9042931037497, -33.0958455280057], [-70.9048257385042, -33.0959519105752], [-70.9053141740309, -33.0958987942037], [-70.9056224613847, -33.0956882260215], [-70.905830705088, -33.095250361825], [-70.9059183031949, -33.0948943953991], [-70.9055327763353, -33.0946713981494], [-70.9050137443985, -33.0945648113992], [-70.904593287293, -33.0946169019423], [-70.9041429581917, -33.0945435983365], [-70.9038829542285, -33.0944674296524], [-70.9038513773889, -33.0942619793169], [-70.9038999059146, -33.0939866819325], [-70.9037316523155, -33.0937489665117], [-70.9036439923661, -33.0934642775322], [-70.9037184912275, -33.0931313872246], [-70.9037786650621, -33.0927643914686], [-70.9037453825153, -33.0924788835137], [-70.9040573218638, -33.0924398702528], [-70.9044263194684, -33.092525840709], [-70.9047909273142, -33.0924059506965], [-70.9053458537451, -33.0922831950652], [-70.9056017047227, -33.0921649402168], [-70.9058556038157, -33.0919551915521], [-70.9062515414786, -33.0920293113163], [-70.90649916426, -33.0921628653196], [-70.9068414583822, -33.0922721118062], [-70.9070023908431, -33.0921667244016], [-70.9071329618236, -33.0919130712816], [-70.9074312987275, -33.0918742550921], [-70.9077123777455, -33.0916640948441], [-70.9076266636956, -33.091470902144], [-70.907283885299, -33.0913387832611], [-70.9069857938828, -33.0913890358122], [-70.9067367080887, -33.0911868629836], [-70.9067740739122, -33.0910261359208], [-70.9071107493675, -33.0908723397263], [-70.9072400982634, -33.0905615035694], [-70.9071363979093, -33.0901626538984], [-70.9068581753616, -33.0898693958126], [-70.9068777976571, -33.0895144497512], [-70.906924851291, -33.0891705307672], [-70.9070687685177, -33.0889052347768], [-70.9072369428335, -33.0885022894242], [-70.9072970997597, -33.0881352914522], [-70.9073822472762, -33.0876649536049], [-70.9075254284112, -33.0873653477468], [-70.9078465435055, -33.0871202629807], [-70.9079365697305, -33.0868786584774], [-70.9078501266577, -33.0866511526366], [-70.9073498589628, -33.0867845299641], [-70.9070362362062, -33.0867434905282], [-70.906618989683, -33.0869442584029], [-70.9064243589859, -33.0873819238316], [-70.9061981483625, -33.0876141364396], [-70.9057816265459, -33.0878492129673], [-70.9052954261564, -33.0880052535506], [-70.9050580553951, -33.0883520372201], [-70.9049291885805, -33.0886857485687], [-70.9044429809311, -33.088841786944], [-70.9043701372335, -33.0886140725932], [-70.9041186239916, -33.0882975215652], [-70.9040697999687, -33.0879207204894], [-70.9045096173966, -33.0875022507311], [-70.9048302569511, -33.0872342988957], [-70.9052809780055, -33.0866898177892], [-70.9055887495096, -33.0864563796403], [-70.9061118180448, -33.0861167367852], [-70.9061064522296, -33.0858651274962], [-70.9059231534288, -33.0855589916354], [-70.9058913324587, -33.0853421011967], [-70.9061459460859, -33.0851666636861], [-70.9065197236381, -33.084840705939], [-70.9064869269809, -33.0845780685112], [-70.90621043013, -33.0843648574474], [-70.9060822359009, -33.0843566878414], [-70.905866003441, -33.0844210614433], [-70.9055591716237, -33.0845211306219], [-70.9053002674608, -33.0844557241638], [-70.9051319740068, -33.0842935553986], [-70.904942900703, -33.0841230329651], [-70.9047339844339, -33.0839874957704], [-70.9046596675455, -33.0838845845825], [-70.9046884996269, -33.0837887672033], [-70.9047695618062, -33.0837268339215], [-70.9051070939891, -33.0836176264344], [-70.9056091833553, -33.0834978363089], [-70.9058926084673, -33.0832674617257], [-70.9060214086634, -33.0830313853003], [-70.9061517034711, -33.0828646504748], [-70.9062408146715, -33.0826985462931], [-70.9063931982526, -33.0826008379806], [-70.9065579359781, -33.0825983181629], [-70.9068052290884, -33.0826032052956], [-70.906907442086, -33.0825669592523], [-70.9071000730783, -33.0824252810174], [-70.9072705188811, -33.0823258081825], [-70.9072969618872, -33.0822824244906], [-70.9072923291658, -33.0822662679903], [-70.9074400316755, -33.0819518653265], [-70.9075568448795, -33.0816379352411], [-70.9078110621388, -33.0814866432774], [-70.9082197172818, -33.0813329856146], [-70.9085974828438, -33.0811798005433], [-70.9089569030547, -33.0811309430547], [-70.9093477729159, -33.0811076140295], [-70.9097910592159, -33.0811268339468], [-70.909986307132, -33.0811065010294], [-70.9102113173408, -33.0810336873836], [-70.9103417897787, -33.0808756166476], [-70.9104001906167, -33.080718649542], [-70.9105207408668, -33.0805780718386], [-70.9107850575359, -33.0804179490302], [-70.9109776785786, -33.0802762660342], [-70.9109859112678, -33.0801807622314], [-70.9108602990706, -33.0800873122186], [-70.9106637424644, -33.0800469720978], [-70.9105390680455, -33.0799968597599], [-70.9104742935263, -33.0798591226173], [-70.9104286110584, -33.0796517282662], [-70.9105480362587, -33.0794591443809], [-70.9106425623299, -33.0794212077392], [-70.9106503198385, -33.0793942082171], [-70.9110579457733, -33.0792258900413], [-70.9113823433137, -33.0789868093164], [-70.9116971942755, -33.0787825555557], [-70.9121033909826, -33.0785162062847], [-70.9123658224039, -33.0782694026215], [-70.9124527779363, -33.0781990286302], [-70.9129632771239, -33.0779916994593], [-70.9130290265146, -33.0779817650602], [-70.9133884317449, -33.0779328944073], [-70.9136534862033, -33.0778074366535], [-70.9139387551947, -33.0776643268355], [-70.9141427867518, -33.0775744872926], [-70.914335207285, -33.0774241313524], [-70.9144134395397, -33.0772321765649], [-70.9145740331406, -33.0770389558139], [-70.9147479274496, -33.0769842613609], [-70.9149201318253, -33.0768515562163], [-70.9150410454356, -33.0767283098623], [-70.9151503487778, -33.0765445473915], [-70.9152169664749, -33.076292076187], [-70.9154571009464, -33.0759675733191], [-70.9155662135469, -33.0757751424188], [-70.915799997489, -33.0756328196722], [-70.9159319557411, -33.0755440849933], [-70.9163057347727, -33.0752088562359], [-70.9168443616506, -33.0748253629299], [-70.9168273254055, -33.0747805428536], [-70.916812026071, -33.0746136408604], [-70.9167426914864, -33.0743970334756], [-70.9167383843728, -33.074390216101], [-70.9167084353829, -33.0743504174943], [-70.9166443165141, -33.0742652081899], [-70.9165913284087, -33.0740831804085], [-70.9164097173547, -33.073734293744], [-70.9161336219121, -33.0733087081892], [-70.9159752114134, -33.072959464158], [-70.915794452173, -33.0726496392875], [-70.915598284219, -33.0721642109561], [-70.9153053070245, -33.0714946611701], [-70.9151840284025, -33.0712523029182], [-70.9151541994287, -33.0712024882059], [-70.9151129539658, -33.0711850123599], [-70.9151046243984, -33.0711748974274], [-70.914946128686, -33.0709824295063], [-70.9148031354235, -33.0708087859657], [-70.9148469902719, -33.0706908862741], [-70.9149385096193, -33.070630866534], [-70.9152769861136, -33.0707233547976], [-70.9154049942187, -33.0707409260167], [-70.9156681632802, -33.0705708107469], [-70.9157700099415, -33.070452019586], [-70.915884937542, -33.0704014088723], [-70.9160477408643, -33.0704184437776], [-70.9162000047918, -33.0704844849555], [-70.9163297067773, -33.0705801801813], [-70.9166338122303, -33.0706927310572], [-70.9170184726173, -33.0707747350354], [-70.9172048980369, -33.0708109440196], [-70.917234421045, -33.0708306628233], [-70.9172865125518, -33.0708292258843], [-70.9176597877304, -33.0709211723921], [-70.91803454732, -33.0710814773461], [-70.9182170792809, -33.0712902469123], [-70.9182340445225, -33.071294247866], [-70.9183196996934, -33.0713896925374], [-70.9183589475105, -33.0715942349058], [-70.9184686368508, -33.0718367682164], [-70.9187731732605, -33.071968845024], [-70.9191439096087, -33.0719435991784], [-70.9199169940511, -33.0717460858401], [-70.9204690640126, -33.0715226663686], [-70.92072062568, -33.0713527194136], [-70.9207640493074, -33.0712152865011], [-70.9209204854738, -33.0709393474416], [-70.9209585871674, -33.0705571529814], [-70.920956690221, -33.0704698841375], [-70.9210239462216, -33.0703613903678], [-70.9211148239659, -33.070272070493], [-70.9210886546338, -33.0701357090136], [-70.9211426127557, -33.0699492692001], [-70.9212094435641, -33.0698212439356], [-70.9213349035052, -33.0697216215242], [-70.9216132664261, -33.0697173310275], [-70.9220462322336, -33.0698864951823], [-70.9220663636779, -33.0698998131113], [-70.922068416452, -33.0698992980854], [-70.9220698542334, -33.0699056689253], [-70.9224798369481, -33.0700849544074], [-70.9229463265734, -33.0701949854303], [-70.9234197394451, -33.0700899923131], [-70.923624260175, -33.0698914589872], [-70.9237355673726, -33.0696748267565], [-70.9237970797229, -33.0693026611423], [-70.9237793160234, -33.0690196382629], [-70.9237022455618, -33.0688683540512], [-70.9237169665823, -33.0688203394164], [-70.9235922675185, -33.068421740696], [-70.9233410530394, -33.0680739381538], [-70.9233701085085, -33.0678097307504], [-70.9236197422759, -33.0675518885223], [-70.9238592637693, -33.0673625833284], [-70.923948647567, -33.0672049021643], [-70.9239899375367, -33.0669698122881], [-70.923915459166, -33.0667462784355], [-70.9238985462743, -33.0665023173337], [-70.9238809958491, -33.0662290604854], [-70.9236529830841, -33.0658809003115], [-70.9232640882764, -33.0656036040378], [-70.9231206634791, -33.06541043968], [-70.9231393965204, -33.0652050044294], [-70.9232036714363, -33.0649597916359], [-70.92316250293, -33.0646673609476], [-70.9231129243159, -33.0645215923892], [-70.9230042958679, -33.0643278910781], [-70.9235244929418, -33.0642417144742], [-70.9238451903119, -33.0640511569597], [-70.9241151374557, -33.0636611207743], [-70.9242436796921, -33.063170694317], [-70.9242216643291, -33.0626923600043], [-70.9241944302715, -33.0625071719727], [-70.9245157578017, -33.0623459096078], [-70.9248366588787, -33.0621651159638], [-70.9250963814931, -33.0618387328421], [-70.925359079848, -33.0616490680407], [-70.9256673160875, -33.0614196234686], [-70.9259066043087, -33.0612205496914], [-70.9260425800986, -33.0610719159127], [-70.9259459723311, -33.060897568477], [-70.9256745550391, -33.0606868468837], [-70.9253912231922, -33.0604616549625], [-70.9249825554347, -33.0603409697805], [-70.9248633938428, -33.0601962770313], [-70.9248585036075, -33.0599716691166], [-70.9248565900349, -33.0598837782768], [-70.9251467307917, -33.0598890672342], [-70.9255505035759, -33.0597851432394], [-70.9259312935926, -33.0596913414929], [-70.9260696073541, -33.0596501290057], [-70.9262062188682, -33.059530791737], [-70.9262183672062, -33.0595075147283], [-70.9262220466786, -33.0594940802675], [-70.9262603746059, -33.0593541161657], [-70.9263982621046, -33.059293371954], [-70.9267444708445, -33.0592098714953], [-70.9269515150644, -33.0591285200199], [-70.9271233411956, -33.0590281754951], [-70.9272603760638, -33.0589283685208], [-70.9275861571235, -33.0589721768595], [-70.9275894906463, -33.0589727998859], [-70.9276344491393, -33.0589519770821], [-70.9278990630956, -33.058957569565], [-70.9280833361968, -33.0588961062828], [-70.9282648413151, -33.0587076911192], [-70.9283889998258, -33.0585494691225], [-70.9284131600321, -33.058499816352], [-70.9284783301034, -33.0584609310111], [-70.9285482681889, -33.0583450231178], [-70.9285932705667, -33.0583411625499], [-70.9288954297172, -33.0583657949269], [-70.9291617319073, -33.0583421369468], [-70.9292620549736, -33.0581549764333], [-70.9292337468725, -33.0579209617778], [-70.9291436183187, -33.0575120638684], [-70.9289744457117, -33.0572020784879], [-70.928711647396, -33.0568544652049], [-70.9284393847794, -33.0566046865582], [-70.9284385169893, -33.0566047198196], [-70.9284101171007, -33.0565713705188], [-70.9283337360763, -33.0565477075233], [-70.9279154043353, -33.056515101417], [-70.9274962202458, -33.0564434320563], [-70.9272383266068, -33.0563204230446], [-70.9271861926264, -33.0560574695026], [-70.9271462937127, -33.0558236342195], [-70.9271993814314, -33.0555981293806], [-70.9271221393096, -33.0552476443484], [-70.9270577708571, -33.0549555732783], [-70.9269510620382, -33.0548497649133], [-70.9266828534205, -33.0547855279196], [-70.9263461304074, -33.0547711933034], [-70.9260920720631, -33.0548239624408], [-70.9258626954389, -33.0549447323098], [-70.9256797036581, -33.0550647854268], [-70.9255392702159, -33.0550083411288], [-70.9253764942254, -33.0549913167114], [-70.9252301056515, -33.0546614359634], [-70.925176703192, -33.0543398879274], [-70.9249409489811, -33.0541676876073], [-70.9249166661692, -33.0541191638649], [-70.9248031860744, -33.054095596975], [-70.9247621757472, -33.0540732326479], [-70.9246839145922, -33.0540837366475], [-70.924240277221, -33.0539538194995], [-70.9240625066318, -33.0537807235462], [-70.9240108088684, -33.0535372996019], [-70.9246864882512, -33.0531361161049], [-70.9250786342831, -33.0530323727392], [-70.9254581203935, -33.0528799800471], [-70.9258960116007, -33.0527462212584], [-70.9261754416317, -33.0525938891363], [-70.9262263445074, -33.0524675899267], [-70.9263041134926, -33.0523100865625], [-70.9263350728544, -33.0521337692084], [-70.9262852844661, -33.0519782363171], [-70.926188049001, -33.0517745918217], [-70.9259725139149, -33.051465317803], [-70.9256770838477, -33.0512158902307], [-70.9254879333643, -33.0510527404639], [-70.9252644199276, -33.0509096580198], [-70.9252614436876, -33.0507729398706], [-70.9252930425308, -33.0506259193605], [-70.925324853847, -33.0504886632017], [-70.9254047489206, -33.050428816564], [-70.9254479428883, -33.0502816160808], [-70.9253165617437, -33.0501078054325], [-70.9252770963933, -33.049893499584], [-70.9254235903228, -33.0496958596756], [-70.9258032743893, -33.0495532316613], [-70.9260933811488, -33.0495585196621], [-70.9263718925309, -33.0495639861108], [-70.9268266812324, -33.04967418586], [-70.9272894476458, -33.0496181891487], [-70.9274608308645, -33.0494983132875], [-70.9275790184264, -33.0490666563122], [-70.9277620959232, -33.0484190801321], [-70.9278815579539, -33.0480460162073], [-70.9279580432855, -33.0478299186568], [-70.9279624011288, -33.0474977091893], [-70.9279538857505, -33.047107085677], [-70.9280181366134, -33.0468618706993], [-70.9280939821131, -33.0466164755218], [-70.9280755367644, -33.0462743783656], [-70.9280324979786, -33.0462423806583], [-70.9279536599233, -33.0460325125893], [-70.927706966082, -33.0458897935031], [-70.9271604988213, -33.045829858718], [-70.9269659780197, -33.0457736661966], [-70.9269621019002, -33.0457743113723], [-70.9269556658523, -33.0457727595823], [-70.9263907434853, -33.0456366058095], [-70.9262269214893, -33.0455707546387], [-70.9262222420917, -33.0453559116569], [-70.9262392648522, -33.045072350923], [-70.9261871421824, -33.0448093961635], [-70.9260190694311, -33.0445482321338], [-70.9256774950433, -33.0443092859164], [-70.9253348608257, -33.0440215096141], [-70.9250188192505, -33.043889624993], [-70.9249114882747, -33.0437545174223], [-70.924872453559, -33.0435597416307], [-70.9250052169585, -33.0432646259218], [-70.9251761665272, -33.0431252219765], [-70.925465189469, -33.0430816840571], [-70.9257679335112, -33.0431356227253], [-70.9265319225258, -33.0430652083512], [-70.9269115767297, -33.0429225788278], [-70.9270479496646, -33.0427934760598], [-70.9272515509716, -33.0425558757196], [-70.9272687831021, -33.0422820810292], [-70.9271913423257, -33.0419218287525], [-70.9270705018921, -33.0416990121182], [-70.9269266850819, -33.0414863188941], [-70.9269584913048, -33.0413490632433], [-70.927202830711, -33.0408519588381], [-70.9271955982172, -33.0405199281122], [-70.9271226265237, -33.0403647534248], [-70.9268184026853, -33.0402424590295], [-70.9266410814834, -33.0400888961069], [-70.9267639425687, -33.0398720827182], [-70.9268644645417, -33.0396946894615], [-70.9270111507402, -33.0395068143172], [-70.9271685805946, -33.039279696981], [-70.9272401498489, -33.0391775913467], [-70.9272121336866, -33.0391383638584], [-70.927127415382, -33.0389872665071], [-70.9269151006557, -33.0388244760432], [-70.9267542202048, -33.0387473457777], [-70.9267144844953, -33.0387172642453], [-70.9266738244273, -33.0387088010707], [-70.9265400408458, -33.0386446620524], [-70.9262023164662, -33.0385814965909], [-70.9261087469745, -33.0385911942239], [-70.9260705415033, -33.0385832430557], [-70.9256451504105, -33.0385607944825], [-70.9253428483034, -33.0385263863454], [-70.9252458427695, -33.0383325053753], [-70.9252274483574, -33.0380201854756], [-70.9251298389349, -33.0377151927203], [-70.9250828866425, -33.0376912101433], [-70.9250070661117, -33.0374862981945], [-70.9247488064187, -33.037343750977], [-70.9242959965335, -33.0373214312955], [-70.9237873378328, -33.037397661553], [-70.9234066399927, -33.0374914536377], [-70.9231650726034, -33.0375830993607], [-70.9229593473472, -33.0377230357594], [-70.9228371171931, -33.0379691433705], [-70.9227428807502, -33.0380466353135], [-70.9227123177305, -33.0380913752439], [-70.9226335135581, -33.0382067358122], [-70.9225336210184, -33.0384134227335], [-70.9223966111466, -33.0385132238537], [-70.9222060087095, -33.0382817078113], [-70.9221574693807, -33.0381999767789], [-70.9220958182387, -33.0380964035816], [-70.9219325509322, -33.0379733178893], [-70.9217008777432, -33.0379866571092], [-70.9214361171176, -33.0380786559884], [-70.9212745708468, -33.0381498302927], [-70.921238658861, -33.0381470323027], [-70.9210689167379, -33.0382601538316], [-70.9208482005056, -33.0382440152037], [-70.9207176941123, -33.0381092605492], [-70.9206986797867, -33.0377676416612], [-70.9207066700073, -33.0376014474944], [-70.9209637967874, -33.0371578865636], [-70.9211549609216, -33.0368814122894], [-70.9210800948671, -33.0366383430219], [-70.9209841618846, -33.0364932874862], [-70.9207022988459, -33.0363315571376], [-70.9206527436029, -33.03618578623], [-70.9208002858535, -33.0360369810637], [-70.9211112047526, -33.0359345023078], [-70.9213297948783, -33.0358529840176], [-70.9215436682573, -33.0356857690175], [-70.9215660582722, -33.0355172011876], [-70.921386847387, -33.0352757395398], [-70.9211376492372, -33.0350158184497], [-70.9207959145824, -33.0347670904556], [-70.9204724943888, -33.0342933941181], [-70.9202681941079, -33.033964397097], [-70.9202152497285, -33.0336623754435], [-70.9202114356873, -33.0334865943436], [-70.9202282126855, -33.0333608695379], [-70.9200930423071, -33.0332113489228], [-70.9198334352498, -33.0331470974516], [-70.9198329807211, -33.0331415924868], [-70.919625182986, -33.0331927822077], [-70.9194291487578, -33.0332446436947], [-70.9193222644831, -33.0331290618389], [-70.9192832468298, -33.0329342842807], [-70.9192773169018, -33.0326608453278], [-70.9192140532978, -33.0324175960823], [-70.9191695222616, -33.0322622535757], [-70.9191279999693, -33.0322609616193], [-70.9190582545082, -33.0321855399662], [-70.918852506068, -33.0321159197432], [-70.9188587925132, -33.0321061302064], [-70.918591336838, -33.0320461893787], [-70.9183128802608, -33.0320407035003], [-70.918159412636, -33.0319160674757], [-70.9183651317912, -33.0317761391065], [-70.918895680022, -33.0316409814671], [-70.919392505205, -33.0315551852382], [-70.9196454430575, -33.0314536034488], [-70.9198975329622, -33.0313129589785], [-70.9200931378607, -33.0312415653804], [-70.9205452805252, -33.0312346037665], [-70.9205520748987, -33.0312363424876], [-70.9207796750023, -33.0311856003138], [-70.9211476419297, -33.0312365691592], [-70.9213747624137, -33.0312087279476], [-70.9213911752849, -33.0312020378989], [-70.9218367438157, -33.0308923361364], [-70.9218778154117, -33.0306474807701], [-70.9218736742345, -33.0306423004568], [-70.9219454666057, -33.0305585185201], [-70.9220455646809, -33.030361597409], [-70.9220566426523, -33.0302540931962], [-70.9220647211418, -33.0301756929328], [-70.9220263363892, -33.0300102131379], [-70.9217301436299, -33.0297217093184], [-70.9214265999082, -33.0296286968034], [-70.9211477271668, -33.0296036854478], [-70.9206033109837, -33.0296304337162], [-70.9203700815434, -33.0293386853738], [-70.920377324692, -33.0292931182081], [-70.9203039062087, -33.0291966167315], [-70.9202296856244, -33.0289828432183], [-70.9203181932906, -33.0287861018259], [-70.9204749863969, -33.0285296957888], [-70.9206553898189, -33.0282924641105], [-70.920825682038, -33.0281237706739], [-70.9210781845985, -33.0280026548018], [-70.9212259251003, -33.0278636138905], [-70.9213685778445, -33.0274901979534], [-70.92141113345, -33.0273137016626], [-70.9213345815178, -33.0269925066457], [-70.9213077911705, -33.0268268479181], [-70.9215351956778, -33.0266181977759], [-70.9216378356373, -33.0265384644252], [-70.9218296113573, -33.0262912873635], [-70.9219994746083, -33.0261030609417], [-70.921962363201, -33.0259961746834], [-70.9218900509343, -33.0258702926583], [-70.9218295431686, -33.025753997313], [-70.9219536692356, -33.025595782224], [-70.9222061630989, -33.0254746643418], [-70.9224114379886, -33.0253151983904], [-70.922511953837, -33.0251378085378], [-70.9226080003093, -33.0250200377972], [-70.9226137418347, -33.0250190132137], [-70.922641599381, -33.0249923461342], [-70.9228523066438, -33.0247906507064], [-70.9229635646804, -33.0245740187902], [-70.923006328112, -33.0244072882609], [-70.9228966920576, -33.024164755506], [-70.9227394148394, -33.0238643436008], [-70.9225231162694, -33.0235159963055], [-70.9221367501765, -33.0233461099273], [-70.9216001097727, -33.0231980752082], [-70.92099603514, -33.0231487660519], [-70.9207509005795, -33.0230743890692], [-70.9205278449556, -33.0230809569893], [-70.9195573700541, -33.0229897942805], [-70.9195400095624, -33.0229830316586], [-70.9193351522904, -33.0230277984029], [-70.9190457672419, -33.0230517883796], [-70.9187770261505, -33.0229582334115], [-70.9185194553647, -33.0228449679725], [-70.9183194226832, -33.0227112791446], [-70.9180253838973, -33.0225204219173], [-70.9178236603966, -33.0223086076537], [-70.9176902218878, -33.0220371281928], [-70.9176868768053, -33.021991471366], [-70.9173176913335, -33.021299634117], [-70.9173012834223, -33.0209644918953], [-70.9171092873122, -33.0206870595062], [-70.9168928304897, -33.0205028683918], [-70.9168582443509, -33.0203073594612], [-70.9169766633183, -33.0201691636663], [-70.9171066704373, -33.0200989769324], [-70.9171976973103, -33.0200975781314], [-70.9174619568424, -33.0201531809575], [-70.9176044772779, -33.0201936081166], [-70.9178470322819, -33.020181355597], [-70.918140158048, -33.0201683250994], [-70.9182733034121, -33.0202429892348], [-70.9184905007908, -33.0204612601282], [-70.9186256778545, -33.0206296511633], [-70.9187494480424, -33.0207385534449], [-70.9189138605938, -33.0208553536479], [-70.919078643992, -33.0209891942664], [-70.9191780846299, -33.0210814799092], [-70.9192326286319, -33.0211107808096], [-70.9193471554622, -33.0212407687037], [-70.9194389222467, -33.0212734504521], [-70.9195647274342, -33.0214760790696], [-70.9197006471012, -33.0216785510017], [-70.9198746222861, -33.0217696322938], [-70.9201398121993, -33.0218678326265], [-70.9206986871114, -33.021978557553], [-70.9209182986242, -33.0219322862643], [-70.9209419538202, -33.0219434031925], [-70.9209605508449, -33.0219233839575], [-70.9213152917211, -33.0219520147697], [-70.9218958769856, -33.0221305879663], [-70.9222734377648, -33.0222781933072], [-70.9226032032047, -33.022554386953], [-70.9230133308215, -33.0228037696543], [-70.923381522614, -33.0229856094953], [-70.9235472411758, -33.0231620480357], [-70.9236423448924, -33.0233480983812], [-70.9238099161941, -33.0236097422874], [-70.9238741440153, -33.0237799355842], [-70.9238727102523, -33.0237809055147], [-70.9238718578041, -33.0237814823024], [-70.9239157913475, -33.0238823864849], [-70.9239829918356, -33.0239868394267], [-70.9240232233614, -33.0241307780917], [-70.9240460135368, -33.0243257765952], [-70.9240818629478, -33.0244815038506], [-70.9241295004193, -33.0245393742798], [-70.924228391743, -33.0246081742555], [-70.9242960519599, -33.0246660135315], [-70.9243199236363, -33.0247270767967], [-70.9243237509009, -33.0247278203845], [-70.924429995474, -33.0249215314239], [-70.9245211437833, -33.0250607776979], [-70.9245789878997, -33.0251614669968], [-70.9245905536015, -33.0252667778592], [-70.9245609861999, -33.0254000720851], [-70.9244939026572, -33.0255144106206], [-70.9243583776718, -33.0256805948589], [-70.9242555603758, -33.0258579963712], [-70.9240240702105, -33.0260901275462], [-70.9237981920917, -33.0263671016374], [-70.9237427991309, -33.0265926088617], [-70.9237309589765, -33.0269014441086], [-70.9237668424919, -33.0272720561442], [-70.9238000090545, -33.0275176863145], [-70.923834025737, -33.0278023722523], [-70.9239116911919, -33.0279613612577], [-70.9239798277822, -33.0281087770469], [-70.9240414193194, -33.0281683855719], [-70.9242574166117, -33.0282900775299], [-70.9245841821001, -33.0283866172048], [-70.925137374394, -33.0284444996034], [-70.9256017074298, -33.0284685881799], [-70.926005426979, -33.0284779822698], [-70.926317561652, -33.028541534427], [-70.9264537975307, -33.028615039563], [-70.9265991550381, -33.0286934656083], [-70.9267310197483, -33.0287851970914], [-70.9267800515134, -33.0288285822809], [-70.9273664289042, -33.0289935262087], [-70.9273830961479, -33.0289982142907], [-70.9273919200853, -33.0290142503774], [-70.9273945977069, -33.0290132711071], [-70.9276570099391, -33.0293491248582], [-70.9278238844926, -33.0295575233697], [-70.9279430318681, -33.0297041475203], [-70.9280112626939, -33.0298554661452], [-70.9280509083219, -33.0299720635149], [-70.9280722620634, -33.0301006637176], [-70.9280739636767, -33.030178777815], [-70.9280254287101, -33.0302928305473], [-70.9279282723023, -33.0305170314919], [-70.9278791587349, -33.030645873116], [-70.9278769826264, -33.0306815766175], [-70.9277521126423, -33.0309304467988], [-70.9274885736318, -33.0313084321118], [-70.9273401039036, -33.031562544543], [-70.9273244837052, -33.0316772481796], [-70.9273553068465, -33.0318446510744], [-70.9274951356309, -33.0320256302455], [-70.9276611367489, -33.0321604200502], [-70.9278808099586, -33.0322638569348], [-70.9280719854885, -33.0323066867275], [-70.928299052966, -33.0323336997932], [-70.9284553532317, -33.0323414000783], [-70.9284734339086, -33.0323507826861], [-70.928580457907, -33.0323598723155], [-70.9291273176961, -33.0325116627775], [-70.929393604656, -33.0326754222722], [-70.9294683815655, -33.0327810974682], [-70.9296333890753, -33.0328701143049], [-70.9298260637255, -33.0329815965634], [-70.9298825639046, -33.0330799230262], [-70.9299219490152, -33.0332242998689], [-70.9298885524361, -33.033354541245], [-70.9299011024708, -33.0335145948464], [-70.9299237073906, -33.0337202775586], [-70.9299724823504, -33.0338797706419], [-70.9299781396735, -33.0341391314785], [-70.929962189931, -33.0342385797792], [-70.9298593364339, -33.0345072507903], [-70.9298211881533, -33.0346978958566], [-70.9298102044064, -33.0347250501645], [-70.9297494971026, -33.0348751348109], [-70.9297057598449, -33.0350478686155], [-70.9296957871265, -33.0352440883821], [-70.929689081555, -33.0353722348458], [-70.9297071662853, -33.0355480144672], [-70.929734051135, -33.035691645898], [-70.9297474743332, -33.0358714990144], [-70.9297882573348, -33.0359989107324], [-70.9298504788901, -33.0362380278617], [-70.9299490340296, -33.0364005572261], [-70.9301969872825, -33.0366608084381], [-70.9304644616054, -33.0369447644128], [-70.9306637069421, -33.0371497490395], [-70.9307912824874, -33.0373358367768], [-70.9308142009271, -33.037346651067], [-70.9308332888137, -33.0373814752708], [-70.9309227347472, -33.0374818513619], [-70.9310795028795, -33.0376994970315], [-70.931237233223, -33.0379611428543], [-70.9312998968554, -33.038220259176], [-70.9312947936046, -33.0382234332545], [-70.931310615763, -33.0382522990956], [-70.9313379423547, -33.0384397427847], [-70.9313837389565, -33.0385790803876], [-70.9314566343168, -33.0386539770144], [-70.9315619248991, -33.0387107728253], [-70.931565399553, -33.0387171102316], [-70.9316688222825, -33.0387987395105], [-70.9318345700084, -33.0389922376039], [-70.9319101724962, -33.0391911332104], [-70.9319634282117, -33.0394543962067], [-70.932022830934, -33.0397815843238], [-70.9320366091959, -33.0399774361207], [-70.9320293829521, -33.0400815832087], [-70.9319822777916, -33.0402421699623], [-70.931976324474, -33.0402624648105], [-70.9319626845459, -33.040278448976], [-70.9319728854616, -33.0403225379765], [-70.9319517176786, -33.040552722388], [-70.9319135158269, -33.0407112268667], [-70.9318077880025, -33.0411164192902], [-70.9317870834815, -33.0415992501396], [-70.9318820671723, -33.0421329265284], [-70.9320593963455, -33.0426214624924], [-70.9322560196964, -33.0430395166958], [-70.9323929894718, -33.0432656447289], [-70.932411479997, -33.0433368032674], [-70.9325785577634, -33.0434994822024], [-70.9328510156302, -33.0435742161455], [-70.93315356148, -33.0435958446588], [-70.9334541917886, -33.0435297738139], [-70.9338458518495, -33.0433394689431], [-70.9340313648583, -33.0432488629638], [-70.9341459054716, -33.0432470866356], [-70.9344902932585, -33.0432768359173], [-70.9347515718339, -33.0433166474153], [-70.9351495597458, -33.0434157466687], [-70.935348937726, -33.0434828352366], [-70.9354763857175, -33.0435949053059], [-70.9355108860958, -33.0437435094692], [-70.9355245609026, -33.0438924368311], [-70.935468416784, -33.0441828135348], [-70.935235252729, -33.0444759381924], [-70.9349085623917, -33.0447792873698], [-70.9347480940797, -33.0450625094271], [-70.9346965503264, -33.0455633653426], [-70.9347219799843, -33.0457735208307], [-70.9346095470641, -33.045871767144], [-70.9344236457537, -33.0459448342444], [-70.9340857742851, -33.046027393269], [-70.9340374467843, -33.0460726656846], [-70.9337099341847, -33.0461729488775], [-70.9331821003695, -33.0464351240189], [-70.9329418005432, -33.0465853822238], [-70.9326967318983, -33.0470483167755], [-70.9325985624055, -33.0473331354624], [-70.9324881550244, -33.0475888372275], [-70.9322849840066, -33.0478459762971], [-70.9321243536576, -33.0479266160929], [-70.9319110787838, -33.0482522935423], [-70.9317787577, -33.0485669471828], [-70.931798245817, -33.0489280935193], [-70.9319093137986, -33.0490850122864], [-70.9319160026308, -33.0491398413065], [-70.93208443575, -33.0492851070331], [-70.932202526454, -33.0493809653087], [-70.9321810414835, -33.0494594491374], [-70.932092756726, -33.0496659633326], [-70.9319979826243, -33.0498118042737], [-70.9320033800496, -33.0498560397546], [-70.9319198113863, -33.0502450066772], [-70.9318574892968, -33.0505781129416], [-70.9318619700008, -33.050783189807], [-70.9319609237363, -33.0510649539418], [-70.9321397702321, -33.0512868662366], [-70.9323142267458, -33.0515275807047], [-70.9323315809551, -33.0516124617175], [-70.9325464113968, -33.0518471581871], [-70.9327913528953, -33.0524392615832], [-70.9329639449894, -33.0529054906447], [-70.9330141725275, -33.0530805517214], [-70.9330433422417, -33.0533536271263], [-70.9330130375323, -33.0535592430587], [-70.9328908151687, -33.0538053588291], [-70.9328528965932, -33.0539193839081], [-70.9328353949839, -33.0539234446477], [-70.9328190060452, -33.0539963926385], [-70.9327825370623, -33.0541587165748], [-70.9327691636898, -33.054608291104], [-70.9328943078957, -33.0550264119938], [-70.9329917759755, -33.0552398156676], [-70.9331347771113, -33.0554134374604], [-70.933187474717, -33.055450152407], [-70.9331921692998, -33.055468215228], [-70.9332533044571, -33.0555288256243], [-70.9332912965756, -33.0556747697322], [-70.9332822626, -33.0557921356091], [-70.9332763120056, -33.055799649852], [-70.933278344247, -33.0558081567764], [-70.9330803573215, -33.0561078702074], [-70.9329776293534, -33.0567151315411], [-70.9330295674196, -33.0569683158806], [-70.9331487373716, -33.0571130014634], [-70.9331865166075, -33.0572491794437], [-70.9330176238386, -33.0580137681984], [-70.9329567964569, -33.0584152338015], [-70.9329741585843, -33.0586787235195], [-70.9330241764926, -33.0588440182134], [-70.9329474820736, -33.0590503532045], [-70.9324828935673, -33.0595557670286], [-70.9322005444257, -33.0599069377751], [-70.9318974536691, -33.0603707708119], [-70.9317657578555, -33.0607147210351], [-70.9317030030907, -33.0610282965726], [-70.931744197398, -33.0613207236272], [-70.9316541930709, -33.0614491132737], [-70.9312896940541, -33.0617575946811], [-70.9309737146164, -33.0621630123507], [-70.9306298726723, -33.0628863473102], [-70.93028463928, -33.0635462066737], [-70.9300291971856, -33.0640679105417], [-70.9298759981594, -33.0644903425451], [-70.9297415164468, -33.0647073395793], [-70.9296976843042, -33.0648252437842], [-70.9297494058202, -33.0650686641375], [-70.9298462391303, -33.0652527732837], [-70.9299762069588, -33.0653910574745], [-70.9299665710618, -33.0664959888932], [-70.9302971334031, -33.0673375460846], [-70.9304762555848, -33.0687190677555], [-70.9303839613128, -33.0691793001287], [-70.9301080712959, -33.0705550250103], [-70.9299298691726, -33.0717474680447], [-70.9299809659988, -33.0719257827055], [-70.9302408779234, -33.0719024811644], [-70.9302434819709, -33.0719019015551], [-70.9302501194774, -33.071901307287], [-70.9304714255269, -33.0718648205498], [-70.9306575624723, -33.0718450378006], [-70.9307964186987, -33.0718346680054], [-70.9310623602208, -33.0718184164779], [-70.9312414569412, -33.0718077186213], [-70.9315074241941, -33.0718097555298], [-70.9318363141955, -33.0719308893908], [-70.9320449422057, -33.0720631840763], [-70.9320452961231, -33.0720633517401], [-70.9320459576208, -33.0720638212551], [-70.9321804884845, -33.0721470481395], [-70.932182577991, -33.0721480176727], [-70.9321854227845, -33.0721499251136], [-70.9323030493885, -33.0722144756877], [-70.9323148319988, -33.0722195894257], [-70.9323176248674, -33.0722211793265], [-70.9325355791374, -33.0723036537331], [-70.9325398797852, -33.0723043950904], [-70.9325437639121, -33.0723064162722], [-70.9328954507814, -33.0724111649236], [-70.9328959632235, -33.0724112345343], [-70.9329003807818, -33.0724125214698], [-70.9331515531787, -33.0724759915265], [-70.9331530404434, -33.0724761641569], [-70.9331574166214, -33.0724773218631], [-70.9333401351412, -33.0725141329966], [-70.9335005423976, -33.0726021903324], [-70.9336560628798, -33.0727305993485], [-70.9337867696745, -33.0728742965361], [-70.9337974758373, -33.0728843958452], [-70.9338055456233, -33.0728903182492], [-70.9340916138172, -33.0730799513228], [-70.9340943624151, -33.0730812776365], [-70.9340993944307, -33.0730846499175], [-70.9342338275021, -33.073158406026], [-70.9342410025481, -33.0731615204959], [-70.9342441911101, -33.073163421652], [-70.9344287412248, -33.0732415411471], [-70.9344376934323, -33.0732449075906], [-70.9344400394576, -33.0732452625733], [-70.9344418584331, -33.0732462019964], [-70.9346763220121, -33.0733144381769], [-70.9346768065024, -33.0733145028029], [-70.9346802895658, -33.0733155201045], [-70.9349607429848, -33.0733869765907], [-70.9351914018634, -33.0734632612457], [-70.9352077522109, -33.0734674359417], [-70.9354986071873, -33.0735208024871], [-70.9357765761743, -33.0735806883893], [-70.9360106632936, -33.0736883183381], [-70.9361596497458, -33.0738176886079], [-70.9361611180861, -33.073818511706], [-70.9361622184191, -33.0738198446358], [-70.9361813104379, -33.0738321753386], [-70.936399566112, -33.0739427748166], [-70.9364085813268, -33.0739465170957], [-70.9364105077765, -33.0739476180486], [-70.9366502472483, -33.0740392860635], [-70.9368419974116, -33.0741666275372], [-70.936846511827, -33.0741688083287], [-70.9368533717616, -33.0741732252548], [-70.937054825754, -33.0742746155254], [-70.9370706246402, -33.0742811489764], [-70.9370856507843, -33.0742850719497], [-70.9372697079707, -33.0743208995623], [-70.9372824641043, -33.0743220242813], [-70.9372883832028, -33.0743231001435], [-70.9374720408279, -33.0743309773385], [-70.9374749818958, -33.0743305258083], [-70.9374786157396, -33.0743310888761], [-70.9376539259799, -33.0743295353836], [-70.9376557226671, -33.0743292116593], [-70.937657455745, -33.0743294552649], [-70.9378207396477, -33.0743234729797], [-70.9379824968835, -33.0743263664498], [-70.9381402928526, -33.0743545451155], [-70.9383313403327, -33.0744151571101], [-70.9384358961242, -33.0744532580776], [-70.9385309684727, -33.0745337015366], [-70.9385346962553, -33.0745357628335], [-70.9385370912316, -33.0745384932635], [-70.9386970874263, -33.0746542331482], [-70.9387277318087, -33.0746697691955], [-70.9387534414613, -33.074675296971], [-70.9390792927094, -33.0747099977173], [-70.9390947109472, -33.0747106948601], [-70.9390963528093, -33.0747103933634], [-70.939097888124, -33.0747106057561], [-70.9393776938985, -33.0746992519849], [-70.9395153519264, -33.0747200848686], [-70.9397122837157, -33.0748491015127], [-70.9398793477808, -33.074963988552], [-70.9400390433651, -33.075074899398], [-70.9400418936309, -33.0750763123726], [-70.9400487067287, -33.0750808786458], [-70.9401579948031, -33.0751408619008], [-70.9401610141996, -33.0751421721385], [-70.9401631290683, -33.0751435090802], [-70.9403058211948, -33.0752125315261], [-70.9403200253811, -33.0752182768416], [-70.9403212956907, -33.0752184689949], [-70.9403223251824, -33.0752190111941], [-70.9405658401287, -33.0752941383468], [-70.9407207603769, -33.075366303049], [-70.9404781318545, -33.0758481988909], [-70.9403495624803, -33.0761925351046], [-70.9398394602112, -33.0760203863298], [-70.9398309306761, -33.0760251697344], [-70.9389541747231, -33.0763127204785], [-70.9383473977376, -33.0765511612155], [-70.9380367453528, -33.0766880265531], [-70.9377862449436, -33.0768683443393], [-70.9374938364356, -33.0774786534789], [-70.937529774204, -33.0781843488217], [-70.9376148969258, -33.0788872350793], [-70.9376170632583, -33.0789175826931], [-70.9376173946974, -33.078918823851], [-70.9377324575404, -33.0820058995071], [-70.9377292022564, -33.0820217291888], [-70.9377323923201, -33.0820358399066], [-70.9376982285635, -33.0828559872618], [-70.9377343138586, -33.0829195020637], [-70.9388375858557, -33.0831591086235], [-70.9388676961846, -33.0831541771414], [-70.938896220526, -33.0831678630541], [-70.9391140051701, -33.0832362594301], [-70.9393647104464, -33.0832622087561], [-70.9395314795521, -33.0832514062675], [-70.9397230146198, -33.0832122627527], [-70.9398647211937, -33.0832016704057], [-70.940014988414, -33.0832004128069], [-70.9401326354963, -33.0832649551294], [-70.9403339154551, -33.0833475843962], [-70.9404515640274, -33.0834121263837], [-70.9406354364593, -33.0834386627218], [-70.9407773492152, -33.0834374440951], [-70.940945315855, -33.08352500998], [-70.9410302515333, -33.0836413741074], [-70.9412478398808, -33.0836957916117], [-70.9414231683629, -33.0836942321356], [-70.9416239513416, -33.083734662073], [-70.9417592031854, -33.083878739165], [-70.9419359257276, -33.0839989933115], [-70.942111756071, -33.0840397210437], [-70.942170057428, -33.0840603650228], [-70.9422489310871, -33.0840883655346], [-70.9422793207702, -33.0840991538136], [-70.9424555498559, -33.0841726107075], [-70.9424715952876, -33.084176957184], [-70.9426900522767, -33.0842361409007], [-70.9427077741048, -33.0842388253245], [-70.9429826216387, -33.0842804576899], [-70.9431506176672, -33.0843302340262], [-70.9431670081621, -33.0843351188259], [-70.9434011028284, -33.0843752068422], [-70.9437018332771, -33.084396037678], [-70.9439118766759, -33.0845066609555], [-70.9440558903499, -33.0846835149902], [-70.944166789481, -33.0848792824114], [-70.9441712405654, -33.0848854634519], [-70.9442942014911, -33.0850562147452], [-70.944420407596, -33.0851394663679], [-70.9445275454303, -33.0851724037577], [-70.9446130387283, -33.0851986861045], [-70.9448301349856, -33.08520621056], [-70.9450553854511, -33.0851948487485], [-70.9450634505528, -33.0851947805977], [-70.9452973380868, -33.0851927859682], [-70.9454723663076, -33.0851725587702], [-70.94563884333, -33.0851289265798], [-70.945771797302, -33.0850856380771], [-70.9459130084283, -33.0850281522208], [-70.9460459658834, -33.0849801730433], [-70.9461885790532, -33.0850398105843], [-70.9464495468887, -33.0852249356883], [-70.9467100210749, -33.085363263807], [-70.9468925329697, -33.0854409087704], [-70.9468776863846, -33.0854569981779], [-70.9468895474335, -33.085461761146], [-70.9466774947257, -33.0856654537168], [-70.9450117513903, -33.0872654835788], [-70.9433547621154, -33.0888688726378], [-70.9426145499255, -33.0895851137997], [-70.9425731816702, -33.0899453839546], [-70.942703069789, -33.0906211146666], [-70.9427563036326, -33.0908000974364], [-70.9431864250142, -33.0909317080023], [-70.9433844510933, -33.0909701152312], [-70.9435544958367, -33.0912302653567], [-70.9437704710887, -33.091337551187], [-70.9440016557461, -33.0913892713232], [-70.9442198858775, -33.0913973379502], [-70.944213840444, -33.0914090214678], [-70.9443310708886, -33.0914315180049], [-70.9443799332226, -33.0914408938295], [-70.9445564203278, -33.0914912568802], [-70.944575535596, -33.0916879146039], [-70.9445772375086, -33.0918283905357], [-70.9445756387763, -33.0918696797461], [-70.944570886759, -33.0919924401619], [-70.9446094995343, -33.0920576474514], [-70.9446724789198, -33.0921640020813], [-70.944830336903, -33.0922634434938], [-70.9450254270629, -33.0923071126362], [-70.9450308115133, -33.0923076896257], [-70.9452678026558, -33.0923330892811], [-70.9453637071636, -33.0923388058015], [-70.9456845171089, -33.0923847498071], [-70.9456284433064, -33.0925821302951], [-70.9455728791746, -33.0927005941799], [-70.9455477909079, -33.0928060389383], [-70.9455013981174, -33.0930010227138], [-70.9455450760924, -33.0931599616756], [-70.9456219723563, -33.0933045842538], [-70.9457407421839, -33.0934581121921], [-70.9457712356376, -33.0935022712876], [-70.9458597104081, -33.0936303946098], [-70.9459782791463, -33.0937699464393], [-70.9462050512123, -33.0938897729629], [-70.9465065191875, -33.0939668587706], [-70.9467016777781, -33.0939712465711], [-70.9468070797865, -33.0939736157445], [-70.9470231937129, -33.0938967416138], [-70.9472049819761, -33.0937499710368], [-70.947385872489, -33.0935188055032], [-70.9474835108967, -33.0933165362478], [-70.9475648447356, -33.0931424770147], [-70.947646381401, -33.0929824837351], [-70.9476862411381, -33.0928321599152], [-70.9477764347559, -33.0926955685542], [-70.9479749642388, -33.0925793772224], [-70.9481738584304, -33.092669064523], [-70.9481746112105, -33.0926693386292], [-70.9484358709711, -33.0927643469661], [-70.9485665369252, -33.0927917029746], [-70.9487601678925, -33.0928322326696], [-70.9491238765705, -33.0928994100072], [-70.9491610629074, -33.0929023048614], [-70.9494788907295, -33.0929270434612], [-70.9495873257526, -33.092922822016], [-70.9497700512355, -33.0929158139846], [-70.9500053252933, -33.0928723627556], [-70.9501258828374, -33.0928388054949], [-70.9502322357472, -33.0928092012139], [-70.9503959845169, -33.0927336819133], [-70.9504842762757, -33.0928118398212], [-70.9505599009353, -33.092924256459], [-70.9505901763515, -33.0929692618383], [-70.9506181816342, -33.0929779940017], [-70.9507724912603, -33.0930261079275], [-70.9508589932389, -33.0930276440923], [-70.9509694837143, -33.0930296063532], [-70.9510896631884, -33.0931205212121], [-70.9510549594194, -33.0931796552501], [-70.9509757813323, -33.0933145712999], [-70.9508905277902, -33.0934321494951], [-70.9508098021936, -33.0936576937763], [-70.9507787095992, -33.0938360177497], [-70.9507981340975, -33.0940654050627], [-70.9508243069414, -33.0941167728422], [-70.9508836982355, -33.0942333355768], [-70.9509935194518, -33.0943354147407], [-70.9511198453526, -33.0944280369079], [-70.9513461260104, -33.0945010575549], [-70.9515463343289, -33.0944898961977], [-70.9517963634653, -33.0944643359506], [-70.9520638117572, -33.0944900868383], [-70.952313274725, -33.0945509991725], [-70.9523234143013, -33.0945534745071], [-70.9524905009049, -33.0945706965043], [-70.9525193918968, -33.094663728268], [-70.952525338305, -33.0946828770387], [-70.952426391079, -33.0947867829172], [-70.9522283009768, -33.094971241509], [-70.9520972548763, -33.0951691678112], [-70.951991164402, -33.0953715728484], [-70.9518744968681, -33.0954978511595], [-70.9517820841317, -33.0955920949985], [-70.9515383996685, -33.0956091681727], [-70.9512854559655, -33.0956775194574], [-70.9509902902854, -33.095750317997], [-70.9509280642932, -33.0957574570051], [-70.9507690735817, -33.0957756961983], [-70.9505353474625, -33.0957683528024], [-70.9503096641735, -33.0957515953328], [-70.950083988045, -33.0957254575992], [-70.9498665679995, -33.0956899016085], [-70.9496834653632, -33.0957383089513], [-70.9497100427027, -33.0958599082168], [-70.9497704362259, -33.096023363503], [-70.9498894204733, -33.0961909520946], [-70.9501168098498, -33.0963576548331], [-70.9503447118918, -33.0965571759423], [-70.9505051588133, -33.0967150066382], [-70.9506487062287, -33.0968449651495], [-70.9507333628501, -33.0969426587678], [-70.9508522455477, -33.0971055585236], [-70.9509714335432, -33.0972919004601], [-70.9511239362746, -33.0974779911724], [-70.9513259656473, -33.097616771773], [-70.9515532612796, -33.0977740952538], [-70.9517049643029, -33.0978899466603], [-70.9518717221246, -33.0979653809718], [-70.9519388283803, -33.0979845348631], [-70.9520486257686, -33.0980040525181], [-70.9522410929082, -33.0980398151248], [-70.9524128492659, -33.0981176557711], [-70.9524255533944, -33.098131041591], [-70.9524789325062, -33.0981473684628], [-70.95272584047, -33.0983208124946], [-70.9529256597493, -33.0985631916406], [-70.9529805921538, -33.0988487592071], [-70.95299779082, -33.0989147258175], [-70.9530041493452, -33.0989982961258], [-70.9531982359299, -33.0991652443116], [-70.9533828535428, -33.0992480222587], [-70.9535420076274, -33.099288814059], [-70.9536756890665, -33.0992969987857], [-70.9539424447681, -33.0992665724796], [-70.9540936202588, -33.09933418226], [-70.954120018695, -33.0994570457087], [-70.9541058428624, -33.099653952798], [-70.954183058445, -33.0998266108176], [-70.9542194151858, -33.1000652908176], [-70.9542221434377, -33.1002901594354], [-70.9542755107036, -33.1005567099804], [-70.9544454469679, -33.1007988850502], [-70.9546643038107, -33.1009421764373], [-70.9548326223415, -33.1010531638926], [-70.9550351697586, -33.1012340453875], [-70.9552544318394, -33.1014149347858], [-70.9555400301031, -33.1015576272282], [-70.9556753359539, -33.1016969975098], [-70.9556770607237, -33.1018328731225], [-70.9557299271279, -33.1020572251513], [-70.955873382846, -33.1021871786271], [-70.9559333951945, -33.1023085219276], [-70.9559359881912, -33.1023457548061], [-70.955942825395, -33.1024439158336], [-70.9558589558653, -33.1024538139977], [-70.9557683109234, -33.1024645119474], [-70.9556022195493, -33.1025315982591], [-70.9554692386042, -33.1025842768545], [-70.9553691788018, -33.1025898151265], [-70.9552836979368, -33.1024312657622], [-70.9551316836921, -33.1022873776679], [-70.9549798699927, -33.1021622447683], [-70.9547447095554, -33.1020424764994], [-70.9545851457071, -33.1019688669274], [-70.9543924681828, -33.101914353827], [-70.954192042759, -33.1019067667669], [-70.9539588987977, -33.1019602931909], [-70.9537432789608, -33.1020745978321], [-70.9535355083694, -33.1021514432155], [-70.9533946831702, -33.1022369782958], [-70.9533796880373, -33.1023776260794], [-70.9535397584045, -33.1024886534628], [-70.9537833799558, -33.1026130709275], [-70.9539601557688, -33.1027333056974], [-70.9540287181195, -33.1028779629247], [-70.9540066875767, -33.1031217970262], [-70.9540133146192, -33.103135636878], [-70.9541094799124, -33.1033364388854], [-70.9541847469237, -33.1035273438579], [-70.953947125237, -33.1037079162591], [-70.9537650230525, -33.1038360332372], [-70.9537669439647, -33.1039905732795], [-70.9538526247009, -33.1041678781807], [-70.9538893850139, -33.104439287467], [-70.953933082424, -33.1046029118884], [-70.9539942017077, -33.104817846564], [-70.9540796828383, -33.1049763967563], [-70.9540885121898, -33.1050018606489], [-70.95413153238, -33.1051259151825], [-70.9540018822476, -33.1052060335146], [-70.9539162132862, -33.1052589731508], [-70.9537429650063, -33.1054338453765], [-70.9537397297026, -33.1054400698962], [-70.9536451250623, -33.1056220550098], [-70.9534892929878, -33.1058383174031], [-70.9533155571089, -33.1060495351172], [-70.9533147265484, -33.1060505455397], [-70.9531433178271, -33.1062215103488], [-70.9529520428422, -33.106284028113], [-70.9528272142623, -33.1063132202606], [-70.9528797709326, -33.1065189108541], [-70.9531310528694, -33.1065823362005], [-70.9533903855407, -33.1066221886683], [-70.9536498185653, -33.1066761965204], [-70.9538428109497, -33.1067541526235], [-70.9540190883999, -33.1068369697955], [-70.9540377231432, -33.1069913378049], [-70.9539554820269, -33.1070904739136], [-70.9538771695516, -33.1071878466461], [-70.953856831455, -33.1072131348871], [-70.9538168733283, -33.1073587724261], [-70.9538270457216, -33.1075132731673], [-70.9538963199278, -33.1077141018369], [-70.9539483819277, -33.1078683063288], [-70.9540084888787, -33.1080083163967], [-70.9540610652484, -33.1080736593239], [-70.9541357538448, -33.1081664816215], [-70.9543539131911, -33.1082629800832], [-70.9544155889829, -33.1082796763199], [-70.954588487918, -33.1083264840576], [-70.9548232663305, -33.108404053505], [-70.9549626275681, -33.108561577132], [-70.9548125095755, -33.1086681817085], [-70.9546602985613, -33.1087287365192], [-70.9544772780603, -33.1087819296448], [-70.9543655918178, -33.1088340828821], [-70.9543443876795, -33.108843984598], [-70.9541952000275, -33.1089249624863], [-70.9540627125456, -33.1090197473905], [-70.9539721124988, -33.109118924445], [-70.9541169925174, -33.1093707818399], [-70.9542515474008, -33.1094207110667], [-70.9544679172393, -33.1095009984431], [-70.954791794336, -33.1095566088453], [-70.9548886684498, -33.1095939071707], [-70.9550598276346, -33.10965980752], [-70.9553257380088, -33.1096865664616], [-70.9555805063512, -33.109752097127], [-70.9557563932388, -33.1099184243258], [-70.9558450788613, -33.1100024522806], [-70.9559338193721, -33.1100865316107], [-70.9561124675399, -33.1102233059484], [-70.9561318848625, -33.1102381721936], [-70.9562875197695, -33.1102742753199], [-70.956381665077, -33.1102961141169], [-70.9566366301034, -33.1103607367613], [-70.9568461937776, -33.1104944299591], [-70.956941893704, -33.1107025971255], [-70.9570905120852, -33.1108857644566], [-70.9572795239275, -33.1110445794413], [-70.9574664491692, -33.1112010822056], [-70.9576042850562, -33.111313535291], [-70.9578577014577, -33.1113613167732], [-70.9581197842445, -33.1113312256967], [-70.9583689710982, -33.1112511953835], [-70.9585961160486, -33.1112305804091], [-70.9587085950266, -33.1114219792208], [-70.9589136442714, -33.1115355383829], [-70.9591799757668, -33.1115230536899], [-70.9591988840356, -33.1115204116363], [-70.9594586951711, -33.1114700618966], [-70.9597159170957, -33.1114092922864], [-70.9600216400529, -33.1113563253715], [-70.960132571454, -33.1115406228936], [-70.9602628901199, -33.1117293948265], [-70.960355895952, -33.1117832265684], [-70.960476308577, -33.1118529208032], [-70.9604790522177, -33.1118526972663], [-70.9607422842405, -33.1118312426239], [-70.960742329151, -33.1118312383099], [-70.960748802947, -33.1118313032549], [-70.9612113552338, -33.1117705524627], [-70.961324580273, -33.1117279235281], [-70.9615544198935, -33.1116308776759], [-70.9617497025554, -33.1115507875553], [-70.9619465644481, -33.1115417355447], [-70.9620903779199, -33.1117588802333], [-70.962285829853, -33.1119273254445], [-70.9624799686914, -33.1121137369656], [-70.9626591539693, -33.1122589908219], [-70.9628515748478, -33.1123777923964], [-70.9629534302351, -33.1124187771596], [-70.9632481982803, -33.1124676039781], [-70.9635294816472, -33.1124389024097], [-70.9637692554205, -33.1123717161442], [-70.9642247227183, -33.1121955363244], [-70.9645902602717, -33.1123503832187], [-70.9647573557567, -33.1127561760291], [-70.9650060234106, -33.1131532871169], [-70.9653020570191, -33.1135262936421], [-70.9656618085481, -33.1138587949286], [-70.9657448560666, -33.1139070468576], [-70.9659097647886, -33.1140028631496], [-70.9659447372391, -33.1140231826434], [-70.9661018285072, -33.1141144560952], [-70.9662883386709, -33.1142657211422], [-70.9665487395225, -33.1143522421941], [-70.9666773187782, -33.114563127739], [-70.9659915457057, -33.1146763990878], [-70.9654645501875, -33.1146197856748], [-70.9649316629384, -33.1146547060513], [-70.9644020106905, -33.1145942513577], [-70.9638836144238, -33.1144810425585], [-70.9638009234536, -33.1144600065794], [-70.9633451883059, -33.1143440690211], [-70.9630710192215, -33.1142551429187], [-70.9628178418101, -33.1141896940455], [-70.9627032631606, -33.114240561158], [-70.9625967022647, -33.114287867776], [-70.9624958167052, -33.1144929055175], [-70.9625104362008, -33.1147165035358], [-70.9625978768889, -33.1149283130005], [-70.9626411030165, -33.1149935459131], [-70.9627273914489, -33.1151237680754], [-70.9628286931415, -33.1153323829979], [-70.9629241125517, -33.1155414512319], [-70.9629368631013, -33.1157629142547], [-70.9629508441569, -33.1159818328212], [-70.9631501611601, -33.1161308266059], [-70.9633630406048, -33.1162294649886], [-70.9633664056443, -33.1163662168107], [-70.9634926575405, -33.1165690261154], [-70.9635767911797, -33.1167042333789], [-70.9637117855278, -33.1168472059866], [-70.964010218427, -33.1170388243016], [-70.9644698922353, -33.1171852429079], [-70.9647672690119, -33.117334130414], [-70.9649702972168, -33.1173992848658], [-70.9650746340182, -33.1174743826514], [-70.965218478576, -33.1175574233243], [-70.9653825714446, -33.117640235443], [-70.9655087126764, -33.1177271632003], [-70.9657108104601, -33.1178659183936], [-70.9658788711548, -33.1179487573997], [-70.9660130905373, -33.118003812695], [-70.9661481334059, -33.1181150382016], [-70.9662998890448, -33.118230779311], [-70.9664769191797, -33.1183698387063], [-70.9666706619044, -33.1185086339788], [-70.9668894830033, -33.1186426132102], [-70.967090970739, -33.1187297924512], [-70.9673426025908, -33.118821319707], [-70.967561007748, -33.1189317671806], [-70.9677461958234, -33.1190472489069], [-70.9679564526005, -33.1191718934299], [-70.9681833210023, -33.1192869865295], [-70.9683265174265, -33.1193887921359], [-70.9684195751094, -33.1194864290565], [-70.9684475177608, -33.1197156779724], [-70.9684345766236, -33.119952155212], [-70.9684243006975, -33.1201879590641], [-70.9684135830877, -33.1204040203746], [-70.968372384067, -33.1205315552725], [-70.9683659511858, -33.1205410356897], [-70.9683347800144, -33.120714585394], [-70.9683368324728, -33.1208785911529], [-70.9683563157241, -33.1211032834303], [-70.968458550448, -33.1212663373055], [-70.9685854505174, -33.1213964461474], [-70.9686294932878, -33.1215787261369], [-70.9684980350114, -33.1217485392497], [-70.968280644101, -33.1217270847802], [-70.9680960675933, -33.1216537095237], [-70.9679190265607, -33.1215194324281], [-70.9678179205865, -33.1214453683506], [-70.9676999981752, -33.1213621008899], [-70.96754069462, -33.1213166412975], [-70.9673569431996, -33.1213042138528], [-70.9671548285678, -33.1211748406581], [-70.9670029662864, -33.1210449441259], [-70.9668926809716, -33.1209100622289], [-70.9667907579128, -33.1207704489858], [-70.9666721213368, -33.1206262297863], [-70.9665587640296, -33.1205602037611], [-70.9665374829713, -33.1205478242887], [-70.9665123889105, -33.1205340531036], [-70.9664282274612, -33.1204878665568], [-70.9662264306148, -33.120372554907], [-70.9661088146673, -33.120317327154], [-70.9659574635173, -33.1202343150491], [-70.9657889940908, -33.1201140578185], [-70.9656875834058, -33.1200165498028], [-70.9655694613149, -33.1199145267313], [-70.9654173955668, -33.1197753427628], [-70.9652824533626, -33.1196687141416], [-70.9652672509592, -33.1196635368468], [-70.9652459696617, -33.1196367949998], [-70.9650605463974, -33.1195139427747], [-70.9647927366445, -33.1194203403243], [-70.9647850018878, -33.1194142561015], [-70.9645943124357, -33.1193936977258], [-70.9643938509755, -33.1193814382647], [-70.9641595459888, -33.119341306161], [-70.963975282529, -33.1192960550755], [-70.9638577729659, -33.1192502924046], [-70.9635976854417, -33.119149512568], [-70.9634265935759, -33.1190845749264], [-70.9634047608178, -33.1190762617194], [-70.9632369070129, -33.1190074842872], [-70.9631192974569, -33.1189475641281], [-70.9629179171187, -33.1188650660811], [-70.962800202577, -33.1188004578751], [-70.9626405020449, -33.1187175740563], [-70.9624890563779, -33.1186251802931], [-70.9623124423038, -33.1185190244642], [-70.9622487640612, -33.1184840951113], [-70.9621610976619, -33.1184360074744], [-70.9619098802241, -33.1183772897067], [-70.9616851609747, -33.1184354781978], [-70.9614771575009, -33.1184935834412], [-70.9613360043595, -33.1185603762034], [-70.9611201497408, -33.1186606286411], [-70.9608215467892, -33.118813226412], [-70.9607138200015, -33.1188844513491], [-70.9606152709506, -33.1190118044491], [-70.9605334339913, -33.1191436749225], [-70.9604594437166, -33.1192380861752], [-70.960353447852, -33.1194450955812], [-70.9602724218119, -33.1196472931085], [-70.9602412379007, -33.1198209315224], [-70.960243070743, -33.1199660934666], [-70.9602535478656, -33.1200855080817], [-70.9602965949448, -33.1202092798927], [-70.9603056450728, -33.1202982359091], [-70.9603086963704, -33.1203499858266], [-70.960316137078, -33.1204761774886], [-70.9602428580406, -33.1206267599468], [-70.9602278429992, -33.1206600023356], [-70.9601534765719, -33.1208243102091], [-70.9601202538399, -33.1208339412428], [-70.9600131913623, -33.1206959884621], [-70.959988189961, -33.1206637743515], [-70.9599504592566, -33.1206152195971], [-70.9597985089553, -33.1204760267939], [-70.9596298356429, -33.1203462952996], [-70.9595619662464, -33.1202532144193], [-70.9594262139122, -33.1200857201378], [-70.959379343918, -33.1200442321228], [-70.9592742612871, -33.1199512160761], [-70.9591563485932, -33.1198679401311], [-70.9590384361403, -33.1197846649666], [-70.958969747011, -33.1196353239033], [-70.9589898405174, -33.1194920869136], [-70.9589927834708, -33.119471102489], [-70.9590995924448, -33.1193343321091], [-70.95916453973, -33.1192774275049], [-70.9592400348134, -33.1192112811887], [-70.9594124783543, -33.1189802305221], [-70.9594183771236, -33.1189310352776], [-70.959427667477, -33.1188535583384], [-70.9594083099065, -33.1186382409037], [-70.9594040458124, -33.1186289805918], [-70.9593567397565, -33.1185262360796], [-70.9594550928284, -33.1183707506607], [-70.959678283304, -33.1181954446581], [-70.9598353379529, -33.1180629333362], [-70.9600168460508, -33.1178879218051], [-70.9601095694968, -33.1177790973642], [-70.9601978424255, -33.1176754940079], [-70.9602379981153, -33.1175486994038], [-70.9601684983499, -33.1173291209934], [-70.9600836074092, -33.1172126808292], [-70.9598916072936, -33.1172144392163], [-70.9597254871645, -33.1172861310838], [-70.9595600807316, -33.1174140851414], [-70.9594273897733, -33.1174855213006], [-70.9592435397336, -33.1174730823197], [-70.9591260379092, -33.1174226264485], [-70.9590165858784, -33.1173485959944], [-70.9588900098257, -33.1172466081662], [-70.9588054288183, -33.1171536993745], [-70.9587122860097, -33.117046766776], [-70.9586023204834, -33.1169399182402], [-70.9584756525896, -33.1168192640028], [-70.9583659957058, -33.1167311679747], [-70.9581645236183, -33.1166392855557], [-70.9579795555765, -33.1165377637017], [-70.9578117063948, -33.1164736680556], [-70.9576442715282, -33.1164330126521], [-70.9575101571475, -33.116392014695], [-70.9573254003613, -33.116299957494], [-70.9572404070093, -33.1161835168807], [-70.9571559307046, -33.1160999840454], [-70.9570462739496, -33.1160165761939], [-70.9569036029192, -33.1159569534908], [-70.9566859257558, -33.1159025678053], [-70.9565272514655, -33.1158992884478], [-70.9563773393238, -33.1159286970742], [-70.9561859474266, -33.1159819333424], [-70.9560032165804, -33.1160584812263], [-70.9559043568656, -33.1161671681852], [-70.9558398364254, -33.1163504365029], [-70.9558089404872, -33.1165568051405], [-70.9558359411907, -33.1167112215705], [-70.9558629357398, -33.116870237304], [-70.9558675025523, -33.1172356681608], [-70.9558540287986, -33.117502814703], [-70.9558053060859, -33.117615674338], [-70.9556736275459, -33.1177667211633], [-70.955574869529, -33.1178800956855], [-70.9554674459097, -33.1179699788097], [-70.9553279903141, -33.1180053327477], [-70.955275945136, -33.1180185269809], [-70.9550346148473, -33.118076874086], [-70.9548604347311, -33.1181768224587], [-70.9548122181075, -33.1183270997009], [-70.9548060883433, -33.1185099020934], [-70.9548492957876, -33.1186219499829], [-70.9548594712445, -33.1187764502782], [-70.9547434904355, -33.118847799679], [-70.9546251808369, -33.1187270103398], [-70.9545571069159, -33.1186292403785], [-70.9544969857288, -33.1184938304017], [-70.9544867070971, -33.1183346422756], [-70.954376548889, -33.1182044361551], [-70.9541673227651, -33.1181640719567], [-70.9539760284139, -33.1182219928101], [-70.9538357853317, -33.1183591030033], [-70.9537993751249, -33.1185247959798], [-70.9538347527997, -33.1186850334043], [-70.9539545829728, -33.1188260903406], [-70.9540097608984, -33.1189222593159], [-70.9539644842722, -33.11900214824], [-70.9537632413047, -33.1190222587521], [-70.953568497843, -33.1190309944141], [-70.9533095429177, -33.11901954509], [-70.9530168490768, -33.1189799458102], [-70.9528330967731, -33.1189768755774], [-70.952583094588, -33.1190212857542], [-70.9524338831138, -33.1191068614087], [-70.9523517333284, -33.1192106854376], [-70.9522950530325, -33.1193564041339], [-70.952255795235, -33.1195582127498], [-70.9522326393083, -33.1197176545713], [-70.9521266330772, -33.1199153689193], [-70.9520617954413, -33.1200799738554], [-70.9519135899219, -33.1202498521969], [-70.9517309466929, -33.1203357705547], [-70.9516320770342, -33.1204444553247], [-70.9515000851439, -33.1205673655139], [-70.9513768465718, -33.1207371226378], [-70.9513638590527, -33.12079919012], [-70.9513531894188, -33.1208497692309], [-70.9512625781876, -33.1209442552433], [-70.9511363095434, -33.1208657016897], [-70.9511441309551, -33.1208026329794], [-70.9511515104255, -33.1207438096882], [-70.9511919850505, -33.1206356801821], [-70.9512308376817, -33.1204057409051], [-70.9512456372931, -33.1202463399596], [-70.9512433133676, -33.1200589806479], [-70.9511917559209, -33.1199422826575], [-70.9511070719642, -33.1198492799815], [-70.9509727599128, -33.1197849204061], [-70.9508301835758, -33.1197345788559], [-70.950620754272, -33.1196802329969], [-70.9504368000199, -33.1196584039024], [-70.9502948331873, -33.1196549453149], [-70.9500862105363, -33.1196661482858], [-70.9499113170068, -33.1197051388137], [-70.9497541528933, -33.1198189722359], [-70.9496392670308, -33.1199885978676], [-70.9495557981426, -33.1202136862082], [-70.9495305995807, -33.1202288143302], [-70.9493709571735, -33.120608368759], [-70.9492442631214, -33.1208724277345], [-70.9491994637669, -33.1208330812607], [-70.9491988787474, -33.1208357056596], [-70.9491947315031, -33.1209855158422], [-70.9491930386791, -33.1210466398504], [-70.9492031082225, -33.1211870742069], [-70.9492346580884, -33.1214022939622], [-70.949262047885, -33.1217154240981], [-70.9493078792808, -33.1218736956796], [-70.9493108919916, -33.1219906130631], [-70.9492881013074, -33.1220866371447], [-70.9492807932862, -33.1221174274177], [-70.9491668266469, -33.1222269769251], [-70.9490869062685, -33.1223640407337], [-70.9490901259304, -33.1224903336876], [-70.9490955257943, -33.1227007312293], [-70.9490673010242, -33.1228977670658], [-70.9490514183004, -33.1229307512276], [-70.9489145029066, -33.1228021313354], [-70.9488453728128, -33.1227097856123], [-70.9487762428669, -33.1226174398442], [-70.9486810016601, -33.122488077485], [-70.9486422812058, -33.1223939040816], [-70.9486275441669, -33.1223580613917], [-70.9485826484451, -33.1222371999602], [-70.9485375457225, -33.1221069629385], [-70.9484588111967, -33.1219679633567], [-70.9483565708037, -33.1218855140558], [-70.9482210104782, -33.1218083662975], [-70.9480694639159, -33.1217595137434], [-70.9479268976482, -33.1217339675893], [-70.9477360642874, -33.1217793367219], [-70.9475886734244, -33.1218894985403], [-70.9474667624727, -33.1220179283646], [-70.9473306328491, -33.1222401880997], [-70.9472601015878, -33.1224192184739], [-70.9471789307704, -33.1225094958976], [-70.9470400984028, -33.1226288110333], [-70.9469091087674, -33.122724737675], [-70.9467277690715, -33.1228167607946], [-70.9465282677573, -33.1228482855639], [-70.9463611505366, -33.1228417896496], [-70.9462107604569, -33.1228304248154], [-70.9461604042883, -33.1228266195891], [-70.9459934928859, -33.1228294978739], [-70.9457442694367, -33.1228758673043], [-70.9455287820688, -33.1229357766347], [-70.9453483764873, -33.1230605188562], [-70.9451426969904, -33.1231763677761], [-70.9448866716176, -33.1232837129443], [-70.9447296729603, -33.1233473077879], [-70.9446575795203, -33.1234654881658], [-70.9447116559817, -33.1236189434256], [-70.9447656292722, -33.1237677108586], [-70.9448540601755, -33.1239626539508], [-70.9449931490676, -33.1241754733905], [-70.9450350249565, -33.1242259123706], [-70.9451309934983, -33.1243415082087], [-70.9452596517377, -33.1244749506639], [-70.945339317907, -33.1246465832074], [-70.945342222239, -33.1247588130378], [-70.9451935780703, -33.124822277119], [-70.9450246921929, -33.1247503348875], [-70.9448214522614, -33.1246369054326], [-70.9447888422697, -33.1246156620639], [-70.9445836465238, -33.1244819900773], [-70.9443630724597, -33.124345472706], [-70.9441103191604, -33.1242562619787], [-70.9438595369748, -33.1242418692218], [-70.9436256748177, -33.1242365907517], [-70.9434264788771, -33.1242821749926], [-70.9432448222825, -33.1243601298799], [-70.9430818487504, -33.1245126432267], [-70.9429779893995, -33.1246922814277], [-70.9428379643364, -33.1248871308498], [-70.9428248183269, -33.1249054234889], [-70.9427047627246, -33.1251039815515], [-70.9426012097378, -33.1252975918175], [-70.9425555284712, -33.1254667622345], [-70.9425118158221, -33.1257155316891], [-70.9424771853555, -33.125987427065], [-70.9424573993005, -33.1261936186751], [-70.9424637191486, -33.1264367380498], [-70.9424695219381, -33.1266611980298], [-70.9424827455116, -33.1268528066001], [-70.9425063309232, -33.1269597513456], [-70.9425300175165, -33.1270671508212], [-70.9425588174209, -33.1272117125488], [-70.9425721484934, -33.127403320314], [-70.9425082005897, -33.127511993654], [-70.9424698368031, -33.1276436248172], [-70.9423979435743, -33.1277711796431], [-70.9423964927931, -33.1277717334337], [-70.9420508158516, -33.1279035682793], [-70.9417038875976, -33.128049930898], [-70.9414413524118, -33.1282275315271], [-70.94122833157, -33.1283856031762], [-70.941196543042, -33.1284173291779], [-70.941090002956, -33.128523661718], [-70.9410024306571, -33.1286888852148], [-70.9409556058501, -33.1288160485782], [-70.9408836103069, -33.128934226255], [-70.9407955204306, -33.1290807902288], [-70.9407155800041, -33.1292178483438], [-70.9406611215776, -33.1293731768134], [-70.9406828073707, -33.1295646546223], [-70.9406982300309, -33.1296018808713], [-70.9407540064546, -33.1297365121824], [-70.9408241719727, -33.1298662704124], [-70.9408364612652, -33.1300203793401], [-70.9406856921692, -33.1300799340583], [-70.9405885636227, -33.1301183008], [-70.9403236374486, -33.1302071091524], [-70.9400674825667, -33.130309757461], [-70.9398047331428, -33.1304780703949], [-70.939625131188, -33.1306355278395], [-70.9395526107672, -33.1307397340136], [-70.9394554387625, -33.1308537037478], [-70.9394254275777, -33.1309852039675], [-70.9394789807154, -33.1311199119507], [-70.9395736980486, -33.1312305318124], [-70.9395272805028, -33.1313763557714], [-70.9395170375834, -33.1313817385618], [-70.9393707811206, -33.1314586029384], [-70.9393004383629, -33.1316423146337], [-70.9393162444277, -33.1319320912393], [-70.9391561487796, -33.1321968301437], [-70.9389785052931, -33.1324337966894], [-70.9388171645534, -33.1326517506692], [-70.938672332809, -33.132860158831], [-70.9384942744397, -33.1330783735461], [-70.9384763321082, -33.1330988641646], [-70.9383319984965, -33.1332636959912], [-70.9382188317251, -33.1334059600142], [-70.9380969946413, -33.1335390693298], [-70.9379564798363, -33.1335929296014], [-70.9377223865631, -33.1335782662389], [-70.9375518664928, -33.1335717225819], [-70.9374715749329, -33.1335686412089], [-70.9372457343347, -33.1335490680683], [-70.9369867764387, -33.1335442590845], [-70.9367196649187, -33.1335488640931], [-70.9364526605096, -33.1335534677651], [-70.936194219527, -33.1335673156502], [-70.9360109886674, -33.1335845038174], [-70.9358033056515, -33.1336255179409], [-70.9355550780641, -33.1337139657778], [-70.935358645735, -33.1338670805306], [-70.9353290424021, -33.1340126417498], [-70.9353346216405, -33.1342277268468], [-70.9353726980306, -33.1344094810545], [-70.9354142582898, -33.1345346069753], [-70.9354360524494, -33.1346002212244], [-70.9354657735135, -33.1347821954158], [-70.9353329930013, -33.1348125766228], [-70.9351970059094, -33.1347213524923], [-70.9351713337316, -33.1346716495674], [-70.9351442802627, -33.1346192752957], [-70.9350074692956, -33.1344953280535], [-70.9348060800969, -33.1344520137391], [-70.9346335797239, -33.1345626410718], [-70.9345090497364, -33.1345928923307], [-70.9343341720027, -33.1346098572419], [-70.9341197582738, -33.134705765323], [-70.9340948152695, -33.1347169230073], [-70.9337212313211, -33.1347982959031], [-70.9335081817468, -33.1349563552566], [-70.9333196895391, -33.1350905850712], [-70.9330930164755, -33.1350429719893], [-70.9329737466923, -33.1349514859015], [-70.9328292014397, -33.1348511033243], [-70.9326913630879, -33.134685054886], [-70.9326050048462, -33.1345742098367], [-70.9324169267925, -33.1343997422149], [-70.9322260571497, -33.1344450896851], [-70.9321052392037, -33.1346202920642], [-70.9321594046867, -33.1347784408864], [-70.9322882690325, -33.134916492687], [-70.9324923437296, -33.1350627561333], [-70.9327142690469, -33.1352506754729], [-70.9328755304151, -33.1353507987271], [-70.9330448391697, -33.1354415082102], [-70.9331314024782, -33.1355616383708], [-70.9329363028095, -33.1357661310163], [-70.9327409943077, -33.1359660282804], [-70.9327464658945, -33.1361764258227], [-70.9327137021376, -33.136234579797], [-70.9326666095943, -33.1363181671324], [-70.9325395013123, -33.1365683186738], [-70.9324092933258, -33.1367015525306], [-70.9322789832608, -33.1368300984286], [-70.9321059612789, -33.1369172834152], [-70.9320235252458, -33.1369386122928], [-70.9319316947677, -33.1369623720415], [-70.9317491792525, -33.1370076785649], [-70.9315505664472, -33.1370765922815], [-70.9314446039212, -33.137176623222], [-70.9313817712144, -33.1373273883678], [-70.931327191135, -33.1374781165806], [-70.9311559188557, -33.1376354330779], [-70.9309812385412, -33.1376617691729], [-70.9307314501686, -33.1376895409474], [-70.9305335561567, -33.1377864873361], [-70.9303868381406, -33.1379246645083], [-70.9302900571027, -33.1380573789758], [-70.9301767629668, -33.13819963706], [-70.930110007379, -33.1382646840127], [-70.9300301452893, -33.138342501688], [-70.9298815719421, -33.138405857688], [-70.9297160743609, -33.1384648756348], [-70.9295522236105, -33.1385893392829], [-70.9294726715881, -33.1387403634812], [-70.9294935073796, -33.1389038094149], [-70.9295858620835, -33.1390469954395], [-70.9295979188317, -33.139065689824], [-70.9295693625029, -33.1390938773957], [-70.9295502825698, -33.1391480940749], [-70.9295915230357, -33.1391752389377], [-70.929827247814, -33.139320274846], [-70.9300059812361, -33.1394114140144], [-70.9302082994162, -33.1394529629525], [-70.9304225307953, -33.1395093735844], [-70.9307401880686, -33.1396022755035], [-70.9312088318737, -33.1397627128225], [-70.9315264908196, -33.1398556135693], [-70.9318964183667, -33.1400595053838], [-70.9322900004703, -33.1405844627982], [-70.9324987718165, -33.1410144596119], [-70.9326362182472, -33.1412219566461], [-70.932876060932, -33.141553643121], [-70.9331297539377, -33.1417593351321], [-70.9333834481262, -33.1419650265765], [-70.9335913098582, -33.1423531094101], [-70.9338662118576, -33.1427681013768], [-70.9341202173415, -33.1429877625904], [-70.9345073850894, -33.1432193290244], [-70.9347610867303, -33.143425017344], [-70.9350855112602, -33.1438252615698], [-70.9354384096118, -33.144206227126], [-70.9356711113334, -33.14448690147], [-70.9358974645462, -33.1446212041465], [-70.9360529543572, -33.1449194873931], [-70.9361905288861, -33.1450802274533], [-70.9362983276599, -33.1452414303713], [-70.9364269539669, -33.145353428589], [-70.936338838836, -33.1453655141474], [-70.9361398770348, -33.1453167540005], [-70.9359323513024, -33.1453368453594], [-70.9358321555162, -33.1453570678204], [-70.9357309585703, -33.1453774915377], [-70.9355465017993, -33.145286300318], [-70.9353753949029, -33.14517821877], [-70.9351863821205, -33.1450943122768], [-70.9349843055786, -33.1450501077019], [-70.9347735010496, -33.145081971581], [-70.9345618591104, -33.145109879257], [-70.9343952434208, -33.1450207538064], [-70.934181478964, -33.1450349872197], [-70.9340620367635, -33.144906982044], [-70.9339357177148, -33.1447635724409], [-70.9337660744161, -33.1446536613572], [-70.9335943546408, -33.1445467582447], [-70.9334152067589, -33.1444481766804], [-70.933230338348, -33.1443576204814], [-70.9330273919744, -33.1443029651873], [-70.9328141947234, -33.1442892304356], [-70.9326049165936, -33.144327109048], [-70.9324019532241, -33.1443840969453], [-70.9322010529066, -33.1444471848054], [-70.9319932561358, -33.1444890975556], [-70.9317982364328, -33.1445612919876], [-70.9316056189827, -33.1446403936875], [-70.9314071738205, -33.1447079512478], [-70.9312091846497, -33.1447767639579], [-70.9310161197326, -33.1448550600749], [-70.9308297054396, -33.1449433521349], [-70.9306573848836, -33.1450486508611], [-70.9305431717688, -33.145160376575], [-70.9305179060334, -33.145185092795], [-70.9303825661042, -33.1453245365662], [-70.9302041815199, -33.1454221731341], [-70.9299980297049, -33.1454708197827], [-70.9297882879793, -33.145507347303], [-70.9295744986364, -33.1455107515089], [-70.929362373597, -33.1455363131726], [-70.9291519460682, -33.1455708662734], [-70.928938135555, -33.1455831074513], [-70.9287248818548, -33.1456012004991], [-70.9285130738429, -33.1456265763529], [-70.9283053813636, -33.1456685706933], [-70.9281040205901, -33.1457304868246], [-70.9279193699009, -33.145816313318], [-70.9277987608552, -33.1459629211315], [-70.9277331812982, -33.14613077124], [-70.9277176984197, -33.1463099300025], [-70.9277489383377, -33.1464883663157], [-70.9278141207937, -33.1466600537174], [-70.9279013359312, -33.1468244560077], [-70.9279923826498, -33.1469876265458], [-70.9281161938285, -33.1471342365423], [-70.9282488977981, -33.1472757496393], [-70.9282788930852, -33.1473115649251], [-70.928372295888, -33.1474230881039], [-70.9284795897081, -33.1475790626857], [-70.9285623464396, -33.1477454272974], [-70.9285846015883, -33.1479246328445], [-70.9285985007104, -33.1481041481701], [-70.9286419863625, -33.1482639966745], [-70.9287695598591, -33.1484060395126], [-70.9287847015719, -33.1484268171154], [-70.9287852902599, -33.1484488121427], [-70.92877290628, -33.1486274720323], [-70.9287220674676, -33.1488026703567], [-70.9286691558385, -33.1489761864283], [-70.9285172376235, -33.1491030793804], [-70.9283928915526, -33.1492004662892], [-70.9282652305038, -33.149453283448], [-70.9282341941923, -33.1495672964689], [-70.9282033767947, -33.1496734360024], [-70.9282058886379, -33.1499966912016], [-70.9282318644813, -33.150097597271], [-70.9283133037889, -33.1502624492757], [-70.928434152094, -33.1504106377419], [-70.9285667497468, -33.1505518814235], [-70.9286737293652, -33.1507080409097], [-70.9285923591823, -33.1508402439988], [-70.9285613693482, -33.1508753255266], [-70.928465149344, -33.1509842501929], [-70.9283850662636, -33.1511507921412], [-70.9283223296841, -33.1512369396551], [-70.9282730774779, -33.1513045715815], [-70.928164769628, -33.1514600082605], [-70.9280781018657, -33.1516244876519], [-70.9280220903418, -33.15179859253], [-70.9279955481797, -33.1519770206379], [-70.9280264668493, -33.1521552803942], [-70.9280882428562, -33.1523278317927], [-70.9281050096716, -33.1523839424138], [-70.9281404150799, -33.1525024265801], [-70.9281772149497, -33.1526799639303], [-70.9281704400455, -33.1528602502606], [-70.9281777427524, -33.1529293960841], [-70.928151104449, -33.1531082765904], [-70.9281011117316, -33.1532830999005], [-70.9280593093876, -33.1534598705149], [-70.928048205632, -33.1536333710166], [-70.9280410014695, -33.1536374523417], [-70.9278705109609, -33.1537340590923], [-70.9277490231731, -33.1538398529378], [-70.9277249069473, -33.1538608534137], [-70.9276013001951, -33.1540081396877], [-70.9274929821122, -33.15416330453], [-70.9274966525841, -33.1543310039837], [-70.9274968474346, -33.1543399090344], [-70.9275845775193, -33.1545030407154], [-70.927462507752, -33.1545354081187], [-70.9274248859005, -33.1545453837935], [-70.9273718888549, -33.1545387949754], [-70.9270834944086, -33.1542926753614], [-70.9269751521917, -33.1541064143883], [-70.9268370310657, -33.1539206132741], [-70.9266390758826, -33.1537232099819], [-70.9264866143037, -33.1535626898242], [-70.9263785481806, -33.1533889528293], [-70.9263454813151, -33.1532391139226], [-70.9262084583878, -33.153103412186], [-70.926129351984, -33.1528916394909], [-70.925934413829, -33.1528320091073], [-70.9257196561124, -33.1525471595678], [-70.9256283997247, -33.152460866418], [-70.9255644595888, -33.1522613875772], [-70.9254842616682, -33.1519995150181], [-70.9253022981488, -33.1518519783442], [-70.9251354993184, -33.151716735753], [-70.9249695220237, -33.1516190685531], [-70.9248767228625, -33.1515860793788], [-70.9248344193575, -33.1515710409908], [-70.9247109235991, -33.1513724823244], [-70.9245744533738, -33.1512618286833], [-70.9243486448834, -33.1511525565946], [-70.9241244781947, -33.1511184335869], [-70.9238846019058, -33.1510469654744], [-70.9236003307373, -33.1509887116264], [-70.9233992961048, -33.1508629279524], [-70.9231324617748, -33.1507077674739], [-70.922949412397, -33.1505101276619], [-70.9229260293324, -33.1504589800953], [-70.9227659228027, -33.1503896406219], [-70.9226097340816, -33.1503164807925], [-70.9225035655485, -33.1502510254486], [-70.922337504036, -33.1501822571179], [-70.9221414519503, -33.1501098023161], [-70.9219226606034, -33.1500662855937], [-70.9217166136401, -33.1501106795791], [-70.9215347288437, -33.1501961827269], [-70.9213812848401, -33.1502979302293], [-70.9211725795861, -33.1503285666472], [-70.9209626784831, -33.1503584988171], [-70.920756291092, -33.1504069537326], [-70.920583078424, -33.1505067516097], [-70.9204732582151, -33.1506573345192], [-70.9204434759561, -33.1508353604279], [-70.920460650149, -33.1510133835134], [-70.9205489873523, -33.1511706494431], [-70.9206498510516, -33.1513271809814], [-70.9206722631076, -33.1513664896704], [-70.9207082611231, -33.1514296274371], [-70.9207757832132, -33.1516008316198], [-70.9208264382016, -33.1517753621294], [-70.920866640767, -33.1519523083946], [-70.9208744302034, -33.1521325503226], [-70.9208815727445, -33.1523126227647], [-70.9208783226069, -33.1524929448195], [-70.9208654140533, -33.1526728747937], [-70.9208416613297, -33.1528520702549], [-70.9208333661402, -33.1530321094068], [-70.9208419020006, -33.1532121594307], [-70.9208752246129, -33.1533833500186], [-70.920680785228, -33.1534539863987], [-70.920467009763, -33.1534638672738], [-70.9202587380584, -33.1534999966636], [-70.92013850151, -33.1535662222797], [-70.9200828807761, -33.1535968578509], [-70.9200215496016, -33.1536756317273], [-70.9199673278246, -33.1537452742289], [-70.919820151982, -33.1538988684453], [-70.9197055577036, -33.1539585316546], [-70.9195657553277, -33.153860135305], [-70.9194554863875, -33.153788698522], [-70.91934475832, -33.1537256555535], [-70.9191478478158, -33.153658350638], [-70.9189374444714, -33.1536557319301], [-70.9187306500576, -33.1537006728567], [-70.9185310648784, -33.1537665154465], [-70.9183420457176, -33.1538498695116], [-70.9181732358832, -33.1539603269896], [-70.9180074716781, -33.1540728123934], [-70.9178160130228, -33.1541525058359], [-70.9176030954327, -33.1541674196571], [-70.9173938136428, -33.154206534936], [-70.9171976467345, -33.1542768309359], [-70.9170035342295, -33.1543528674925], [-70.9168106199016, -33.1544297862145], [-70.9166171497335, -33.1545058113891], [-70.9164483501488, -33.1546168985982], [-70.9162842626062, -33.1547326917567], [-70.91613067531, -33.1548580635653], [-70.9159896256351, -33.1549929809051], [-70.9158964874844, -33.1551520507976], [-70.9158895519413, -33.1552417650907], [-70.9158827654375, -33.1553295580349], [-70.9158987735211, -33.1555085015658], [-70.9158951829641, -33.155688469039], [-70.9158982432507, -33.1558686038011], [-70.9159032220661, -33.1560481679476], [-70.9159055027641, -33.1562269619801], [-70.9159235056873, -33.1563349924367], [-70.9157793847177, -33.1564668906724], [-70.9156072866243, -33.1565744203222], [-70.9154299054217, -33.1566756272622], [-70.9152424382605, -33.1567617494105], [-70.9150554346965, -33.1568494865098], [-70.9148879690749, -33.1569581153867], [-70.9147507872795, -33.1570936942494], [-70.91468330095, -33.1572640922985], [-70.9146707040721, -33.1574441071729], [-70.9146630422145, -33.1576243166888], [-70.914658165051, -33.1578043931926], [-70.9146551129727, -33.1579845318047], [-70.9146399387197, -33.1581644068386], [-70.9146225057821, -33.1583439549777], [-70.9145810981775, -33.1585204449338], [-70.9145501270201, -33.1586986681807], [-70.9145344126606, -33.1588783702325], [-70.9145108476983, -33.1590569313753], [-70.9145051148034, -33.1592371111853], [-70.914520697294, -33.1594163319255], [-70.9145370390488, -33.1595959017056], [-70.9145497415123, -33.159775797989], [-70.914593880223, -33.159951693741], [-70.9146361979688, -33.1600487992107], [-70.9147331456303, -33.160207650111], [-70.9148001299204, -33.1603789558783], [-70.9149014668789, -33.160537468571], [-70.9150323547752, -33.1606743340424], [-70.9152258509563, -33.1607516184926], [-70.9154141002884, -33.1608440426966], [-70.9155453991108, -33.1609258006518], [-70.9156923241824, -33.1610407751695], [-70.9158451852631, -33.1612018308438], [-70.915858067646, -33.1613356416126], [-70.9156304900388, -33.1614019999527], [-70.9155321908724, -33.1614621311151], [-70.9154587582261, -33.1615218786922], [-70.9153854967317, -33.1616240086852], [-70.9153713790709, -33.1616823773419], [-70.9153632209789, -33.1618069671305], [-70.9153200672002, -33.1618870381958], [-70.9152968557575, -33.1619753651179], [-70.915206969462, -33.162096883599], [-70.9151859274159, -33.1621253302808], [-70.9150027856831, -33.1622185992838], [-70.9148135791793, -33.162299245782], [-70.9146130690248, -33.162363022532], [-70.9144117631751, -33.1624247361346], [-70.9142251992541, -33.162513548495], [-70.9140380833252, -33.1626016467191], [-70.9138526228875, -33.1626918835624], [-70.9137744827968, -33.1627346889914], [-70.9136729148922, -33.1627903292663], [-70.9135000224065, -33.1628965148065], [-70.9133358087452, -33.1630123071788], [-70.9131825208433, -33.1631374897194], [-70.9130657156786, -33.163288624661], [-70.9129789486126, -33.1634450000526], [-70.9129752257965, -33.1634517099191], [-70.912866593497, -33.1636039825262], [-70.9127218074271, -33.1637356171002], [-70.9125828266447, -33.1638679739495], [-70.9124918820129, -33.1640299845889], [-70.9123957152752, -33.164173677549], [-70.912266394919, -33.1642176885577], [-70.9122538869335, -33.1642191513504], [-70.9120560201104, -33.1642422938802], [-70.9118418066798, -33.1642431490947], [-70.9116280913773, -33.1642570725489], [-70.9114155148565, -33.1642790051707], [-70.9112030825558, -33.1643026477561], [-70.9109959274595, -33.1643471309846], [-70.9107953705111, -33.1644090988098], [-70.9105930141316, -33.1644672152452], [-70.9103915228163, -33.1645256797069], [-70.9101874544044, -33.1645790421669], [-70.9100947582319, -33.1645961840182], [-70.9099784559542, -33.1646176902358], [-70.9097691396691, -33.1646565240971], [-70.9095582713621, -33.1646880758442], [-70.9093576968806, -33.1647493202043], [-70.9092317455834, -33.164884539734], [-70.9091660615123, -33.1650547269402], [-70.9091536604076, -33.1651513324871], [-70.9091431296624, -33.1652333667376], [-70.9091460683257, -33.1654134133841], [-70.9091799475875, -33.1655912720505], [-70.909237220498, -33.1657649851959], [-70.9093120811194, -33.1659339185856], [-70.9093917343092, -33.1661013355099], [-70.9094755380014, -33.1662672449064], [-70.9095600873921, -33.1664329633363], [-70.909656639263, -33.1665933572444], [-70.9097569147236, -33.1667524314041], [-70.9098526282813, -33.1669137398103], [-70.9099527009503, -33.1670732678067], [-70.9100715306418, -33.1672225879744], [-70.9101952437237, -33.1673695785514], [-70.9103219262212, -33.1675150805257], [-70.9104520975673, -33.1676582742865], [-70.9105833759337, -33.1677832343322], [-70.9106433851881, -33.1678457105342], [-70.9107901304166, -33.1679768357945], [-70.9109289696977, -33.1681142136501], [-70.9110647449764, -33.1682536232651], [-70.9111537795302, -33.1684133196533], [-70.9111619408054, -33.1685669530317], [-70.9109717270783, -33.168592148988], [-70.9108229193276, -33.1687118491476], [-70.9107083798835, -33.1688443699139], [-70.9105084138428, -33.1688698050551], [-70.9103031490173, -33.1689030758661], [-70.9101115323009, -33.168982220332], [-70.9099599721225, -33.1691086351256], [-70.9097985802526, -33.1692267235677], [-70.9096342311599, -33.1693419722835], [-70.9094697724645, -33.1694571313875], [-70.9093057616628, -33.1695731852215], [-70.9091543854582, -33.169698244431], [-70.9089942037836, -33.1698178463803], [-70.9088362124747, -33.1699395788861], [-70.9086947101044, -33.1700750373235], [-70.908555821002, -33.1702123484375], [-70.9084134367351, -33.1703467370149], [-70.9082478908916, -33.1704613710415], [-70.9082110708493, -33.1704859507352], [-70.9080800378981, -33.1705734240685], [-70.9079238936399, -33.170696389677], [-70.907820297903, -33.1708493023307], [-70.9077812773022, -33.170937966747], [-70.9077458969745, -33.1710183598611], [-70.9076903733943, -33.1711925388939], [-70.9076637840057, -33.1713708736893], [-70.9076533083526, -33.1714117410799], [-70.9076185987368, -33.1715471496701], [-70.9075627491239, -33.1717211532794], [-70.907544008198, -33.1719004499353], [-70.9075460791165, -33.1720801490852], [-70.9075351743749, -33.1722597765447], [-70.9075219140922, -33.1724396204612], [-70.9075072621737, -33.1726195767828], [-70.9074725124648, -33.1727974053089], [-70.9074153685792, -33.1729711581348], [-70.9073703984805, -33.1731475199942], [-70.9073514436795, -33.1733268198763], [-70.9073529666908, -33.1735059872119], [-70.9073735633612, -33.1736845006255], [-70.9074220015699, -33.1738561845103], [-70.9074646364548, -33.1740273260382], [-70.9074635811037, -33.1742062614186], [-70.9074989592446, -33.1743839169868], [-70.9075885282742, -33.1745435174217], [-70.9077175747584, -33.1746295562397], [-70.9078006387955, -33.1747412798961], [-70.9076271351234, -33.1748453929253], [-70.9074281348363, -33.1749111195149], [-70.9072189177154, -33.1749507587631], [-70.9070132521346, -33.1750008944296], [-70.90681915532, -33.1750752023105], [-70.9066345510292, -33.1751669488846], [-70.9064773714909, -33.1752871330521], [-70.9063606562226, -33.1754337524758], [-70.9062727568623, -33.1755938174347], [-70.9062298290963, -33.175770508334], [-70.906172454977, -33.1759437230452], [-70.9061002924332, -33.176112475699], [-70.9059919521731, -33.1762645568567], [-70.9058382666853, -33.1763877529042], [-70.9056999508604, -33.1764828483897], [-70.905543153743, -33.1766060015478], [-70.9053844907973, -33.1767271990958], [-70.9052144285099, -33.1768370286731], [-70.9050472194049, -33.1769498796072], [-70.9048750627879, -33.1770571246383], [-70.9047367081614, -33.1771393246887], [-70.9046999421045, -33.1771611691826], [-70.904530423857, -33.17727143953], [-70.904344257063, -33.1773606825603], [-70.904161853775, -33.1774553678828], [-70.9040802664316, -33.1775143292846], [-70.9039995638146, -33.1775726512433], [-70.9038661759743, -33.1777123089978], [-70.9037838075559, -33.1778755341962], [-70.9037429088083, -33.178052103087], [-70.9037131913138, -33.1782300340133], [-70.9037117136289, -33.178243820954], [-70.9036940051802, -33.1784089761979], [-70.9036983331737, -33.1785891828678], [-70.9037247171802, -33.1787677887233], [-70.9037734507888, -33.1789434374425], [-70.9038539400245, -33.1791096724351], [-70.9039450847727, -33.1792727683813], [-70.9040681743611, -33.1794203152882], [-70.9042076442781, -33.1795566986293], [-70.9043684894145, -33.1796748096019], [-70.9045324040813, -33.1797909795807], [-70.9047084614442, -33.1798934363407], [-70.9048899573851, -33.179989496927], [-70.9050605841606, -33.1800936586452], [-70.9051908545665, -33.1802359541232], [-70.9053601207465, -33.180346630173], [-70.9054581258097, -33.1804053706162], [-70.9056327344186, -33.180510102717], [-70.9058082779501, -33.1806134675304], [-70.9059902949833, -33.1807087059343], [-70.9061782251716, -33.1807946559343], [-70.9063531227354, -33.1808978494811], [-70.9064803174735, -33.1809912358895], [-70.9059043144769, -33.1810733952953], [-70.9058982876233, -33.1811141601228], [-70.9068513071414, -33.1810740954605], [-70.9093849202803, -33.1814385100255], [-70.9115164943487, -33.1824273860232], [-70.9127101421757, -33.1829198448027], [-70.9136701384257, -33.1829588531587], [-70.9146342285251, -33.183185980359], [-70.916991385716, -33.1842519414952], [-70.9177033215077, -33.1846442345908], [-70.9186991071294, -33.1848573997447], [-70.9191442229247, -33.1847429983745], [-70.9199071927244, -33.1845430399018], [-70.9215099554436, -33.1847333734402], [-70.9229587917488, -33.1851949066238], [-70.9249202049751, -33.1857022614677], [-70.9263667196802, -33.1860562534359], [-70.9272947885332, -33.1860956508422], [-70.9283618978711, -33.1866436841879], [-70.9288442734215, -33.1867706276061], [-70.9301221642868, -33.1867239280909], [-70.9310737381446, -33.1864828773252], [-70.9312513045666, -33.1862890159577], [-70.9314888927013, -33.1857980378928], [-70.9317678588484, -33.1853064161769], [-70.9320054416568, -33.1848154363524], [-70.9324476277205, -33.1842168592039], [-70.9328131638659, -33.1838979237415], [-70.9332637491354, -33.1836820850027], [-70.9336300457471, -33.1833979414256], [-70.9339993979094, -33.1832529751868], [-70.934449977896, -33.1830371323401], [-70.9346116674663, -33.1828605861168], [-70.934686009987, -33.182476558851], [-70.9346730030083, -33.1818850506906], [-70.934688336139, -33.1817922926723], [-70.9348595895528, -33.1815718645031], [-70.9355170278511, -33.1811159556217], [-70.935825350418, -33.1808244451438], [-70.936233208991, -33.1802887794809], [-70.9368500980198, -33.1799453489666], [-70.9375062758847, -33.1797396449784], [-70.9381020191864, -33.1793995433152], [-70.9385360761558, -33.1788634633356], [-70.9388681698623, -33.1784613001207], [-70.9391468530355, -33.1780158583537], [-70.9392721127565, -33.1777492463164], [-70.9395022430617, -33.1774810008392], [-70.9397076124527, -33.1772793043615], [-70.9398600585408, -33.177056378857], [-70.9400401922269, -33.1768552762883], [-70.9404212932645, -33.176341869791], [-70.940832506808, -33.1759605225064], [-70.9414816186941, -33.1756636829277], [-70.9420025584477, -33.1755011705738], [-70.9427351807979, -33.1754235709333], [-70.9432878428642, -33.1751712219205], [-70.9433146406925, -33.1751450732736], [-70.94466980365, -33.1744892190478], [-70.945728778045, -33.1739766926671], [-70.9463126802652, -33.1735371113658], [-70.9473535375304, -33.1731679500743], [-70.9491041795537, -33.1728758859734], [-70.9503432676565, -33.1727546643994], [-70.9508812334308, -33.1726765269364], [-70.9509830804016, -33.1726155496296], [-70.9522993179877, -33.1722468445257], [-70.95341372034, -33.172080505837], [-70.9538118541293, -33.1722948057218], [-70.9541703906259, -33.1726351565419], [-70.95489134612, -33.1736673129764], [-70.9554456090479, -33.1741466064146], [-70.9561494899786, -33.1748164534363], [-70.9566831394195, -33.1752271070334], [-70.9570565494852, -33.1755079487894], [-70.9575110641659, -33.1758977885266], [-70.9578567918287, -33.1761128990017], [-70.9583000296731, -33.1759956500461], [-70.9586587282627, -33.1756150726216], [-70.9594398380748, -33.1753601729379], [-70.9600433186613, -33.1753727241007], [-70.9607326815974, -33.1755252853783], [-70.9612947393573, -33.1758167717853], [-70.9619051354485, -33.1761333211008], [-70.9620074849397, -33.1762237524495], [-70.9623695708398, -33.1765436742851], [-70.9630401106425, -33.1769159673403], [-70.9635451551964, -33.1772908686566], [-70.964129070709, -33.1774904923537], [-70.9648730548175, -33.1774439412264], [-70.965404719968, -33.1771570955831], [-70.9661966343858, -33.1767298316481], [-70.9664680407094, -33.17658339691], [-70.9677819296371, -33.1761101470945], [-70.9691379573404, -33.1756710227275], [-70.9696203459453, -33.1755743958426], [-70.970244119884, -33.175321919638], [-70.9709668322952, -33.1748032143049], [-70.9716910176967, -33.1743506464], [-70.9726753815354, -33.173805731827], [-70.9733278215276, -33.1736630596618], [-70.9737428307019, -33.1734579847289], [-70.9741419558993, -33.1732714704566], [-70.9744684738515, -33.1730715427698], [-70.9746188446444, -33.1727603894295], [-70.9745807591672, -33.1722316789184], [-70.9745995562151, -33.1719005585383], [-70.9748285718285, -33.1715881572638], [-70.9751970729809, -33.1716484738606], [-70.9758361444447, -33.1720794261349], [-70.9761848672985, -33.1724267652996], [-70.9766933644399, -33.1728818412385], [-70.9772869534671, -33.1736222746382], [-70.9776826728972, -33.1737262607426], [-70.978205012949, -33.1736297398608], [-70.9785205967919, -33.1736688322022], [-70.9789469952858, -33.1739708197755], [-70.9792883004769, -33.1739874468614], [-70.97949158431, -33.1736975017306], [-70.9798971551916, -33.1730735159767], [-70.9800375724648, -33.1728024481135], [-70.9802275456831, -33.1726051088037], [-70.9805359474265, -33.172438881471], [-70.9809294171035, -33.17232928223], [-70.981579845448, -33.1720983802846], [-70.9817867769415, -33.1720489056123], [-70.9824007366264, -33.1720906813087], [-70.9829173363402, -33.1720991317903], [-70.983324579217, -33.1722821777873], [-70.9837661710343, -33.172526699454], [-70.9844206974524, -33.1736410570963], [-70.9845894281278, -33.1741456258145], [-70.9847913366038, -33.1749584311941], [-70.9853375465186, -33.1759201268536], [-70.9853984352914, -33.1762940860863], [-70.9853701848987, -33.1766907937744], [-70.9853639074885, -33.177088607317], [-70.9849628345135, -33.1779110312018], [-70.9845737726459, -33.1784729921573], [-70.9842705127004, -33.1789110149191], [-70.983921227763, -33.1794053085285], [-70.9839862513862, -33.1796900917286], [-70.984066732392, -33.1800425758579], [-70.9845218842967, -33.1804543576126], [-70.9851303704165, -33.1806872542072], [-70.9857854637948, -33.180930419457], [-70.9860854243674, -33.181041761077], [-70.9866100303317, -33.1811708993717], [-70.9871577858269, -33.1811660607219], [-70.9875791082122, -33.1811113147049], [-70.9885744019574, -33.1810513036064], [-70.9897809340713, -33.1810540717645], [-70.9907900340464, -33.1811848343088], [-70.9913568835055, -33.1813039791519], [-70.9918621461255, -33.1814618687363], [-70.992312357234, -33.1816757270949], [-70.9929256137295, -33.1820786629253], [-70.9932459690948, -33.182343951368], [-70.9935908943165, -33.1825391612512], [-70.9934488650105, -33.1821050003415], [-70.9933756080014, -33.1818810579235], [-70.9933562911144, -33.1818220078521], [-70.9929394330479, -33.1805476728777], [-70.9925083021771, -33.1797564846542], [-70.9924889965692, -33.1790669296076], [-70.9925836295532, -33.1775774485026], [-70.9927768795172, -33.1771730615546], [-70.9931028224714, -33.1766493101556], [-70.9933579641806, -33.1760184787499], [-70.9936776743879, -33.1752648661641], [-70.9942587325183, -33.1741102797891], [-70.9945719770192, -33.1731313260858], [-70.9945559973736, -33.1725589389512], [-70.9950510333859, -33.170774475883], [-70.9954390475961, -33.1700197713172], [-70.9961010567576, -33.1693192847793], [-70.9968151377154, -33.1680498315418], [-70.9982607304263, -33.1661328627863], [-70.9988592422719, -33.165604722956], [-70.9993070678565, -33.1645649748769], [-70.9992861656031, -33.1638213259894], [-70.9999514199538, -33.1632380071388], [-71.0010866175431, -33.1624126582561], [-71.0028886828677, -33.161062550495], [-71.0032750211015, -33.1602537386894], [-71.0032606600863, -33.1597399468194], [-71.0041297116623, -33.1591488079947], [-71.004120251114, -33.1588062786422], [-71.0043245426072, -33.1588029887469], [-71.0048291313415, -33.1573610180319], [-71.0048016104113, -33.1563875254245], [-71.0046318777625, -33.1551863648207], [-71.004615840317, -33.1546139888247], [-71.0048881201937, -33.1546096034699], [-71.0050162875665, -33.1543234677754], [-71.0052884649635, -33.1543145751569], [-71.0063929565015, -33.1548108013925], [-71.0070741616619, -33.1547998203349], [-71.0076317744936, -33.1552462322962], [-71.008244648554, -33.1552363466478], [-71.0095389654873, -33.1552109505671], [-71.0095323882007, -33.1549811055041], [-71.010137438811, -33.1546872655828], [-71.0107341303907, -33.1541004866797], [-71.0114004704836, -33.1535711935005], [-71.0130110978221, -33.1526839459165], [-71.0136758306845, -33.1521005532328], [-71.014334214248, -33.1512828025449], [-71.0149151784533, -33.1501281265647], [-71.0154258118422, -33.1489159773425], [-71.015545993258, -33.1483413896886], [-71.015385419525, -33.1474872872154], [-71.0150270700293, -33.1468618355512], [-71.0146720759916, -33.1463535575807], [-71.0146543039644, -33.1457225925152], [-71.0142296634287, -33.1451568226019], [-71.013806357063, -33.1446496567407], [-71.0133834036838, -33.1441424736682], [-71.0133574742747, -33.143227570213], [-71.013766007361, -33.1432209630197], [-71.0137370618019, -33.1421888854163], [-71.0133833211905, -33.1417346846709], [-71.0133771762098, -33.1415093415399], [-71.0131046028062, -33.1415137484418], [-71.0127479681434, -33.1409468739355], [-71.0125795099743, -33.1398043191609], [-71.0125666631952, -33.1393446146534], [-71.0126185541788, -33.1387711344034], [-71.0126721095191, -33.138256245496], [-71.0128763662656, -33.1382529440514], [-71.0129804711855, -33.13710598337], [-71.0130891597256, -33.1361302916364], [-71.0129222770447, -33.1350418230394], [-71.0128963623221, -33.1341269179137], [-71.0128785983891, -33.1334959510439], [-71.0128625176502, -33.132923567126], [-71.0128205130469, -33.1314362876997], [-71.012951881169, -33.1312628319179], [-71.013349173204, -33.1308551066142], [-71.014009084528, -33.1300959531576], [-71.0145879176885, -33.1288826925384], [-71.0145508118975, -33.1275666749019], [-71.0151913394378, -33.1261224546202], [-71.0163180933383, -33.1250130504419], [-71.017482236445, -33.1228163640265], [-71.0179329098993, -33.1218892301535], [-71.018219775839, -33.1199953293971], [-71.0181987427478, -33.1192516843898], [-71.0185700107539, -33.1179290502077], [-71.0187534039577, -33.1171775932734], [-71.018980139544, -33.115568727867], [-71.0189334667658, -33.1139101819754], [-71.019189508351, -33.1133333876196], [-71.0191684612267, -33.112589752371], [-71.0195577214128, -33.1118935692672], [-71.0195395884827, -33.1112625983838], [-71.019795946193, -33.110685806715], [-71.0197604691274, -33.1094283826292], [-71.0195559479166, -33.1094316982058], [-71.0195335700067, -33.1086294639874], [-71.0193812146805, -33.1080592896046], [-71.0190165250961, -33.1072084944493], [-71.0184413888223, -33.1061311534598], [-71.0184203624703, -33.105387509603], [-71.0179147644173, -33.1043631502546], [-71.0174640444179, -33.1028824867805], [-71.0172939481325, -33.1016813391014], [-71.0167950847231, -33.1008913282348], [-71.0161451597122, -33.0995852230142], [-71.0152055011768, -33.0976570448554], [-71.0151811530399, -33.0967962307692], [-71.0153856476789, -33.0967929234491], [-71.0157440458144, -33.0950105755512], [-71.0162057740736, -33.0944845723682], [-71.0167387844988, -33.0940746511383], [-71.0174034080493, -33.0934912457332], [-71.0180679393543, -33.092903341158], [-71.0186642830245, -33.0923210350438], [-71.0193272174037, -33.0916790366892], [-71.0199930508033, -33.0911497089251], [-71.0215147210239, -33.0895739390087], [-71.0221776228634, -33.0889319266643], [-71.022841845635, -33.0883485107675], [-71.0235047178035, -33.0877064831245], [-71.0241659014667, -33.0870058772136], [-71.0248382860075, -33.0867063734731], [-71.0263015124421, -33.0854786876713], [-71.0278523730409, -33.0849349376586], [-71.0284534353441, -33.0845193428902], [-71.0286463247872, -33.0841148998241], [-71.0281665555715, -33.0840099865121], [-71.0277224069092, -33.0827592129732], [-71.0273062979884, -33.082481918265], [-71.0272769182142, -33.0814498360877], [-71.0269900677958, -33.0809404759287], [-71.0267487284815, -33.0796277788515], [-71.0268005041975, -33.079054290744], [-71.0267843635843, -33.0784819187101], [-71.0269739029146, -33.0779603007362], [-71.0269611099687, -33.0775051032767], [-71.0271519910089, -33.0770420836032], [-71.0275588696163, -33.0769768452626], [-71.0275294922586, -33.0759447641357], [-71.027732254921, -33.0758828453784], [-71.0275618611687, -33.0746862319535], [-71.0272898411684, -33.0746906564026], [-71.0268133683911, -33.0746984057797], [-71.0260616229948, -33.074597897011], [-71.0253764459663, -33.0744376915147], [-71.0240088080727, -33.0742344658515], [-71.0227065066644, -33.0739174310336], [-71.0215494736055, -33.0739362027288], [-71.0205175375966, -33.0735561400849], [-71.0184618566671, -33.0730799289002], [-71.0170167286783, -33.0725306847889], [-71.0163194541058, -33.0721378599916], [-71.0144570860455, -33.0710886175423], [-71.012932712579, -33.0701438083392], [-71.0114355478106, -33.0701724858723], [-71.0111061072236, -33.0702094282454], [-71.0108249338236, -33.070240958622], [-71.0104246406583, -33.0705359896315], [-71.010099057829, -33.0710552695501], [-71.010108631352, -33.071402307765], [-71.0094280793807, -33.0714132809161], [-71.0087478535996, -33.0714242450942], [-71.0083315328464, -33.0711468883312], [-71.008315180665, -33.0705745040761], [-71.0077695728971, -33.0705291821864], [-71.0071977381871, -33.0695644456757], [-71.007162378582, -33.0683024954971], [-71.0070588679979, -33.0670461395827], [-71.0075319722048, -33.0669212893206], [-71.0079015470742, -33.0655400940581], [-71.0085725997738, -33.0651865974818], [-71.0087540242622, -33.0650486555899], [-71.0090391252081, -33.0648318845218], [-71.0095152160103, -33.0648242104627], [-71.0094942837046, -33.0640805573825], [-71.0097489289228, -33.0634451909934], [-71.0096433416358, -33.0619814811954], [-71.0096374917216, -33.0619003925193], [-71.0095404252534, -33.0608693984839], [-71.0092345008359, -33.0596749294269], [-71.0088638921516, -33.0585942304554], [-71.0082888991215, -33.0575168168456], [-71.0077951752041, -33.0568935068058], [-71.0077710349945, -33.0560371784357], [-71.0071248335322, -33.0548436731961], [-71.0064300667663, -33.0543408348125], [-71.0060738593788, -33.0537739177579], [-71.0059184893683, -33.0530910441323], [-71.0059060530816, -33.0526480207848], [-71.0058992584988, -33.0524059784194], [-71.0058897214355, -33.0520589361523], [-71.0040968007775, -33.0512355613274], [-71.0023814844629, -33.0507490989344], [-71.002019205987, -33.0499568178533], [-71.0019999192575, -33.0492672460297], [-71.0015235760178, -33.0492748935917], [-71.0014867996021, -33.0489328607186], [-71.0014316063027, -33.0484196503829], [-71.0014221793022, -33.0480771135456], [-71.0013363192104, -33.0474472280958], [-71.0012393707959, -33.0464162148], [-71.00122185403, -33.0457897404126], [-71.0013465718093, -33.0453864305203], [-71.0015914694583, -33.0444085498704], [-71.0017957319548, -33.0444007622019], [-71.0020612298824, -33.0441710530526], [-71.0027414840073, -33.0441556204755], [-71.0034283720761, -33.0443745418169], [-71.0041210427466, -33.0448188223655], [-71.0054216273994, -33.045081988508], [-71.0068373573735, -33.0445947741835], [-71.0071709774584, -33.0443594491319], [-71.0076312823325, -33.0437793869903], [-71.0077311773109, -33.0436558303562], [-71.0077695712988, -33.0436083418026], [-71.0079600064891, -33.0433727957251], [-71.0080233492333, -33.0432004346172], [-71.0097292600325, -33.0409364694852], [-71.0107253873394, -33.0400546758448], [-71.0120679757697, -33.0394017575518], [-71.0127371532354, -33.0389896630423], [-71.0139291130607, -33.0378206165989], [-71.0140409596147, -33.0369575861128], [-71.014641877962, -33.0365465723632], [-71.014604885409, -33.0352305349672], [-71.0142668030681, -33.0328867895788], [-71.0142232552243, -33.0313408913068], [-71.0145441005152, -33.0306503457804], [-71.0155175539855, -33.0289707864148], [-71.0161623438129, -33.0276978295915], [-71.0168005281609, -33.0261950241339], [-71.0170103128394, -33.0257051784932], [-71.0175666609443, -33.0244060784177], [-71.0182176374615, -33.0233629763955], [-71.0193336201278, -33.0219110468972], [-71.0192982460901, -33.0206536043753], [-71.0192883304375, -33.0203065588803], [-71.0192014263084, -33.0172147713384], [-71.0194651311957, -33.0169264359453], [-71.0196986006954, -33.0155473986971], [-71.0196791875255, -33.0148578284982], [-71.0205147348391, -33.0131263626238], [-71.0204809218977, -33.0119229959753], [-71.0208727606266, -33.0113439975374], [-71.021131768713, -33.0108798818074], [-71.0217275678056, -33.010297587581], [-71.0223042617432, -33.0090257039898], [-71.0231038905112, -33.0084355880043], [-71.0242130412981, -33.0072871051382], [-71.0242275619918, -33.0072720691315], [-71.0256393358408, -33.0066719954214], [-71.0262317248191, -33.0059724948896], [-71.0262824568056, -33.0053374084173], [-71.0263323469054, -33.0047128424974], [-71.0265201824099, -33.0041371416771], [-71.0266413964418, -33.0036166327752], [-71.0270298157721, -33.0029204475859], [-71.0270153906375, -33.0024066506036], [-71.0272714193732, -33.0018298409478], [-71.0275949788887, -33.0012519407759], [-71.0275804457895, -33.0007336275108], [-71.0275594084968, -32.9999899845277], [-71.0274771144242, -32.9994772901228], [-71.0274593255963, -32.9988463154962], [-71.0273684343902, -32.9980451860588], [-71.0273441508049, -32.9971888605795], [-71.0270546790375, -32.9960534777292], [-71.0269979719805, -32.9959547391899], [-71.0267795270787, -32.9951683292265], [-71.0265902653417, -32.9945678285465], [-71.0263620824216, -32.9937148130616], [-71.0263443156575, -32.9930838390069], [-71.0263862430308, -32.9921678263005], [-71.0266955774845, -32.9910716108834], [-71.0268994927632, -32.9910682994605], [-71.0272458989002, -32.9905020502161], [-71.027288895268, -32.9904080066278], [-71.0272846252075, -32.9902594346402], [-71.0276068039641, -32.9896229357713], [-71.0277106182263, -32.989485600227], [-71.0277372970621, -32.9894272482], [-71.0277313338079, -32.9892196055687], [-71.0271462840815, -32.9885411901796], [-71.026676401113, -32.9882828929838], [-71.0264091769062, -32.988154404445], [-71.0259253513379, -32.9878781916998], [-71.025893506116, -32.9878525236839], [-71.025496805056, -32.9876344468539], [-71.0252219994902, -32.9873112709388], [-71.0250205321897, -32.9871488801855], [-71.0245964130208, -32.9865876253973], [-71.0238958692849, -32.9858549887742], [-71.0232677583936, -32.9852925283769], [-71.0227773731444, -32.984786445871], [-71.0211023520511, -32.9832714805675], [-71.0204051910988, -32.9826560105186], [-71.0197106076207, -32.9821532199965], [-71.0196945535175, -32.9815808247113], [-71.0187930973948, -32.9809641511232], [-71.0182978592387, -32.9802867830804], [-71.0176019730877, -32.9797253787852], [-71.0164096515445, -32.9784325074532], [-71.0156977768711, -32.9772987049031], [-71.0150118154183, -32.9770843233449], [-71.0143159723018, -32.9765229068495], [-71.01370244029, -32.9764786944294], [-71.0129482130304, -32.976260893323], [-71.0122638395735, -32.9761005911759], [-71.0116474085991, -32.9759436904567], [-71.010695526345, -32.9759590272163], [-71.0099463001889, -32.975916980738], [-71.0084510611813, -32.9759455573648], [-71.0075181852248, -32.9758641556752], [-71.0062694574316, -32.9757551821904], [-71.0044310986971, -32.9756765091976], [-71.0037512688394, -32.9756874236192], [-71.0020699072462, -32.9757188550023], [-71.002052155112, -32.9757191865884], [-71.0014418334021, -32.9757875944142], [-71.0002296081263, -32.9762083381954], [-70.9998296861152, -32.9765033245002], [-70.9989574559538, -32.9769231147267], [-70.9981415909071, -32.9769361769694], [-70.9967157238352, -32.9770176055937], [-70.9956428030727, -32.9775533099024], [-70.9951750062647, -32.9778493766486], [-70.9938929746172, -32.9782170621234], [-70.9924655421714, -32.9782443550379], [-70.9923405171938, -32.978647661765], [-70.9882874847747, -32.9796366576479], [-70.9878266133852, -32.9793896801993], [-70.987666464843, -32.9793038566208], [-70.9867146367539, -32.9793235184941], [-70.9856838586846, -32.9789386070465], [-70.9847843899074, -32.9783847609369], [-70.9840919136721, -32.9779358555977], [-70.9833963518462, -32.9773787580112], [-70.9826328504533, -32.9768182262162], [-70.9822073972571, -32.9761982195488], [-70.9815214268618, -32.975979151769], [-70.9808448870874, -32.9761071230659], [-70.9799039449458, -32.976285105794], [-70.9794917852805, -32.9763630641394], [-70.9790158273092, -32.9763706110518], [-70.9779993573505, -32.9765039562249], [-70.9755476817068, -32.9763759431343], [-70.9750038728896, -32.9763845484381], [-70.9743241396834, -32.976399810177], [-70.973642987795, -32.9763519604328], [-70.9729583384306, -32.9761914453371], [-70.9721364492657, -32.9759789734703], [-70.9711692068044, -32.975811481676], [-70.9706330979335, -32.9757186436769], [-70.969137824492, -32.9757467486704], [-70.9690928331614, -32.9757270996705], [-70.9690754878187, -32.9757451400602], [-70.9688629716516, -32.975626706978], [-70.9683805283327, -32.9754159986374], [-70.9668692239727, -32.9748716668675], [-70.966175325335, -32.9743685586846], [-70.9651447873439, -32.9739879883011], [-70.9637032383719, -32.9734966312254], [-70.9624105562713, -32.972638868728], [-70.9621100978437, -32.972439494677], [-70.9609338949405, -32.9717139669839], [-70.9594892478785, -32.97110988292], [-70.9587922639096, -32.9704940520595], [-70.9580811660219, -32.9693598903467], [-70.9567031268455, -32.9686961056191], [-70.9552225244564, -32.9667758666171], [-70.9545271298346, -32.9662140993998], [-70.9537130676481, -32.9662899623081], [-70.953593705107, -32.9663817177628], [-70.9531801555483, -32.9666996182979], [-70.9525007209748, -32.9667102466482], [-70.9510383995072, -32.9679415587988], [-70.9510444494487, -32.9681714248811], [-70.9505006936055, -32.9681799214573], [-70.9495663993343, -32.9688257928831], [-70.94910454415, -32.9693515556141], [-70.9489892006649, -32.9700973704412], [-70.9475625857377, -32.9710700127054], [-70.9475203995094, -32.9710987735254], [-70.9473042653088, -32.9715172255066], [-70.9471329792013, -32.9718488314866], [-70.9466726149553, -32.9724286675537], [-70.9466806186604, -32.9727171258992], [-70.9462820483248, -32.9730660336522], [-70.9456023252302, -32.9730811382153], [-70.9448546427799, -32.973092789515], [-70.9436358795046, -32.9732876275985], [-70.9421450403868, -32.9734866875406], [-70.9408535624484, -32.9735067740359], [-70.9400999499545, -32.9732930263696], [-70.9394816081052, -32.973072673516], [-70.9389302613854, -32.9727971637045], [-70.9383864711429, -32.9728056086208], [-70.9380386750053, -32.9725269369955], [-70.9368219373256, -32.971593910627], [-70.9366496326755, -32.9714617805955], [-70.9352067419531, -32.9709160059775], [-70.9351548856611, -32.970917122672], [-70.9344591851172, -32.9709320918722], [-70.9336960320989, -32.9703712565053], [-70.9333479070606, -32.9700899266927], [-70.9330007382442, -32.9698093674423], [-70.9297593975446, -32.9681505341565], [-70.9290628703798, -32.9675300183975], [-70.9281527940671, -32.9665746064037], [-70.9275872627886, -32.9657806988303], [-70.9270234378304, -32.9650499048071], [-70.9261566122978, -32.9631739409583], [-70.9253008697769, -32.9616991132652], [-70.9245994813038, -32.9609118031662], [-70.9240308976335, -32.9600051996152], [-70.9240154829722, -32.9594327766894], [-70.9236649103973, -32.9590368567016], [-70.9219007653736, -32.9541400024635], [-70.9211177358886, -32.9528353688521], [-70.9211039452212, -32.9523215317073], [-70.9205430391686, -32.9517033859572], [-70.9199780011384, -32.9509094401533], [-70.9199654746166, -32.9504542070504], [-70.9192688257184, -32.9498336234518], [-70.9185737974216, -32.9492716410371], [-70.917787756707, -32.9478542930215], [-70.9170884703394, -32.9471255279582], [-70.9169445714428, -32.946839142206], [-70.916660754393, -32.9463880715642], [-70.9161695842118, -32.945822945212], [-70.9158506860825, -32.9457274715832], [-70.9136336813404, -32.9450637028698], [-70.9127456415432, -32.944910465083], [-70.9120660131344, -32.9449208717903], [-70.9114498646393, -32.9447589539136], [-70.9107703434929, -32.9447738610965], [-70.9103564158915, -32.9445502199619], [-70.9093158201424, -32.9437680046753], [-70.9087599633185, -32.9433165637002], [-70.9088093915743, -32.9426304099608], [-70.9087787633273, -32.9414855392544], [-70.9089037953683, -32.9410823051647], [-70.9089547098775, -32.9404502416094], [-70.908727813699, -32.9395969578255], [-70.908132012729, -32.9376580863135], [-70.9078447489777, -32.9370898094782], [-70.9073540209936, -32.9365246296099], [-70.9073446550137, -32.9361820738754], [-70.9066651964753, -32.9361969536757], [-70.905774309996, -32.9359219650855], [-70.9052970647565, -32.9358751317071], [-70.9039383796487, -32.9359003551879], [-70.9032572245362, -32.935852125031], [-70.9025777678217, -32.935866985212], [-70.9019600988733, -32.93564641745], [-70.9005273446276, -32.9354427705476], [-70.8998478791146, -32.9354576150391], [-70.8989598586812, -32.9352997677655], [-70.8981941722901, -32.9346260028181], [-70.8974284836222, -32.9339522319943], [-70.896247492098, -32.9330006852223], [-70.8958442230456, -32.9331781569644], [-70.8947817172944, -32.9341141540549], [-70.894316526668, -32.9345225349523], [-70.8940526342862, -32.9348106162755], [-70.8927937747269, -32.9360381713637], [-70.8921142169871, -32.9360484669402], [-70.891584345337, -32.9365750547655], [-70.8910528851883, -32.9370430418778], [-70.8901231027935, -32.9378597634621], [-70.8887640411003, -32.9378848308328], [-70.8883022022517, -32.9384058583074], [-70.8862608202873, -32.9383284838786], [-70.8852337452219, -32.9380599107147], [-70.8852263792296, -32.9377759422869], [-70.8844018775623, -32.9374456811547], [-70.8838447096537, -32.9369400315626], [-70.8824025890258, -32.9363890974728], [-70.8815054239015, -32.9358930780266], [-70.8805480284983, -32.9356775212304], [-70.8791893236213, -32.9357024783038], [-70.8788480581903, -32.935653497858], [-70.876993780667, -32.9349373543005], [-70.876299210549, -32.9343796195029], [-70.8751877149111, -32.9334809386557], [-70.8744284101661, -32.9330369028003], [-70.8740069575145, -32.9325291699644], [-70.8733847686952, -32.9321371751631], [-70.8726901514582, -32.9315749223069], [-70.8714674786238, -32.9315977530878], [-70.8707244967962, -32.9317847431651], [-70.8700479945636, -32.9319076007008], [-70.8684964339734, -32.9320696240445], [-70.8680822284281, -32.9321128744332], [-70.8676065711585, -32.9321244961506], [-70.8668592133586, -32.9321356671604], [-70.8654928204936, -32.9318719985372], [-70.8647998176011, -32.9313682887404], [-70.8635556346953, -32.9305887199991], [-70.8628114134661, -32.9307170577007], [-70.862676109632, -32.93071907506], [-70.8622000289754, -32.9307261730858], [-70.8621956584109, -32.9307269957865], [-70.8615236131376, -32.9308535023963], [-70.8609724443307, -32.9305776231293], [-70.8598174928232, -32.930594823318], [-70.859207345154, -32.9306625296161], [-70.8583241020014, -32.9306801788418], [-70.857637291527, -32.9304063147464], [-70.8569427834337, -32.9298439583951], [-70.8559132054967, -32.9294624479568], [-70.8550843006457, -32.9289607012294], [-70.8537103055142, -32.9284084151567], [-70.8528136958325, -32.9279121665882], [-70.8513822678742, -32.9277620372939], [-70.8501566170568, -32.9276719751491], [-70.8499451574623, -32.9273865146953], [-70.8486409119006, -32.9268917629335], [-70.8472670798195, -32.9263439192517], [-70.846987907729, -32.9260639548322], [-70.845811756051, -32.9252831954371], [-70.8443597182088, -32.9243306379226], [-70.8435766320725, -32.9229713802872], [-70.8425395298583, -32.9223012659708], [-70.8421289699176, -32.9221945900507], [-70.841384444366, -32.9223228038049], [-70.8407217129496, -32.922963866752], [-70.8405960664654, -32.9233670494576], [-70.8402608594181, -32.9235433315869], [-70.8396898936468, -32.9250984289], [-70.8390104804828, -32.9251129408528], [-70.8384757027523, -32.9254635183497], [-70.8378068344987, -32.9258746912623], [-70.8370596076825, -32.9258901901743], [-70.8367967591216, -32.9262367621941], [-70.8356080120667, -32.9275754545438], [-70.834543363529, -32.928452371052], [-70.8339362815082, -32.9286371467896], [-70.8332567575749, -32.9286471203228], [-70.8325730184029, -32.9284857989694], [-70.8318878433896, -32.9282703788688], [-70.8316159074579, -32.928274366637], [-70.8308671038572, -32.9282312375364], [-70.8308616729849, -32.9282313171201], [-70.8305273471668, -32.9282362158534], [-70.8303322738593, -32.9285817700653], [-70.8282304843597, -32.9287884100627], [-70.8272116165642, -32.9288078341782], [-70.8265320748896, -32.9288177722995], [-70.8261923172721, -32.9288227388787], [-70.8254450482869, -32.9288381603906], [-70.8251731096201, -32.9288421332994], [-70.8226148151499, -32.9297993878841], [-70.8219459300154, -32.9302149845401], [-70.8205190142163, -32.930235786837], [-70.8198470434411, -32.9305341710905], [-70.8189107028964, -32.9311250035606], [-70.8175633324833, -32.931604562324], [-70.8147126126567, -32.9317677528982], [-70.8135561887342, -32.9317304414531], [-70.8130762602991, -32.9315660553159], [-70.8127818539529, -32.9313281370075], [-70.8133599091517, -32.9339206362912], [-70.8154312291243, -32.9403372343054], [-70.8178766262552, -32.9477786966593], [-70.8189947572554, -32.9500183277985], [-70.8211847283083, -32.9535480004191], [-70.8222676991631, -32.9553873654308], [-70.8228843300999, -32.9563288835204], [-70.823347681276, -32.9570779299547], [-70.8253387719424, -32.960163715737], [-70.8263549897833, -32.961385773536], [-70.8264061890107, -32.9616360677793], [-70.8271780450672, -32.9627110739434], [-70.8277964664391, -32.9635723600047], [-70.8282305836694, -32.96317198203], [-70.8282594077087, -32.9631453972246], [-70.8282868494797, -32.9631008433614], [-70.8286722331902, -32.9624751321267], [-70.8290132071615, -32.9621534233735], [-70.8293314411829, -32.961771199639], [-70.8294783382392, -32.9615464979249], [-70.8294899214984, -32.9615287790412], [-70.8295142486419, -32.9615290918102], [-70.8296803047672, -32.9612375541273], [-70.829897886281, -32.9609047246611], [-70.8300366295351, -32.9607911853229], [-70.8304675906758, -32.9607458745972], [-70.8306287210112, -32.9604993924048], [-70.8305830227144, -32.9604625983775], [-70.8304560531981, -32.9604479502155], [-70.8323159866167, -32.9587396103779], [-70.8328050028794, -32.9585277441237], [-70.8331662881081, -32.9582158099827], [-70.8335391477484, -32.9580434922625], [-70.834220644887, -32.9572443606179], [-70.8344884653605, -32.956794009057], [-70.834869703854, -32.9565584346465], [-70.8350874864686, -32.9565822894052], [-70.835245807015, -32.9567114838536], [-70.8353860329847, -32.9568259119225], [-70.8354051317088, -32.9568337073336], [-70.8355152360874, -32.9568786454944], [-70.8355886523801, -32.9569086100287], [-70.8362260641036, -32.9568721830176], [-70.836411065972, -32.9569596471718], [-70.8364535710289, -32.9570266611437], [-70.836491520795, -32.9571117511993], [-70.8367605881538, -32.9577150363439], [-70.8369191174755, -32.9580704734167], [-70.8369673733486, -32.9580923099316], [-70.8372644739199, -32.9581580881852], [-70.83754031132, -32.9582191579786], [-70.8386660593343, -32.9581304383334], [-70.8393441339729, -32.957926553785], [-70.8400032122296, -32.9575047052687], [-70.8403076664262, -32.9573098344239], [-70.8404041590165, -32.9572480721966], [-70.8405787840295, -32.9570720904088], [-70.8407810533915, -32.9568682476187], [-70.8409366785154, -32.9568930091991], [-70.8409737602428, -32.9569240274058], [-70.8410175473824, -32.956983631975], [-70.8411345236982, -32.9571428665046], [-70.8411605558942, -32.95717830159], [-70.841175658706, -32.9573584494239], [-70.8411373317773, -32.9574821570222], [-70.8409728336783, -32.9580130982972], [-70.8409761969615, -32.9580260949138], [-70.8416745446812, -32.9588301309811], [-70.8417877411297, -32.9595003413823], [-70.8417964043795, -32.9598319752154], [-70.8418045262261, -32.9598889444644], [-70.8417993226661, -32.959943680657], [-70.841813764938, -32.9604965049189], [-70.8416896765791, -32.960748620595], [-70.8415946726169, -32.9609416444765], [-70.841274666966, -32.9613924490412], [-70.8411223930733, -32.9616069612989], [-70.8410371807097, -32.961916205461], [-70.8410033383945, -32.9620390234732], [-70.8409277679037, -32.9623132760483], [-70.8409661309227, -32.9625924189317], [-70.8410415640489, -32.9631413020317], [-70.8413376347033, -32.9635698253792], [-70.8414750884073, -32.9635917119221], [-70.8416227466245, -32.9636152226583], [-70.8418441310881, -32.9635217713868], [-70.8426704888476, -32.9623912823402], [-70.8430660965692, -32.9620427395522], [-70.8431242614006, -32.9618975848263], [-70.8434748811939, -32.9615722510874], [-70.8437206422666, -32.961510001538], [-70.8440070526108, -32.9612803096581], [-70.8448983735891, -32.961041679943], [-70.8451967415699, -32.9607441690081], [-70.8455863087991, -32.9605400039364], [-70.8456842832111, -32.9605250281425], [-70.8470925844003, -32.9604546018591], [-70.8488322638383, -32.9598426511698], [-70.8490518525282, -32.9599205664881], [-70.8495407578237, -32.9598751988385], [-70.8496300819569, -32.9598669099532], [-70.8496825935098, -32.9598187534578], [-70.8498901734642, -32.9596283913679], [-70.8501598525708, -32.9593810796663], [-70.8508771770118, -32.9593929953394], [-70.8510392222433, -32.9593207091307], [-70.8513542144557, -32.9591704342051], [-70.8517270848597, -32.9587896820502], [-70.8526105825267, -32.9583707440975], [-70.8528350495881, -32.9581058774398], [-70.8533868529047, -32.9580841605858], [-70.8534483860791, -32.9581012843409], [-70.8535359078623, -32.9582262443083], [-70.8534471355963, -32.9587776902254], [-70.8534765865614, -32.9587952901097], [-70.8537533857821, -32.9588272555126], [-70.8537867959626, -32.9588583242947], [-70.8538770671088, -32.9590508818909], [-70.8538005567489, -32.95921589188], [-70.8537865388999, -32.9592461234458], [-70.8538405801291, -32.9594554972515], [-70.8538607422594, -32.9595336137579], [-70.8539114880459, -32.9595463881526], [-70.8540640583506, -32.9595559399744], [-70.8546100891853, -32.9595901250088], [-70.8547450159618, -32.9596565471066], [-70.8547724414274, -32.9596580778426], [-70.8548415185264, -32.9597040544272], [-70.8549123998351, -32.9597389484019], [-70.854929100122, -32.9597623477281], [-70.8550465522185, -32.959926909459], [-70.8551773527847, -32.9601101746192], [-70.8551830900445, -32.9601182132438], [-70.8551846726897, -32.960128163282], [-70.8552022746347, -32.9602388544851], [-70.8552190402096, -32.9603442813891], [-70.8552539129431, -32.9605635764], [-70.8551785294134, -32.9606298675552], [-70.8550661419762, -32.9607286996688], [-70.854908630334, -32.9607580949213], [-70.8548300923299, -32.9607592615008], [-70.8543312586597, -32.9606449211176], [-70.8539040547097, -32.9606467557448], [-70.8538661440374, -32.9606563370523], [-70.8535969095804, -32.9608587405931], [-70.8535771843614, -32.9608606062086], [-70.8528615503406, -32.9609282757725], [-70.8526670192157, -32.9611701521462], [-70.85266593638, -32.9612291248234], [-70.852664203129, -32.9613235083524], [-70.8526833891171, -32.9613457699435], [-70.8529923870182, -32.9614944995831], [-70.8537561266919, -32.9621911150195], [-70.8543048388104, -32.9625482161014], [-70.8545374115617, -32.9628468816876], [-70.8545489524523, -32.9630631540359], [-70.8544957002335, -32.9631225650895], [-70.8544598880589, -32.9631366246739], [-70.8543611423495, -32.9631615905819], [-70.8539355443564, -32.9632691931195], [-70.8536261644324, -32.9633474120927], [-70.8535350377263, -32.9634930615325], [-70.8533812633925, -32.9637388432668], [-70.853310885121, -32.9637687334769], [-70.8529411929641, -32.9639257449528], [-70.8525355315527, -32.9639994034862], [-70.8522833101672, -32.9642646814105], [-70.8514284098848, -32.9645028240404], [-70.850809985559, -32.9648907695682], [-70.8506751402327, -32.965077648237], [-70.8505200269643, -32.9651593423097], [-70.8502346602122, -32.9653096391398], [-70.8494701104072, -32.9653119479945], [-70.8491205812391, -32.9651277360897], [-70.8488373717719, -32.9650778196218], [-70.8488035631624, -32.9650918479473], [-70.8487554135742, -32.9651556903364], [-70.8488045333292, -32.9652946073098], [-70.8489298367154, -32.9656489781503], [-70.8490250580515, -32.9659182700744], [-70.8490493297906, -32.9659480062819], [-70.849134159107, -32.9660519319073], [-70.8491934864008, -32.9663163639586], [-70.849241043496, -32.9665283293198], [-70.8493616508917, -32.9666017329805], [-70.8494489360465, -32.96664296509], [-70.8494708543865, -32.9666466753171], [-70.8497588202526, -32.9666198625582], [-70.8506989296625, -32.9662181351513], [-70.8511025682867, -32.9662392074355], [-70.851382399065, -32.9664154276296], [-70.8513927708468, -32.966434892673], [-70.8517971661976, -32.9671938858232], [-70.8518026958285, -32.9671991436634], [-70.8521287167907, -32.9675091246601], [-70.8524059763101, -32.9675932061838], [-70.852667392999, -32.9676724835217], [-70.8528499617833, -32.9678817089394], [-70.8528579643171, -32.9679447195948], [-70.8528494899087, -32.9680462582294], [-70.8527999353035, -32.9686400050313], [-70.8529182950707, -32.9687975619934], [-70.8532923998803, -32.969295554116], [-70.8534509936687, -32.9696173621756], [-70.8534931563849, -32.9697029151101], [-70.8534925211257, -32.9698534340013], [-70.8534923197713, -32.9699012538879], [-70.8534921888299, -32.9699321648775], [-70.8534919770193, -32.9699825055846], [-70.8529824691251, -32.9705220188059], [-70.8527922958732, -32.9707233892093], [-70.8527748120976, -32.9708964130301], [-70.852769022194, -32.9709537058904], [-70.8528326242397, -32.9712213451075], [-70.8528672617033, -32.9713670982465], [-70.8528523991427, -32.971407901977], [-70.8527672572847, -32.9714866540544], [-70.8527006864272, -32.9715482280665], [-70.8526799823941, -32.9715673776026], [-70.8526641213708, -32.9715820479403], [-70.852575828857, -32.9715841823276], [-70.8516980117143, -32.9716054001155], [-70.8512385209453, -32.9722254717423], [-70.8512195435572, -32.9722933917561], [-70.8511746922257, -32.9729862948546], [-70.8511669540822, -32.9731058359532], [-70.8506408314238, -32.9737539488646], [-70.8505008670371, -32.9741907305969], [-70.8504549924588, -32.9743338872377], [-70.8502909696031, -32.9744851231628], [-70.8500663048962, -32.9745938885229], [-70.849935458727, -32.9746572342401], [-70.8497950266731, -32.9750447785269], [-70.8496341898627, -32.9754886315463], [-70.8496003260955, -32.9755820858457], [-70.84958558717, -32.9756769982765], [-70.8496116909897, -32.9758682290687], [-70.8496519425368, -32.9761213623387], [-70.8496466729989, -32.9761244940672], [-70.8496473145529, -32.976129194014], [-70.8496403584034, -32.9761284610584], [-70.8481095559414, -32.9770665379109], [-70.8481592738366, -32.9771024981278], [-70.8478382729392, -32.9772527079498], [-70.8473296465815, -32.9774907124851], [-70.8469652476732, -32.9776612261755], [-70.8470016637676, -32.9777527959272], [-70.8465562147292, -32.9779612335107], [-70.8465071480006, -32.9779841925234], [-70.8463441858331, -32.9781344400825], [-70.8462699055976, -32.9781752298807], [-70.8456920619007, -32.9784925401155], [-70.8455707430199, -32.9786049562384], [-70.8449396675436, -32.9789572760747]], [[-70.9858904367202, -33.0311842841119], [-70.9866257321045, -33.0319572379363], [-70.9867634842027, -33.0320465380536], [-70.9870533112819, -33.0322592073293], [-70.9876030769114, -33.0325592642562], [-70.9879232970619, -33.0329200646616], [-70.9881589489381, -33.0337623066053], [-70.9885638716704, -33.0342703878255], [-70.9889443872789, -33.0349045944545], [-70.9892952627548, -33.035424948172], [-70.9902072651404, -33.0361422792957], [-70.9906909224768, -33.036523370695], [-70.9913110977519, -33.0369366133471], [-70.991505162019, -33.0371164739506], [-70.9919320248226, -33.0373841347709], [-70.9919113620021, -33.0376816732775], [-70.9921773062859, -33.0380433059788], [-70.9924296759954, -33.0384051512971], [-70.9922066131972, -33.0387630210868], [-70.9922244347161, -33.038957074535], [-70.9924632304423, -33.0393191310944], [-70.9922688165072, -33.0397451403286], [-70.9921108874226, -33.03997624464], [-70.9921835159872, -33.0401923006059], [-70.9924406374298, -33.0407712650707], [-70.9925703239421, -33.0411121709651], [-70.9926657726683, -33.0417508275058], [-70.992734069273, -33.0423899105293], [-70.992384964636, -33.0431955839237], [-70.9924482663347, -33.0436061184395], [-70.9923757921129, -33.0440187851718], [-70.992331222396, -33.044465307249], [-70.9920874816362, -33.0451207208012], [-70.9920395710396, -33.0460359822584], [-70.9916761188515, -33.0468075907248], [-70.9915640542736, -33.0477282493829], [-70.9901330863232, -33.0462635113349], [-70.989340901412, -33.0448231272803], [-70.9895271237566, -33.044030967865], [-70.9892049654254, -33.0437370101326], [-70.988832383853, -33.043468493989], [-70.9881457718394, -33.0431248746988], [-70.9872698220693, -33.0428185086415], [-70.9865029950969, -33.0425332914934], [-70.9859855477325, -33.0424727976134], [-70.9854786906971, -33.0422749576735], [-70.9852695509041, -33.042026734261], [-70.9853835393876, -33.0416477103433], [-70.9856856215105, -33.0411742940664], [-70.985771207871, -33.0407385580489], [-70.9854250523965, -33.0404353180721], [-70.9852146727464, -33.0401299555703], [-70.985408879318, -33.0396925213403], [-70.9855872675042, -33.0391524510625], [-70.9861033402753, -33.0385270814355], [-70.9867315053019, -33.0380599983723], [-70.9870622150255, -33.037654724563], [-70.9872352286355, -33.0374919777547], [-70.9873726207129, -33.0369411188175], [-70.9872525509958, -33.0364171482421], [-70.9869253484688, -33.0357363761719], [-70.9866114784552, -33.0350439611558], [-70.9862073054941, -33.034570154715], [-70.985834021341, -33.0342673362969], [-70.9853227368991, -33.0338637868792], [-70.9847684874284, -33.033358022208], [-70.9845035740041, -33.0330420743313], [-70.9844536462123, -33.0326198864416], [-70.9842921258221, -33.0320622613076], [-70.9841454258809, -33.0315615614886], [-70.984023395662, -33.0309461616246], [-70.9835353114538, -33.0303593321705], [-70.9830082426182, -33.0298531291952], [-70.9824064287308, -33.0296567400306], [-70.9818865683815, -33.0294819338161], [-70.9812326844762, -33.0293892332731], [-70.9806148846825, -33.0297075059808], [-70.9804322600181, -33.0300532984398], [-70.9802624672432, -33.0303645963878], [-70.9800290070768, -33.0308712238719], [-70.9797518381815, -33.0312413518515], [-70.9794556361722, -33.0313602782202], [-70.979114984959, -33.0313084203592], [-70.9784289723171, -33.0309875738498], [-70.9779599391538, -33.0306519155655], [-70.9773748662127, -33.0299751072428], [-70.9769566793534, -33.0294786092885], [-70.9763714104642, -33.0294191114556], [-70.9756629621558, -33.0293157957222], [-70.975253938064, -33.0292421237274], [-70.9747103857985, -33.0292276965632], [-70.9746069672382, -33.0294693696992], [-70.9743902366223, -33.0294955964418], [-70.9739947870312, -33.0294217090545], [-70.9733522392066, -33.0292259022143], [-70.9730407194953, -33.029265028676], [-70.9723870665169, -33.0291837074155], [-70.9720718405671, -33.0290514108201], [-70.971458175247, -33.0289351681219], [-70.9708111874132, -33.0285336409803], [-70.9703446468041, -33.0283122259601], [-70.9699395675209, -33.0284213838665], [-70.9694846188883, -33.0287370879486], [-70.9690030050447, -33.029076067861], [-70.9686467847442, -33.02956172237], [-70.9685500020023, -33.030111955109], [-70.9685176335332, -33.0311299034492], [-70.9684070059404, -33.0322976788281], [-70.9679088101636, -33.0331284934907], [-70.9673237165689, -33.0337091470206], [-70.9664579121292, -33.0344999190286], [-70.9663090154224, -33.0351538499005], [-70.9664637597175, -33.0360317256371], [-70.9667394810046, -33.0368505679163], [-70.9669599075239, -33.0376245368554], [-70.9669512292323, -33.0384820753451], [-70.9665678007585, -33.0389681570303], [-70.9660923042277, -33.0389640834073], [-70.9656365775494, -33.0386167396313], [-70.9652606017245, -33.038188135613], [-70.9648550107302, -33.0376456656279], [-70.9645138713535, -33.0369421472945], [-70.9641041081105, -33.0362053917057], [-70.9639106184845, -33.0354195631854], [-70.9637746422838, -33.034781464251], [-70.9636618888859, -33.0339600912674], [-70.9634642282272, -33.0329799786021], [-70.9633050928748, -33.0318963815636], [-70.9631770509559, -33.0309952183361], [-70.9628769295699, -33.0303024870895], [-70.9625497200925, -33.0289814035198], [-70.962082999371, -33.0281197553148], [-70.9615358071617, -33.0273050718882], [-70.9608984947364, -33.0267204150576], [-70.9598798062071, -33.0260844636705], [-70.9591400248, -33.0257871771881], [-70.9580070026485, -33.0255187966479], [-70.9575165132208, -33.0254463109595], [-70.9563708930241, -33.0252238361437], [-70.956020825382, -33.0253664012826], [-70.9556629235677, -33.0251432508761], [-70.9553995729072, -33.0248957832881], [-70.9550241801487, -33.0244899809641], [-70.9547188787532, -33.0241859921011], [-70.9547811367398, -33.0239220919511], [-70.9550028922437, -33.0234956923908], [-70.9557262541489, -33.0230272958892], [-70.9562508513034, -33.0227905956094], [-70.9571524073582, -33.0223994836082], [-70.95833807666, -33.0219582717716], [-70.960474638432, -33.020896519259], [-70.961814814601, -33.0200642118552], [-70.9624697169793, -33.0195739801471], [-70.9630475792766, -33.0192907108285], [-70.963636800525, -33.0189043761749], [-70.9642862161096, -33.0187914819115], [-70.9646135047988, -33.0188550307317], [-70.965515393281, -33.0191154972221], [-70.9663427212563, -33.0196972026579], [-70.9669765529188, -33.0201218382777], [-70.9675894233774, -33.0202038337015], [-70.968213158123, -33.0201599062076], [-70.9684513342063, -33.0204991860707], [-70.9687845409695, -33.0208369982199], [-70.9693041091688, -33.0210004486003], [-70.969628442794, -33.0209268435563], [-70.9698821856116, -33.0207285786667], [-70.9700902676728, -33.0203023805322], [-70.9702326918228, -33.0199800847204], [-70.9702260325085, -33.0196715259806], [-70.9700495650954, -33.0190454984008], [-70.9697388284905, -33.0184901366291], [-70.9695742163952, -33.0177839009337], [-70.969485864035, -33.0174651713556], [-70.9691181259528, -33.0167849355665], [-70.9686393297238, -33.0159920923516], [-70.9681139063383, -33.0149255972712], [-70.9678113523327, -33.0141185963093], [-70.9678503825182, -33.0134092121818], [-70.9681142644001, -33.0124219934164], [-70.9686249131434, -33.012174045764], [-70.9691587648608, -33.0117428276695], [-70.969898930491, -33.0114341746201], [-70.9703456401134, -33.0113701191084], [-70.9707834597886, -33.0115234043104], [-70.9712881633522, -33.0116299280387], [-70.9715055936153, -33.0116380007381], [-70.9725623828673, -33.0115302154487], [-70.9730855974857, -33.0118650805024], [-70.9737647956567, -33.0125061884978], [-70.9743312100977, -33.0129546960726], [-70.9749131799502, -33.0134944133215], [-70.9755302166793, -33.0143993986984], [-70.9758607226083, -33.0152402282279], [-70.9762477581884, -33.0161830647308], [-70.9765118555472, -33.0164647639647], [-70.9767438573887, -33.0165183265751], [-70.9771150282106, -33.0161010296584], [-70.9774738584518, -33.0157410825547], [-70.9780289139664, -33.0156638838397], [-70.9785595422835, -33.0157128101732], [-70.9792552881081, -33.0158620553205], [-70.979669944332, -33.0161985675557], [-70.9801976592505, -33.0167390907251], [-70.9800864588505, -33.0178725485015], [-70.979954741621, -33.0186862406643], [-70.9797309739995, -33.0196385431811], [-70.9797940070652, -33.0206664114126], [-70.979791894684, -33.0218210406416], [-70.9800676710662, -33.0226398317337], [-70.9803898163319, -33.0230920894002], [-70.9808201792552, -33.0241129854357], [-70.9806803928467, -33.0251675783765], [-70.9813360925951, -33.0265874048277], [-70.9822625240636, -33.0273509927644], [-70.9838510045121, -33.0279670705485], [-70.9850853565795, -33.0297668379086], [-70.9858904367202, -33.0311842841119]], [[-70.9419659927878, -33.0049010671586], [-70.9396300027504, -33.0056668770451], [-70.9389134229663, -33.0058149437896], [-70.9386545227292, -33.0057731409646], [-70.9383253228972, -33.0056180754168], [-70.9381423008819, -33.0053121655911], [-70.9382841153752, -33.0049555986237], [-70.9384770797244, -33.004449630498], [-70.9389238460099, -33.0037454556861], [-70.9393667237184, -33.0028584161745], [-70.9399320075174, -33.0019809526306], [-70.940286150733, -33.0013925112931], [-70.9406834385128, -33.0009177414413], [-70.9410443666054, -33.0006493126839], [-70.941517040066, -33.0005278113145], [-70.9421550313329, -33.0005181248243], [-70.9429728843973, -33.0006657602483], [-70.9437436965729, -33.0005168561704], [-70.9445086697379, -33.0000936545295], [-70.9451068539428, -32.999490064181], [-70.945610255129, -32.9988993478621], [-70.9459754796953, -32.9981964076134], [-70.9464844098422, -32.9972283332346], [-70.9469056169102, -32.9966045695315], [-70.9474494621404, -32.9960018044401], [-70.9479698048663, -32.9955708840873], [-70.9485216726904, -32.9953452667493], [-70.9490155882049, -32.9949490430498], [-70.9493883192518, -32.9946003940717], [-70.9498836882839, -32.9942727416397], [-70.950230239725, -32.9939702190446], [-70.9506509101184, -32.9933235958473], [-70.9508224757415, -32.9930923342817], [-70.951134642389, -32.9930875772242], [-70.9515052455743, -32.9932762794778], [-70.9520384761943, -32.9934510687564], [-70.9525675571377, -32.9934315685385], [-70.9527250557796, -32.9931776542752], [-70.9529361099302, -32.9928886271086], [-70.9533939053361, -32.9927101588162], [-70.9540170062323, -32.9926434892011], [-70.9549665697721, -32.9926061304575], [-70.9556323359871, -32.9926302600669], [-70.955984231662, -32.9925791558636], [-70.9563850343679, -32.9922757935126], [-70.9565620784472, -32.9916671805632], [-70.956617952342, -32.9911061479035], [-70.9563977454518, -32.9903321206067], [-70.9558801898524, -32.9896197938699], [-70.9554714587765, -32.9889172346611], [-70.955031437157, -32.9880208010714], [-70.9549486748575, -32.9873246959515], [-70.9547805783615, -32.986446975789], [-70.9547711848045, -32.9853724863155], [-70.9548424847418, -32.9842624708688], [-70.9546608258146, -32.9833849560946], [-70.954769283368, -32.9827430964611], [-70.9547690389092, -32.9827316678553], [-70.954848399198, -32.9819987943733], [-70.9548530675665, -32.9809469570178], [-70.9550760797816, -32.9799489534023], [-70.9552802533965, -32.9793399346996], [-70.9554949309811, -32.9792223405549], [-70.9558259869425, -32.979468804038], [-70.9561979991288, -32.9797260734697], [-70.9564646301832, -32.9801335672099], [-70.9564701288756, -32.9810251945467], [-70.9565784448734, -32.9822810840895], [-70.9567450806151, -32.9830902277575], [-70.95688849057, -32.9840826404426], [-70.9571784937207, -32.9849470598982], [-70.9577509312955, -32.9863216125128], [-70.9582280073554, -32.9870459822555], [-70.9592489144089, -32.9878077635271], [-70.9602155502603, -32.9885703621472], [-70.9607161199142, -32.9891228753873], [-70.9612260987725, -32.9894808949246], [-70.961246535072, -32.9898006802346], [-70.9619532206704, -32.9898355857726], [-70.9626715119408, -32.9897788528086], [-70.9631872145579, -32.9897709498985], [-70.964030095258, -32.9898266193881], [-70.9644098396727, -32.9898093633187], [-70.9653055264572, -32.9897956230434], [-70.9659154819996, -32.9897519654278], [-70.9666591760779, -32.9896147971444], [-70.967322917507, -32.9895474438597], [-70.9680266287849, -32.9894451777204], [-70.9685415771749, -32.9894029683522], [-70.969590211186, -32.9895583239973], [-70.9701238996915, -32.9897558887397], [-70.9706111913053, -32.9903199818856], [-70.9707350354604, -32.9910268491758], [-70.9708954033341, -32.9915388125685], [-70.9709748416429, -32.9920748851084], [-70.9712334160834, -32.9927339485009], [-70.9716612670238, -32.9930588814044], [-70.9720286713014, -32.9930989478289], [-70.9722690039053, -32.9929123369348], [-70.9724945302684, -32.9926687941479], [-70.9726810692223, -32.9925058748344], [-70.9728678543544, -32.9923543828274], [-70.9730630272064, -32.9919626953706], [-70.9731543213526, -32.9917898116871], [-70.9733726859014, -32.9912148581783], [-70.9736626005696, -32.9908102791604], [-70.9742957253383, -32.9905833151814], [-70.974931560759, -32.9904820557625], [-70.9753379319199, -32.9904414929645], [-70.9754158955984, -32.9902802465456], [-70.9755688579496, -32.9898206193465], [-70.9756561909799, -32.9894648896237], [-70.9756835611593, -32.988847157383], [-70.9756166812787, -32.9882651734439], [-70.9756751441413, -32.9878298686425], [-70.9760301662808, -32.9872985356759], [-70.9762292667953, -32.9870896947106], [-70.9759664985863, -32.9868651145366], [-70.9759067847805, -32.9866145396117], [-70.9760639388589, -32.9863491875536], [-70.9761653306585, -32.9860161059006], [-70.9760310976816, -32.9854580250609], [-70.9760066581779, -32.9849554093047], [-70.9764090464258, -32.984732003112], [-70.9769286143564, -32.9842781565032], [-70.9771627265932, -32.9838058485243], [-70.9771234754231, -32.9832463048525], [-70.977070903818, -32.9826983981472], [-70.976919395743, -32.9819691105407], [-70.9773782416401, -32.981218981337], [-70.9776098706019, -32.9806323971672], [-70.9777489900455, -32.9801615569121], [-70.9781841742519, -32.9802005712831], [-70.9785796413553, -32.9802859232893], [-70.9787099215489, -32.9806611553692], [-70.9789169519434, -32.9814467376555], [-70.97893967512, -32.9818693551916], [-70.9788691475525, -32.9823734324846], [-70.9785146601212, -32.98292761944], [-70.9785085125195, -32.9832706608242], [-70.9786817309634, -32.9837481133064], [-70.9790676039646, -32.9840165134256], [-70.9795753538155, -32.9842715976579], [-70.9798292515653, -32.9847135059788], [-70.9799218073875, -32.985226495901], [-70.9801091009451, -32.9857265892764], [-70.9802428631666, -32.9862618042802], [-70.9807972788925, -32.9867905147431], [-70.9813766093095, -32.987215953029], [-70.9817454628472, -32.9873245623796], [-70.982809580104, -32.9875710180434], [-70.9833807350838, -32.987619332571], [-70.9838102416575, -32.9873954835207], [-70.9841257317246, -32.9869219086713], [-70.9843067672519, -32.9865075737149], [-70.9846008209379, -32.9862972526713], [-70.9851016355023, -32.9862323363873], [-70.9854191856984, -32.9864789064097], [-70.9856003014249, -32.9866932957919], [-70.9856213197341, -32.9870359109062], [-70.9856697259849, -32.9873895334599], [-70.9857575976951, -32.9876853871556], [-70.9859374742946, -32.9878426375706], [-70.9862377363756, -32.9879180006992], [-70.9866472980494, -32.9880259619646], [-70.9869241492205, -32.9882731566988], [-70.9868356247583, -32.9885717452417], [-70.9866792543359, -32.9888713865881], [-70.9864643806439, -32.9889776019605], [-70.98623916621, -32.9892325865536], [-70.9863287808625, -32.989608431075], [-70.9864568695835, -32.98988079652], [-70.9867465509654, -32.9900934974869], [-70.9868532173074, -32.9906291164119], [-70.9869689819129, -32.990958829139], [-70.9871136265003, -32.9913681118383], [-70.9873877548916, -32.9914896010277], [-70.9876382250964, -32.9917714954919], [-70.9881319574771, -32.9920038845234], [-70.9886007906544, -32.992339540232], [-70.9891088431609, -32.9926059958502], [-70.989651881682, -32.9926089852115], [-70.9899341075877, -32.9924788528626], [-70.9902296522703, -32.9923370815002], [-70.9906132104477, -32.9918738657591], [-70.9908633118234, -32.9915156072954], [-70.9911272289728, -32.9911685647782], [-70.9915690385078, -32.9908873412215], [-70.9918796384043, -32.990813920658], [-70.992088908639, -32.9910735825823], [-70.9920978801558, -32.9914849657507], [-70.9922405520661, -32.9918028194163], [-70.9923854683319, -32.9922235179477], [-70.9926510169425, -32.9925737505658], [-70.9925660011476, -32.9930323218658], [-70.9922890156069, -32.9934024342577], [-70.9921336558774, -32.9937477897228], [-70.9920577204891, -32.9940004585026], [-70.9918686277692, -32.9946664134768], [-70.9919104716274, -32.9953402041018], [-70.9921252374141, -32.9958512642689], [-70.9925792819483, -32.9961299722699], [-70.9929067082354, -32.9962048884012], [-70.9932133328708, -32.995948623423], [-70.9934792449167, -32.9956929936073], [-70.9938426398386, -32.995550155082], [-70.9942625570204, -32.9955093147836], [-70.9946008058267, -32.9954583153762], [-70.9948511432964, -32.99511147685], [-70.9952085391531, -32.9946943812658], [-70.9958415681629, -32.9944673146145], [-70.9962548995468, -32.9947466431175], [-70.9963561316699, -32.9950308402906], [-70.9968378149982, -32.9953319604929], [-70.9972707929506, -32.9952680446673], [-70.9978065771702, -32.994939607505], [-70.9981455652816, -32.9949228809022], [-70.9983531080643, -32.995102534964], [-70.9985553359043, -32.9956594960444], [-70.9987123546458, -32.9960114040611], [-70.9989754305192, -32.9962473434537], [-70.999644345253, -32.9964197820363], [-71.0002454127003, -32.9965932764625], [-71.0006271147501, -32.9966673220398], [-71.0010781660472, -32.9968088661997], [-71.0018687080813, -32.996956524701], [-71.001874721296, -32.9972307731484], [-71.0018839908682, -32.9976535736172], [-71.0019387305781, -32.9982928488731], [-71.0019892109803, -32.9987378653351], [-71.0020195695701, -32.999503263115], [-71.0022799046502, -32.9996134947876], [-71.0026394905212, -32.9999164953353], [-71.0027568229394, -33.0003147391213], [-71.0029420081334, -33.0007119189627], [-71.0031641444163, -33.0009370555837], [-71.0035747569699, -33.0010906497982], [-71.0039979381311, -33.0011983225494], [-71.0047829927263, -33.001094559681], [-71.0052551804952, -33.000961410221], [-71.0059145831737, -33.0006995806266], [-71.0064490884634, -33.0003139712161], [-71.0069845922431, -32.999974068062], [-71.0079955287078, -32.9996495548749], [-71.0084973493948, -32.9996302382144], [-71.0090700350702, -32.9997469738413], [-71.0095118041471, -33.0000829493063], [-71.0094783905266, -33.0004149667176], [-71.0092821416924, -33.0007495438274], [-71.0090303538547, -33.001027841815], [-71.0087014213019, -33.0015016752745], [-71.0083177021095, -33.0019535080086], [-71.0080453031279, -33.0025293292605], [-71.0076892185981, -33.0030035898958], [-71.007283119769, -33.0036729599918], [-71.0070383517971, -33.0042712091171], [-71.0068337884654, -33.004845965634], [-71.006526184878, -33.0056738197589], [-71.0065807146155, -33.0063016589217], [-71.0062205852072, -33.0065930899184], [-71.005980330478, -33.0067797594049], [-71.0057159457097, -33.0071039780742], [-71.0053299222321, -33.0074529696503], [-71.0046257382691, -33.0075326166853], [-71.0039323605557, -33.0074863503542], [-71.0033766989789, -33.0075293659604], [-71.0026031447867, -33.0075415046852], [-71.0021668619029, -33.0074569017733], [-71.0018253265476, -33.0073593793237], [-71.0013360116521, -33.0073327594056], [-71.0007092303869, -33.0072282753413], [-71.0000837008328, -33.0071809230468], [-70.9993219554644, -33.0071128388067], [-70.9983986030977, -33.0071044346211], [-70.9977629985118, -33.0072172630689], [-70.9969218173206, -33.0072418553223], [-70.9961346691737, -33.0072541659991], [-70.9954113778612, -33.0070825755625], [-70.9949819180146, -33.0066891963345], [-70.9946045003077, -33.0061921219526], [-70.9943786181209, -33.0057955582743], [-70.9938863022126, -33.0056317793043], [-70.9933093133501, -33.0053207131696], [-70.992693608566, -33.0051016974085], [-70.9919648463533, -33.0046786795235], [-70.9915756007654, -33.0045339505346], [-70.9902244623952, -33.0035824183347], [-70.9885328660319, -33.0025789085673], [-70.9865510686196, -33.0019573505541], [-70.9846248043655, -33.0013920992202], [-70.9828937394086, -33.0008302334804], [-70.9818676936851, -33.0004689068915], [-70.9809356603296, -33.0000603870131], [-70.9800179455694, -32.9996859315825], [-70.9792016732778, -32.9996071183416], [-70.9786605436186, -32.9996955155422], [-70.9782065333776, -33.0000454904174], [-70.9780061744287, -33.0001972019562], [-70.977486490682, -33.0000223356181], [-70.9768584804371, -32.9998605730598], [-70.9764128376176, -32.9999703487094], [-70.9758902116069, -33.0002870833557], [-70.9755741245539, -33.0007378048741], [-70.9752400145472, -33.0009830340741], [-70.9749833811108, -33.001044158395], [-70.974535503072, -33.0010510771413], [-70.9740061909263, -33.0010592526978], [-70.9734633051526, -33.0010676352512], [-70.9726346602691, -33.001046130284], [-70.9720367420678, -33.0010210605223], [-70.9713692339372, -33.0009170381769], [-70.970494690379, -33.0006561572105], [-70.9695661048646, -33.0004075336379], [-70.9688065452747, -33.0004420961733], [-70.968092869501, -33.000716019218], [-70.9676935702949, -33.0010879875109], [-70.9673347388466, -33.0014479004777], [-70.9669514656196, -33.0019339402384], [-70.9665200891061, -33.0020777613371], [-70.9660235499218, -33.0023483357208], [-70.9655536619213, -33.0025956344826], [-70.965033656674, -33.0030380467009], [-70.9644968767344, -33.0033321000619], [-70.9642500437688, -33.0038503360137], [-70.963969181782, -33.0040489979151], [-70.9635632107815, -33.004112397022], [-70.9630459508695, -33.0040517515608], [-70.962567445944, -33.0038990525437], [-70.9618552500418, -33.0036127534185], [-70.9612864748297, -33.0030498775064], [-70.9608524581271, -33.0024392023464], [-70.9607594920718, -33.0019033175282], [-70.9606243375478, -33.0012994875575], [-70.9607846022053, -33.0005425085946], [-70.9611770748394, -32.9998505622473], [-70.9614903116465, -32.9992627209773], [-70.9617615996603, -32.9986183620124], [-70.96197982058, -32.9980319779733], [-70.9620630502653, -32.9974819616923], [-70.9620125188941, -32.9970254532992], [-70.9620951728084, -32.9965651393574], [-70.9607907049716, -32.9965048449933], [-70.960285219924, -32.9969815969625], [-70.9589242970989, -32.9974484327198], [-70.9578696973662, -32.9970182063785], [-70.9567509017939, -32.9961312897566], [-70.9556925951329, -32.9955294720175], [-70.9547281537813, -32.9961275630139], [-70.9537335821683, -32.9965888077455], [-70.9526291911471, -32.9969944981178], [-70.9524636573797, -32.9975004181903], [-70.9534413123913, -32.9981054924601], [-70.9537413855889, -32.9981695041483], [-70.9544518280752, -32.9983758654955], [-70.9551227742163, -32.9986399872866], [-70.9553472771302, -32.9989795242074], [-70.9557254889523, -32.9995224911352], [-70.9559001067344, -33.0000685693868], [-70.9561551884562, -33.0005676871111], [-70.9564926906203, -33.0011112714231], [-70.9568607698081, -33.0018144377965], [-70.9569060271121, -33.0026597308501], [-70.9566761414662, -33.0033377531692], [-70.9563909771245, -33.0039708932165], [-70.9561862740272, -33.0045570724194], [-70.9562661329712, -33.0051160312543], [-70.9562606329323, -33.0054933801413], [-70.9568972762023, -33.0060552436945], [-70.9575300090171, -33.0064342460169], [-70.958079584926, -33.0067344934547], [-70.9584396159169, -33.0070605087436], [-70.9591370421461, -33.0072898896564], [-70.9599847663062, -33.0075626876966], [-70.961196292164, -33.0077041388567], [-70.9624729849339, -33.0077188233205], [-70.9636975856146, -33.0078371841663], [-70.9643584712194, -33.0082614381281], [-70.9642979740112, -33.0086053299093], [-70.9645338928508, -33.0088417729917], [-70.9644588396808, -33.0091401618281], [-70.9640424659311, -33.0093523438648], [-70.9636956818931, -33.0096434802916], [-70.9634991935886, -33.0099780325619], [-70.9628105893993, -33.010160103301], [-70.9624761412894, -33.0103938877791], [-70.9619810081475, -33.0107330299355], [-70.9615207019858, -33.0107972647664], [-70.9606102268068, -33.0107655240872], [-70.9597901116021, -33.0105151775717], [-70.9590502207347, -33.0102064320734], [-70.9585946629659, -33.0098590231067], [-70.9581139181451, -33.0096034567703], [-70.9576186208937, -33.0093023809784], [-70.9570883436757, -33.0086360064387], [-70.956246594606, -33.0080086964567], [-70.9552727793171, -33.0075548844563], [-70.9539719610417, -33.0070489027826], [-70.9527691024758, -33.0066785963847], [-70.9515286961009, -33.0064574703966], [-70.950548156254, -33.0063238231516], [-70.9498723523335, -33.0064713278454], [-70.9495759849216, -33.0072189614529], [-70.9492728625296, -33.0082868073345], [-70.9491723848009, -33.0093058323179], [-70.9489109526752, -33.0104187736516], [-70.9484562151641, -33.0107458250771], [-70.9480072523018, -33.0107069459139], [-70.9475958476711, -33.0105188692998], [-70.947291098067, -33.0102377036307], [-70.9469155520822, -33.0098204258387], [-70.9467217848453, -33.0090116683849], [-70.9470394939801, -33.0079893292525], [-70.9476173092961, -33.0070659180472], [-70.9479231302144, -33.0061237892079], [-70.948338759336, -33.0052371496553], [-70.9488217643476, -33.0043266179047], [-70.9489537785923, -33.0035128997187], [-70.949051404635, -33.0029969495764], [-70.9490918084909, -33.0023446824453], [-70.9491669952179, -33.0020008710309], [-70.9484234917863, -33.0015201112965], [-70.9479334231732, -33.0014588535407], [-70.946672715854, -33.0015465063836], [-70.9452417244995, -33.0019227479097], [-70.9440863485529, -33.002489333279], [-70.9430676623293, -33.0030996205894], [-70.9428124753202, -33.0038585988244], [-70.9426804235032, -33.0046614894762], [-70.9419659927878, -33.0049010671586]], [[-70.9972579030903, -33.0255398478785], [-70.9976754147627, -33.0255427198462], [-70.9983410549963, -33.0255551338846], [-70.9991952291782, -33.0254959953806], [-71.0002165482487, -33.0256285533536], [-71.0011574233486, -33.0258080907773], [-71.0018818659306, -33.0260253181616], [-71.0027025825295, -33.0262981811251], [-71.0033317581128, -33.0265054664561], [-71.0039483642281, -33.0267586703431], [-71.0042927388356, -33.0269818658747], [-71.0045066473314, -33.0274471651044], [-71.0040514044673, -33.0277401112956], [-71.0036499524336, -33.0280093463532], [-71.0032411987568, -33.0285644714414], [-71.00288723811, -33.0291415952415], [-71.0026645014159, -33.029510894438], [-71.002742162568, -33.0299554807835], [-71.0033877006955, -33.0302882442258], [-71.0040629028227, -33.0307348452653], [-71.0044776781694, -33.0310712371483], [-71.0048942151447, -33.0314876157269], [-71.0052577135245, -33.0319619831058], [-71.0053663081658, -33.0325775414504], [-71.0056136716356, -33.0333280809765], [-71.005625485904, -33.0338651488769], [-71.0057117128623, -33.034080976057], [-71.0060727097409, -33.0345763991907], [-71.0064797416602, -33.0351762619084], [-71.0069175880844, -33.0353295441876], [-71.007608908056, -33.0371145252404], [-71.0080333405146, -33.0378856724757], [-71.0080579896227, -33.0389947890594], [-71.0073544211312, -33.0397149823767], [-71.006407045973, -33.040461869595], [-71.0059362131094, -33.0412699171683], [-71.0061031838709, -33.0419964398356], [-71.0058160748584, -33.0425268008394], [-71.0051058260359, -33.0429609690744], [-71.0047412715317, -33.0430581765334], [-71.0043980873386, -33.0428921314152], [-71.0040415794793, -33.0427377271137], [-71.0037222852295, -33.0424226992211], [-71.0032589384996, -33.0417327200028], [-71.0031151542746, -33.0407519195847], [-71.0030244222803, -33.039713127369], [-71.0030040834605, -33.0387875345702], [-71.0029603600524, -33.038033775971], [-71.0025430428306, -33.0375831139977], [-71.0016724577403, -33.0368995402702], [-71.0009703089271, -33.0364647883595], [-71.0004426445201, -33.035935835648], [-71.0001382520023, -33.0350604328116], [-70.9999165709267, -33.0342408819509], [-70.999493518253, -33.033527376694], [-70.9993495408006, -33.0325351341382], [-70.9994551820561, -33.031779019191], [-70.9988566713926, -33.0311139930288], [-70.9981721566651, -33.0308618342863], [-70.9969124840518, -33.0303900792291], [-70.9960444954596, -33.029820713145], [-70.9950717412523, -33.0288071633413], [-70.9944763525221, -33.027661942759], [-70.993899799603, -33.0267564779084], [-70.9931206368915, -33.0258999061069], [-70.9922731140319, -33.0250215328105], [-70.9911382949557, -33.0240447622962], [-70.990297783549, -33.0234863363521], [-70.9894135655036, -33.0227914078982], [-70.9891755755947, -33.0224636156425], [-70.9891959975613, -33.0221546492957], [-70.9894866601215, -33.0217843059656], [-70.989738341779, -33.0214945906959], [-70.9900739574173, -33.0213178768026], [-70.990532986489, -33.0211963912602], [-70.991104344643, -33.0212446178766], [-70.9918292582089, -33.0214847730596], [-70.9924478263486, -33.0218294686457], [-70.9930163455145, -33.0223692748203], [-70.9936414136044, -33.0230110729525], [-70.9944318782961, -33.0237645875317], [-70.9950991864611, -33.0244742986674], [-70.9955968606849, -33.0248780219261], [-70.9960367401289, -33.0251226118654], [-70.9966405127986, -33.0254103529293], [-70.9972579030903, -33.0255398478785]]]}, "properties": {"COMUNA": "Lampa", "SECTOR": "-", "NOMBRE": "Areas de Preservacion Ecologica", "UPREF": "Conservación", "UPERM": "Actividades que aseguren la permanencia de los valores naturales, tales como científico, cultura, educacional, recreacional, deportivo y turístico, actividad  agrícolas y ganaderas controladas", "UPROH": "Todo uso no mencionado como permitido.", "NORMA": "Titulo 8: Área restringida o excluida al desarrollo urbano; Capitulo 8.3. Áreas de valor natural y/o ie interés silvoagropecuario; Art. 8.3.1. Áreas de Valor Natural; Art. 8.3.1.1. Áreas de Preservación Ecológica", "SUP_HA": 25671.4}}, {"type": "Feature", "geometry": {"type": "Polygon", "coordinates": [[[-70.9681898215366, -33.289674384233], [-70.9681877639515, -33.2894322638325], [-70.9691483348311, -33.2885347549609], [-70.9708557239607, -33.2878294224323], [-70.9729826139836, -33.2870898352406], [-70.9744126832779, -33.2858925724364], [-70.9751404620377, -33.2839951166792], [-70.9753399336616, -33.2829001151335], [-70.9750593150523, -33.2822594021686], [-70.9744920479742, -33.2813309840512], [-70.9743892898928, -33.2801049788844], [-70.9743727904441, -33.2793724065194], [-70.9745639058101, -33.2789183946652], [-70.974805955724, -33.2784751041957], [-70.9753156403419, -33.2780920295547], [-70.9753024748181, -33.2775077240692], [-70.9752953616415, -33.2765704051309], [-70.975883550555, -33.275320340158], [-70.9767946675272, -33.2741037262184], [-70.9785871287266, -33.2722168771482], [-70.9792046942935, -33.2704093813794], [-70.9793707275865, -33.2690777951997], [-70.9792597751927, -33.2685060679463], [-70.9786602506394, -33.2680082988369], [-70.9784603273406, -33.267217422585], [-70.9785618944368, -33.2667526056558], [-70.9788553765603, -33.266102755145], [-70.9792748603064, -33.2651407669945], [-70.9801304972514, -33.2645757060864], [-70.9805955880682, -33.2640830290399], [-70.9808586854252, -33.2633288935555], [-70.9816268111314, -33.2626108203869], [-70.9823909350005, -33.261716344659], [-70.9832090785711, -33.2593810613451], [-70.9837530382645, -33.2575368276829], [-70.9838462210873, -33.254615195], [-70.9846501910889, -33.2530803179999], [-70.9861190752165, -33.2512811404708], [-70.9867958598197, -33.2500583280493], [-70.986900012836, -33.2487319215409], [-70.9874471033764, -33.2477084806311], [-70.9886165141602, -33.2463591268208], [-70.9906148626381, -33.2446845355795], [-70.991645404502, -33.2434360735535], [-70.9927449132238, -33.2416389613051], [-70.9939195793941, -33.2395668675793], [-70.9950941920832, -33.2374947632788], [-70.9958647963868, -33.2355660191511], [-70.9964881014266, -33.2343240549747], [-70.9968142558908, -33.2335737833012], [-70.9970580519727, -33.2325418420802], [-70.9968111525685, -33.2306229973747], [-70.9973102083944, -33.2293860533561], [-70.9976350567867, -33.2288081990828], [-70.9979614724354, -33.2282844276682], [-70.9986301027328, -33.2278137738227], [-70.9993556207096, -33.2269409063174], [-71.0002949599187, -33.2262551553216], [-71.0011717027332, -33.2254197446506], [-71.0019732640146, -33.2248593071707], [-71.0022801627346, -33.2240330617192], [-71.0025776970607, -33.22279631389], [-71.0030442642134, -33.2218306111017], [-71.0030161871785, -33.2205991067147], [-71.0028237551564, -33.2193018070115], [-71.0022290249523, -33.2182163098444], [-71.0022071985156, -33.2172584719943], [-71.002232472702, -33.2147941488031], [-71.0023578455072, -33.2131495195756], [-71.0023235518463, -33.211644344886], [-71.0022172233614, -33.2105509816313], [-71.0016319131511, -33.2098759805026], [-71.001195370466, -33.2085826039682], [-71.0012633995113, -33.2074902666101], [-71.0012944200345, -33.2061731690309], [-71.0006965554452, -33.2045525364654], [-71.0002585004656, -33.2031907362148], [-70.999568534183, -33.2014907719411], [-70.9993793219909, -33.2003302937379], [-70.9992560239907, -33.1988731597601], [-70.9979507696125, -33.1983684176947], [-70.9976066033724, -33.1975526362175], [-70.9978180952633, -33.1961119507627], [-70.9978393797894, -33.194834605654], [-70.9979453873682, -33.1937462503116], [-70.9980719485227, -33.1934015365897], [-70.9981239507795, -33.1928280721526], [-70.9983805542782, -33.1922468011253], [-70.9983613076334, -33.1915617482397], [-70.9981814483285, -33.1900180654466], [-70.997888150068, -33.1892788027819], [-70.9973189005148, -33.1884312416543], [-70.9972897697184, -33.1873991568923], [-70.9960476441126, -33.1868509656547], [-70.9956242374269, -33.1863437373416], [-70.9956127989716, -33.185942619772], [-70.9952720719655, -33.1859480835115], [-70.994146686225, -33.1847081282583], [-70.9941323658264, -33.184194337194], [-70.9935908943165, -33.1825391612512], [-70.9932459690948, -33.182343951368], [-70.9929256137295, -33.1820786629253], [-70.992312357234, -33.1816757270949], [-70.9918621461255, -33.1814618687363], [-70.9913568835055, -33.1813039791519], [-70.9907900340464, -33.1811848343088], [-70.9897809340713, -33.1810540717645], [-70.9885744019574, -33.1810513036064], [-70.9875791082122, -33.1811113147049], [-70.9871577858269, -33.1811660607219], [-70.9866100303317, -33.1811708993717], [-70.9860854243674, -33.181041761077], [-70.9857854637948, -33.180930419457], [-70.9851303704165, -33.1806872542072], [-70.9845218842967, -33.1804543576126], [-70.984066732392, -33.1800425758579], [-70.9839862513862, -33.1796900917286], [-70.983921227763, -33.1794053085285], [-70.9842705127004, -33.1789110149191], [-70.9845737726459, -33.1784729921573], [-70.9849628345135, -33.1779110312018], [-70.9853639074885, -33.177088607317], [-70.9853701848987, -33.1766907937744], [-70.9853984352914, -33.1762940860863], [-70.9853375465186, -33.1759201268536], [-70.9847913366038, -33.1749584311941], [-70.9845894281278, -33.1741456258145], [-70.9844206974524, -33.1736410570963], [-70.9837661710343, -33.172526699454], [-70.983324579217, -33.1722821777873], [-70.9829173363402, -33.1720991317903], [-70.9824007366264, -33.1720906813087], [-70.9817867769415, -33.1720489056123], [-70.981579845448, -33.1720983802846], [-70.9809294171035, -33.17232928223], [-70.9805359474265, -33.172438881471], [-70.9802275456831, -33.1726051088037], [-70.9800375724648, -33.1728024481135], [-70.9798971551916, -33.1730735159767], [-70.97949158431, -33.1736975017306], [-70.9792883004769, -33.1739874468614], [-70.9789469952858, -33.1739708197755], [-70.9785205967919, -33.1736688322022], [-70.978205012949, -33.1736297398608], [-70.9776826728972, -33.1737262607426], [-70.9772869534671, -33.1736222746382], [-70.9766933644399, -33.1728818412385], [-70.9761848672985, -33.1724267652996], [-70.9758361444447, -33.1720794261349], [-70.9751970729809, -33.1716484738606], [-70.9748285718285, -33.1715881572638], [-70.9745995562151, -33.1719005585383], [-70.9745807591672, -33.1722316789184], [-70.9746188446444, -33.1727603894295], [-70.9744684738515, -33.1730715427698], [-70.9741419558993, -33.1732714704566], [-70.9737428307019, -33.1734579847289], [-70.9733278215276, -33.1736630596618], [-70.9726753815354, -33.173805731827], [-70.9716910176967, -33.1743506464], [-70.9709668322952, -33.1748032143049], [-70.970244119884, -33.175321919638], [-70.9696203459453, -33.1755743958426], [-70.9691379573404, -33.1756710227275], [-70.9677819296371, -33.1761101470945], [-70.9664680407094, -33.17658339691], [-70.9661966343858, -33.1767298316481], [-70.965404719968, -33.1771570955831], [-70.9648730548175, -33.1774439412264], [-70.964129070709, -33.1774904923537], [-70.9635451551964, -33.1772908686566], [-70.9630401106425, -33.1769159673403], [-70.9623695708398, -33.1765436742851], [-70.9620074849397, -33.1762237524495], [-70.9619051354485, -33.1761333211008], [-70.9612947393573, -33.1758167717853], [-70.9607326815974, -33.1755252853783], [-70.9600433186613, -33.1753727241007], [-70.9594398380748, -33.1753601729379], [-70.9586587282627, -33.1756150726216], [-70.9583000296731, -33.1759956500461], [-70.9578567918287, -33.1761128990017], [-70.9575110641659, -33.1758977885266], [-70.9570565494852, -33.1755079487894], [-70.9566831394195, -33.1752271070334], [-70.9561494899786, -33.1748164534363], [-70.9554456090479, -33.1741466064146], [-70.95489134612, -33.1736673129764], [-70.9541703906259, -33.1726351565419], [-70.9538118541293, -33.1722948057218], [-70.95341372034, -33.172080505837], [-70.9522993179877, -33.1722468445257], [-70.9509830804016, -33.1726155496296], [-70.9508812334308, -33.1726765269364], [-70.9503432676565, -33.1727546643994], [-70.9491041795537, -33.1728758859734], [-70.9473535375304, -33.1731679500743], [-70.9463126802652, -33.1735371113658], [-70.945728778045, -33.1739766926671], [-70.94466980365, -33.1744892190478], [-70.9433146406925, -33.1751450732736], [-70.9432878428642, -33.1751712219205], [-70.9427351807979, -33.1754235709333], [-70.9420025584477, -33.1755011705738], [-70.9414816186941, -33.1756636829277], [-70.940832506808, -33.1759605225064], [-70.9404212932645, -33.176341869791], [-70.9400401922269, -33.1768552762883], [-70.9398600585408, -33.177056378857], [-70.9397076124527, -33.1772793043615], [-70.9395022430617, -33.1774810008392], [-70.9392721127565, -33.1777492463164], [-70.9391468530355, -33.1780158583537], [-70.9388681698623, -33.1784613001207], [-70.9385360761558, -33.1788634633356], [-70.9381020191864, -33.1793995433152], [-70.9375062758847, -33.1797396449784], [-70.9368500980198, -33.1799453489666], [-70.936233208991, -33.1802887794809], [-70.935825350418, -33.1808244451438], [-70.9355170278511, -33.1811159556217], [-70.9348595895528, -33.1815718645031], [-70.934688336139, -33.1817922926723], [-70.9346730030083, -33.1818850506906], [-70.934686009987, -33.182476558851], [-70.9346116674663, -33.1828605861168], [-70.934449977896, -33.1830371323401], [-70.9339993979094, -33.1832529751868], [-70.9336300457471, -33.1833979414256], [-70.9332637491354, -33.1836820850027], [-70.9328131638659, -33.1838979237415], [-70.9324476277205, -33.1842168592039], [-70.9320054416568, -33.1848154363524], [-70.9317678588484, -33.1853064161769], [-70.9314888927013, -33.1857980378928], [-70.9312513045666, -33.1862890159577], [-70.9310737381446, -33.1864828773252], [-70.9301221642868, -33.1867239280909], [-70.9288442734215, -33.1867706276061], [-70.9283618978711, -33.1866436841879], [-70.9272947885332, -33.1860956508422], [-70.9263667196802, -33.1860562534359], [-70.9249202049751, -33.1857022614677], [-70.9229587917488, -33.1851949066238], [-70.9215099554436, -33.1847333734402], [-70.9199071927244, -33.1845430399018], [-70.9191442229247, -33.1847429983745], [-70.9186991071294, -33.1848573997447], [-70.9177033215077, -33.1846442345908], [-70.916991385716, -33.1842519414952], [-70.9146342285251, -33.183185980359], [-70.9136701384257, -33.1829588531587], [-70.9127101421757, -33.1829198448027], [-70.9115164943487, -33.1824273860232], [-70.9093849202803, -33.1814385100255], [-70.9068513071414, -33.1810740954605], [-70.9058982876233, -33.1811141601228], [-70.9058956114498, -33.1811322634578], [-70.9056480781983, -33.1812074809592], [-70.9054025028368, -33.1813731429921], [-70.9051795701452, -33.1815384579296], [-70.9048104827439, -33.1817536278406], [-70.904317367544, -33.1819945032827], [-70.9039460121846, -33.182235895772], [-70.9033442017819, -33.1826879506025], [-70.9027219032499, -33.1829784138512], [-70.9024094143043, -33.1831927114777], [-70.9021510628071, -33.1835537973296], [-70.9020412368749, -33.1838435655929], [-70.9020539974352, -33.1844338345074], [-70.9021945977251, -33.1853054773764], [-70.9022504888389, -33.1855331904347], [-70.9022221826581, -33.1857955223097], [-70.9022074634443, -33.1861624070574], [-70.9022356658901, -33.1870738618917], [-70.9024033445314, -33.1877569987623], [-70.9024306239264, -33.1886256116026], [-70.902447197626, -33.1891301092113], [-70.9026817903635, -33.1897646041062], [-70.9033414146884, -33.1905425949648], [-70.9036251129427, -33.1908287243533], [-70.9037545083958, -33.1910505494393], [-70.9043991218397, -33.1917882879175], [-70.9046344429027, -33.1919323014599], [-70.9048796441801, -33.1920094979755], [-70.9050906696742, -33.192077694145], [-70.9051635243165, -33.1921824871065], [-70.9051842459108, -33.1922143535854], [-70.9051745059999, -33.1922396658812], [-70.9051861017232, -33.1923000375749], [-70.9051935261234, -33.1926427735036], [-70.9052841226168, -33.1929032850582], [-70.9054229932102, -33.1930392507181], [-70.9056068480358, -33.1931602417502], [-70.9059773324381, -33.1932688498964], [-70.9063706782308, -33.1935175804324], [-70.9066684921703, -33.1936701555516], [-70.9070065573704, -33.1938506850276], [-70.9072026688736, -33.1940143414766], [-70.9076288638513, -33.1943411334626], [-70.9079532367225, -33.1944123483222], [-70.9082853359966, -33.1945786792306], [-70.9085626789412, -33.1948315623411], [-70.9088968586006, -33.1952240455861], [-70.9090657001997, -33.1954357354291], [-70.9092651038971, -33.1954898170238], [-70.9094749018361, -33.1955008830913], [-70.9097860945546, -33.1954865821301], [-70.9105248961129, -33.1953419088741], [-70.910688571226, -33.1953155869595], [-70.9110475404707, -33.1954148324848], [-70.9113345616924, -33.1955913713531], [-70.9116607296875, -33.1960053977104], [-70.9118160832814, -33.1961172940138], [-70.912072625108, -33.1961943016684], [-70.9122286005191, -33.196334758016], [-70.9122768097474, -33.1965982969318], [-70.9124758353957, -33.1968952301697], [-70.9126761759984, -33.1969921483158], [-70.9128579780996, -33.197017923563], [-70.9131530177364, -33.1970419574159], [-70.9136122536663, -33.1970634653299], [-70.913709542099, -33.1971095870677], [-70.9137627786166, -33.1972135274553], [-70.9137206946036, -33.1973617896078], [-70.913633626016, -33.1975250300441], [-70.9136277913431, -33.1977774947507], [-70.9136987747865, -33.1981763927743], [-70.9137829301892, -33.1985298517203], [-70.9139965677922, -33.1987170367601], [-70.9142358612865, -33.1990419184138], [-70.9143744821712, -33.199425489735], [-70.9145976207341, -33.1997887132381], [-70.9147178718615, -33.1998487662332], [-70.9148667451547, -33.1999226631949], [-70.9152007038097, -33.1999127604261], [-70.9152170795257, -33.1998997757534], [-70.9154376819916, -33.1998710173146], [-70.9155631807815, -33.1999119416535], [-70.9156730413303, -33.2000150092813], [-70.9158581568581, -33.2002860912687], [-70.915867659577, -33.2002915036657], [-70.9159126546845, -33.2003541671163], [-70.9160394000786, -33.2004522128454], [-70.9161188771954, -33.2004605119093], [-70.9163168428415, -33.2004479389216], [-70.9163304543103, -33.2004345160188], [-70.9164068147733, -33.2004179829986], [-70.91653158851, -33.2004255840734], [-70.9166357890068, -33.2005287379948], [-70.9166954115564, -33.2006800234529], [-70.9169657941984, -33.2008753081564], [-70.9154938864367, -33.2026935592583], [-70.9146646543591, -33.2033810986291], [-70.9140933504672, -33.2042926256061], [-70.913853947971, -33.2046745889693], [-70.9151257124186, -33.2068736147234], [-70.9166259644738, -33.2095722551789], [-70.9177855774281, -33.2116128160138], [-70.9191200169854, -33.2141881191715], [-70.9208172258823, -33.2178098290831], [-70.9216539544308, -33.2200153587217], [-70.9231107803027, -33.2225771615382], [-70.9237871706775, -33.2236530138607], [-70.9240331620955, -33.2249642538147], [-70.9242809408531, -33.2257265655626], [-70.9243001555209, -33.2266182172297], [-70.9244161652044, -33.2294752146403], [-70.9243839200641, -33.2305048799242], [-70.925633951357, -33.2360885652554], [-70.9258320341722, -33.2370688773913], [-70.9256357941926, -33.238066772507], [-70.9248910630403, -33.239507746008], [-70.9247605009404, -33.2397011828584], [-70.9247674637518, -33.2397068222373], [-70.9253485302519, -33.2405749322044], [-70.9256041138797, -33.2412456707798], [-70.9256753145776, -33.2426614323804], [-70.9260050775334, -33.2448828241741], [-70.9262873232488, -33.246767602388], [-70.9263028665569, -33.2474757926329], [-70.9266774046613, -33.2480772157902], [-70.9272578087851, -33.2489115892008], [-70.9286788521404, -33.2496317152229], [-70.9302649126458, -33.2505516713794], [-70.9309197040164, -33.2511149936598], [-70.9336946778814, -33.2522357068658], [-70.9346230284455, -33.2524574046015], [-70.9362374320497, -33.2528370852535], [-70.9376184722678, -33.2535577296698], [-70.9397391572624, -33.2550427158413], [-70.9412987198136, -33.2565701633149], [-70.9421722367173, -33.2579396383659], [-70.9429617679332, -33.2591417453453], [-70.9440921391397, -33.2603216501257], [-70.9443843335775, -33.2608230984935], [-70.9444007775753, -33.2615650029913], [-70.9445710594439, -33.262000888409], [-70.9450238267072, -33.2624998227943], [-70.945311545281, -33.2627989316066], [-70.9454893142923, -33.2635720448204], [-70.9459488279767, -33.2643744811356], [-70.9461994082263, -33.2648091066835], [-70.9463697049895, -33.2652449897833], [-70.9465422496926, -33.2657820408086], [-70.9467496999161, -33.2660824019863], [-70.9469222488329, -33.2666194522705], [-70.9470524103429, -33.2670559628648], [-70.9474309229186, -33.2678259273736], [-70.9479238810509, -33.268324220048], [-70.94866220493, -33.2690210704443], [-70.948990853342, -33.2693532621363], [-70.949039241896, -33.2697235833245], [-70.9488814502877, -33.2707549605657], [-70.9491789550743, -33.2714924548267], [-70.9495612557044, -33.2724310245501], [-70.9498921703952, -33.2728643810489], [-70.9498640225555, -33.2734045747954], [-70.9496523905654, -33.2747235415739], [-70.9490452774867, -33.2763185875611], [-70.9490914226922, -33.2765877402527], [-70.9493049068717, -33.277157877739], [-70.9493660513051, -33.2781014849955], [-70.9493678965352, -33.2799905875398], [-70.9494380441207, -33.2813388665291], [-70.9498271467775, -33.2825809366725], [-70.9496867990691, -33.2834939694843], [-70.9498564049577, -33.2838961213985], [-70.9504031311727, -33.2850007773259], [-70.9505742445188, -33.2854703733787], [-70.9506650550017, -33.2859412298334], [-70.9503558486682, -33.2864858356547], [-70.9505693684158, -33.2870559689291], [-70.9507851440514, -33.2877272702233], [-70.9512091956453, -33.2887326433911], [-70.9516219926243, -33.2892321758362], [-70.9522272971494, -33.2893576034637], [-70.9525871744428, -33.289284479451], [-70.9532757937559, -33.2895435295038], [-70.9543704648953, -33.2899985958544], [-70.9568773058077, -33.2907350250284], [-70.9583251046978, -33.290813414364], [-70.959484287857, -33.2905589958162], [-70.9606116098927, -33.2906761472319], [-70.9610889263672, -33.2904662077696], [-70.9612525600157, -33.2905985615007], [-70.9623450158424, -33.290952387679], [-70.963145825853, -33.2908385332581], [-70.9638663260094, -33.2907259422569], [-70.96466410732, -33.290477188549], [-70.9658603904896, -33.2900871868307], [-70.9670218093601, -33.2899338657139], [-70.9681898215366, -33.289674384233]]]}, "properties": {"COMUNA": "Lampa", "SECTOR": "Chicauma", "NOMBRE": "Areas de Preservacion Ecologica", "UPREF": "Conservación", "UPERM": "Actividades que aseguren la permanencia de los valores naturales, tales como científico, cultura, educacional, recreacional, deportivo y turístico, actividad  agrícolas y ganaderas controladas", "UPROH": "Todo uso no mencionado como permitido.", "NORMA": "Titulo 8: Área restringida o excluida al desarrollo urbano; Capitulo 8.3. Áreas de valor natural y/o ie interés silvoagropecuario; Art. 8.3.1. Áreas de Valor Natural; Art. 8.3.1.1. Áreas de Preservación Ecológica", "SUP_HA": 7281.9}}, {"type": "Feature", "geometry": {"type": "Polygon", "coordinates": [[[-70.8996114636608, -33.324905883585], [-70.8996128900243, -33.324904291745], [-70.8996172600157, -33.3249035557677], [-70.8997805658907, -33.3246951341383], [-70.9000659489109, -33.3244335604889], [-70.9003280785206, -33.3241594815788], [-70.9005723811344, -33.3237699325911], [-70.9007168630678, -33.323369049612], [-70.9008686840947, -33.3231020785582], [-70.9008665246315, -33.3230822775844], [-70.901036087903, -33.322763324167], [-70.9011871122726, -33.3226889310343], [-70.9014610712764, -33.3225646007814], [-70.9016953166591, -33.3223687959962], [-70.9018718189764, -33.3221498486399], [-70.9019342262733, -33.3219486660855], [-70.9019648924197, -33.3216038072513], [-70.9020923164809, -33.3213215388591], [-70.9024094287324, -33.3209883100255], [-70.9029462289228, -33.3206677320295], [-70.9033810821634, -33.3204848678027], [-70.9035010530908, -33.3202988208041], [-70.9036473699217, -33.3200082525096], [-70.9036074622232, -33.3197085249298], [-70.9036402107225, -33.319459741442], [-70.9037769885751, -33.3191693192104], [-70.9039981998221, -33.3188135291692], [-70.9044099634183, -33.3184468081459], [-70.9046152337134, -33.3182354247495], [-70.9050625704169, -33.3181885178621], [-70.9052427153676, -33.3181376997371], [-70.905485257807, -33.3178856981726], [-70.9056123169532, -33.3175874134147], [-70.905739375278, -33.3172891285441], [-70.9060796895609, -33.3169275033761], [-70.9060859134378, -33.3167752358051], [-70.9059506635078, -33.3166972205405], [-70.9052786014118, -33.3164992983798], [-70.9042519622379, -33.3162267185549], [-70.9036097343374, -33.3160843924281], [-70.9030872993515, -33.3157480102225], [-70.9028540832667, -33.3155513574654], [-70.9027443132775, -33.3153287857448], [-70.9029117858824, -33.3151340018396], [-70.9031293728222, -33.3150505769985], [-70.90365729553, -33.3147621686738], [-70.9043584292076, -33.3145431846136], [-70.9050484546081, -33.314252284023], [-70.9054134095712, -33.3141465722999], [-70.905827759067, -33.3138999431579], [-70.9054151034388, -33.3137861393759], [-70.905222295911, -33.3136929885106], [-70.9048826179416, -33.3134258903904], [-70.9045878352799, -33.3130299589529], [-70.9043006743322, -33.3125458100894], [-70.9041551600804, -33.311995415707], [-70.9038787601378, -33.3115671643084], [-70.9031673805649, -33.3113137678127], [-70.9029596683563, -33.3111928102553], [-70.9028217855713, -33.310554198119], [-70.9026357397721, -33.3103327944869], [-70.9025395146423, -33.3102942233497], [-70.9023489789409, -33.3103051504853], [-70.9022135685306, -33.3102191253303], [-70.9019002892353, -33.3102879950997], [-70.901291581607, -33.3103693963064], [-70.9009139853956, -33.3105513762937], [-70.9007624598478, -33.3106017499681], [-70.9003721985864, -33.3106397577], [-70.8998836279837, -33.3105431150362], [-70.8993680144813, -33.3105189643985], [-70.8987579134476, -33.3105363029461], [-70.8984888356625, -33.3104443071763], [-70.8980089343424, -33.3103074785511], [-70.8978917318522, -33.3101811243562], [-70.8978307009555, -33.3100058578547], [-70.8978840957755, -33.3098288421019], [-70.897983606626, -33.3095790402951], [-70.8980049238391, -33.3092423332947], [-70.8979442405016, -33.3090830791903], [-70.8977604611936, -33.3087455018797], [-70.8977068847753, -33.3084740116392], [-70.8978084768415, -33.3083202869739], [-70.8980317710376, -33.308060584081], [-70.8980477175795, -33.3079161767271], [-70.8980246555782, -33.3077323212131], [-70.8978283978944, -33.3074790296745], [-70.8973845742852, -33.307245538162], [-70.8973299594566, -33.306926008642], [-70.8972288839156, -33.306663253328], [-70.8969972664308, -33.3065386455568], [-70.8966687365913, -33.3063434356875], [-70.8964287994749, -33.3062750175877], [-70.8959863721968, -33.3061055721137], [-70.8958596426074, -33.3059793611645], [-70.8958247981395, -33.305691566258], [-70.8957887397658, -33.3053477260953], [-70.8956500509031, -33.3051095707894], [-70.8954565795077, -33.3049843778571], [-70.8952997938003, -33.3049000236401], [-70.892783196737, -33.3049547843989], [-70.8927848076365, -33.3049219831508], [-70.8926845462085, -33.3049965347094], [-70.8909967880594, -33.305066565638], [-70.890901082723, -33.3056603534601], [-70.8908968538866, -33.3056740043058], [-70.8908951269309, -33.3056887280812], [-70.8903101045693, -33.3079443554536], [-70.8903092482251, -33.3079467266841], [-70.8903090524986, -33.3079483069053], [-70.8896696485562, -33.3102869015826], [-70.8887311307065, -33.3137770510065], [-70.8887307533758, -33.3137780811851], [-70.8887306709569, -33.3137787416516], [-70.8882351613783, -33.3155809577785], [-70.8876826506461, -33.3177417428855], [-70.8876074923884, -33.3184120981363], [-70.8875879920044, -33.3184200850301], [-70.8875612131125, -33.3186755956879], [-70.8875524358949, -33.3187634467823], [-70.8911775955953, -33.320598450411], [-70.8996114636608, -33.324905883585]]]}, "properties": {"COMUNA": "Lampa", "SECTOR": "P. E. D. C. 4 Lampa Alto", "NOMBRE": "Areas de Proteccion Ecologica con Desarrollo Controlado", "UPREF": "Conservación", "UPERM": "Act. silvoagropecuaria y/o agropecuaria, residencial, forestación, reforestación con especies nativas y exóticas, explotación ganadero-pastoral extensiva, equip. de deporte, cientídico, turismo, esparcimiento, salud, culto y áreas v", "UPROH": "Todo uso no mencionado como permitido.", "NORMA": "Titulo 8: Área restringida o excluida al desarrollo urbano; Capitulo 8.3. Áreas de valor natural y/o ie interés silvoagropecuario; Art. 8.3.1. Áreas de Valor Natural; Art. 8.3.1.2. Áreas de Protección Ecológica con Desarrollo Controlado", "SUP_HA": 228.16}}]}