{"type": "FeatureCollection", "features": [{"type": "Feature", "geometry": {"type": "Point", "coordinates": [-70.75346, -33.311033]}, "properties": {"expediente": "VPC-1301-1007", "tipo": "Consuntivo", "naturaleza": "Subterranea", "uso": "Riego", "caudal_ls": 1.3, "unidad_original": "Lt/s", "fuente_agua": "COLINA SUR", "cuenca": "Rio Maipo", "profundidad_m": 0.0, "datum_declarado": "1984", "titular_es_empresa": true, "precision": "según datum declarado"}}, {"type": "Feature", "geometry": {"type": "Point", "coordinates": [-70.753817, -33.26122]}, "properties": {"expediente": "VPC-1301-1012", "tipo": "Consuntivo", "naturaleza": "Subterranea", "uso": "Otros Usos", "caudal_ls": 1.0, "unidad_original": "Lt/s", "fuente_agua": "LAMPA", "cuenca": "Rio Maipo", "profundidad_m": 0.0, "datum_declarado": "1984", "titular_es_empresa": true, "precision": "según datum declarado"}}, {"type": "Feature", "geometry": {"type": "Point", "coordinates": [-70.752294, -33.260205]}, "properties": {"expediente": "VPC-1301-1013", "tipo": "Consuntivo", "naturaleza": "Subterranea", "uso": "Otros Usos", "caudal_ls": 1.188, "unidad_original": "Lt/s", "fuente_agua": "LAMPA", "cuenca": "Rio Maipo", "profundidad_m": 0.0, "datum_declarado": "1984", "titular_es_empresa": true, "precision": "según datum declarado"}}, {"type": "Feature", "geometry": {"type": "Point", "coordinates": [-70.77361, -33.239404]}, "properties": {"expediente": "VPC-1301-937", "tipo": "Consuntivo", "naturaleza": "Subterranea", "uso": "Otros Usos", "caudal_ls": 0.3, "unidad_original": "Lt/s", "fuente_agua": "LAMPA", "cuenca": "Rio Maipo", "profundidad_m": 0.0, "datum_declarado": "1984", "titular_es_empresa": false, "precision": "según datum declarado"}}, {"type": "Feature", "geometry": {"type": "Point", "coordinates": [-70.792395, -33.190156]}, "properties": {"expediente": "VPC-1301-894", "tipo": "Consuntivo", "naturaleza": "Subterranea", "uso": "Bebida/Uso Domestico/Saneamiento", "caudal_ls": 14.666, "unidad_original": "Lt/s", "fuente_agua": "LAMPA", "cuenca": "Rio Maipo", "profundidad_m": 0.0, "datum_declarado": "1984", "titular_es_empresa": true, "precision": "según datum declarado"}}, {"type": "Feature", "geometry": {"type": "Point", "coordinates": [-70.799997, -33.283196]}, "properties": {"expediente": "VPC-1301-993", "tipo": "Consuntivo", "naturaleza": "Subterranea", "uso": "Riego", "caudal_ls": 1.65, "unidad_original": "Lt/s", "fuente_agua": "LAMPA", "cuenca": "Rio Maipo", "profundidad_m": 0.0, "datum_declarado": "1984", "titular_es_empresa": false, "precision": "según datum declarado"}}, {"type": "Feature", "geometry": {"type": "Point", "coordinates": [-70.848582, -33.365088]}, "properties": {"expediente": "VPC-1301-1006", "tipo": "Consuntivo", "naturaleza": "Subterranea", "uso": "Bebida/Uso Domestico/Saneamiento", "caudal_ls": 2.0, "unidad_original": "Lt/s", "fuente_agua": "SANTIAGO NORTE", "cuenca": "Rio Maipo", "profundidad_m": 0.0, "datum_declarado": "1984", "titular_es_empresa": true, "precision": "según datum declarado"}}, {"type": "Feature", "geometry": {"type": "Point", "coordinates": [-70.877724, -33.261719]}, "properties": {"expediente": "VPC-1301-936", "tipo": "Consuntivo", "naturaleza": "Subterranea", "uso": "no declarado", "caudal_ls": 5.0, "unidad_original": "Lt/s", "fuente_agua": "LAMPA", "cuenca": "Rio Maipo", "profundidad_m": 0.0, "datum_declarado": "1984", "titular_es_empresa": false, "precision": "según datum declarado"}}, {"type": "Feature", "geometry": {"type": "Point", "coordinates": [-70.770044, -33.238174]}, "properties": {"expediente": "VPC-1301-747", "tipo": "Consuntivo", "naturaleza": "Subterranea", "uso": "Otros Usos", "caudal_ls": 1.7, "unidad_original": "Lt/s", "fuente_agua": "Lampa", "cuenca": "Rio Maipo", "profundidad_m": 0.0, "datum_declarado": "1984", "titular_es_empresa": false, "precision": "según datum declarado"}}, {"type": "Feature", "geometry": {"type": "Point", "coordinates": [-70.77046, -33.238565]}, "properties": {"expediente": "VPC-1301-746", "tipo": "Consuntivo", "naturaleza": "Subterranea", "uso": "Otros Usos", "caudal_ls": 1.0, "unidad_original": "Lt/s", "fuente_agua": "Lampa", "cuenca": "Rio Maipo", "profundidad_m": 0.0, "datum_declarado": "1984", "titular_es_empresa": true, "precision": "según datum declarado"}}, {"type": "Feature", "geometry": {"type": "Point", "coordinates": [-70.82953, -33.304607]}, "properties": {"expediente": "VPC-1301-926", "tipo": "Consuntivo", "naturaleza": "Subterranea", "uso": "Riego", "caudal_ls": 10.2, "unidad_original": "Lt/s", "fuente_agua": "LAMPA", "cuenca": "Rio Maipo", "profundidad_m": 0.0, "datum_declarado": "1984", "titular_es_empresa": true, "precision": "según datum declarado"}}, {"type": "Feature", "geometry": {"type": "Point", "coordinates": [-70.7952, -33.189917]}, "properties": {"expediente": "VPC-1301-922", "tipo": "Consuntivo", "naturaleza": "Subterranea", "uso": "Riego", "caudal_ls": 5.0, "unidad_original": "Lt/s", "fuente_agua": "LAMPA", "cuenca": "Rio Maipo", "profundidad_m": 0.0, "datum_declarado": "1984", "titular_es_empresa": true, "precision": "según datum declarado"}}, {"type": "Feature", "geometry": {"type": "Point", "coordinates": [-70.744121, -33.312932]}, "properties": {"expediente": "VPC-1301-741", "tipo": "Consuntivo", "naturaleza": "Subterranea", "uso": "Otros Usos", "caudal_ls": 2.0, "unidad_original": "Lt/s", "fuente_agua": "Colina Sur", "cuenca": "Rio Maipo", "profundidad_m": 0.0, "datum_declarado": "1984", "titular_es_empresa": true, "precision": "según datum declarado"}}, {"type": "Feature", "geometry": {"type": "Point", "coordinates": [-70.913147, -33.228218]}, "properties": {"expediente": "VPC-1301-855", "tipo": "Consuntivo", "naturaleza": "Subterranea", "uso": "Otros Usos", "caudal_ls": 32.25, "unidad_original": "Lt/s", "fuente_agua": "LAMPA", "cuenca": "Rio Maipo", "profundidad_m": 0.0, "datum_declarado": "1984", "titular_es_empresa": false, "precision": "según datum declarado"}}, {"type": "Feature", "geometry": {"type": "Point", "coordinates": [-70.783298, -33.237128]}, "properties": {"expediente": "VPC-1301-884", "tipo": "Consuntivo", "naturaleza": "Subterranea", "uso": "Otros Usos", "caudal_ls": 1.267, "unidad_original": "Lt/s", "fuente_agua": "LAMPA", "cuenca": "Rio Maipo", "profundidad_m": 0.0, "datum_declarado": "1984", "titular_es_empresa": false, "precision": "según datum declarado"}}, {"type": "Feature", "geometry": {"type": "Point", "coordinates": [-70.801479, -33.278512]}, "properties": {"expediente": "VPC-1301-897", "tipo": "Consuntivo", "naturaleza": "Subterranea", "uso": "Otros Usos", "caudal_ls": 2.5, "unidad_original": "Lt/s", "fuente_agua": "LAMPA", "cuenca": "Rio Maipo", "profundidad_m": 0.0, "datum_declarado": "1984", "titular_es_empresa": true, "precision": "según datum declarado"}}, {"type": "Feature", "geometry": {"type": "Point", "coordinates": [-70.81026, -33.279512]}, "properties": {"expediente": "VPC-1301-898", "tipo": "Consuntivo", "naturaleza": "Subterranea", "uso": "Bebida/Uso Domestico/Saneamiento", "caudal_ls": 0.5, "unidad_original": "Lt/s", "fuente_agua": "LAMPA", "cuenca": "Rio Maipo", "profundidad_m": 0.0, "datum_declarado": "1984", "titular_es_empresa": true, "precision": "según datum declarado"}}, {"type": "Feature", "geometry": {"type": "Point", "coordinates": [-70.782434, -33.236888]}, "properties": {"expediente": "VPC-1301-789", "tipo": "Consuntivo", "naturaleza": "Subterranea", "uso": "Riego", "caudal_ls": 1.267, "unidad_original": "Lt/s", "fuente_agua": "LAMPA", "cuenca": "Rio Maipo", "profundidad_m": 0.0, "datum_declarado": "1984", "titular_es_empresa": false, "precision": "según datum declarado"}}, {"type": "Feature", "geometry": {"type": "Point", "coordinates": [-70.783227, -33.238392]}, "properties": {"expediente": "VPC-1301-882", "tipo": "Consuntivo", "naturaleza": "Subterranea", "uso": "Otros Usos", "caudal_ls": 1.267, "unidad_original": "Lt/s", "fuente_agua": "Lampa", "cuenca": "Rio Maipo", "profundidad_m": 0.0, "datum_declarado": "1984", "titular_es_empresa": false, "precision": "según datum declarado"}}, {"type": "Feature", "geometry": {"type": "Point", "coordinates": [-70.779961, -33.308555]}, "properties": {"expediente": "VPC-1301-891", "tipo": "Consuntivo", "naturaleza": "Subterranea", "uso": "Otros Usos", "caudal_ls": 2.0, "unidad_original": "Lt/s", "fuente_agua": "COLINA SUR", "cuenca": "Rio Maipo", "profundidad_m": 0.0, "datum_declarado": "1984", "titular_es_empresa": true, "precision": "según datum declarado"}}, {"type": "Feature", "geometry": {"type": "Point", "coordinates": [-70.76055, -33.280632]}, "properties": {"expediente": "VF-1301-7", "tipo": "Consuntivo", "naturaleza": "Subterranea", "uso": "Riego", "caudal_ls": 4.1, "unidad_original": "Lt/s", "fuente_agua": "Colina Sur", "cuenca": "Rio Maipo", "profundidad_m": 50.0, "datum_declarado": "1984", "titular_es_empresa": true, "precision": "según datum declarado"}}, {"type": "Feature", "geometry": {"type": "Point", "coordinates": [-70.761528, -33.279608]}, "properties": {"expediente": "VF-1301-8", "tipo": "Consuntivo", "naturaleza": "Subterranea", "uso": "Riego", "caudal_ls": 4.0, "unidad_original": "Lt/s", "fuente_agua": "Colina Sur", "cuenca": "Rio Maipo", "profundidad_m": 12.0, "datum_declarado": "1984", "titular_es_empresa": true, "precision": "según datum declarado"}}, {"type": "Feature", "geometry": {"type": "Point", "coordinates": [-70.760069, -33.28072]}, "properties": {"expediente": "VF-1301-9", "tipo": "Consuntivo", "naturaleza": "Subterranea", "uso": "Riego", "caudal_ls": 1.8, "unidad_original": "Lt/s", "fuente_agua": "Colina Sur", "cuenca": "Rio Maipo", "profundidad_m": 50.0, "datum_declarado": "1984", "titular_es_empresa": true, "precision": "según datum declarado"}}, {"type": "Feature", "geometry": {"type": "Point", "coordinates": [-70.907806, -33.246061]}, "properties": {"expediente": "UA-1301-812980", "tipo": "Consuntivo", "naturaleza": "Subterranea", "uso": "Riego", "caudal_ls": 2.0, "unidad_original": "Lt/s", "fuente_agua": "Lampa", "cuenca": "Rio Maipo", "profundidad_m": null, "datum_declarado": "1956", "titular_es_empresa": true, "precision": "según datum declarado"}}, {"type": "Feature", "geometry": {"type": "Point", "coordinates": [-70.828725, -33.300993]}, "properties": {"expediente": "VPC-1301-712", "tipo": "Consuntivo", "naturaleza": "Subterranea", "uso": "Riego", "caudal_ls": 11.56, "unidad_original": "Lt/s", "fuente_agua": "Lampa", "cuenca": "Rio Maipo", "profundidad_m": null, "datum_declarado": "1984", "titular_es_empresa": true, "precision": "según datum declarado"}}, {"type": "Feature", "geometry": {"type": "Point", "coordinates": [-70.80385, -33.336338]}, "properties": {"expediente": "VPC-1301-737", "tipo": "Consuntivo", "naturaleza": "Subterranea", "uso": "Riego", "caudal_ls": 50.0, "unidad_original": "Lt/s", "fuente_agua": "Colina Sur", "cuenca": "Rio Maipo", "profundidad_m": 0.0, "datum_declarado": "1984", "titular_es_empresa": true, "precision": "según datum declarado"}}, {"type": "Feature", "geometry": {"type": "Point", "coordinates": [-70.893073, -33.339185]}, "properties": {"expediente": "VPC-1301-793", "tipo": "Consuntivo", "naturaleza": "Subterranea", "uso": "Riego", "caudal_ls": 40.0, "unidad_original": "Lt/s", "fuente_agua": "Santiago Norte", "cuenca": "Rio Maipo", "profundidad_m": 0.0, "datum_declarado": "1984", "titular_es_empresa": true, "precision": "según datum declarado"}}, {"type": "Feature", "geometry": {"type": "Point", "coordinates": [-70.7459, -33.275536]}, "properties": {"expediente": "VPC-1301-799", "tipo": "Consuntivo", "naturaleza": "Subterranea", "uso": "Otros Usos", "caudal_ls": 1.0, "unidad_original": "Lt/s", "fuente_agua": "Colina Sur", "cuenca": "Rio Maipo", "profundidad_m": 0.0, "datum_declarado": "1984", "titular_es_empresa": true, "precision": "según datum declarado"}}, {"type": "Feature", "geometry": {"type": "Point", "coordinates": [-70.893073, -33.339185]}, "properties": {"expediente": "VPC-1301-800", "tipo": "Consuntivo", "naturaleza": "Subterranea", "uso": "Riego", "caudal_ls": 55.0, "unidad_original": "Lt/s", "fuente_agua": "Santiago Norte", "cuenca": "Rio Maipo", "profundidad_m": 0.0, "datum_declarado": "1984", "titular_es_empresa": true, "precision": "según datum declarado"}}, {"type": "Feature", "geometry": {"type": "Point", "coordinates": [-70.704532, -33.273287]}, "properties": {"expediente": "VPC-1301-653", "tipo": "Consuntivo", "naturaleza": "Subterranea", "uso": "Riego", "caudal_ls": 3.5, "unidad_original": "Lt/s", "fuente_agua": "Colina Sur", "cuenca": "Rio Maipo", "profundidad_m": 0.0, "datum_declarado": "1984", "titular_es_empresa": true, "precision": "según datum declarado"}}, {"type": "Feature", "geometry": {"type": "Point", "coordinates": [-70.776443, -33.329474]}, "properties": {"expediente": "VPC-1301-734", "tipo": "Consuntivo", "naturaleza": "Subterranea", "uso": "Bebida/Uso Domestico/Saneamiento", "caudal_ls": 75.0, "unidad_original": "Lt/s", "fuente_agua": "Colina Sur", "cuenca": "Rio Maipo", "profundidad_m": 0.0, "datum_declarado": "1984", "titular_es_empresa": true, "precision": "según datum declarado"}}, {"type": "Feature", "geometry": {"type": "Point", "coordinates": [-70.907806, -33.246061]}, "properties": {"expediente": "UA-1301-812978", "tipo": "Consuntivo", "naturaleza": "Subterranea", "uso": "Riego", "caudal_ls": 1.01, "unidad_original": "Lt/s", "fuente_agua": "Lampa", "cuenca": "Rio Maipo", "profundidad_m": null, "datum_declarado": "1956", "titular_es_empresa": false, "precision": "según datum declarado"}}, {"type": "Feature", "geometry": {"type": "Point", "coordinates": [-70.907806, -33.246061]}, "properties": {"expediente": "UA-1301-812979", "tipo": "Consuntivo", "naturaleza": "Subterranea", "uso": "Riego", "caudal_ls": 0.64, "unidad_original": "Lt/s", "fuente_agua": "Lampa", "cuenca": "Rio Maipo", "profundidad_m": null, "datum_declarado": "1956", "titular_es_empresa": false, "precision": "según datum declarado"}}, {"type": "Feature", "geometry": {"type": "Point", "coordinates": [-70.911772, -33.245843]}, "properties": {"expediente": "VPC-1301-800140", "tipo": "Consuntivo", "naturaleza": "Subterranea", "uso": "no declarado", "caudal_ls": 2.0, "unidad_original": "Lt/s", "fuente_agua": "Lampa", "cuenca": "Rio Maipo", "profundidad_m": null, "datum_declarado": "1969", "titular_es_empresa": true, "precision": "según datum declarado"}}, {"type": "Feature", "geometry": {"type": "Point", "coordinates": [-70.759156, -33.286568]}, "properties": {"expediente": "VPC-1301-877", "tipo": "Consuntivo", "naturaleza": "Subterranea", "uso": "Bebida/Uso Domestico/Saneamiento", "caudal_ls": 4.0, "unidad_original": "Lt/s", "fuente_agua": "Colina Sur", "cuenca": "Rio Maipo", "profundidad_m": 0.0, "datum_declarado": "1984", "titular_es_empresa": true, "precision": "según datum declarado"}}, {"type": "Feature", "geometry": {"type": "Point", "coordinates": [-70.883244, -33.256838]}, "properties": {"expediente": "VPC-1301-886", "tipo": "Consuntivo", "naturaleza": "Subterranea", "uso": "Riego", "caudal_ls": 18.0, "unidad_original": "Lt/s", "fuente_agua": "Lampa", "cuenca": "Rio Maipo", "profundidad_m": 0.0, "datum_declarado": "1984", "titular_es_empresa": true, "precision": "según datum declarado"}}, {"type": "Feature", "geometry": {"type": "Point", "coordinates": [-70.776328, -33.337033]}, "properties": {"expediente": "VPC-1301-873", "tipo": "Consuntivo", "naturaleza": "Subterranea", "uso": "Otros Usos", "caudal_ls": 9.6, "unidad_original": "Lt/s", "fuente_agua": "Colina Sur", "cuenca": "Rio Maipo", "profundidad_m": 0.0, "datum_declarado": "1984", "titular_es_empresa": true, "precision": "según datum declarado"}}, {"type": "Feature", "geometry": {"type": "Point", "coordinates": [-70.775306, -33.307287]}, "properties": {"expediente": "VPC-1301-885", "tipo": "Consuntivo", "naturaleza": "Subterranea", "uso": "Uso Industrial", "caudal_ls": 1.0, "unidad_original": "Lt/s", "fuente_agua": "Colina Sur", "cuenca": "Rio Maipo", "profundidad_m": 0.0, "datum_declarado": "1984", "titular_es_empresa": false, "precision": "según datum declarado"}}, {"type": "Feature", "geometry": {"type": "Point", "coordinates": [-70.911289, -33.219752]}, "properties": {"expediente": "VPC-1301-852", "tipo": "Consuntivo", "naturaleza": "Subterranea", "uso": "Riego", "caudal_ls": 18.0, "unidad_original": "Lt/s", "fuente_agua": "Lampa", "cuenca": "Rio Maipo", "profundidad_m": 0.0, "datum_declarado": "1984", "titular_es_empresa": false, "precision": "según datum declarado"}}, {"type": "Feature", "geometry": {"type": "Point", "coordinates": [-70.746378, -33.330599]}, "properties": {"expediente": "NR-1301-800235", "tipo": "Consuntivo", "naturaleza": "Subterranea", "uso": "Riego", "caudal_ls": 1.0, "unidad_original": "Lt/s", "fuente_agua": "Colina Sur", "cuenca": "Rio Maipo", "profundidad_m": 0.0, "datum_declarado": "1956", "titular_es_empresa": false, "precision": "según datum declarado"}}, {"type": "Feature", "geometry": {"type": "Point", "coordinates": [-70.914467, -33.219883]}, "properties": {"expediente": "VPC-1301-853", "tipo": "Consuntivo", "naturaleza": "Subterranea", "uso": "Riego", "caudal_ls": 18.0, "unidad_original": "Lt/s", "fuente_agua": "Lampa", "cuenca": "Rio Maipo", "profundidad_m": 0.0, "datum_declarado": "1984", "titular_es_empresa": false, "precision": "según datum declarado"}}, {"type": "Feature", "geometry": {"type": "Point", "coordinates": [-70.915138, -33.220612]}, "properties": {"expediente": "VPC-1301-854", "tipo": "Consuntivo", "naturaleza": "Subterranea", "uso": "Riego", "caudal_ls": 16.0, "unidad_original": "Lt/s", "fuente_agua": "Lampa", "cuenca": "Rio Maipo", "profundidad_m": 0.0, "datum_declarado": "1984", "titular_es_empresa": false, "precision": "según datum declarado"}}, {"type": "Feature", "geometry": {"type": "Point", "coordinates": [-70.746378, -33.330599]}, "properties": {"expediente": "NR-1301-800245", "tipo": "Consuntivo", "naturaleza": "Subterranea", "uso": "Riego", "caudal_ls": 1.0, "unidad_original": "Lt/s", "fuente_agua": "Colina Sur", "cuenca": "Rio Maipo", "profundidad_m": 0.0, "datum_declarado": "1956", "titular_es_empresa": true, "precision": "según datum declarado"}}, {"type": "Feature", "geometry": {"type": "Point", "coordinates": [-70.889054, -33.272955]}, "properties": {"expediente": "VPC-1301-671", "tipo": "Consuntivo", "naturaleza": "Subterranea", "uso": "Bebida/Uso Domestico/Saneamiento", "caudal_ls": 3.65, "unidad_original": "Lt/s", "fuente_agua": "Lampa", "cuenca": "Rio Maipo", "profundidad_m": 0.0, "datum_declarado": "1984", "titular_es_empresa": true, "precision": "según datum declarado"}}, {"type": "Feature", "geometry": {"type": "Point", "coordinates": [-70.759483, -33.325846]}, "properties": {"expediente": "VPC-1301-768", "tipo": "Consuntivo", "naturaleza": "Subterranea", "uso": "Riego", "caudal_ls": 10.0, "unidad_original": "Lt/s", "fuente_agua": "Colina Sur", "cuenca": "Rio Maipo", "profundidad_m": 0.0, "datum_declarado": "1984", "titular_es_empresa": true, "precision": "según datum declarado"}}, {"type": "Feature", "geometry": {"type": "Point", "coordinates": [-70.858406, -33.290786]}, "properties": {"expediente": "VPC-1301-840", "tipo": "Consuntivo", "naturaleza": "Subterranea", "uso": "Bebida/Uso Domestico/Saneamiento", "caudal_ls": 13.0, "unidad_original": "Lt/s", "fuente_agua": "Lampa", "cuenca": "Rio Maipo", "profundidad_m": 0.0, "datum_declarado": "1984", "titular_es_empresa": true, "precision": "según datum declarado"}}, {"type": "Feature", "geometry": {"type": "Point", "coordinates": [-70.808174, -33.325661]}, "properties": {"expediente": "NR-1301-800228", "tipo": "Consuntivo", "naturaleza": "Subterranea", "uso": "no declarado", "caudal_ls": 1.0, "unidad_original": "Lt/s", "fuente_agua": "Santiago Norte", "cuenca": "Rio Maipo", "profundidad_m": 0.0, "datum_declarado": null, "titular_es_empresa": true, "precision": "±300 m: datum no declarado en la fuente"}}, {"type": "Feature", "geometry": {"type": "Point", "coordinates": [-70.762132, -33.328298]}, "properties": {"expediente": "VPC-1301-730", "tipo": "Consuntivo", "naturaleza": "Subterranea", "uso": "Bebida/Uso Domestico/Saneamiento", "caudal_ls": 99.08, "unidad_original": "Lt/s", "fuente_agua": "Colina Sur", "cuenca": "Rio Maipo", "profundidad_m": 0.0, "datum_declarado": "1984", "titular_es_empresa": true, "precision": "según datum declarado"}}, {"type": "Feature", "geometry": {"type": "Point", "coordinates": [-70.888842, -33.272589]}, "properties": {"expediente": "VPC-1301-668", "tipo": "Consuntivo", "naturaleza": "Subterranea", "uso": "Bebida/Uso Domestico/Saneamiento", "caudal_ls": 1.5, "unidad_original": "Lt/s", "fuente_agua": "Lampa", "cuenca": "Rio Maipo", "profundidad_m": 0.0, "datum_declarado": "1984", "titular_es_empresa": true, "precision": "según datum declarado"}}, {"type": "Feature", "geometry": {"type": "Point", "coordinates": [-70.783076, -33.237844]}, "properties": {"expediente": "VPC-1301-800081", "tipo": "Consuntivo", "naturaleza": "Subterranea", "uso": "Otros Usos", "caudal_ls": 1.0, "unidad_original": "Lt/s", "fuente_agua": "Lampa", "cuenca": "Rio Maipo", "profundidad_m": null, "datum_declarado": "1984", "titular_es_empresa": false, "precision": "según datum declarado"}}, {"type": "Feature", "geometry": {"type": "Point", "coordinates": [-70.890806, -33.336199]}, "properties": {"expediente": "VPC-1301-693", "tipo": "Consuntivo", "naturaleza": "Subterranea", "uso": "Riego", "caudal_ls": 28.0, "unidad_original": "Lt/s", "fuente_agua": "Santiago Norte", "cuenca": "Rio Maipo", "profundidad_m": 0.0, "datum_declarado": "1984", "titular_es_empresa": true, "precision": "según datum declarado"}}, {"type": "Feature", "geometry": {"type": "Point", "coordinates": [-70.890929, -33.334447]}, "properties": {"expediente": "VPC-1301-694", "tipo": "Consuntivo", "naturaleza": "Subterranea", "uso": "Riego", "caudal_ls": 2.0, "unidad_original": "Lt/s", "fuente_agua": "Santiago Norte", "cuenca": "Rio Maipo", "profundidad_m": 0.0, "datum_declarado": "1984", "titular_es_empresa": true, "precision": "según datum declarado"}}, {"type": "Feature", "geometry": {"type": "Point", "coordinates": [-70.89113, -33.332307]}, "properties": {"expediente": "VPC-1301-695", "tipo": "Consuntivo", "naturaleza": "Subterranea", "uso": "Riego", "caudal_ls": 6.0, "unidad_original": "Lt/s", "fuente_agua": "Santiago Norte", "cuenca": "Rio Maipo", "profundidad_m": 0.0, "datum_declarado": "1984", "titular_es_empresa": true, "precision": "según datum declarado"}}, {"type": "Feature", "geometry": {"type": "Point", "coordinates": [-70.893259, -33.332428]}, "properties": {"expediente": "VPC-1301-696", "tipo": "Consuntivo", "naturaleza": "Subterranea", "uso": "Riego", "caudal_ls": 12.0, "unidad_original": "Lt/s", "fuente_agua": "Santiago Norte", "cuenca": "Rio Maipo", "profundidad_m": 0.0, "datum_declarado": "1984", "titular_es_empresa": true, "precision": "según datum declarado"}}, {"type": "Feature", "geometry": {"type": "Point", "coordinates": [-70.756158, -33.243034]}, "properties": {"expediente": "VPC-1301-713", "tipo": "Consuntivo", "naturaleza": "Subterranea", "uso": "Riego", "caudal_ls": 15.6, "unidad_original": "Lt/s", "fuente_agua": "Lampa", "cuenca": "Rio Maipo", "profundidad_m": 0.0, "datum_declarado": "1984", "titular_es_empresa": true, "precision": "según datum declarado"}}, {"type": "Feature", "geometry": {"type": "Point", "coordinates": [-70.889054, -33.272955]}, "properties": {"expediente": "VPC-1301-838", "tipo": "Consuntivo", "naturaleza": "Subterranea", "uso": "Bebida/Uso Domestico/Saneamiento", "caudal_ls": 8.94, "unidad_original": "Lt/s", "fuente_agua": "Lampa", "cuenca": "Rio Maipo", "profundidad_m": 0.0, "datum_declarado": "1984", "titular_es_empresa": true, "precision": "según datum declarado"}}, {"type": "Feature", "geometry": {"type": "Point", "coordinates": [-70.776635, -33.332032]}, "properties": {"expediente": "VPC-1301-724", "tipo": "Consuntivo", "naturaleza": "Subterranea", "uso": "Bebida/Uso Domestico/Saneamiento", "caudal_ls": 70.0, "unidad_original": "Lt/s", "fuente_agua": "Colina Sur", "cuenca": "Rio Maipo", "profundidad_m": 0.0, "datum_declarado": "1984", "titular_es_empresa": true, "precision": "según datum declarado"}}, {"type": "Feature", "geometry": {"type": "Point", "coordinates": [-70.889054, -33.272955]}, "properties": {"expediente": "VPC-1301-686", "tipo": "Consuntivo", "naturaleza": "Subterranea", "uso": "Bebida/Uso Domestico/Saneamiento", "caudal_ls": 3.65, "unidad_original": "Lt/s", "fuente_agua": "Lampa", "cuenca": "Rio Maipo", "profundidad_m": 0.0, "datum_declarado": "1984", "titular_es_empresa": true, "precision": "según datum declarado"}}, {"type": "Feature", "geometry": {"type": "Point", "coordinates": [-70.781902, -33.237112]}, "properties": {"expediente": "VPC-1301-736", "tipo": "Consuntivo", "naturaleza": "Subterranea", "uso": "Otros Usos", "caudal_ls": 0.267, "unidad_original": "Lt/s", "fuente_agua": "Lampa", "cuenca": "Rio Maipo", "profundidad_m": 0.0, "datum_declarado": "1984", "titular_es_empresa": false, "precision": "según datum declarado"}}, {"type": "Feature", "geometry": {"type": "Point", "coordinates": [-70.858051, -33.289745]}, "properties": {"expediente": "VPC-1301-752", "tipo": "Consuntivo", "naturaleza": "Subterranea", "uso": "Bebida/Uso Domestico/Saneamiento", "caudal_ls": 19.06, "unidad_original": "Lt/s", "fuente_agua": "Lampa", "cuenca": "Rio Maipo", "profundidad_m": 0.0, "datum_declarado": "1984", "titular_es_empresa": true, "precision": "según datum declarado"}}, {"type": "Feature", "geometry": {"type": "Point", "coordinates": [-70.839709, -33.369882]}, "properties": {"expediente": "VPC-1301-800100", "tipo": "Consuntivo", "naturaleza": "Subterranea", "uso": "no declarado", "caudal_ls": 5.0, "unidad_original": "Lt/s", "fuente_agua": "Santiago Norte", "cuenca": "Rio Maipo", "profundidad_m": null, "datum_declarado": "1984", "titular_es_empresa": true, "precision": "según datum declarado"}}, {"type": "Feature", "geometry": {"type": "Point", "coordinates": [-70.838106, -33.349877]}, "properties": {"expediente": "VPC-1301-800088", "tipo": "Consuntivo", "naturaleza": "Subterranea", "uso": "Otros Usos", "caudal_ls": 3.0, "unidad_original": "Lt/s", "fuente_agua": "Arroyo sin Nombre", "cuenca": "Rio Maipo", "profundidad_m": null, "datum_declarado": "1984", "titular_es_empresa": true, "precision": "según datum declarado"}}, {"type": "Feature", "geometry": {"type": "Point", "coordinates": [-70.843411, -33.355822]}, "properties": {"expediente": "VPC-1301-800075", "tipo": "Consuntivo", "naturaleza": "Subterranea", "uso": "Otros Usos", "caudal_ls": 2.5, "unidad_original": "Lt/s", "fuente_agua": "Santiago Norte", "cuenca": "Rio Maipo", "profundidad_m": null, "datum_declarado": "1984", "titular_es_empresa": true, "precision": "según datum declarado"}}, {"type": "Feature", "geometry": {"type": "Point", "coordinates": [-70.735367, -33.299356]}, "properties": {"expediente": "VPC-1301-800089", "tipo": "Consuntivo", "naturaleza": "Subterranea", "uso": "Otros Usos", "caudal_ls": 3.0, "unidad_original": "Lt/s", "fuente_agua": "Colina Sur", "cuenca": "Rio Maipo", "profundidad_m": null, "datum_declarado": "1984", "titular_es_empresa": true, "precision": "según datum declarado"}}, {"type": "Feature", "geometry": {"type": "Point", "coordinates": [-70.744778, -33.285873]}, "properties": {"expediente": "ND-1301-801144", "tipo": "Consuntivo", "naturaleza": "Subterranea", "uso": "Riego", "caudal_ls": 2.0, "unidad_original": "Lt/s", "fuente_agua": "Colina Sur", "cuenca": "Rio Maipo", "profundidad_m": 0.0, "datum_declarado": "1956", "titular_es_empresa": false, "precision": "según datum declarado"}}, {"type": "Feature", "geometry": {"type": "Point", "coordinates": [-70.91399, -33.235821]}, "properties": {"expediente": "VPC-1301-800072", "tipo": "Consuntivo", "naturaleza": "Subterranea", "uso": "no declarado", "caudal_ls": 7.25, "unidad_original": "Lt/s", "fuente_agua": "Lampa", "cuenca": "Rio Maipo", "profundidad_m": null, "datum_declarado": "1956", "titular_es_empresa": false, "precision": "según datum declarado"}}, {"type": "Feature", "geometry": {"type": "Point", "coordinates": [-70.738524, -33.292174]}, "properties": {"expediente": "ND-1301-801004", "tipo": "Consuntivo", "naturaleza": "Subterranea", "uso": "Riego", "caudal_ls": 0.6, "unidad_original": "Lt/s", "fuente_agua": "Colina Sur", "cuenca": "Rio Maipo", "profundidad_m": 0.0, "datum_declarado": "1956", "titular_es_empresa": true, "precision": "según datum declarado"}}, {"type": "Feature", "geometry": {"type": "Point", "coordinates": [-70.838665, -33.362124]}, "properties": {"expediente": "VPC-1301-725", "tipo": "Consuntivo", "naturaleza": "Subterranea", "uso": "Otros Usos", "caudal_ls": 1.0, "unidad_original": "Lt/s", "fuente_agua": "Santiago Norte", "cuenca": "Rio Maipo", "profundidad_m": 0.0, "datum_declarado": "1984", "titular_es_empresa": true, "precision": "según datum declarado"}}, {"type": "Feature", "geometry": {"type": "Point", "coordinates": [-70.760402, -33.221871]}, "properties": {"expediente": "VPC-1301-733", "tipo": "Consuntivo", "naturaleza": "Subterranea", "uso": "Otros Usos", "caudal_ls": 3.0, "unidad_original": "Lt/s", "fuente_agua": "Lampa", "cuenca": "Rio Maipo", "profundidad_m": 0.0, "datum_declarado": "1984", "titular_es_empresa": false, "precision": "según datum declarado"}}, {"type": "Feature", "geometry": {"type": "Point", "coordinates": [-70.911772, -33.245843]}, "properties": {"expediente": "VPC-1301-800103", "tipo": "Consuntivo", "naturaleza": "Subterranea", "uso": "no declarado", "caudal_ls": 14.7, "unidad_original": "Lt/s", "fuente_agua": "Lampa", "cuenca": "Rio Maipo", "profundidad_m": null, "datum_declarado": "1969", "titular_es_empresa": true, "precision": "según datum declarado"}}, {"type": "Feature", "geometry": {"type": "Point", "coordinates": [-70.916836, -33.233049]}, "properties": {"expediente": "VPC-1301-800104", "tipo": "Consuntivo", "naturaleza": "Subterranea", "uso": "Otros Usos", "caudal_ls": 40.0, "unidad_original": "Lt/s", "fuente_agua": "Lampa", "cuenca": "Rio Maipo", "profundidad_m": null, "datum_declarado": "1984", "titular_es_empresa": true, "precision": "según datum declarado"}}, {"type": "Feature", "geometry": {"type": "Point", "coordinates": [-70.746378, -33.330599]}, "properties": {"expediente": "NR-1301-800236", "tipo": "Consuntivo", "naturaleza": "Subterranea", "uso": "Riego", "caudal_ls": 8.0, "unidad_original": "Lt/s", "fuente_agua": "Colina Sur", "cuenca": "Rio Maipo", "profundidad_m": 0.0, "datum_declarado": "1956", "titular_es_empresa": true, "precision": "según datum declarado"}}, {"type": "Feature", "geometry": {"type": "Point", "coordinates": [-70.725538, -33.312326]}, "properties": {"expediente": "VPC-1301-699", "tipo": "Consuntivo", "naturaleza": "Subterranea", "uso": "Otros Usos", "caudal_ls": 0.193, "unidad_original": "Lt/s", "fuente_agua": "Lampa", "cuenca": "Rio Maipo", "profundidad_m": 0.0, "datum_declarado": "1984", "titular_es_empresa": true, "precision": "según datum declarado"}}, {"type": "Feature", "geometry": {"type": "Point", "coordinates": [-70.834273, -33.352044]}, "properties": {"expediente": "VPC-1301-800082", "tipo": "Consuntivo", "naturaleza": "Subterranea", "uso": "no declarado", "caudal_ls": 2.0, "unidad_original": "Lt/s", "fuente_agua": "Acuífero", "cuenca": "Rio Maipo", "profundidad_m": null, "datum_declarado": "1984", "titular_es_empresa": true, "precision": "según datum declarado"}}, {"type": "Feature", "geometry": {"type": "Point", "coordinates": [-70.791321, -33.213764]}, "properties": {"expediente": "VPC-1301-800092", "tipo": "Consuntivo", "naturaleza": "Subterranea", "uso": "Otros Usos", "caudal_ls": 3.0, "unidad_original": "Lt/s", "fuente_agua": "Lampa", "cuenca": "Rio Maipo", "profundidad_m": null, "datum_declarado": "1984", "titular_es_empresa": true, "precision": "según datum declarado"}}, {"type": "Feature", "geometry": {"type": "Point", "coordinates": [-70.858051, -33.289745]}, "properties": {"expediente": "VPC-1301-611", "tipo": "Consuntivo", "naturaleza": "Subterranea", "uso": "Otros Usos", "caudal_ls": 11.94, "unidad_original": "Lt/s", "fuente_agua": "Lampa", "cuenca": "Rio Maipo", "profundidad_m": 0.0, "datum_declarado": "1984", "titular_es_empresa": true, "precision": "según datum declarado"}}, {"type": "Feature", "geometry": {"type": "Point", "coordinates": [-70.858051, -33.289745]}, "properties": {"expediente": "VPC-1301-688", "tipo": "Consuntivo", "naturaleza": "Subterranea", "uso": "Otros Usos", "caudal_ls": 10.0, "unidad_original": "Lt/s", "fuente_agua": "Lampa", "cuenca": "Rio Maipo", "profundidad_m": 0.0, "datum_declarado": "1984", "titular_es_empresa": true, "precision": "según datum declarado"}}, {"type": "Feature", "geometry": {"type": "Point", "coordinates": [-70.835103, -33.285568]}, "properties": {"expediente": "VPC-1301-706", "tipo": "Consuntivo", "naturaleza": "Subterranea", "uso": "Otros Usos", "caudal_ls": 5.0, "unidad_original": "Lt/s", "fuente_agua": "Lampa", "cuenca": "Rio Maipo", "profundidad_m": 0.0, "datum_declarado": "1984", "titular_es_empresa": true, "precision": "según datum declarado"}}, {"type": "Feature", "geometry": {"type": "Point", "coordinates": [-70.739957, -33.293502]}, "properties": {"expediente": "ND-1301-801129", "tipo": "Consuntivo", "naturaleza": "Subterranea", "uso": "no declarado", "caudal_ls": 10.0, "unidad_original": "Lt/s", "fuente_agua": "Colina Sur", "cuenca": "Rio Maipo", "profundidad_m": 40.0, "datum_declarado": "1969", "titular_es_empresa": true, "precision": "según datum declarado"}}, {"type": "Feature", "geometry": {"type": "Point", "coordinates": [-70.769341, -33.304946]}, "properties": {"expediente": "VPC-1301-659", "tipo": "Consuntivo", "naturaleza": "Subterranea", "uso": "Otros Usos", "caudal_ls": 1.0, "unidad_original": "Lt/s", "fuente_agua": "Colina Sur", "cuenca": "Rio Maipo", "profundidad_m": 0.0, "datum_declarado": "1984", "titular_es_empresa": true, "precision": "según datum declarado"}}, {"type": "Feature", "geometry": {"type": "Point", "coordinates": [-70.722032, -33.312059]}, "properties": {"expediente": "VPC-1301-800041", "tipo": "Consuntivo", "naturaleza": "Subterranea", "uso": "Riego", "caudal_ls": 1.0, "unidad_original": "Lt/s", "fuente_agua": "Acuífero", "cuenca": "Rio Maipo", "profundidad_m": null, "datum_declarado": "1984", "titular_es_empresa": true, "precision": "según datum declarado"}}, {"type": "Feature", "geometry": {"type": "Point", "coordinates": [-70.782835, -33.313636]}, "properties": {"expediente": "VPC-1301-800149", "tipo": "Consuntivo", "naturaleza": "Subterranea", "uso": "Otros Usos", "caudal_ls": 10.0, "unidad_original": "Lt/s", "fuente_agua": "Colina Sur", "cuenca": "Rio Maipo", "profundidad_m": null, "datum_declarado": "1984", "titular_es_empresa": true, "precision": "según datum declarado"}}, {"type": "Feature", "geometry": {"type": "Point", "coordinates": [-70.775306, -33.307287]}, "properties": {"expediente": "VPC-1301-692", "tipo": "Consuntivo", "naturaleza": "Subterranea", "uso": "Otros Usos", "caudal_ls": 1.0, "unidad_original": "Lt/s", "fuente_agua": "Colina Sur", "cuenca": "Rio Maipo", "profundidad_m": 0.0, "datum_declarado": "1984", "titular_es_empresa": false, "precision": "según datum declarado"}}, {"type": "Feature", "geometry": {"type": "Point", "coordinates": [-70.775306, -33.307287]}, "properties": {"expediente": "VPC-1301-697", "tipo": "Consuntivo", "naturaleza": "Subterranea", "uso": "Otros Usos", "caudal_ls": 0.917, "unidad_original": "Lt/s", "fuente_agua": "Colina Sur", "cuenca": "Rio Maipo", "profundidad_m": 0.0, "datum_declarado": "1984", "titular_es_empresa": false, "precision": "según datum declarado"}}, {"type": "Feature", "geometry": {"type": "Point", "coordinates": [-70.768773, -33.303962]}, "properties": {"expediente": "VPC-1301-647", "tipo": "Consuntivo", "naturaleza": "Subterranea", "uso": "Otros Usos", "caudal_ls": 0.8, "unidad_original": "Lt/s", "fuente_agua": "Colina Sur", "cuenca": "Rio Maipo", "profundidad_m": 0.0, "datum_declarado": "1984", "titular_es_empresa": true, "precision": "según datum declarado"}}, {"type": "Feature", "geometry": {"type": "Point", "coordinates": [-70.813417, -33.330364]}, "properties": {"expediente": "VPC-1301-649", "tipo": "Consuntivo", "naturaleza": "Subterranea", "uso": "Otros Usos", "caudal_ls": 1.0, "unidad_original": "Lt/s", "fuente_agua": "Santiago Norte", "cuenca": "Rio Maipo", "profundidad_m": 0.0, "datum_declarado": "1984", "titular_es_empresa": false, "precision": "según datum declarado"}}, {"type": "Feature", "geometry": {"type": "Point", "coordinates": [-70.739957, -33.293502]}, "properties": {"expediente": "ND-1301-801059", "tipo": "Consuntivo", "naturaleza": "Subterranea", "uso": "no declarado", "caudal_ls": 5.0, "unidad_original": "Lt/s", "fuente_agua": "Colina Sur", "cuenca": "Rio Maipo", "profundidad_m": 40.0, "datum_declarado": "1969", "titular_es_empresa": true, "precision": "según datum declarado"}}, {"type": "Feature", "geometry": {"type": "Point", "coordinates": [-70.808083, -33.278579]}, "properties": {"expediente": "VPC-1301-623", "tipo": "Consuntivo", "naturaleza": "Subterranea", "uso": "Otros Usos", "caudal_ls": 5.0, "unidad_original": "Lt/s", "fuente_agua": "LAMPA", "cuenca": "Rio Maipo", "profundidad_m": 0.0, "datum_declarado": "1984", "titular_es_empresa": false, "precision": "según datum declarado"}}, {"type": "Feature", "geometry": {"type": "Point", "coordinates": [-70.742416, -33.323823]}, "properties": {"expediente": "VPC-1301-618", "tipo": "Consuntivo", "naturaleza": "Subterranea", "uso": "Otros Usos", "caudal_ls": 0.7, "unidad_original": "Lt/s", "fuente_agua": "Colina Sur", "cuenca": "Rio Maipo", "profundidad_m": 0.0, "datum_declarado": "1984", "titular_es_empresa": true, "precision": "según datum declarado"}}, {"type": "Feature", "geometry": {"type": "Point", "coordinates": [-70.813098, -33.305605]}, "properties": {"expediente": "VPC-1301-617", "tipo": "Consuntivo", "naturaleza": "Subterranea", "uso": "Otros Usos", "caudal_ls": 20.0, "unidad_original": "Lt/s", "fuente_agua": "Lampa", "cuenca": "Rio Maipo", "profundidad_m": 0.0, "datum_declarado": "1984", "titular_es_empresa": false, "precision": "según datum declarado"}}, {"type": "Feature", "geometry": {"type": "Point", "coordinates": [-70.803738, -33.303261]}, "properties": {"expediente": "VPC-1301-616", "tipo": "Consuntivo", "naturaleza": "Subterranea", "uso": "Otros Usos", "caudal_ls": 33.0, "unidad_original": "Lt/s", "fuente_agua": "Lampa", "cuenca": "Rio Maipo", "profundidad_m": 0.0, "datum_declarado": "1984", "titular_es_empresa": false, "precision": "según datum declarado"}}, {"type": "Feature", "geometry": {"type": "Point", "coordinates": [-70.754431, -33.287653]}, "properties": {"expediente": "VPC-1301-612", "tipo": "Consuntivo", "naturaleza": "Subterranea", "uso": "Otros Usos", "caudal_ls": 5.0, "unidad_original": "Lt/s", "fuente_agua": "COLINA SUR", "cuenca": "Rio Maipo", "profundidad_m": 0.0, "datum_declarado": "1984", "titular_es_empresa": true, "precision": "según datum declarado"}}, {"type": "Feature", "geometry": {"type": "Point", "coordinates": [-70.738701, -33.283365]}, "properties": {"expediente": "VPC-1301-601", "tipo": "Consuntivo", "naturaleza": "Subterranea", "uso": "Otros Usos", "caudal_ls": 1.0, "unidad_original": "Lt/s", "fuente_agua": "Colina Sur", "cuenca": "Rio Maipo", "profundidad_m": 0.0, "datum_declarado": "1984", "titular_es_empresa": true, "precision": "según datum declarado"}}, {"type": "Feature", "geometry": {"type": "Point", "coordinates": [-70.829999, -33.353234]}, "properties": {"expediente": "VPC-1301-800079", "tipo": "Consuntivo", "naturaleza": "Subterranea", "uso": "Otros Usos", "caudal_ls": 2.0, "unidad_original": "Lt/s", "fuente_agua": "Santiago Norte", "cuenca": "Rio Maipo", "profundidad_m": null, "datum_declarado": "1984", "titular_es_empresa": true, "precision": "según datum declarado"}}, {"type": "Feature", "geometry": {"type": "Point", "coordinates": [-70.789734, -33.237496]}, "properties": {"expediente": "VPC-1301-609", "tipo": "Consuntivo", "naturaleza": "Subterranea", "uso": "Otros Usos", "caudal_ls": 30.0, "unidad_original": "Lt/s", "fuente_agua": "Lampa", "cuenca": "Rio Maipo", "profundidad_m": 0.0, "datum_declarado": "1984", "titular_es_empresa": true, "precision": "según datum declarado"}}, {"type": "Feature", "geometry": {"type": "Point", "coordinates": [-70.912725, -33.24829]}, "properties": {"expediente": "VPC-1301-572", "tipo": "Consuntivo", "naturaleza": "Subterranea", "uso": "Otros Usos", "caudal_ls": 6.0, "unidad_original": "Lt/s", "fuente_agua": "Lampa", "cuenca": "Rio Maipo", "profundidad_m": 0.0, "datum_declarado": "1984", "titular_es_empresa": false, "precision": "según datum declarado"}}, {"type": "Feature", "geometry": {"type": "Point", "coordinates": [-70.825601, -33.348979]}, "properties": {"expediente": "NR-1301-800187", "tipo": "Consuntivo", "naturaleza": "Subterranea", "uso": "Riego", "caudal_ls": 7.111, "unidad_original": "Lt/s", "fuente_agua": "Estero sin Nombre", "cuenca": "Rio Maipo", "profundidad_m": 0.0, "datum_declarado": "1984", "titular_es_empresa": true, "precision": "según datum declarado"}}, {"type": "Feature", "geometry": {"type": "Point", "coordinates": [-70.724851, -33.312859]}, "properties": {"expediente": "VPC-1301-568", "tipo": "Consuntivo", "naturaleza": "Subterranea", "uso": "Otros Usos", "caudal_ls": 0.807, "unidad_original": "Lt/s", "fuente_agua": "Colina Sur", "cuenca": "Rio Maipo", "profundidad_m": 0.0, "datum_declarado": "1984", "titular_es_empresa": true, "precision": "según datum declarado"}}, {"type": "Feature", "geometry": {"type": "Point", "coordinates": [-70.858051, -33.289745]}, "properties": {"expediente": "VPC-1301-525", "tipo": "Consuntivo", "naturaleza": "Subterranea", "uso": "Otros Usos", "caudal_ls": 5.0, "unidad_original": "Lt/s", "fuente_agua": "LAMPA", "cuenca": "Rio Maipo", "profundidad_m": 0.0, "datum_declarado": "1984", "titular_es_empresa": true, "precision": "según datum declarado"}}, {"type": "Feature", "geometry": {"type": "Point", "coordinates": [-70.858406, -33.290786]}, "properties": {"expediente": "VPC-1301-526", "tipo": "Consuntivo", "naturaleza": "Subterranea", "uso": "Otros Usos", "caudal_ls": 3.0, "unidad_original": "Lt/s", "fuente_agua": "LAMPA", "cuenca": "Rio Maipo", "profundidad_m": 0.0, "datum_declarado": "1984", "titular_es_empresa": true, "precision": "según datum declarado"}}, {"type": "Feature", "geometry": {"type": "Point", "coordinates": [-70.858406, -33.290786]}, "properties": {"expediente": "VPC-1301-569", "tipo": "Consuntivo", "naturaleza": "Subterranea", "uso": "Otros Usos", "caudal_ls": 35.0, "unidad_original": "Lt/s", "fuente_agua": "LAMPA", "cuenca": "Rio Maipo", "profundidad_m": 0.0, "datum_declarado": "1984", "titular_es_empresa": true, "precision": "según datum declarado"}}, {"type": "Feature", "geometry": {"type": "Point", "coordinates": [-70.860661, -33.340839]}, "properties": {"expediente": "VPC-1301-550", "tipo": "Consuntivo", "naturaleza": "Subterranea", "uso": "Otros Usos", "caudal_ls": 6.0, "unidad_original": "Lt/s", "fuente_agua": "SANTIAGO NORTE", "cuenca": "Rio Maipo", "profundidad_m": 0.0, "datum_declarado": "1984", "titular_es_empresa": false, "precision": "según datum declarado"}}, {"type": "Feature", "geometry": {"type": "Point", "coordinates": [-70.847142, -33.272927]}, "properties": {"expediente": "UA-1301-812766", "tipo": "Consuntivo", "naturaleza": "Subterranea", "uso": "no declarado", "caudal_ls": 12.981, "unidad_original": "Lt/s", "fuente_agua": "Lampa", "cuenca": "Rio Maipo", "profundidad_m": 0.0, "datum_declarado": "1984", "titular_es_empresa": true, "precision": "según datum declarado"}}, {"type": "Feature", "geometry": {"type": "Point", "coordinates": [-70.848911, -33.272315]}, "properties": {"expediente": "UA-1301-812764", "tipo": "Consuntivo", "naturaleza": "Subterranea", "uso": "no declarado", "caudal_ls": 12.746, "unidad_original": "Lt/s", "fuente_agua": "Lampa", "cuenca": "Rio Maipo", "profundidad_m": null, "datum_declarado": "1984", "titular_es_empresa": true, "precision": "según datum declarado"}}, {"type": "Feature", "geometry": {"type": "Point", "coordinates": [-70.892577, -33.344977]}, "properties": {"expediente": "ND-1301-800965", "tipo": "Consuntivo", "naturaleza": "Subterranea", "uso": "Bebida/Uso Domestico/Saneamiento", "caudal_ls": 33.0, "unidad_original": "Lt/s", "fuente_agua": "Santiago Norte", "cuenca": "Rio Maipo", "profundidad_m": 121.5, "datum_declarado": "1956", "titular_es_empresa": true, "precision": "según datum declarado"}}, {"type": "Feature", "geometry": {"type": "Point", "coordinates": [-70.893214, -33.337708]}, "properties": {"expediente": "ND-1301-800966", "tipo": "Consuntivo", "naturaleza": "Subterranea", "uso": "Bebida/Uso Domestico/Saneamiento", "caudal_ls": 82.0, "unidad_original": "Lt/s", "fuente_agua": "Santiago Norte", "cuenca": "Rio Maipo", "profundidad_m": 119.0, "datum_declarado": "1956", "titular_es_empresa": true, "precision": "según datum declarado"}}, {"type": "Feature", "geometry": {"type": "Point", "coordinates": [-70.896706, -33.336203]}, "properties": {"expediente": "NR-1301-800160", "tipo": "Consuntivo", "naturaleza": "Subterranea", "uso": "no declarado", "caudal_ls": 22.0, "unidad_original": "Lt/s", "fuente_agua": "Santiago Norte", "cuenca": "Rio Maipo", "profundidad_m": 0.0, "datum_declarado": "1956", "titular_es_empresa": true, "precision": "según datum declarado"}}, {"type": "Feature", "geometry": {"type": "Point", "coordinates": [-70.890893, -33.332712]}, "properties": {"expediente": "VPC-1301-800048", "tipo": "Consuntivo", "naturaleza": "Subterranea", "uso": "no declarado", "caudal_ls": 64.0, "unidad_original": "Lt/s", "fuente_agua": "Santiago Norte", "cuenca": "Rio Maipo", "profundidad_m": 0.0, "datum_declarado": "1956", "titular_es_empresa": true, "precision": "según datum declarado"}}, {"type": "Feature", "geometry": {"type": "Point", "coordinates": [-70.896528, -33.33148]}, "properties": {"expediente": "VPC-1301-800049", "tipo": "Consuntivo", "naturaleza": "Subterranea", "uso": "no declarado", "caudal_ls": 8.0, "unidad_original": "Lt/s", "fuente_agua": "Santiago Norte", "cuenca": "Rio Maipo", "profundidad_m": 0.0, "datum_declarado": "1956", "titular_es_empresa": true, "precision": "según datum declarado"}}, {"type": "Feature", "geometry": {"type": "Point", "coordinates": [-70.905089, -33.334379]}, "properties": {"expediente": "VPC-1301-800050", "tipo": "Consuntivo", "naturaleza": "Subterranea", "uso": "no declarado", "caudal_ls": 4.0, "unidad_original": "Lt/s", "fuente_agua": "Santiago Norte", "cuenca": "Rio Maipo", "profundidad_m": 0.0, "datum_declarado": "1956", "titular_es_empresa": true, "precision": "según datum declarado"}}, {"type": "Feature", "geometry": {"type": "Point", "coordinates": [-70.890592, -33.336693]}, "properties": {"expediente": "VPC-1301-800053", "tipo": "Consuntivo", "naturaleza": "Subterranea", "uso": "Riego", "caudal_ls": 10.0, "unidad_original": "Lt/s", "fuente_agua": "Maipo Desembocadura", "cuenca": "Rio Maipo", "profundidad_m": null, "datum_declarado": "1956", "titular_es_empresa": true, "precision": "según datum declarado"}}, {"type": "Feature", "geometry": {"type": "Point", "coordinates": [-70.732385, -33.307695]}, "properties": {"expediente": "VPC-1301-547", "tipo": "Consuntivo", "naturaleza": "Subterranea", "uso": "Otros Usos", "caudal_ls": 0.492, "unidad_original": "Lt/s", "fuente_agua": "Colina Sur", "cuenca": "Rio Maipo", "profundidad_m": 0.0, "datum_declarado": "1984", "titular_es_empresa": false, "precision": "según datum declarado"}}, {"type": "Feature", "geometry": {"type": "Point", "coordinates": [-70.840532, -33.36096]}, "properties": {"expediente": "VPC-1301-551", "tipo": "Consuntivo", "naturaleza": "Subterranea", "uso": "Otros Usos", "caudal_ls": 2.4, "unidad_original": "Lt/s", "fuente_agua": "Santiago Norte", "cuenca": "Rio Maipo", "profundidad_m": 0.0, "datum_declarado": "1984", "titular_es_empresa": true, "precision": "según datum declarado"}}, {"type": "Feature", "geometry": {"type": "Point", "coordinates": [-70.755544, -33.24775]}, "properties": {"expediente": "VPC-1301-514", "tipo": "Consuntivo", "naturaleza": "Subterranea", "uso": "Otros Usos", "caudal_ls": 20.0, "unidad_original": "Lt/s", "fuente_agua": "Lampa", "cuenca": "Rio Maipo", "profundidad_m": 0.0, "datum_declarado": "1984", "titular_es_empresa": false, "precision": "según datum declarado"}}, {"type": "Feature", "geometry": {"type": "Point", "coordinates": [-70.773857, -33.203273]}, "properties": {"expediente": "VPC-1301-517", "tipo": "Consuntivo", "naturaleza": "Subterranea", "uso": "Otros Usos", "caudal_ls": 3.0, "unidad_original": "Lt/s", "fuente_agua": "LAMPA", "cuenca": "Rio Maipo", "profundidad_m": 0.0, "datum_declarado": "1984", "titular_es_empresa": true, "precision": "según datum declarado"}}, {"type": "Feature", "geometry": {"type": "Point", "coordinates": [-70.835417, -33.285185]}, "properties": {"expediente": "VPC-1301-518", "tipo": "Consuntivo", "naturaleza": "Subterranea", "uso": "Otros Usos", "caudal_ls": 6.0, "unidad_original": "Lt/s", "fuente_agua": "Lampa", "cuenca": "Rio Maipo", "profundidad_m": 0.0, "datum_declarado": "1984", "titular_es_empresa": true, "precision": "según datum declarado"}}, {"type": "Feature", "geometry": {"type": "Point", "coordinates": [-70.828062, -33.233159]}, "properties": {"expediente": "VPC-1301-503", "tipo": "Consuntivo", "naturaleza": "Subterranea", "uso": "Otros Usos", "caudal_ls": 1.0, "unidad_original": "Lt/s", "fuente_agua": "LAMPA", "cuenca": "Rio Maipo", "profundidad_m": 0.0, "datum_declarado": "1984", "titular_es_empresa": true, "precision": "según datum declarado"}}, {"type": "Feature", "geometry": {"type": "Point", "coordinates": [-70.850788, -33.338308]}, "properties": {"expediente": "VPC-1301-800060", "tipo": "Consuntivo", "naturaleza": "Subterranea", "uso": "Otros Usos", "caudal_ls": 2.0, "unidad_original": "Lt/s", "fuente_agua": "Acuífero", "cuenca": "Rio Maipo", "profundidad_m": null, "datum_declarado": "1984", "titular_es_empresa": false, "precision": "según datum declarado"}}, {"type": "Feature", "geometry": {"type": "Point", "coordinates": [-70.73879, -33.289488]}, "properties": {"expediente": "VPC-1301-505", "tipo": "Consuntivo", "naturaleza": "Subterranea", "uso": "Otros Usos", "caudal_ls": 1.3, "unidad_original": "Lt/s", "fuente_agua": "Colina Sur", "cuenca": "Rio Maipo", "profundidad_m": 0.0, "datum_declarado": "1984", "titular_es_empresa": true, "precision": "según datum declarado"}}, {"type": "Feature", "geometry": {"type": "Point", "coordinates": [-70.765413, -33.321632]}, "properties": {"expediente": "VPC-1301-500", "tipo": "Consuntivo", "naturaleza": "Subterranea", "uso": "Otros Usos", "caudal_ls": 20.92, "unidad_original": "Lt/s", "fuente_agua": "Colina Sur", "cuenca": "Rio Maipo", "profundidad_m": 0.0, "datum_declarado": "1984", "titular_es_empresa": true, "precision": "según datum declarado"}}, {"type": "Feature", "geometry": {"type": "Point", "coordinates": [-70.763804, -33.324937]}, "properties": {"expediente": "VPC-1301-501", "tipo": "Consuntivo", "naturaleza": "Subterranea", "uso": "Otros Usos", "caudal_ls": 20.0, "unidad_original": "Lt/s", "fuente_agua": "Colina Sur", "cuenca": "Rio Maipo", "profundidad_m": 0.0, "datum_declarado": "1984", "titular_es_empresa": true, "precision": "según datum declarado"}}, {"type": "Feature", "geometry": {"type": "Point", "coordinates": [-70.877725, -33.269799]}, "properties": {"expediente": "VPC-1301-486", "tipo": "Consuntivo", "naturaleza": "Subterranea", "uso": "Otros Usos", "caudal_ls": 2.0, "unidad_original": "Lt/s", "fuente_agua": "LAMPA", "cuenca": "Rio Maipo", "profundidad_m": 0.0, "datum_declarado": "1984", "titular_es_empresa": true, "precision": "según datum declarado"}}, {"type": "Feature", "geometry": {"type": "Point", "coordinates": [-70.840536, -33.273697]}, "properties": {"expediente": "ND-1301-800674", "tipo": "Consuntivo", "naturaleza": "Subterranea", "uso": "no declarado", "caudal_ls": 110.0, "unidad_original": "Lt/s", "fuente_agua": "Sin estudiar", "cuenca": "Rio Maipo", "profundidad_m": 71.0, "datum_declarado": "1956", "titular_es_empresa": true, "precision": "según datum declarado"}}, {"type": "Feature", "geometry": {"type": "Point", "coordinates": [-70.840376, -33.349474]}, "properties": {"expediente": "ND-1301-3637", "tipo": "Consuntivo", "naturaleza": "Subterranea", "uso": "Otros Usos", "caudal_ls": 1.5, "unidad_original": "Lt/s", "fuente_agua": "Santiago Norte", "cuenca": "Rio Maipo", "profundidad_m": 0.0, "datum_declarado": "1984", "titular_es_empresa": true, "precision": "según datum declarado"}}, {"type": "Feature", "geometry": {"type": "Point", "coordinates": [-70.748413, -33.268529]}, "properties": {"expediente": "ND-1301-3644", "tipo": "Consuntivo", "naturaleza": "Subterranea", "uso": "Riego", "caudal_ls": 1.33, "unidad_original": "Lt/s", "fuente_agua": "Colina Sur", "cuenca": "Rio Maipo", "profundidad_m": 0.0, "datum_declarado": "1984", "titular_es_empresa": false, "precision": "según datum declarado"}}, {"type": "Feature", "geometry": {"type": "Point", "coordinates": [-70.758734, -33.241437]}, "properties": {"expediente": "VPC-1301-488", "tipo": "Consuntivo", "naturaleza": "Subterranea", "uso": "Otros Usos", "caudal_ls": 4.0, "unidad_original": "Lt/s", "fuente_agua": "Acuífero", "cuenca": "Rio Maipo", "profundidad_m": 0.0, "datum_declarado": "1984", "titular_es_empresa": true, "precision": "según datum declarado"}}, {"type": "Feature", "geometry": {"type": "Point", "coordinates": [-70.754369, -33.25931]}, "properties": {"expediente": "VPC-1301-489", "tipo": "Consuntivo", "naturaleza": "Subterranea", "uso": "Otros Usos", "caudal_ls": 8.66, "unidad_original": "Lt/s", "fuente_agua": "Acuífero", "cuenca": "Rio Maipo", "profundidad_m": 0.0, "datum_declarado": "1984", "titular_es_empresa": true, "precision": "según datum declarado"}}, {"type": "Feature", "geometry": {"type": "Point", "coordinates": [-70.754369, -33.25931]}, "properties": {"expediente": "VPC-1301-490", "tipo": "Consuntivo", "naturaleza": "Subterranea", "uso": "Otros Usos", "caudal_ls": 4.0, "unidad_original": "Lt/s", "fuente_agua": "Acuífero", "cuenca": "Rio Maipo", "profundidad_m": 0.0, "datum_declarado": "1984", "titular_es_empresa": true, "precision": "según datum declarado"}}, {"type": "Feature", "geometry": {"type": "Point", "coordinates": [-70.856315, -33.366875]}, "properties": {"expediente": "VPC-1301-483", "tipo": "Consuntivo", "naturaleza": "Subterranea", "uso": "Otros Usos", "caudal_ls": 5.0, "unidad_original": "Lt/s", "fuente_agua": "Arroyo sin Nombre", "cuenca": "Rio Maipo", "profundidad_m": null, "datum_declarado": "1984", "titular_es_empresa": true, "precision": "según datum declarado"}}, {"type": "Feature", "geometry": {"type": "Point", "coordinates": [-70.849333, -33.381187]}, "properties": {"expediente": "VF-1301-1", "tipo": "Consuntivo", "naturaleza": "Subterranea", "uso": "Riego", "caudal_ls": 24.0, "unidad_original": "Lt/s", "fuente_agua": "Santiago Norte", "cuenca": "Rio Maipo", "profundidad_m": 0.0, "datum_declarado": "1956", "titular_es_empresa": true, "precision": "según datum declarado"}}, {"type": "Feature", "geometry": {"type": "Point", "coordinates": [-70.850949, -33.380847]}, "properties": {"expediente": "VF-1301-2", "tipo": "Consuntivo", "naturaleza": "Subterranea", "uso": "Riego", "caudal_ls": 6.0, "unidad_original": "Lt/s", "fuente_agua": "Santiago Norte", "cuenca": "Rio Maipo", "profundidad_m": 0.0, "datum_declarado": "1956", "titular_es_empresa": true, "precision": "según datum declarado"}}, {"type": "Feature", "geometry": {"type": "Point", "coordinates": [-70.850949, -33.380847]}, "properties": {"expediente": "VF-1301-3", "tipo": "Consuntivo", "naturaleza": "Subterranea", "uso": "Riego", "caudal_ls": 17.5, "unidad_original": "Lt/s", "fuente_agua": "Acuífero", "cuenca": "Rio Maipo", "profundidad_m": 0.0, "datum_declarado": "1956", "titular_es_empresa": true, "precision": "según datum declarado"}}, {"type": "Feature", "geometry": {"type": "Point", "coordinates": [-70.740509, -33.311676]}, "properties": {"expediente": "VPC-1301-478", "tipo": "Consuntivo", "naturaleza": "Subterranea", "uso": "Otros Usos", "caudal_ls": 2.0, "unidad_original": "Lt/s", "fuente_agua": "Acuífero", "cuenca": "Rio Maipo", "profundidad_m": 0.0, "datum_declarado": "1984", "titular_es_empresa": true, "precision": "según datum declarado"}}, {"type": "Feature", "geometry": {"type": "Point", "coordinates": [-70.887954, -33.272233]}, "properties": {"expediente": "VPC-1301-448", "tipo": "Consuntivo", "naturaleza": "Subterranea", "uso": "Otros Usos", "caudal_ls": 57.0, "unidad_original": "Lt/s", "fuente_agua": "Estero Colina", "cuenca": "Rio Maipo", "profundidad_m": null, "datum_declarado": "1984", "titular_es_empresa": true, "precision": "según datum declarado"}}, {"type": "Feature", "geometry": {"type": "Point", "coordinates": [-70.859377, -33.291493]}, "properties": {"expediente": "VPC-1301-447", "tipo": "Consuntivo", "naturaleza": "Subterranea", "uso": "Otros Usos", "caudal_ls": 35.0, "unidad_original": "Lt/s", "fuente_agua": "Lampa", "cuenca": "Rio Maipo", "profundidad_m": 0.0, "datum_declarado": "1984", "titular_es_empresa": true, "precision": "según datum declarado"}}, {"type": "Feature", "geometry": {"type": "Point", "coordinates": [-70.782956, -33.309008]}, "properties": {"expediente": "VPC-1301-463", "tipo": "Consuntivo", "naturaleza": "Subterranea", "uso": "Otros Usos", "caudal_ls": 26.0, "unidad_original": "Lt/s", "fuente_agua": "Colina Sur", "cuenca": "Rio Maipo", "profundidad_m": 0.0, "datum_declarado": "1984", "titular_es_empresa": false, "precision": "según datum declarado"}}, {"type": "Feature", "geometry": {"type": "Point", "coordinates": [-70.833249, -33.349877]}, "properties": {"expediente": "VPC-1301-460", "tipo": "Consuntivo", "naturaleza": "Subterranea", "uso": "Otros Usos", "caudal_ls": 2.0, "unidad_original": "Lt/s", "fuente_agua": "Arroyo sin Nombre", "cuenca": "Rio Maipo", "profundidad_m": null, "datum_declarado": "1984", "titular_es_empresa": true, "precision": "según datum declarado"}}, {"type": "Feature", "geometry": {"type": "Point", "coordinates": [-70.837001, -33.348919]}, "properties": {"expediente": "VPC-1301-460", "tipo": "Consuntivo", "naturaleza": "Subterranea", "uso": "Otros Usos", "caudal_ls": 1.0, "unidad_original": "Lt/s", "fuente_agua": "Acuífero", "cuenca": "Rio Maipo", "profundidad_m": 0.0, "datum_declarado": "1984", "titular_es_empresa": true, "precision": "según datum declarado"}}, {"type": "Feature", "geometry": {"type": "Point", "coordinates": [-70.779402, -33.304821]}, "properties": {"expediente": "VPC-1301-464", "tipo": "Consuntivo", "naturaleza": "Subterranea", "uso": "Otros Usos", "caudal_ls": 4.0, "unidad_original": "Lt/s", "fuente_agua": "Colina Sur", "cuenca": "Rio Maipo", "profundidad_m": 0.0, "datum_declarado": "1984", "titular_es_empresa": false, "precision": "según datum declarado"}}, {"type": "Feature", "geometry": {"type": "Point", "coordinates": [-70.864503, -33.308343]}, "properties": {"expediente": "VPC-1301-461", "tipo": "Consuntivo", "naturaleza": "Subterranea", "uso": "Otros Usos", "caudal_ls": 1.0, "unidad_original": "Lt/s", "fuente_agua": "Acuífero", "cuenca": "Rio Maipo", "profundidad_m": 0.0, "datum_declarado": "1984", "titular_es_empresa": false, "precision": "según datum declarado"}}, {"type": "Feature", "geometry": {"type": "Point", "coordinates": [-70.787761, -33.304493]}, "properties": {"expediente": "VPC-1301-451", "tipo": "Consuntivo", "naturaleza": "Subterranea", "uso": "Otros Usos", "caudal_ls": 7.0, "unidad_original": "Lt/s", "fuente_agua": "Estero Colina", "cuenca": "Rio Maipo", "profundidad_m": 0.0, "datum_declarado": "1984", "titular_es_empresa": true, "precision": "según datum declarado"}}, {"type": "Feature", "geometry": {"type": "Point", "coordinates": [-70.763946, -33.243383]}, "properties": {"expediente": "UA-1301-812988", "tipo": "Consuntivo", "naturaleza": "Subterranea", "uso": "no declarado", "caudal_ls": 16.1, "unidad_original": "Lt/s", "fuente_agua": "Lampa", "cuenca": "Rio Maipo", "profundidad_m": 0.0, "datum_declarado": "1984", "titular_es_empresa": true, "precision": "según datum declarado"}}, {"type": "Feature", "geometry": {"type": "Point", "coordinates": [-70.816952, -33.316912]}, "properties": {"expediente": "VPC-1301-800031", "tipo": "Consuntivo", "naturaleza": "Subterranea", "uso": "Bebida/Uso Domestico/Saneamiento", "caudal_ls": 13.3, "unidad_original": "Lt/s", "fuente_agua": "Lampa", "cuenca": "Rio Maipo", "profundidad_m": null, "datum_declarado": "1984", "titular_es_empresa": false, "precision": "según datum declarado"}}, {"type": "Feature", "geometry": {"type": "Point", "coordinates": [-70.803725, -33.303171]}, "properties": {"expediente": "VPC-1301-800033", "tipo": "Consuntivo", "naturaleza": "Subterranea", "uso": "Bebida/Uso Domestico/Saneamiento", "caudal_ls": 11.0, "unidad_original": "Lt/s", "fuente_agua": "Sin estudiar", "cuenca": "Rio Maipo", "profundidad_m": null, "datum_declarado": "1984", "titular_es_empresa": false, "precision": "según datum declarado"}}, {"type": "Feature", "geometry": {"type": "Point", "coordinates": [-70.907964, -33.241487]}, "properties": {"expediente": "UA-1301-812862", "tipo": "Consuntivo", "naturaleza": "Subterranea", "uso": "no declarado", "caudal_ls": 1.69, "unidad_original": "Lt/s", "fuente_agua": "", "cuenca": "Rio Maipo", "profundidad_m": null, "datum_declarado": "1956", "titular_es_empresa": false, "precision": "según datum declarado"}}, {"type": "Feature", "geometry": {"type": "Point", "coordinates": [-70.907964, -33.241487]}, "properties": {"expediente": "UA-1301-812863", "tipo": "Consuntivo", "naturaleza": "Subterranea", "uso": "no declarado", "caudal_ls": 4.43, "unidad_original": "Lt/s", "fuente_agua": "", "cuenca": "Rio Maipo", "profundidad_m": null, "datum_declarado": "1956", "titular_es_empresa": false, "precision": "según datum declarado"}}, {"type": "Feature", "geometry": {"type": "Point", "coordinates": [-70.825601, -33.348979]}, "properties": {"expediente": "NR-1301-166", "tipo": "Consuntivo", "naturaleza": "Subterranea", "uso": "Riego", "caudal_ls": 2.889, "unidad_original": "Lt/s", "fuente_agua": "Estero sin Nombre", "cuenca": "Rio Maipo", "profundidad_m": 0.0, "datum_declarado": "1984", "titular_es_empresa": true, "precision": "según datum declarado"}}, {"type": "Feature", "geometry": {"type": "Point", "coordinates": [-70.736659, -33.308158]}, "properties": {"expediente": "VPC-1301-457", "tipo": "Consuntivo", "naturaleza": "Subterranea", "uso": "Otros Usos", "caudal_ls": 1.0, "unidad_original": "Lt/s", "fuente_agua": "Acuífero", "cuenca": "Rio Maipo", "profundidad_m": 0.0, "datum_declarado": "1984", "titular_es_empresa": false, "precision": "según datum declarado"}}, {"type": "Feature", "geometry": {"type": "Point", "coordinates": [-70.838155, -33.223704]}, "properties": {"expediente": "ND-1301-2949", "tipo": "Consuntivo", "naturaleza": "Subterranea", "uso": "Bebida/Uso Domestico/Saneamiento", "caudal_ls": 7.2, "unidad_original": "Lt/s", "fuente_agua": "Lampa", "cuenca": "Rio Maipo", "profundidad_m": 0.0, "datum_declarado": "1984", "titular_es_empresa": true, "precision": "según datum declarado"}}, {"type": "Feature", "geometry": {"type": "Point", "coordinates": [-70.749468, -33.296119]}, "properties": {"expediente": "VPC-1301-403", "tipo": "Consuntivo", "naturaleza": "Subterranea", "uso": "Otros Usos", "caudal_ls": 5.0, "unidad_original": "Lt/s", "fuente_agua": "Acuífero", "cuenca": "Rio Maipo", "profundidad_m": 0.0, "datum_declarado": "1984", "titular_es_empresa": true, "precision": "según datum declarado"}}, {"type": "Feature", "geometry": {"type": "Point", "coordinates": [-70.838106, -33.349877]}, "properties": {"expediente": "VPC-1301-409", "tipo": "Consuntivo", "naturaleza": "Subterranea", "uso": "Otros Usos", "caudal_ls": 2.0, "unidad_original": "Lt/s", "fuente_agua": "Arroyo sin Nombre", "cuenca": "Rio Maipo", "profundidad_m": null, "datum_declarado": "1984", "titular_es_empresa": true, "precision": "según datum declarado"}}, {"type": "Feature", "geometry": {"type": "Point", "coordinates": [-70.791321, -33.213764]}, "properties": {"expediente": "VPC-1301-421", "tipo": "Consuntivo", "naturaleza": "Subterranea", "uso": "Otros Usos", "caudal_ls": 5.0, "unidad_original": "Lt/s", "fuente_agua": "Lampa", "cuenca": "Rio Maipo", "profundidad_m": 0.0, "datum_declarado": "1984", "titular_es_empresa": true, "precision": "según datum declarado"}}, {"type": "Feature", "geometry": {"type": "Point", "coordinates": [-70.787761, -33.304493]}, "properties": {"expediente": "VPC-1301-404", "tipo": "Consuntivo", "naturaleza": "Subterranea", "uso": "Otros Usos", "caudal_ls": 12.5, "unidad_original": "Lt/s", "fuente_agua": "Acuífero", "cuenca": "Rio Maipo", "profundidad_m": 0.0, "datum_declarado": "1984", "titular_es_empresa": true, "precision": "según datum declarado"}}, {"type": "Feature", "geometry": {"type": "Point", "coordinates": [-70.83326, -33.349867]}, "properties": {"expediente": "VPC-1301-800011", "tipo": "Consuntivo", "naturaleza": "Subterranea", "uso": "no declarado", "caudal_ls": 2.0, "unidad_original": "Lt/s", "fuente_agua": "Acuífero", "cuenca": "Rio Maipo", "profundidad_m": null, "datum_declarado": "1984", "titular_es_empresa": true, "precision": "según datum declarado"}}, {"type": "Feature", "geometry": {"type": "Point", "coordinates": [-70.828778, -33.359069]}, "properties": {"expediente": "VPC-1301-363", "tipo": "Consuntivo", "naturaleza": "Subterranea", "uso": "Otros Usos", "caudal_ls": 0.03, "unidad_original": "Lt/s", "fuente_agua": "Santiago Norte", "cuenca": "Rio Maipo", "profundidad_m": 0.0, "datum_declarado": "1984", "titular_es_empresa": true, "precision": "según datum declarado"}}, {"type": "Feature", "geometry": {"type": "Point", "coordinates": [-70.824985, -33.295597]}, "properties": {"expediente": "ND-1301-801022", "tipo": "Consuntivo", "naturaleza": "Subterranea", "uso": "no declarado", "caudal_ls": 30.0, "unidad_original": "Lt/s", "fuente_agua": "Lampa", "cuenca": "Rio Maipo", "profundidad_m": 95.0, "datum_declarado": "1956", "titular_es_empresa": true, "precision": "según datum declarado"}}, {"type": "Feature", "geometry": {"type": "Point", "coordinates": [-70.796075, -33.207405]}, "properties": {"expediente": "NR-1301-800222", "tipo": "Consuntivo", "naturaleza": "Subterranea", "uso": "Riego", "caudal_ls": 48.0, "unidad_original": "Lt/s", "fuente_agua": "Lampa", "cuenca": "Rio Maipo", "profundidad_m": 0.0, "datum_declarado": "1956", "titular_es_empresa": false, "precision": "según datum declarado"}}, {"type": "Feature", "geometry": {"type": "Point", "coordinates": [-70.796006, -33.21242]}, "properties": {"expediente": "NR-1301-800223", "tipo": "Consuntivo", "naturaleza": "Subterranea", "uso": "Riego", "caudal_ls": 25.725, "unidad_original": "Lt/s", "fuente_agua": "Lampa", "cuenca": "Rio Maipo", "profundidad_m": 0.0, "datum_declarado": "1956", "titular_es_empresa": false, "precision": "según datum declarado"}}, {"type": "Feature", "geometry": {"type": "Point", "coordinates": [-70.775555, -33.206978]}, "properties": {"expediente": "VPC-1301-800073", "tipo": "Consuntivo", "naturaleza": "Subterranea", "uso": "Riego", "caudal_ls": 10.0, "unidad_original": "Lt/s", "fuente_agua": "Lampa", "cuenca": "Rio Maipo", "profundidad_m": null, "datum_declarado": "1956", "titular_es_empresa": false, "precision": "según datum declarado"}}, {"type": "Feature", "geometry": {"type": "Point", "coordinates": [-70.746378, -33.330599]}, "properties": {"expediente": "NR-1301-800131", "tipo": "Consuntivo", "naturaleza": "Subterranea", "uso": "Riego", "caudal_ls": 1.0, "unidad_original": "Lt/s", "fuente_agua": "Colina Sur", "cuenca": "Rio Maipo", "profundidad_m": 0.0, "datum_declarado": "1956", "titular_es_empresa": false, "precision": "según datum declarado"}}, {"type": "Feature", "geometry": {"type": "Point", "coordinates": [-70.746378, -33.330599]}, "properties": {"expediente": "NR-1301-800126", "tipo": "Consuntivo", "naturaleza": "Subterranea", "uso": "Riego", "caudal_ls": 2.0, "unidad_original": "Lt/s", "fuente_agua": "Colina Sur", "cuenca": "Rio Maipo", "profundidad_m": 0.0, "datum_declarado": "1956", "titular_es_empresa": false, "precision": "según datum declarado"}}, {"type": "Feature", "geometry": {"type": "Point", "coordinates": [-70.746378, -33.330599]}, "properties": {"expediente": "NR-1301-800130", "tipo": "Consuntivo", "naturaleza": "Subterranea", "uso": "Riego", "caudal_ls": 1.0, "unidad_original": "Lt/s", "fuente_agua": "Colina Sur", "cuenca": "Rio Maipo", "profundidad_m": 0.0, "datum_declarado": "1956", "titular_es_empresa": true, "precision": "según datum declarado"}}, {"type": "Feature", "geometry": {"type": "Point", "coordinates": [-70.83326, -33.349867]}, "properties": {"expediente": "VPC-1301-800009", "tipo": "Consuntivo", "naturaleza": "Subterranea", "uso": "no declarado", "caudal_ls": 5.0, "unidad_original": "Lt/s", "fuente_agua": "Acuífero", "cuenca": "Rio Maipo", "profundidad_m": null, "datum_declarado": "1984", "titular_es_empresa": true, "precision": "según datum declarado"}}, {"type": "Feature", "geometry": {"type": "Point", "coordinates": [-70.796582, -33.327705]}, "properties": {"expediente": "VPC-1301-353", "tipo": "Consuntivo", "naturaleza": "Subterranea", "uso": "Otros Usos", "caudal_ls": 10.0, "unidad_original": "Lt/s", "fuente_agua": "Arroyo sin Nombre", "cuenca": "Rio Maipo", "profundidad_m": null, "datum_declarado": "1984", "titular_es_empresa": true, "precision": "según datum declarado"}}, {"type": "Feature", "geometry": {"type": "Point", "coordinates": [-70.740819, -33.325658]}, "properties": {"expediente": "VPC-1301-357", "tipo": "Consuntivo", "naturaleza": "Subterranea", "uso": "Otros Usos", "caudal_ls": 3.0, "unidad_original": "Lt/s", "fuente_agua": "Acuífero", "cuenca": "Rio Maipo", "profundidad_m": 0.0, "datum_declarado": "1984", "titular_es_empresa": true, "precision": "según datum declarado"}}, {"type": "Feature", "geometry": {"type": "Point", "coordinates": [-70.751161, -33.302399]}, "properties": {"expediente": "VPC-1301-331", "tipo": "Consuntivo", "naturaleza": "Subterranea", "uso": "Otros Usos", "caudal_ls": 50.0, "unidad_original": "Lt/s", "fuente_agua": "Acuífero", "cuenca": "Rio Maipo", "profundidad_m": null, "datum_declarado": "1984", "titular_es_empresa": true, "precision": "según datum declarado"}}, {"type": "Feature", "geometry": {"type": "Point", "coordinates": [-70.740752, -33.310373]}, "properties": {"expediente": "VPC-1301-347", "tipo": "Consuntivo", "naturaleza": "Subterranea", "uso": "Otros Usos", "caudal_ls": 1.0, "unidad_original": "Lt/s", "fuente_agua": "Acuífero", "cuenca": "Rio Maipo", "profundidad_m": 0.0, "datum_declarado": "1984", "titular_es_empresa": true, "precision": "según datum declarado"}}, {"type": "Feature", "geometry": {"type": "Point", "coordinates": [-70.739521, -33.274336]}, "properties": {"expediente": "VPC-1301-800090", "tipo": "Consuntivo", "naturaleza": "Subterranea", "uso": "Uso Industrial", "caudal_ls": 2.9, "unidad_original": "Lt/s", "fuente_agua": "Colina Sur", "cuenca": "Rio Maipo", "profundidad_m": null, "datum_declarado": "1984", "titular_es_empresa": true, "precision": "según datum declarado"}}, {"type": "Feature", "geometry": {"type": "Point", "coordinates": [-70.740987, -33.278828]}, "properties": {"expediente": "VPC-1301-800091", "tipo": "Consuntivo", "naturaleza": "Subterranea", "uso": "Uso Industrial", "caudal_ls": 2.88, "unidad_original": "Lt/s", "fuente_agua": "Colina Sur", "cuenca": "Rio Maipo", "profundidad_m": null, "datum_declarado": "1956", "titular_es_empresa": true, "precision": "según datum declarado"}}, {"type": "Feature", "geometry": {"type": "Point", "coordinates": [-70.825086, -33.355687]}, "properties": {"expediente": "VPC-1301-280", "tipo": "Consuntivo", "naturaleza": "Subterranea", "uso": "Riego", "caudal_ls": 4.3, "unidad_original": "Lt/s", "fuente_agua": "Acuífero", "cuenca": "Rio Maipo", "profundidad_m": 0.0, "datum_declarado": "1984", "titular_es_empresa": true, "precision": "según datum declarado"}}, {"type": "Feature", "geometry": {"type": "Point", "coordinates": [-70.747029, -33.299824]}, "properties": {"expediente": "VPC-1301-332", "tipo": "Consuntivo", "naturaleza": "Subterranea", "uso": "Otros Usos", "caudal_ls": 15.0, "unidad_original": "Lt/s", "fuente_agua": "Acuífero", "cuenca": "Rio Maipo", "profundidad_m": 0.0, "datum_declarado": "1984", "titular_es_empresa": true, "precision": "según datum declarado"}}, {"type": "Feature", "geometry": {"type": "Point", "coordinates": [-70.76078, -33.287257]}, "properties": {"expediente": "ND-1301-3629", "tipo": "Consuntivo", "naturaleza": "Subterranea", "uso": "Bebida/Uso Domestico/Saneamiento", "caudal_ls": 40.0, "unidad_original": "Lt/s", "fuente_agua": "Colina Sur", "cuenca": "Rio Maipo", "profundidad_m": 0.0, "datum_declarado": "1984", "titular_es_empresa": true, "precision": "según datum declarado"}}, {"type": "Feature", "geometry": {"type": "Point", "coordinates": [-70.760378, -33.234578]}, "properties": {"expediente": "VPC-1301-323", "tipo": "Consuntivo", "naturaleza": "Subterranea", "uso": "Otros Usos", "caudal_ls": 4.0, "unidad_original": "Lt/s", "fuente_agua": "Acuífero", "cuenca": "Rio Maipo", "profundidad_m": null, "datum_declarado": "1984", "titular_es_empresa": true, "precision": "según datum declarado"}}, {"type": "Feature", "geometry": {"type": "Point", "coordinates": [-70.742205, -33.28342]}, "properties": {"expediente": "VPC-1301-334", "tipo": "Consuntivo", "naturaleza": "Subterranea", "uso": "Otros Usos", "caudal_ls": 1.78, "unidad_original": "Lt/s", "fuente_agua": "Acuífero", "cuenca": "Rio Maipo", "profundidad_m": null, "datum_declarado": "1956", "titular_es_empresa": true, "precision": "según datum declarado"}}, {"type": "Feature", "geometry": {"type": "Point", "coordinates": [-70.741102, -33.284635]}, "properties": {"expediente": "VPC-1301-334", "tipo": "Consuntivo", "naturaleza": "Subterranea", "uso": "Otros Usos", "caudal_ls": 1.22, "unidad_original": "Lt/s", "fuente_agua": "Acuífero", "cuenca": "Rio Maipo", "profundidad_m": null, "datum_declarado": "1956", "titular_es_empresa": true, "precision": "según datum declarado"}}, {"type": "Feature", "geometry": {"type": "Point", "coordinates": [-70.867141, -33.345927]}, "properties": {"expediente": "VPC-1301-307", "tipo": "Consuntivo", "naturaleza": "Subterranea", "uso": "Otros Usos", "caudal_ls": 41.0, "unidad_original": "Lt/s", "fuente_agua": "Acuífero", "cuenca": "Rio Maipo", "profundidad_m": null, "datum_declarado": "1984", "titular_es_empresa": true, "precision": "según datum declarado"}}, {"type": "Feature", "geometry": {"type": "Point", "coordinates": [-70.783076, -33.237844]}, "properties": {"expediente": "VPC-1301-303", "tipo": "Consuntivo", "naturaleza": "Subterranea", "uso": "Otros Usos", "caudal_ls": 0.267, "unidad_original": "Lt/s", "fuente_agua": "Lampa", "cuenca": "Rio Maipo", "profundidad_m": 0.0, "datum_declarado": "1984", "titular_es_empresa": false, "precision": "según datum declarado"}}, {"type": "Feature", "geometry": {"type": "Point", "coordinates": [-70.808174, -33.325661]}, "properties": {"expediente": "NR-1301-800112", "tipo": "Consuntivo", "naturaleza": "Subterranea", "uso": "no declarado", "caudal_ls": 2.0, "unidad_original": "Lt/s", "fuente_agua": "Santiago Norte", "cuenca": "Rio Maipo", "profundidad_m": 0.0, "datum_declarado": null, "titular_es_empresa": true, "precision": "±300 m: datum no declarado en la fuente"}}, {"type": "Feature", "geometry": {"type": "Point", "coordinates": [-70.805493, -33.235699]}, "properties": {"expediente": "NR-1301-159", "tipo": "Consuntivo", "naturaleza": "Subterranea", "uso": "Otros Usos", "caudal_ls": 1.24, "unidad_original": "Lt/s", "fuente_agua": "Lampa", "cuenca": "Rio Maipo", "profundidad_m": 0.0, "datum_declarado": "1984", "titular_es_empresa": false, "precision": "según datum declarado"}}, {"type": "Feature", "geometry": {"type": "Point", "coordinates": [-70.840342, -33.349402]}, "properties": {"expediente": "VPC-1301-281", "tipo": "Consuntivo", "naturaleza": "Subterranea", "uso": "Riego", "caudal_ls": 0.5, "unidad_original": "Lt/s", "fuente_agua": "Acuífero", "cuenca": "Rio Maipo", "profundidad_m": null, "datum_declarado": "1984", "titular_es_empresa": true, "precision": "según datum declarado"}}, {"type": "Feature", "geometry": {"type": "Point", "coordinates": [-70.74565, -33.311459]}, "properties": {"expediente": "VPC-1301-273", "tipo": "Consuntivo", "naturaleza": "Subterranea", "uso": "Riego", "caudal_ls": 8.0, "unidad_original": "Lt/s", "fuente_agua": "Acuífero", "cuenca": "Rio Maipo", "profundidad_m": null, "datum_declarado": "1984", "titular_es_empresa": true, "precision": "según datum declarado"}}, {"type": "Feature", "geometry": {"type": "Point", "coordinates": [-70.746378, -33.330599]}, "properties": {"expediente": "NR-1301-800107", "tipo": "Consuntivo", "naturaleza": "Subterranea", "uso": "Riego", "caudal_ls": 1.0, "unidad_original": "Lt/s", "fuente_agua": "Colina Sur", "cuenca": "Rio Maipo", "profundidad_m": 0.0, "datum_declarado": "1956", "titular_es_empresa": true, "precision": "según datum declarado"}}, {"type": "Feature", "geometry": {"type": "Point", "coordinates": [-70.731641, -33.298813]}, "properties": {"expediente": "ND-1301-3611", "tipo": "Consuntivo", "naturaleza": "Subterranea", "uso": "Otros Usos", "caudal_ls": 4.5, "unidad_original": "Lt/s", "fuente_agua": "Colina Sur", "cuenca": "Rio Maipo", "profundidad_m": 0.0, "datum_declarado": "1984", "titular_es_empresa": true, "precision": "según datum declarado"}}, {"type": "Feature", "geometry": {"type": "Point", "coordinates": [-70.659935, -33.208029]}, "properties": {"expediente": "ND-1301-1977", "tipo": "Consuntivo", "naturaleza": "Subterranea", "uso": "Riego", "caudal_ls": 0.53, "unidad_original": "Lt/s", "fuente_agua": "Acuífero", "cuenca": "Rio Maipo", "profundidad_m": 0.0, "datum_declarado": "1984", "titular_es_empresa": false, "precision": "según datum declarado"}}, {"type": "Feature", "geometry": {"type": "Point", "coordinates": [-70.909272, -33.203956]}, "properties": {"expediente": "ND-1301-1038", "tipo": "Consuntivo", "naturaleza": "Subterranea", "uso": "Riego", "caudal_ls": 0.24, "unidad_original": "Lt/s", "fuente_agua": "Lampa", "cuenca": "Rio Maipo", "profundidad_m": 0.0, "datum_declarado": "1984", "titular_es_empresa": false, "precision": "según datum declarado"}}, {"type": "Feature", "geometry": {"type": "Point", "coordinates": [-70.843199, -33.340152]}, "properties": {"expediente": "ND-1301-1839", "tipo": "Consuntivo", "naturaleza": "Subterranea", "uso": "Riego", "caudal_ls": 0.13, "unidad_original": "Lt/s", "fuente_agua": "Santiago Norte", "cuenca": "Rio Maipo", "profundidad_m": 0.0, "datum_declarado": "1984", "titular_es_empresa": false, "precision": "según datum declarado"}}, {"type": "Feature", "geometry": {"type": "Point", "coordinates": [-70.765456, -33.321631]}, "properties": {"expediente": "VPC-1301-244", "tipo": "Consuntivo", "naturaleza": "Subterranea", "uso": "no declarado", "caudal_ls": 79.08, "unidad_original": "Lt/s", "fuente_agua": "ACUIFERO DE COLINA SUR", "cuenca": "Rio Maipo", "profundidad_m": null, "datum_declarado": "1984", "titular_es_empresa": true, "precision": "según datum declarado"}}, {"type": "Feature", "geometry": {"type": "Point", "coordinates": [-70.780316, -33.247244]}, "properties": {"expediente": "UA-1301-812591", "tipo": "Consuntivo", "naturaleza": "Subterranea", "uso": "no declarado", "caudal_ls": 58.0, "unidad_original": "Lt/s", "fuente_agua": "", "cuenca": "Rio Maipo", "profundidad_m": null, "datum_declarado": "1984", "titular_es_empresa": true, "precision": "según datum declarado"}}, {"type": "Feature", "geometry": {"type": "Point", "coordinates": [-70.839233, -33.341113]}, "properties": {"expediente": "ND-1301-2606", "tipo": "Consuntivo", "naturaleza": "Subterranea", "uso": "Riego", "caudal_ls": 2.0, "unidad_original": "Lt/s", "fuente_agua": "Santiago Norte", "cuenca": "Rio Maipo", "profundidad_m": 0.0, "datum_declarado": "1984", "titular_es_empresa": false, "precision": "según datum declarado"}}, {"type": "Feature", "geometry": {"type": "Point", "coordinates": [-70.734902, -33.296346]}, "properties": {"expediente": "ND-1301-801078", "tipo": "Consuntivo", "naturaleza": "Subterranea", "uso": "Otros Usos", "caudal_ls": 3.0, "unidad_original": "Lt/s", "fuente_agua": "Colina Sur", "cuenca": "Rio Maipo", "profundidad_m": 22.0, "datum_declarado": "1956", "titular_es_empresa": true, "precision": "según datum declarado"}}, {"type": "Feature", "geometry": {"type": "Point", "coordinates": [-70.736024, -33.294585]}, "properties": {"expediente": "VPC-1301-245", "tipo": "Consuntivo", "naturaleza": "Subterranea", "uso": "no declarado", "caudal_ls": 10.0, "unidad_original": "Lt/s", "fuente_agua": "Colina Sur", "cuenca": "Rio Maipo", "profundidad_m": 0.0, "datum_declarado": "1984", "titular_es_empresa": true, "precision": "según datum declarado"}}, {"type": "Feature", "geometry": {"type": "Point", "coordinates": [-70.846684, -33.338306]}, "properties": {"expediente": "ND-1301-1257", "tipo": "Consuntivo", "naturaleza": "Subterranea", "uso": "Riego", "caudal_ls": 0.14, "unidad_original": "Lt/s", "fuente_agua": "Santiago Norte", "cuenca": "Rio Maipo", "profundidad_m": 0.0, "datum_declarado": "1984", "titular_es_empresa": false, "precision": "según datum declarado"}}, {"type": "Feature", "geometry": {"type": "Point", "coordinates": [-70.843252, -33.336075]}, "properties": {"expediente": "ND-1301-1841", "tipo": "Consuntivo", "naturaleza": "Subterranea", "uso": "Riego", "caudal_ls": 2.0, "unidad_original": "Lt/s", "fuente_agua": "Santiago Norte", "cuenca": "Rio Maipo", "profundidad_m": 0.0, "datum_declarado": "1984", "titular_es_empresa": false, "precision": "según datum declarado"}}, {"type": "Feature", "geometry": {"type": "Point", "coordinates": [-70.843232, -33.336644]}, "properties": {"expediente": "ND-1301-1842", "tipo": "Consuntivo", "naturaleza": "Subterranea", "uso": "Riego", "caudal_ls": 0.15, "unidad_original": "Lt/s", "fuente_agua": "Santiago Norte", "cuenca": "Rio Maipo", "profundidad_m": 0.0, "datum_declarado": "1984", "titular_es_empresa": false, "precision": "según datum declarado"}}, {"type": "Feature", "geometry": {"type": "Point", "coordinates": [-70.841809, -33.336412]}, "properties": {"expediente": "ND-1301-1851", "tipo": "Consuntivo", "naturaleza": "Subterranea", "uso": "Riego", "caudal_ls": 0.13, "unidad_original": "Lt/s", "fuente_agua": "Santiago Norte", "cuenca": "Rio Maipo", "profundidad_m": 0.0, "datum_declarado": "1984", "titular_es_empresa": false, "precision": "según datum declarado"}}, {"type": "Feature", "geometry": {"type": "Point", "coordinates": [-70.849646, -33.321885]}, "properties": {"expediente": "ND-1301-2120", "tipo": "Consuntivo", "naturaleza": "Subterranea", "uso": "Riego", "caudal_ls": 1.08, "unidad_original": "Lt/s", "fuente_agua": "Santiago Norte", "cuenca": "Rio Maipo", "profundidad_m": 0.0, "datum_declarado": "1984", "titular_es_empresa": false, "precision": "según datum declarado"}}, {"type": "Feature", "geometry": {"type": "Point", "coordinates": [-70.844932, -33.336231]}, "properties": {"expediente": "ND-1301-1256", "tipo": "Consuntivo", "naturaleza": "Subterranea", "uso": "Riego", "caudal_ls": 0.8, "unidad_original": "Lt/s", "fuente_agua": "Santiago Norte", "cuenca": "Rio Maipo", "profundidad_m": 0.0, "datum_declarado": "1984", "titular_es_empresa": false, "precision": "según datum declarado"}}, {"type": "Feature", "geometry": {"type": "Point", "coordinates": [-70.844767, -33.336053]}, "properties": {"expediente": "ND-1301-1258", "tipo": "Consuntivo", "naturaleza": "Subterranea", "uso": "Riego", "caudal_ls": 0.51, "unidad_original": "Lt/s", "fuente_agua": "Santiago Norte", "cuenca": "Rio Maipo", "profundidad_m": 0.0, "datum_declarado": "1984", "titular_es_empresa": false, "precision": "según datum declarado"}}, {"type": "Feature", "geometry": {"type": "Point", "coordinates": [-70.845675, -33.280767]}, "properties": {"expediente": "ND-1301-1952", "tipo": "Consuntivo", "naturaleza": "Subterranea", "uso": "Riego", "caudal_ls": 0.68, "unidad_original": "Lt/s", "fuente_agua": "Lampa", "cuenca": "Rio Maipo", "profundidad_m": 0.0, "datum_declarado": "1984", "titular_es_empresa": false, "precision": "según datum declarado"}}, {"type": "Feature", "geometry": {"type": "Point", "coordinates": [-70.82271, -33.340166]}, "properties": {"expediente": "ND-1301-2608", "tipo": "Consuntivo", "naturaleza": "Subterranea", "uso": "Riego", "caudal_ls": 0.18, "unidad_original": "Lt/s", "fuente_agua": "Santiago Norte", "cuenca": "Rio Maipo", "profundidad_m": 0.0, "datum_declarado": "1984", "titular_es_empresa": false, "precision": "según datum declarado"}}, {"type": "Feature", "geometry": {"type": "Point", "coordinates": [-70.794092, -33.282695]}, "properties": {"expediente": "ND-1301-2976", "tipo": "Consuntivo", "naturaleza": "Subterranea", "uso": "Riego", "caudal_ls": 0.58, "unidad_original": "Lt/s", "fuente_agua": "Lampa", "cuenca": "Rio Maipo", "profundidad_m": 0.0, "datum_declarado": "1984", "titular_es_empresa": false, "precision": "según datum declarado"}}, {"type": "Feature", "geometry": {"type": "Point", "coordinates": [-70.796839, -33.213441]}, "properties": {"expediente": "ND-1301-3109", "tipo": "Consuntivo", "naturaleza": "Subterranea", "uso": "Riego", "caudal_ls": 2.0, "unidad_original": "Lt/s", "fuente_agua": "Lampa", "cuenca": "Rio Maipo", "profundidad_m": 0.0, "datum_declarado": "1984", "titular_es_empresa": false, "precision": "según datum declarado"}}, {"type": "Feature", "geometry": {"type": "Point", "coordinates": [-70.852774, -33.297147]}, "properties": {"expediente": "ND-1301-3101", "tipo": "Consuntivo", "naturaleza": "Subterranea", "uso": "Riego", "caudal_ls": 0.71, "unidad_original": "Lt/s", "fuente_agua": "Lampa", "cuenca": "Rio Maipo", "profundidad_m": 0.0, "datum_declarado": "1984", "titular_es_empresa": false, "precision": "según datum declarado"}}, {"type": "Feature", "geometry": {"type": "Point", "coordinates": [-70.840859, -33.347446]}, "properties": {"expediente": "ND-1301-1035", "tipo": "Consuntivo", "naturaleza": "Subterranea", "uso": "Riego", "caudal_ls": 0.31, "unidad_original": "Lt/s", "fuente_agua": "Santiago Norte", "cuenca": "Rio Maipo", "profundidad_m": 0.0, "datum_declarado": "1984", "titular_es_empresa": false, "precision": "según datum declarado"}}, {"type": "Feature", "geometry": {"type": "Point", "coordinates": [-70.831244, -33.249354]}, "properties": {"expediente": "ND-1301-1345", "tipo": "Consuntivo", "naturaleza": "Subterranea", "uso": "Riego", "caudal_ls": 0.14, "unidad_original": "Lt/s", "fuente_agua": "Lampa", "cuenca": "Rio Maipo", "profundidad_m": 0.0, "datum_declarado": "1984", "titular_es_empresa": false, "precision": "según datum declarado"}}, {"type": "Feature", "geometry": {"type": "Point", "coordinates": [-70.774374, -33.237914]}, "properties": {"expediente": "ND-1301-2079", "tipo": "Consuntivo", "naturaleza": "Subterranea", "uso": "Riego", "caudal_ls": 0.45, "unidad_original": "Lt/s", "fuente_agua": "Lampa", "cuenca": "Rio Maipo", "profundidad_m": 0.0, "datum_declarado": "1984", "titular_es_empresa": false, "precision": "según datum declarado"}}, {"type": "Feature", "geometry": {"type": "Point", "coordinates": [-70.830312, -33.24999]}, "properties": {"expediente": "ND-1301-985", "tipo": "Consuntivo", "naturaleza": "Subterranea", "uso": "Riego", "caudal_ls": 1.35, "unidad_original": "Lt/s", "fuente_agua": "Lampa", "cuenca": "Rio Maipo", "profundidad_m": 0.0, "datum_declarado": "1984", "titular_es_empresa": false, "precision": "según datum declarado"}}, {"type": "Feature", "geometry": {"type": "Point", "coordinates": [-70.765021, -33.281362]}, "properties": {"expediente": "ND-1301-3049", "tipo": "Consuntivo", "naturaleza": "Subterranea", "uso": "Riego", "caudal_ls": 1.97, "unidad_original": "Lt/s", "fuente_agua": "Acuífero", "cuenca": "Rio Maipo", "profundidad_m": 0.0, "datum_declarado": "1984", "titular_es_empresa": false, "precision": "según datum declarado"}}, {"type": "Feature", "geometry": {"type": "Point", "coordinates": [-70.796572, -33.296854]}, "properties": {"expediente": "ND-1301-3433", "tipo": "Consuntivo", "naturaleza": "Subterranea", "uso": "Riego", "caudal_ls": 1.39, "unidad_original": "Lt/s", "fuente_agua": "Colina Sur", "cuenca": "Rio Maipo", "profundidad_m": 0.0, "datum_declarado": "1984", "titular_es_empresa": false, "precision": "según datum declarado"}}, {"type": "Feature", "geometry": {"type": "Point", "coordinates": [-70.854943, -33.275327]}, "properties": {"expediente": "ND-1301-3453", "tipo": "Consuntivo", "naturaleza": "Subterranea", "uso": "Riego", "caudal_ls": 0.71, "unidad_original": "Lt/s", "fuente_agua": "Lampa", "cuenca": "Rio Maipo", "profundidad_m": 0.0, "datum_declarado": "1984", "titular_es_empresa": false, "precision": "según datum declarado"}}, {"type": "Feature", "geometry": {"type": "Point", "coordinates": [-70.85441, -33.306447]}, "properties": {"expediente": "ND-1301-1408", "tipo": "Consuntivo", "naturaleza": "Subterranea", "uso": "Riego", "caudal_ls": 2.0, "unidad_original": "Lt/s", "fuente_agua": "Santiago Norte", "cuenca": "Rio Maipo", "profundidad_m": 0.0, "datum_declarado": "1984", "titular_es_empresa": false, "precision": "según datum declarado"}}, {"type": "Feature", "geometry": {"type": "Point", "coordinates": [-70.839955, -33.277849]}, "properties": {"expediente": "ND-1301-1596", "tipo": "Consuntivo", "naturaleza": "Subterranea", "uso": "Riego", "caudal_ls": 1.56, "unidad_original": "Lt/s", "fuente_agua": "Lampa", "cuenca": "Rio Maipo", "profundidad_m": 0.0, "datum_declarado": "1984", "titular_es_empresa": false, "precision": "según datum declarado"}}, {"type": "Feature", "geometry": {"type": "Point", "coordinates": [-70.822754, -33.344341]}, "properties": {"expediente": "ND-1301-1156", "tipo": "Consuntivo", "naturaleza": "Subterranea", "uso": "Riego", "caudal_ls": 1.8, "unidad_original": "Lt/s", "fuente_agua": "Santiago Norte", "cuenca": "Rio Maipo", "profundidad_m": 0.0, "datum_declarado": "1984", "titular_es_empresa": false, "precision": "según datum declarado"}}, {"type": "Feature", "geometry": {"type": "Point", "coordinates": [-70.852266, -33.305117]}, "properties": {"expediente": "ND-1301-1598", "tipo": "Consuntivo", "naturaleza": "Subterranea", "uso": "Riego", "caudal_ls": 0.5, "unidad_original": "Lt/s", "fuente_agua": "Acuífero", "cuenca": "Rio Maipo", "profundidad_m": 0.0, "datum_declarado": "1984", "titular_es_empresa": false, "precision": "según datum declarado"}}, {"type": "Feature", "geometry": {"type": "Point", "coordinates": [-70.797419, -33.302027]}, "properties": {"expediente": "ND-1301-2376", "tipo": "Consuntivo", "naturaleza": "Subterranea", "uso": "Riego", "caudal_ls": 1.97, "unidad_original": "Lt/s", "fuente_agua": "Colina Sur", "cuenca": "Rio Maipo", "profundidad_m": 0.0, "datum_declarado": "1984", "titular_es_empresa": false, "precision": "según datum declarado"}}, {"type": "Feature", "geometry": {"type": "Point", "coordinates": [-70.847088, -33.27805]}, "properties": {"expediente": "ND-1301-2508", "tipo": "Consuntivo", "naturaleza": "Subterranea", "uso": "Riego", "caudal_ls": 2.0, "unidad_original": "Lt/s", "fuente_agua": "Lampa", "cuenca": "Rio Maipo", "profundidad_m": 0.0, "datum_declarado": "1984", "titular_es_empresa": false, "precision": "según datum declarado"}}, {"type": "Feature", "geometry": {"type": "Point", "coordinates": [-70.850878, -33.306013]}, "properties": {"expediente": "ND-1301-3417", "tipo": "Consuntivo", "naturaleza": "Subterranea", "uso": "Riego", "caudal_ls": 1.97, "unidad_original": "Lt/s", "fuente_agua": "Acuífero", "cuenca": "Rio Maipo", "profundidad_m": 0.0, "datum_declarado": "1984", "titular_es_empresa": false, "precision": "según datum declarado"}}, {"type": "Feature", "geometry": {"type": "Point", "coordinates": [-70.893032, -33.271154]}, "properties": {"expediente": "ND-1301-800384", "tipo": "Consuntivo", "naturaleza": "Subterranea", "uso": "no declarado", "caudal_ls": 27.0, "unidad_original": "Lt/s", "fuente_agua": "", "cuenca": "Rio Maipo", "profundidad_m": 50.0, "datum_declarado": "1969", "titular_es_empresa": true, "precision": "según datum declarado"}}, {"type": "Feature", "geometry": {"type": "Point", "coordinates": [-70.881082, -33.293074]}, "properties": {"expediente": "VPC-1301-234", "tipo": "Consuntivo", "naturaleza": "Subterranea", "uso": "Otros Usos", "caudal_ls": 34.1, "unidad_original": "Lt/s", "fuente_agua": "Lampa", "cuenca": "Rio Maipo", "profundidad_m": 0.0, "datum_declarado": "1956", "titular_es_empresa": true, "precision": "según datum declarado"}}, {"type": "Feature", "geometry": {"type": "Point", "coordinates": [-70.831017, -33.35656]}, "properties": {"expediente": "VPC-1301-226", "tipo": "Consuntivo", "naturaleza": "Subterranea", "uso": "no declarado", "caudal_ls": 0.9, "unidad_original": "Lt/s", "fuente_agua": "Santiago Norte", "cuenca": "Rio Maipo", "profundidad_m": 0.0, "datum_declarado": "1956", "titular_es_empresa": false, "precision": "según datum declarado"}}, {"type": "Feature", "geometry": {"type": "Point", "coordinates": [-70.746378, -33.330599]}, "properties": {"expediente": "NR-1301-800053", "tipo": "Consuntivo", "naturaleza": "Subterranea", "uso": "Riego", "caudal_ls": 1.0, "unidad_original": "Lt/s", "fuente_agua": "Colina Sur", "cuenca": "Rio Maipo", "profundidad_m": 0.0, "datum_declarado": "1956", "titular_es_empresa": false, "precision": "según datum declarado"}}, {"type": "Feature", "geometry": {"type": "Point", "coordinates": [-70.816952, -33.316912]}, "properties": {"expediente": "VPC-1301-200", "tipo": "Consuntivo", "naturaleza": "Subterranea", "uso": "Bebida/Uso Domestico/Saneamiento", "caudal_ls": 26.7, "unidad_original": "Lt/s", "fuente_agua": "Lampa", "cuenca": "Rio Maipo", "profundidad_m": 0.0, "datum_declarado": "1984", "titular_es_empresa": false, "precision": "según datum declarado"}}, {"type": "Feature", "geometry": {"type": "Point", "coordinates": [-70.803725, -33.303171]}, "properties": {"expediente": "VPC-1301-200", "tipo": "Consuntivo", "naturaleza": "Subterranea", "uso": "Bebida/Uso Domestico/Saneamiento", "caudal_ls": 22.0, "unidad_original": "Lt/s", "fuente_agua": "Sin estudiar", "cuenca": "Rio Maipo", "profundidad_m": 0.0, "datum_declarado": "1984", "titular_es_empresa": false, "precision": "según datum declarado"}}, {"type": "Feature", "geometry": {"type": "Point", "coordinates": [-70.907964, -33.241487]}, "properties": {"expediente": "UA-1301-812351", "tipo": "Consuntivo", "naturaleza": "Subterranea", "uso": "no declarado", "caudal_ls": 3.03, "unidad_original": "Lt/s", "fuente_agua": "", "cuenca": "Rio Maipo", "profundidad_m": 0.0, "datum_declarado": "1956", "titular_es_empresa": false, "precision": "según datum declarado"}}, {"type": "Feature", "geometry": {"type": "Point", "coordinates": [-70.851236, -33.298464]}, "properties": {"expediente": "ND-1301-3596", "tipo": "Consuntivo", "naturaleza": "Subterranea", "uso": "Riego", "caudal_ls": 2.4, "unidad_original": "Lt/s", "fuente_agua": "Lampa", "cuenca": "Rio Maipo", "profundidad_m": 0.0, "datum_declarado": "1956", "titular_es_empresa": false, "precision": "según datum declarado"}}, {"type": "Feature", "geometry": {"type": "Point", "coordinates": [-70.816615, -33.30058]}, "properties": {"expediente": "ND-1301-792", "tipo": "Consuntivo", "naturaleza": "Subterranea", "uso": "Otros Usos", "caudal_ls": 20.0, "unidad_original": "Lt/s", "fuente_agua": "Lampa", "cuenca": "Rio Maipo", "profundidad_m": 0.0, "datum_declarado": "1956", "titular_es_empresa": true, "precision": "según datum declarado"}}, {"type": "Feature", "geometry": {"type": "Point", "coordinates": [-70.822345, -33.277635]}, "properties": {"expediente": "VPC-1301-193", "tipo": "Consuntivo", "naturaleza": "Subterranea", "uso": "Otros Usos", "caudal_ls": 1.0, "unidad_original": "Lt/s", "fuente_agua": "Lampa", "cuenca": "Rio Maipo", "profundidad_m": null, "datum_declarado": "1956", "titular_es_empresa": true, "precision": "según datum declarado"}}, {"type": "Feature", "geometry": {"type": "Point", "coordinates": [-70.734073, -33.323358]}, "properties": {"expediente": "ND-1301-3587", "tipo": "Consuntivo", "naturaleza": "Subterranea", "uso": "Otros Usos", "caudal_ls": 7.0, "unidad_original": "Lt/s", "fuente_agua": "Colina Sur", "cuenca": "Rio Maipo", "profundidad_m": 0.0, "datum_declarado": "1956", "titular_es_empresa": true, "precision": "según datum declarado"}}, {"type": "Feature", "geometry": {"type": "Point", "coordinates": [-70.879828, -33.295672]}, "properties": {"expediente": "VPC-1301-197", "tipo": "Consuntivo", "naturaleza": "Subterranea", "uso": "Bebida/Uso Domestico/Saneamiento", "caudal_ls": 100.0, "unidad_original": "Lt/s", "fuente_agua": "Santiago Norte", "cuenca": "Rio Maipo", "profundidad_m": 0.0, "datum_declarado": "1956", "titular_es_empresa": true, "precision": "según datum declarado"}}, {"type": "Feature", "geometry": {"type": "Point", "coordinates": [-70.746378, -33.330599]}, "properties": {"expediente": "NR-1301-800049", "tipo": "Consuntivo", "naturaleza": "Subterranea", "uso": "Riego", "caudal_ls": 2.0, "unidad_original": "Lt/s", "fuente_agua": "Colina Sur", "cuenca": "Rio Maipo", "profundidad_m": 0.0, "datum_declarado": "1956", "titular_es_empresa": false, "precision": "según datum declarado"}}, {"type": "Feature", "geometry": {"type": "Point", "coordinates": [-70.746378, -33.330599]}, "properties": {"expediente": "NR-1301-800048", "tipo": "Consuntivo", "naturaleza": "Subterranea", "uso": "Riego", "caudal_ls": 3.0, "unidad_original": "Lt/s", "fuente_agua": "Colina Sur", "cuenca": "Rio Maipo", "profundidad_m": 0.0, "datum_declarado": "1956", "titular_es_empresa": true, "precision": "según datum declarado"}}, {"type": "Feature", "geometry": {"type": "Point", "coordinates": [-70.746378, -33.330599]}, "properties": {"expediente": "NR-1301-800113", "tipo": "Consuntivo", "naturaleza": "Subterranea", "uso": "Riego", "caudal_ls": 1.0, "unidad_original": "Lt/s", "fuente_agua": "Colina Sur", "cuenca": "Rio Maipo", "profundidad_m": 0.0, "datum_declarado": "1956", "titular_es_empresa": true, "precision": "según datum declarado"}}, {"type": "Feature", "geometry": {"type": "Point", "coordinates": [-70.808174, -33.325661]}, "properties": {"expediente": "NR-1301-800186", "tipo": "Consuntivo", "naturaleza": "Subterranea", "uso": "no declarado", "caudal_ls": 7.0, "unidad_original": "Lt/s", "fuente_agua": "Santiago Norte", "cuenca": "Rio Maipo", "profundidad_m": 0.0, "datum_declarado": null, "titular_es_empresa": true, "precision": "±300 m: datum no declarado en la fuente"}}, {"type": "Feature", "geometry": {"type": "Point", "coordinates": [-70.722353, -33.322222]}, "properties": {"expediente": "VPC-1301-180", "tipo": "Consuntivo", "naturaleza": "Subterranea", "uso": "Otros Usos", "caudal_ls": 10.0, "unidad_original": "Lt/s", "fuente_agua": "Acuífero", "cuenca": "Rio Maipo", "profundidad_m": null, "datum_declarado": "1956", "titular_es_empresa": true, "precision": "según datum declarado"}}, {"type": "Feature", "geometry": {"type": "Point", "coordinates": [-70.761193, -33.286823]}, "properties": {"expediente": "VPC-1301-176", "tipo": "Consuntivo", "naturaleza": "Subterranea", "uso": "Uso Industrial", "caudal_ls": 5.0, "unidad_original": "Lt/s", "fuente_agua": "Acuífero", "cuenca": "Rio Maipo", "profundidad_m": null, "datum_declarado": "1956", "titular_es_empresa": true, "precision": "según datum declarado"}}, {"type": "Feature", "geometry": {"type": "Point", "coordinates": [-70.808174, -33.325661]}, "properties": {"expediente": "NR-1301-800156", "tipo": "Consuntivo", "naturaleza": "Subterranea", "uso": "no declarado", "caudal_ls": 10.0, "unidad_original": "Lt/s", "fuente_agua": "Santiago Norte", "cuenca": "Rio Maipo", "profundidad_m": 0.0, "datum_declarado": null, "titular_es_empresa": true, "precision": "±300 m: datum no declarado en la fuente"}}, {"type": "Feature", "geometry": {"type": "Point", "coordinates": [-70.746675, -33.279908]}, "properties": {"expediente": "ND-1301-3582", "tipo": "Consuntivo", "naturaleza": "Subterranea", "uso": "Otros Usos", "caudal_ls": 3.0, "unidad_original": "Lt/s", "fuente_agua": "Colina Sur", "cuenca": "Rio Maipo", "profundidad_m": 30.0, "datum_declarado": "1984", "titular_es_empresa": true, "precision": "según datum declarado"}}, {"type": "Feature", "geometry": {"type": "Point", "coordinates": [-70.757019, -33.283779]}, "properties": {"expediente": "ND-1301-725", "tipo": "Consuntivo", "naturaleza": "Subterranea", "uso": "Otros Usos", "caudal_ls": 75.5, "unidad_original": "Lt/s", "fuente_agua": "Colina Sur", "cuenca": "Rio Maipo", "profundidad_m": 0.0, "datum_declarado": "1956", "titular_es_empresa": true, "precision": "según datum declarado"}}, {"type": "Feature", "geometry": {"type": "Point", "coordinates": [-70.851639, -33.274325]}, "properties": {"expediente": "ND-1301-3545", "tipo": "Consuntivo", "naturaleza": "Subterranea", "uso": "Bebida/Uso Domestico/Saneamiento", "caudal_ls": 28.0, "unidad_original": "Lt/s", "fuente_agua": "Lampa", "cuenca": "Rio Maipo", "profundidad_m": 0.0, "datum_declarado": "1956", "titular_es_empresa": true, "precision": "según datum declarado"}}, {"type": "Feature", "geometry": {"type": "Point", "coordinates": [-70.771772, -33.224735]}, "properties": {"expediente": "ND-1301-2946", "tipo": "Consuntivo", "naturaleza": "Subterranea", "uso": "Bebida/Uso Domestico/Saneamiento", "caudal_ls": 50.0, "unidad_original": "Lt/s", "fuente_agua": "Lampa", "cuenca": "Rio Maipo", "profundidad_m": 0.0, "datum_declarado": "1956", "titular_es_empresa": true, "precision": "según datum declarado"}}, {"type": "Feature", "geometry": {"type": "Point", "coordinates": [-70.880226, -33.336228]}, "properties": {"expediente": "VPC-1301-168", "tipo": "Consuntivo", "naturaleza": "Subterranea", "uso": "no declarado", "caudal_ls": 30.0, "unidad_original": "Lt/s", "fuente_agua": "Santiago Norte", "cuenca": "Rio Maipo", "profundidad_m": 0.0, "datum_declarado": "1956", "titular_es_empresa": true, "precision": "según datum declarado"}}, {"type": "Feature", "geometry": {"type": "Point", "coordinates": [-70.831363, -33.355757]}, "properties": {"expediente": "VPC-1301-161", "tipo": "Consuntivo", "naturaleza": "Subterranea", "uso": "no declarado", "caudal_ls": 1.8, "unidad_original": "Lt/s", "fuente_agua": "Santiago Norte", "cuenca": "Rio Maipo", "profundidad_m": 0.0, "datum_declarado": "1984", "titular_es_empresa": true, "precision": "según datum declarado"}}, {"type": "Feature", "geometry": {"type": "Point", "coordinates": [-70.748957, -33.263927]}, "properties": {"expediente": "VPC-1301-55", "tipo": "Consuntivo", "naturaleza": "Subterranea", "uso": "Riego", "caudal_ls": 40.0, "unidad_original": "Lt/s", "fuente_agua": "", "cuenca": "Rio Maipo", "profundidad_m": null, "datum_declarado": "1956", "titular_es_empresa": true, "precision": "según datum declarado"}}, {"type": "Feature", "geometry": {"type": "Point", "coordinates": [-70.751367, -33.265814]}, "properties": {"expediente": "VPC-1301-55", "tipo": "Consuntivo", "naturaleza": "Subterranea", "uso": "Riego", "caudal_ls": 80.0, "unidad_original": "Lt/s", "fuente_agua": "Colina Sur", "cuenca": "Rio Maipo", "profundidad_m": 0.0, "datum_declarado": "1956", "titular_es_empresa": true, "precision": "según datum declarado"}}, {"type": "Feature", "geometry": {"type": "Point", "coordinates": [-70.904353, -33.19914]}, "properties": {"expediente": "ND-1301-800669", "tipo": "Consuntivo", "naturaleza": "Subterranea", "uso": "no declarado", "caudal_ls": 2.0, "unidad_original": "Lt/s", "fuente_agua": "Acuífero", "cuenca": "Rio Maipo", "profundidad_m": 0.0, "datum_declarado": "1956", "titular_es_empresa": false, "precision": "según datum declarado"}}, {"type": "Feature", "geometry": {"type": "Point", "coordinates": [-70.907964, -33.241487]}, "properties": {"expediente": "UA-1301-812220", "tipo": "Consuntivo", "naturaleza": "Subterranea", "uso": "no declarado", "caudal_ls": 1.08, "unidad_original": "Lt/s", "fuente_agua": "", "cuenca": "Rio Maipo", "profundidad_m": null, "datum_declarado": "1956", "titular_es_empresa": false, "precision": "según datum declarado"}}, {"type": "Feature", "geometry": {"type": "Point", "coordinates": [-70.907806, -33.246061]}, "properties": {"expediente": "UA-1301-812220", "tipo": "Consuntivo", "naturaleza": "Subterranea", "uso": "no declarado", "caudal_ls": 2.83, "unidad_original": "Lt/s", "fuente_agua": "", "cuenca": "Rio Maipo", "profundidad_m": null, "datum_declarado": "1956", "titular_es_empresa": false, "precision": "según datum declarado"}}, {"type": "Feature", "geometry": {"type": "Point", "coordinates": [-70.907964, -33.241487]}, "properties": {"expediente": "UA-1301-812176", "tipo": "Consuntivo", "naturaleza": "Subterranea", "uso": "no declarado", "caudal_ls": 0.44, "unidad_original": "Lt/s", "fuente_agua": "", "cuenca": "Rio Maipo", "profundidad_m": null, "datum_declarado": "1956", "titular_es_empresa": false, "precision": "según datum declarado"}}, {"type": "Feature", "geometry": {"type": "Point", "coordinates": [-70.907806, -33.246061]}, "properties": {"expediente": "UA-1301-812176", "tipo": "Consuntivo", "naturaleza": "Subterranea", "uso": "no declarado", "caudal_ls": 1.15, "unidad_original": "Lt/s", "fuente_agua": "", "cuenca": "Rio Maipo", "profundidad_m": null, "datum_declarado": "1956", "titular_es_empresa": false, "precision": "según datum declarado"}}, {"type": "Feature", "geometry": {"type": "Point", "coordinates": [-70.907964, -33.241487]}, "properties": {"expediente": "UA-1301-812177", "tipo": "Consuntivo", "naturaleza": "Subterranea", "uso": "no declarado", "caudal_ls": 0.44, "unidad_original": "Lt/s", "fuente_agua": "", "cuenca": "Rio Maipo", "profundidad_m": null, "datum_declarado": "1956", "titular_es_empresa": false, "precision": "según datum declarado"}}, {"type": "Feature", "geometry": {"type": "Point", "coordinates": [-70.907806, -33.246061]}, "properties": {"expediente": "UA-1301-812177", "tipo": "Consuntivo", "naturaleza": "Subterranea", "uso": "no declarado", "caudal_ls": 1.15, "unidad_original": "Lt/s", "fuente_agua": "", "cuenca": "Rio Maipo", "profundidad_m": null, "datum_declarado": "1956", "titular_es_empresa": false, "precision": "según datum declarado"}}, {"type": "Feature", "geometry": {"type": "Point", "coordinates": [-70.907964, -33.241487]}, "properties": {"expediente": "UA-1301-812178", "tipo": "Consuntivo", "naturaleza": "Subterranea", "uso": "no declarado", "caudal_ls": 0.09, "unidad_original": "Lt/s", "fuente_agua": "", "cuenca": "Rio Maipo", "profundidad_m": null, "datum_declarado": "1956", "titular_es_empresa": false, "precision": "según datum declarado"}}, {"type": "Feature", "geometry": {"type": "Point", "coordinates": [-70.907806, -33.246061]}, "properties": {"expediente": "UA-1301-812178", "tipo": "Consuntivo", "naturaleza": "Subterranea", "uso": "no declarado", "caudal_ls": 0.24, "unidad_original": "Lt/s", "fuente_agua": "", "cuenca": "Rio Maipo", "profundidad_m": null, "datum_declarado": "1956", "titular_es_empresa": false, "precision": "según datum declarado"}}, {"type": "Feature", "geometry": {"type": "Point", "coordinates": [-70.741642, -33.28534]}, "properties": {"expediente": "ND-1301-726", "tipo": "Consuntivo", "naturaleza": "Subterranea", "uso": "no declarado", "caudal_ls": 4.0, "unidad_original": "Lt/s", "fuente_agua": "Colina Sur", "cuenca": "Rio Maipo", "profundidad_m": 120.0, "datum_declarado": "1956", "titular_es_empresa": true, "precision": "según datum declarado"}}, {"type": "Feature", "geometry": {"type": "Point", "coordinates": [-70.801661, -33.34105]}, "properties": {"expediente": "ND-1301-696", "tipo": "Consuntivo", "naturaleza": "Subterranea", "uso": "Bebida/Uso Domestico/Saneamiento", "caudal_ls": 70.0, "unidad_original": "Lt/s", "fuente_agua": "Colina Sur", "cuenca": "Rio Maipo", "profundidad_m": 0.0, "datum_declarado": "1969", "titular_es_empresa": true, "precision": "según datum declarado"}}, {"type": "Feature", "geometry": {"type": "Point", "coordinates": [-70.8004, -33.337236]}, "properties": {"expediente": "ND-1301-696", "tipo": "Consuntivo", "naturaleza": "Subterranea", "uso": "Bebida/Uso Domestico/Saneamiento", "caudal_ls": 68.0, "unidad_original": "Lt/s", "fuente_agua": "Colina Sur", "cuenca": "Rio Maipo", "profundidad_m": 0.0, "datum_declarado": "1969", "titular_es_empresa": true, "precision": "según datum declarado"}}, {"type": "Feature", "geometry": {"type": "Point", "coordinates": [-70.782761, -33.31411]}, "properties": {"expediente": "ND-1301-698", "tipo": "Consuntivo", "naturaleza": "Subterranea", "uso": "Bebida/Uso Domestico/Saneamiento", "caudal_ls": 110.0, "unidad_original": "Lt/s", "fuente_agua": "Colina Sur", "cuenca": "Rio Maipo", "profundidad_m": 0.0, "datum_declarado": "1956", "titular_es_empresa": true, "precision": "según datum declarado"}}, {"type": "Feature", "geometry": {"type": "Point", "coordinates": [-70.780253, -33.312244]}, "properties": {"expediente": "ND-1301-705", "tipo": "Consuntivo", "naturaleza": "Subterranea", "uso": "Bebida/Uso Domestico/Saneamiento", "caudal_ls": 55.0, "unidad_original": "Lt/s", "fuente_agua": "Colina Sur", "cuenca": "Rio Maipo", "profundidad_m": 0.0, "datum_declarado": "1956", "titular_es_empresa": true, "precision": "según datum declarado"}}, {"type": "Feature", "geometry": {"type": "Point", "coordinates": [-70.823854, -33.302692]}, "properties": {"expediente": "VPC-1301-69", "tipo": "Consuntivo", "naturaleza": "Subterranea", "uso": "Riego", "caudal_ls": 7.0, "unidad_original": "Lt/s", "fuente_agua": "Lampa", "cuenca": "Rio Maipo", "profundidad_m": null, "datum_declarado": "1956", "titular_es_empresa": false, "precision": "según datum declarado"}}, {"type": "Feature", "geometry": {"type": "Point", "coordinates": [-70.823854, -33.302692]}, "properties": {"expediente": "VPC-1301-79", "tipo": "Consuntivo", "naturaleza": "Subterranea", "uso": "no declarado", "caudal_ls": 8.37, "unidad_original": "Lt/s", "fuente_agua": "Lampa", "cuenca": "Rio Maipo", "profundidad_m": null, "datum_declarado": "1956", "titular_es_empresa": false, "precision": "según datum declarado"}}, {"type": "Feature", "geometry": {"type": "Point", "coordinates": [-70.751163, -33.30238]}, "properties": {"expediente": "ND-1301-825", "tipo": "Consuntivo", "naturaleza": "Subterranea", "uso": "Bebida/Uso Domestico/Saneamiento", "caudal_ls": 24.0, "unidad_original": "Lt/s", "fuente_agua": "Colina Sur", "cuenca": "Rio Maipo", "profundidad_m": 0.0, "datum_declarado": "1956", "titular_es_empresa": true, "precision": "según datum declarado"}}, {"type": "Feature", "geometry": {"type": "Point", "coordinates": [-70.839417, -33.342088]}, "properties": {"expediente": "ND-1301-3537", "tipo": "Consuntivo", "naturaleza": "Subterranea", "uso": "Riego", "caudal_ls": 2.0, "unidad_original": "Lt/s", "fuente_agua": "Santiago Norte", "cuenca": "Rio Maipo", "profundidad_m": 0.0, "datum_declarado": "1956", "titular_es_empresa": false, "precision": "según datum declarado"}}, {"type": "Feature", "geometry": {"type": "Point", "coordinates": [-70.840832, -33.349083]}, "properties": {"expediente": "ND-1301-3002", "tipo": "Consuntivo", "naturaleza": "Subterranea", "uso": "Riego", "caudal_ls": 2.0, "unidad_original": "Lt/s", "fuente_agua": "Santiago Norte", "cuenca": "Rio Maipo", "profundidad_m": 0.0, "datum_declarado": "1956", "titular_es_empresa": false, "precision": "según datum declarado"}}, {"type": "Feature", "geometry": {"type": "Point", "coordinates": [-70.907964, -33.241487]}, "properties": {"expediente": "UA-1301-812092", "tipo": "Consuntivo", "naturaleza": "Subterranea", "uso": "no declarado", "caudal_ls": 0.09, "unidad_original": "Lt/s", "fuente_agua": "", "cuenca": "Rio Maipo", "profundidad_m": 0.0, "datum_declarado": "1956", "titular_es_empresa": false, "precision": "según datum declarado"}}, {"type": "Feature", "geometry": {"type": "Point", "coordinates": [-70.907484, -33.246066]}, "properties": {"expediente": "UA-1301-812092", "tipo": "Consuntivo", "naturaleza": "Subterranea", "uso": "no declarado", "caudal_ls": 0.24, "unidad_original": "Lt/s", "fuente_agua": "", "cuenca": "Rio Maipo", "profundidad_m": 0.0, "datum_declarado": "1956", "titular_es_empresa": false, "precision": "según datum declarado"}}, {"type": "Feature", "geometry": {"type": "Point", "coordinates": [-70.907964, -33.241487]}, "properties": {"expediente": "UA-1301-812095", "tipo": "Consuntivo", "naturaleza": "Subterranea", "uso": "no declarado", "caudal_ls": 0.92, "unidad_original": "Lt/s", "fuente_agua": "", "cuenca": "Rio Maipo", "profundidad_m": null, "datum_declarado": "1956", "titular_es_empresa": false, "precision": "según datum declarado"}}, {"type": "Feature", "geometry": {"type": "Point", "coordinates": [-70.907806, -33.246061]}, "properties": {"expediente": "UA-1301-812095", "tipo": "Consuntivo", "naturaleza": "Subterranea", "uso": "no declarado", "caudal_ls": 2.4, "unidad_original": "Lt/s", "fuente_agua": "", "cuenca": "Rio Maipo", "profundidad_m": null, "datum_declarado": "1956", "titular_es_empresa": false, "precision": "según datum declarado"}}, {"type": "Feature", "geometry": {"type": "Point", "coordinates": [-70.819834, -33.343855]}, "properties": {"expediente": "ND-1301-2602", "tipo": "Consuntivo", "naturaleza": "Subterranea", "uso": "Riego", "caudal_ls": 1.8, "unidad_original": "Lt/s", "fuente_agua": "Santiago Norte", "cuenca": "Rio Maipo", "profundidad_m": 0.0, "datum_declarado": "1956", "titular_es_empresa": false, "precision": "según datum declarado"}}, {"type": "Feature", "geometry": {"type": "Point", "coordinates": [-70.794014, -33.281402]}, "properties": {"expediente": "ND-1301-2021", "tipo": "Consuntivo", "naturaleza": "Subterranea", "uso": "Riego", "caudal_ls": 1.0, "unidad_original": "Lt/s", "fuente_agua": "Lampa", "cuenca": "Rio Maipo", "profundidad_m": 0.0, "datum_declarado": "1956", "titular_es_empresa": false, "precision": "según datum declarado"}}, {"type": "Feature", "geometry": {"type": "Point", "coordinates": [-70.907964, -33.241487]}, "properties": {"expediente": "UA-1301-812098", "tipo": "Consuntivo", "naturaleza": "Subterranea", "uso": "no declarado", "caudal_ls": 1.03, "unidad_original": "Lt/s", "fuente_agua": "", "cuenca": "Rio Maipo", "profundidad_m": null, "datum_declarado": "1956", "titular_es_empresa": false, "precision": "según datum declarado"}}, {"type": "Feature", "geometry": {"type": "Point", "coordinates": [-70.907806, -33.246061]}, "properties": {"expediente": "UA-1301-812098", "tipo": "Consuntivo", "naturaleza": "Subterranea", "uso": "no declarado", "caudal_ls": 2.69, "unidad_original": "Lt/s", "fuente_agua": "", "cuenca": "Rio Maipo", "profundidad_m": null, "datum_declarado": "1956", "titular_es_empresa": false, "precision": "según datum declarado"}}, {"type": "Feature", "geometry": {"type": "Point", "coordinates": [-70.907964, -33.241487]}, "properties": {"expediente": "UA-1301-812101", "tipo": "Consuntivo", "naturaleza": "Subterranea", "uso": "no declarado", "caudal_ls": 0.95, "unidad_original": "Lt/s", "fuente_agua": "", "cuenca": "Rio Maipo", "profundidad_m": null, "datum_declarado": "1956", "titular_es_empresa": false, "precision": "según datum declarado"}}, {"type": "Feature", "geometry": {"type": "Point", "coordinates": [-70.907707, -33.241491]}, "properties": {"expediente": "UA-1301-812101", "tipo": "Consuntivo", "naturaleza": "Subterranea", "uso": "no declarado", "caudal_ls": 2.5, "unidad_original": "Lt/s", "fuente_agua": "", "cuenca": "Rio Maipo", "profundidad_m": null, "datum_declarado": "1956", "titular_es_empresa": false, "precision": "según datum declarado"}}, {"type": "Feature", "geometry": {"type": "Point", "coordinates": [-70.818524, -33.320626]}, "properties": {"expediente": "NR-1301-800033", "tipo": "Consuntivo", "naturaleza": "Subterranea", "uso": "no declarado", "caudal_ls": 68.75, "unidad_original": "Lt/s", "fuente_agua": "", "cuenca": "Rio Maipo", "profundidad_m": 25.0, "datum_declarado": "1956", "titular_es_empresa": false, "precision": "según datum declarado"}}, {"type": "Feature", "geometry": {"type": "Point", "coordinates": [-70.856232, -33.305171]}, "properties": {"expediente": "ND-1301-2500", "tipo": "Consuntivo", "naturaleza": "Subterranea", "uso": "Riego", "caudal_ls": 2.0, "unidad_original": "Lt/s", "fuente_agua": "Santiago Norte", "cuenca": "Rio Maipo", "profundidad_m": 0.0, "datum_declarado": "1956", "titular_es_empresa": false, "precision": "según datum declarado"}}, {"type": "Feature", "geometry": {"type": "Point", "coordinates": [-70.856507, -33.308476]}, "properties": {"expediente": "ND-1301-2566", "tipo": "Consuntivo", "naturaleza": "Subterranea", "uso": "Riego", "caudal_ls": 0.03, "unidad_original": "Lt/s", "fuente_agua": "Santiago Norte", "cuenca": "Rio Maipo", "profundidad_m": 0.0, "datum_declarado": "1956", "titular_es_empresa": false, "precision": "según datum declarado"}}, {"type": "Feature", "geometry": {"type": "Point", "coordinates": [-70.78307, -33.206708]}, "properties": {"expediente": "ND-1301-813", "tipo": "Consuntivo", "naturaleza": "Subterranea", "uso": "Bebida/Uso Domestico/Saneamiento", "caudal_ls": 72.0, "unidad_original": "Lt/s", "fuente_agua": "Lampa", "cuenca": "Rio Maipo", "profundidad_m": 0.0, "datum_declarado": "1956", "titular_es_empresa": true, "precision": "según datum declarado"}}, {"type": "Feature", "geometry": {"type": "Point", "coordinates": [-70.83278, -33.278627]}, "properties": {"expediente": "ND-1301-860", "tipo": "Consuntivo", "naturaleza": "Subterranea", "uso": "Riego", "caudal_ls": 25.0, "unidad_original": "Lt/s", "fuente_agua": "Lampa", "cuenca": "Rio Maipo", "profundidad_m": 85.5, "datum_declarado": "1956", "titular_es_empresa": false, "precision": "según datum declarado"}}, {"type": "Feature", "geometry": {"type": "Point", "coordinates": [-70.821829, -33.3617]}, "properties": {"expediente": "ND-1301-2796", "tipo": "Consuntivo", "naturaleza": "Subterranea", "uso": "Riego", "caudal_ls": 2.0, "unidad_original": "Lt/s", "fuente_agua": "Santiago Norte", "cuenca": "Rio Maipo", "profundidad_m": 0.0, "datum_declarado": "1956", "titular_es_empresa": false, "precision": "según datum declarado"}}, {"type": "Feature", "geometry": {"type": "Point", "coordinates": [-70.862358, -33.280108]}, "properties": {"expediente": "ND-1301-3009", "tipo": "Consuntivo", "naturaleza": "Subterranea", "uso": "Riego", "caudal_ls": 1.6, "unidad_original": "Lt/s", "fuente_agua": "Lampa", "cuenca": "Rio Maipo", "profundidad_m": 0.0, "datum_declarado": "1956", "titular_es_empresa": false, "precision": "según datum declarado"}}, {"type": "Feature", "geometry": {"type": "Point", "coordinates": [-70.747011, -33.299815]}, "properties": {"expediente": "ND-1301-824", "tipo": "Consuntivo", "naturaleza": "Subterranea", "uso": "Bebida/Uso Domestico/Saneamiento", "caudal_ls": 35.0, "unidad_original": "Lt/s", "fuente_agua": "Colina Sur", "cuenca": "Rio Maipo", "profundidad_m": 0.0, "datum_declarado": "1956", "titular_es_empresa": true, "precision": "según datum declarado"}}, {"type": "Feature", "geometry": {"type": "Point", "coordinates": [-70.754622, -33.304517]}, "properties": {"expediente": "ND-1301-826", "tipo": "Consuntivo", "naturaleza": "Subterranea", "uso": "Bebida/Uso Domestico/Saneamiento", "caudal_ls": 105.0, "unidad_original": "Lt/s", "fuente_agua": "Colina Sur", "cuenca": "Rio Maipo", "profundidad_m": 0.0, "datum_declarado": "1956", "titular_es_empresa": true, "precision": "según datum declarado"}}, {"type": "Feature", "geometry": {"type": "Point", "coordinates": [-70.862749, -33.320205]}, "properties": {"expediente": "NR-1301-121", "tipo": "Consuntivo", "naturaleza": "Subterranea", "uso": "Riego", "caudal_ls": 70.0, "unidad_original": "Lt/s", "fuente_agua": "Santiago Norte", "cuenca": "Rio Maipo", "profundidad_m": 0.0, "datum_declarado": "1956", "titular_es_empresa": true, "precision": "según datum declarado"}}, {"type": "Feature", "geometry": {"type": "Point", "coordinates": [-70.76778, -33.290291]}, "properties": {"expediente": "VPC-1301-78", "tipo": "Consuntivo", "naturaleza": "Subterranea", "uso": "no declarado", "caudal_ls": 5.0, "unidad_original": "Lt/s", "fuente_agua": "Colina Sur", "cuenca": "Rio Maipo", "profundidad_m": null, "datum_declarado": "1956", "titular_es_empresa": true, "precision": "según datum declarado"}}, {"type": "Feature", "geometry": {"type": "Point", "coordinates": [-70.882875, -33.336035]}, "properties": {"expediente": "ND-1301-643", "tipo": "Consuntivo", "naturaleza": "Subterranea", "uso": "Riego", "caudal_ls": 40.5, "unidad_original": "Lt/s", "fuente_agua": "Santiago Norte", "cuenca": "Rio Maipo", "profundidad_m": 0.0, "datum_declarado": "1956", "titular_es_empresa": true, "precision": "según datum declarado"}}, {"type": "Feature", "geometry": {"type": "Point", "coordinates": [-70.840269, -33.346332]}, "properties": {"expediente": "ND-1301-1547", "tipo": "Consuntivo", "naturaleza": "Subterranea", "uso": "Riego", "caudal_ls": 0.7, "unidad_original": "Lt/s", "fuente_agua": "Santiago Norte", "cuenca": "Rio Maipo", "profundidad_m": 0.0, "datum_declarado": "1956", "titular_es_empresa": false, "precision": "según datum declarado"}}, {"type": "Feature", "geometry": {"type": "Point", "coordinates": [-70.840373, -33.347223]}, "properties": {"expediente": "ND-1301-2003", "tipo": "Consuntivo", "naturaleza": "Subterranea", "uso": "Riego", "caudal_ls": 2.0, "unidad_original": "Lt/s", "fuente_agua": "Santiago Norte", "cuenca": "Rio Maipo", "profundidad_m": 0.0, "datum_declarado": "1956", "titular_es_empresa": false, "precision": "según datum declarado"}}, {"type": "Feature", "geometry": {"type": "Point", "coordinates": [-70.839987, -33.348266]}, "properties": {"expediente": "ND-1301-2518", "tipo": "Consuntivo", "naturaleza": "Subterranea", "uso": "Riego", "caudal_ls": 2.0, "unidad_original": "Lt/s", "fuente_agua": "Santiago Norte", "cuenca": "Rio Maipo", "profundidad_m": 0.0, "datum_declarado": "1956", "titular_es_empresa": false, "precision": "según datum declarado"}}, {"type": "Feature", "geometry": {"type": "Point", "coordinates": [-70.792187, -33.280815]}, "properties": {"expediente": "ND-1301-3010", "tipo": "Consuntivo", "naturaleza": "Subterranea", "uso": "Riego", "caudal_ls": 0.3, "unidad_original": "Lt/s", "fuente_agua": "Lampa", "cuenca": "Rio Maipo", "profundidad_m": 0.0, "datum_declarado": "1956", "titular_es_empresa": false, "precision": "según datum declarado"}}, {"type": "Feature", "geometry": {"type": "Point", "coordinates": [-70.821108, -33.358581]}, "properties": {"expediente": "ND-1301-2022", "tipo": "Consuntivo", "naturaleza": "Subterranea", "uso": "Riego", "caudal_ls": 2.0, "unidad_original": "Lt/s", "fuente_agua": "Santiago Norte", "cuenca": "Rio Maipo", "profundidad_m": 0.0, "datum_declarado": "1956", "titular_es_empresa": false, "precision": "según datum declarado"}}, {"type": "Feature", "geometry": {"type": "Point", "coordinates": [-70.847746, -33.375754]}, "properties": {"expediente": "ND-1301-2020", "tipo": "Consuntivo", "naturaleza": "Subterranea", "uso": "Riego", "caudal_ls": 1.6, "unidad_original": "Lt/s", "fuente_agua": "Santiago Norte", "cuenca": "Rio Maipo", "profundidad_m": 0.0, "datum_declarado": "1956", "titular_es_empresa": false, "precision": "según datum declarado"}}, {"type": "Feature", "geometry": {"type": "Point", "coordinates": [-70.796991, -33.283109]}, "properties": {"expediente": "ND-1301-2024", "tipo": "Consuntivo", "naturaleza": "Subterranea", "uso": "Riego", "caudal_ls": 0.8, "unidad_original": "Lt/s", "fuente_agua": "Lampa", "cuenca": "Rio Maipo", "profundidad_m": 0.0, "datum_declarado": "1956", "titular_es_empresa": false, "precision": "según datum declarado"}}, {"type": "Feature", "geometry": {"type": "Point", "coordinates": [-70.842899, -33.343182]}, "properties": {"expediente": "ND-1301-2516", "tipo": "Consuntivo", "naturaleza": "Subterranea", "uso": "Riego", "caudal_ls": 2.0, "unidad_original": "Lt/s", "fuente_agua": "Santiago Norte", "cuenca": "Rio Maipo", "profundidad_m": 0.0, "datum_declarado": "1956", "titular_es_empresa": false, "precision": "según datum declarado"}}, {"type": "Feature", "geometry": {"type": "Point", "coordinates": [-70.829159, -33.268174]}, "properties": {"expediente": "ND-1301-2519", "tipo": "Consuntivo", "naturaleza": "Subterranea", "uso": "Riego", "caudal_ls": 0.4, "unidad_original": "Lt/s", "fuente_agua": "Lampa", "cuenca": "Rio Maipo", "profundidad_m": 0.0, "datum_declarado": "1956", "titular_es_empresa": false, "precision": "según datum declarado"}}, {"type": "Feature", "geometry": {"type": "Point", "coordinates": [-70.793174, -33.27971]}, "properties": {"expediente": "ND-1301-2552", "tipo": "Consuntivo", "naturaleza": "Subterranea", "uso": "Riego", "caudal_ls": 0.3, "unidad_original": "Lt/s", "fuente_agua": "Lampa", "cuenca": "Rio Maipo", "profundidad_m": 0.0, "datum_declarado": "1956", "titular_es_empresa": false, "precision": "según datum declarado"}}, {"type": "Feature", "geometry": {"type": "Point", "coordinates": [-70.793212, -33.279484]}, "properties": {"expediente": "ND-1301-2553", "tipo": "Consuntivo", "naturaleza": "Subterranea", "uso": "Riego", "caudal_ls": 0.1, "unidad_original": "Lt/s", "fuente_agua": "Lampa", "cuenca": "Rio Maipo", "profundidad_m": 0.0, "datum_declarado": "1956", "titular_es_empresa": false, "precision": "según datum declarado"}}, {"type": "Feature", "geometry": {"type": "Point", "coordinates": [-70.83841, -33.230135]}, "properties": {"expediente": "ND-1301-2558", "tipo": "Consuntivo", "naturaleza": "Subterranea", "uso": "Riego", "caudal_ls": 1.8, "unidad_original": "Lt/s", "fuente_agua": "Lampa", "cuenca": "Rio Maipo", "profundidad_m": 0.0, "datum_declarado": "1956", "titular_es_empresa": false, "precision": "según datum declarado"}}, {"type": "Feature", "geometry": {"type": "Point", "coordinates": [-70.79529, -33.283413]}, "properties": {"expediente": "ND-1301-2562", "tipo": "Consuntivo", "naturaleza": "Subterranea", "uso": "Riego", "caudal_ls": 1.4, "unidad_original": "Lt/s", "fuente_agua": "Lampa", "cuenca": "Rio Maipo", "profundidad_m": 0.0, "datum_declarado": "1956", "titular_es_empresa": false, "precision": "según datum declarado"}}, {"type": "Feature", "geometry": {"type": "Point", "coordinates": [-70.832581, -33.270117]}, "properties": {"expediente": "ND-1301-2565", "tipo": "Consuntivo", "naturaleza": "Subterranea", "uso": "Riego", "caudal_ls": 1.9, "unidad_original": "Lt/s", "fuente_agua": "Lampa", "cuenca": "Rio Maipo", "profundidad_m": 0.0, "datum_declarado": "1956", "titular_es_empresa": false, "precision": "según datum declarado"}}, {"type": "Feature", "geometry": {"type": "Point", "coordinates": [-70.839191, -33.325246]}, "properties": {"expediente": "ND-1301-2579", "tipo": "Consuntivo", "naturaleza": "Subterranea", "uso": "Riego", "caudal_ls": 0.9, "unidad_original": "Lt/s", "fuente_agua": "Santiago Norte", "cuenca": "Rio Maipo", "profundidad_m": 0.0, "datum_declarado": "1956", "titular_es_empresa": false, "precision": "según datum declarado"}}, {"type": "Feature", "geometry": {"type": "Point", "coordinates": [-70.863009, -33.295068]}, "properties": {"expediente": "ND-1301-2601", "tipo": "Consuntivo", "naturaleza": "Subterranea", "uso": "Riego", "caudal_ls": 0.7, "unidad_original": "Lt/s", "fuente_agua": "Lampa", "cuenca": "Rio Maipo", "profundidad_m": 0.0, "datum_declarado": "1956", "titular_es_empresa": false, "precision": "según datum declarado"}}, {"type": "Feature", "geometry": {"type": "Point", "coordinates": [-70.828147, -33.267035]}, "properties": {"expediente": "ND-1301-2603", "tipo": "Consuntivo", "naturaleza": "Subterranea", "uso": "Riego", "caudal_ls": 1.5, "unidad_original": "Lt/s", "fuente_agua": "Lampa", "cuenca": "Rio Maipo", "profundidad_m": 0.0, "datum_declarado": "1956", "titular_es_empresa": false, "precision": "según datum declarado"}}, {"type": "Feature", "geometry": {"type": "Point", "coordinates": [-70.845108, -33.322056]}, "properties": {"expediente": "ND-1301-2604", "tipo": "Consuntivo", "naturaleza": "Subterranea", "uso": "Riego", "caudal_ls": 2.0, "unidad_original": "Lt/s", "fuente_agua": "Santiago Norte", "cuenca": "Rio Maipo", "profundidad_m": 0.0, "datum_declarado": "1956", "titular_es_empresa": false, "precision": "según datum declarado"}}, {"type": "Feature", "geometry": {"type": "Point", "coordinates": [-70.856624, -33.305417]}, "properties": {"expediente": "ND-1301-2605", "tipo": "Consuntivo", "naturaleza": "Subterranea", "uso": "Riego", "caudal_ls": 2.0, "unidad_original": "Lt/s", "fuente_agua": "Santiago Norte", "cuenca": "Rio Maipo", "profundidad_m": 0.0, "datum_declarado": "1956", "titular_es_empresa": false, "precision": "según datum declarado"}}, {"type": "Feature", "geometry": {"type": "Point", "coordinates": [-70.848781, -33.340344]}, "properties": {"expediente": "ND-1301-2615", "tipo": "Consuntivo", "naturaleza": "Subterranea", "uso": "Riego", "caudal_ls": 2.0, "unidad_original": "Lt/s", "fuente_agua": "Santiago Norte", "cuenca": "Rio Maipo", "profundidad_m": 0.0, "datum_declarado": "1956", "titular_es_empresa": false, "precision": "según datum declarado"}}, {"type": "Feature", "geometry": {"type": "Point", "coordinates": [-70.794327, -33.279387]}, "properties": {"expediente": "ND-1301-3509", "tipo": "Consuntivo", "naturaleza": "Subterranea", "uso": "Riego", "caudal_ls": 0.6, "unidad_original": "Lt/s", "fuente_agua": "Lampa", "cuenca": "Rio Maipo", "profundidad_m": 0.0, "datum_declarado": "1956", "titular_es_empresa": false, "precision": "según datum declarado"}}, {"type": "Feature", "geometry": {"type": "Point", "coordinates": [-70.794219, -33.279352]}, "properties": {"expediente": "ND-1301-3510", "tipo": "Consuntivo", "naturaleza": "Subterranea", "uso": "Riego", "caudal_ls": 1.1, "unidad_original": "Lt/s", "fuente_agua": "Lampa", "cuenca": "Rio Maipo", "profundidad_m": 0.0, "datum_declarado": "1956", "titular_es_empresa": false, "precision": "según datum declarado"}}, {"type": "Feature", "geometry": {"type": "Point", "coordinates": [-70.794208, -33.282463]}, "properties": {"expediente": "ND-1301-3511", "tipo": "Consuntivo", "naturaleza": "Subterranea", "uso": "Riego", "caudal_ls": 0.6, "unidad_original": "Lt/s", "fuente_agua": "Lampa", "cuenca": "Rio Maipo", "profundidad_m": 0.0, "datum_declarado": "1956", "titular_es_empresa": false, "precision": "según datum declarado"}}, {"type": "Feature", "geometry": {"type": "Point", "coordinates": [-70.85046, -33.283577]}, "properties": {"expediente": "ND-1301-3524", "tipo": "Consuntivo", "naturaleza": "Subterranea", "uso": "Riego", "caudal_ls": 2.0, "unidad_original": "Lt/s", "fuente_agua": "Lampa", "cuenca": "Rio Maipo", "profundidad_m": 0.0, "datum_declarado": "1956", "titular_es_empresa": false, "precision": "según datum declarado"}}, {"type": "Feature", "geometry": {"type": "Point", "coordinates": [-70.831193, -33.374196]}, "properties": {"expediente": "ND-1301-3525", "tipo": "Consuntivo", "naturaleza": "Subterranea", "uso": "Riego", "caudal_ls": 2.0, "unidad_original": "Lt/s", "fuente_agua": "Santiago Norte", "cuenca": "Rio Maipo", "profundidad_m": 0.0, "datum_declarado": "1956", "titular_es_empresa": false, "precision": "según datum declarado"}}, {"type": "Feature", "geometry": {"type": "Point", "coordinates": [-70.893032, -33.271154]}, "properties": {"expediente": "ND-1301-800383", "tipo": "Consuntivo", "naturaleza": "Subterranea", "uso": "no declarado", "caudal_ls": 0.3, "unidad_original": "Lt/s", "fuente_agua": "", "cuenca": "Rio Maipo", "profundidad_m": 50.0, "datum_declarado": "1969", "titular_es_empresa": false, "precision": "según datum declarado"}}, {"type": "Feature", "geometry": {"type": "Point", "coordinates": [-70.852702, -33.305314]}, "properties": {"expediente": "ND-1301-2613", "tipo": "Consuntivo", "naturaleza": "Subterranea", "uso": "Riego", "caudal_ls": 0.4, "unidad_original": "Lt/s", "fuente_agua": "Lampa", "cuenca": "Rio Maipo", "profundidad_m": 0.0, "datum_declarado": "1956", "titular_es_empresa": false, "precision": "según datum declarado"}}, {"type": "Feature", "geometry": {"type": "Point", "coordinates": [-70.796909, -33.281225]}, "properties": {"expediente": "ND-1301-2614", "tipo": "Consuntivo", "naturaleza": "Subterranea", "uso": "Riego", "caudal_ls": 1.2, "unidad_original": "Lt/s", "fuente_agua": "Lampa", "cuenca": "Rio Maipo", "profundidad_m": 0.0, "datum_declarado": "1956", "titular_es_empresa": false, "precision": "según datum declarado"}}, {"type": "Feature", "geometry": {"type": "Point", "coordinates": [-70.795098, -33.280836]}, "properties": {"expediente": "ND-1301-2616", "tipo": "Consuntivo", "naturaleza": "Subterranea", "uso": "Riego", "caudal_ls": 0.4, "unidad_original": "Lt/s", "fuente_agua": "Lampa", "cuenca": "Rio Maipo", "profundidad_m": 0.0, "datum_declarado": "1956", "titular_es_empresa": false, "precision": "según datum declarado"}}, {"type": "Feature", "geometry": {"type": "Point", "coordinates": [-70.835343, -33.277462]}, "properties": {"expediente": "ND-1301-2795", "tipo": "Consuntivo", "naturaleza": "Subterranea", "uso": "Riego", "caudal_ls": 0.7, "unidad_original": "Lt/s", "fuente_agua": "Lampa", "cuenca": "Rio Maipo", "profundidad_m": 0.0, "datum_declarado": "1956", "titular_es_empresa": false, "precision": "según datum declarado"}}, {"type": "Feature", "geometry": {"type": "Point", "coordinates": [-70.855641, -33.305648]}, "properties": {"expediente": "ND-1301-2798", "tipo": "Consuntivo", "naturaleza": "Subterranea", "uso": "Riego", "caudal_ls": 1.9, "unidad_original": "Lt/s", "fuente_agua": "Santiago Norte", "cuenca": "Rio Maipo", "profundidad_m": 0.0, "datum_declarado": "1956", "titular_es_empresa": true, "precision": "según datum declarado"}}, {"type": "Feature", "geometry": {"type": "Point", "coordinates": [-70.796287, -33.281757]}, "properties": {"expediente": "ND-1301-2999", "tipo": "Consuntivo", "naturaleza": "Subterranea", "uso": "Riego", "caudal_ls": 0.3, "unidad_original": "Lt/s", "fuente_agua": "Lampa", "cuenca": "Rio Maipo", "profundidad_m": 0.0, "datum_declarado": "1956", "titular_es_empresa": false, "precision": "según datum declarado"}}, {"type": "Feature", "geometry": {"type": "Point", "coordinates": [-70.794131, -33.28186]}, "properties": {"expediente": "ND-1301-3520", "tipo": "Consuntivo", "naturaleza": "Subterranea", "uso": "Riego", "caudal_ls": 1.3, "unidad_original": "Lt/s", "fuente_agua": "Lampa", "cuenca": "Rio Maipo", "profundidad_m": 0.0, "datum_declarado": "1956", "titular_es_empresa": false, "precision": "según datum declarado"}}, {"type": "Feature", "geometry": {"type": "Point", "coordinates": [-70.858041, -33.301843]}, "properties": {"expediente": "ND-1301-2462", "tipo": "Consuntivo", "naturaleza": "Subterranea", "uso": "Riego", "caudal_ls": 2.0, "unidad_original": "Lt/s", "fuente_agua": "Lampa", "cuenca": "Rio Maipo", "profundidad_m": 0.0, "datum_declarado": "1956", "titular_es_empresa": false, "precision": "según datum declarado"}}, {"type": "Feature", "geometry": {"type": "Point", "coordinates": [-70.839999, -33.344758]}, "properties": {"expediente": "ND-1301-2515", "tipo": "Consuntivo", "naturaleza": "Subterranea", "uso": "Riego", "caudal_ls": 1.4, "unidad_original": "Lt/s", "fuente_agua": "Santiago Norte", "cuenca": "Rio Maipo", "profundidad_m": 0.0, "datum_declarado": "1956", "titular_es_empresa": false, "precision": "según datum declarado"}}, {"type": "Feature", "geometry": {"type": "Point", "coordinates": [-70.83957, -33.342735]}, "properties": {"expediente": "ND-1301-3513", "tipo": "Consuntivo", "naturaleza": "Subterranea", "uso": "Riego", "caudal_ls": 2.0, "unidad_original": "Lt/s", "fuente_agua": "Santiago Norte", "cuenca": "Rio Maipo", "profundidad_m": 0.0, "datum_declarado": "1956", "titular_es_empresa": false, "precision": "según datum declarado"}}, {"type": "Feature", "geometry": {"type": "Point", "coordinates": [-70.854263, -33.333868]}, "properties": {"expediente": "ND-1301-1260", "tipo": "Consuntivo", "naturaleza": "Subterranea", "uso": "Riego", "caudal_ls": 2.0, "unidad_original": "Lt/s", "fuente_agua": "Santiago Norte", "cuenca": "Rio Maipo", "profundidad_m": 0.0, "datum_declarado": "1956", "titular_es_empresa": false, "precision": "según datum declarado"}}, {"type": "Feature", "geometry": {"type": "Point", "coordinates": [-70.843323, -33.303099]}, "properties": {"expediente": "ND-1301-2016", "tipo": "Consuntivo", "naturaleza": "Subterranea", "uso": "Riego", "caudal_ls": 1.2, "unidad_original": "Lt/s", "fuente_agua": "Lampa", "cuenca": "Rio Maipo", "profundidad_m": 0.0, "datum_declarado": "1956", "titular_es_empresa": false, "precision": "según datum declarado"}}, {"type": "Feature", "geometry": {"type": "Point", "coordinates": [-70.842579, -33.344314]}, "properties": {"expediente": "ND-1301-2018", "tipo": "Consuntivo", "naturaleza": "Subterranea", "uso": "Riego", "caudal_ls": 2.0, "unidad_original": "Lt/s", "fuente_agua": "Santiago Norte", "cuenca": "Rio Maipo", "profundidad_m": 0.0, "datum_declarado": "1956", "titular_es_empresa": false, "precision": "según datum declarado"}}, {"type": "Feature", "geometry": {"type": "Point", "coordinates": [-70.781865, -33.293273]}, "properties": {"expediente": "ND-1301-953", "tipo": "Consuntivo", "naturaleza": "Subterranea", "uso": "Riego", "caudal_ls": 1.3, "unidad_original": "Lt/s", "fuente_agua": "Colina Sur", "cuenca": "Rio Maipo", "profundidad_m": 0.0, "datum_declarado": "1956", "titular_es_empresa": false, "precision": "según datum declarado"}}, {"type": "Feature", "geometry": {"type": "Point", "coordinates": [-70.819562, -33.346258]}, "properties": {"expediente": "ND-1301-2544", "tipo": "Consuntivo", "naturaleza": "Subterranea", "uso": "Riego", "caudal_ls": 0.8, "unidad_original": "Lt/s", "fuente_agua": "Santiago Norte", "cuenca": "Rio Maipo", "profundidad_m": 0.0, "datum_declarado": "1956", "titular_es_empresa": false, "precision": "según datum declarado"}}, {"type": "Feature", "geometry": {"type": "Point", "coordinates": [-70.757734, -33.305503]}, "properties": {"expediente": "ND-1301-2592", "tipo": "Consuntivo", "naturaleza": "Subterranea", "uso": "Riego", "caudal_ls": 2.0, "unidad_original": "Lt/s", "fuente_agua": "Colina Sur", "cuenca": "Rio Maipo", "profundidad_m": 0.0, "datum_declarado": "1956", "titular_es_empresa": false, "precision": "según datum declarado"}}, {"type": "Feature", "geometry": {"type": "Point", "coordinates": [-70.830908, -33.269673]}, "properties": {"expediente": "ND-1301-2832", "tipo": "Consuntivo", "naturaleza": "Subterranea", "uso": "Riego", "caudal_ls": 2.0, "unidad_original": "Lt/s", "fuente_agua": "Lampa", "cuenca": "Rio Maipo", "profundidad_m": 0.0, "datum_declarado": "1956", "titular_es_empresa": false, "precision": "según datum declarado"}}, {"type": "Feature", "geometry": {"type": "Point", "coordinates": [-70.780539, -33.321528]}, "properties": {"expediente": "ND-1301-2149", "tipo": "Consuntivo", "naturaleza": "Subterranea", "uso": "Riego", "caudal_ls": 2.0, "unidad_original": "Lt/s", "fuente_agua": "Colina Sur", "cuenca": "Rio Maipo", "profundidad_m": 0.0, "datum_declarado": "1956", "titular_es_empresa": false, "precision": "según datum declarado"}}, {"type": "Feature", "geometry": {"type": "Point", "coordinates": [-70.812771, -33.303693]}, "properties": {"expediente": "ND-1301-697", "tipo": "Consuntivo", "naturaleza": "Subterranea", "uso": "Otros Usos", "caudal_ls": 75.0, "unidad_original": "Lt/s", "fuente_agua": "Lampa", "cuenca": "Rio Maipo", "profundidad_m": 0.0, "datum_declarado": "1956", "titular_es_empresa": true, "precision": "según datum declarado"}}, {"type": "Feature", "geometry": {"type": "Point", "coordinates": [-70.814254, -33.308442]}, "properties": {"expediente": "ND-1301-697", "tipo": "Consuntivo", "naturaleza": "Subterranea", "uso": "Otros Usos", "caudal_ls": 70.0, "unidad_original": "Lt/s", "fuente_agua": "Lampa", "cuenca": "Rio Maipo", "profundidad_m": 0.0, "datum_declarado": "1956", "titular_es_empresa": true, "precision": "según datum declarado"}}, {"type": "Feature", "geometry": {"type": "Point", "coordinates": [-70.84036, -33.346592]}, "properties": {"expediente": "ND-1301-2023", "tipo": "Consuntivo", "naturaleza": "Subterranea", "uso": "Riego", "caudal_ls": 2.0, "unidad_original": "Lt/s", "fuente_agua": "Santiago Norte", "cuenca": "Rio Maipo", "profundidad_m": 0.0, "datum_declarado": "1956", "titular_es_empresa": false, "precision": "según datum declarado"}}, {"type": "Feature", "geometry": {"type": "Point", "coordinates": [-70.829005, -33.27007]}, "properties": {"expediente": "ND-1301-2559", "tipo": "Consuntivo", "naturaleza": "Subterranea", "uso": "Riego", "caudal_ls": 0.4, "unidad_original": "Lt/s", "fuente_agua": "Lampa", "cuenca": "Rio Maipo", "profundidad_m": 0.0, "datum_declarado": "1956", "titular_es_empresa": false, "precision": "según datum declarado"}}, {"type": "Feature", "geometry": {"type": "Point", "coordinates": [-70.835651, -33.29828]}, "properties": {"expediente": "ND-1301-854", "tipo": "Consuntivo", "naturaleza": "Subterranea", "uso": "Riego", "caudal_ls": 34.2, "unidad_original": "Lt/s", "fuente_agua": "Lampa", "cuenca": "Rio Maipo", "profundidad_m": 0.0, "datum_declarado": "1956", "titular_es_empresa": false, "precision": "según datum declarado"}}, {"type": "Feature", "geometry": {"type": "Point", "coordinates": [-70.880782, -33.257051]}, "properties": {"expediente": "ND-1301-1497", "tipo": "Consuntivo", "naturaleza": "Subterranea", "uso": "Bebida/Uso Domestico/Saneamiento", "caudal_ls": 17.0, "unidad_original": "Lt/s", "fuente_agua": "Lampa", "cuenca": "Rio Maipo", "profundidad_m": 0.0, "datum_declarado": "1956", "titular_es_empresa": true, "precision": "según datum declarado"}}, {"type": "Feature", "geometry": {"type": "Point", "coordinates": [-70.839433, -33.341853]}, "properties": {"expediente": "ND-1301-3528", "tipo": "Consuntivo", "naturaleza": "Subterranea", "uso": "Riego", "caudal_ls": 2.0, "unidad_original": "Lt/s", "fuente_agua": "Santiago Norte", "cuenca": "Rio Maipo", "profundidad_m": 0.0, "datum_declarado": "1956", "titular_es_empresa": false, "precision": "según datum declarado"}}, {"type": "Feature", "geometry": {"type": "Point", "coordinates": [-70.839337, -33.342405]}, "properties": {"expediente": "ND-1301-2556", "tipo": "Consuntivo", "naturaleza": "Subterranea", "uso": "Riego", "caudal_ls": 1.7, "unidad_original": "Lt/s", "fuente_agua": "Santiago Norte", "cuenca": "Rio Maipo", "profundidad_m": 0.0, "datum_declarado": "1956", "titular_es_empresa": false, "precision": "según datum declarado"}}, {"type": "Feature", "geometry": {"type": "Point", "coordinates": [-70.733304, -33.241587]}, "properties": {"expediente": "UA-1301-812254", "tipo": "Consuntivo", "naturaleza": "Subterranea", "uso": "Riego", "caudal_ls": 25.7, "unidad_original": "Lt/s", "fuente_agua": "Colina Sur", "cuenca": "Rio Maipo", "profundidad_m": 0.0, "datum_declarado": "1969", "titular_es_empresa": true, "precision": "según datum declarado"}}, {"type": "Feature", "geometry": {"type": "Point", "coordinates": [-70.733304, -33.241587]}, "properties": {"expediente": "UA-1301-812261", "tipo": "Consuntivo", "naturaleza": "Subterranea", "uso": "Riego", "caudal_ls": 17.407, "unidad_original": "Lt/s", "fuente_agua": "Colina Sur", "cuenca": "Rio Maipo", "profundidad_m": 0.0, "datum_declarado": "1969", "titular_es_empresa": true, "precision": "según datum declarado"}}, {"type": "Feature", "geometry": {"type": "Point", "coordinates": [-70.882196, -33.339409]}, "properties": {"expediente": "VPC-1301-800002", "tipo": "Consuntivo", "naturaleza": "Subterranea", "uso": "no declarado", "caudal_ls": 65.0, "unidad_original": "Lt/s", "fuente_agua": "", "cuenca": "Rio Maipo", "profundidad_m": null, "datum_declarado": "1956", "titular_es_empresa": true, "precision": "según datum declarado"}}, {"type": "Feature", "geometry": {"type": "Point", "coordinates": [-70.874529, -33.333573]}, "properties": {"expediente": "VPC-1301-800003", "tipo": "Consuntivo", "naturaleza": "Subterranea", "uso": "no declarado", "caudal_ls": 75.0, "unidad_original": "Lt/s", "fuente_agua": "", "cuenca": "Rio Maipo", "profundidad_m": null, "datum_declarado": "1956", "titular_es_empresa": true, "precision": "según datum declarado"}}, {"type": "Feature", "geometry": {"type": "Point", "coordinates": [-70.75719, -33.247253]}, "properties": {"expediente": "VPC-1301-53", "tipo": "Consuntivo", "naturaleza": "Subterranea", "uso": "Uso Industrial", "caudal_ls": 16.66, "unidad_original": "Lt/s", "fuente_agua": "Lampa", "cuenca": "Rio Maipo", "profundidad_m": 0.0, "datum_declarado": "1956", "titular_es_empresa": true, "precision": "según datum declarado"}}, {"type": "Feature", "geometry": {"type": "Point", "coordinates": [-70.791654, -33.279389]}, "properties": {"expediente": "ND-1301-848", "tipo": "Consuntivo", "naturaleza": "Subterranea", "uso": "Bebida/Uso Domestico/Saneamiento", "caudal_ls": 27.0, "unidad_original": "Lt/s", "fuente_agua": "Lampa", "cuenca": "Rio Maipo", "profundidad_m": 0.0, "datum_declarado": "1956", "titular_es_empresa": true, "precision": "según datum declarado"}}, {"type": "Feature", "geometry": {"type": "Point", "coordinates": [-70.798245, -33.191799]}, "properties": {"expediente": "ND-1301-691", "tipo": "Consuntivo", "naturaleza": "Subterranea", "uso": "Bebida/Uso Domestico/Saneamiento", "caudal_ls": 7.0, "unidad_original": "Lt/s", "fuente_agua": "Lampa", "cuenca": "Rio Maipo", "profundidad_m": 25.0, "datum_declarado": "1956", "titular_es_empresa": true, "precision": "según datum declarado"}}, {"type": "Feature", "geometry": {"type": "Point", "coordinates": [-70.775555, -33.206978]}, "properties": {"expediente": "ND-1301-814", "tipo": "Consuntivo", "naturaleza": "Subterranea", "uso": "Bebida/Uso Domestico/Saneamiento", "caudal_ls": 63.0, "unidad_original": "Lt/s", "fuente_agua": "Lampa", "cuenca": "Rio Maipo", "profundidad_m": 0.0, "datum_declarado": "1956", "titular_es_empresa": true, "precision": "según datum declarado"}}, {"type": "Feature", "geometry": {"type": "Point", "coordinates": [-70.73389, -33.328221]}, "properties": {"expediente": "ND-1301-2651", "tipo": "Consuntivo", "naturaleza": "Subterranea", "uso": "Otros Usos", "caudal_ls": 17.0, "unidad_original": "Lt/s", "fuente_agua": "Colina Sur", "cuenca": "Rio Maipo", "profundidad_m": 0.0, "datum_declarado": "1956", "titular_es_empresa": true, "precision": "según datum declarado"}}, {"type": "Feature", "geometry": {"type": "Point", "coordinates": [-70.794268, -33.263421]}, "properties": {"expediente": "ND-1301-800325", "tipo": "Consuntivo", "naturaleza": "Subterranea", "uso": "no declarado", "caudal_ls": 100.0, "unidad_original": "Lt/s", "fuente_agua": "", "cuenca": "Rio Maipo", "profundidad_m": 100.0, "datum_declarado": "1969", "titular_es_empresa": true, "precision": "según datum declarado"}}, {"type": "Feature", "geometry": {"type": "Point", "coordinates": [-70.800617, -33.25634]}, "properties": {"expediente": "ND-1301-800332", "tipo": "Consuntivo", "naturaleza": "Subterranea", "uso": "no declarado", "caudal_ls": 22.0, "unidad_original": "Lt/s", "fuente_agua": "Lampa", "cuenca": "Rio Maipo", "profundidad_m": 90.5, "datum_declarado": "1969", "titular_es_empresa": true, "precision": "según datum declarado"}}, {"type": "Feature", "geometry": {"type": "Point", "coordinates": [-70.907964, -33.241487]}, "properties": {"expediente": "UA-1301-812120", "tipo": "Consuntivo", "naturaleza": "Subterranea", "uso": "no declarado", "caudal_ls": 1.04, "unidad_original": "Lt/s", "fuente_agua": "", "cuenca": "Rio Maipo", "profundidad_m": null, "datum_declarado": "1956", "titular_es_empresa": false, "precision": "según datum declarado"}}, {"type": "Feature", "geometry": {"type": "Point", "coordinates": [-70.907806, -33.246061]}, "properties": {"expediente": "UA-1301-812120", "tipo": "Consuntivo", "naturaleza": "Subterranea", "uso": "no declarado", "caudal_ls": 2.73, "unidad_original": "Lt/s", "fuente_agua": "", "cuenca": "Rio Maipo", "profundidad_m": null, "datum_declarado": "1956", "titular_es_empresa": false, "precision": "según datum declarado"}}, {"type": "Feature", "geometry": {"type": "Point", "coordinates": [-70.73401, -33.314187]}, "properties": {"expediente": "ND-1301-863", "tipo": "Consuntivo", "naturaleza": "Subterranea", "uso": "Uso Industrial", "caudal_ls": 3.2, "unidad_original": "Lt/s", "fuente_agua": "Colina Sur", "cuenca": "Rio Maipo", "profundidad_m": 0.0, "datum_declarado": "1956", "titular_es_empresa": true, "precision": "según datum declarado"}}, {"type": "Feature", "geometry": {"type": "Point", "coordinates": [-70.84001, -33.295195]}, "properties": {"expediente": "ND-1301-844", "tipo": "Consuntivo", "naturaleza": "Subterranea", "uso": "Riego", "caudal_ls": 52.5, "unidad_original": "Lt/s", "fuente_agua": "Lampa", "cuenca": "Rio Maipo", "profundidad_m": 0.0, "datum_declarado": "1956", "titular_es_empresa": false, "precision": "según datum declarado"}}, {"type": "Feature", "geometry": {"type": "Point", "coordinates": [-70.87603, -33.337446]}, "properties": {"expediente": "ND-1301-800183", "tipo": "Consuntivo", "naturaleza": "Subterranea", "uso": "no declarado", "caudal_ls": 40.0, "unidad_original": "Lt/s", "fuente_agua": "Santiago Norte", "cuenca": "Rio Maipo", "profundidad_m": 0.0, "datum_declarado": "1956", "titular_es_empresa": true, "precision": "según datum declarado"}}, {"type": "Feature", "geometry": {"type": "Point", "coordinates": [-70.878958, -33.328699]}, "properties": {"expediente": "ND-1301-800184", "tipo": "Consuntivo", "naturaleza": "Subterranea", "uso": "no declarado", "caudal_ls": 65.0, "unidad_original": "Lt/s", "fuente_agua": "Santiago Norte", "cuenca": "Rio Maipo", "profundidad_m": 0.0, "datum_declarado": "1956", "titular_es_empresa": true, "precision": "según datum declarado"}}, {"type": "Feature", "geometry": {"type": "Point", "coordinates": [-70.890021, -33.338587]}, "properties": {"expediente": "ND-1301-800186", "tipo": "Consuntivo", "naturaleza": "Subterranea", "uso": "no declarado", "caudal_ls": 30.0, "unidad_original": "Lt/s", "fuente_agua": "Santiago Norte", "cuenca": "Rio Maipo", "profundidad_m": 0.0, "datum_declarado": "1956", "titular_es_empresa": true, "precision": "según datum declarado"}}, {"type": "Feature", "geometry": {"type": "Point", "coordinates": [-70.86549, -33.341978]}, "properties": {"expediente": "ND-1301-800187", "tipo": "Consuntivo", "naturaleza": "Subterranea", "uso": "no declarado", "caudal_ls": 60.0, "unidad_original": "Lt/s", "fuente_agua": "Santiago Norte", "cuenca": "Rio Maipo", "profundidad_m": 120.0, "datum_declarado": "1956", "titular_es_empresa": true, "precision": "según datum declarado"}}, {"type": "Feature", "geometry": {"type": "Point", "coordinates": [-70.738473, -33.27173]}, "properties": {"expediente": "ND-1301-1380", "tipo": "Consuntivo", "naturaleza": "Subterranea", "uso": "Bebida/Uso Domestico/Saneamiento", "caudal_ls": 50.0, "unidad_original": "Lt/s", "fuente_agua": "Colina Sur", "cuenca": "Rio Maipo", "profundidad_m": 0.0, "datum_declarado": "1956", "titular_es_empresa": true, "precision": "según datum declarado"}}, {"type": "Feature", "geometry": {"type": "Point", "coordinates": [-70.776371, -33.288176]}, "properties": {"expediente": "ND-1301-1004", "tipo": "Consuntivo", "naturaleza": "Subterranea", "uso": "Riego", "caudal_ls": 1.0, "unidad_original": "Lt/s", "fuente_agua": "Colina Sur", "cuenca": "Rio Maipo", "profundidad_m": 0.0, "datum_declarado": "1956", "titular_es_empresa": false, "precision": "según datum declarado"}}, {"type": "Feature", "geometry": {"type": "Point", "coordinates": [-70.800617, -33.25634]}, "properties": {"expediente": "ND-1301-800959", "tipo": "Consuntivo", "naturaleza": "Subterranea", "uso": "no declarado", "caudal_ls": 78.0, "unidad_original": "Lt/s", "fuente_agua": "Lampa", "cuenca": "Rio Maipo", "profundidad_m": 90.5, "datum_declarado": "1969", "titular_es_empresa": true, "precision": "según datum declarado"}}, {"type": "Feature", "geometry": {"type": "Point", "coordinates": [-70.820024, -33.278603]}, "properties": {"expediente": "ND-1301-794", "tipo": "Consuntivo", "naturaleza": "Subterranea", "uso": "Riego", "caudal_ls": 120.0, "unidad_original": "Lt/s", "fuente_agua": "Lampa", "cuenca": "Rio Maipo", "profundidad_m": 0.0, "datum_declarado": "1969", "titular_es_empresa": false, "precision": "según datum declarado"}}, {"type": "Feature", "geometry": {"type": "Point", "coordinates": [-70.865088, -33.27619]}, "properties": {"expediente": "ND-1301-934", "tipo": "Consuntivo", "naturaleza": "Subterranea", "uso": "Riego", "caudal_ls": 0.8, "unidad_original": "Lt/s", "fuente_agua": "Lampa", "cuenca": "Rio Maipo", "profundidad_m": 0.0, "datum_declarado": "1956", "titular_es_empresa": false, "precision": "según datum declarado"}}, {"type": "Feature", "geometry": {"type": "Point", "coordinates": [-70.866729, -33.278122]}, "properties": {"expediente": "ND-1301-935", "tipo": "Consuntivo", "naturaleza": "Subterranea", "uso": "Riego", "caudal_ls": 2.0, "unidad_original": "Lt/s", "fuente_agua": "Lampa", "cuenca": "Rio Maipo", "profundidad_m": 0.0, "datum_declarado": "1956", "titular_es_empresa": false, "precision": "según datum declarado"}}, {"type": "Feature", "geometry": {"type": "Point", "coordinates": [-70.792391, -33.2745]}, "properties": {"expediente": "ND-1301-938", "tipo": "Consuntivo", "naturaleza": "Subterranea", "uso": "Otros Usos", "caudal_ls": 0.3, "unidad_original": "Lt/s", "fuente_agua": "Lampa", "cuenca": "Rio Maipo", "profundidad_m": 0.0, "datum_declarado": "1956", "titular_es_empresa": true, "precision": "según datum declarado"}}, {"type": "Feature", "geometry": {"type": "Point", "coordinates": [-70.84046, -33.325281]}, "properties": {"expediente": "ND-1301-961", "tipo": "Consuntivo", "naturaleza": "Subterranea", "uso": "Riego", "caudal_ls": 1.0, "unidad_original": "Lt/s", "fuente_agua": "Santiago Norte", "cuenca": "Rio Maipo", "profundidad_m": 0.0, "datum_declarado": "1956", "titular_es_empresa": false, "precision": "según datum declarado"}}, {"type": "Feature", "geometry": {"type": "Point", "coordinates": [-70.794375, -33.223455]}, "properties": {"expediente": "ND-1301-1019", "tipo": "Consuntivo", "naturaleza": "Subterranea", "uso": "Riego", "caudal_ls": 1.1, "unidad_original": "Lt/s", "fuente_agua": "Lampa", "cuenca": "Rio Maipo", "profundidad_m": 0.0, "datum_declarado": "1956", "titular_es_empresa": false, "precision": "según datum declarado"}}, {"type": "Feature", "geometry": {"type": "Point", "coordinates": [-70.868816, -33.331206]}, "properties": {"expediente": "ND-1301-1124", "tipo": "Consuntivo", "naturaleza": "Subterranea", "uso": "Riego", "caudal_ls": 1.0, "unidad_original": "Lt/s", "fuente_agua": "Santiago Norte", "cuenca": "Rio Maipo", "profundidad_m": 0.0, "datum_declarado": "1956", "titular_es_empresa": false, "precision": "según datum declarado"}}, {"type": "Feature", "geometry": {"type": "Point", "coordinates": [-70.873999, -33.282206]}, "properties": {"expediente": "ND-1301-939", "tipo": "Consuntivo", "naturaleza": "Subterranea", "uso": "Riego", "caudal_ls": 0.7, "unidad_original": "Lt/s", "fuente_agua": "Lampa", "cuenca": "Rio Maipo", "profundidad_m": 0.0, "datum_declarado": "1956", "titular_es_empresa": false, "precision": "según datum declarado"}}, {"type": "Feature", "geometry": {"type": "Point", "coordinates": [-70.864199, -33.273263]}, "properties": {"expediente": "ND-1301-984", "tipo": "Consuntivo", "naturaleza": "Subterranea", "uso": "Riego", "caudal_ls": 0.8, "unidad_original": "Lt/s", "fuente_agua": "Lampa", "cuenca": "Rio Maipo", "profundidad_m": 0.0, "datum_declarado": "1956", "titular_es_empresa": false, "precision": "según datum declarado"}}, {"type": "Feature", "geometry": {"type": "Point", "coordinates": [-70.779383, -33.304834]}, "properties": {"expediente": "ND-1301-679", "tipo": "Consuntivo", "naturaleza": "Subterranea", "uso": "Riego", "caudal_ls": 33.0, "unidad_original": "Lt/s", "fuente_agua": "Colina Sur", "cuenca": "Rio Maipo", "profundidad_m": 0.0, "datum_declarado": "1956", "titular_es_empresa": false, "precision": "según datum declarado"}}, {"type": "Feature", "geometry": {"type": "Point", "coordinates": [-70.822024, -33.328831]}, "properties": {"expediente": "ND-1301-827", "tipo": "Consuntivo", "naturaleza": "Subterranea", "uso": "no declarado", "caudal_ls": 21.0, "unidad_original": "Lt/s", "fuente_agua": "Santiago Norte", "cuenca": "Rio Maipo", "profundidad_m": 0.0, "datum_declarado": "1969", "titular_es_empresa": true, "precision": "según datum declarado"}}, {"type": "Feature", "geometry": {"type": "Point", "coordinates": [-70.784145, -33.27502]}, "properties": {"expediente": "ND-1301-800317", "tipo": "Consuntivo", "naturaleza": "Subterranea", "uso": "no declarado", "caudal_ls": 31.6, "unidad_original": "Lt/s", "fuente_agua": "", "cuenca": "Rio Maipo", "profundidad_m": 120.0, "datum_declarado": "1969", "titular_es_empresa": true, "precision": "según datum declarado"}}, {"type": "Feature", "geometry": {"type": "Point", "coordinates": [-70.797382, -33.212058]}, "properties": {"expediente": "ND-1301-1023", "tipo": "Consuntivo", "naturaleza": "Subterranea", "uso": "Riego", "caudal_ls": 1.5, "unidad_original": "Lt/s", "fuente_agua": "Lampa", "cuenca": "Rio Maipo", "profundidad_m": 0.0, "datum_declarado": "1956", "titular_es_empresa": false, "precision": "según datum declarado"}}, {"type": "Feature", "geometry": {"type": "Point", "coordinates": [-70.788536, -33.217019]}, "properties": {"expediente": "ND-1301-949", "tipo": "Consuntivo", "naturaleza": "Subterranea", "uso": "Riego", "caudal_ls": 0.38, "unidad_original": "Lt/s", "fuente_agua": "Lampa", "cuenca": "Rio Maipo", "profundidad_m": 0.0, "datum_declarado": "1956", "titular_es_empresa": false, "precision": "según datum declarado"}}, {"type": "Feature", "geometry": {"type": "Point", "coordinates": [-70.787153, -33.217066]}, "properties": {"expediente": "ND-1301-950", "tipo": "Consuntivo", "naturaleza": "Subterranea", "uso": "Riego", "caudal_ls": 2.0, "unidad_original": "Lt/s", "fuente_agua": "Lampa", "cuenca": "Rio Maipo", "profundidad_m": 0.0, "datum_declarado": "1956", "titular_es_empresa": false, "precision": "según datum declarado"}}, {"type": "Feature", "geometry": {"type": "Point", "coordinates": [-70.771128, -33.217827]}, "properties": {"expediente": "ND-1301-962", "tipo": "Consuntivo", "naturaleza": "Subterranea", "uso": "Riego", "caudal_ls": 1.8, "unidad_original": "Lt/s", "fuente_agua": "Lampa", "cuenca": "Rio Maipo", "profundidad_m": 0.0, "datum_declarado": "1956", "titular_es_empresa": false, "precision": "según datum declarado"}}, {"type": "Feature", "geometry": {"type": "Point", "coordinates": [-70.826053, -33.277292]}, "properties": {"expediente": "ND-1301-936", "tipo": "Consuntivo", "naturaleza": "Subterranea", "uso": "Otros Usos", "caudal_ls": 0.5, "unidad_original": "Lt/s", "fuente_agua": "Lampa", "cuenca": "Rio Maipo", "profundidad_m": 0.0, "datum_declarado": "1956", "titular_es_empresa": true, "precision": "según datum declarado"}}, {"type": "Feature", "geometry": {"type": "Point", "coordinates": [-70.782666, -33.216986]}, "properties": {"expediente": "ND-1301-948", "tipo": "Consuntivo", "naturaleza": "Subterranea", "uso": "Riego", "caudal_ls": 2.0, "unidad_original": "Lt/s", "fuente_agua": "Lampa", "cuenca": "Rio Maipo", "profundidad_m": 0.0, "datum_declarado": "1956", "titular_es_empresa": false, "precision": "según datum declarado"}}, {"type": "Feature", "geometry": {"type": "Point", "coordinates": [-70.727964, -33.317004]}, "properties": {"expediente": "ND-1301-688", "tipo": "Consuntivo", "naturaleza": "Subterranea", "uso": "Otros Usos", "caudal_ls": 2.5, "unidad_original": "Lt/s", "fuente_agua": "Colina Sur", "cuenca": "Rio Maipo", "profundidad_m": 0.0, "datum_declarado": "1956", "titular_es_empresa": true, "precision": "según datum declarado"}}, {"type": "Feature", "geometry": {"type": "Point", "coordinates": [-70.68888, -33.260879]}, "properties": {"expediente": "ND-1301-990", "tipo": "Consuntivo", "naturaleza": "Subterranea", "uso": "Riego", "caudal_ls": 2.0, "unidad_original": "Lt/s", "fuente_agua": "Colina Sur", "cuenca": "Rio Maipo", "profundidad_m": 0.0, "datum_declarado": "1956", "titular_es_empresa": false, "precision": "según datum declarado"}}, {"type": "Feature", "geometry": {"type": "Point", "coordinates": [-70.779397, -33.258463]}, "properties": {"expediente": "ND-1301-943", "tipo": "Consuntivo", "naturaleza": "Subterranea", "uso": "Riego", "caudal_ls": 1.8, "unidad_original": "Lt/s", "fuente_agua": "Lampa", "cuenca": "Rio Maipo", "profundidad_m": 0.0, "datum_declarado": "1956", "titular_es_empresa": false, "precision": "según datum declarado"}}, {"type": "Feature", "geometry": {"type": "Point", "coordinates": [-70.797118, -33.222739]}, "properties": {"expediente": "ND-1301-903", "tipo": "Consuntivo", "naturaleza": "Subterranea", "uso": "Riego", "caudal_ls": 1.3, "unidad_original": "Lt/s", "fuente_agua": "Lampa", "cuenca": "Rio Maipo", "profundidad_m": 0.0, "datum_declarado": "1956", "titular_es_empresa": false, "precision": "según datum declarado"}}, {"type": "Feature", "geometry": {"type": "Point", "coordinates": [-70.757009, -33.283807]}, "properties": {"expediente": "VPC-1301-41", "tipo": "Consuntivo", "naturaleza": "Subterranea", "uso": "no declarado", "caudal_ls": 4.5, "unidad_original": "Lt/s", "fuente_agua": "Colina Sur", "cuenca": "Rio Maipo", "profundidad_m": null, "datum_declarado": "1956", "titular_es_empresa": true, "precision": "según datum declarado"}}, {"type": "Feature", "geometry": {"type": "Point", "coordinates": [-70.745268, -33.281916]}, "properties": {"expediente": "VPC-1301-40", "tipo": "Consuntivo", "naturaleza": "Subterranea", "uso": "no declarado", "caudal_ls": 2.0, "unidad_original": "Lt/s", "fuente_agua": "Colina Sur", "cuenca": "Rio Maipo", "profundidad_m": null, "datum_declarado": "1956", "titular_es_empresa": true, "precision": "según datum declarado"}}, {"type": "Feature", "geometry": {"type": "Point", "coordinates": [-70.879828, -33.295672]}, "properties": {"expediente": "ND-1301-888", "tipo": "Consuntivo", "naturaleza": "Subterranea", "uso": "Bebida/Uso Domestico/Saneamiento", "caudal_ls": 2.0, "unidad_original": "Lt/s", "fuente_agua": "Santiago Norte", "cuenca": "Rio Maipo", "profundidad_m": 0.0, "datum_declarado": "1956", "titular_es_empresa": true, "precision": "según datum declarado"}}, {"type": "Feature", "geometry": {"type": "Point", "coordinates": [-70.881244, -33.29262]}, "properties": {"expediente": "ND-1301-889", "tipo": "Consuntivo", "naturaleza": "Subterranea", "uso": "Bebida/Uso Domestico/Saneamiento", "caudal_ls": 2.0, "unidad_original": "Lt/s", "fuente_agua": "Lampa", "cuenca": "Rio Maipo", "profundidad_m": 0.0, "datum_declarado": "1956", "titular_es_empresa": true, "precision": "según datum declarado"}}, {"type": "Feature", "geometry": {"type": "Point", "coordinates": [-70.878531, -33.292301]}, "properties": {"expediente": "ND-1301-890", "tipo": "Consuntivo", "naturaleza": "Subterranea", "uso": "Bebida/Uso Domestico/Saneamiento", "caudal_ls": 2.0, "unidad_original": "Lt/s", "fuente_agua": "Lampa", "cuenca": "Rio Maipo", "profundidad_m": 0.0, "datum_declarado": "1956", "titular_es_empresa": true, "precision": "según datum declarado"}}, {"type": "Feature", "geometry": {"type": "Point", "coordinates": [-70.842493, -33.344306]}, "properties": {"expediente": "ND-1301-924", "tipo": "Consuntivo", "naturaleza": "Subterranea", "uso": "Riego", "caudal_ls": 2.0, "unidad_original": "Lt/s", "fuente_agua": "Santiago Norte", "cuenca": "Rio Maipo", "profundidad_m": 0.0, "datum_declarado": "1956", "titular_es_empresa": false, "precision": "según datum declarado"}}, {"type": "Feature", "geometry": {"type": "Point", "coordinates": [-70.855028, -33.304602]}, "properties": {"expediente": "ND-1301-919", "tipo": "Consuntivo", "naturaleza": "Subterranea", "uso": "Riego", "caudal_ls": 0.4, "unidad_original": "Lt/s", "fuente_agua": "Lampa", "cuenca": "Rio Maipo", "profundidad_m": 0.0, "datum_declarado": "1956", "titular_es_empresa": false, "precision": "según datum declarado"}}, {"type": "Feature", "geometry": {"type": "Point", "coordinates": [-70.876532, -33.284702]}, "properties": {"expediente": "ND-1301-1016", "tipo": "Consuntivo", "naturaleza": "Subterranea", "uso": "Riego", "caudal_ls": 0.9, "unidad_original": "Lt/s", "fuente_agua": "Lampa", "cuenca": "Rio Maipo", "profundidad_m": 0.0, "datum_declarado": "1956", "titular_es_empresa": false, "precision": "según datum declarado"}}, {"type": "Feature", "geometry": {"type": "Point", "coordinates": [-70.740273, -33.308851]}, "properties": {"expediente": "ND-1301-1215", "tipo": "Consuntivo", "naturaleza": "Subterranea", "uso": "Otros Usos", "caudal_ls": 2.0, "unidad_original": "Lt/s", "fuente_agua": "Colina Sur", "cuenca": "Rio Maipo", "profundidad_m": 0.0, "datum_declarado": "1956", "titular_es_empresa": true, "precision": "según datum declarado"}}, {"type": "Feature", "geometry": {"type": "Point", "coordinates": [-70.738878, -33.308384]}, "properties": {"expediente": "ND-1301-1723", "tipo": "Consuntivo", "naturaleza": "Subterranea", "uso": "Otros Usos", "caudal_ls": 2.0, "unidad_original": "Lt/s", "fuente_agua": "Colina Sur", "cuenca": "Rio Maipo", "profundidad_m": 0.0, "datum_declarado": "1956", "titular_es_empresa": true, "precision": "según datum declarado"}}, {"type": "Feature", "geometry": {"type": "Point", "coordinates": [-70.738698, -33.291739]}, "properties": {"expediente": "ND-1301-942", "tipo": "Consuntivo", "naturaleza": "Subterranea", "uso": "Otros Usos", "caudal_ls": 2.0, "unidad_original": "Lt/s", "fuente_agua": "Colina Sur", "cuenca": "Rio Maipo", "profundidad_m": 0.0, "datum_declarado": "1956", "titular_es_empresa": true, "precision": "según datum declarado"}}, {"type": "Feature", "geometry": {"type": "Point", "coordinates": [-70.791807, -33.185913]}, "properties": {"expediente": "ND-1301-902", "tipo": "Consuntivo", "naturaleza": "Subterranea", "uso": "Riego", "caudal_ls": 2.0, "unidad_original": "Lt/s", "fuente_agua": "Lampa", "cuenca": "Rio Maipo", "profundidad_m": 0.0, "datum_declarado": "1956", "titular_es_empresa": false, "precision": "según datum declarado"}}, {"type": "Feature", "geometry": {"type": "Point", "coordinates": [-70.743387, -33.279242]}, "properties": {"expediente": "ND-1301-892", "tipo": "Consuntivo", "naturaleza": "Subterranea", "uso": "Uso Industrial", "caudal_ls": 2.0, "unidad_original": "Lt/s", "fuente_agua": "Colina Sur", "cuenca": "Rio Maipo", "profundidad_m": 0.0, "datum_declarado": "1984", "titular_es_empresa": true, "precision": "según datum declarado"}}, {"type": "Feature", "geometry": {"type": "Point", "coordinates": [-70.743398, -33.279669]}, "properties": {"expediente": "ND-1301-898", "tipo": "Consuntivo", "naturaleza": "Subterranea", "uso": "Uso Industrial", "caudal_ls": 2.0, "unidad_original": "Lt/s", "fuente_agua": "Colina Sur", "cuenca": "Rio Maipo", "profundidad_m": 0.0, "datum_declarado": "1956", "titular_es_empresa": true, "precision": "según datum declarado"}}, {"type": "Feature", "geometry": {"type": "Point", "coordinates": [-70.790043, -33.188824]}, "properties": {"expediente": "ND-1301-901", "tipo": "Consuntivo", "naturaleza": "Subterranea", "uso": "Riego", "caudal_ls": 2.0, "unidad_original": "Lt/s", "fuente_agua": "Lampa", "cuenca": "Rio Maipo", "profundidad_m": 0.0, "datum_declarado": "1956", "titular_es_empresa": false, "precision": "según datum declarado"}}, {"type": "Feature", "geometry": {"type": "Point", "coordinates": [-70.797036, -33.221866]}, "properties": {"expediente": "ND-1301-904", "tipo": "Consuntivo", "naturaleza": "Subterranea", "uso": "Riego", "caudal_ls": 2.0, "unidad_original": "Lt/s", "fuente_agua": "Lampa", "cuenca": "Rio Maipo", "profundidad_m": 0.0, "datum_declarado": "1956", "titular_es_empresa": false, "precision": "según datum declarado"}}, {"type": "Feature", "geometry": {"type": "Point", "coordinates": [-70.858875, -33.288006]}, "properties": {"expediente": "ND-1301-908", "tipo": "Consuntivo", "naturaleza": "Subterranea", "uso": "Riego", "caudal_ls": 2.0, "unidad_original": "Lt/s", "fuente_agua": "Lampa", "cuenca": "Rio Maipo", "profundidad_m": 0.0, "datum_declarado": "1956", "titular_es_empresa": false, "precision": "según datum declarado"}}, {"type": "Feature", "geometry": {"type": "Point", "coordinates": [-70.883708, -33.282862]}, "properties": {"expediente": "ND-1301-909", "tipo": "Consuntivo", "naturaleza": "Subterranea", "uso": "Riego", "caudal_ls": 2.0, "unidad_original": "Lt/s", "fuente_agua": "Lampa", "cuenca": "Rio Maipo", "profundidad_m": 0.0, "datum_declarado": "1956", "titular_es_empresa": false, "precision": "según datum declarado"}}, {"type": "Feature", "geometry": {"type": "Point", "coordinates": [-70.790668, -33.276874]}, "properties": {"expediente": "ND-1301-870", "tipo": "Consuntivo", "naturaleza": "Subterranea", "uso": "Bebida/Uso Domestico/Saneamiento", "caudal_ls": 2.0, "unidad_original": "Lt/s", "fuente_agua": "Lampa", "cuenca": "Rio Maipo", "profundidad_m": 0.0, "datum_declarado": "1969", "titular_es_empresa": true, "precision": "según datum declarado"}}, {"type": "Feature", "geometry": {"type": "Point", "coordinates": [-70.822813, -33.242782]}, "properties": {"expediente": "NR-1301-63", "tipo": "Consuntivo", "naturaleza": "Subterranea", "uso": "no declarado", "caudal_ls": 64.0, "unidad_original": "Lt/s", "fuente_agua": "Lampa", "cuenca": "Rio Maipo", "profundidad_m": 0.0, "datum_declarado": "1956", "titular_es_empresa": true, "precision": "según datum declarado"}}, {"type": "Feature", "geometry": {"type": "Point", "coordinates": [-70.834673, -33.317223]}, "properties": {"expediente": "NR-1301-72", "tipo": "Consuntivo", "naturaleza": "Subterranea", "uso": "no declarado", "caudal_ls": 65.0, "unidad_original": "Lt/s", "fuente_agua": "Santiago Norte", "cuenca": "Rio Maipo", "profundidad_m": 0.0, "datum_declarado": "1956", "titular_es_empresa": true, "precision": "según datum declarado"}}, {"type": "Feature", "geometry": {"type": "Point", "coordinates": [-70.784145, -33.27502]}, "properties": {"expediente": "ND-1301-800316", "tipo": "Consuntivo", "naturaleza": "Subterranea", "uso": "no declarado", "caudal_ls": 68.4, "unidad_original": "Lt/s", "fuente_agua": "", "cuenca": "Rio Maipo", "profundidad_m": 120.0, "datum_declarado": "1969", "titular_es_empresa": true, "precision": "según datum declarado"}}, {"type": "Feature", "geometry": {"type": "Point", "coordinates": [-70.741229, -33.260725]}, "properties": {"expediente": "NR-1301-32", "tipo": "Consuntivo", "naturaleza": "Subterranea", "uso": "no declarado", "caudal_ls": 100.0, "unidad_original": "Lt/s", "fuente_agua": "Colina Sur", "cuenca": "Rio Maipo", "profundidad_m": 0.0, "datum_declarado": "1956", "titular_es_empresa": false, "precision": "según datum declarado"}}, {"type": "Feature", "geometry": {"type": "Point", "coordinates": [-70.916027, -33.239659]}, "properties": {"expediente": "UA-1301-811999", "tipo": "Consuntivo", "naturaleza": "Subterranea", "uso": "no declarado", "caudal_ls": 6.78, "unidad_original": "Lt/s", "fuente_agua": "", "cuenca": "Rio Maipo", "profundidad_m": null, "datum_declarado": "1956", "titular_es_empresa": true, "precision": "según datum declarado"}}, {"type": "Feature", "geometry": {"type": "Point", "coordinates": [-70.916027, -33.239659]}, "properties": {"expediente": "UA-1301-812002", "tipo": "Consuntivo", "naturaleza": "Subterranea", "uso": "no declarado", "caudal_ls": 10.25, "unidad_original": "Lt/s", "fuente_agua": "", "cuenca": "Rio Maipo", "profundidad_m": null, "datum_declarado": "1956", "titular_es_empresa": true, "precision": "según datum declarado"}}, {"type": "Feature", "geometry": {"type": "Point", "coordinates": [-70.907964, -33.241487]}, "properties": {"expediente": "UA-1301-812068", "tipo": "Consuntivo", "naturaleza": "Subterranea", "uso": "no declarado", "caudal_ls": 0.485, "unidad_original": "Lt/s", "fuente_agua": "", "cuenca": "Rio Maipo", "profundidad_m": null, "datum_declarado": "1956", "titular_es_empresa": false, "precision": "según datum declarado"}}, {"type": "Feature", "geometry": {"type": "Point", "coordinates": [-70.907806, -33.246061]}, "properties": {"expediente": "UA-1301-812069", "tipo": "Consuntivo", "naturaleza": "Subterranea", "uso": "no declarado", "caudal_ls": 1.275, "unidad_original": "Lt/s", "fuente_agua": "", "cuenca": "Rio Maipo", "profundidad_m": 0.0, "datum_declarado": "1956", "titular_es_empresa": false, "precision": "según datum declarado"}}, {"type": "Feature", "geometry": {"type": "Point", "coordinates": [-70.796273, -33.248602]}, "properties": {"expediente": "ND-1301-800612", "tipo": "Consuntivo", "naturaleza": "Subterranea", "uso": "no declarado", "caudal_ls": 13.0, "unidad_original": "Lt/s", "fuente_agua": "", "cuenca": "Rio Maipo", "profundidad_m": 80.0, "datum_declarado": "1969", "titular_es_empresa": true, "precision": "según datum declarado"}}, {"type": "Feature", "geometry": {"type": "Point", "coordinates": [-70.788436, -33.251168]}, "properties": {"expediente": "ND-1301-800614", "tipo": "Consuntivo", "naturaleza": "Subterranea", "uso": "no declarado", "caudal_ls": 20.0, "unidad_original": "Lt/s", "fuente_agua": "", "cuenca": "Rio Maipo", "profundidad_m": 80.0, "datum_declarado": "1969", "titular_es_empresa": true, "precision": "según datum declarado"}}, {"type": "Feature", "geometry": {"type": "Point", "coordinates": [-70.757019, -33.283779]}, "properties": {"expediente": "VPC-1301-20", "tipo": "Consuntivo", "naturaleza": "Subterranea", "uso": "Riego", "caudal_ls": 10.0, "unidad_original": "Lt/s", "fuente_agua": "Colina Sur", "cuenca": "Rio Maipo", "profundidad_m": 0.0, "datum_declarado": "1956", "titular_es_empresa": true, "precision": "según datum declarado"}}, {"type": "Feature", "geometry": {"type": "Point", "coordinates": [-70.749189, -33.280968]}, "properties": {"expediente": "VPC-1301-18", "tipo": "Consuntivo", "naturaleza": "Subterranea", "uso": "no declarado", "caudal_ls": 3.0, "unidad_original": "Lt/s", "fuente_agua": "Colina Sur", "cuenca": "Rio Maipo", "profundidad_m": 0.0, "datum_declarado": "1956", "titular_es_empresa": true, "precision": "según datum declarado"}}, {"type": "Feature", "geometry": {"type": "Point", "coordinates": [-70.82977, -33.36014]}, "properties": {"expediente": "VPC-1301-16", "tipo": "Consuntivo", "naturaleza": "Subterranea", "uso": "Uso Industrial", "caudal_ls": 2.7, "unidad_original": "Lt/s", "fuente_agua": "Santiago Norte", "cuenca": "Rio Maipo", "profundidad_m": null, "datum_declarado": "1956", "titular_es_empresa": true, "precision": "según datum declarado"}}, {"type": "Feature", "geometry": {"type": "Point", "coordinates": [-70.84167, -33.297515]}, "properties": {"expediente": "VPC-1301-11", "tipo": "Consuntivo", "naturaleza": "Subterranea", "uso": "no declarado", "caudal_ls": 3.533, "unidad_original": "Lt/s", "fuente_agua": "Lampa", "cuenca": "Rio Maipo", "profundidad_m": 0.0, "datum_declarado": "1956", "titular_es_empresa": false, "precision": "según datum declarado"}}, {"type": "Feature", "geometry": {"type": "Point", "coordinates": [-70.808174, -33.325661]}, "properties": {"expediente": "NR-1301-56", "tipo": "Consuntivo", "naturaleza": "Subterranea", "uso": "no declarado", "caudal_ls": 20.2, "unidad_original": "Lt/s", "fuente_agua": "Santiago Norte", "cuenca": "Rio Maipo", "profundidad_m": 0.0, "datum_declarado": null, "titular_es_empresa": false, "precision": "±300 m: datum no declarado en la fuente"}}, {"type": "Feature", "geometry": {"type": "Point", "coordinates": [-70.84167, -33.297515]}, "properties": {"expediente": "VPC-1301-114", "tipo": "Consuntivo", "naturaleza": "Subterranea", "uso": "Riego", "caudal_ls": 17.66, "unidad_original": "Lt/s", "fuente_agua": "Lampa", "cuenca": "Rio Maipo", "profundidad_m": 0.0, "datum_declarado": "1956", "titular_es_empresa": false, "precision": "según datum declarado"}}, {"type": "Feature", "geometry": {"type": "Point", "coordinates": [-70.872482, -33.290101]}, "properties": {"expediente": "ND-1301-549", "tipo": "Consuntivo", "naturaleza": "Subterranea", "uso": "Riego", "caudal_ls": 15.0, "unidad_original": "Lt/s", "fuente_agua": "Lampa", "cuenca": "Rio Maipo", "profundidad_m": 0.0, "datum_declarado": "1956", "titular_es_empresa": false, "precision": "según datum declarado"}}, {"type": "Feature", "geometry": {"type": "Point", "coordinates": [-70.777742, -33.282236]}, "properties": {"expediente": "ND-1301-800318", "tipo": "Consuntivo", "naturaleza": "Subterranea", "uso": "no declarado", "caudal_ls": 100.0, "unidad_original": "Lt/s", "fuente_agua": "", "cuenca": "Rio Maipo", "profundidad_m": 120.0, "datum_declarado": "1969", "titular_es_empresa": true, "precision": "según datum declarado"}}, {"type": "Feature", "geometry": {"type": "Point", "coordinates": [-70.745254, -33.279089]}, "properties": {"expediente": "VPC-1301-124", "tipo": "Consuntivo", "naturaleza": "Subterranea", "uso": "Riego", "caudal_ls": 10.0, "unidad_original": "Lt/s", "fuente_agua": "Colina Sur", "cuenca": "Rio Maipo", "profundidad_m": null, "datum_declarado": "1969", "titular_es_empresa": true, "precision": "según datum declarado"}}, {"type": "Feature", "geometry": {"type": "Point", "coordinates": [-70.733768, -33.295528]}, "properties": {"expediente": "VPC-1301-123", "tipo": "Consuntivo", "naturaleza": "Subterranea", "uso": "Riego", "caudal_ls": 1.0, "unidad_original": "Lt/s", "fuente_agua": "Colina Sur", "cuenca": "Rio Maipo", "profundidad_m": null, "datum_declarado": "1969", "titular_es_empresa": true, "precision": "según datum declarado"}}, {"type": "Feature", "geometry": {"type": "Point", "coordinates": [-70.73389, -33.328221]}, "properties": {"expediente": "VPC-1301-127", "tipo": "Consuntivo", "naturaleza": "Subterranea", "uso": "Riego", "caudal_ls": 4.0, "unidad_original": "Lt/s", "fuente_agua": "Colina Sur", "cuenca": "Rio Maipo", "profundidad_m": 0.0, "datum_declarado": "1956", "titular_es_empresa": true, "precision": "según datum declarado"}}, {"type": "Feature", "geometry": {"type": "Point", "coordinates": [-70.763863, -33.32504]}, "properties": {"expediente": "VPC-1301-104", "tipo": "Consuntivo", "naturaleza": "Subterranea", "uso": "no declarado", "caudal_ls": 80.0, "unidad_original": "Lt/s", "fuente_agua": "Colina Sur", "cuenca": "Rio Maipo", "profundidad_m": 0.0, "datum_declarado": "1956", "titular_es_empresa": true, "precision": "según datum declarado"}}, {"type": "Feature", "geometry": {"type": "Point", "coordinates": [-70.877479, -33.2808]}, "properties": {"expediente": "ND-1301-297", "tipo": "Consuntivo", "naturaleza": "Subterranea", "uso": "Riego", "caudal_ls": 53.0, "unidad_original": "Lt/s", "fuente_agua": "Lampa", "cuenca": "Rio Maipo", "profundidad_m": 75.0, "datum_declarado": "1956", "titular_es_empresa": false, "precision": "según datum declarado"}}, {"type": "Feature", "geometry": {"type": "Point", "coordinates": [-70.796006, -33.21242]}, "properties": {"expediente": "NR-1301-41", "tipo": "Consuntivo", "naturaleza": "Subterranea", "uso": "Riego", "caudal_ls": 9.275, "unidad_original": "Lt/s", "fuente_agua": "Lampa", "cuenca": "Rio Maipo", "profundidad_m": 0.0, "datum_declarado": "1956", "titular_es_empresa": false, "precision": "según datum declarado"}}, {"type": "Feature", "geometry": {"type": "Point", "coordinates": [-70.739321, -33.312264]}, "properties": {"expediente": "ND-1301-546", "tipo": "Consuntivo", "naturaleza": "Subterranea", "uso": "Otros Usos", "caudal_ls": 2.0, "unidad_original": "Lt/h", "fuente_agua": "Colina Sur", "cuenca": "Rio Maipo", "profundidad_m": 30.0, "datum_declarado": "1956", "titular_es_empresa": true, "precision": "según datum declarado"}}, {"type": "Feature", "geometry": {"type": "Point", "coordinates": [-70.807014, -33.248988]}, "properties": {"expediente": "ND-1301-616", "tipo": "Consuntivo", "naturaleza": "Subterranea", "uso": "no declarado", "caudal_ls": 110.0, "unidad_original": "Lt/s", "fuente_agua": "Lampa", "cuenca": "Rio Maipo", "profundidad_m": 94.0, "datum_declarado": "1969", "titular_es_empresa": true, "precision": "según datum declarado"}}, {"type": "Feature", "geometry": {"type": "Point", "coordinates": [-70.813168, -33.30578]}, "properties": {"expediente": "ND-1301-800216", "tipo": "Consuntivo", "naturaleza": "Subterranea", "uso": "no declarado", "caudal_ls": 40.0, "unidad_original": "Lt/s", "fuente_agua": "", "cuenca": "Rio Maipo", "profundidad_m": 80.0, "datum_declarado": "1956", "titular_es_empresa": true, "precision": "según datum declarado"}}, {"type": "Feature", "geometry": {"type": "Point", "coordinates": [-70.770344, -33.24336]}, "properties": {"expediente": "ND-1301-517", "tipo": "Consuntivo", "naturaleza": "Subterranea", "uso": "Otros Usos", "caudal_ls": 2.0, "unidad_original": "Lt/s", "fuente_agua": "Lampa", "cuenca": "Rio Maipo", "profundidad_m": 43.0, "datum_declarado": "1956", "titular_es_empresa": true, "precision": "según datum declarado"}}, {"type": "Feature", "geometry": {"type": "Point", "coordinates": [-70.782572, -33.200709]}, "properties": {"expediente": "ND-1301-544", "tipo": "Consuntivo", "naturaleza": "Subterranea", "uso": "Riego", "caudal_ls": 7.0, "unidad_original": "Lt/s", "fuente_agua": "Lampa", "cuenca": "Rio Maipo", "profundidad_m": 30.0, "datum_declarado": "1956", "titular_es_empresa": false, "precision": "según datum declarado"}}, {"type": "Feature", "geometry": {"type": "Point", "coordinates": [-70.785455, -33.22114]}, "properties": {"expediente": "ND-1301-545", "tipo": "Consuntivo", "naturaleza": "Subterranea", "uso": "Bebida/Uso Domestico/Saneamiento", "caudal_ls": 4.0, "unidad_original": "Lt/s", "fuente_agua": "Lampa", "cuenca": "Rio Maipo", "profundidad_m": 60.0, "datum_declarado": "1956", "titular_es_empresa": true, "precision": "según datum declarado"}}, {"type": "Feature", "geometry": {"type": "Point", "coordinates": [-70.911602, -33.209886]}, "properties": {"expediente": "ND-1301-516", "tipo": "Consuntivo", "naturaleza": "Subterranea", "uso": "Riego", "caudal_ls": 1.8, "unidad_original": "Lt/s", "fuente_agua": "Lampa", "cuenca": "Rio Maipo", "profundidad_m": 25.4, "datum_declarado": "1956", "titular_es_empresa": false, "precision": "según datum declarado"}}, {"type": "Feature", "geometry": {"type": "Point", "coordinates": [-70.778791, -33.209962]}, "properties": {"expediente": "ND-1301-564", "tipo": "Consuntivo", "naturaleza": "Subterranea", "uso": "no declarado", "caudal_ls": 10.9, "unidad_original": "Lt/s", "fuente_agua": "Lampa", "cuenca": "Rio Maipo", "profundidad_m": 40.0, "datum_declarado": "1956", "titular_es_empresa": false, "precision": "según datum declarado"}}, {"type": "Feature", "geometry": {"type": "Point", "coordinates": [-70.907964, -33.241487]}, "properties": {"expediente": "UA-1301-812134", "tipo": "Consuntivo", "naturaleza": "Subterranea", "uso": "no declarado", "caudal_ls": 1.08, "unidad_original": "Lt/s", "fuente_agua": "", "cuenca": "Rio Maipo", "profundidad_m": null, "datum_declarado": "1956", "titular_es_empresa": true, "precision": "según datum declarado"}}, {"type": "Feature", "geometry": {"type": "Point", "coordinates": [-70.907806, -33.246061]}, "properties": {"expediente": "UA-1301-812134", "tipo": "Consuntivo", "naturaleza": "Subterranea", "uso": "no declarado", "caudal_ls": 2.83, "unidad_original": "Lt/s", "fuente_agua": "", "cuenca": "Rio Maipo", "profundidad_m": null, "datum_declarado": "1956", "titular_es_empresa": true, "precision": "según datum declarado"}}, {"type": "Feature", "geometry": {"type": "Point", "coordinates": [-70.907964, -33.241487]}, "properties": {"expediente": "UA-1301-812137", "tipo": "Consuntivo", "naturaleza": "Subterranea", "uso": "no declarado", "caudal_ls": 1.06, "unidad_original": "Lt/s", "fuente_agua": "", "cuenca": "Rio Maipo", "profundidad_m": null, "datum_declarado": "1956", "titular_es_empresa": true, "precision": "según datum declarado"}}, {"type": "Feature", "geometry": {"type": "Point", "coordinates": [-70.907806, -33.246061]}, "properties": {"expediente": "UA-1301-812137", "tipo": "Consuntivo", "naturaleza": "Subterranea", "uso": "no declarado", "caudal_ls": 2.78, "unidad_original": "Lt/s", "fuente_agua": "", "cuenca": "Rio Maipo", "profundidad_m": null, "datum_declarado": "1956", "titular_es_empresa": true, "precision": "según datum declarado"}}, {"type": "Feature", "geometry": {"type": "Point", "coordinates": [-70.822382, -33.240647]}, "properties": {"expediente": "ND-1301-313", "tipo": "Consuntivo", "naturaleza": "Subterranea", "uso": "Riego", "caudal_ls": 25.0, "unidad_original": "Lt/s", "fuente_agua": "Lampa", "cuenca": "Rio Maipo", "profundidad_m": 70.0, "datum_declarado": "1969", "titular_es_empresa": false, "precision": "según datum declarado"}}, {"type": "Feature", "geometry": {"type": "Point", "coordinates": [-70.797777, -33.337653]}, "properties": {"expediente": "ND-1301-466", "tipo": "Consuntivo", "naturaleza": "Superficial y Corriente", "uso": "no declarado", "caudal_ls": 100.0, "unidad_original": "Lt/s", "fuente_agua": "Estero Colina", "cuenca": "Rio Maipo", "profundidad_m": 0.0, "datum_declarado": "1969", "titular_es_empresa": true, "precision": "según datum declarado"}}, {"type": "Feature", "geometry": {"type": "Point", "coordinates": [-70.702606, -33.198132]}, "properties": {"expediente": "ND-1301-267", "tipo": "Consuntivo", "naturaleza": "Subterranea", "uso": "no declarado", "caudal_ls": 10.0, "unidad_original": "Lt/s", "fuente_agua": "Colina Inferior", "cuenca": "Rio Maipo", "profundidad_m": 59.5, "datum_declarado": "1956", "titular_es_empresa": false, "precision": "según datum declarado"}}, {"type": "Feature", "geometry": {"type": "Point", "coordinates": [-70.702606, -33.198132]}, "properties": {"expediente": "ND-1301-267", "tipo": "Consuntivo", "naturaleza": "Subterranea", "uso": "no declarado", "caudal_ls": 10.0, "unidad_original": "Lt/s", "fuente_agua": "Colina Inferior", "cuenca": "Rio Maipo", "profundidad_m": 59.5, "datum_declarado": "1956", "titular_es_empresa": false, "precision": "según datum declarado"}}, {"type": "Feature", "geometry": {"type": "Point", "coordinates": [-70.728467, -33.315307]}, "properties": {"expediente": "ND-1301-364", "tipo": "Consuntivo", "naturaleza": "Subterranea", "uso": "Bebida/Uso Domestico/Saneamiento", "caudal_ls": 10.0, "unidad_original": "Lt/s", "fuente_agua": "Colina Sur", "cuenca": "Rio Maipo", "profundidad_m": 40.0, "datum_declarado": "1969", "titular_es_empresa": true, "precision": "según datum declarado"}}, {"type": "Feature", "geometry": {"type": "Point", "coordinates": [-70.739468, -33.290533]}, "properties": {"expediente": "ND-1301-405", "tipo": "Consuntivo", "naturaleza": "Subterranea", "uso": "Otros Usos", "caudal_ls": 18.0, "unidad_original": "Lt/s", "fuente_agua": "Colina Sur", "cuenca": "Rio Maipo", "profundidad_m": 40.0, "datum_declarado": "1969", "titular_es_empresa": true, "precision": "según datum declarado"}}, {"type": "Feature", "geometry": {"type": "Point", "coordinates": [-70.916215, -33.222693]}, "properties": {"expediente": "ND-1301-800932", "tipo": "Consuntivo", "naturaleza": "Subterranea", "uso": "no declarado", "caudal_ls": 22.0, "unidad_original": "Lt/s", "fuente_agua": "Lampa", "cuenca": "Rio Maipo", "profundidad_m": 80.0, "datum_declarado": "1956", "titular_es_empresa": false, "precision": "según datum declarado"}}, {"type": "Feature", "geometry": {"type": "Point", "coordinates": [-70.829603, -33.331601]}, "properties": {"expediente": "ND-1301-334", "tipo": "Consuntivo", "naturaleza": "Subterranea", "uso": "Riego", "caudal_ls": 70.0, "unidad_original": "Lt/s", "fuente_agua": "Santiago Norte", "cuenca": "Rio Maipo", "profundidad_m": 70.0, "datum_declarado": "1956", "titular_es_empresa": false, "precision": "según datum declarado"}}, {"type": "Feature", "geometry": {"type": "Point", "coordinates": [-70.907964, -33.241487]}, "properties": {"expediente": "UA-1301-812128", "tipo": "Consuntivo", "naturaleza": "Subterranea", "uso": "no declarado", "caudal_ls": 0.09, "unidad_original": "Lt/s", "fuente_agua": "", "cuenca": "Rio Maipo", "profundidad_m": 0.0, "datum_declarado": "1956", "titular_es_empresa": false, "precision": "según datum declarado"}}, {"type": "Feature", "geometry": {"type": "Point", "coordinates": [-70.907806, -33.246061]}, "properties": {"expediente": "UA-1301-812128", "tipo": "Consuntivo", "naturaleza": "Subterranea", "uso": "no declarado", "caudal_ls": 0.24, "unidad_original": "Lt/s", "fuente_agua": "", "cuenca": "Rio Maipo", "profundidad_m": 0.0, "datum_declarado": "1956", "titular_es_empresa": false, "precision": "según datum declarado"}}, {"type": "Feature", "geometry": {"type": "Point", "coordinates": [-70.907964, -33.241487]}, "properties": {"expediente": "UA-1301-812142", "tipo": "Consuntivo", "naturaleza": "Subterranea", "uso": "no declarado", "caudal_ls": 1.17, "unidad_original": "Lt/s", "fuente_agua": "", "cuenca": "Rio Maipo", "profundidad_m": null, "datum_declarado": "1956", "titular_es_empresa": false, "precision": "según datum declarado"}}, {"type": "Feature", "geometry": {"type": "Point", "coordinates": [-70.907806, -33.246061]}, "properties": {"expediente": "UA-1301-812142", "tipo": "Consuntivo", "naturaleza": "Subterranea", "uso": "no declarado", "caudal_ls": 3.06, "unidad_original": "Lt/s", "fuente_agua": "", "cuenca": "Rio Maipo", "profundidad_m": null, "datum_declarado": "1956", "titular_es_empresa": false, "precision": "según datum declarado"}}, {"type": "Feature", "geometry": {"type": "Point", "coordinates": [-70.876703, -33.353803]}, "properties": {"expediente": "ND-1301-77", "tipo": "Consuntivo", "naturaleza": "Subterranea", "uso": "Riego", "caudal_ls": 30.0, "unidad_original": "Lt/s", "fuente_agua": "Santiago Norte", "cuenca": "Rio Maipo", "profundidad_m": 55.0, "datum_declarado": "1956", "titular_es_empresa": false, "precision": "según datum declarado"}}, {"type": "Feature", "geometry": {"type": "Point", "coordinates": [-70.876198, -33.352819]}, "properties": {"expediente": "ND-1301-77", "tipo": "Consuntivo", "naturaleza": "Subterranea", "uso": "Riego", "caudal_ls": 4.5, "unidad_original": "Lt/s", "fuente_agua": "Santiago Norte", "cuenca": "Rio Maipo", "profundidad_m": 35.0, "datum_declarado": "1956", "titular_es_empresa": false, "precision": "según datum declarado"}}, {"type": "Feature", "geometry": {"type": "Point", "coordinates": [-70.745414, -33.27956]}, "properties": {"expediente": "ND-1301-232", "tipo": "Consuntivo", "naturaleza": "Subterranea", "uso": "Riego", "caudal_ls": 2.0, "unidad_original": "Lt/s", "fuente_agua": "Colina Sur", "cuenca": "Rio Maipo", "profundidad_m": 0.0, "datum_declarado": "1956", "titular_es_empresa": true, "precision": "según datum declarado"}}, {"type": "Feature", "geometry": {"type": "Point", "coordinates": [-70.917133, -33.227386]}, "properties": {"expediente": "UA-1301-812090", "tipo": "Consuntivo", "naturaleza": "Subterranea", "uso": "no declarado", "caudal_ls": 5.66, "unidad_original": "Lt/s", "fuente_agua": "", "cuenca": "Rio Maipo", "profundidad_m": 0.0, "datum_declarado": "1956", "titular_es_empresa": true, "precision": "según datum declarado"}}, {"type": "Feature", "geometry": {"type": "Point", "coordinates": [-70.840228, -33.223678]}, "properties": {"expediente": "ND-1301-200", "tipo": "Consuntivo", "naturaleza": "Subterranea", "uso": "Riego", "caudal_ls": 15.0, "unidad_original": "Lt/s", "fuente_agua": "Lampa", "cuenca": "Rio Maipo", "profundidad_m": 60.0, "datum_declarado": "1956", "titular_es_empresa": true, "precision": "según datum declarado"}}, {"type": "Feature", "geometry": {"type": "Point", "coordinates": [-70.870504, -33.34028]}, "properties": {"expediente": "ND-1301-800177", "tipo": "Consuntivo", "naturaleza": "Subterranea", "uso": "no declarado", "caudal_ls": 140.0, "unidad_original": "Lt/s", "fuente_agua": "", "cuenca": "Rio Maipo", "profundidad_m": 0.0, "datum_declarado": "1956", "titular_es_empresa": true, "precision": "según datum declarado"}}, {"type": "Feature", "geometry": {"type": "Point", "coordinates": [-70.907964, -33.241487]}, "properties": {"expediente": "UA-1301-812122", "tipo": "Consuntivo", "naturaleza": "Subterranea", "uso": "no declarado", "caudal_ls": 4.57, "unidad_original": "Lt/s", "fuente_agua": "", "cuenca": "Rio Maipo", "profundidad_m": null, "datum_declarado": "1956", "titular_es_empresa": false, "precision": "según datum declarado"}}, {"type": "Feature", "geometry": {"type": "Point", "coordinates": [-70.907964, -33.241487]}, "properties": {"expediente": "UA-1301-812124", "tipo": "Consuntivo", "naturaleza": "Subterranea", "uso": "no declarado", "caudal_ls": 0.95, "unidad_original": "Lt/s", "fuente_agua": "", "cuenca": "Rio Maipo", "profundidad_m": null, "datum_declarado": "1956", "titular_es_empresa": false, "precision": "según datum declarado"}}, {"type": "Feature", "geometry": {"type": "Point", "coordinates": [-70.907806, -33.246061]}, "properties": {"expediente": "UA-1301-812124", "tipo": "Consuntivo", "naturaleza": "Subterranea", "uso": "no declarado", "caudal_ls": 2.5, "unidad_original": "Lt/s", "fuente_agua": "", "cuenca": "Rio Maipo", "profundidad_m": null, "datum_declarado": "1956", "titular_es_empresa": false, "precision": "según datum declarado"}}, {"type": "Feature", "geometry": {"type": "Point", "coordinates": [-70.907964, -33.241487]}, "properties": {"expediente": "UA-1301-812104", "tipo": "Consuntivo", "naturaleza": "Subterranea", "uso": "no declarado", "caudal_ls": 1.03, "unidad_original": "Lt/s", "fuente_agua": "", "cuenca": "Rio Maipo", "profundidad_m": null, "datum_declarado": "1956", "titular_es_empresa": false, "precision": "según datum declarado"}}, {"type": "Feature", "geometry": {"type": "Point", "coordinates": [-70.907806, -33.246061]}, "properties": {"expediente": "UA-1301-812104", "tipo": "Consuntivo", "naturaleza": "Subterranea", "uso": "no declarado", "caudal_ls": 2.69, "unidad_original": "Lt/s", "fuente_agua": "", "cuenca": "Rio Maipo", "profundidad_m": null, "datum_declarado": "1956", "titular_es_empresa": false, "precision": "según datum declarado"}}, {"type": "Feature", "geometry": {"type": "Point", "coordinates": [-70.907964, -33.241487]}, "properties": {"expediente": "UA-1301-812110", "tipo": "Consuntivo", "naturaleza": "Subterranea", "uso": "no declarado", "caudal_ls": 0.11, "unidad_original": "Lt/s", "fuente_agua": "", "cuenca": "Rio Maipo", "profundidad_m": null, "datum_declarado": "1956", "titular_es_empresa": false, "precision": "según datum declarado"}}, {"type": "Feature", "geometry": {"type": "Point", "coordinates": [-70.907806, -33.246061]}, "properties": {"expediente": "UA-1301-812110", "tipo": "Consuntivo", "naturaleza": "Subterranea", "uso": "no declarado", "caudal_ls": 0.27, "unidad_original": "Lt/s", "fuente_agua": "", "cuenca": "Rio Maipo", "profundidad_m": null, "datum_declarado": "1956", "titular_es_empresa": false, "precision": "según datum declarado"}}, {"type": "Feature", "geometry": {"type": "Point", "coordinates": [-70.907964, -33.241487]}, "properties": {"expediente": "UA-1301-812106", "tipo": "Consuntivo", "naturaleza": "Subterranea", "uso": "no declarado", "caudal_ls": 1.01, "unidad_original": "Lt/s", "fuente_agua": "", "cuenca": "Rio Maipo", "profundidad_m": null, "datum_declarado": "1956", "titular_es_empresa": false, "precision": "según datum declarado"}}, {"type": "Feature", "geometry": {"type": "Point", "coordinates": [-70.907707, -33.241491]}, "properties": {"expediente": "UA-1301-812106", "tipo": "Consuntivo", "naturaleza": "Subterranea", "uso": "no declarado", "caudal_ls": 2.64, "unidad_original": "Lt/s", "fuente_agua": "", "cuenca": "Rio Maipo", "profundidad_m": null, "datum_declarado": "1956", "titular_es_empresa": false, "precision": "según datum declarado"}}, {"type": "Feature", "geometry": {"type": "Point", "coordinates": [-70.907964, -33.241487]}, "properties": {"expediente": "UA-1301-812108", "tipo": "Consuntivo", "naturaleza": "Subterranea", "uso": "no declarado", "caudal_ls": 1.17, "unidad_original": "Lt/s", "fuente_agua": "", "cuenca": "Rio Maipo", "profundidad_m": null, "datum_declarado": "1956", "titular_es_empresa": false, "precision": "según datum declarado"}}, {"type": "Feature", "geometry": {"type": "Point", "coordinates": [-70.907806, -33.246061]}, "properties": {"expediente": "UA-1301-812108", "tipo": "Consuntivo", "naturaleza": "Subterranea", "uso": "no declarado", "caudal_ls": 3.06, "unidad_original": "Lt/s", "fuente_agua": "", "cuenca": "Rio Maipo", "profundidad_m": null, "datum_declarado": "1956", "titular_es_empresa": false, "precision": "según datum declarado"}}, {"type": "Feature", "geometry": {"type": "Point", "coordinates": [-70.872461, -33.273125]}, "properties": {"expediente": "UA-1301-812579", "tipo": "Consuntivo", "naturaleza": "Subterranea", "uso": "no declarado", "caudal_ls": 2.772, "unidad_original": "Lt/s", "fuente_agua": "Lampa", "cuenca": "Rio Maipo", "profundidad_m": 0.0, "datum_declarado": "1984", "titular_es_empresa": false, "precision": "según datum declarado"}}, {"type": "Feature", "geometry": {"type": "Point", "coordinates": [-70.872461, -33.273125]}, "properties": {"expediente": "UA-1301-812521", "tipo": "Consuntivo", "naturaleza": "Subterranea", "uso": "no declarado", "caudal_ls": 2.43, "unidad_original": "Lt/s", "fuente_agua": "Lampa", "cuenca": "Rio Maipo", "profundidad_m": 0.0, "datum_declarado": null, "titular_es_empresa": false, "precision": "±300 m: datum no declarado en la fuente"}}, {"type": "Feature", "geometry": {"type": "Point", "coordinates": [-70.872461, -33.273125]}, "properties": {"expediente": "UA-1301-812633", "tipo": "Consuntivo", "naturaleza": "Subterranea", "uso": "no declarado", "caudal_ls": 2.556, "unidad_original": "Lt/s", "fuente_agua": "Lampa", "cuenca": "Rio Maipo", "profundidad_m": 0.0, "datum_declarado": "1984", "titular_es_empresa": false, "precision": "según datum declarado"}}, {"type": "Feature", "geometry": {"type": "Point", "coordinates": [-70.907964, -33.241487]}, "properties": {"expediente": "UA-1301-812052", "tipo": "Consuntivo", "naturaleza": "Subterranea", "uso": "no declarado", "caudal_ls": 0.94, "unidad_original": "Lt/s", "fuente_agua": "Lampa", "cuenca": "Rio Maipo", "profundidad_m": 0.0, "datum_declarado": "1956", "titular_es_empresa": false, "precision": "según datum declarado"}}, {"type": "Feature", "geometry": {"type": "Point", "coordinates": [-70.907806, -33.246061]}, "properties": {"expediente": "UA-1301-812052", "tipo": "Consuntivo", "naturaleza": "Subterranea", "uso": "no declarado", "caudal_ls": 2.45, "unidad_original": "Lt/s", "fuente_agua": "Lampa", "cuenca": "Rio Maipo", "profundidad_m": 0.0, "datum_declarado": "1956", "titular_es_empresa": false, "precision": "según datum declarado"}}, {"type": "Feature", "geometry": {"type": "Point", "coordinates": [-70.907964, -33.241487]}, "properties": {"expediente": "UA-1301-812053", "tipo": "Consuntivo", "naturaleza": "Subterranea", "uso": "no declarado", "caudal_ls": 0.11, "unidad_original": "Lt/s", "fuente_agua": "Lampa", "cuenca": "Rio Maipo", "profundidad_m": 0.0, "datum_declarado": "1956", "titular_es_empresa": false, "precision": "según datum declarado"}}, {"type": "Feature", "geometry": {"type": "Point", "coordinates": [-70.907806, -33.246061]}, "properties": {"expediente": "UA-1301-812053", "tipo": "Consuntivo", "naturaleza": "Subterranea", "uso": "no declarado", "caudal_ls": 0.27, "unidad_original": "Lt/s", "fuente_agua": "Lampa", "cuenca": "Rio Maipo", "profundidad_m": 0.0, "datum_declarado": "1956", "titular_es_empresa": false, "precision": "según datum declarado"}}, {"type": "Feature", "geometry": {"type": "Point", "coordinates": [-70.907964, -33.241487]}, "properties": {"expediente": "UA-1301-812054", "tipo": "Consuntivo", "naturaleza": "Subterranea", "uso": "no declarado", "caudal_ls": 0.09, "unidad_original": "Lt/s", "fuente_agua": "Lampa", "cuenca": "Rio Maipo", "profundidad_m": 0.0, "datum_declarado": "1956", "titular_es_empresa": false, "precision": "según datum declarado"}}, {"type": "Feature", "geometry": {"type": "Point", "coordinates": [-70.907806, -33.246061]}, "properties": {"expediente": "UA-1301-812054", "tipo": "Consuntivo", "naturaleza": "Subterranea", "uso": "no declarado", "caudal_ls": 0.24, "unidad_original": "Lt/s", "fuente_agua": "Lampa", "cuenca": "Rio Maipo", "profundidad_m": 0.0, "datum_declarado": "1956", "titular_es_empresa": false, "precision": "según datum declarado"}}, {"type": "Feature", "geometry": {"type": "Point", "coordinates": [-70.907964, -33.241487]}, "properties": {"expediente": "UA-1301-812055", "tipo": "Consuntivo", "naturaleza": "Subterranea", "uso": "no declarado", "caudal_ls": 0.09, "unidad_original": "Lt/s", "fuente_agua": "Lampa", "cuenca": "Rio Maipo", "profundidad_m": 0.0, "datum_declarado": "1956", "titular_es_empresa": false, "precision": "según datum declarado"}}, {"type": "Feature", "geometry": {"type": "Point", "coordinates": [-70.907806, -33.246061]}, "properties": {"expediente": "UA-1301-812055", "tipo": "Consuntivo", "naturaleza": "Subterranea", "uso": "no declarado", "caudal_ls": 0.24, "unidad_original": "Lt/s", "fuente_agua": "Lampa", "cuenca": "Rio Maipo", "profundidad_m": 0.0, "datum_declarado": "1956", "titular_es_empresa": false, "precision": "según datum declarado"}}, {"type": "Feature", "geometry": {"type": "Point", "coordinates": [-70.907964, -33.241487]}, "properties": {"expediente": "UA-1301-812056", "tipo": "Consuntivo", "naturaleza": "Subterranea", "uso": "no declarado", "caudal_ls": 0.09, "unidad_original": "Lt/s", "fuente_agua": "Lampa", "cuenca": "Rio Maipo", "profundidad_m": 0.0, "datum_declarado": "1956", "titular_es_empresa": false, "precision": "según datum declarado"}}, {"type": "Feature", "geometry": {"type": "Point", "coordinates": [-70.907806, -33.246061]}, "properties": {"expediente": "UA-1301-812056", "tipo": "Consuntivo", "naturaleza": "Subterranea", "uso": "no declarado", "caudal_ls": 0.24, "unidad_original": "Lt/s", "fuente_agua": "Lampa", "cuenca": "Rio Maipo", "profundidad_m": 0.0, "datum_declarado": "1956", "titular_es_empresa": false, "precision": "según datum declarado"}}, {"type": "Feature", "geometry": {"type": "Point", "coordinates": [-70.907964, -33.241487]}, "properties": {"expediente": "UA-1301-812057", "tipo": "Consuntivo", "naturaleza": "Subterranea", "uso": "no declarado", "caudal_ls": 0.09, "unidad_original": "Lt/s", "fuente_agua": "Lampa", "cuenca": "Rio Maipo", "profundidad_m": 0.0, "datum_declarado": "1956", "titular_es_empresa": false, "precision": "según datum declarado"}}, {"type": "Feature", "geometry": {"type": "Point", "coordinates": [-70.907806, -33.246061]}, "properties": {"expediente": "UA-1301-812057", "tipo": "Consuntivo", "naturaleza": "Subterranea", "uso": "no declarado", "caudal_ls": 0.24, "unidad_original": "Lt/s", "fuente_agua": "Lampa", "cuenca": "Rio Maipo", "profundidad_m": 0.0, "datum_declarado": "1956", "titular_es_empresa": false, "precision": "según datum declarado"}}, {"type": "Feature", "geometry": {"type": "Point", "coordinates": [-70.907964, -33.241487]}, "properties": {"expediente": "UA-1301-812058", "tipo": "Consuntivo", "naturaleza": "Subterranea", "uso": "no declarado", "caudal_ls": 0.09, "unidad_original": "Lt/s", "fuente_agua": "Lampa", "cuenca": "Rio Maipo", "profundidad_m": 0.0, "datum_declarado": "1956", "titular_es_empresa": false, "precision": "según datum declarado"}}, {"type": "Feature", "geometry": {"type": "Point", "coordinates": [-70.907806, -33.246061]}, "properties": {"expediente": "UA-1301-812058", "tipo": "Consuntivo", "naturaleza": "Subterranea", "uso": "no declarado", "caudal_ls": 0.24, "unidad_original": "Lt/s", "fuente_agua": "Lampa", "cuenca": "Rio Maipo", "profundidad_m": 0.0, "datum_declarado": "1956", "titular_es_empresa": false, "precision": "según datum declarado"}}, {"type": "Feature", "geometry": {"type": "Point", "coordinates": [-70.907964, -33.241487]}, "properties": {"expediente": "UA-1301-812059", "tipo": "Consuntivo", "naturaleza": "Subterranea", "uso": "no declarado", "caudal_ls": 0.07, "unidad_original": "Lt/s", "fuente_agua": "Lampa", "cuenca": "Rio Maipo", "profundidad_m": 0.0, "datum_declarado": "1956", "titular_es_empresa": false, "precision": "según datum declarado"}}, {"type": "Feature", "geometry": {"type": "Point", "coordinates": [-70.907806, -33.246061]}, "properties": {"expediente": "UA-1301-812059", "tipo": "Consuntivo", "naturaleza": "Subterranea", "uso": "no declarado", "caudal_ls": 0.19, "unidad_original": "Lt/s", "fuente_agua": "Lampa", "cuenca": "Rio Maipo", "profundidad_m": 0.0, "datum_declarado": "1956", "titular_es_empresa": false, "precision": "según datum declarado"}}, {"type": "Feature", "geometry": {"type": "Point", "coordinates": [-70.907964, -33.241487]}, "properties": {"expediente": "UA-1301-812060", "tipo": "Consuntivo", "naturaleza": "Subterranea", "uso": "no declarado", "caudal_ls": 0.04, "unidad_original": "Lt/s", "fuente_agua": "Lampa", "cuenca": "Rio Maipo", "profundidad_m": 0.0, "datum_declarado": "1956", "titular_es_empresa": false, "precision": "según datum declarado"}}, {"type": "Feature", "geometry": {"type": "Point", "coordinates": [-70.907806, -33.246061]}, "properties": {"expediente": "UA-1301-812060", "tipo": "Consuntivo", "naturaleza": "Subterranea", "uso": "no declarado", "caudal_ls": 0.09, "unidad_original": "Lt/s", "fuente_agua": "Lampa", "cuenca": "Rio Maipo", "profundidad_m": 0.0, "datum_declarado": "1956", "titular_es_empresa": false, "precision": "según datum declarado"}}, {"type": "Feature", "geometry": {"type": "Point", "coordinates": [-70.907964, -33.241487]}, "properties": {"expediente": "UA-1301-812061", "tipo": "Consuntivo", "naturaleza": "Subterranea", "uso": "no declarado", "caudal_ls": 0.45, "unidad_original": "Lt/s", "fuente_agua": "Lampa", "cuenca": "Rio Maipo", "profundidad_m": 0.0, "datum_declarado": "1956", "titular_es_empresa": false, "precision": "según datum declarado"}}, {"type": "Feature", "geometry": {"type": "Point", "coordinates": [-70.907964, -33.241487]}, "properties": {"expediente": "UA-1301-812062", "tipo": "Consuntivo", "naturaleza": "Subterranea", "uso": "no declarado", "caudal_ls": 4.19, "unidad_original": "Lt/s", "fuente_agua": "Lampa", "cuenca": "Rio Maipo", "profundidad_m": 0.0, "datum_declarado": "1956", "titular_es_empresa": false, "precision": "según datum declarado"}}, {"type": "Feature", "geometry": {"type": "Point", "coordinates": [-70.907964, -33.241487]}, "properties": {"expediente": "UA-1301-812063", "tipo": "Consuntivo", "naturaleza": "Subterranea", "uso": "no declarado", "caudal_ls": 0.45, "unidad_original": "Lt/s", "fuente_agua": "Lampa", "cuenca": "Rio Maipo", "profundidad_m": 0.0, "datum_declarado": "1956", "titular_es_empresa": false, "precision": "según datum declarado"}}, {"type": "Feature", "geometry": {"type": "Point", "coordinates": [-70.907964, -33.241487]}, "properties": {"expediente": "UA-1301-812064", "tipo": "Consuntivo", "naturaleza": "Subterranea", "uso": "no declarado", "caudal_ls": 0.09, "unidad_original": "Lt/s", "fuente_agua": "Lampa", "cuenca": "Rio Maipo", "profundidad_m": 0.0, "datum_declarado": "1956", "titular_es_empresa": false, "precision": "según datum declarado"}}, {"type": "Feature", "geometry": {"type": "Point", "coordinates": [-70.907806, -33.246061]}, "properties": {"expediente": "UA-1301-812064", "tipo": "Consuntivo", "naturaleza": "Subterranea", "uso": "no declarado", "caudal_ls": 0.24, "unidad_original": "Lt/s", "fuente_agua": "Lampa", "cuenca": "Rio Maipo", "profundidad_m": 0.0, "datum_declarado": "1956", "titular_es_empresa": false, "precision": "según datum declarado"}}, {"type": "Feature", "geometry": {"type": "Point", "coordinates": [-70.907964, -33.241487]}, "properties": {"expediente": "UA-1301-812064", "tipo": "Consuntivo", "naturaleza": "Subterranea", "uso": "no declarado", "caudal_ls": 0.97, "unidad_original": "Lt/s", "fuente_agua": "Lampa", "cuenca": "Rio Maipo", "profundidad_m": 0.0, "datum_declarado": "1956", "titular_es_empresa": false, "precision": "según datum declarado"}}, {"type": "Feature", "geometry": {"type": "Point", "coordinates": [-70.907806, -33.246061]}, "properties": {"expediente": "UA-1301-812064", "tipo": "Consuntivo", "naturaleza": "Subterranea", "uso": "no declarado", "caudal_ls": 2.55, "unidad_original": "Lt/s", "fuente_agua": "Lampa", "cuenca": "Rio Maipo", "profundidad_m": 0.0, "datum_declarado": "1956", "titular_es_empresa": false, "precision": "según datum declarado"}}, {"type": "Feature", "geometry": {"type": "Point", "coordinates": [-70.907964, -33.241487]}, "properties": {"expediente": "UA-1301-812065", "tipo": "Consuntivo", "naturaleza": "Subterranea", "uso": "no declarado", "caudal_ls": 0.13, "unidad_original": "Lt/s", "fuente_agua": "Lampa", "cuenca": "Rio Maipo", "profundidad_m": 0.0, "datum_declarado": "1956", "titular_es_empresa": false, "precision": "según datum declarado"}}, {"type": "Feature", "geometry": {"type": "Point", "coordinates": [-70.907806, -33.246061]}, "properties": {"expediente": "UA-1301-812065", "tipo": "Consuntivo", "naturaleza": "Subterranea", "uso": "no declarado", "caudal_ls": 0.33, "unidad_original": "Lt/s", "fuente_agua": "Lampa", "cuenca": "Rio Maipo", "profundidad_m": 0.0, "datum_declarado": "1956", "titular_es_empresa": false, "precision": "según datum declarado"}}, {"type": "Feature", "geometry": {"type": "Point", "coordinates": [-70.907964, -33.241487]}, "properties": {"expediente": "UA-1301-812066", "tipo": "Consuntivo", "naturaleza": "Subterranea", "uso": "no declarado", "caudal_ls": 0.04, "unidad_original": "Lt/s", "fuente_agua": "Lampa", "cuenca": "Rio Maipo", "profundidad_m": 0.0, "datum_declarado": "1956", "titular_es_empresa": false, "precision": "según datum declarado"}}, {"type": "Feature", "geometry": {"type": "Point", "coordinates": [-70.907806, -33.246061]}, "properties": {"expediente": "UA-1301-812066", "tipo": "Consuntivo", "naturaleza": "Subterranea", "uso": "no declarado", "caudal_ls": 0.09, "unidad_original": "Lt/s", "fuente_agua": "Lampa", "cuenca": "Rio Maipo", "profundidad_m": 0.0, "datum_declarado": "1956", "titular_es_empresa": false, "precision": "según datum declarado"}}, {"type": "Feature", "geometry": {"type": "Point", "coordinates": [-70.907964, -33.241487]}, "properties": {"expediente": "UA-1301-812066", "tipo": "Consuntivo", "naturaleza": "Subterranea", "uso": "no declarado", "caudal_ls": 0.99, "unidad_original": "Lt/s", "fuente_agua": "Lampa", "cuenca": "Rio Maipo", "profundidad_m": 0.0, "datum_declarado": "1956", "titular_es_empresa": false, "precision": "según datum declarado"}}, {"type": "Feature", "geometry": {"type": "Point", "coordinates": [-70.907806, -33.246061]}, "properties": {"expediente": "UA-1301-812066", "tipo": "Consuntivo", "naturaleza": "Subterranea", "uso": "no declarado", "caudal_ls": 2.59, "unidad_original": "Lt/s", "fuente_agua": "Lampa", "cuenca": "Rio Maipo", "profundidad_m": 0.0, "datum_declarado": "1956", "titular_es_empresa": false, "precision": "según datum declarado"}}, {"type": "Feature", "geometry": {"type": "Point", "coordinates": [-70.907964, -33.241487]}, "properties": {"expediente": "UA-1301-812067", "tipo": "Consuntivo", "naturaleza": "Subterranea", "uso": "no declarado", "caudal_ls": 0.09, "unidad_original": "Lt/s", "fuente_agua": "Lampa", "cuenca": "Rio Maipo", "profundidad_m": 0.0, "datum_declarado": "1956", "titular_es_empresa": false, "precision": "según datum declarado"}}, {"type": "Feature", "geometry": {"type": "Point", "coordinates": [-70.907806, -33.246061]}, "properties": {"expediente": "UA-1301-812067", "tipo": "Consuntivo", "naturaleza": "Subterranea", "uso": "no declarado", "caudal_ls": 0.24, "unidad_original": "Lt/s", "fuente_agua": "Lampa", "cuenca": "Rio Maipo", "profundidad_m": 0.0, "datum_declarado": "1956", "titular_es_empresa": false, "precision": "según datum declarado"}}, {"type": "Feature", "geometry": {"type": "Point", "coordinates": [-70.907964, -33.241487]}, "properties": {"expediente": "UA-1301-812067", "tipo": "Consuntivo", "naturaleza": "Subterranea", "uso": "no declarado", "caudal_ls": 0.485, "unidad_original": "Lt/s", "fuente_agua": "Lampa", "cuenca": "Rio Maipo", "profundidad_m": 0.0, "datum_declarado": "1956", "titular_es_empresa": false, "precision": "según datum declarado"}}, {"type": "Feature", "geometry": {"type": "Point", "coordinates": [-70.907806, -33.246061]}, "properties": {"expediente": "UA-1301-812067", "tipo": "Consuntivo", "naturaleza": "Subterranea", "uso": "no declarado", "caudal_ls": 1.275, "unidad_original": "Lt/s", "fuente_agua": "Lampa", "cuenca": "Rio Maipo", "profundidad_m": 0.0, "datum_declarado": "1956", "titular_es_empresa": false, "precision": "según datum declarado"}}, {"type": "Feature", "geometry": {"type": "Point", "coordinates": [-70.907964, -33.241487]}, "properties": {"expediente": "UA-1301-812070", "tipo": "Consuntivo", "naturaleza": "Subterranea", "uso": "no declarado", "caudal_ls": 0.18, "unidad_original": "Lt/s", "fuente_agua": "Lampa", "cuenca": "Rio Maipo", "profundidad_m": 0.0, "datum_declarado": "1956", "titular_es_empresa": false, "precision": "según datum declarado"}}, {"type": "Feature", "geometry": {"type": "Point", "coordinates": [-70.908064, -33.246058]}, "properties": {"expediente": "UA-1301-812070", "tipo": "Consuntivo", "naturaleza": "Subterranea", "uso": "no declarado", "caudal_ls": 0.47, "unidad_original": "Lt/s", "fuente_agua": "Lampa", "cuenca": "Rio Maipo", "profundidad_m": 0.0, "datum_declarado": "1956", "titular_es_empresa": false, "precision": "según datum declarado"}}, {"type": "Feature", "geometry": {"type": "Point", "coordinates": [-70.907964, -33.241487]}, "properties": {"expediente": "UA-1301-812071", "tipo": "Consuntivo", "naturaleza": "Subterranea", "uso": "no declarado", "caudal_ls": 0.09, "unidad_original": "Lt/s", "fuente_agua": "Lampa", "cuenca": "Rio Maipo", "profundidad_m": 0.0, "datum_declarado": "1956", "titular_es_empresa": false, "precision": "según datum declarado"}}, {"type": "Feature", "geometry": {"type": "Point", "coordinates": [-70.907806, -33.246061]}, "properties": {"expediente": "UA-1301-812071", "tipo": "Consuntivo", "naturaleza": "Subterranea", "uso": "no declarado", "caudal_ls": 0.24, "unidad_original": "Lt/s", "fuente_agua": "Lampa", "cuenca": "Rio Maipo", "profundidad_m": 0.0, "datum_declarado": "1956", "titular_es_empresa": false, "precision": "según datum declarado"}}, {"type": "Feature", "geometry": {"type": "Point", "coordinates": [-70.907964, -33.241487]}, "properties": {"expediente": "UA-1301-812111", "tipo": "Consuntivo", "naturaleza": "Subterranea", "uso": "no declarado", "caudal_ls": 0.09, "unidad_original": "Lt/s", "fuente_agua": "Lampa", "cuenca": "Rio Maipo", "profundidad_m": 0.0, "datum_declarado": "1956", "titular_es_empresa": false, "precision": "según datum declarado"}}, {"type": "Feature", "geometry": {"type": "Point", "coordinates": [-70.907806, -33.246061]}, "properties": {"expediente": "UA-1301-812111", "tipo": "Consuntivo", "naturaleza": "Subterranea", "uso": "no declarado", "caudal_ls": 0.24, "unidad_original": "Lt/s", "fuente_agua": "Lampa", "cuenca": "Rio Maipo", "profundidad_m": 0.0, "datum_declarado": "1956", "titular_es_empresa": false, "precision": "según datum declarado"}}, {"type": "Feature", "geometry": {"type": "Point", "coordinates": [-70.907964, -33.241487]}, "properties": {"expediente": "UA-1301-812111", "tipo": "Consuntivo", "naturaleza": "Subterranea", "uso": "no declarado", "caudal_ls": 0.97, "unidad_original": "Lt/s", "fuente_agua": "Lampa", "cuenca": "Rio Maipo", "profundidad_m": 0.0, "datum_declarado": "1956", "titular_es_empresa": false, "precision": "según datum declarado"}}, {"type": "Feature", "geometry": {"type": "Point", "coordinates": [-70.907806, -33.246061]}, "properties": {"expediente": "UA-1301-812111", "tipo": "Consuntivo", "naturaleza": "Subterranea", "uso": "no declarado", "caudal_ls": 2.55, "unidad_original": "Lt/s", "fuente_agua": "Lampa", "cuenca": "Rio Maipo", "profundidad_m": 0.0, "datum_declarado": "1956", "titular_es_empresa": false, "precision": "según datum declarado"}}, {"type": "Feature", "geometry": {"type": "Point", "coordinates": [-70.907964, -33.241487]}, "properties": {"expediente": "UA-1301-812112", "tipo": "Consuntivo", "naturaleza": "Subterranea", "uso": "no declarado", "caudal_ls": 0.4, "unidad_original": "Lt/s", "fuente_agua": "Lampa", "cuenca": "Rio Maipo", "profundidad_m": 0.0, "datum_declarado": "1956", "titular_es_empresa": false, "precision": "según datum declarado"}}, {"type": "Feature", "geometry": {"type": "Point", "coordinates": [-70.907806, -33.246061]}, "properties": {"expediente": "UA-1301-812112", "tipo": "Consuntivo", "naturaleza": "Subterranea", "uso": "no declarado", "caudal_ls": 1.04, "unidad_original": "Lt/s", "fuente_agua": "Lampa", "cuenca": "Rio Maipo", "profundidad_m": 0.0, "datum_declarado": "1956", "titular_es_empresa": false, "precision": "según datum declarado"}}, {"type": "Feature", "geometry": {"type": "Point", "coordinates": [-70.907964, -33.241487]}, "properties": {"expediente": "UA-1301-812115", "tipo": "Consuntivo", "naturaleza": "Subterranea", "uso": "no declarado", "caudal_ls": 0.99, "unidad_original": "Lt/s", "fuente_agua": "Lampa", "cuenca": "Rio Maipo", "profundidad_m": 0.0, "datum_declarado": "1956", "titular_es_empresa": false, "precision": "según datum declarado"}}, {"type": "Feature", "geometry": {"type": "Point", "coordinates": [-70.907806, -33.246061]}, "properties": {"expediente": "UA-1301-812115", "tipo": "Consuntivo", "naturaleza": "Subterranea", "uso": "no declarado", "caudal_ls": 2.59, "unidad_original": "Lt/s", "fuente_agua": "Lampa", "cuenca": "Rio Maipo", "profundidad_m": 0.0, "datum_declarado": "1956", "titular_es_empresa": false, "precision": "según datum declarado"}}, {"type": "Feature", "geometry": {"type": "Point", "coordinates": [-70.907964, -33.241487]}, "properties": {"expediente": "UA-1301-812116", "tipo": "Consuntivo", "naturaleza": "Subterranea", "uso": "no declarado", "caudal_ls": 1.01, "unidad_original": "Lt/s", "fuente_agua": "Lampa", "cuenca": "Rio Maipo", "profundidad_m": 0.0, "datum_declarado": "1956", "titular_es_empresa": false, "precision": "según datum declarado"}}, {"type": "Feature", "geometry": {"type": "Point", "coordinates": [-70.907806, -33.246061]}, "properties": {"expediente": "UA-1301-812116", "tipo": "Consuntivo", "naturaleza": "Subterranea", "uso": "no declarado", "caudal_ls": 2.64, "unidad_original": "Lt/s", "fuente_agua": "Lampa", "cuenca": "Rio Maipo", "profundidad_m": 0.0, "datum_declarado": "1956", "titular_es_empresa": false, "precision": "según datum declarado"}}, {"type": "Feature", "geometry": {"type": "Point", "coordinates": [-70.907964, -33.241487]}, "properties": {"expediente": "UA-1301-812117", "tipo": "Consuntivo", "naturaleza": "Subterranea", "uso": "no declarado", "caudal_ls": 1.17, "unidad_original": "Lt/s", "fuente_agua": "Lampa", "cuenca": "Rio Maipo", "profundidad_m": 0.0, "datum_declarado": "1956", "titular_es_empresa": false, "precision": "según datum declarado"}}, {"type": "Feature", "geometry": {"type": "Point", "coordinates": [-70.907806, -33.246061]}, "properties": {"expediente": "UA-1301-812117", "tipo": "Consuntivo", "naturaleza": "Subterranea", "uso": "no declarado", "caudal_ls": 3.06, "unidad_original": "Lt/s", "fuente_agua": "Lampa", "cuenca": "Rio Maipo", "profundidad_m": 0.0, "datum_declarado": "1956", "titular_es_empresa": false, "precision": "según datum declarado"}}, {"type": "Feature", "geometry": {"type": "Point", "coordinates": [-70.907964, -33.241487]}, "properties": {"expediente": "UA-1301-812118", "tipo": "Consuntivo", "naturaleza": "Subterranea", "uso": "no declarado", "caudal_ls": 0.09, "unidad_original": "Lt/s", "fuente_agua": "Lampa", "cuenca": "Rio Maipo", "profundidad_m": 0.0, "datum_declarado": "1956", "titular_es_empresa": false, "precision": "según datum declarado"}}, {"type": "Feature", "geometry": {"type": "Point", "coordinates": [-70.907806, -33.246061]}, "properties": {"expediente": "UA-1301-812118", "tipo": "Consuntivo", "naturaleza": "Subterranea", "uso": "no declarado", "caudal_ls": 0.24, "unidad_original": "Lt/s", "fuente_agua": "Lampa", "cuenca": "Rio Maipo", "profundidad_m": 0.0, "datum_declarado": "1956", "titular_es_empresa": false, "precision": "según datum declarado"}}, {"type": "Feature", "geometry": {"type": "Point", "coordinates": [-70.907964, -33.241487]}, "properties": {"expediente": "UA-1301-812143", "tipo": "Consuntivo", "naturaleza": "Subterranea", "uso": "no declarado", "caudal_ls": 0.99, "unidad_original": "Lt/s", "fuente_agua": "Lampa", "cuenca": "Rio Maipo", "profundidad_m": 0.0, "datum_declarado": "1956", "titular_es_empresa": false, "precision": "según datum declarado"}}, {"type": "Feature", "geometry": {"type": "Point", "coordinates": [-70.907806, -33.246061]}, "properties": {"expediente": "UA-1301-812143", "tipo": "Consuntivo", "naturaleza": "Subterranea", "uso": "no declarado", "caudal_ls": 2.31, "unidad_original": "Lt/s", "fuente_agua": "Lampa", "cuenca": "Rio Maipo", "profundidad_m": 0.0, "datum_declarado": "1956", "titular_es_empresa": false, "precision": "según datum declarado"}}, {"type": "Feature", "geometry": {"type": "Point", "coordinates": [-70.907964, -33.241487]}, "properties": {"expediente": "UA-1301-812221", "tipo": "Consuntivo", "naturaleza": "Subterranea", "uso": "no declarado", "caudal_ls": 1.03, "unidad_original": "Lt/s", "fuente_agua": "Lampa", "cuenca": "Rio Maipo", "profundidad_m": 0.0, "datum_declarado": "1956", "titular_es_empresa": false, "precision": "según datum declarado"}}, {"type": "Feature", "geometry": {"type": "Point", "coordinates": [-70.907806, -33.246061]}, "properties": {"expediente": "UA-1301-812221", "tipo": "Consuntivo", "naturaleza": "Subterranea", "uso": "no declarado", "caudal_ls": 2.69, "unidad_original": "Lt/s", "fuente_agua": "Lampa", "cuenca": "Rio Maipo", "profundidad_m": 0.0, "datum_declarado": "1956", "titular_es_empresa": false, "precision": "según datum declarado"}}, {"type": "Feature", "geometry": {"type": "Point", "coordinates": [-70.907964, -33.241487]}, "properties": {"expediente": "UA-1301-812350", "tipo": "Consuntivo", "naturaleza": "Subterranea", "uso": "no declarado", "caudal_ls": 2.0, "unidad_original": "Lt/s", "fuente_agua": "Lampa", "cuenca": "Rio Maipo", "profundidad_m": 0.0, "datum_declarado": "1956", "titular_es_empresa": false, "precision": "según datum declarado"}}, {"type": "Feature", "geometry": {"type": "Point", "coordinates": [-70.831358, -33.265621]}, "properties": {"expediente": "UA-1301-812908", "tipo": "Consuntivo", "naturaleza": "Subterranea", "uso": "Riego", "caudal_ls": 10.002, "unidad_original": "Lt/s", "fuente_agua": "Lampa", "cuenca": "Rio Maipo", "profundidad_m": 0.0, "datum_declarado": "1984", "titular_es_empresa": false, "precision": "según datum declarado"}}, {"type": "Feature", "geometry": {"type": "Point", "coordinates": [-70.917133, -33.227386]}, "properties": {"expediente": "UA-1301-812087", "tipo": "Consuntivo", "naturaleza": "Subterranea", "uso": "Riego", "caudal_ls": 23.68, "unidad_original": "Lt/s", "fuente_agua": "Lampa", "cuenca": "Rio Maipo", "profundidad_m": 0.0, "datum_declarado": "1956", "titular_es_empresa": false, "precision": "según datum declarado"}}]}