{
"type": "FeatureCollection",
"name": "areas-verdes",
"crs": { "type": "name", "properties": { "name": "urn:ogc:def:crs:OGC:1.3:CRS84" } },
"features": [
{ "type": "Feature", "properties": { "fid": 25, "Arae": 13583.999 }, "geometry": { "type": "MultiPolygon", "coordinates": [ [ [ [ -70.809346666788045, -33.247115885149221 ], [ -70.809414106911575, -33.247148844957671 ], [ -70.809430339458885, -33.247156620111404 ], [ -70.809446730658991, -33.247164156605514 ], [ -70.809463275542484, -33.247171452155108 ], [ -70.80947996909336, -33.247178504548359 ], [ -70.809496806250493, -33.247185311647115 ], [ -70.809513781909288, -33.247191871387642 ], [ -70.809530890923085, -33.247198181781137 ], [ -70.809548128104822, -33.247204240914449 ], [ -70.809565488228571, -33.247210046950563 ], [ -70.809582966031144, -33.247215598129252 ], [ -70.809600556213667, -33.247220892767508 ], [ -70.809618253443148, -33.247225929260111 ], [ -70.809636052354222, -33.247230706080074 ], [ -70.809653947550601, -33.247235221779242 ], [ -70.809671933606865, -33.247239474988476 ], [ -70.809690005070024, -33.247243464418368 ], [ -70.809708156461213, -33.247247188859369 ], [ -70.809726382277319, -33.247250647182312 ], [ -70.809744676992622, -33.247253838338757 ], [ -70.80976303506057, -33.24725676136115 ], [ -70.809781450915395, -33.247259415363345 ], [ -70.809799918973781, -33.247261799540716 ], [ -70.809818433636593, -33.247263913170386 ], [ -70.809836989290559, -33.247265755611593 ], [ -70.809855580310028, -33.247267326305739 ], [ -70.809874201058562, -33.247268624776623 ], [ -70.809892845890715, -33.247269650630599 ], [ -70.809911509153793, -33.247270403556655 ], [ -70.809930185189458, -33.247270883326486 ], [ -70.809948868335525, -33.247271089794701 ], [ -70.809967552927674, -33.247271022898651 ], [ -70.809986233301089, -33.24727068265868 ], [ -70.810004903792262, -33.247270069177915 ], [ -70.810023558740696, -33.247269182642356 ], [ -70.810042192490613, -33.247268023320785 ], [ -70.81006079939263, -33.247266591564717 ], [ -70.810079373805522, -33.247264887808193 ], [ -70.811757444161387, -33.247098519485306 ], [ -70.811474788312722, -33.247508428387583 ], [ -70.811456853622886, -33.247510391720176 ], [ -70.811438960858979, -33.247512608746668 ], [ -70.811421115103443, -33.247515078837353 ], [ -70.81140332142536, -33.247517801290556 ], [ -70.811385584878991, -33.24752077533298 ], [ -70.81136791050244, -33.247524000119896 ], [ -70.811350303316075, -33.247527474735264 ], [ -70.811332768321236, -33.247531198192164 ], [ -70.811315310498728, -33.247535169432929 ], [ -70.811297934807456, -33.247539387329532 ], [ -70.811280646183008, -33.247543850683897 ], [ -70.81034884580734, -33.247791646437697 ], [ -70.810331431029638, -33.247796141222537 ], [ -70.810313927949295, -33.247800386952115 ], [ -70.810296341610908, -33.24780438240272 ], [ -70.810278677083062, -33.247808126422854 ], [ -70.810260939456896, -33.247811617933415 ], [ -70.810243133844594, -33.247814855928105 ], [ -70.81022526537798, -33.247817839473683 ], [ -70.81020733920694, -33.247820567710242 ], [ -70.810189360498029, -33.247823039851468 ], [ -70.810171334432951, -33.247825255184864 ], [ -70.810153266207038, -33.247827213071922 ], [ -70.810135161027773, -33.247828912948364 ], [ -70.810117024113325, -33.247830354324257 ], [ -70.810098860690957, -33.247831536784147 ], [ -70.810080675995621, -33.247832459987265 ], [ -70.810062475268396, -33.247833123667498 ], [ -70.810044263754918, -33.247833527633581 ], [ -70.810026046704039, -33.247833671769058 ], [ -70.810007829366114, -33.24783355603239 ], [ -70.809989616991643, -33.247833180456929 ], [ -70.809971414829661, -33.247832545150935 ], [ -70.809953228126247, -33.247831650297478 ], [ -70.809935062123088, -33.247830496154478 ], [ -70.80991692205582, -33.247829083054555 ], [ -70.809898813152685, -33.247827411404984 ], [ -70.809880740632877, -33.247825481687535 ], [ -70.808830991182688, -33.247705772087109 ], [ -70.809346666788045, -33.247115885149221 ] ] ] ] } },
{ "type": "Feature", "properties": { "fid": 26, "Arae": 12862.864 }, "geometry": { "type": "MultiPolygon", "coordinates": [ [ [ [ -70.807496474478256, -33.249232294831081 ], [ -70.808127638886418, -33.248510328655421 ], [ -70.80924896291323, -33.249535808936152 ], [ -70.808658376521024, -33.250022545375323 ], [ -70.807496474478256, -33.249232294831081 ] ] ] ] } },
{ "type": "Feature", "properties": { "fid": 27, "Arae": 7771.104 }, "geometry": { "type": "MultiPolygon", "coordinates": [ [ [ [ -70.804589711255659, -33.252557047059426 ], [ -70.804894380385818, -33.252208581470093 ], [ -70.804911068761896, -33.25221537774798 ], [ -70.804927894425305, -33.252221930710768 ], [ -70.804944852351312, -33.2522282384015 ], [ -70.804961937475639, -33.252234298936472 ], [ -70.804979144696077, -33.252240110505788 ], [ -70.804996468873924, -33.252245671373878 ], [ -70.805013904835533, -33.252250979880081 ], [ -70.805031447373892, -33.2522560344391 ], [ -70.805049091250169, -33.25226083354142 ], [ -70.805066831195234, -33.252265375753879 ], [ -70.805084661911309, -33.252269659720014 ], [ -70.805102578073445, -33.252273684160457 ], [ -70.805120574331212, -33.252277447873368 ], [ -70.805138645310279, -33.252280949734782 ], [ -70.80515678561396, -33.252284188698887 ], [ -70.805174989824877, -33.252287163798464 ], [ -70.805193252506555, -33.252289874144978 ], [ -70.80521156820511, -33.252292318929051 ], [ -70.805229931450725, -33.252294497420593 ], [ -70.80524833675949, -33.252296408969023 ], [ -70.805266778634859, -33.252298053003472 ], [ -70.805285251569373, -33.252299429032988 ], [ -70.806061777366381, -33.252351591549299 ], [ -70.806079852964373, -33.252352935016908 ], [ -70.806097898942951, -33.25235453507949 ], [ -70.806115910142722, -33.252356391279562 ], [ -70.80613388141424, -33.252358503086455 ], [ -70.806151807619486, -33.252360869896364 ], [ -70.806169683633343, -33.252363491032639 ], [ -70.806187504345019, -33.252366365745843 ], [ -70.806205264659525, -33.252369493214132 ], [ -70.806222959499138, -33.252372872543333 ], [ -70.806240583804879, -33.252376502767284 ], [ -70.806258132537906, -33.252380382848067 ], [ -70.806275600681019, -33.252384511676404 ], [ -70.806292983240013, -33.252388888071813 ], [ -70.806310275245181, -33.252393510783079 ], [ -70.806327471752667, -33.252398378488557 ], [ -70.806344567845954, -33.252403489796542 ], [ -70.806361558637221, -33.252408843245725 ], [ -70.806378439268755, -33.25241443730549 ], [ -70.80639520491431, -33.252420270376511 ], [ -70.806411850780535, -33.252426340791104 ], [ -70.806428372108314, -33.252432646813688 ], [ -70.806444764174131, -33.252439186641368 ], [ -70.806461022291444, -33.25244595840438 ], [ -70.806129614244313, -33.252937382672087 ], [ -70.806113029569033, -33.252932920803488 ], [ -70.806096360910033, -33.252928685621967 ], [ -70.804589711255659, -33.252557047059426 ] ] ] ] } },
{ "type": "Feature", "properties": { "fid": 28, "Arae": 2332.922 }, "geometry": { "type": "MultiPolygon", "coordinates": [ [ [ [ -70.810746763351474, -33.245514250088597 ], [ -70.810844561670024, -33.245402371383626 ], [ -70.812360322399954, -33.245950562496745 ], [ -70.81229668698343, -33.246074796926074 ], [ -70.810746763351474, -33.245514250088597 ] ] ] ] } },
{ "type": "Feature", "properties": { "fid": 29, "Arae": 5437.324 }, "geometry": { "type": "MultiPolygon", "coordinates": [ [ [ [ -70.812474748366611, -33.246139204195053 ], [ -70.812538854132441, -33.246015135031307 ], [ -70.815996063103455, -33.247276292296952 ], [ -70.81589439755021, -33.247397482363183 ], [ -70.812474748366611, -33.246139204195053 ] ] ] ] } },
{ "type": "Feature", "properties": { "fid": 30, "Arae": 19314.637 }, "geometry": { "type": "MultiPolygon", "coordinates": [ [ [ [ -70.811988080632219, -33.24707565176498 ], [ -70.813113824470392, -33.246964027420518 ], [ -70.813132416326837, -33.24696232172829 ], [ -70.813151040736315, -33.246960888545182 ], [ -70.813169692041939, -33.2469597283065 ], [ -70.813188364578664, -33.246958841364659 ], [ -70.813207052674997, -33.246958227989033 ], [ -70.813225750654695, -33.24695788836592 ], [ -70.813244452838546, -33.246957822598482 ], [ -70.81326315354606, -33.246958030706672 ], [ -70.813281847097173, -33.246958512627273 ], [ -70.813300527814008, -33.246959268213907 ], [ -70.813319190022582, -33.246960297237095 ], [ -70.813337828054557, -33.246961599384235 ], [ -70.813356436248895, -33.246963174259847 ], [ -70.813375008953656, -33.246965021385584 ], [ -70.813393540527656, -33.24696714020039 ], [ -70.813412025342217, -33.24696953006071 ], [ -70.813430457782857, -33.246972190240633 ], [ -70.813448832250984, -33.246975119932188 ], [ -70.813467143165681, -33.246978318245503 ], [ -70.813485384965219, -33.246981784209154 ], [ -70.813503552108955, -33.246985516770394 ], [ -70.8135216390789, -33.246989514795487 ], [ -70.813539640381379, -33.246993777070102 ], [ -70.813557550548765, -33.246998302299644 ], [ -70.813575364141087, -33.247003089109626 ], [ -70.813593075747761, -33.247008136046126 ], [ -70.813610679989111, -33.2470134415762 ], [ -70.81362817151809, -33.247019004088351 ], [ -70.813645545021913, -33.247024821893085 ], [ -70.813662795223578, -33.247030893223283 ], [ -70.813679916883586, -33.247037216234901 ], [ -70.813696904801475, -33.247043789007371 ], [ -70.813713753817368, -33.247050609544345 ], [ -70.813730458813595, -33.247057675774144 ], [ -70.813747014716242, -33.247064985550523 ], [ -70.813763416496641, -33.247072536653214 ], [ -70.813779659172951, -33.247080326788712 ], [ -70.813795737811674, -33.247088353590826 ], [ -70.813811647529079, -33.247096614621547 ], [ -70.813827383492793, -33.247105107371702 ], [ -70.813842940923166, -33.247113829261728 ], [ -70.813858315094834, -33.247122777642467 ], [ -70.813873501338023, -33.247131949795964 ], [ -70.813888495040075, -33.247141342936303 ], [ -70.81390329164681, -33.247150954210461 ], [ -70.815241637721172, -33.248036035170458 ], [ -70.814988881501719, -33.248281347623745 ], [ -70.81444501538229, -33.247953142558451 ], [ -70.814430220117515, -33.247944372067288 ], [ -70.814415250848256, -33.247935812574717 ], [ -70.814400111836164, -33.247927466517517 ], [ -70.814384807391221, -33.247919336271721 ], [ -70.814369341870446, -33.247911424151965 ], [ -70.81435371967676, -33.24790373241072 ], [ -70.814337945257691, -33.247896263237756 ], [ -70.814322023104054, -33.24788901875948 ], [ -70.814305957748772, -33.247882001038299 ], [ -70.814289753765493, -33.247875212072117 ], [ -70.814273415767332, -33.247868653793653 ], [ -70.814256948405585, -33.247862328070006 ], [ -70.81424035636833, -33.247856236702006 ], [ -70.814223644379183, -33.247850381423852 ], [ -70.814206817195853, -33.247844763902464 ], [ -70.81418987960889, -33.247839385737073 ], [ -70.81417283644025, -33.247834248458794 ], [ -70.814155692541931, -33.247829353530179 ], [ -70.814138452794623, -33.24782470234473 ], [ -70.814121122106314, -33.247820296226621 ], [ -70.814103705410844, -33.247816136430231 ], [ -70.814086207666563, -33.247812224139778 ], [ -70.814068633854887, -33.247808560469082 ], [ -70.814050988978877, -33.24780514646114 ], [ -70.814033278061842, -33.247801983087882 ], [ -70.814015506145878, -33.247799071249901 ], [ -70.81399767829042, -33.247796411776172 ], [ -70.813979799570888, -33.247794005423806 ], [ -70.811765263965768, -33.247512003190998 ], [ -70.811750150480364, -33.247510170805143 ], [ -70.81173500749496, -33.247508519302521 ], [ -70.811719838075661, -33.247507049017578 ], [ -70.811704645293915, -33.247505760247982 ], [ -70.811988080632219, -33.24707565176498 ] ] ] ] } },
{ "type": "Feature", "properties": { "fid": 31, "Arae": 4294.97 }, "geometry": { "type": "MultiPolygon", "coordinates": [ [ [ [ -70.81619146616076, -33.247506784093119 ], [ -70.81630879634622, -33.247392905968852 ], [ -70.818198981322624, -33.248097704664836 ], [ -70.818959356718977, -33.248302939570152 ], [ -70.818962799258031, -33.248305138261998 ], [ -70.818966196329271, -33.24830738632847 ], [ -70.818969546929779, -33.248309683105894 ], [ -70.818972850070324, -33.248312027916192 ], [ -70.818976104775743, -33.248314420067054 ], [ -70.81897931008514, -33.248316858852306 ], [ -70.818982465052216, -33.248319343551927 ], [ -70.818985568745475, -33.248321873432339 ], [ -70.818988620248675, -33.248324447746654 ], [ -70.81899161866086, -33.248327065734856 ], [ -70.818994563096837, -33.248329726624043 ], [ -70.818997452687299, -33.24833242962864 ], [ -70.819000286579154, -33.248335173950615 ], [ -70.819003063935739, -33.248337958779778 ], [ -70.819005783937087, -33.248340783293969 ], [ -70.819008445780156, -33.248343646659286 ], [ -70.819011048679087, -33.248346548030369 ], [ -70.819013591865456, -33.24834948655068 ], [ -70.819016074588376, -33.248352461352624 ], [ -70.819018496114879, -33.248355471558007 ], [ -70.819020855730059, -33.248358516278081 ], [ -70.819023152737287, -33.248361594613954 ], [ -70.819025386458392, -33.248364705656833 ], [ -70.819027556233905, -33.248367848488215 ], [ -70.819029661423258, -33.248371022180258 ], [ -70.819031701404896, -33.24837422579597 ], [ -70.819033675576549, -33.248377458389541 ], [ -70.819035583355387, -33.24838071900664 ], [ -70.819037424178163, -33.24838400668461 ], [ -70.819039197501411, -33.248387320452814 ], [ -70.819040902801575, -33.248390659332955 ], [ -70.819042539575179, -33.248394022339269 ], [ -70.819044107338996, -33.248397408478915 ], [ -70.819045605630166, -33.248400816752145 ], [ -70.819047034006331, -33.248404246152802 ], [ -70.819048392045801, -33.248407695668362 ], [ -70.819049679347614, -33.248411164280448 ], [ -70.819050895531731, -33.248414650965017 ], [ -70.819052040239058, -33.248418154692672 ], [ -70.819053113131645, -33.248421674429011 ], [ -70.819054113892747, -33.248425209134901 ], [ -70.819055042226879, -33.248428757766796 ], [ -70.819055897859968, -33.248432319276993 ], [ -70.81905668053939, -33.248435892614054 ], [ -70.819057390034061, -33.248439476723007 ], [ -70.819058026134527, -33.248443070545719 ], [ -70.819058588652965, -33.248446673021142 ], [ -70.81905907742329, -33.248450283085752 ], [ -70.819059492301207, -33.248453899673748 ], [ -70.819059833164204, -33.248457521717356 ], [ -70.819060099911667, -33.248461148147271 ], [ -70.819060292464798, -33.248464777892842 ], [ -70.819060410766753, -33.248468409882427 ], [ -70.819060454782615, -33.248472043043783 ], [ -70.818141578396222, -33.248224272455026 ], [ -70.81619146616076, -33.247506784093119 ] ] ] ] } },
{ "type": "Feature", "properties": { "fid": 32, "Arae": 11814.0 }, "geometry": { "type": "MultiPolygon", "coordinates": [ [ [ [ -70.815413445196882, -33.248537554209641 ], [ -70.815638408103354, -33.248298422751709 ], [ -70.816450318365796, -33.24883533674133 ], [ -70.816464764178392, -33.248844723466249 ], [ -70.816479398002187, -33.248853902284878 ], [ -70.816494215599448, -33.248862870539114 ], [ -70.816509212679179, -33.248871625631857 ], [ -70.816524384898457, -33.2488801650277 ], [ -70.816539727863571, -33.24888848625374 ], [ -70.816555237131396, -33.24889658690023 ], [ -70.81657090821065, -33.248904464621319 ], [ -70.816586736563181, -33.248912117135689 ], [ -70.816602717605264, -33.248919542227242 ], [ -70.816618846709005, -33.248926737745734 ], [ -70.816635119203582, -33.248933701607456 ], [ -70.816651530376646, -33.248940431795702 ], [ -70.816668075475732, -33.248946926361526 ], [ -70.816684749709552, -33.248953183424113 ], [ -70.816701548249398, -33.248959201171516 ], [ -70.816718466230625, -33.248964977861043 ], [ -70.816735498753943, -33.248970511819799 ], [ -70.816752640886875, -33.248975801445248 ], [ -70.816769887665274, -33.24898084520553 ], [ -70.816787234094619, -33.248985641640047 ], [ -70.816804675151545, -33.248990189359787 ], [ -70.8168222057853, -33.248994487047767 ], [ -70.816839820919171, -33.248998533459456 ], [ -70.816857515451971, -33.249002327423021 ], [ -70.816875284259552, -33.24900586783977 ], [ -70.816893122196205, -33.249009153684447 ], [ -70.816911024096214, -33.249012184005494 ], [ -70.816928984775359, -33.249014957925368 ], [ -70.816946999032382, -33.249017474640773 ], [ -70.816965061650535, -33.249019733422905 ], [ -70.816983167399002, -33.249021733617617 ], [ -70.818698972447024, -33.249198805989437 ], [ -70.818560758689046, -33.249468308632281 ], [ -70.818464443180034, -33.249656112968246 ], [ -70.816801982413992, -33.249299251505022 ], [ -70.816784408032447, -33.24929534534688 ], [ -70.816766914923377, -33.249291189609352 ], [ -70.816749508106838, -33.249286785484991 ], [ -70.816732192578058, -33.249282134237639 ], [ -70.816714973306119, -33.249277237202087 ], [ -70.816697855232448, -33.249272095783624 ], [ -70.816680843269452, -33.2492667114577 ], [ -70.816663942299058, -33.249261085769476 ], [ -70.81664715717136, -33.249255220333332 ], [ -70.816630492703197, -33.249249116832502 ], [ -70.81661395367675, -33.249242777018509 ], [ -70.816597544838274, -33.249236202710676 ], [ -70.816581270896577, -33.249229395795659 ], [ -70.816565136521831, -33.249222358226852 ], [ -70.816549146344073, -33.24921509202381 ], [ -70.816533304952003, -33.24920759927172 ], [ -70.81651761689163, -33.24919988212082 ], [ -70.81650208666494, -33.249191942785664 ], [ -70.816486718728612, -33.249183783544638 ], [ -70.816471517492758, -33.249175406739184 ], [ -70.81645648731967, -33.249166814773218 ], [ -70.816441632522498, -33.249158010112389 ], [ -70.815413445196882, -33.248537554209641 ] ] ] ] } },
{ "type": "Feature", "properties": { "fid": 33, "Arae": 24503.241 }, "geometry": { "type": "MultiPolygon", "coordinates": [ [ [ [ -70.80880951024524, -33.250125334854829 ], [ -70.809379722205492, -33.249655389451057 ], [ -70.809465624539968, -33.249733947625593 ], [ -70.809471887438704, -33.249739577722785 ], [ -70.809478263956535, -33.249745117049869 ], [ -70.80948475223029, -33.249750563988279 ], [ -70.809491350364226, -33.249755916946491 ], [ -70.809498056430414, -33.249761174360401 ], [ -70.80950486846946, -33.249766334693902 ], [ -70.809511784490965, -33.249771396439151 ], [ -70.809518802474145, -33.249776358117181 ], [ -70.809525920368444, -33.249781218278237 ], [ -70.809533136094103, -33.249785975502213 ], [ -70.809540447542773, -33.249790628399133 ], [ -70.80954785257812, -33.249795175609421 ], [ -70.809555349036486, -33.249799615804463 ], [ -70.809562934727481, -33.249803947686864 ], [ -70.809570607434708, -33.249808169990906 ], [ -70.80957836491622, -33.249812281482853 ], [ -70.809586204905401, -33.249816280961397 ], [ -70.809594125111502, -33.249820167257901 ], [ -70.809602123220301, -33.249823939236848 ], [ -70.809610196894852, -33.249827595796098 ], [ -70.809618343776123, -33.24983113586724 ], [ -70.80962656148364, -33.249834558415884 ], [ -70.809634847616323, -33.249837862442043 ], [ -70.809643199753026, -33.249841046980251 ], [ -70.809651615453348, -33.24984411110006 ], [ -70.809660092258298, -33.249847053906151 ], [ -70.809668627691053, -33.249849874538661 ], [ -70.809677219257622, -33.249852572173445 ], [ -70.809685864447644, -33.249855146022277 ], [ -70.80969456073511, -33.249857595333076 ], [ -70.809703305578992, -33.249859919390225 ], [ -70.809712096424192, -33.24986211751461 ], [ -70.809720930702056, -33.249864189063992 ], [ -70.809729805831338, -33.249866133433073 ], [ -70.809738719218785, -33.249867950053726 ], [ -70.809747668259988, -33.249869638395154 ], [ -70.80975665034012, -33.249871197964062 ], [ -70.809765662834721, -33.249872628304722 ], [ -70.809774703110392, -33.249873928999236 ], [ -70.812330781659583, -33.250222796825568 ], [ -70.812339975093224, -33.250224120506708 ], [ -70.812349139753593, -33.250225578260888 ], [ -70.812358272871364, -33.25022716964758 ], [ -70.812367371686705, -33.250228894185931 ], [ -70.812376433450169, -33.250230751354813 ], [ -70.812385455423495, -33.250232740593034 ], [ -70.812394434880474, -33.250234861299468 ], [ -70.812403369107699, -33.250237112833346 ], [ -70.812412255405462, -33.250239494514233 ], [ -70.812421091088538, -33.250242005622496 ], [ -70.812429873486963, -33.250244645399306 ], [ -70.812438599946901, -33.250247413046985 ], [ -70.812447267831431, -33.25025030772921 ], [ -70.812455874521319, -33.250253328571304 ], [ -70.812464417415782, -33.250256474660382 ], [ -70.812472893933375, -33.250259745045838 ], [ -70.81248130151269, -33.250263138739356 ], [ -70.812489637613126, -33.25026665471551 ], [ -70.812497899715709, -33.250270291911818 ], [ -70.812506085323818, -33.250274049229205 ], [ -70.812514191963928, -33.250277925532288 ], [ -70.812522217186398, -33.250281919649765 ], [ -70.812789515021436, -33.250417602788147 ], [ -70.812315761993261, -33.250877316132978 ], [ -70.811833886789728, -33.250711562974125 ], [ -70.811825385964411, -33.250708709769945 ], [ -70.811816828446808, -33.250705978828137 ], [ -70.811808216727528, -33.250703370943526 ], [ -70.811799553312895, -33.250700886875116 ], [ -70.811790840724299, -33.250698527345854 ], [ -70.811782081497483, -33.250696293042488 ], [ -70.811773278181704, -33.250694184615234 ], [ -70.811764433339079, -33.25069220267779 ], [ -70.81175554954379, -33.250690347806945 ], [ -70.811746629381375, -33.250688620542547 ], [ -70.811737675447958, -33.250687021387279 ], [ -70.811728690349469, -33.250685550806594 ], [ -70.811719676700946, -33.25068420922846 ], [ -70.811710637125685, -33.250682997043349 ], [ -70.81170157425457, -33.25068191460403 ], [ -70.81169249072525, -33.25068096222558 ], [ -70.811683389181368, -33.250680140185139 ], [ -70.811674272271858, -33.250679448721968 ], [ -70.811665142650071, -33.250678888037328 ], [ -70.811656002973081, -33.250678458294367 ], [ -70.811646855900889, -33.250678159618197 ], [ -70.811637704095673, -33.250677992095703 ], [ -70.809774463797851, -33.25065723004262 ], [ -70.809765286562481, -33.250657061733321 ], [ -70.8097561140968, -33.250656761539112 ], [ -70.809746949085294, -33.250656329547859 ], [ -70.809737794210292, -33.25065576588603 ], [ -70.809728652151094, -33.250655070718537 ], [ -70.80971952558329, -33.250654244248871 ], [ -70.809710417177953, -33.250653286718887 ], [ -70.809701329600813, -33.250652198408844 ], [ -70.809692265511515, -33.250650979637243 ], [ -70.8096832275628, -33.250649630760748 ], [ -70.809674218399806, -33.250648152174179 ], [ -70.809665240659214, -33.250646544310243 ], [ -70.809656296968512, -33.250644807639489 ], [ -70.809647389945241, -33.250642942670225 ], [ -70.809638522196181, -33.250640949948263 ], [ -70.809629696316648, -33.250638830056772 ], [ -70.809620914889678, -33.250636583616213 ], [ -70.809612180485317, -33.250634211284009 ], [ -70.809603495659829, -33.25063171375448 ], [ -70.809594862954995, -33.250629091758576 ], [ -70.809586284897293, -33.250626346063662 ], [ -70.809577763997268, -33.250623477473312 ], [ -70.809569302748685, -33.250620486827067 ], [ -70.809560903627869, -33.250617375000196 ], [ -70.809552569092986, -33.25061414290343 ], [ -70.809544301583259, -33.250610791482679 ], [ -70.809536103518312, -33.25060732171881 ], [ -70.809527977297449, -33.250603734627312 ], [ -70.809519925298929, -33.250600031257989 ], [ -70.809511949879308, -33.250596212694731 ], [ -70.80950405337272, -33.250592280055052 ], [ -70.809496238090205, -33.250588234489932 ], [ -70.809488506319042, -33.25058407718339 ], [ -70.809480860322026, -33.250579809352132 ], [ -70.809473302336897, -33.250575432245178 ], [ -70.809465834575605, -33.250570947143579 ], [ -70.809458459223734, -33.250566355359993 ], [ -70.809451178439744, -33.25056165823824 ], [ -70.809443994354496, -33.250556857153065 ], [ -70.80880951024524, -33.250125334854829 ] ] ] ] } },
{ "type": "Feature", "properties": { "fid": 34, "Arae": 17130.712 }, "geometry": { "type": "MultiPolygon", "coordinates": [ [ [ [ -70.81327804558272, -33.250665583313697 ], [ -70.814362681475316, -33.251216137710507 ], [ -70.814363471506724, -33.251216531006008 ], [ -70.814364269432929, -33.251216912884217 ], [ -70.814365075020234, -33.251217283233302 ], [ -70.814365888032697, -33.251217641944791 ], [ -70.814366708232185, -33.251217988913631 ], [ -70.81436753537848, -33.251218324038184 ], [ -70.814368369229356, -33.25121864722032 ], [ -70.814369209540558, -33.251218958365364 ], [ -70.814370056065997, -33.251219257382203 ], [ -70.81437090855772, -33.251219544183265 ], [ -70.814371766766058, -33.251219818684518 ], [ -70.814372630439649, -33.251220080805595 ], [ -70.814373499325541, -33.251220330469714 ], [ -70.814374373169272, -33.251220567603752 ], [ -70.814375251714878, -33.251220792138263 ], [ -70.814376134705057, -33.251221004007483 ], [ -70.814377021881214, -33.251221203149356 ], [ -70.814377912983474, -33.25122138950556 ], [ -70.814378807750899, -33.251221563021517 ], [ -70.814379705921368, -33.251221723646402 ], [ -70.814380607231882, -33.251221871333172 ], [ -70.814381511418418, -33.251222006038567 ], [ -70.814382418216169, -33.251222127723139 ], [ -70.814383327359565, -33.251222236351261 ], [ -70.814384238582306, -33.251222331891086 ], [ -70.816727714822846, -33.251450924246647 ], [ -70.815849731790337, -33.251980037861586 ], [ -70.815457234873023, -33.25194035273956 ], [ -70.81544829515444, -33.251939384766771 ], [ -70.815439376049298, -33.251938290758829 ], [ -70.815430480074411, -33.25193707102445 ], [ -70.815421609740113, -33.251935725907813 ], [ -70.815412767549475, -33.251934255788498 ], [ -70.81540395599761, -33.251932661081334 ], [ -70.815395177571048, -33.251930942236349 ], [ -70.815386434746912, -33.251929099738547 ], [ -70.815377729992278, -33.251927134107873 ], [ -70.81536906576352, -33.251925045898979 ], [ -70.815360444505558, -33.251922835701144 ], [ -70.815351868651163, -33.251920504138049 ], [ -70.815343340620316, -33.251918051867612 ], [ -70.815334862819498, -33.251915479581832 ], [ -70.815326437641019, -33.251912788006585 ], [ -70.815318067462314, -33.25190997790137 ], [ -70.81286490067572, -33.251066203175398 ], [ -70.81327804558272, -33.250665583313697 ] ] ] ] } },
{ "type": "Feature", "properties": { "fid": 35, "Arae": 18432.189 }, "geometry": { "type": "MultiPolygon", "coordinates": [ [ [ [ -70.806448907025555, -33.253079493305044 ], [ -70.806433974701449, -33.253070003666402 ], [ -70.806418847616328, -33.253060734340863 ], [ -70.80640353037424, -33.253051688149576 ], [ -70.806388027637126, -33.253042867845778 ], [ -70.806372344123361, -33.253034276114008 ], [ -70.806356484606326, -33.253025915569175 ], [ -70.806340453912995, -33.253017788755855 ], [ -70.806324256922395, -33.253009898147489 ], [ -70.806307898564199, -33.253002246145606 ], [ -70.806626399262242, -33.252529959934719 ], [ -70.809197545463832, -33.253930740018077 ], [ -70.8088531132409, -33.254286521488083 ], [ -70.808227891238303, -33.254144349527103 ], [ -70.808210278866113, -33.254140208878525 ], [ -70.808192753034717, -33.254135816662455 ], [ -70.80817531883396, -33.25413117415448 ], [ -70.808157981327113, -33.254126282702906 ], [ -70.808140745549395, -33.25412114372827 ], [ -70.808123616506379, -33.254115758723088 ], [ -70.808106599172746, -33.254110129251224 ], [ -70.808089698490676, -33.254104256947649 ], [ -70.80807291936847, -33.254098143517766 ], [ -70.808056266679117, -33.254091790737064 ], [ -70.808039745258924, -33.254085200450518 ], [ -70.808023359906045, -33.254078374572082 ], [ -70.808007115379084, -33.254071315084133 ], [ -70.807991016395775, -33.2540640240369 ], [ -70.807975067631617, -33.254056503547865 ], [ -70.807959273718396, -33.254048755801122 ], [ -70.807943639242978, -33.254040783046776 ], [ -70.807928168745917, -33.254032587600285 ], [ -70.807912866720116, -33.254024171841785 ], [ -70.807897737609593, -33.25401553821537 ], [ -70.807882785808076, -33.25400668922844 ], [ -70.807868015657846, -33.253997627450907 ], [ -70.807853431448422, -33.253988355514501 ], [ -70.806448907025555, -33.253079493305044 ] ] ] ] } },
{ "type": "Feature", "properties": { "fid": 36, "Arae": 24367.911 }, "geometry": { "type": "MultiPolygon", "coordinates": [ [ [ [ -70.80959596122652, -33.254135665542634 ], [ -70.809612283723894, -33.25414173355977 ], [ -70.809628724078664, -33.254147572658333 ], [ -70.809645277743172, -33.254153181223124 ], [ -70.809661940138398, -33.254158557702695 ], [ -70.809678706655234, -33.254163700609858 ], [ -70.80969557265577, -33.254168608521979 ], [ -70.80971253347461, -33.25417328008146 ], [ -70.809729584420069, -33.254177713996064 ], [ -70.809746720775578, -33.254181909039282 ], [ -70.809763937800938, -33.254185864050712 ], [ -70.809781230733591, -33.254189577936316 ], [ -70.809798594790024, -33.254193049668785 ], [ -70.809816025167009, -33.254196278287772 ], [ -70.809833517043018, -33.254199262900194 ], [ -70.809851065579466, -33.254202002680465 ], [ -70.809868665922139, -33.254204496870685 ], [ -70.809886313202426, -33.254206744780966 ], [ -70.809904002538801, -33.254208745789462 ], [ -70.809921729038066, -33.254210499342683 ], [ -70.809939487796754, -33.254212004955555 ], [ -70.809957273902469, -33.254213262211628 ], [ -70.81188604611728, -33.2543360246909 ], [ -70.811903276975372, -33.254337238635763 ], [ -70.811920482318655, -33.254338685668436 ], [ -70.811937657680829, -33.254340365413277 ], [ -70.811954798603352, -33.254342277434212 ], [ -70.811971900636649, -33.254344421234912 ], [ -70.811988959341221, -33.254346796258886 ], [ -70.812005970288823, -33.254349401889577 ], [ -70.81202292906363, -33.254352237450604 ], [ -70.812039831263291, -33.25435530220588 ], [ -70.812056672500205, -33.254358595359804 ], [ -70.812073448402586, -33.254362116057528 ], [ -70.812090154615603, -33.254365863385111 ], [ -70.813295389993542, -33.254644957958313 ], [ -70.812821641696317, -33.255641534498388 ], [ -70.811178323884889, -33.254846224218397 ], [ -70.811162229944486, -33.25483858942097 ], [ -70.811145981905881, -33.254831188610879 ], [ -70.811129584587817, -33.254824023983026 ], [ -70.811113042853307, -33.254817097662219 ], [ -70.811096361608222, -33.254810411702628 ], [ -70.811079545799728, -33.254803968087117 ], [ -70.811062600414971, -33.254797768726696 ], [ -70.811045530479475, -33.254791815459917 ], [ -70.811028341055746, -33.254786110052351 ], [ -70.81101103724167, -33.254780654196054 ], [ -70.810993624169072, -33.254775449509097 ], [ -70.810976107002219, -33.254770497535056 ], [ -70.810958490936201, -33.254765799742536 ], [ -70.810940781195441, -33.254761357524764 ], [ -70.810922983032128, -33.254757172199191 ], [ -70.809342178183371, -33.254397729558988 ], [ -70.80959596122652, -33.254135665542634 ] ] ] ] } },
{ "type": "Feature", "properties": { "fid": 37, "Arae": 32866.345 }, "geometry": { "type": "MultiPolygon", "coordinates": [ [ [ [ -70.798498051427885, -33.260922214749577 ], [ -70.798491922386432, -33.260916538453529 ], [ -70.798485679382708, -33.260910950503366 ], [ -70.79847932422075, -33.260905452513796 ], [ -70.798472858736872, -33.260900046073502 ], [ -70.798466284799403, -33.260894732744674 ], [ -70.79845960430788, -33.260889514062669 ], [ -70.798452819192732, -33.260884391535427 ], [ -70.798445931414548, -33.260879366643152 ], [ -70.798438942963656, -33.260874440837839 ], [ -70.798431855859377, -33.260869615542788 ], [ -70.798424672149608, -33.260864892152327 ], [ -70.798417393910157, -33.260860272031302 ], [ -70.798410023244102, -33.260855756514729 ], [ -70.798402562281254, -33.260851346907373 ], [ -70.79839501317754, -33.260847044483434 ], [ -70.798387378114299, -33.260842850486135 ], [ -70.798379659297751, -33.26083876612735 ], [ -70.798371858958319, -33.260834792587268 ], [ -70.798363979349929, -33.260830931014056 ], [ -70.798356022749488, -33.260827182523563 ], [ -70.798347991456097, -33.260823548198942 ], [ -70.798339887790434, -33.260820029090333 ], [ -70.798331714094118, -33.260816626214627 ], [ -70.798323472728995, -33.260813340555082 ], [ -70.798315166076449, -33.26081017306111 ], [ -70.798306796536764, -33.260807124647982 ], [ -70.798298366528343, -33.26080419619656 ], [ -70.798289878487097, -33.260801388553034 ], [ -70.797580720807787, -33.260572642708112 ], [ -70.798162844820425, -33.259906985060638 ], [ -70.798193229923825, -33.260003774936351 ], [ -70.798195692119478, -33.260011349953139 ], [ -70.798198310976673, -33.260018887793912 ], [ -70.798201085700967, -33.260026386172015 ], [ -70.798204015450693, -33.260033842812796 ], [ -70.798207099337134, -33.260041255454226 ], [ -70.798210336424802, -33.260048621847652 ], [ -70.79821372573177, -33.260055939758416 ], [ -70.798217266229884, -33.260063206966585 ], [ -70.798220956845157, -33.260070421267628 ], [ -70.798224796458044, -33.260077580473045 ], [ -70.798228783903838, -33.260084682411019 ], [ -70.798232917972925, -33.260091724927172 ], [ -70.798237197411282, -33.260098705885085 ], [ -70.798241620920706, -33.26010562316705 ], [ -70.798246187159364, -33.260112474674663 ], [ -70.798250894742083, -33.260119258329475 ], [ -70.798255742240798, -33.260125972073631 ], [ -70.798260728185042, -33.260132613870461 ], [ -70.798265851062339, -33.260139181705149 ], [ -70.798271109318605, -33.260145673585271 ], [ -70.798276501358799, -33.260152087541492 ], [ -70.798282025547209, -33.260158421628084 ], [ -70.798287680208077, -33.260164673923583 ], [ -70.798293463626024, -33.260170842531281 ], [ -70.79829937404665, -33.260176925579913 ], [ -70.798305409677027, -33.260182921224121 ], [ -70.798311568686188, -33.260188827645102 ], [ -70.798317849205816, -33.260194643051086 ], [ -70.79832424933069, -33.260200365677939 ], [ -70.798330767119282, -33.260205993789668 ], [ -70.798337400594406, -33.260211525678926 ], [ -70.798344147743791, -33.260216959667588 ], [ -70.798351006520619, -33.260222294107209 ], [ -70.798357974844279, -33.260227527379534 ], [ -70.798365050600864, -33.260232657897042 ], [ -70.798372231643938, -33.26023768410333 ], [ -70.798379515795091, -33.26024260447366 ], [ -70.798386900844605, -33.260247417515423 ], [ -70.798394384552225, -33.260252121768517 ], [ -70.799788993870251, -33.261112942311385 ], [ -70.799796400454099, -33.261117432890771 ], [ -70.799803896939864, -33.261121816914446 ], [ -70.7998114811558, -33.261126093112367 ], [ -70.799819150904767, -33.261130260245729 ], [ -70.799826903964842, -33.261134317107306 ], [ -70.799834738089984, -33.261138262521818 ], [ -70.799842651010621, -33.261142095346266 ], [ -70.799850640434414, -33.261145814470304 ], [ -70.799858704046798, -33.261149418816473 ], [ -70.799866839511793, -33.261152907340616 ], [ -70.7998750444725, -33.261156279032086 ], [ -70.799883316551956, -33.261159532914128 ], [ -70.799891653353768, -33.261162668044044 ], [ -70.799900052462718, -33.261165683513639 ], [ -70.799908511445608, -33.261168578449286 ], [ -70.799917027851876, -33.261171352012354 ], [ -70.799925599214276, -33.261174003399319 ], [ -70.799934223049718, -33.261176531842068 ], [ -70.799942896859861, -33.261178936608111 ], [ -70.799951618131871, -33.261181217000825 ], [ -70.799960384339201, -33.261183372359532 ], [ -70.799969192942271, -33.261185402059837 ], [ -70.799978041389238, -33.261187305513722 ], [ -70.799986927116677, -33.261189082169793 ], [ -70.799995847550392, -33.26119073151331 ], [ -70.800004800106123, -33.261192253066483 ], [ -70.800013782190319, -33.261193646388506 ], [ -70.800022791200817, -33.261194911075755 ], [ -70.800031824527721, -33.26119604676181 ], [ -70.800040879554075, -33.261197053117698 ], [ -70.800049953656611, -33.261197929851868 ], [ -70.800059044206563, -33.261198676710322 ], [ -70.800068148570361, -33.261199293476686 ], [ -70.800077264110485, -33.261199779972316 ], [ -70.800086388186131, -33.261200136056246 ], [ -70.800095518154052, -33.261200361625335 ], [ -70.801777242932118, -33.261229868097772 ], [ -70.80179773457769, -33.261232863071783 ], [ -70.800292389827931, -33.262612612439085 ], [ -70.798498051427885, -33.260922214749577 ] ] ] ] } },
{ "type": "Feature", "properties": { "fid": 38, "Arae": 99865.766 }, "geometry": { "type": "MultiPolygon", "coordinates": [ [ [ [ -70.832300754900189, -33.257121616306371 ], [ -70.832302711541516, -33.257118057468425 ], [ -70.832304594224738, -33.257114470581534 ], [ -70.832306402380468, -33.257110856730463 ], [ -70.832308135461858, -33.257107217008191 ], [ -70.832309792944798, -33.257103552515467 ], [ -70.832311374328015, -33.257099864360562 ], [ -70.832312879133255, -33.257096153658871 ], [ -70.832314306905417, -33.257092421532647 ], [ -70.832315657212732, -33.257088669110601 ], [ -70.832316929646808, -33.257084897527598 ], [ -70.832318123822844, -33.257081107924286 ], [ -70.832319239379686, -33.257077301446756 ], [ -70.832320275979967, -33.257073479246188 ], [ -70.832321233310196, -33.257069642478562 ], [ -70.832322111080856, -33.257065792304253 ], [ -70.832322909026487, -33.257061929887662 ], [ -70.83232362690579, -33.257058056396893 ], [ -70.832324264501651, -33.257054173003425 ], [ -70.832324821621242, -33.257050280881735 ], [ -70.832325298096123, -33.257046381208895 ], [ -70.832325693782153, -33.257042475164326 ], [ -70.832326008559704, -33.257038563929299 ], [ -70.832326242333593, -33.257034648686734 ], [ -70.832326395033135, -33.257030730620713 ], [ -70.83232646661213, -33.257026810916159 ], [ -70.83232645704895, -33.257022890758549 ], [ -70.832326366346507, -33.25701897133343 ], [ -70.832326194532243, -33.257015053826201 ], [ -70.832325941658141, -33.257011139421593 ], [ -70.832325607800669, -33.257007229303483 ], [ -70.832325193060811, -33.257003324654377 ], [ -70.832324697564005, -33.256999426655199 ], [ -70.832324121460147, -33.256995536484816 ], [ -70.832323464923434, -33.256991655319737 ], [ -70.832322728152448, -33.256987784333731 ], [ -70.832293845193007, -33.256851034348358 ], [ -70.83226224491159, -33.256714709200033 ], [ -70.832227936154979, -33.256578847000135 ], [ -70.832190928527012, -33.256443485730394 ], [ -70.832151232385854, -33.256308663232339 ], [ -70.832108858841124, -33.256174417196753 ], [ -70.832063819750744, -33.256040785153054 ], [ -70.832016127717665, -33.255907804458879 ], [ -70.831965796086266, -33.255775512289581 ], [ -70.831912838938649, -33.255643945627945 ], [ -70.831857271090684, -33.255513141253708 ], [ -70.83179910808785, -33.255383135733368 ], [ -70.831738366200909, -33.255253965409985 ], [ -70.831675062421283, -33.255125666392964 ], [ -70.831609214456364, -33.25499827454798 ], [ -70.831540840724472, -33.254871825486987 ], [ -70.831469960349793, -33.254746354558229 ], [ -70.831396593156938, -33.25462189683639 ], [ -70.831320759665473, -33.254498487112784 ], [ -70.831242481084075, -33.254376159885602 ], [ -70.831161779304651, -33.254254949350354 ], [ -70.831265030036519, -33.254134512775281 ], [ -70.831349695551737, -33.254259572564209 ], [ -70.831431812186068, -33.25438582648404 ], [ -70.831511356078238, -33.254513237864643 ], [ -70.83158830411395, -33.254641769699553 ], [ -70.831662633932524, -33.254771384656728 ], [ -70.83173432393346, -33.254902045089352 ], [ -70.831803353282695, -33.255033713046835 ], [ -70.831869701918691, -33.255166350285762 ], [ -70.831933350558259, -33.255299918281018 ], [ -70.831994280702148, -33.255434378236991 ], [ -70.832052474640491, -33.255569691098863 ], [ -70.832107915457897, -33.255705817563843 ], [ -70.83216058703843, -33.255842718092708 ], [ -70.832210474070237, -33.255980352921185 ], [ -70.832257562050088, -33.256118682071588 ], [ -70.832301837287574, -33.256257665364309 ], [ -70.832343286909037, -33.256397262429623 ], [ -70.832409729262267, -33.256665562091015 ], [ -70.832440201985051, -33.256795411300736 ], [ -70.832473307498077, -33.256924804745815 ], [ -70.83250903617305, -33.257053704748905 ], [ -70.832547377617686, -33.25718207377615 ], [ -70.832588320678767, -33.257309874448133 ], [ -70.832631853445363, -33.257437069550839 ], [ -70.83267796325228, -33.257563622046362 ], [ -70.832726636683716, -33.257689495083824 ], [ -70.832777859577206, -33.257814652010005 ], [ -70.830776809109679, -33.259917743911764 ], [ -70.830091466842745, -33.261815119142639 ], [ -70.826425577394176, -33.261220744608352 ], [ -70.826344930600143, -33.26055253943688 ], [ -70.827126392095664, -33.26018695299701 ], [ -70.827134487554872, -33.260183241906631 ], [ -70.827142657727819, -33.260179648241099 ], [ -70.827150900201602, -33.260176173061737 ], [ -70.827159212541915, -33.26017281739486 ], [ -70.827167592293833, -33.260169582231526 ], [ -70.827176036982564, -33.260166468527153 ], [ -70.827184544114075, -33.260163477201367 ], [ -70.82719311117593, -33.260160609137564 ], [ -70.827201735638027, -33.260157865182798 ], [ -70.827210414953214, -33.260155246147427 ], [ -70.827219146558235, -33.260152752804956 ], [ -70.827227927874361, -33.260150385891748 ], [ -70.827236756308181, -33.260148146106815 ], [ -70.827245629252346, -33.260146034111642 ], [ -70.827254544086387, -33.260144050529973 ], [ -70.827263498177473, -33.260142195947637 ], [ -70.827272488881164, -33.260140470912312 ], [ -70.827281513542204, -33.260138875933492 ], [ -70.827290569495318, -33.260137411482205 ], [ -70.827299654065982, -33.260136077990971 ], [ -70.827308764571256, -33.260134875853588 ], [ -70.827317898320473, -33.260133805425092 ], [ -70.827327052616141, -33.260132867021611 ], [ -70.827336224754731, -33.260132060920313 ], [ -70.827345412027398, -33.260131387359216 ], [ -70.827354611720835, -33.26013084653728 ], [ -70.827363821118084, -33.260130438614205 ], [ -70.827373037499285, -33.260130163710478 ], [ -70.827382258142592, -33.26013002190728 ], [ -70.827391480324806, -33.260130013246481 ], [ -70.827400701322347, -33.260130137730656 ], [ -70.827409918411931, -33.260130395323017 ], [ -70.827419128871483, -33.26013078594751 ], [ -70.827428329980847, -33.260131309488749 ], [ -70.827437519022624, -33.260131965792112 ], [ -70.827446693282994, -33.260132754663793 ], [ -70.827455850052502, -33.26013367587079 ], [ -70.827464986626879, -33.260134729141058 ], [ -70.827474100307782, -33.260135914163513 ], [ -70.827483188403647, -33.260137230588185 ], [ -70.827492248230456, -33.260138678026294 ], [ -70.82750127711256, -33.260140256050349 ], [ -70.827510272383421, -33.260141964194325 ], [ -70.827519231386461, -33.260143801953753 ], [ -70.827528151475789, -33.26014576878584 ], [ -70.827537030017012, -33.260147864109769 ], [ -70.827545864388, -33.260150087306698 ], [ -70.827554651979668, -33.260152437720045 ], [ -70.827563390196758, -33.260154914655658 ], [ -70.827572076458608, -33.260157517381991 ], [ -70.827580708199832, -33.260160245130407 ], [ -70.82758928287123, -33.260163097095301 ], [ -70.827597797940413, -33.260166072434387 ], [ -70.827606250892572, -33.260169170268952 ], [ -70.827614639231285, -33.260172389684115 ], [ -70.827622960479204, -33.260175729729056 ], [ -70.827631212178773, -33.26017918941735 ], [ -70.827639391892987, -33.260182767727258 ], [ -70.827912089849477, -33.26030457578166 ], [ -70.82792025535278, -33.260308147975493 ], [ -70.827928492597408, -33.260311601958875 ], [ -70.827936799158991, -33.260314936715226 ], [ -70.827945172592763, -33.260318151263064 ], [ -70.827953610434278, -33.260321244656268 ], [ -70.827962110200119, -33.26032421598444 ], [ -70.827970669388648, -33.260327064373044 ], [ -70.827979285480737, -33.260329788983725 ], [ -70.827987955940529, -33.260332389014614 ], [ -70.827996678216138, -33.26033486370045 ], [ -70.828005449740431, -33.260337212312912 ], [ -70.828014267931792, -33.260339434160734 ], [ -70.828023130194879, -33.260341528590004 ], [ -70.828032033921332, -33.260343494984291 ], [ -70.828040976490641, -33.260345332764835 ], [ -70.828049955270828, -33.260347041390759 ], [ -70.82805896761927, -33.260348620359181 ], [ -70.828068010883484, -33.260350069205373 ], [ -70.828077082401833, -33.260351387502915 ], [ -70.828086179504425, -33.26035257486383 ], [ -70.828095299513791, -33.260353630938617 ], [ -70.828104439745758, -33.260354555416519 ], [ -70.828113597510168, -33.260355348025364 ], [ -70.828122770111719, -33.260356008531922 ], [ -70.828131954850747, -33.260356536741789 ], [ -70.828141149023992, -33.260356932499519 ], [ -70.828150349925451, -33.260357195688599 ], [ -70.828159554847105, -33.260357326231585 ], [ -70.828168761079795, -33.26035732409008 ], [ -70.828177965913937, -33.260357189264681 ], [ -70.828187166640376, -33.260356921795086 ], [ -70.828196360551146, -33.260356521760023 ], [ -70.828205544940317, -33.260355989277215 ], [ -70.828214717104771, -33.260355324503394 ], [ -70.830087189073396, -33.260205993531876 ], [ -70.830096492339777, -33.260205182730935 ], [ -70.830105777372395, -33.26020423582974 ], [ -70.830115041350567, -33.260203153115931 ], [ -70.830124281459959, -33.260201934918435 ], [ -70.830133494893488, -33.260200581607343 ], [ -70.830142678852226, -33.260199093593769 ], [ -70.830151830546157, -33.260197471329754 ], [ -70.83016094719504, -33.260195715308143 ], [ -70.83017002602935, -33.260193826062398 ], [ -70.830179064291002, -33.26019180416646 ], [ -70.830188059234246, -33.260189650234551 ], [ -70.830197008126504, -33.260187364921052 ], [ -70.830205908249184, -33.260184948920205 ], [ -70.830214756898528, -33.260182402965953 ], [ -70.830223551386339, -33.260179727831755 ], [ -70.830232289040978, -33.260176924330295 ], [ -70.830240967208027, -33.260173993313238 ], [ -70.830249583251117, -33.260170935671042 ], [ -70.830258134552807, -33.260167752332549 ], [ -70.830266618515253, -33.260164444264866 ], [ -70.830275032561133, -33.260161012472935 ], [ -70.830283374134325, -33.260157457999313 ], [ -70.830291640700764, -33.260153781923812 ], [ -70.830299829749137, -33.260149985363199 ], [ -70.830307938791719, -33.260146069470849 ], [ -70.830315965365017, -33.260142035436338 ], [ -70.830323907030689, -33.260137884485211 ], [ -70.830331761376115, -33.260133617878481 ], [ -70.830339526015223, -33.260129236912285 ], [ -70.830347198589223, -33.260124742917554 ], [ -70.830354776767265, -33.260120137259491 ], [ -70.830362258247177, -33.260115421337275 ], [ -70.83036964075616, -33.260110596583552 ], [ -70.830376922051528, -33.260105664464056 ], [ -70.830384099921275, -33.260100626477083 ], [ -70.830391172184875, -33.260095484153155 ], [ -70.830398136693844, -33.260090239054456 ], [ -70.830404991332443, -33.260084892774401 ], [ -70.830411734018355, -33.260079446937127 ], [ -70.830418362703199, -33.260073903197053 ], [ -70.830424875373296, -33.260068263238288 ], [ -70.83043127005017, -33.260062528774213 ], [ -70.830437544791195, -33.260056701546887 ], [ -70.830443697690214, -33.260050783326577 ], [ -70.830449726878044, -33.260044775911197 ], [ -70.830455630523105, -33.260038681125714 ], [ -70.832103127460201, -33.258307194401631 ], [ -70.832106017398146, -33.258304102147456 ], [ -70.832108842705026, -33.258300968018673 ], [ -70.832111602521394, -33.258297792968698 ], [ -70.832114296007745, -33.258294577963319 ], [ -70.832116922344738, -33.258291323980529 ], [ -70.832119480733496, -33.258288032010171 ], [ -70.832121970395775, -33.258284703053633 ], [ -70.832124390574251, -33.258281338123552 ], [ -70.832126740532729, -33.258277938243523 ], [ -70.832129019556376, -33.258274504447762 ], [ -70.83213122695193, -33.258271037780787 ], [ -70.832133362047941, -33.258267539297151 ], [ -70.832135424194931, -33.258264010061055 ], [ -70.832137412765633, -33.25826045114605 ], [ -70.832139327155147, -33.258256863634763 ], [ -70.832141166781128, -33.258253248618459 ], [ -70.832142931083993, -33.258249607196795 ], [ -70.832144619527071, -33.258245940477458 ], [ -70.832146231596752, -33.258242249575858 ], [ -70.832147766802677, -33.258238535614744 ], [ -70.832149224677849, -33.258234799723816 ], [ -70.832150604778818, -33.258231043039544 ], [ -70.832151906685766, -33.258227266704687 ], [ -70.832153130002681, -33.258223471867957 ], [ -70.83215427435745, -33.258219659683697 ], [ -70.832155339401965, -33.258215831311574 ], [ -70.832156324812289, -33.258211987916127 ], [ -70.832157230288658, -33.258208130666468 ], [ -70.832158055555652, -33.25820426073598 ], [ -70.832158800362237, -33.258200379301819 ], [ -70.832159464481876, -33.258196487544701 ], [ -70.832160047712549, -33.25819258664847 ], [ -70.832160549876832, -33.258188677799751 ], [ -70.832160970822031, -33.258184762187554 ], [ -70.832161310420048, -33.258180841002996 ], [ -70.832161568567656, -33.258176915438852 ], [ -70.832161745186298, -33.25817298668926 ], [ -70.832161840222255, -33.258169055949288 ], [ -70.832161853646653, -33.258165124414646 ], [ -70.832161785455412, -33.258161193281289 ], [ -70.832161635669294, -33.258157263744998 ], [ -70.832161404333846, -33.258153337001112 ], [ -70.832161091519467, -33.258149414244109 ], [ -70.832160697321328, -33.258145496667254 ], [ -70.832160221859354, -33.258141585462255 ], [ -70.832159665278169, -33.258137681818852 ], [ -70.832159027747096, -33.258133786924503 ], [ -70.832158309460084, -33.25812990196399 ], [ -70.832157510635639, -33.258126028119065 ], [ -70.832156631516767, -33.258122166568143 ], [ -70.832155672370888, -33.25811831848587 ], [ -70.832154633489779, -33.258114485042768 ], [ -70.832153515189475, -33.258110667404964 ], [ -70.83215231781017, -33.258106866733726 ], [ -70.832151041716088, -33.258103084185194 ], [ -70.832149687295413, -33.25809932090997 ], [ -70.83214825496016, -33.258095578052817 ], [ -70.832146745146062, -33.258091856752273 ], [ -70.832145158312372, -33.258088158140332 ], [ -70.832143494941803, -33.258084483342039 ], [ -70.832141755540363, -33.258080833475269 ], [ -70.832139940637148, -33.258077209650246 ], [ -70.832138050784252, -33.258073612969326 ], [ -70.832136086556545, -33.258070044526569 ], [ -70.83213404855158, -33.25806650540747 ], [ -70.832131937389249, -33.258062996688572 ], [ -70.832129753711783, -33.258059519437218 ], [ -70.832127498183439, -33.258056074711142 ], [ -70.832125171490347, -33.258052663558196 ], [ -70.832122774340235, -33.258049287015993 ], [ -70.832120307462347, -33.258045946111686 ], [ -70.832117771607045, -33.258042641861515 ], [ -70.832115167545737, -33.258039375270599 ], [ -70.832112496070579, -33.258036147332604 ], [ -70.832109757994175, -33.258032959029457 ], [ -70.832106954149452, -33.258029811330978 ], [ -70.832104085389304, -33.258026705194688 ], [ -70.832101152586375, -33.258023641565408 ], [ -70.832098156632838, -33.258020621375088 ], [ -70.832095098439993, -33.258017645542431 ], [ -70.832091978938152, -33.258014714972646 ], [ -70.832088799076203, -33.258011830557209 ], [ -70.832085559821465, -33.258008993173497 ], [ -70.832082262159261, -33.25800620368463 ], [ -70.832078907092736, -33.258003462939129 ], [ -70.832075495642457, -33.258000771770703 ], [ -70.83207202884617, -33.257998130997976 ], [ -70.832068507758393, -33.257995541424251 ], [ -70.832064933450269, -33.257993003837242 ], [ -70.832061307009042, -33.257990519008857 ], [ -70.832057629537843, -33.25798808769494 ], [ -70.832053902155295, -33.257985710635104 ], [ -70.832050125995266, -33.25798338855239 ], [ -70.832046302206422, -33.257981122153176 ], [ -70.832042431951905, -33.257978912126859 ], [ -70.832038516409014, -33.257976759145727 ], [ -70.832034556768832, -33.257974663864644 ], [ -70.832030554235814, -33.257972626921024 ], [ -70.832026510027504, -33.257970648934467 ], [ -70.83202242537412, -33.257968730506654 ], [ -70.832018301518133, -33.257966872221132 ], [ -70.832014139714019, -33.257965074643202 ], [ -70.832009941227724, -33.257963338319634 ], [ -70.832005707336407, -33.257961663778644 ], [ -70.832001439327939, -33.257960051529558 ], [ -70.831997138500626, -33.257958502062827 ], [ -70.831992806162731, -33.25795701584979 ], [ -70.831988443632113, -33.257955593342537 ], [ -70.831802485655487, -33.257896519549341 ], [ -70.831793888440444, -33.257893858692086 ], [ -70.831785238406454, -33.257891321540406 ], [ -70.83177653807509, -33.257888908833884 ], [ -70.831767789982578, -33.257886621275858 ], [ -70.831758996679042, -33.257884459533194 ], [ -70.831750160727807, -33.257882424236016 ], [ -70.831741284704634, -33.257880515977646 ], [ -70.831732371196935, -33.257878735314378 ], [ -70.831723422803066, -33.257877082765248 ], [ -70.831714442131585, -33.257875558812025 ], [ -70.831705431800387, -33.257874163898926 ], [ -70.831696394436079, -33.257872898432609 ], [ -70.831687332673113, -33.257871762781946 ], [ -70.831678249153057, -33.257870757277999 ], [ -70.831669146523836, -33.257869882213903 ], [ -70.831660027438929, -33.257869137844693 ], [ -70.831650894556617, -33.257868524387419 ], [ -70.83164175053922, -33.257868042020853 ], [ -70.831632598052266, -33.257867690885647 ], [ -70.831623439763803, -33.257867471084161 ], [ -70.831614278343494, -33.257867382680466 ], [ -70.831605116462015, -33.257867425700326 ], [ -70.831595956790082, -33.257867600131213 ], [ -70.831586801997844, -33.257867905922254 ], [ -70.831577654753943, -33.257868342984345 ], [ -70.831568517724932, -33.257868911190045 ], [ -70.831559393574281, -33.25786961037376 ], [ -70.83155028496175, -33.257870440331651 ], [ -70.831541194542609, -33.257871400821777 ], [ -70.831532124966728, -33.25787249156415 ], [ -70.831523078877993, -33.25787371224083 ], [ -70.831514058913413, -33.257875062495962 ], [ -70.827958273693028, -33.258433649824923 ], [ -70.826149232458235, -33.258936219772529 ], [ -70.826092051212626, -33.258462541743889 ], [ -70.826084355159423, -33.258394515028662 ], [ -70.826077972106958, -33.258326392475574 ], [ -70.826072903728218, -33.258258191971379 ], [ -70.826069151350879, -33.258189931423161 ], [ -70.826076386608761, -33.258194993827061 ], [ -70.82608372509489, -33.258199950241263 ], [ -70.826091164609892, -33.25820479918027 ], [ -70.826098702924028, -33.258209539190823 ], [ -70.826106337778043, -33.258214168852291 ], [ -70.826114066883676, -33.258218686777099 ], [ -70.826121887924472, -33.258223091611185 ], [ -70.82612979855638, -33.258227382034363 ], [ -70.826137796408489, -33.258231556760776 ], [ -70.826145879083796, -33.258235614539181 ], [ -70.826154044159836, -33.258239554153441 ], [ -70.826162289189455, -33.258243374422811 ], [ -70.826170611701514, -33.258247074202302 ], [ -70.826179009201709, -33.258250652383062 ], [ -70.826187479173214, -33.258254107892654 ], [ -70.826196019077486, -33.258257439695448 ], [ -70.826204626355022, -33.258260646792849 ], [ -70.826213298426126, -33.258263728223675 ], [ -70.826222032691703, -33.258266683064377 ], [ -70.826230826534001, -33.258269510429336 ], [ -70.826239677317403, -33.258272209471194 ], [ -70.826248582389226, -33.258274779381011 ], [ -70.82625753908053, -33.258277219388546 ], [ -70.826266544706897, -33.258279528762507 ], [ -70.826275596569246, -33.258281706810756 ], [ -70.82628469195464, -33.258283752880502 ], [ -70.826293828137068, -33.258285666358518 ], [ -70.826303002378324, -33.258287446671289 ], [ -70.82631221192878, -33.258289093285292 ], [ -70.82632145402826, -33.258290605706996 ], [ -70.826330725906743, -33.258291983483083 ], [ -70.826340024785409, -33.258293226200642 ], [ -70.826349347877226, -33.258294333487221 ], [ -70.82635869238797, -33.258295305010954 ], [ -70.826368055516994, -33.25829614048066 ], [ -70.826377434458053, -33.258296839645929 ], [ -70.826386826400167, -33.258297402297259 ], [ -70.826396228528466, -33.258297828265967 ], [ -70.826405638025037, -33.25829811742441 ], [ -70.82641505206972, -33.25829826968593 ], [ -70.826424467841036, -33.258298285004891 ], [ -70.826433882516952, -33.258298163376686 ], [ -70.826443293275801, -33.258297904837796 ], [ -70.826452697297057, -33.258297509465692 ], [ -70.826462091762238, -33.258296977378876 ], [ -70.826471473855705, -33.258296308736824 ], [ -70.826480840765527, -33.258295503739944 ], [ -70.826490189684364, -33.258294562629501 ], [ -70.826499517810205, -33.258293485687545 ], [ -70.826508822347321, -33.258292273236876 ], [ -70.826518100507045, -33.258290925640829 ], [ -70.826527349508595, -33.258289443303362 ], [ -70.826536566579961, -33.258287826668699 ], [ -70.826545748958637, -33.258286076221403 ], [ -70.826554893892606, -33.258284192486073 ], [ -70.826563998641021, -33.258282176027301 ], [ -70.82657306047507, -33.258280027449437 ], [ -70.826582076678847, -33.258277747396455 ], [ -70.828777492232732, -33.257690614100134 ], [ -70.82878627480639, -33.257688334645799 ], [ -70.828795102564882, -33.257686181916348 ], [ -70.828803972917925, -33.257684156543469 ], [ -70.8288128832627, -33.257682259121445 ], [ -70.828821830984694, -33.257680490207036 ], [ -70.828830813458424, -33.257678850319259 ], [ -70.828839828048203, -33.257677339939342 ], [ -70.828848872108907, -33.257675959510436 ], [ -70.828857942986787, -33.257674709437595 ], [ -70.828867038020221, -33.257673590087606 ], [ -70.828876154540481, -33.257672601788947 ], [ -70.828885289872559, -33.257671744831605 ], [ -70.828894441335933, -33.257671019466997 ], [ -70.831968775470813, -33.257449604652763 ], [ -70.831973422562953, -33.257449235670649 ], [ -70.831978061311489, -33.257448798822963 ], [ -70.831982690312415, -33.257448294241911 ], [ -70.831987308164713, -33.257447722080222 ], [ -70.831991913470674, -33.257447082511071 ], [ -70.831996504836439, -33.257446375728016 ], [ -70.832001080872359, -33.257445601945008 ], [ -70.832005640193401, -33.257444761396222 ], [ -70.832010181419633, -33.257443854336074 ], [ -70.832014703176569, -33.257442881039104 ], [ -70.832019204095602, -33.257441841799903 ], [ -70.832023682814466, -33.257440736932992 ], [ -70.832028137977602, -33.257439566772803 ], [ -70.832032568236585, -33.257438331673498 ], [ -70.832036972250492, -33.257437032008887 ], [ -70.832041348686417, -33.257435668172356 ], [ -70.832045696219751, -33.257434240576679 ], [ -70.832050013534612, -33.257432749653951 ], [ -70.832054299324298, -33.257431195855418 ], [ -70.832058552291684, -33.257429579651372 ], [ -70.832062771149481, -33.257427901531003 ], [ -70.832066954620842, -33.257426162002176 ], [ -70.83207110143951, -33.257424361591404 ], [ -70.832075210350425, -33.257422500843653 ], [ -70.832079280109951, -33.257420580322069 ], [ -70.832083309486293, -33.257418600607942 ], [ -70.832087297259918, -33.257416562300456 ], [ -70.832091242223825, -33.257414466016563 ], [ -70.832095143184048, -33.25741231239072 ], [ -70.832098998959879, -33.257410102074772 ], [ -70.83210280838432, -33.257407835737688 ], [ -70.832106570304376, -33.257405514065432 ], [ -70.832110283581429, -33.257403137760697 ], [ -70.832113947091628, -33.257400707542701 ], [ -70.832117559726129, -33.257398224146982 ], [ -70.832121120391534, -33.257395688325204 ], [ -70.832124628010149, -33.257393100844858 ], [ -70.832128081520324, -33.257390462489127 ], [ -70.832131479876821, -33.25738777405649 ], [ -70.832134822051074, -33.257385036360681 ], [ -70.832138107031511, -33.257382250230314 ], [ -70.832141333823884, -33.257379416508655 ], [ -70.832144501451552, -33.257376536053371 ], [ -70.832147608955836, -33.257373609736263 ], [ -70.832150655396134, -33.257370638443057 ], [ -70.832153639850446, -33.257367623073051 ], [ -70.832156561415474, -33.257364564538896 ], [ -70.832159419206931, -33.257361463766308 ], [ -70.832162212359933, -33.2573583216938 ], [ -70.832164940029031, -33.257355139272349 ], [ -70.832167601388704, -33.257351917465172 ], [ -70.832170195633438, -33.257348657247412 ], [ -70.832172721978054, -33.257345359605829 ], [ -70.832175179657895, -33.257342025538492 ], [ -70.832177567929151, -33.2573386560545 ], [ -70.832179886068957, -33.257335252173718 ], [ -70.832182133375724, -33.257331814926353 ], [ -70.83218430916925, -33.257328345352768 ], [ -70.832186412791017, -33.257324844503074 ], [ -70.832188443604338, -33.257321313436847 ], [ -70.832300754900189, -33.257121616306371 ] ] ] ] } },
{ "type": "Feature", "properties": { "fid": 39, "Arae": 29441.505 }, "geometry": { "type": "MultiPolygon", "coordinates": [ [ [ [ -70.818862511609339, -33.255366975855353 ], [ -70.819430474958509, -33.255424841282455 ], [ -70.81944886449277, -33.255426850403119 ], [ -70.819467209963577, -33.255429126185369 ], [ -70.819485505893553, -33.255431667949708 ], [ -70.819503746820118, -33.255434474937232 ], [ -70.819521927297089, -33.255437546309892 ], [ -70.819540041896332, -33.255440881150605 ], [ -70.819558085209408, -33.255444478463744 ], [ -70.81957605184914, -33.255448337175238 ], [ -70.819593936451213, -33.255452456132986 ], [ -70.819611733675856, -33.255456834107193 ], [ -70.819629438209375, -33.255461469790724 ], [ -70.819647044765716, -33.255466361799499 ], [ -70.819664548088099, -33.255471508672926 ], [ -70.819681942950552, -33.255476908874293 ], [ -70.819699224159507, -33.255482560791265 ], [ -70.819716386555299, -33.255488462736352 ], [ -70.819733425013737, -33.255494612947388 ], [ -70.819750334447662, -33.25550100958813 ], [ -70.819767109808396, -33.255507650748712 ], [ -70.819783746087325, -33.255514534446306 ], [ -70.819800238317299, -33.255521658625632 ], [ -70.819816581574244, -33.255529021159624 ], [ -70.819832770978493, -33.255536619850048 ], [ -70.819848801696395, -33.255544452428168 ], [ -70.819864668941577, -33.255552516555383 ], [ -70.819880367976552, -33.255560809824019 ], [ -70.819895894113998, -33.25556932975794 ], [ -70.819911242718248, -33.255578073813346 ], [ -70.819926409206602, -33.25558703937952 ], [ -70.819941389050754, -33.255596223779591 ], [ -70.819956177778124, -33.255605624271404 ], [ -70.819970770973171, -33.2556152380482 ], [ -70.819985164278748, -33.255625062239638 ], [ -70.819999353397364, -33.255635093912467 ], [ -70.820013334092508, -33.25564533007153 ], [ -70.820027102189897, -33.255655767660627 ], [ -70.820040653578687, -33.255666403563367 ], [ -70.820053984212763, -33.255677234604171 ], [ -70.820067090111905, -33.255688257549238 ], [ -70.820079967363, -33.255699469107398 ], [ -70.820092612121172, -33.255710865931228 ], [ -70.820105020610995, -33.255722444617938 ], [ -70.820117189127544, -33.255734201710489 ], [ -70.820129114037542, -33.255746133698516 ], [ -70.820140791780474, -33.255758237019464 ], [ -70.820152218869609, -33.255770508059655 ], [ -70.82016339189299, -33.255782943155261 ], [ -70.820174307514606, -33.255795538593546 ], [ -70.820184962475253, -33.255808290613842 ], [ -70.820195353593519, -33.255821195408735 ], [ -70.820205477766791, -33.255834249125222 ], [ -70.820215331972165, -33.255847447865825 ], [ -70.820224913267324, -33.25586078768977 ], [ -70.820234218791427, -33.255874264614114 ], [ -70.820674646066649, -33.256525005862784 ], [ -70.820683940178498, -33.256538466340515 ], [ -70.820693509397643, -33.256551790055262 ], [ -70.820703350873941, -33.256564973038515 ], [ -70.820713461676263, -33.256578011363729 ], [ -70.820723838793128, -33.256590901147376 ], [ -70.820734479133819, -33.256603638550189 ], [ -70.820745379529214, -33.256616219778294 ], [ -70.820756536732659, -33.256628641084355 ], [ -70.820767947421075, -33.256640898768659 ], [ -70.820779608195849, -33.256652989180175 ], [ -70.820791515583878, -33.256664908717759 ], [ -70.820803666038586, -33.256676653831143 ], [ -70.820816055941009, -33.25668822102196 ], [ -70.820828681600872, -33.256699606844926 ], [ -70.820841539257657, -33.256710807908732 ], [ -70.820854625081722, -33.256721820877061 ], [ -70.820867935175485, -33.256732642469693 ], [ -70.820881465574558, -33.256743269463342 ], [ -70.820895212248942, -33.256753698692741 ], [ -70.820909171104191, -33.256763927051495 ], [ -70.820923337982649, -33.256773951493024 ], [ -70.820937708664715, -33.256783769031529 ], [ -70.820952278870095, -33.256793376742792 ], [ -70.820967044259021, -33.256802771765123 ], [ -70.820982000433617, -33.256811951300172 ], [ -70.820997142939177, -33.256820912613769 ], [ -70.821012467265447, -33.256829653036746 ], [ -70.821027968848057, -33.256838169965739 ], [ -70.821043643069842, -33.256846460863905 ], [ -70.821059485262168, -33.256854523261786 ], [ -70.821075490706406, -33.256862354757963 ], [ -70.821091654635282, -33.256869953019773 ], [ -70.821107972234316, -33.256877315784024 ], [ -70.821124438643267, -33.256884440857704 ], [ -70.821141048957514, -33.256891326118541 ], [ -70.821157798229635, -33.256897969515769 ], [ -70.821174681470779, -33.256904369070575 ], [ -70.82119169365221, -33.256910522876844 ], [ -70.821208829706748, -33.256916429101629 ], [ -70.821226084530338, -33.256922085985721 ], [ -70.821243452983552, -33.256927491844202 ], [ -70.821260929893114, -33.25693264506689 ], [ -70.821278510053418, -33.25693754411887 ], [ -70.821296188228104, -33.256942187540972 ], [ -70.821313959151666, -33.256946573950074 ], [ -70.82133181753089, -33.25695070203971 ], [ -70.82134975804658, -33.256954570580277 ], [ -70.821367775355043, -33.256958178419524 ], [ -70.821385864089692, -33.256961524482826 ], [ -70.821404018862694, -33.256964607773561 ], [ -70.821422234266564, -33.256967427373347 ], [ -70.821440504875682, -33.256969982442357 ], [ -70.821458825248058, -33.256972272219542 ], [ -70.821477189926838, -33.256974296022882 ], [ -70.821495593441995, -33.256976053249588 ], [ -70.821514030311903, -33.256977543376266 ], [ -70.82202538699363, -33.257015133140548 ], [ -70.821004064962324, -33.258028158640563 ], [ -70.821004556238108, -33.258020316717925 ], [ -70.8210048848658, -33.258012468795876 ], [ -70.821005050745754, -33.258004617255416 ], [ -70.821005053827662, -33.257996764478641 ], [ -70.821004894110644, -33.257988912847971 ], [ -70.821004571643201, -33.257981064745529 ], [ -70.821004086523203, -33.257973222552344 ], [ -70.82100343889789, -33.257965388647655 ], [ -70.821002628963768, -33.257957565408162 ], [ -70.821001656966615, -33.257949755207413 ], [ -70.821000523201363, -33.257941960414882 ], [ -70.820999228012042, -33.257934183395442 ], [ -70.820997771791625, -33.257926426508575 ], [ -70.820996154981955, -33.257918692107609 ], [ -70.820994378073607, -33.257910982539109 ], [ -70.820992441605725, -33.25790330014204 ], [ -70.820990346165829, -33.257895647247175 ], [ -70.820988092389697, -33.257888026176303 ], [ -70.820985680961158, -33.257880439241568 ], [ -70.820983112611842, -33.257872888744792 ], [ -70.820980388120987, -33.257865376976682 ], [ -70.820977508315238, -33.257857906216223 ], [ -70.820974474068308, -33.257850478729971 ], [ -70.820971286300804, -33.257843096771325 ], [ -70.820967945979888, -33.257835762579873 ], [ -70.820964454119007, -33.257828478380759 ], [ -70.82096081177761, -33.257821246383898 ], [ -70.820957020060746, -33.257814068783404 ], [ -70.820953080118827, -33.257806947756841 ], [ -70.820948993147226, -33.257799885464692 ], [ -70.820944760385899, -33.257792884049536 ], [ -70.820940383119051, -33.257785945635526 ], [ -70.820935862674744, -33.2577790723277 ], [ -70.82093120042444, -33.257772266211333 ], [ -70.820926397782642, -33.257765529351303 ], [ -70.820921456206435, -33.257758863791494 ], [ -70.820916377195076, -33.25775227155416 ], [ -70.820911162289491, -33.257745754639295 ], [ -70.820905813071846, -33.257739315024061 ], [ -70.819996052015085, -33.256664162880455 ], [ -70.819985212978892, -33.256651583939686 ], [ -70.819974117705684, -33.256639163696327 ], [ -70.819962769486565, -33.256626905834381 ], [ -70.819951171687677, -33.256614813989671 ], [ -70.819939327749154, -33.256602891748805 ], [ -70.819927241184175, -33.25659114264807 ], [ -70.819914915577812, -33.256579570172384 ], [ -70.819902354586134, -33.256568177754303 ], [ -70.819889561934914, -33.256556968772934 ], [ -70.819876541418708, -33.256545946553004 ], [ -70.819863296899641, -33.256535114363849 ], [ -70.819849832306275, -33.256524475418416 ], [ -70.819836151632416, -33.256514032872346 ], [ -70.819822258936, -33.256503789823 ], [ -70.819808158337807, -33.256493749308603 ], [ -70.819793854020318, -33.256483914307303 ], [ -70.819779350226426, -33.256474287736239 ], [ -70.81976465125814, -33.256464872450799 ], [ -70.819749761475421, -33.256455671243621 ], [ -70.819734685294776, -33.256446686843951 ], [ -70.819719427188033, -33.2564379219166 ], [ -70.819703991680953, -33.256429379061366 ], [ -70.819688383351902, -33.256421060812151 ], [ -70.819672606830551, -33.256412969636251 ], [ -70.819656666796405, -33.256405107933595 ], [ -70.819640567977459, -33.256397478036028 ], [ -70.819624315148872, -33.256390082206686 ], [ -70.819607913131392, -33.256382922639247 ], [ -70.819591366790078, -33.256376001457312 ], [ -70.819574681032762, -33.256369320713787 ], [ -70.819557860808644, -33.256362882390242 ], [ -70.819540911106785, -33.25635668839633 ], [ -70.819523836954659, -33.256350740569317 ], [ -70.819506643416645, -33.256345040673352 ], [ -70.818222841408129, -33.255930132068585 ], [ -70.818862511609339, -33.255366975855353 ] ] ] ] } },
{ "type": "Feature", "properties": { "fid": 40, "Arae": 44794.823 }, "geometry": { "type": "MultiPolygon", "coordinates": [ [ [ [ -70.81348277653592, -33.254688349559522 ], [ -70.814652819968671, -33.25495927970438 ], [ -70.814657314897403, -33.254960285364525 ], [ -70.814661829901738, -33.254961225401239 ], [ -70.814666363624582, -33.254962099531944 ], [ -70.8146709147032, -33.254962907493912 ], [ -70.814675481769626, -33.254963649044285 ], [ -70.814680063451092, -33.254964323960159 ], [ -70.814684658370439, -33.254964932038689 ], [ -70.814689265146541, -33.254965473097087 ], [ -70.814693882394678, -33.254965946972725 ], [ -70.81469850872702, -33.254966353523159 ], [ -70.814703142752975, -33.254966692626176 ], [ -70.814707783079669, -33.2549669641799 ], [ -70.814712428312305, -33.254967168102667 ], [ -70.81471707705461, -33.254967304333178 ], [ -70.814721727909287, -33.254967372830507 ], [ -70.814726379478387, -33.254967373574047 ], [ -70.814731030363745, -33.254967306563593 ], [ -70.814735679167384, -33.254967171819281 ], [ -70.814740324491979, -33.254966969381606 ], [ -70.814744964941255, -33.254966699311424 ], [ -70.814749599120375, -33.25496636168991 ], [ -70.814754225636406, -33.254965956618541 ], [ -70.814758843098701, -33.254965484219092 ], [ -70.814763450119372, -33.254964944633528 ], [ -70.814768045313656, -33.254964338024052 ], [ -70.814772627300272, -33.254963664573005 ], [ -70.814777194702032, -33.254962924482825 ], [ -70.814781746146053, -33.254962117975921 ], [ -70.814786280264258, -33.254961245294766 ], [ -70.814790795693781, -33.254960306701626 ], [ -70.814795291077402, -33.25495930247866 ], [ -70.814799765063896, -33.254958232927699 ], [ -70.81480421630846, -33.254957098370205 ], [ -70.814808643473157, -33.254955899147234 ], [ -70.814813045227282, -33.254954635619256 ], [ -70.814817420247749, -33.25495330816603 ], [ -70.814821767219527, -33.254951917186588 ], [ -70.814826084836, -33.254950463099 ], [ -70.814830371799403, -33.254948946340363 ], [ -70.814834626821153, -33.254947367366576 ], [ -70.814838848622273, -33.254945726652231 ], [ -70.814843035933805, -33.254944024690495 ], [ -70.814847187497108, -33.254942261992966 ], [ -70.814851302064341, -33.254940439089459 ], [ -70.814855378398732, -33.25493855652789 ], [ -70.814859415275038, -33.254936614874111 ], [ -70.814863411479848, -33.254934614711772 ], [ -70.814867365811992, -33.254932556642068 ], [ -70.814871277082901, -33.254930441283605 ], [ -70.814875144116911, -33.254928269272213 ], [ -70.814878965751703, -33.254926041260788 ], [ -70.814882740838556, -33.254923757918945 ], [ -70.814886468242761, -33.254921419933083 ], [ -70.814890146843979, -33.254919028005922 ], [ -70.814893775536461, -33.254916582856417 ], [ -70.81489735322954, -33.254914085219546 ], [ -70.814900878847808, -33.254911535846048 ], [ -70.814904351331592, -33.254908935502179 ], [ -70.814907769637102, -33.254906284969572 ], [ -70.814911132736881, -33.254903585044914 ], [ -70.814914439620054, -33.25490083653974 ], [ -70.81491768929267, -33.25489804028021 ], [ -70.814920880777947, -33.254895197106798 ], [ -70.814924013116595, -33.254892307874101 ], [ -70.814927085367103, -33.254889373450574 ], [ -70.814930096606034, -33.254886394718248 ], [ -70.814933045928271, -33.254883372572436 ], [ -70.814935932447327, -33.254880307921532 ], [ -70.814938755295572, -33.254877201686739 ], [ -70.814941513624547, -33.254874054801697 ], [ -70.814944206605162, -33.254870868212279 ], [ -70.814946833427953, -33.254867642876341 ], [ -70.814949393303365, -33.254864379763312 ], [ -70.814951885462008, -33.254861079854031 ], [ -70.814954309154743, -33.254857744140381 ], [ -70.814956663653092, -33.254854373625001 ], [ -70.814958948249355, -33.25485096932097 ], [ -70.81496116225685, -33.254847532251596 ], [ -70.814963305010082, -33.254844063449937 ], [ -70.815105876356299, -33.254608284098424 ], [ -70.815107999139244, -33.254604846937774 ], [ -70.815110191882013, -33.25460144092105 ], [ -70.815112453937545, -33.25459806705333 ], [ -70.815114784638311, -33.254594726330232 ], [ -70.815117183296522, -33.254591419737558 ], [ -70.815119649204377, -33.254588148251067 ], [ -70.815122181634152, -33.254584912836151 ], [ -70.81512477983857, -33.254581714447575 ], [ -70.815127443050898, -33.254578554029131 ], [ -70.815130170485233, -33.254575432513434 ], [ -70.815132961336744, -33.254572350821647 ], [ -70.815135814781854, -33.254569309863115 ], [ -70.815138729978514, -33.254566310535239 ], [ -70.815141706066484, -33.254563353723093 ], [ -70.815144742167504, -33.254560440299187 ], [ -70.815147837385695, -33.254557571123264 ], [ -70.815150990807624, -33.254554747041986 ], [ -70.81515420150275, -33.254551968888727 ], [ -70.815157468523623, -33.254549237483303 ], [ -70.815160790906177, -33.254546553631727 ], [ -70.815164167669977, -33.254543918125961 ], [ -70.815167597818558, -33.254541331743738 ], [ -70.815171080339709, -33.25453879524828 ], [ -70.815174614205787, -33.254536309388094 ], [ -70.815178198373957, -33.25453387489673 ], [ -70.815181831786546, -33.254531492492582 ], [ -70.815185513371361, -33.25452916287869 ], [ -70.815189242041995, -33.254526886742475 ], [ -70.815193016698146, -33.25452466475565 ], [ -70.815196836225951, -33.254522497573859 ], [ -70.815200699498277, -33.254520385836663 ], [ -70.815204605375087, -33.25451833016718 ], [ -70.815208552703822, -33.254516331172049 ], [ -70.815212540319635, -33.254514389441155 ], [ -70.815216567045809, -33.254512505547474 ], [ -70.815220631694089, -33.254510680046906 ], [ -70.815224733065037, -33.254508913478197 ], [ -70.815228869948371, -33.254507206362597 ], [ -70.815233041123321, -33.254505559203892 ], [ -70.815237245359, -33.254503972488124 ], [ -70.815241481414773, -33.254502446683524 ], [ -70.815245748040638, -33.254500982240344 ], [ -70.815250043977514, -33.254499579590743 ], [ -70.815254367957721, -33.254498239148624 ], [ -70.81525871870528, -33.254496961309535 ], [ -70.815263094936341, -33.254495746450544 ], [ -70.815267495359507, -33.254494594930172 ], [ -70.815271918676217, -33.254493507088199 ], [ -70.815276363581233, -33.254492483245642 ], [ -70.81528082876288, -33.254491523704644 ], [ -70.815285312903526, -33.254490628748343 ], [ -70.8152898146799, -33.254489798640833 ], [ -70.815294332763628, -33.254489033627074 ], [ -70.815298865821433, -33.254488333932819 ], [ -70.815303412515632, -33.254487699764532 ], [ -70.815307971504552, -33.254487131309368 ], [ -70.815312541442864, -33.25448662873503 ], [ -70.81531712098203, -33.25448619218988 ], [ -70.815321708770682, -33.25448582180271 ], [ -70.815326303454952, -33.254485517682795 ], [ -70.81533090367904, -33.254485279919933 ], [ -70.81546887876479, -33.254479147558932 ], [ -70.81547348932358, -33.254478976033695 ], [ -70.815478102711793, -33.254478871163997 ], [ -70.815482717564421, -33.254478832980837 ], [ -70.815487332516, -33.254478861495542 ], [ -70.815491946201078, -33.254478956699636 ], [ -70.815496557254548, -33.254479118564994 ], [ -70.81550116431211, -33.254479347043684 ], [ -70.815505766010602, -33.254479642068105 ], [ -70.815510360988469, -33.254480003551009 ], [ -70.815514947886157, -33.254480431385375 ], [ -70.815519525346502, -33.254480925444668 ], [ -70.81552409201511, -33.254481485582687 ], [ -70.815528646540798, -33.254482111633699 ], [ -70.81553318757598, -33.254482803412472 ], [ -70.815537713777033, -33.254483560714284 ], [ -70.815542223804755, -33.254484383315123 ], [ -70.815546716324718, -33.25448527097155 ], [ -70.815551190007668, -33.254486223420955 ], [ -70.815555643529933, -33.254487240381515 ], [ -70.815560075573799, -33.25448832155233 ], [ -70.815564484827917, -33.254489466613514 ], [ -70.815568869987658, -33.254490675226222 ], [ -70.815573229755572, -33.254491947032911 ], [ -70.815577562841639, -33.25449328165724 ], [ -70.815581867963829, -33.254494678704326 ], [ -70.815586143848321, -33.25449613776081 ], [ -70.815590389229968, -33.254497658395017 ], [ -70.815594602852613, -33.254499240156953 ], [ -70.815598783469554, -33.254500882578647 ], [ -70.815602929843834, -33.254502585174151 ], [ -70.815607040748603, -33.254504347439678 ], [ -70.815611114967524, -33.254506168853815 ], [ -70.81561515129512, -33.254508048877625 ], [ -70.81561914853711, -33.254509986954872 ], [ -70.815623105510781, -33.254511982512085 ], [ -70.815627021045358, -33.254514034958852 ], [ -70.815630893982288, -33.254516143687866 ], [ -70.815634723175634, -33.254518308075212 ], [ -70.815638507492451, -33.254520527480473 ], [ -70.815642245812995, -33.254522801246992 ], [ -70.81564593703115, -33.254525128701978 ], [ -70.815649580054796, -33.254527509156802 ], [ -70.815653173805998, -33.254529941907116 ], [ -70.816280598295734, -33.254962195633155 ], [ -70.816294934018984, -33.254971900334297 ], [ -70.816309465774737, -33.254981396995838 ], [ -70.816324189286604, -33.254990682823085 ], [ -70.816339100221839, -33.254999755083404 ], [ -70.816354194192471, -33.255008611107023 ], [ -70.816369466756711, -33.255017248287778 ], [ -70.816384913420151, -33.255025664083917 ], [ -70.816400529637207, -33.255033856018848 ], [ -70.816416310812357, -33.255041821681836 ], [ -70.816432252301553, -33.255049558728736 ], [ -70.816448349413548, -33.255057064882706 ], [ -70.816464597411297, -33.255064337934812 ], [ -70.816480991513345, -33.255071375744741 ], [ -70.816497526895262, -33.255078176241405 ], [ -70.816514198690996, -33.255084737423559 ], [ -70.816531001994406, -33.255091057360367 ], [ -70.816547931860612, -33.255097134191985 ], [ -70.816564983307472, -33.25510296613011 ], [ -70.816582151317093, -33.255108551458562 ], [ -70.816599430837258, -33.255113888533643 ], [ -70.81661681678294, -33.255118975784761 ], [ -70.816634304037791, -33.255123811714853 ], [ -70.816651887455649, -33.25512839490078 ], [ -70.816669561862028, -33.255132723993817 ], [ -70.816687322055685, -33.255136797719977 ], [ -70.816705162810152, -33.255140614880467 ], [ -70.816723078875185, -33.25514417435194 ], [ -70.816741064978444, -33.25514747508695 ], [ -70.816759115826954, -33.255150516114107 ], [ -70.816777226108641, -33.255153296538545 ], [ -70.816795390494036, -33.255155815542018 ], [ -70.816813603637627, -33.255158072383239 ], [ -70.816831860179661, -33.255160066398062 ], [ -70.818623182866503, -33.255342591682073 ], [ -70.81802751747253, -33.255867004308392 ], [ -70.81666915747617, -33.255427977691681 ], [ -70.816651893946144, -33.255422540490912 ], [ -70.816634521795478, -33.255417353251921 ], [ -70.816617046150839, -33.255412417505497 ], [ -70.816599472169528, -33.255407734708271 ], [ -70.816581805037757, -33.25540330624213 ], [ -70.81656404996933, -33.255399133414024 ], [ -70.816546212203932, -33.255395217455359 ], [ -70.816528297005647, -33.255391559521797 ], [ -70.816510309661467, -33.255388160692824 ], [ -70.816492255479616, -33.255385021971492 ], [ -70.816474139788056, -33.255382144284042 ], [ -70.81645596793291, -33.255379528479743 ], [ -70.816437745276886, -33.255377175330537 ], [ -70.816419477197655, -33.255375085530865 ], [ -70.816401169086276, -33.25537325969745 ], [ -70.816382826345688, -33.255371698369146 ], [ -70.816364454388989, -33.255370402006669 ], [ -70.813896128616506, -33.255214133418995 ], [ -70.813891482803626, -33.255213873288263 ], [ -70.813886832317465, -33.255213680932201 ], [ -70.8138821785586, -33.255213556408684 ], [ -70.813877522928522, -33.25521349975525 ], [ -70.813872866829357, -33.255213510988945 ], [ -70.813868211663319, -33.255213590106408 ], [ -70.813863558832352, -33.255213737083764 ], [ -70.813858909737746, -33.255213951876797 ], [ -70.813854265779597, -33.255214234420819 ], [ -70.813849628356493, -33.255214584630707 ], [ -70.813844998865036, -33.255215002401009 ], [ -70.813840378699453, -33.255215487605909 ], [ -70.81383576925117, -33.255216040099299 ], [ -70.813831171908333, -33.255216659714762 ], [ -70.813826588055534, -33.255217346265702 ], [ -70.813822019073228, -33.255218099545374 ], [ -70.813817466337412, -33.2552189193269 ], [ -70.813812931219175, -33.25521980536341 ], [ -70.813808415084353, -33.255220757388045 ], [ -70.813803919293008, -33.255221775114109 ], [ -70.813799445199109, -33.255222858235101 ], [ -70.813794994150072, -33.255224006424825 ], [ -70.813790567486379, -33.25522521933749 ], [ -70.813786166541178, -33.255226496607811 ], [ -70.813781792639858, -33.255227837851123 ], [ -70.813777447099682, -33.255229242663511 ], [ -70.813773131229325, -33.255230710621888 ], [ -70.813768846328585, -33.255232241284169 ], [ -70.813764593687921, -33.255233834189369 ], [ -70.813760374588043, -33.255235488857771 ], [ -70.813756190299586, -33.255237204791072 ], [ -70.813752042082712, -33.255238981472473 ], [ -70.813747931186683, -33.2552408183669 ], [ -70.813743858849563, -33.255242714921195 ], [ -70.813739826297763, -33.255244670564153 ], [ -70.813735834745756, -33.255246684706819 ], [ -70.81373188539564, -33.255248756742624 ], [ -70.813727979436806, -33.255250886047527 ], [ -70.81372411804557, -33.255253071980277 ], [ -70.81372030238488, -33.255255313882571 ], [ -70.813716533603809, -33.255257611079209 ], [ -70.813712812837409, -33.255259962878377 ], [ -70.813709141206232, -33.25526236857182 ], [ -70.813705519816025, -33.255264827434999 ], [ -70.81370194975743, -33.255267338727435 ], [ -70.81369843210561, -33.255269901692799 ], [ -70.813694967919929, -33.255272515559227 ], [ -70.813691558243718, -33.255275179539531 ], [ -70.813688204103798, -33.255277892831437 ], [ -70.813684906510346, -33.255280654617785 ], [ -70.813681666456461, -33.255283464066828 ], [ -70.813678484917943, -33.255286320332488 ], [ -70.813675362852919, -33.255289222554552 ], [ -70.813672301201677, -33.255292169858983 ], [ -70.813669300886261, -33.255295161358163 ], [ -70.813666362810281, -33.255298196151195 ], [ -70.813663487858548, -33.255301273324079 ], [ -70.813660676896902, -33.255304391950105 ], [ -70.81365793077191, -33.255307551090063 ], [ -70.813655250310617, -33.255310749792514 ], [ -70.813652636320271, -33.255313987094183 ], [ -70.813650089588108, -33.255317262020071 ], [ -70.813647610881119, -33.255320573583923 ], [ -70.813645200945828, -33.255323920788406 ], [ -70.813642860507997, -33.255327302625467 ], [ -70.813640590272485, -33.25533071807665 ], [ -70.813638390923032, -33.255334166113315 ], [ -70.813636263121964, -33.255337645697068 ], [ -70.813634207510162, -33.255341155779973 ], [ -70.813632224706666, -33.255344695304956 ], [ -70.813630315308657, -33.25534826320601 ], [ -70.813628479891136, -33.255351858408652 ], [ -70.813626719006933, -33.255355479830094 ], [ -70.813625033186327, -33.255359126379744 ], [ -70.813623422937042, -33.255362796959375 ], [ -70.813621888744052, -33.255366490463572 ], [ -70.813620431069381, -33.255370205779975 ], [ -70.81361905035206, -33.255373941789649 ], [ -70.813617747007896, -33.255377697367479 ], [ -70.813616521429438, -33.255381471382407 ], [ -70.813615373985797, -33.25538526269785 ], [ -70.813614305022526, -33.255389070171994 ], [ -70.81361331486157, -33.255392892658193 ], [ -70.813612403801173, -33.255396729005234 ], [ -70.81361157211569, -33.255400578057753 ], [ -70.813610820055629, -33.255404438656569 ], [ -70.813610147847456, -33.255408309639009 ], [ -70.813609555693674, -33.255412189839262 ], [ -70.813609043772587, -33.255416078088793 ], [ -70.813608612238397, -33.255419973216561 ], [ -70.813608261221063, -33.255423874049526 ], [ -70.813607990826341, -33.255427779412891 ], [ -70.813607801135646, -33.2554316881305 ], [ -70.813607692206119, -33.255435599025205 ], [ -70.813607664070574, -33.255439510919182 ], [ -70.813607716737522, -33.255443422634301 ], [ -70.81360785019109, -33.255447332992524 ], [ -70.81360806439109, -33.255451240816136 ], [ -70.813608359273047, -33.25545514492832 ], [ -70.813608734748144, -33.255459044153248 ], [ -70.813609190703332, -33.255462937316651 ], [ -70.813609727001278, -33.255466823246032 ], [ -70.813610343480491, -33.255470700771077 ], [ -70.813611039955333, -33.25547456872404 ], [ -70.813611816216053, -33.255478425940019 ], [ -70.813612672028867, -33.255482271257364 ], [ -70.813613607136062, -33.25548610351801 ], [ -70.813614621256022, -33.255489921567815 ], [ -70.813615714083355, -33.255493724256937 ], [ -70.813616885288937, -33.255497510440101 ], [ -70.813618134520041, -33.255501278977093 ], [ -70.813619461400464, -33.255505028732948 ], [ -70.813620865530623, -33.255508758578358 ], [ -70.813622346487648, -33.255512467390069 ], [ -70.81362390382553, -33.255516154051065 ], [ -70.813625537075254, -33.255519817451102 ], [ -70.813627245744954, -33.255523456486877 ], [ -70.813629029320083, -33.255527070062456 ], [ -70.813630887263457, -33.25553065708953 ], [ -70.813632819015581, -33.255534216487852 ], [ -70.813634823994661, -33.255537747185429 ], [ -70.81363690159688, -33.255541248118959 ], [ -70.81363905119656, -33.255544718234077 ], [ -70.813641272146313, -33.255548156485716 ], [ -70.813643563777291, -33.255551561838381 ], [ -70.813645925399314, -33.255554933266531 ], [ -70.813648356301186, -33.255558269754779 ], [ -70.813650855750808, -33.255561570298312 ], [ -70.813653422995429, -33.255564833903129 ], [ -70.813656057261895, -33.255568059586331 ], [ -70.813658757756869, -33.255571246376455 ], [ -70.813661523667079, -33.255574393313779 ], [ -70.813664354159513, -33.255577499450524 ], [ -70.813667248381748, -33.255580563851261 ], [ -70.813670205462145, -33.255583585593079 ], [ -70.813673224510154, -33.255586563765945 ], [ -70.813676304616536, -33.255589497472954 ], [ -70.81367944485369, -33.255592385830539 ], [ -70.813682644275886, -33.255595227968854 ], [ -70.81368590191957, -33.255598023031965 ], [ -70.813689216803652, -33.255600770178063 ], [ -70.81369258792985, -33.255603468579807 ], [ -70.813696014282868, -33.255606117424563 ], [ -70.813699494830828, -33.255608715914548 ], [ -70.813703028525509, -33.255611263267234 ], [ -70.813706614302689, -33.255613758715427 ], [ -70.813710251082469, -33.255616201507586 ], [ -70.813713937769577, -33.255618590908007 ], [ -70.813717673253706, -33.255620926197125 ], [ -70.81372145640988, -33.255623206671608 ], [ -70.81372528609873, -33.25562543164466 ], [ -70.813729161166918, -33.255627600446203 ], [ -70.813733080447392, -33.255629712423065 ], [ -70.813737042759783, -33.255631766939203 ], [ -70.813741046910835, -33.255633763375847 ], [ -70.813745091694599, -33.255635701131773 ], [ -70.813749175892937, -33.255637579623354 ], [ -70.8144031658519, -33.255932206369025 ], [ -70.814407239220102, -33.255934079741237 ], [ -70.814411273387947, -33.255936012063053 ], [ -70.814415267146941, -33.255938002755641 ], [ -70.814419219300746, -33.255940051222659 ], [ -70.814423128665496, -33.255942156850494 ], [ -70.814426994070075, -33.255944319008385 ], [ -70.814430814356626, -33.255946537048665 ], [ -70.814434588380735, -33.255948810306911 ], [ -70.81443831501187, -33.255951138102134 ], [ -70.814441993133727, -33.255953519737048 ], [ -70.814445621644467, -33.255955954498226 ], [ -70.814449199457172, -33.255958441656325 ], [ -70.814452725500075, -33.255960980466284 ], [ -70.814456198716925, -33.255963570167609 ], [ -70.814459618067346, -33.255966209984535 ], [ -70.814462982526976, -33.255968899126295 ], [ -70.814466291088024, -33.255971636787343 ], [ -70.814469542759369, -33.255974422147588 ], [ -70.814472736566955, -33.255977254372688 ], [ -70.814475871554066, -33.255980132614219 ], [ -70.814478946781577, -33.255983056009995 ], [ -70.814481961328298, -33.255986023684279 ], [ -70.814484914291185, -33.255989034748112 ], [ -70.814487804785685, -33.2559920882995 ], [ -70.814490631945887, -33.255995183423764 ], [ -70.814493394924938, -33.255998319193722 ], [ -70.814496092895141, -33.256001494670024 ], [ -70.814498725048296, -33.256004708901465 ], [ -70.814501290595956, -33.256007960925182 ], [ -70.814503788769542, -33.256011249767049 ], [ -70.814506218820739, -33.256014574441828 ], [ -70.814508580021581, -33.256017933953643 ], [ -70.81451087166478, -33.256021327296111 ], [ -70.814513093063837, -33.256024753452735 ], [ -70.814515243553302, -33.256028211397208 ], [ -70.814517322488996, -33.256031700093658 ], [ -70.814519329248142, -33.256035218497054 ], [ -70.814521263229594, -33.256038765553427 ], [ -70.81452312385403, -33.256042340200217 ], [ -70.814524910564046, -33.256045941366672 ], [ -70.814526622824445, -33.256049567973974 ], [ -70.814528260122273, -33.256053218935811 ], [ -70.814529821967085, -33.256056893158487 ], [ -70.814531307891002, -33.256060589541384 ], [ -70.814532717448898, -33.256064306977201 ], [ -70.814534050218512, -33.256068044352389 ], [ -70.814535305800618, -33.256071800547389 ], [ -70.814536483819069, -33.256075574436991 ], [ -70.81500988333859, -33.25764743360503 ], [ -70.815014594906728, -33.257662527017068 ], [ -70.815019616649721, -33.257677549669467 ], [ -70.815024947063833, -33.257692497063331 ], [ -70.8150305845529, -33.257707364722286 ], [ -70.815036527428788, -33.257722148193842 ], [ -70.815042773911898, -33.257736843050679 ], [ -70.815049322131699, -33.257751444892079 ], [ -70.815056170127335, -33.257765949345142 ], [ -70.815063315848121, -33.257780352066128 ], [ -70.815070757154231, -33.257794648741751 ], [ -70.815078491817303, -33.257808835090522 ], [ -70.815086517521138, -33.257822906863957 ], [ -70.814523941715535, -33.257777966288437 ], [ -70.814337819000897, -33.25750242844434 ], [ -70.813751957390423, -33.256308488531467 ], [ -70.813744735246615, -33.256294123908908 ], [ -70.813737218516749, -33.256279866365873 ], [ -70.813729409449067, -33.256265720166468 ], [ -70.813721310379137, -33.256251689541436 ], [ -70.813712923729355, -33.25623777868698 ], [ -70.813704252008094, -33.256223991763491 ], [ -70.813695297808934, -33.25621033289427 ], [ -70.81368606381001, -33.256196806164333 ], [ -70.813676552773074, -33.256183415619169 ], [ -70.813666767542756, -33.256170165263541 ], [ -70.813656711045653, -33.256157059060278 ], [ -70.813646386289548, -33.256144100929092 ], [ -70.813635796362405, -33.256131294745423 ], [ -70.813624944431467, -33.256118644339253 ], [ -70.813613833742409, -33.256106153493988 ], [ -70.81360246761821, -33.256093825945285 ], [ -70.813590849458279, -33.256081665380009 ], [ -70.813578982737383, -33.256069675435029 ], [ -70.813566871004639, -33.256057859696213 ], [ -70.813554517882423, -33.256046221697325 ], [ -70.813541927065302, -33.256034764918986 ], [ -70.81352910231891, -33.256023492787577 ], [ -70.813516047478885, -33.256012408674309 ], [ -70.813502766449631, -33.256001515894106 ], [ -70.813489263203195, -33.255990817704713 ], [ -70.813475541778118, -33.255980317305649 ], [ -70.813461606278139, -33.255970017837278 ], [ -70.813447460871046, -33.255959922379901 ], [ -70.813433109787397, -33.255950033952779 ], [ -70.813418557319267, -33.255940355513253 ], [ -70.813403807818915, -33.255930889955884 ], [ -70.813388865697547, -33.255921640111531 ], [ -70.813373735423994, -33.255912608746556 ], [ -70.813358421523333, -33.255903798562031 ], [ -70.813342928575551, -33.255895212192762 ], [ -70.813327261214184, -33.255886852206721 ], [ -70.813311424124919, -33.255878721104132 ], [ -70.813295422044206, -33.25587082131679 ], [ -70.812990752144771, -33.255723376144495 ], [ -70.81348277653592, -33.254688349559522 ] ] ] ] } },
{ "type": "Feature", "properties": { "fid": 41, "Arae": 5852.118 }, "geometry": { "type": "MultiPolygon", "coordinates": [ [ [ [ -70.819255102487205, -33.248524527793855 ], [ -70.819280638132426, -33.248474734642741 ], [ -70.819281195633053, -33.248473403889719 ], [ -70.819281780493725, -33.248472081453592 ], [ -70.819282392538796, -33.248470767731476 ], [ -70.81928303158449, -33.248469463117864 ], [ -70.819283697438905, -33.248468168004521 ], [ -70.819284389902109, -33.248466882780328 ], [ -70.819285108766138, -33.248465607831236 ], [ -70.819285853815146, -33.248464343540086 ], [ -70.819286624825381, -33.248463090286513 ], [ -70.819287421565349, -33.248461848446887 ], [ -70.819288243795796, -33.248460618394077 ], [ -70.819289091269795, -33.24845940049746 ], [ -70.819289963732871, -33.24845819512278 ], [ -70.819290860923047, -33.248457002631959 ], [ -70.8192917825709, -33.24845582338309 ], [ -70.819292728399674, -33.248454657730285 ], [ -70.819293698125335, -33.248453506023587 ], [ -70.819294691456719, -33.248452368608802 ], [ -70.819295708095524, -33.248451245827525 ], [ -70.819296747736459, -33.248450138016892 ], [ -70.81929781006734, -33.248449045509531 ], [ -70.819298894769176, -33.248447968633535 ], [ -70.81930000151624, -33.248446907712292 ], [ -70.819301129976182, -33.248445863064347 ], [ -70.819302279810159, -33.248444835003404 ], [ -70.819303450672876, -33.24844382383818 ], [ -70.819304642212757, -33.248442829872289 ], [ -70.819305854071985, -33.248441853404238 ], [ -70.819307085886663, -33.248440894727217 ], [ -70.819308337286898, -33.248439954129118 ], [ -70.819309607896884, -33.248439031892389 ], [ -70.819310897335129, -33.248438128293948 ], [ -70.819312205214388, -33.248437243605153 ], [ -70.81931353114193, -33.248436378091661 ], [ -70.819314874719623, -33.248435532013346 ], [ -70.819316235544008, -33.248434705624312 ], [ -70.819317613206422, -33.248433899172667 ], [ -70.819319007293188, -33.248433112900614 ], [ -70.819320417385683, -33.248432347044243 ], [ -70.819321843060479, -33.248431601833524 ], [ -70.819323283889474, -33.248430877492247 ], [ -70.819324739439992, -33.248430174237896 ], [ -70.819326209274962, -33.248429492281673 ], [ -70.81932769295301, -33.248428831828356 ], [ -70.819329190028625, -33.248428193076244 ], [ -70.819330700052248, -33.248427576217189 ], [ -70.819332222570438, -33.248426981436374 ], [ -70.819333757126003, -33.248426408912458 ], [ -70.819335303258143, -33.248425858817299 ], [ -70.819336860502574, -33.248425331316106 ], [ -70.819338428391688, -33.248424826567316 ], [ -70.819340006454667, -33.248424344722459 ], [ -70.819341594217647, -33.248423885926229 ], [ -70.819343191203842, -33.248423450316395 ], [ -70.819344796933692, -33.248423038023795 ], [ -70.81934641092505, -33.248422649172198 ], [ -70.819348032693227, -33.248422283878362 ], [ -70.819349661751247, -33.248421942252008 ], [ -70.819351297609941, -33.248421624395725 ], [ -70.819352939778042, -33.248421330404931 ], [ -70.819354587762476, -33.248421060367932 ], [ -70.819356241068363, -33.248420814365787 ], [ -70.819357899199233, -33.248420592472414 ], [ -70.81935956165718, -33.248420394754412 ], [ -70.819361227943006, -33.248420221271139 ], [ -70.819362897556346, -33.248420072074722 ], [ -70.819364569995813, -33.248419947209946 ], [ -70.819366244759237, -33.248419846714306 ], [ -70.819367921343698, -33.248419770617978 ], [ -70.819369599245718, -33.248419718943822 ], [ -70.819371277961494, -33.248419691707348 ], [ -70.819372956986896, -33.248419688916734 ], [ -70.81937463581778, -33.248419710572797 ], [ -70.819376313949974, -33.248419756669065 ], [ -70.819377990879588, -33.248419827191711 ], [ -70.819379666103046, -33.248419922119524 ], [ -70.819381339117328, -33.248420041423998 ], [ -70.819383009420022, -33.248420185069328 ], [ -70.819384676509614, -33.248420353012364 ], [ -70.819386339885426, -33.248420545202677 ], [ -70.819387999048061, -33.248420761582565 ], [ -70.819389653499215, -33.248421002087042 ], [ -70.819391302742133, -33.248421266643902 ], [ -70.819392946281567, -33.248421555173685 ], [ -70.819394583623961, -33.248421867589755 ], [ -70.819396214277674, -33.248422203798306 ], [ -70.81939783775303, -33.248422563698369 ], [ -70.819399453562539, -33.248422947181894 ], [ -70.819401061220972, -33.248423354133706 ], [ -70.819402660245601, -33.248423784431594 ], [ -70.819404250156254, -33.248424237946352 ], [ -70.819405830475503, -33.248424714541834 ], [ -70.819407400728807, -33.248425214074864 ], [ -70.819408960444619, -33.24842573639549 ], [ -70.819410509154622, -33.248426281346859 ], [ -70.819412046393737, -33.248426848765298 ], [ -70.819413571700338, -33.248427438480448 ], [ -70.819415084616438, -33.248428050315219 ], [ -70.819416584687701, -33.248428684085894 ], [ -70.819418071463687, -33.248429339602154 ], [ -70.822084598900361, -33.249234280768221 ], [ -70.823231818236593, -33.249654229020976 ], [ -70.823167526898501, -33.249778225081506 ], [ -70.822025190338678, -33.24936006419928 ], [ -70.819255102487205, -33.248524527793855 ] ] ] ] } },
{ "type": "Feature", "properties": { "fid": 42, "Arae": 2162.955 }, "geometry": { "type": "MultiPolygon", "coordinates": [ [ [ [ -70.823345619199458, -33.249843415779011 ], [ -70.823409910324656, -33.249719419634637 ], [ -70.824451908258979, -33.250106681989536 ], [ -70.824476152184403, -33.250115827153948 ], [ -70.824500204001581, -33.250125323690668 ], [ -70.824524056497822, -33.250135168751889 ], [ -70.824547702520192, -33.250145359385264 ], [ -70.824571134977674, -33.250155892534828 ], [ -70.82459434684327, -33.250166765041882 ], [ -70.824617331156162, -33.250177973646004 ], [ -70.82464008102373, -33.250189514985912 ], [ -70.824662589623671, -33.250201385600612 ], [ -70.824684850206012, -33.250213581930318 ], [ -70.824706856095162, -33.250226100317605 ], [ -70.82472860069187, -33.250238937008426 ], [ -70.824750077475287, -33.250252088153324 ], [ -70.824771280004811, -33.250265549808482 ], [ -70.824792201922094, -33.250279317937064 ], [ -70.824812836952958, -33.250293388410221 ], [ -70.824833178909188, -33.250307757008493 ], [ -70.824853221690532, -33.250322419423021 ], [ -70.824872959286353, -33.250337371256798 ], [ -70.824892385777574, -33.250352608026034 ], [ -70.824911495338412, -33.250368125161515 ], [ -70.824930282238128, -33.250383918009938 ], [ -70.824948740842657, -33.250399981835294 ], [ -70.82496686561646, -33.250416311820345 ], [ -70.824984651124055, -33.250432903068017 ], [ -70.825002092031696, -33.250449750602868 ], [ -70.823345619199458, -33.249843415779011 ] ] ] ] } },
{ "type": "Feature", "properties": { "fid": 43, "Arae": 26357.044 }, "geometry": { "type": "MultiPolygon", "coordinates": [ [ [ [ -70.816871361264461, -33.251564091021081 ], [ -70.817001238299326, -33.25147760188495 ], [ -70.818445675379806, -33.251618472250385 ], [ -70.81845489524764, -33.251619302252379 ], [ -70.818464096668592, -33.251620265994504 ], [ -70.818473276894863, -33.25162136318896 ], [ -70.818482433184997, -33.25162259350811 ], [ -70.818491562804624, -33.251623956584524 ], [ -70.818500663027422, -33.25162545201114 ], [ -70.818509731135777, -33.251627079341411 ], [ -70.818518764421697, -33.251628838089346 ], [ -70.818527760187607, -33.251630727729733 ], [ -70.818536715747101, -33.251632747698267 ], [ -70.818545628425781, -33.251634897391739 ], [ -70.818554495562083, -33.251637176168188 ], [ -70.818563314508026, -33.251639583347107 ], [ -70.818572082629998, -33.251642118209617 ], [ -70.818580797309593, -33.251644779998749 ], [ -70.818589455944377, -33.25164756791964 ], [ -70.818598055948584, -33.251650481139698 ], [ -70.818606594754058, -33.25165351878897 ], [ -70.818615069810832, -33.251656679960334 ], [ -70.818623478588009, -33.251659963709777 ], [ -70.818631818574474, -33.251663369056629 ], [ -70.81864008727969, -33.251666894983998 ], [ -70.818648282234335, -33.251670540438944 ], [ -70.818656400991173, -33.251674304332802 ], [ -70.818664441125705, -33.251678185541579 ], [ -70.818672400236906, -33.251682182906229 ], [ -70.818680275947926, -33.251686295233014 ], [ -70.818688065906869, -33.251690521293902 ], [ -70.818695767787389, -33.251694859826834 ], [ -70.818703379289488, -33.251699309536207 ], [ -70.818710898140125, -33.251703869093227 ], [ -70.818718322093957, -33.251708537136253 ], [ -70.820910976676146, -33.253112190059319 ], [ -70.820744711811827, -33.253357828678567 ], [ -70.82071709450274, -33.253397830541239 ], [ -70.820688667303031, -33.253437429878964 ], [ -70.820659438520195, -33.253476615117819 ], [ -70.820629416696036, -33.253515374804778 ], [ -70.820598610604208, -33.253553697611288 ], [ -70.820567029247599, -33.253591572336383 ], [ -70.818967006048354, -33.25237824782495 ], [ -70.818960154722305, -33.252373140701771 ], [ -70.818953200645396, -33.252368132577395 ], [ -70.818946145843782, -33.252363224910937 ], [ -70.818938992372864, -33.25235841913225 ], [ -70.818931742316849, -33.252353716641487 ], [ -70.818924397788066, -33.25234911880878 ], [ -70.818916960926373, -33.252344626973688 ], [ -70.818909433898526, -33.252340242444916 ], [ -70.818901818897558, -33.252335966499899 ], [ -70.818894118142111, -33.252331800384454 ], [ -70.818886333875824, -33.252327745312392 ], [ -70.818878468366663, -33.252323802465135 ], [ -70.818870523906284, -33.252319972991472 ], [ -70.818862502809296, -33.252316258007113 ], [ -70.818854407412701, -33.252312658594427 ], [ -70.818846240075089, -33.252309175802111 ], [ -70.81883800317604, -33.25230581064487 ], [ -70.818829699115398, -33.252302564103175 ], [ -70.818821330312559, -33.2522994371229 ], [ -70.818812899205795, -33.252296430615068 ], [ -70.818804408251523, -33.252293545455665 ], [ -70.818795859923597, -33.252290782485282 ], [ -70.818787256712596, -33.252288142508881 ], [ -70.818778601125075, -33.252285626295688 ], [ -70.818769895682848, -33.252283234578748 ], [ -70.81876114292227, -33.252280968054933 ], [ -70.818752345393449, -33.252278827384572 ], [ -70.818743505659583, -33.252276813191351 ], [ -70.818734626296148, -33.252274926062121 ], [ -70.818725709890117, -33.252273166546701 ], [ -70.818716759039319, -33.252271535157718 ], [ -70.818707776351602, -33.252270032370497 ], [ -70.818698764444065, -33.252268658622846 ], [ -70.818689725942363, -33.252267414315064 ], [ -70.818680663479853, -33.252266299809641 ], [ -70.818671579696897, -33.252265315431274 ], [ -70.816133547750709, -33.25200873352027 ], [ -70.816871361264461, -33.251564091021081 ] ] ] ] } },
{ "type": "Feature", "properties": { "fid": 44, "Arae": 23160.79 }, "geometry": { "type": "MultiPolygon", "coordinates": [ [ [ [ -70.818653920219703, -33.249696784227218 ], [ -70.818767890207909, -33.249474554548364 ], [ -70.818898734639092, -33.249219420003918 ], [ -70.8201723268362, -33.2493508376973 ], [ -70.820190859050101, -33.249352887685646 ], [ -70.820209345958276, -33.249355208577185 ], [ -70.820227781952028, -33.249357799667791 ], [ -70.820246161438106, -33.249360660171355 ], [ -70.820264478840372, -33.24936378922002 ], [ -70.820282728601541, -33.249367185864486 ], [ -70.820300905184894, -33.249370849074232 ], [ -70.820319003075824, -33.249374777737877 ], [ -70.820337016783668, -33.249378970663507 ], [ -70.820354940843245, -33.249383426579037 ], [ -70.820372769816643, -33.249388144132595 ], [ -70.820390498294714, -33.249393121892908 ], [ -70.820408120898847, -33.249398358349787 ], [ -70.820425632282536, -33.249403851914551 ], [ -70.820443027133024, -33.249409600920508 ], [ -70.820460300172883, -33.249415603623476 ], [ -70.820477446161675, -33.24942185820229 ], [ -70.820494459897446, -33.249428362759389 ], [ -70.820511336218445, -33.249435115321354 ], [ -70.820528070004528, -33.249442113839535 ], [ -70.820544656178839, -33.249449356190652 ], [ -70.820561089709273, -33.249456840177452 ], [ -70.820577365610063, -33.249464563529365 ], [ -70.820593478943252, -33.249472523903229 ], [ -70.820609424820177, -33.249480718883952 ], [ -70.820625198403008, -33.249489145985244 ], [ -70.82064079490614, -33.24949780265041 ], [ -70.820656209597743, -33.249506686253127 ], [ -70.82067143780111, -33.24951579409818 ], [ -70.820686474896092, -33.249525123422352 ], [ -70.820701316320566, -33.249534671395239 ], [ -70.820715957571736, -33.249544435120043 ], [ -70.820730394207516, -33.249554411634591 ], [ -70.822484115185205, -33.250787969229826 ], [ -70.822131921924026, -33.251308326322487 ], [ -70.822118160199111, -33.25129913483196 ], [ -70.822104579523355, -33.25128975516197 ], [ -70.822091183541303, -33.251280189829671 ], [ -70.822077975847876, -33.251270441402077 ], [ -70.8220649599875, -33.251260512495278 ], [ -70.822052139453064, -33.251250405773831 ], [ -70.822039517685084, -33.251240123950033 ], [ -70.82202709807072, -33.2512296697831 ], [ -70.82201488394287, -33.251219046078582 ], [ -70.822002878579269, -33.251208255687487 ], [ -70.821084647666339, -33.250369269300172 ], [ -70.821072203212907, -33.250358090596038 ], [ -70.821059534711949, -33.250347090994936 ], [ -70.821046645814249, -33.250336273666633 ], [ -70.821033540233998, -33.250325641728317 ], [ -70.821020221747915, -33.250315198243783 ], [ -70.821006694193983, -33.250304946222492 ], [ -70.820992961470523, -33.250294888618775 ], [ -70.820979027534889, -33.250285028330886 ], [ -70.820964896402458, -33.250275368200249 ], [ -70.820950572145421, -33.250265911010594 ], [ -70.820936058891604, -33.250256659487178 ], [ -70.82092136082332, -33.250247616296015 ], [ -70.820906482176099, -33.250238784043013 ], [ -70.820891427237541, -33.250230165273365 ], [ -70.820876200346021, -33.250221762470701 ], [ -70.820860805889481, -33.250213578056446 ], [ -70.820845248304096, -33.250205614389095 ], [ -70.820829532073134, -33.250197873763497 ], [ -70.820813661725467, -33.250190358410237 ], [ -70.82079764183446, -33.250183070494998 ], [ -70.820781477016538, -33.250176012117933 ], [ -70.820765171929907, -33.25016918531302 ], [ -70.820748731273127, -33.250162592047502 ], [ -70.820732159783901, -33.250156234221372 ], [ -70.820715462237558, -33.250150113666706 ], [ -70.820698643445823, -33.250144232147292 ], [ -70.820681708255307, -33.250138591357945 ], [ -70.820664661546175, -33.250133192924181 ], [ -70.820647508230721, -33.250128038401641 ], [ -70.820630253251949, -33.250123129275686 ], [ -70.820612901582194, -33.25011846696097 ], [ -70.820595458221604, -33.250114052800996 ], [ -70.820577928196769, -33.250109888067819 ], [ -70.820560316559266, -33.250105973961539 ], [ -70.818653920219703, -33.249696784227218 ] ] ] ] } },
{ "type": "Feature", "properties": { "fid": 45, "Arae": 29135.553 }, "geometry": { "type": "MultiPolygon", "coordinates": [ [ [ [ -70.826740634847951, -33.253927052513632 ], [ -70.82677387199989, -33.25377359761324 ], [ -70.826782183302242, -33.253776994946115 ], [ -70.826790563018818, -33.253780271496169 ], [ -70.826799008663329, -33.253783426291264 ], [ -70.826807517729989, -33.253786458395354 ], [ -70.826816087694141, -33.25378936690884 ], [ -70.826824716013093, -33.253792150968749 ], [ -70.826833400126816, -33.253794809749053 ], [ -70.826842137458726, -33.253797342460899 ], [ -70.826850925416466, -33.253799748352812 ], [ -70.826859761392654, -33.253802026711007 ], [ -70.826868642765646, -33.253804176859454 ], [ -70.826877566900322, -33.253806198160206 ], [ -70.826886531148915, -33.253808090013578 ], [ -70.826895532851722, -33.253809851858215 ], [ -70.826904569337913, -33.253811483171404 ], [ -70.826913637926395, -33.253812983469125 ], [ -70.826922735926487, -33.25381435230625 ], [ -70.826931860638823, -33.253815589276641 ], [ -70.826941009356091, -33.253816694013295 ], [ -70.826950179363848, -33.253817666188411 ], [ -70.82695936794137, -33.253818505513571 ], [ -70.826968572362389, -33.253819211739753 ], [ -70.826977789895935, -33.253819784657402 ], [ -70.826987017807184, -33.253820224096543 ], [ -70.826996253358175, -33.253820529926791 ], [ -70.827005493808755, -33.253820702057418 ], [ -70.827014736417254, -33.253820740437341 ], [ -70.828044338046482, -33.253817561125189 ], [ -70.828062952850715, -33.253817367903267 ], [ -70.828081560864831, -33.253816903415043 ], [ -70.828100156489299, -33.25381616780026 ], [ -70.828118734128367, -33.253815161280301 ], [ -70.828137288191684, -33.253813884158049 ], [ -70.828155813095975, -33.253812336817845 ], [ -70.828174303266763, -33.253810519725285 ], [ -70.828192753140016, -33.253808433427196 ], [ -70.828211157163835, -33.253806078551378 ], [ -70.82822950980011, -33.253803455806441 ], [ -70.828247805526189, -33.25380056598167 ], [ -70.828266038836574, -33.253797409946635 ], [ -70.828284204244511, -33.253793988651054 ], [ -70.828302296283738, -33.253790303124489 ], [ -70.828320309510019, -33.253786354475963 ], [ -70.82833823850288, -33.253782143893702 ], [ -70.828356077867141, -33.253777672644752 ], [ -70.828373822234639, -33.253772942074612 ], [ -70.828391466265828, -33.253767953606804 ], [ -70.828409004651277, -33.2537627087424 ], [ -70.828426432113403, -33.253757209059771 ], [ -70.828443743407988, -33.253751456213791 ], [ -70.8284609333258, -33.253745451935643 ], [ -70.828477996694104, -33.253739198032108 ], [ -70.828494928378262, -33.253732696385107 ], [ -70.828511723283242, -33.253725948951107 ], [ -70.828528376355237, -33.253718957760519 ], [ -70.82854488258306, -33.253711724917139 ], [ -70.828561236999747, -33.253704252597451 ], [ -70.828577434683993, -33.253696543050005 ], [ -70.828593470761717, -33.253688598594742 ], [ -70.828609340407397, -33.253680421622292 ], [ -70.828625038845658, -33.253672014593263 ], [ -70.828640561352628, -33.253663380037452 ], [ -70.828655903257342, -33.253654520553162 ], [ -70.828671059943289, -33.253645438806338 ], [ -70.828686026849567, -33.253636137529853 ], [ -70.828700799472486, -33.253626619522628 ], [ -70.828715373366762, -33.253616887648775 ], [ -70.828729744146983, -33.253606944836775 ], [ -70.828743907488771, -33.253596794078611 ], [ -70.828757859130249, -33.253586438428776 ], [ -70.828771594873217, -33.253575881003485 ], [ -70.828785110584477, -33.253565124979616 ], [ -70.828798402196981, -33.253554173593834 ], [ -70.828811465711183, -33.2535430301416 ], [ -70.828824297196164, -33.253531697976129 ], [ -70.828836892790818, -33.253520180507479 ], [ -70.828849248705041, -33.253508481201415 ], [ -70.828861361220831, -33.253496603578427 ], [ -70.828873226693474, -33.253484551212701 ], [ -70.828884841552565, -33.253472327730954 ], [ -70.828896202303127, -33.253459936811439 ], [ -70.828907305526684, -33.253447382182728 ], [ -70.828918147882192, -33.253434667622727 ], [ -70.828928726107137, -33.253421796957426 ], [ -70.828939037018557, -33.253408774059793 ], [ -70.828949077513826, -33.253395602848592 ], [ -70.828958844571758, -33.253382287287231 ], [ -70.828968335253435, -33.253368831382559 ], [ -70.828977546703129, -33.253355239183641 ], [ -70.828986476149097, -33.253341514780551 ], [ -70.828995120904494, -33.25332766230315 ], [ -70.829003478368136, -33.253313685919821 ], [ -70.829011546025285, -33.253299589836274 ], [ -70.829019321448442, -33.253285378294159 ], [ -70.829026802298003, -33.253271055569954 ], [ -70.829033986323054, -33.253256625973535 ], [ -70.829040871361983, -33.253242093846929 ], [ -70.82904745534313, -33.253227463563078 ], [ -70.829053736285431, -33.253212739524386 ], [ -70.829256885478799, -33.25272317809489 ], [ -70.829259879451527, -33.252715756105609 ], [ -70.82926271942776, -33.252708291512874 ], [ -70.829265404549417, -33.252700786572142 ], [ -70.82926793400523, -33.252693243551008 ], [ -70.829270307030981, -33.252685664728659 ], [ -70.829272522909676, -33.252678052394991 ], [ -70.829274580971813, -33.252670408850115 ], [ -70.82927648059561, -33.252662736403536 ], [ -70.829278221207119, -33.252655037373486 ], [ -70.829279802280482, -33.252647314086225 ], [ -70.829281223338, -33.252639568875367 ], [ -70.829282483950337, -33.25263180408114 ], [ -70.829283583736654, -33.252624022049687 ], [ -70.829284522364674, -33.252616225132329 ], [ -70.829285299550847, -33.252608415684925 ], [ -70.829285915060382, -33.252600596067111 ], [ -70.829286368707358, -33.252592768641584 ], [ -70.82928666035474, -33.252584935773406 ], [ -70.829286789914448, -33.252577099829267 ], [ -70.82928675734739, -33.252569263176831 ], [ -70.829286562663427, -33.25256142818391 ], [ -70.829286205921449, -33.252553597217869 ], [ -70.829285687229287, -33.252545772644837 ], [ -70.829285006743689, -33.252537956828995 ], [ -70.829284164670327, -33.252530152131904 ], [ -70.82928316126366, -33.252522360911755 ], [ -70.829281996826921, -33.252514585522647 ], [ -70.829280671711984, -33.252506828313926 ], [ -70.829279186319269, -33.252499091629424 ], [ -70.829277541097625, -33.252491377806763 ], [ -70.829275736544218, -33.252483689176699 ], [ -70.829273773204335, -33.252476028062318 ], [ -70.829271651671192, -33.252468396778461 ], [ -70.829269372585912, -33.252460797630867 ], [ -70.829266936637097, -33.252453232915649 ], [ -70.829264344560855, -33.252445704918458 ], [ -70.829261597140416, -33.252438215913855 ], [ -70.829258695205922, -33.2524307681647 ], [ -70.829255639634255, -33.252423363921245 ], [ -70.829252431348664, -33.252416005420727 ], [ -70.829249071318586, -33.252408694886462 ], [ -70.829245560559272, -33.252401434527371 ], [ -70.829241900131549, -33.252394226537106 ], [ -70.82923809114142, -33.252387073093594 ], [ -70.829234134739835, -33.252379976358235 ], [ -70.829230032122211, -33.252372938475261 ], [ -70.829225784528205, -33.252365961571186 ], [ -70.829221393241255, -33.252359047754055 ], [ -70.8292168595882, -33.252352199112885 ], [ -70.82921218493891, -33.25234541771696 ], [ -70.829207370705845, -33.252338705615266 ], [ -70.829202418343684, -33.252332064835869 ], [ -70.829197329348759, -33.252325497385243 ], [ -70.829192105258741, -33.252319005247756 ], [ -70.829186747652116, -33.25231259038496 ], [ -70.829181258147685, -33.252306254735146 ], [ -70.829175638404138, -33.25230000021255 ], [ -70.829169890119474, -33.252293828706989 ], [ -70.829164015030557, -33.252287742083176 ], [ -70.829158014912551, -33.252281742180159 ], [ -70.829151891578405, -33.252275830810802 ], [ -70.829145646878288, -33.252270009761219 ], [ -70.829139282699032, -33.2522642807902 ], [ -70.829132800963606, -33.25225864562875 ], [ -70.829126203630437, -33.252253105979527 ], [ -70.829119492692925, -33.252247663516293 ], [ -70.829112670178787, -33.2522423198835 ], [ -70.829105738149437, -33.2522370766957 ], [ -70.829098698699369, -33.252231935537125 ], [ -70.829091553955578, -33.25222689796113 ], [ -70.829084306076837, -33.252221965489831 ], [ -70.829076957253065, -33.252217139613542 ], [ -70.828308892097766, -33.251721730234109 ], [ -70.828287453905119, -33.251710260975379 ], [ -70.8284013105974, -33.251610831184564 ], [ -70.82964884621191, -33.252447120688316 ], [ -70.829757871748896, -33.252532914549313 ], [ -70.829865133322514, -33.252620264042761 ], [ -70.82997059949129, -33.252709143567913 ], [ -70.830074239339709, -33.252799527075517 ], [ -70.830176022487237, -33.252891388075462 ], [ -70.830275919097218, -33.252984699644514 ], [ -70.830373899885615, -33.253079434434255 ], [ -70.83046993612966, -33.253175564679061 ], [ -70.830563999676201, -33.253273062204222 ], [ -70.830656062949984, -33.253371898434231 ], [ -70.830746098961711, -33.253472044401114 ], [ -70.830834081316013, -33.253573470752933 ], [ -70.830919984219193, -33.253676147762434 ], [ -70.831003782486675, -33.253780045335667 ], [ -70.831085451550521, -33.253885133020887 ], [ -70.830983993827985, -33.254003478030562 ], [ -70.830909533526835, -33.253903843079037 ], [ -70.830833401290889, -33.253805104137243 ], [ -70.830755612395961, -33.253707281010108 ], [ -70.830676182450105, -33.25361039331878 ], [ -70.830595127390268, -33.253514460496739 ], [ -70.830592374681004, -33.253511308897444 ], [ -70.83058955733857, -33.253508197878745 ], [ -70.830586676210245, -33.253505128376233 ], [ -70.830583732162523, -33.253502101313011 ], [ -70.830580726080768, -33.253499117599446 ], [ -70.830577658869032, -33.253496178132821 ], [ -70.830574531449741, -33.253493283797148 ], [ -70.830571344763413, -33.253490435462872 ], [ -70.830568099768442, -33.253487633986587 ], [ -70.830564797440687, -33.253484880210785 ], [ -70.830561438773302, -33.253482174963644 ], [ -70.830558024776352, -33.253479519058715 ], [ -70.830554556476557, -33.253476913294733 ], [ -70.830551034916979, -33.25347435845535 ], [ -70.830547461156655, -33.253471855308874 ], [ -70.83054383627038, -33.253469404608126 ], [ -70.830540161348267, -33.253467007090094 ], [ -70.830536437495496, -33.253464663475818 ], [ -70.830532665831981, -33.253462374470089 ], [ -70.830528847492005, -33.253460140761291 ], [ -70.830524983623889, -33.253457963021212 ], [ -70.830521075389598, -33.253455841904746 ], [ -70.830517123964526, -33.253453778049803 ], [ -70.830513130536985, -33.253451772077049 ], [ -70.830509096307964, -33.253449824589751 ], [ -70.830505022490684, -33.2534479361736 ], [ -70.830500910310306, -33.253446107396506 ], [ -70.830496761003502, -33.25344433880845 ], [ -70.830492575818127, -33.253442630941294 ], [ -70.830488356012793, -33.253440984308675 ], [ -70.830484102856587, -33.253439399405806 ], [ -70.830479817628543, -33.253437876709285 ], [ -70.830475501617414, -33.253436416677069 ], [ -70.830471156121163, -33.253435019748224 ], [ -70.830466782446663, -33.253433686342888 ], [ -70.8304623819092, -33.253432416862026 ], [ -70.830457955832202, -33.253431211687435 ], [ -70.830453505546728, -33.253430071181555 ], [ -70.830449032391158, -33.253428995687379 ], [ -70.830444537710704, -33.25342798552834 ], [ -70.830426514625856, -33.253424214767151 ], [ -70.830408416571444, -33.253420706636099 ], [ -70.830390248968257, -33.253417462185986 ], [ -70.830372017257901, -33.2534144823886 ], [ -70.830353726901166, -33.253411768136452 ], [ -70.830335383376465, -33.253409320242525 ], [ -70.830316992178084, -33.253407139440036 ], [ -70.830298558814576, -33.253405226382206 ], [ -70.8302800888072, -33.253403581641997 ], [ -70.830261587688113, -33.253402205712092 ], [ -70.830243060998811, -33.253401099004606 ], [ -70.830224514288474, -33.253400261851034 ], [ -70.830205953112227, -33.253399694502107 ], [ -70.830187383029596, -33.253399397127801 ], [ -70.830168809602696, -33.253399369817167 ], [ -70.830150238394722, -33.253399612578391 ], [ -70.830131674968143, -33.253400125338779 ], [ -70.830113124883141, -33.253400907944744 ], [ -70.830094593695875, -33.253401960161888 ], [ -70.830076086956851, -33.253403281675048 ], [ -70.830057610209266, -33.253404872088424 ], [ -70.830039168987327, -33.253406730925633 ], [ -70.830020768814563, -33.253408857629942 ], [ -70.830002415202287, -33.253411251564323 ], [ -70.829984113647825, -33.253413912011787 ], [ -70.829965869632872, -33.253416838175461 ], [ -70.829947688621971, -33.253420029178876 ], [ -70.829929576060749, -33.253423484066282 ], [ -70.829911537374329, -33.253427201802864 ], [ -70.829893577965734, -33.253431181275076 ], [ -70.829875703214228, -33.25343542129098 ], [ -70.829857918473721, -33.253439920580611 ], [ -70.829840229071138, -33.253444677796303 ], [ -70.829822640304926, -33.253449691513204 ], [ -70.829805157443317, -33.253454960229568 ], [ -70.829787785722871, -33.253460482367302 ], [ -70.829770530346835, -33.253466256272404 ], [ -70.829753396483625, -33.253472280215469 ], [ -70.829736389265264, -33.253478552392174 ], [ -70.829719513785818, -33.25348507092388 ], [ -70.829702775099946, -33.253491833858114 ], [ -70.829686178221309, -33.253498839169239 ], [ -70.829669728121104, -33.253506084758989 ], [ -70.829653429726548, -33.253513568457173 ], [ -70.829637287919454, -33.253521288022228 ], [ -70.829621307534723, -33.253529241141933 ], [ -70.829605493358912, -33.253537425434182 ], [ -70.829589850128798, -33.2535458384476 ], [ -70.829574382529927, -33.253554477662242 ], [ -70.829559095195336, -33.253563340490487 ], [ -70.829543992703947, -33.253572424277706 ], [ -70.82952907957943, -33.253581726303082 ], [ -70.829514360288684, -33.253591243780427 ], [ -70.829499839240555, -33.253600973859029 ], [ -70.829485520784544, -33.253610913624492 ], [ -70.829471409209432, -33.253621060099618 ], [ -70.829457508742081, -33.253631410245283 ], [ -70.829443823546114, -33.253641960961374 ], [ -70.829430357720653, -33.253652709087653 ], [ -70.829417115299151, -33.253663651404821 ], [ -70.829404100248141, -33.253674784635365 ], [ -70.82939131646603, -33.253686105444615 ], [ -70.829378767782018, -33.253697610441684 ], [ -70.829366457954805, -33.253709296180524 ], [ -70.829354390671654, -33.253721159160982 ], [ -70.829342569547109, -33.253733195829781 ], [ -70.829330998122003, -33.253745402581593 ], [ -70.829319679862408, -33.253757775760228 ], [ -70.829308618158535, -33.253770311659551 ], [ -70.829297816323788, -33.25378300652477 ], [ -70.829287277593693, -33.253795856553403 ], [ -70.82927700512505, -33.253808857896544 ], [ -70.829267001994808, -33.253822006659924 ], [ -70.829257271199324, -33.253835298905152 ], [ -70.829247815653375, -33.25384873065083 ], [ -70.829238638189267, -33.253862297873781 ], [ -70.829208402114361, -33.253907910778977 ], [ -70.829199164617364, -33.253921564957437 ], [ -70.829189645456921, -33.253935081879959 ], [ -70.82917984752109, -33.253948457445368 ], [ -70.829169773782496, -33.253961687595449 ], [ -70.829159427297469, -33.253974768316041 ], [ -70.829148811205087, -33.253987695638386 ], [ -70.82913792872624, -33.254000465640196 ], [ -70.829126783162636, -33.254013074446988 ], [ -70.829115377895803, -33.254025518233114 ], [ -70.829103716386101, -33.254037793223041 ], [ -70.829091802171604, -33.254049895692432 ], [ -70.829079638867086, -33.254061821969294 ], [ -70.829067230162877, -33.254073568435096 ], [ -70.829054579823818, -33.254085131525827 ], [ -70.829041691688005, -33.254096507733173 ], [ -70.829028569665752, -33.254107693605462 ], [ -70.829015217738274, -33.254118685748807 ], [ -70.829001639956601, -33.254129480828098 ], [ -70.828987840440263, -33.254140075568003 ], [ -70.828973823376103, -33.254150466753963 ], [ -70.828959593016918, -33.254160651233178 ], [ -70.828945153680294, -33.254170625915613 ], [ -70.828930509747153, -33.254180387774802 ], [ -70.828915665660602, -33.254189933848934 ], [ -70.828900625924362, -33.254199261241617 ], [ -70.828885395101594, -33.254208367122828 ], [ -70.828869977813426, -33.254217248729752 ], [ -70.828854378737574, -33.254225903367583 ], [ -70.828838602606879, -33.254234328410455 ], [ -70.828822654207954, -33.254242521302089 ], [ -70.828806538379666, -33.254250479556653 ], [ -70.828790260011644, -33.25425820075958 ], [ -70.828773824042926, -33.254265682568118 ], [ -70.828757235460301, -33.254272922712218 ], [ -70.828740499296885, -33.254279918995138 ], [ -70.828723620630569, -33.254286669294139 ], [ -70.828706604582493, -33.254293171561073 ], [ -70.828689456315502, -33.254299423823106 ], [ -70.828672181032545, -33.254305424183194 ], [ -70.828654783975097, -33.25431117082077 ], [ -70.828637270421581, -33.254316661992249 ], [ -70.828619645685833, -33.254321896031506 ], [ -70.828601915115343, -33.254326871350507 ], [ -70.828584084089769, -33.254331586439648 ], [ -70.828566158019228, -33.254336039868335 ], [ -70.828548142342683, -33.254340230285322 ], [ -70.828530042526296, -33.254344156419187 ], [ -70.828511864061738, -33.254347817078703 ], [ -70.82849361246457, -33.254351211153157 ], [ -70.828475293272547, -33.254354337612746 ], [ -70.828456912043904, -33.254357195508859 ], [ -70.828438474355721, -33.254359783974387 ], [ -70.828419985802199, -33.254362102223936 ], [ -70.828401451993003, -33.254364149554121 ], [ -70.828382878551508, -33.254365925343734 ], [ -70.828364271113117, -33.254367429054014 ], [ -70.828345635323544, -33.254368660228678 ], [ -70.828326976837104, -33.254369618494181 ], [ -70.828308301315033, -33.254370303559753 ], [ -70.828289614423696, -33.254370715217561 ], [ -70.828270921832925, -33.25437085334265 ], [ -70.828252229214286, -33.254370717893138 ], [ -70.828233542239346, -33.254370308910119 ], [ -70.828214866577937, -33.254369626517665 ], [ -70.828196207896511, -33.254368670922823 ], [ -70.828177571856344, -33.254367442415521 ], [ -70.828158964111822, -33.254365941368491 ], [ -70.82700320232253, -33.254264160362084 ], [ -70.826994073535531, -33.254263422606812 ], [ -70.826984931075131, -33.254262816039621 ], [ -70.826975777611793, -33.254262340837656 ], [ -70.826966615819231, -33.25426199713975 ], [ -70.826957448373577, -33.254261785046303 ], [ -70.826948277952596, -33.254261704619232 ], [ -70.826939107234935, -33.254261755882069 ], [ -70.826929938899355, -33.254261938819823 ], [ -70.82692077562389, -33.254262253379068 ], [ -70.826911620085085, -33.254262699467922 ], [ -70.826902474957279, -33.254263276956081 ], [ -70.826893342911703, -33.254263985674861 ], [ -70.826884226615817, -33.254264825417252 ], [ -70.826875128732453, -33.254265795937982 ], [ -70.826866051919097, -33.254266896953531 ], [ -70.826856998827054, -33.254268128142343 ], [ -70.826847972100666, -33.254269489144768 ], [ -70.82683897437667, -33.254270979563259 ], [ -70.826830008283238, -33.254272598962487 ], [ -70.826821076439344, -33.254274346869423 ], [ -70.826812181453988, -33.254276222773505 ], [ -70.826803325925326, -33.254278226126793 ], [ -70.826794512440088, -33.254280356344097 ], [ -70.826785743572614, -33.254282612803216 ], [ -70.826777021884297, -33.254284994845037 ], [ -70.82676834992273, -33.254287501773774 ], [ -70.826759730220957, -33.25429013285715 ], [ -70.826751165296784, -33.254292887326649 ], [ -70.826742657651991, -33.254295764377687 ], [ -70.826734209771672, -33.254298763169885 ], [ -70.826725824123415, -33.254301882827342 ], [ -70.826717503156672, -33.254305122438758 ], [ -70.826709249301956, -33.254308481057883 ], [ -70.826701064970209, -33.254311957703671 ], [ -70.826692952552094, -33.254315551360598 ], [ -70.826684914417214, -33.254319260979003 ], [ -70.826676952913488, -33.254323085475242 ], [ -70.826669070366478, -33.254327023732259 ], [ -70.826740634847951, -33.253927052513632 ] ] ] ] } },
{ "type": "Feature", "properties": { "fid": 46, "Arae": 18223.712 }, "geometry": { "type": "MultiPolygon", "coordinates": [ [ [ [ -70.82163607577381, -33.254233945409297 ], [ -70.821618041438668, -33.254230713736852 ], [ -70.82160007585432, -33.254227222197613 ], [ -70.821582184324981, -33.254223471822435 ], [ -70.821564372132968, -33.25421946371857 ], [ -70.821546644537193, -33.254215199069392 ], [ -70.821529006771584, -33.254210679133976 ], [ -70.821511464043539, -33.254205905246806 ], [ -70.821494021532416, -33.254200878817358 ], [ -70.82147668438796, -33.25419560132957 ], [ -70.821459457728807, -33.254190074341651 ], [ -70.821442346640964, -33.254184299485338 ], [ -70.821425356176363, -33.254178278465645 ], [ -70.821408491351235, -33.25417201306022 ], [ -70.821391757144809, -33.254165505118849 ], [ -70.821375158497645, -33.254158756562937 ], [ -70.821358700310398, -33.25415176938499 ], [ -70.821342387442115, -33.25414454564784 ], [ -70.82132622470904, -33.254137087484281 ], [ -70.821310216883035, -33.25412939709625 ], [ -70.821294368690261, -33.254121476754271 ], [ -70.821278684809712, -33.254113328796741 ], [ -70.821263169871855, -33.254104955629273 ], [ -70.821247828457331, -33.254096359723981 ], [ -70.821232665095494, -33.254087543618738 ], [ -70.821217684263146, -33.254078509916368 ], [ -70.821202890383205, -33.254069261284052 ], [ -70.821188287823361, -33.25405980045231 ], [ -70.821173880894818, -33.254050130214388 ], [ -70.821159673851056, -33.25404025342533 ], [ -70.821145670886509, -33.254030173001162 ], [ -70.821131876135325, -33.25401989191802 ], [ -70.820711325147229, -33.253700991603758 ], [ -70.820742155784572, -33.253664582960852 ], [ -70.820772307384289, -33.253627775075287 ], [ -70.820801772624677, -33.253590576886161 ], [ -70.820830544350827, -33.253552997427306 ], [ -70.820858615576228, -33.253515045825154 ], [ -70.820885979484558, -33.253476731296516 ], [ -70.820912629431291, -33.253438063146277 ], [ -70.821066022245418, -33.253211441006883 ], [ -70.822185311272847, -33.253927930512617 ], [ -70.82220017119009, -33.253937273113962 ], [ -70.822215221184337, -33.253946398405802 ], [ -70.822230456754284, -33.253955303658813 ], [ -70.822245873343192, -33.253963986209513 ], [ -70.822261466340123, -33.253972443461059 ], [ -70.822277231081401, -33.253980672883948 ], [ -70.822293162851963, -33.253988672016838 ], [ -70.822309256886797, -33.253996438467247 ], [ -70.822325508372344, -33.254003969912318 ], [ -70.822341912447982, -33.254011264099461 ], [ -70.822358464207383, -33.254018318847052 ], [ -70.822375158700112, -33.254025132045072 ], [ -70.822391990932999, -33.254031701655762 ], [ -70.822408955871694, -33.254038025714195 ], [ -70.822426048442125, -33.254044102328905 ], [ -70.82244326353208, -33.254049929682445 ], [ -70.822460595992695, -33.254055506031889 ], [ -70.82247804063995, -33.254060829709417 ], [ -70.822495592256331, -33.254065899122736 ], [ -70.82251324559229, -33.254070712755656 ], [ -70.822530995367856, -33.254075269168432 ], [ -70.822548836274237, -33.254079566998328 ], [ -70.82256676297537, -33.25408360495986 ], [ -70.822584770109486, -33.254087381845338 ], [ -70.822602852290828, -33.254090896525121 ], [ -70.823525140342724, -33.254263114823331 ], [ -70.823534421622199, -33.254265254068848 ], [ -70.823543744512307, -33.254267261530941 ], [ -70.823553106362539, -33.254269136638868 ], [ -70.823562504511287, -33.254270878859543 ], [ -70.823571936286626, -33.254272487697648 ], [ -70.823581399007125, -33.254273962695791 ], [ -70.823590889982455, -33.254275303434625 ], [ -70.823600406514316, -33.254276509532978 ], [ -70.823609945897175, -33.254277580647944 ], [ -70.823619505418904, -33.254278516475011 ], [ -70.823629082361734, -33.254279316748132 ], [ -70.823638674002893, -33.254279981239769 ], [ -70.823648277615476, -33.254280509761017 ], [ -70.823657890469136, -33.254280902161618 ], [ -70.823667509830912, -33.254281158330024 ], [ -70.823677132965997, -33.254281278193375 ], [ -70.823686757138489, -33.254281261717622 ], [ -70.82369637961223, -33.254281108907456 ], [ -70.82370599765153, -33.254280819806304 ], [ -70.823715608521937, -33.254280394496369 ], [ -70.823725209491045, -33.254279833098558 ], [ -70.823734797829289, -33.254279135772506 ], [ -70.823744370810658, -33.254278302716443 ], [ -70.823753925713561, -33.254277334167199 ], [ -70.823763459821478, -33.254276230400166 ], [ -70.824806091776992, -33.254141953096408 ], [ -70.824425706762412, -33.254634189969536 ], [ -70.824160038404287, -33.25489772214079 ], [ -70.824142863531947, -33.254879551076982 ], [ -70.824131377915705, -33.254867609447793 ], [ -70.824119651961993, -33.25485583385764 ], [ -70.824107689070601, -33.254844227720596 ], [ -70.824095492710001, -33.254832794401601 ], [ -70.824083066416378, -33.254821537215534 ], [ -70.824070413792526, -33.254810459426167 ], [ -70.824057538506906, -33.254799564245282 ], [ -70.824044444292511, -33.254788854831695 ], [ -70.824031134945784, -33.2547783342904 ], [ -70.824017614325584, -33.254768005671565 ], [ -70.824003886351946, -33.254757871969765 ], [ -70.823989955005104, -33.254747936123067 ], [ -70.823975824324208, -33.254738201012138 ], [ -70.823961498406177, -33.254728669459467 ], [ -70.823946981404561, -33.254719344228512 ], [ -70.8239322775283, -33.254710228022944 ], [ -70.823917391040524, -33.25470132348579 ], [ -70.823902326257254, -33.254692633198736 ], [ -70.823887087546282, -33.254684159681318 ], [ -70.823871679325734, -33.254675905390265 ], [ -70.823856106062934, -33.254667872718727 ], [ -70.82384037227304, -33.254660063995594 ], [ -70.823824482517736, -33.254652481484825 ], [ -70.823808441403941, -33.254645127384819 ], [ -70.823792253582425, -33.254638003827715 ], [ -70.823775923746524, -33.25463111287884 ], [ -70.823759456630725, -33.254624456536071 ], [ -70.823742857009293, -33.254618036729255 ], [ -70.823726129694961, -33.254611855319688 ], [ -70.823709279537439, -33.254605914099507 ], [ -70.82369231142205, -33.254600214791274 ], [ -70.823675230268336, -33.254594759047343 ], [ -70.823658041028594, -33.254589548449488 ], [ -70.823640748686444, -33.254584584508422 ], [ -70.823623358255418, -33.254579868663313 ], [ -70.823605874777471, -33.254575402281425 ], [ -70.823588303321543, -33.254571186657678 ], [ -70.82357064898207, -33.254567223014305 ], [ -70.823552916877532, -33.254563512500468 ], [ -70.823535112148917, -33.254560056191949 ], [ -70.823517239958306, -33.254556855090854 ], [ -70.82163607577381, -33.254233945409297 ] ] ] ] } },
{ "type": "Feature", "properties": { "fid": 47, "Arae": 10400.729 }, "geometry": { "type": "MultiPolygon", "coordinates": [ [ [ [ -70.822565349057442, -33.251479107207111 ], [ -70.822547727172946, -33.251475765377897 ], [ -70.822530174737665, -33.251472174786663 ], [ -70.822512696725624, -33.25146833645092 ], [ -70.822495298089748, -33.251464251458387 ], [ -70.822477983760479, -33.251459920966617 ], [ -70.82246075864434, -33.251455346202825 ], [ -70.822443627622604, -33.251450528463408 ], [ -70.822426595549871, -33.251445469113591 ], [ -70.822409667252657, -33.25144016958712 ], [ -70.822392847528107, -33.251434631385756 ], [ -70.822376141142598, -33.251428856078903 ], [ -70.822359552830378, -33.251422845303182 ], [ -70.822343087292225, -33.251416600761935 ], [ -70.822326749194133, -33.251410124224712 ], [ -70.822310543165969, -33.251403417526852 ], [ -70.82229447380017, -33.251396482568886 ], [ -70.822634662572227, -33.250893860578003 ], [ -70.822899757535907, -33.251080320794145 ], [ -70.822913644419586, -33.251089923256558 ], [ -70.822927720880017, -33.251099328831977 ], [ -70.82294198296357, -33.251108534878639 ], [ -70.822956426664561, -33.251117538810888 ], [ -70.822971047926202, -33.251126338099766 ], [ -70.82298584264187, -33.251134930273835 ], [ -70.823000806656196, -33.251143312919758 ], [ -70.823015935766321, -33.251151483683188 ], [ -70.823031225722929, -33.251159440269141 ], [ -70.82304667223157, -33.251167180442877 ], [ -70.823062270953827, -33.251174702030397 ], [ -70.823078017508507, -33.25118200291913 ], [ -70.823093907472867, -33.251189081058456 ], [ -70.823109936383943, -33.251195934460348 ], [ -70.823126099739696, -33.251202561199882 ], [ -70.823142393000339, -33.25120895941582 ], [ -70.823158811589593, -33.251215127311077 ], [ -70.82317535089598, -33.251221063153281 ], [ -70.823192006274098, -33.251226765275234 ], [ -70.823208773045963, -33.251232232075381 ], [ -70.823225646502266, -33.251237462018238 ], [ -70.823242621903788, -33.251242453634902 ], [ -70.823259694482601, -33.251247205523335 ], [ -70.823276859443553, -33.251251716348918 ], [ -70.823294111965495, -33.251255984844676 ], [ -70.825337856643074, -33.251746014756662 ], [ -70.825318023823513, -33.251951310059567 ], [ -70.825308139023107, -33.252014637510776 ], [ -70.825300513938799, -33.252010242320168 ], [ -70.825292799843297, -33.252005958184107 ], [ -70.825284999027545, -33.252001786374919 ], [ -70.82527711380817, -33.251997728131485 ], [ -70.825269146526907, -33.251993784659021 ], [ -70.825261099549863, -33.251989957128636 ], [ -70.825252975266793, -33.251986246677035 ], [ -70.825244776090415, -33.251982654406113 ], [ -70.825236504455674, -33.251979181382673 ], [ -70.825228162819073, -33.251975828638145 ], [ -70.825219753657876, -33.251972597168212 ], [ -70.825211279469386, -33.251969487932506 ], [ -70.82520274277023, -33.251966501854426 ], [ -70.825194146095612, -33.251963639820751 ], [ -70.825185491998525, -33.251960902681446 ], [ -70.825176783049031, -33.251958291249366 ], [ -70.825168021833477, -33.251955806300032 ], [ -70.8251592109537, -33.251953448571435 ], [ -70.825150353026345, -33.251951218763736 ], [ -70.825141450681983, -33.251949117539155 ], [ -70.825132506564401, -33.251947145521704 ], [ -70.825123523329751, -33.25194530329702 ], [ -70.825114503645864, -33.251943591412193 ], [ -70.82487126417432, -33.251899272977248 ], [ -70.822565349057442, -33.251479107207111 ] ] ] ] } },
{ "type": "Feature", "properties": { "fid": 48, "Arae": 42120.309 }, "geometry": { "type": "MultiPolygon", "coordinates": [ [ [ [ -70.80708272619556, -33.257788940255672 ], [ -70.807353993596507, -33.257724496007818 ], [ -70.801481824585053, -33.263733094873508 ], [ -70.800601684473662, -33.262903981048922 ], [ -70.802127001153224, -33.261508592942768 ], [ -70.802386498691263, -33.261240552085468 ], [ -70.803426747408622, -33.261258787105078 ], [ -70.80343607798676, -33.261258882454491 ], [ -70.803445409127718, -33.261258841491014 ], [ -70.803454738010146, -33.261258664227064 ], [ -70.803464061813443, -33.261258350716233 ], [ -70.803473377718461, -33.261257901053305 ], [ -70.803482682908523, -33.261257315374273 ], [ -70.803491974570107, -33.261256593856174 ], [ -70.803501249893856, -33.261255736717203 ], [ -70.803510506075298, -33.261254744216515 ], [ -70.803519740315807, -33.26125361665418 ], [ -70.803528949823317, -33.261252354371145 ], [ -70.803538131813298, -33.261250957749056 ], [ -70.803547283509531, -33.261249427210196 ], [ -70.803556402144935, -33.261247763217341 ], [ -70.803565484962448, -33.261245966273613 ], [ -70.803574529215837, -33.261244036922321 ], [ -70.803583532170521, -33.261241975746834 ], [ -70.803592491104382, -33.261239783370307 ], [ -70.803601403308676, -33.261237460455668 ], [ -70.803610266088725, -33.26123500770526 ], [ -70.803619076764832, -33.261232425860676 ], [ -70.803627832673044, -33.261229715702569 ], [ -70.803636531165978, -33.261226878050358 ], [ -70.803645169613603, -33.261223913762016 ], [ -70.803653745404006, -33.261220823733822 ], [ -70.803662255944303, -33.261217608900068 ], [ -70.803670698661264, -33.261214270232784 ], [ -70.803679071002222, -33.261210808741424 ], [ -70.803687370435739, -33.261207225472589 ], [ -70.803695594452449, -33.261203521509692 ], [ -70.803703740565822, -33.261199697972671 ], [ -70.803711806312805, -33.261195756017578 ], [ -70.8037197892547, -33.261191696836285 ], [ -70.803727686977837, -33.261187521656105 ], [ -70.803735497094337, -33.26118323173943 ], [ -70.803743217242754, -33.261178828383358 ], [ -70.803750845088885, -33.261174312919223 ], [ -70.803758378326435, -33.261169686712343 ], [ -70.803765814677689, -33.261164951161447 ], [ -70.803773151894276, -33.261160107698373 ], [ -70.80378038775774, -33.261155157787542 ], [ -70.803787520080334, -33.261150102925605 ], [ -70.803794546705561, -33.261144944640925 ], [ -70.803801465508911, -33.261139684493109 ], [ -70.803808274398463, -33.261134324072607 ], [ -70.803814971315575, -33.261128865000181 ], [ -70.803821554235384, -33.261123308926386 ], [ -70.803828021167561, -33.261117657531109 ], [ -70.803834370156821, -33.26111191252312 ], [ -70.803840599283546, -33.261106075639404 ], [ -70.803846706664359, -33.2611001486448 ], [ -70.803852690452672, -33.261094133331348 ], [ -70.80708272619556, -33.257788940255672 ] ] ] ] } },
{ "type": "Feature", "properties": { "fid": 49, "Arae": 215976.06 }, "geometry": { "type": "MultiPolygon", "coordinates": [ [ [ [ -70.807353993596507, -33.257724496007818 ], [ -70.807354979347949, -33.257721957549101 ], [ -70.807356017369514, -33.257719433840506 ], [ -70.807357107348736, -33.257716925641702 ], [ -70.807358248957513, -33.257714433707662 ], [ -70.807359441852228, -33.257711958788491 ], [ -70.807360685673771, -33.257709501629144 ], [ -70.807361980047773, -33.257707062969274 ], [ -70.807363324584585, -33.257704643542901 ], [ -70.807364718879498, -33.257702244078317 ], [ -70.807366162512821, -33.257699865297774 ], [ -70.807367655049987, -33.2576975079173 ], [ -70.807369196041748, -33.2576951726465 ], [ -70.807370785024233, -33.257692860188286 ], [ -70.807372421519148, -33.25769057123874 ], [ -70.807374105033887, -33.257688306486862 ], [ -70.807375835061706, -33.257686066614319 ], [ -70.807377611081833, -33.257683852295379 ], [ -70.807379432559671, -33.257681664196554 ], [ -70.807381298946979, -33.257679502976487 ], [ -70.807383209681888, -33.257677369285688 ], [ -70.807385164189299, -33.257675263766437 ], [ -70.807387161880868, -33.257673187052511 ], [ -70.807389202155264, -33.257671139769016 ], [ -70.807391284398363, -33.257669122532214 ], [ -70.807393407983398, -33.257667135949283 ], [ -70.807395572271119, -33.257665180618204 ], [ -70.807397776610074, -33.257663257127561 ], [ -70.807400020336758, -33.257661366056325 ], [ -70.807402302775756, -33.257659507973742 ], [ -70.807404623240046, -33.257657683439078 ], [ -70.807406981031164, -33.257655893001569 ], [ -70.807409375439363, -33.257654137200127 ], [ -70.807411805743925, -33.257652416563246 ], [ -70.807414271213332, -33.257650731608891 ], [ -70.807416771105409, -33.257649082844225 ], [ -70.80741930466769, -33.257647470765512 ], [ -70.807421871137564, -33.257645895858055 ], [ -70.8074244697425, -33.257644358595854 ], [ -70.807427099700277, -33.257642859441674 ], [ -70.807429760219279, -33.257641398846765 ], [ -70.807432450498652, -33.257639977250776 ], [ -70.80743516972862, -33.257638595081616 ], [ -70.807437917090638, -33.257637252755323 ], [ -70.807440691757776, -33.257635950675933 ], [ -70.807443492894805, -33.257634689235417 ], [ -70.807446319658567, -33.257633468813466 ], [ -70.807449171198201, -33.257632289777412 ], [ -70.807452046655357, -33.257631152482183 ], [ -70.80745494516448, -33.257630057270084 ], [ -70.807457865853138, -33.257629004470814 ], [ -70.807460807842162, -33.257627994401233 ], [ -70.807463770246002, -33.25762702736543 ], [ -70.807466752172942, -33.257626103654459 ], [ -70.807469752725396, -33.257625223546356 ], [ -70.807472771000178, -33.257624387306052 ], [ -70.807475806088775, -33.257623595185258 ], [ -70.807478857077598, -33.257622847422418 ], [ -70.807481923048272, -33.25762214424261 ], [ -70.807485003077929, -33.257621485857484 ], [ -70.807488096239453, -33.257620872465225 ], [ -70.807491201601763, -33.257620304250466 ], [ -70.807494318230155, -33.257619781384243 ], [ -70.80749744518647, -33.25761930402394 ], [ -70.807500581529496, -33.257618872313259 ], [ -70.807503726315161, -33.257618486382157 ], [ -70.807506878596868, -33.257618146346765 ], [ -70.807510037425757, -33.257617852309451 ], [ -70.807513201850981, -33.257617604358742 ], [ -70.807516370920041, -33.257617402569259 ], [ -70.807519543679021, -33.257617247001726 ], [ -70.807522719172908, -33.257617137702987 ], [ -70.807525896445853, -33.257617074705948 ], [ -70.807529074541463, -33.25761705802956 ], [ -70.807532252503123, -33.257617087678852 ], [ -70.807535429374227, -33.257617163644873 ], [ -70.807538604198527, -33.257617285904793 ], [ -70.807541776020386, -33.257617454421769 ], [ -70.807544943885048, -33.257617669145112 ], [ -70.807548106838979, -33.257617930010198 ], [ -70.80755126393008, -33.25761823693847 ], [ -70.80755441420807, -33.257618589837534 ], [ -70.807557556724689, -33.257618988601195 ], [ -70.807560690534018, -33.257619433109426 ], [ -70.807563814692742, -33.257619923228397 ], [ -70.807566928260485, -33.257620458810614 ], [ -70.807570030300042, -33.257621039694826 ], [ -70.807573119877674, -33.257621665706196 ], [ -70.80757619606338, -33.25762233665629 ], [ -70.807579257931224, -33.25762305234317 ], [ -70.807582304559546, -33.257623812551373 ], [ -70.80758533503132, -33.257624617052095 ], [ -70.807588348434322, -33.257625465603162 ], [ -70.807591343861503, -33.257626357949157 ], [ -70.807594320411212, -33.2576272938215 ], [ -70.807597277187512, -33.25762827293844 ], [ -70.807600213300375, -33.257629295005309 ], [ -70.807603127866003, -33.257630359714405 ], [ -70.8076060200071, -33.257631466745273 ], [ -70.807608888853096, -33.257632615764692 ], [ -70.807611733540469, -33.257633806426789 ], [ -70.807614553212929, -33.257635038373166 ], [ -70.814236120309857, -33.258878565079073 ], [ -70.814245221060773, -33.258880204437553 ], [ -70.814254354286234, -33.258881710937786 ], [ -70.814263517238572, -33.258883084126559 ], [ -70.81427270716118, -33.258884323590763 ], [ -70.814281921289364, -33.258885428957512 ], [ -70.814291156851098, -33.258886399894287 ], [ -70.814300411067947, -33.258887236108947 ], [ -70.814309681155862, -33.258887937349975 ], [ -70.814318964326006, -33.258888503406389 ], [ -70.814328257785604, -33.25888893410788 ], [ -70.814337558738814, -33.258889229324893 ], [ -70.814346864387488, -33.258889388968626 ], [ -70.814356171932104, -33.258889412991024 ], [ -70.814365478572554, -33.258889301384905 ], [ -70.814374781509031, -33.25888905418379 ], [ -70.814384077942805, -33.258888671462088 ], [ -70.814393365077123, -33.258888153334929 ], [ -70.814402640118018, -33.258887499958206 ], [ -70.814411900275161, -33.258886711528447 ], [ -70.814421142762725, -33.258885788282868 ], [ -70.81443036480016, -33.25888473049924 ], [ -70.814439563613107, -33.258883538495745 ], [ -70.814448736434187, -33.258882212631029 ], [ -70.814457880503809, -33.258880753303956 ], [ -70.814466993071051, -33.258879160953548 ], [ -70.814476071394495, -33.258877436058853 ], [ -70.814485112742986, -33.258875579138795 ], [ -70.814494114396524, -33.258873590752032 ], [ -70.814503073647018, -33.25887147149674 ], [ -70.814511987799179, -33.258869222010453 ], [ -70.814520854171235, -33.258866842969965 ], [ -70.814529670095823, -33.258864335090962 ], [ -70.81453843292077, -33.258861699127934 ], [ -70.814547140009822, -33.25885893587386 ], [ -70.814555788743547, -33.258856046160084 ], [ -70.814564376520053, -33.258853030855924 ], [ -70.814572900755792, -33.258849890868525 ], [ -70.814581358886301, -33.258846627142532 ], [ -70.814589748367055, -33.258843240659786 ], [ -70.814598066674151, -33.258839732439114 ], [ -70.814606311305113, -33.258836103535906 ], [ -70.814614479779607, -33.25883235504191 ], [ -70.814622569640235, -33.258828488084809 ], [ -70.814630578453247, -33.258824503827974 ], [ -70.814638503809263, -33.258820403470004 ], [ -70.814646343324029, -33.258816188244481 ], [ -70.81465409463911, -33.258811859419509 ], [ -70.814661755422605, -33.258807418297366 ], [ -70.814669323369827, -33.258802866214161 ], [ -70.814676796204083, -33.258798204539318 ], [ -70.814684171677229, -33.258793434675276 ], [ -70.814691447570425, -33.258788558056985 ], [ -70.814698621694816, -33.258783576151551 ], [ -70.814705691892158, -33.258778490457729 ], [ -70.814712656035454, -33.258773302505517 ], [ -70.814719512029626, -33.258768013855651 ], [ -70.814726257812126, -33.258762626099177 ], [ -70.814732891353586, -33.258757140856943 ], [ -70.814739410658376, -33.258751559779157 ], [ -70.814745813765271, -33.258745884544808 ], [ -70.814752098747931, -33.258740116861254 ], [ -70.814758263715646, -33.25873425846364 ], [ -70.814764306813757, -33.25872831111441 ], [ -70.814770226224269, -33.258722276602768 ], [ -70.814776020166434, -33.258716156744136 ], [ -70.81478168689722, -33.258709953379629 ], [ -70.814787224711864, -33.25870366837546 ], [ -70.814792631944414, -33.258697303622391 ], [ -70.814797906968181, -33.258690861035234 ], [ -70.814803048196239, -33.258684342552129 ], [ -70.814808054081965, -33.258677750134133 ], [ -70.814812923119405, -33.258671085764504 ], [ -70.814817653843789, -33.258664351448132 ], [ -70.814822244831959, -33.258657549210987 ], [ -70.814826694702788, -33.258650681099432 ], [ -70.814831002117643, -33.25864374917969 ], [ -70.814835165780693, -33.258636755537133 ], [ -70.814839184439379, -33.258629702275741 ], [ -70.814843056884797, -33.258622591517401 ], [ -70.814846781951942, -33.25861542540131 ], [ -70.814850358520275, -33.258608206083316 ], [ -70.814853785513804, -33.258600935735288 ], [ -70.81485706190162, -33.258593616544417 ], [ -70.814860186698098, -33.258586250712597 ], [ -70.814863158963192, -33.258578840455769 ], [ -70.81486597780281, -33.258571388003219 ], [ -70.814868642368936, -33.258563895596929 ], [ -70.814871151860032, -33.258556365490904 ], [ -70.814873505521177, -33.258548799950503 ], [ -70.814875702644329, -33.25854120125171 ], [ -70.814877742568569, -33.25853357168053 ], [ -70.814879624680259, -33.258525913532225 ], [ -70.814881348413181, -33.258518229110635 ], [ -70.81488291324888, -33.258510520727548 ], [ -70.81488431871658, -33.258502790701954 ], [ -70.814885564393521, -33.258495041359318 ], [ -70.81488664990502, -33.258487275030923 ], [ -70.814887574924526, -33.258479494053212 ], [ -70.814888339173834, -33.258471700766961 ], [ -70.814888942423039, -33.258463897516705 ], [ -70.814889384490726, -33.258456086649943 ], [ -70.814889665243925, -33.258448270516496 ], [ -70.81488978459825, -33.258440451467742 ], [ -70.814889742517821, -33.258432631855918 ], [ -70.81488953901534, -33.258424814033482 ], [ -70.814889174152071, -33.258417000352317 ], [ -70.814888648037822, -33.258409193163089 ], [ -70.814887960830916, -33.258401394814449 ], [ -70.814887112738134, -33.258393607652465 ], [ -70.814886104014633, -33.258385834019784 ], [ -70.814884934963956, -33.258378076254992 ], [ -70.814883605937808, -33.258370336691932 ], [ -70.814882117336055, -33.258362617658932 ], [ -70.814880469606578, -33.258354921478187 ], [ -70.814878663245096, -33.258347250464958 ], [ -70.814876698795089, -33.258339606926974 ], [ -70.814874576847572, -33.258331993163701 ], [ -70.814872298040925, -33.258324411465608 ], [ -70.814869863060764, -33.258316864113574 ], [ -70.814867272639646, -33.258309353378102 ], [ -70.814864527556892, -33.25830188151869 ], [ -70.814861628638369, -33.258294450783147 ], [ -70.814858576756237, -33.258287063406918 ], [ -70.814855372828603, -33.258279721612354 ], [ -70.814852017819405, -33.258272427608155 ], [ -70.814848512737953, -33.258265183588634 ], [ -70.81484485863875, -33.258257991733011 ], [ -70.81484105662112, -33.258250854204881 ], [ -70.814837107828865, -33.258243773151456 ], [ -70.814833013449984, -33.258236750702956 ], [ -70.814828774716219, -33.258229788972002 ], [ -70.814824392902764, -33.258222890052934 ], [ -70.814819869327863, -33.258216056021148 ], [ -70.814642403249579, -33.257953336779345 ], [ -70.815219007601442, -33.257996525059305 ], [ -70.815230339649375, -33.258007990468975 ], [ -70.81524189569916, -33.258019296960583 ], [ -70.815253672593997, -33.258030441445442 ], [ -70.815265667116762, -33.258041420879117 ], [ -70.815277875990915, -33.258052232262258 ], [ -70.815290295881312, -33.258062872641439 ], [ -70.81530292339518, -33.258073339109934 ], [ -70.815315755083034, -33.258083628808521 ], [ -70.815328787439555, -33.258093738926284 ], [ -70.81534201690468, -33.258103666701338 ], [ -70.815355439864447, -33.258113409421661 ], [ -70.815369052652031, -33.258122964425702 ], [ -70.815382851548762, -33.258132329103283 ], [ -70.81539683278514, -33.25814150089613 ], [ -70.817391919086106, -33.259428101138127 ], [ -70.817399371640349, -33.259432821086591 ], [ -70.817406920772896, -33.259437431432133 ], [ -70.817414564200305, -33.259441930780191 ], [ -70.817422299610598, -33.259446317769829 ], [ -70.817430124664028, -33.259450591074078 ], [ -70.817438036993693, -33.259454749400348 ], [ -70.817446034206284, -33.259458791490871 ], [ -70.817454113882846, -33.259462716122961 ], [ -70.817462273579466, -33.259466522109541 ], [ -70.817470510828002, -33.259470208299348 ], [ -70.817478823136895, -33.259473773577426 ], [ -70.817487207991874, -33.259477216865328 ], [ -70.817495662856686, -33.259480537121576 ], [ -70.817504185173917, -33.259483733341817 ], [ -70.817512772365774, -33.259486804559288 ], [ -70.81752142183484, -33.259489749845045 ], [ -70.817530130964812, -33.259492568308154 ], [ -70.817538897121381, -33.259495259096113 ], [ -70.817547717652985, -33.259497821395016 ], [ -70.817556589891595, -33.259500254429824 ], [ -70.817565511153589, -33.259502557464607 ], [ -70.81757447874044, -33.259504729802742 ], [ -70.817583489939665, -33.259506770787148 ], [ -70.817592542025565, -33.25950867980044 ], [ -70.817601632260093, -33.259510456265232 ], [ -70.819909624949133, -33.25994373459492 ], [ -70.819918754498374, -33.25994537846254 ], [ -70.819927916709133, -33.259946888634431 ], [ -70.819937108807721, -33.259948264653431 ], [ -70.819946328011412, -33.259949506102963 ], [ -70.819955571529192, -33.259950612607199 ], [ -70.819964836562832, -33.259951583831182 ], [ -70.819974120307435, -33.259952419480875 ], [ -70.819983419952564, -33.259953119303319 ], [ -70.819992732682891, -33.259953683086628 ], [ -70.82000205567914, -33.259954110660168 ], [ -70.820011386118964, -33.259954401894461 ], [ -70.820020721177698, -33.259954556701381 ], [ -70.820030058029346, -33.25995457503403 ], [ -70.820039393847352, -33.259954456886888 ], [ -70.820048725805421, -33.259954202295688 ], [ -70.820058051078504, -33.259953811337539 ], [ -70.820067366843517, -33.259953284130781 ], [ -70.820076670280287, -33.259952620835023 ], [ -70.820085958572349, -33.259951821651065 ], [ -70.82009522890786, -33.259950886820846 ], [ -70.82010447848036, -33.259949816627376 ], [ -70.820113704489714, -33.259948611394634 ], [ -70.820122904142949, -33.259947271487484 ], [ -70.820132074654978, -33.259945797311573 ], [ -70.820141213249627, -33.25994418931316 ], [ -70.820150317160341, -33.259942447979071 ], [ -70.820159383631065, -33.259940573836431 ], [ -70.820168409917102, -33.259938567452622 ], [ -70.820177393285917, -33.259936429435037 ], [ -70.820186331017922, -33.259934160430937 ], [ -70.820195220407413, -33.25993176112722 ], [ -70.820204058763295, -33.259929232250208 ], [ -70.820212843409905, -33.259926574565505 ], [ -70.820221571687838, -33.259923788877671 ], [ -70.8202302409548, -33.259920876030016 ], [ -70.820238848586328, -33.259917836904357 ], [ -70.820247391976608, -33.259914672420763 ], [ -70.820255868539292, -33.259911383537165 ], [ -70.820264275708269, -33.259907971249277 ], [ -70.820272610938446, -33.259904436590062 ], [ -70.820280871706458, -33.2599007806296 ], [ -70.820289055511552, -33.259897004474659 ], [ -70.820297159876205, -33.259893109268411 ], [ -70.820305182347013, -33.259889096190044 ], [ -70.820313120495314, -33.259884966454464 ], [ -70.820320971917994, -33.259880721311852 ], [ -70.820328734238203, -33.259876362047365 ], [ -70.820336405106062, -33.25987188998068 ], [ -70.820343982199333, -33.259867306465644 ], [ -70.820351463224242, -33.259862612889833 ], [ -70.820358845916061, -33.25985781067412 ], [ -70.820366128039822, -33.259852901272296 ], [ -70.820373307391037, -33.259847886170604 ], [ -70.820380381796284, -33.25984276688726 ], [ -70.820387349113957, -33.259837544972044 ], [ -70.820394207234855, -33.25983222200577 ], [ -70.820400954082814, -33.259826799599907 ], [ -70.820407587615392, -33.259821279395929 ], [ -70.82041410582444, -33.259815663065019 ], [ -70.820420506736696, -33.259809952307393 ], [ -70.820426788414451, -33.259804148851885 ], [ -70.820432948956068, -33.259798254455369 ], [ -70.820438986496569, -33.259792270902281 ], [ -70.820444899208255, -33.259786200003987 ], [ -70.820450685301196, -33.25978004359839 ], [ -70.820456343023778, -33.259773803549159 ], [ -70.820461870663266, -33.259767481745399 ], [ -70.820467266546302, -33.25976108010088 ], [ -70.820472529039435, -33.259754600553606 ], [ -70.820477656549556, -33.259748045065095 ], [ -70.820482647524472, -33.259741415619914 ], [ -70.820487500453282, -33.25973471422499 ], [ -70.820492213866885, -33.259727942909038 ], [ -70.820496786338424, -33.259721103721944 ], [ -70.82050121648372, -33.259714198734116 ], [ -70.820505502961666, -33.259707230035922 ], [ -70.820509644474654, -33.259700199736983 ], [ -70.820513639768947, -33.259693109965582 ], [ -70.820517487635101, -33.259685962868005 ], [ -70.820521186908294, -33.259678760607883 ], [ -70.820524736468684, -33.259671505365546 ], [ -70.82052813524173, -33.259664199337408 ], [ -70.820531382198581, -33.259656844735169 ], [ -70.820534476356329, -33.259649443785307 ], [ -70.820537416778322, -33.259641998728306 ], [ -70.820540202574435, -33.259634511817985 ], [ -70.820542832901367, -33.259626985320871 ], [ -70.820545306962913, -33.259619421515417 ], [ -70.820547624010118, -33.259611822691454 ], [ -70.820912611281187, -33.258369978570265 ], [ -70.822261086003323, -33.257032458622668 ], [ -70.822494547360336, -33.257049619172975 ], [ -70.82249917901693, -33.25704992569316 ], [ -70.822503816296418, -33.257050164787266 ], [ -70.82250845780834, -33.257050336383607 ], [ -70.822513102160954, -33.257050440430753 ], [ -70.822517747961626, -33.257050476897462 ], [ -70.822522393817351, -33.25705044577284 ], [ -70.822527038335068, -33.257050347066198 ], [ -70.82253168012214, -33.257050180807134 ], [ -70.822536317786728, -33.257049947045509 ], [ -70.822540949938244, -33.257049645851417 ], [ -70.822545575187732, -33.257049277315154 ], [ -70.822550192148327, -33.25704884154726 ], [ -70.82255479943565, -33.257048338678359 ], [ -70.822559395668222, -33.257047768859273 ], [ -70.822563979467859, -33.25704713226083 ], [ -70.822568549460115, -33.257046429073924 ], [ -70.822573104274724, -33.257045659509416 ], [ -70.82257764254588, -33.257044823798033 ], [ -70.822582162912852, -33.257043922190384 ], [ -70.82258666402015, -33.257042954956816 ], [ -70.822591144518199, -33.257041922387337 ], [ -70.82259560306349, -33.257040824791552 ], [ -70.822600038319138, -33.257039662498606 ], [ -70.822604448955275, -33.257038435856998 ], [ -70.822608833649355, -33.25703714523452 ], [ -70.822613191086631, -33.257035791018168 ], [ -70.822617519960559, -33.257034373614012 ], [ -70.822621818973133, -33.25703289344704 ], [ -70.822626086835299, -33.257031350961107 ], [ -70.822630322267358, -33.257029746618684 ], [ -70.822634523999312, -33.257028080900852 ], [ -70.822638690771313, -33.257026354307072 ], [ -70.822642821333943, -33.257024567355067 ], [ -70.822646914448669, -33.257022720580622 ], [ -70.822650968888198, -33.257020814537512 ], [ -70.822654983436792, -33.257018849797269 ], [ -70.822658956890706, -33.257016826948991 ], [ -70.822662888058545, -33.257014746599225 ], [ -70.822666775761533, -33.257012609371785 ], [ -70.822670618833953, -33.257010415907487 ], [ -70.82267441612349, -33.257008166864054 ], [ -70.822678166491528, -33.257005862915832 ], [ -70.822681868813547, -33.257003504753683 ], [ -70.822685521979409, -33.257001093084668 ], [ -70.822689124893728, -33.256998628631955 ], [ -70.82269267647618, -33.256996112134473 ], [ -70.822696175661832, -33.256993544346784 ], [ -70.822699621401483, -33.256990926038867 ], [ -70.822703012661933, -33.256988257995779 ], [ -70.822706348426351, -33.256985541017549 ], [ -70.822709627694479, -33.256982775918814 ], [ -70.822712849483082, -33.25697996352875 ], [ -70.822716012826106, -33.256977104690591 ], [ -70.822719116775033, -33.256974200261567 ], [ -70.822722160399167, -33.256971251112567 ], [ -70.822725142785899, -33.256968258127863 ], [ -70.822810629336544, -33.256880942785799 ], [ -70.822816628364365, -33.256874923026018 ], [ -70.822822751252005, -33.256868991947151 ], [ -70.82282899614259, -33.256863151347837 ], [ -70.822835361142282, -33.256857402999366 ], [ -70.822841844320749, -33.256851748644912 ], [ -70.822848443711933, -33.256846189999287 ], [ -70.822855157314422, -33.256840728748195 ], [ -70.822861983092224, -33.256835366547804 ], [ -70.822868918975317, -33.256830105024306 ], [ -70.822875962860309, -33.256824945773282 ], [ -70.822883112611038, -33.256819890359353 ], [ -70.822890366059241, -33.256814940315621 ], [ -70.822897721005191, -33.256810097143244 ], [ -70.822905175218409, -33.256805362310971 ], [ -70.822912726438318, -33.256800737254707 ], [ -70.822920372374895, -33.256796223377016 ], [ -70.822928110709412, -33.256791822046814 ], [ -70.822935939095103, -33.256787534598828 ], [ -70.822943855157945, -33.256783362333302 ], [ -70.822951856497255, -33.256779306515497 ], [ -70.822959940686559, -33.256775368375386 ], [ -70.8229681052742, -33.25677154910727 ], [ -70.822976347784177, -33.25676784986937 ], [ -70.822984665716845, -33.256764271783517 ], [ -70.822993056549677, -33.256760815934804 ], [ -70.823001517738092, -33.256757483371253 ], [ -70.823010046716092, -33.256754275103511 ], [ -70.823018640897203, -33.256751192104502 ], [ -70.823027297675097, -33.256748235309196 ], [ -70.823036014424545, -33.256745405614254 ], [ -70.823044788502088, -33.256742703877812 ], [ -70.82305361724687, -33.256740130919212 ], [ -70.823062497981482, -33.256737687518715 ], [ -70.823071428012753, -33.256735374417318 ], [ -70.823080404632549, -33.256733192316482 ], [ -70.823089425118596, -33.25673114187795 ], [ -70.823098486735347, -33.256729223723561 ], [ -70.823107586734793, -33.256727438434979 ], [ -70.823116722357213, -33.256725786553645 ], [ -70.823125890832159, -33.256724268580463 ], [ -70.823135089379193, -33.256722884975822 ], [ -70.823144315208765, -33.256721636159291 ], [ -70.823153565523043, -33.256720522509582 ], [ -70.823162837516747, -33.256719544364422 ], [ -70.82317212837809, -33.25671870202045 ], [ -70.82318143528947, -33.256717995733098 ], [ -70.823190755428527, -33.256717425716566 ], [ -70.823200085968793, -33.256716992143716 ], [ -70.823209424080702, -33.256716695146025 ], [ -70.823218766932371, -33.256716534813556 ], [ -70.823228111690483, -33.256716511194959 ], [ -70.823237455521152, -33.256716624297361 ], [ -70.823246795590748, -33.25671687408645 ], [ -70.82325612906682, -33.256717260486518 ], [ -70.823265453118893, -33.256717783380367 ], [ -70.823274764919333, -33.256718442609404 ], [ -70.823284061644259, -33.256719237973741 ], [ -70.823293340474336, -33.256720169232139 ], [ -70.823302598595674, -33.256721236102209 ], [ -70.823311833200634, -33.256722438260397 ], [ -70.823321041488725, -33.256723775342124 ], [ -70.823330220667472, -33.25672524694194 ], [ -70.823339367953153, -33.256726852613546 ], [ -70.823348480571781, -33.256728591869994 ], [ -70.823357555759856, -33.256730464183846 ], [ -70.823366590765218, -33.256732468987316 ], [ -70.82337558284793, -33.256734605672378 ], [ -70.823384529281014, -33.256736873591095 ], [ -70.823393427351391, -33.256739272055704 ], [ -70.823402274360632, -33.256741800338837 ], [ -70.823411067625756, -33.25674445767374 ], [ -70.823530941585659, -33.256781677189153 ], [ -70.823539679984322, -33.256784318380923 ], [ -70.823548471477679, -33.256786832125108 ], [ -70.823557313432659, -33.256789217668832 ], [ -70.823566203201011, -33.256791474297572 ], [ -70.823575138120177, -33.256793601335488 ], [ -70.823584115514095, -33.25679559814548 ], [ -70.823593132693944, -33.256797464129527 ], [ -70.823602186959022, -33.256799198728714 ], [ -70.823611275597514, -33.25680080142358 ], [ -70.823620395887289, -33.256802271734031 ], [ -70.823629545096765, -33.256803609219745 ], [ -70.823638720485661, -33.25680481348013 ], [ -70.823647919305898, -33.256805884154474 ], [ -70.823657138802332, -33.256806820922151 ], [ -70.823666376213666, -33.256807623502553 ], [ -70.823675628773231, -33.256808291655325 ], [ -70.823684893709782, -33.256808825180336 ], [ -70.823694168248409, -33.256809223917791 ], [ -70.82370344961133, -33.256809487748285 ], [ -70.823712735018702, -33.256809616592811 ], [ -70.823722021689449, -33.256809610412724 ], [ -70.823731306842134, -33.256809469209934 ], [ -70.823740587695809, -33.256809193026704 ], [ -70.823749861470759, -33.256808781945757 ], [ -70.823759125389444, -33.256808236090222 ], [ -70.823768376677208, -33.256807555623602 ], [ -70.823777612563248, -33.256806740749681 ], [ -70.823786830281321, -33.256805791712537 ], [ -70.823796027070657, -33.256804708796402 ], [ -70.823805200176764, -33.256803492325623 ], [ -70.823814346852203, -33.256802142664554 ], [ -70.823823464357474, -33.256800660217429 ], [ -70.823832549961821, -33.256799045428245 ], [ -70.823841600944036, -33.256797298780647 ], [ -70.823850614593283, -33.256795420797765 ], [ -70.823859588209899, -33.256793412042086 ], [ -70.823868519106213, -33.25679127311524 ], [ -70.824420149138248, -33.256654810576187 ], [ -70.824428885060186, -33.256652581431482 ], [ -70.824437574576464, -33.256650227736372 ], [ -70.824446215171577, -33.25664775017222 ], [ -70.824454804344242, -33.256645149456254 ], [ -70.824463339607988, -33.256642426341315 ], [ -70.824471818492029, -33.256639581615744 ], [ -70.824480238541824, -33.25663661610303 ], [ -70.824488597319927, -33.256633530661624 ], [ -70.824496892406614, -33.256630326184734 ], [ -70.824505121400577, -33.25662700360003 ], [ -70.824513281919636, -33.256623563869312 ], [ -70.824521371601506, -33.256620007988367 ], [ -70.82452938810431, -33.256616336986532 ], [ -70.82595507945193, -33.256966897655118 ], [ -70.825956481636922, -33.256968164733991 ], [ -70.825957857302541, -33.25696945216869 ], [ -70.825959206030191, -33.256970759567473 ], [ -70.825960527409478, -33.256972086532578 ], [ -70.825961821038348, -33.256973432660196 ], [ -70.825963086523217, -33.256974797540771 ], [ -70.825964323478985, -33.256976180759011 ], [ -70.825965531529292, -33.256977581894006 ], [ -70.825966710306588, -33.256979000519458 ], [ -70.825967859452177, -33.256980436203733 ], [ -70.825968978616402, -33.256981888509941 ], [ -70.825970067458755, -33.25698335699623 ], [ -70.825971125647911, -33.256984841215768 ], [ -70.82597215286188, -33.256986340716928 ], [ -70.825973148788137, -33.256987855043484 ], [ -70.825974113123621, -33.256989383734663 ], [ -70.825975045574921, -33.256990926325322 ], [ -70.825975945858318, -33.256992482346064 ], [ -70.825976813699896, -33.256994051323488 ], [ -70.825977648835547, -33.256995632780153 ], [ -70.825978451011196, -33.256997226234887 ], [ -70.825979219982756, -33.25699883120285 ], [ -70.825979955516246, -33.257000447195679 ], [ -70.825980657387859, -33.257002073721672 ], [ -70.825981325384035, -33.257003710285936 ], [ -70.825981959301515, -33.257005356390493 ], [ -70.825982558947416, -33.25700701153449 ], [ -70.825983124139285, -33.257008675214315 ], [ -70.825983654705155, -33.257010346923742 ], [ -70.825984150483563, -33.257012026154136 ], [ -70.825984611323676, -33.257013712394524 ], [ -70.825985037085246, -33.257015405131867 ], [ -70.82598542763877, -33.257017103851076 ], [ -70.825985782865359, -33.257018808035284 ], [ -70.825986102656955, -33.257020517165977 ], [ -70.825986386916256, -33.257022230723102 ], [ -70.82598663555676, -33.257023948185257 ], [ -70.825986848502794, -33.257025669029886 ], [ -70.825987025689571, -33.257027392733349 ], [ -70.82598716706319, -33.257029118771207 ], [ -70.825987272580633, -33.257030846618271 ], [ -70.825987342209771, -33.257032575748774 ], [ -70.825987375929415, -33.257034305636608 ], [ -70.825987373729333, -33.257036035755426 ], [ -70.825987335610165, -33.257037765578772 ], [ -70.825987261583521, -33.25703949458034 ], [ -70.825987151671924, -33.257041222234008 ], [ -70.8259870059088, -33.257042948014124 ], [ -70.825986824338514, -33.257044671395576 ], [ -70.825986607016304, -33.257046391853962 ], [ -70.825986354008293, -33.257048108865838 ], [ -70.825986065391461, -33.257049821908723 ], [ -70.825932007194865, -33.257351679630673 ], [ -70.825919208009154, -33.257427523146362 ], [ -70.825907944427456, -33.257503538415804 ], [ -70.825898219705437, -33.257579703494152 ], [ -70.82589003665457, -33.257655996393282 ], [ -70.825883397641277, -33.257732395088091 ], [ -70.82587830458624, -33.257808877522876 ], [ -70.825877761465179, -33.257816085028225 ], [ -70.825877353994258, -33.25782329884494 ], [ -70.825877082275255, -33.257830517171094 ], [ -70.825876946376113, -33.257837738203591 ], [ -70.825874089351814, -33.257909024485386 ], [ -70.825872582962717, -33.257980339937738 ], [ -70.825872427593652, -33.258051666498865 ], [ -70.825873623287251, -33.258122986104205 ], [ -70.825876169743992, -33.25819428069088 ], [ -70.825880066322199, -33.258265532202302 ], [ -70.825885312038309, -33.258336722592738 ], [ -70.825891905567005, -33.258407833831924 ], [ -70.825899845241636, -33.258478847909572 ], [ -70.825961687344659, -33.258988319885681 ], [ -70.82541598534182, -33.259139914196211 ], [ -70.825407138041697, -33.259142443936163 ], [ -70.825398344520934, -33.259145102736852 ], [ -70.82538960744661, -33.259147889791805 ], [ -70.825380929468679, -33.259150804255718 ], [ -70.825372313219191, -33.259153845244668 ], [ -70.825363761311479, -33.259157011836294 ], [ -70.825355276339323, -33.259160303070168 ], [ -70.825346860876238, -33.25916371794807 ], [ -70.825338517474648, -33.259167255434264 ], [ -70.825330248665125, -33.259170914455815 ], [ -70.825322056955599, -33.25917469390297 ], [ -70.825313944830654, -33.259178592629404 ], [ -70.8253059147507, -33.259182609452623 ], [ -70.825297969151279, -33.259186743154324 ], [ -70.82529011044231, -33.259190992480768 ], [ -70.82528234100738, -33.259195356143124 ], [ -70.825274663202961, -33.259199832817878 ], [ -70.825267079357744, -33.259204421147267 ], [ -70.825259591771953, -33.259209119739651 ], [ -70.825252202716598, -33.259213927169924 ], [ -70.825244914432787, -33.259218841979994 ], [ -70.825237729131089, -33.2592238626792 ], [ -70.825230648990839, -33.259228987744763 ], [ -70.825223676159467, -33.259234215622236 ], [ -70.825216812751862, -33.259239544725986 ], [ -70.825210060849741, -33.259244973439721 ], [ -70.825203422500962, -33.25925050011687 ], [ -70.825196899718989, -33.259256123081208 ], [ -70.825190494482214, -33.259261840627275 ], [ -70.825184208733347, -33.25926765102092 ], [ -70.825178044378944, -33.259273552499849 ], [ -70.825172003288657, -33.25927954327414 ], [ -70.825166087294775, -33.2592856215268 ], [ -70.825160298191705, -33.259291785414227 ], [ -70.825154637735267, -33.259298033066948 ], [ -70.825149107642346, -33.259304362590015 ], [ -70.825143709590265, -33.259310772063692 ], [ -70.825138445216282, -33.259317259543948 ], [ -70.824628635839929, -33.25995741747532 ], [ -70.824626072164222, -33.259960698037339 ], [ -70.824623576854748, -33.259964015597483 ], [ -70.824621150667795, -33.259967369150232 ], [ -70.824618794338747, -33.259970757679191 ], [ -70.824616508581755, -33.259974180157343 ], [ -70.824614294089614, -33.259977635547386 ], [ -70.824612151533515, -33.259981122802039 ], [ -70.824610081562838, -33.25998464086436 ], [ -70.824608084804979, -33.259988188668096 ], [ -70.824606161865134, -33.25999176513794 ], [ -70.82460431332612, -33.259995369189916 ], [ -70.824602539748227, -33.259998999731692 ], [ -70.824600841668982, -33.260002655662909 ], [ -70.824599219603073, -33.260006335875509 ], [ -70.824597674042153, -33.260010039254055 ], [ -70.824596205454654, -33.260013764676138 ], [ -70.824594814285675, -33.260017511012578 ], [ -70.824593500956908, -33.260021277127997 ], [ -70.824592265866386, -33.260025061880853 ], [ -70.82459110938845, -33.260028864124095 ], [ -70.824590031873669, -33.260032682705322 ], [ -70.824589033648579, -33.260036516467125 ], [ -70.824588115015771, -33.260040364247594 ], [ -70.824587276253666, -33.260044224880495 ], [ -70.824586517616495, -33.260048097195735 ], [ -70.824585839334219, -33.260051980019668 ], [ -70.824585241612397, -33.26005587217545 ], [ -70.824584724632217, -33.260059772483451 ], [ -70.824584288550383, -33.260063679761508 ], [ -70.824583933499056, -33.260067592825408 ], [ -70.824583659585883, -33.260071510489126 ], [ -70.824583466893884, -33.260075431565312 ], [ -70.824583355481479, -33.260079354865503 ], [ -70.82458332538242, -33.260083279200614 ], [ -70.824583376605887, -33.260087203381239 ], [ -70.824583509136318, -33.260091126218001 ], [ -70.824583722933568, -33.260095046521947 ], [ -70.824584017932878, -33.260098963104895 ], [ -70.82458439404482, -33.260102874779747 ], [ -70.824584851155421, -33.260106780360957 ], [ -70.824585389126128, -33.260110678664788 ], [ -70.82458600779394, -33.260114568509728 ], [ -70.824586706971317, -33.260118448716788 ], [ -70.82458748644639, -33.260122318109964 ], [ -70.824588345982903, -33.260126175516469 ], [ -70.824589285320343, -33.260130019767168 ], [ -70.824590304174038, -33.260133849696935 ], [ -70.824591402235185, -33.260137664144963 ], [ -70.824592579171011, -33.260141461955143 ], [ -70.824593834624793, -33.260145241976424 ], [ -70.824595168216007, -33.260149003063091 ], [ -70.824596579540511, -33.260152744075249 ], [ -70.82459806817053, -33.260156463879014 ], [ -70.824599633654898, -33.260160161346974 ], [ -70.824601275519157, -33.260163835358483 ], [ -70.824602993265657, -33.260167484799979 ], [ -70.82460478637384, -33.260171108565366 ], [ -70.824606654300169, -33.260174705556338 ], [ -70.824608596478583, -33.26017827468268 ], [ -70.824610612320384, -33.260181814862648 ], [ -70.824612701214633, -33.260185325023244 ], [ -70.824614862528207, -33.260188804100579 ], [ -70.824617095606058, -33.260192251040209 ], [ -70.824619399771379, -33.260195664797386 ], [ -70.824621774325792, -33.260199044337469 ], [ -70.824624218549644, -33.260202388636131 ], [ -70.824626731702097, -33.260205696679783 ], [ -70.824629313021461, -33.260208967465772 ], [ -70.824631961725373, -33.26021220000279 ], [ -70.824634677011062, -33.260215393311093 ], [ -70.824637458055562, -33.260218546422799 ], [ -70.824640304015972, -33.26022165838225 ], [ -70.824643214029734, -33.260224728246293 ], [ -70.824646187214853, -33.260227755084422 ], [ -70.824649222670203, -33.260230737979278 ], [ -70.824652319475788, -33.260233676026779 ], [ -70.824655476692996, -33.260236568336424 ], [ -70.824658693364924, -33.260239414031602 ], [ -70.824661968516637, -33.260242212249821 ], [ -70.824665301155491, -33.260244962142949 ], [ -70.824668690271395, -33.260247662877561 ], [ -70.824672134837186, -33.260250313635069 ], [ -70.824675633808823, -33.260252913612071 ], [ -70.82467918612582, -33.260255462020545 ], [ -70.824682790711535, -33.260257958088111 ], [ -70.82468644647345, -33.260260401058218 ], [ -70.824690152303546, -33.260262790190438 ], [ -70.824693907078654, -33.260265124760672 ], [ -70.82469770966074, -33.260267404061302 ], [ -70.824701558897274, -33.260269627401541 ], [ -70.824705453621618, -33.260271794107481 ], [ -70.824709392653318, -33.260273903522446 ], [ -70.82471337479852, -33.260275955007096 ], [ -70.824717398850254, -33.260277947939635 ], [ -70.824721463588915, -33.260279881716031 ], [ -70.824725567782508, -33.260281755750192 ], [ -70.8247297101871, -33.260283569474119 ], [ -70.824733889547204, -33.260285322338092 ], [ -70.824738104596065, -33.260287013810824 ], [ -70.825672195850231, -33.260653498439027 ], [ -70.825680583003674, -33.260656715596802 ], [ -70.825689034710692, -33.260659811220613 ], [ -70.825697548476356, -33.260662784396615 ], [ -70.825706121787434, -33.260665634247168 ], [ -70.825714752113115, -33.26066835993101 ], [ -70.825723436905747, -33.260670960643488 ], [ -70.825732173601622, -33.260673435616916 ], [ -70.825740959621669, -33.260675784120686 ], [ -70.825749792372292, -33.260678005461486 ], [ -70.825758669246071, -33.260680098983627 ], [ -70.825767587622607, -33.260682064069101 ], [ -70.825776544869186, -33.260683900137799 ], [ -70.825785538341677, -33.260685606647748 ], [ -70.825794565385209, -33.260687183095165 ], [ -70.825803623335034, -33.260688629014709 ], [ -70.825812709517265, -33.260689943979536 ], [ -70.825821821249676, -33.260691127601469 ], [ -70.825830955842505, -33.260692179531134 ], [ -70.825840110599259, -33.260693099457974 ], [ -70.825849282817444, -33.260693887110449 ], [ -70.825858469789466, -33.260694542256033 ], [ -70.825867668803355, -33.260695064701345 ], [ -70.825876877143571, -33.260695454292147 ], [ -70.825886092091835, -33.260695710913446 ], [ -70.825895310927891, -33.260695834489489 ], [ -70.825904530930416, -33.260695824983792 ], [ -70.825913749377619, -33.26069568239916 ], [ -70.825922963548294, -33.2606954067777 ], [ -70.825932170722396, -33.260694998200755 ], [ -70.825941368182015, -33.260694456788954 ], [ -70.825950553212067, -33.260693782702113 ], [ -70.825959723101164, -33.260692976139232 ], [ -70.825968875142365, -33.260692037338401 ], [ -70.825978006634003, -33.260690966576739 ], [ -70.825987114880505, -33.260689764170358 ], [ -70.825996197193135, -33.260688430474204 ], [ -70.826005250890802, -33.260686965881966 ], [ -70.826014273300885, -33.26068537082601 ], [ -70.82602326176, -33.260683645777171 ], [ -70.826032213614766, -33.2606817912447 ], [ -70.82604112622262, -33.260679807776036 ], [ -70.826049996952591, -33.260677695956716 ], [ -70.826058823186074, -33.260675456410127 ], [ -70.826067602317579, -33.260673089797386 ], [ -70.82607633175553, -33.2606705968171 ], [ -70.82608500892303, -33.260667978205227 ], [ -70.826093631258601, -33.260665234734731 ], [ -70.826102196216965, -33.260662367215495 ], [ -70.826110701269769, -33.260659376494019 ], [ -70.826119143906354, -33.260656263453157 ], [ -70.82612752163449, -33.260653029011849 ], [ -70.826135831981091, -33.260649674124892 ], [ -70.82614407249298, -33.26064619978267 ], [ -70.826152240737599, -33.260642607010773 ], [ -70.826160334303694, -33.260638896869807 ], [ -70.826161129635338, -33.260638524800434 ], [ -70.826227521466791, -33.261188629175294 ], [ -70.823914088225166, -33.260813472890256 ], [ -70.819840142524043, -33.260071280219407 ], [ -70.816888696746716, -33.259500146490765 ], [ -70.814018779728769, -33.258949586883631 ], [ -70.810482663901979, -33.258324505568424 ], [ -70.807353993596507, -33.257724496007818 ] ] ] ] } },
{ "type": "Feature", "properties": { "fid": 50, "Arae": 72107.824 }, "geometry": { "type": "MultiPolygon", "coordinates": [ [ [ [ -70.826693029433969, -33.251906804296141 ], [ -70.826455104489909, -33.253277217154448 ], [ -70.826453848869917, -33.253284912820888 ], [ -70.826452751239614, -33.253292625520743 ], [ -70.826451811924827, -33.25330035296453 ], [ -70.826451031204456, -33.253308092858333 ], [ -70.826450409310297, -33.25331584290462 ], [ -70.82644994642699, -33.253323600802794 ], [ -70.826449642691998, -33.253331364249924 ], [ -70.826449498195515, -33.253339130941455 ], [ -70.826449512980489, -33.25334689857187 ], [ -70.82644968704254, -33.253354664835364 ], [ -70.826450020330086, -33.253362427426502 ], [ -70.826450512744216, -33.253370184041003 ], [ -70.826451164138774, -33.253377932376331 ], [ -70.826451974320463, -33.25338567013236 ], [ -70.826452943048835, -33.253393395012218 ], [ -70.826454070036348, -33.25340110472272 ], [ -70.826455354948493, -33.253408796975286 ], [ -70.826456797403893, -33.25341646948646 ], [ -70.826458396974402, -33.253424119978675 ], [ -70.826460153185224, -33.253431746180901 ], [ -70.826462065515074, -33.253439345829285 ], [ -70.826464133396328, -33.253446916667883 ], [ -70.82646635621515, -33.253454456449305 ], [ -70.826468733311756, -33.253461962935383 ], [ -70.826471263980551, -33.253469433897799 ], [ -70.826473947470319, -33.253476867118806 ], [ -70.826476782984557, -33.253484260391872 ], [ -70.826479769681526, -33.253491611522286 ], [ -70.826482906674684, -33.253498918327892 ], [ -70.826486193032864, -33.25350617863964 ], [ -70.826489627780532, -33.253513390302324 ], [ -70.826493209898132, -33.253520551175164 ], [ -70.826496938322336, -33.253527659132445 ], [ -70.826500811946403, -33.253534712064187 ], [ -70.826504829620475, -33.253541707876714 ], [ -70.826508990151936, -33.253548644493321 ], [ -70.826513292305805, -33.253555519854864 ], [ -70.826517734804952, -33.253562331920399 ], [ -70.826522316330681, -33.25356907866778 ], [ -70.826527035523014, -33.2535757580942 ], [ -70.826531890981073, -33.25358236821689 ], [ -70.826536881263536, -33.253588907073606 ], [ -70.826542004889077, -33.253595372723318 ], [ -70.826547260336753, -33.253601763246671 ], [ -70.826552646046522, -33.253608076746652 ], [ -70.826558160419651, -33.253614311349089 ], [ -70.826563801819233, -33.253620465203191 ], [ -70.826569568570619, -33.253626536482265 ], [ -70.826596261743617, -33.253654147962436 ], [ -70.826600927284844, -33.253658907134799 ], [ -70.8266056698547, -33.253663612253824 ], [ -70.826594553135948, -33.2537031856033 ], [ -70.826584142930415, -33.253742894374049 ], [ -70.826574441573285, -33.253782729662298 ], [ -70.826565451240839, -33.253822682535926 ], [ -70.826557173949936, -33.253862744036418 ], [ -70.826549611557553, -33.253902905180894 ], [ -70.826387550701682, -33.254807894887662 ], [ -70.826069727256566, -33.25658265547758 ], [ -70.82606940552985, -33.256584352007437 ], [ -70.826069048877685, -33.256586043601182 ], [ -70.826068657407049, -33.256587729751352 ], [ -70.826068231235411, -33.25658940995212 ], [ -70.826067770490582, -33.256591083699405 ], [ -70.826067275310834, -33.256592750491109 ], [ -70.826066745844656, -33.256594409827152 ], [ -70.826066182250941, -33.256596061209777 ], [ -70.826065584698725, -33.25659770414353 ], [ -70.826064953367307, -33.256599338135572 ], [ -70.826064288446048, -33.256600962695686 ], [ -70.826063590134453, -33.256602577336487 ], [ -70.826062858642004, -33.256604181573607 ], [ -70.826062094188146, -33.256605774925752 ], [ -70.826061297002198, -33.256607356914948 ], [ -70.826060467323344, -33.256608927066573 ], [ -70.826059605400459, -33.256610484909586 ], [ -70.826058711492138, -33.256612029976651 ], [ -70.826057785866539, -33.256613561804215 ], [ -70.82605682880137, -33.256615079932729 ], [ -70.82605584058372, -33.256616583906805 ], [ -70.826054821510056, -33.25661807327522 ], [ -70.826053771886123, -33.256619547591136 ], [ -70.826052692026778, -33.256621006412288 ], [ -70.826051582256, -33.256622449301034 ], [ -70.826050442906691, -33.256623875824502 ], [ -70.826049274320681, -33.256625285554712 ], [ -70.826048076848551, -33.25662667806877 ], [ -70.826046850849536, -33.256628052948926 ], [ -70.826045596691401, -33.256629409782683 ], [ -70.826044314750433, -33.256630748163012 ], [ -70.826043005411194, -33.256632067688415 ], [ -70.826041669066498, -33.256633367963005 ], [ -70.826040306117235, -33.256634648596702 ], [ -70.826038916972294, -33.256635909205329 ], [ -70.826037502048408, -33.256637149410693 ], [ -70.826036061770068, -33.256638368840726 ], [ -70.826034596569357, -33.256639567129632 ], [ -70.826033106885831, -33.256640743917885 ], [ -70.826031593166391, -33.256641898852465 ], [ -70.826030055865147, -33.256643031586883 ], [ -70.826028495443296, -33.256644141781337 ], [ -70.826026912368988, -33.256645229102759 ], [ -70.826025307117106, -33.256646293224932 ], [ -70.826023680169243, -33.256647333828639 ], [ -70.826022032013498, -33.256648350601701 ], [ -70.826020363144281, -33.256649343239069 ], [ -70.826018674062297, -33.256650311442961 ], [ -70.826016965274235, -33.256651254922922 ], [ -70.826015237292737, -33.256652173395892 ], [ -70.826013490636228, -33.256653066586338 ], [ -70.826011725828664, -33.256653934226321 ], [ -70.826009943399526, -33.256654776055491 ], [ -70.826008143883513, -33.256655591821357 ], [ -70.826006327820508, -33.256656381279171 ], [ -70.826004495755299, -33.256657144192083 ], [ -70.82600264823752, -33.256657880331232 ], [ -70.826000785821435, -33.256658589475784 ], [ -70.825998909065774, -33.25665927141295 ], [ -70.825997018533528, -33.256659925938209 ], [ -70.825995114791922, -33.256660552855173 ], [ -70.825993198412007, -33.256661151975756 ], [ -70.825991269968753, -33.256661723120253 ], [ -70.82598933004067, -33.256662266117267 ], [ -70.825987379209735, -33.256662780803964 ], [ -70.825985418061208, -33.256663267025885 ], [ -70.825983447183447, -33.256663724637185 ], [ -70.825981467167679, -33.256664153500594 ], [ -70.824776463220388, -33.256367857613121 ], [ -70.824779345855973, -33.25636055282002 ], [ -70.824782079662427, -33.256353207751012 ], [ -70.824784663843189, -33.256345824546315 ], [ -70.824787097645341, -33.256338405357305 ], [ -70.824789380359704, -33.256330952345792 ], [ -70.824791511321195, -33.256323467683508 ], [ -70.824793489908927, -33.256315953551336 ], [ -70.824795315546382, -33.2563084121388 ], [ -70.824796987701674, -33.256300845643317 ], [ -70.824798505887571, -33.25629325626965 ], [ -70.824799869661774, -33.256285646229259 ], [ -70.824869315593403, -33.255874311031015 ], [ -70.824870538301283, -33.255866589632909 ], [ -70.824871602046485, -33.255858851638934 ], [ -70.824872506511468, -33.255851099358985 ], [ -70.824873251426268, -33.255843335107251 ], [ -70.824873836568599, -33.255835561201486 ], [ -70.824874261763824, -33.255827779962338 ], [ -70.824874526885026, -33.255819993712628 ], [ -70.824874631853135, -33.255812204776667 ], [ -70.82487457663683, -33.25580441547956 ], [ -70.824874361252668, -33.255796628146577 ], [ -70.824873985764981, -33.255788845102323 ], [ -70.824873450285892, -33.255781068670203 ], [ -70.824872754975274, -33.255773301171558 ], [ -70.824871900040762, -33.255765544925126 ], [ -70.824870885737596, -33.255757802246265 ], [ -70.824869712368596, -33.255750075446279 ], [ -70.824868380284101, -33.255742366831733 ], [ -70.824866889881761, -33.255734678703789 ], [ -70.824865241606545, -33.255727013357443 ], [ -70.824863435950547, -33.255719373080929 ], [ -70.824861473452771, -33.255711760154973 ], [ -70.824859354699143, -33.255704176852163 ], [ -70.824857080322161, -33.255696625436215 ], [ -70.824854651000791, -33.255689108161334 ], [ -70.824852067460299, -33.255681627271564 ], [ -70.824849330471906, -33.255674185000025 ], [ -70.824846440852681, -33.255666783568373 ], [ -70.824843399465294, -33.255659425186018 ], [ -70.824840207217648, -33.255652112049553 ], [ -70.824836865062721, -33.255644846342079 ], [ -70.824833373998231, -33.255637630232449 ], [ -70.824829735066331, -33.255630465874837 ], [ -70.824825949353368, -33.255623355407884 ], [ -70.824822017989419, -33.255616300954152 ], [ -70.824817942148101, -33.255609304619519 ], [ -70.824813723046162, -33.255602368492482 ], [ -70.824809361943082, -33.255595494643529 ], [ -70.824804860140745, -33.255588685124657 ], [ -70.824800218983015, -33.255581941968579 ], [ -70.824795439855393, -33.255575267188213 ], [ -70.824790524184536, -33.255568662776064 ], [ -70.824785473437871, -33.255562130703652 ], [ -70.824780289123126, -33.255555672920892 ], [ -70.824774972787949, -33.255549291355521 ], [ -70.824769526019324, -33.255542987912506 ], [ -70.824763950443241, -33.255536764473511 ], [ -70.824758247724105, -33.255530622896323 ], [ -70.824282538298732, -33.255027327079816 ], [ -70.824573113281104, -33.254739088156775 ], [ -70.824602945652842, -33.254709396997065 ], [ -70.824632186732757, -33.254679293482788 ], [ -70.824660828448401, -33.254648785925149 ], [ -70.824688862892785, -33.254617882746906 ], [ -70.824716282326634, -33.254586592480052 ], [ -70.824743079180493, -33.254554923763422 ], [ -70.824769246056789, -33.254522885340322 ], [ -70.824794775731931, -33.254490486056135 ], [ -70.824819661158244, -33.254457734855855 ], [ -70.824843895465989, -33.254424640781615 ], [ -70.824867471965177, -33.254391212970226 ], [ -70.824890384147452, -33.254357460650603 ], [ -70.824912625687915, -33.254323393141242 ], [ -70.824934190446825, -33.254289019847661 ], [ -70.824955072471298, -33.254254350259778 ], [ -70.824975265996997, -33.254219393949299 ], [ -70.824994765449659, -33.254184160567078 ], [ -70.825013565446653, -33.254148659840467 ], [ -70.82503166079853, -33.254112901570615 ], [ -70.825041479707707, -33.254113067502253 ], [ -70.825051300563089, -33.254113090969703 ], [ -70.825061120436715, -33.254112971965959 ], [ -70.82507093640092, -33.254112710526528 ], [ -70.825080745529192, -33.254112306729333 ], [ -70.82509054489708, -33.254111760694784 ], [ -70.825100331583016, -33.254111072585658 ], [ -70.825110102669242, -33.254110242607112 ], [ -70.825119855242633, -33.254109271006598 ], [ -70.825129586395576, -33.254108158073777 ], [ -70.825139293226869, -33.254106904140478 ], [ -70.82514897284257, -33.254105509580526 ], [ -70.825158622356781, -33.254103974809709 ], [ -70.825168238892658, -33.254102300285588 ], [ -70.825177819583146, -33.254100486507383 ], [ -70.825187361571921, -33.25409853401591 ], [ -70.825196862014124, -33.254096443393216 ], [ -70.825206318077363, -33.254094215262633 ], [ -70.825215726942417, -33.254091850288425 ], [ -70.825225085804192, -33.254089349175686 ], [ -70.825234391872442, -33.254086712670102 ], [ -70.825243642372698, -33.25408394155771 ], [ -70.825252834547072, -33.254081036664672 ], [ -70.825261965655031, -33.254077998857063 ], [ -70.825271032974271, -33.254074829040547 ], [ -70.825280033801491, -33.254071528160168 ], [ -70.82528896545324, -33.25406809720004 ], [ -70.825297825266659, -33.254064537183062 ], [ -70.825306610600336, -33.254060849170614 ], [ -70.825315318835052, -33.254057034262203 ], [ -70.825323947374571, -33.254053093595218 ], [ -70.825332493646442, -33.25404902834449 ], [ -70.825340955102689, -33.254044839722056 ], [ -70.8253493292207, -33.254040528976653 ], [ -70.825357613503812, -33.254036097393509 ], [ -70.825365805482249, -33.254031546293824 ], [ -70.825373902713665, -33.254026877034441 ], [ -70.825381902784017, -33.254022091007442 ], [ -70.825389803308198, -33.254017189639711 ], [ -70.825397601930817, -33.254012174392528 ], [ -70.825405296326835, -33.254007046761124 ], [ -70.825412884202294, -33.254001808274211 ], [ -70.825420363294981, -33.253996460493596 ], [ -70.825427731375157, -33.253991005013617 ], [ -70.825434986246165, -33.253985443460756 ], [ -70.825442125745056, -33.253979777493129 ], [ -70.825449147743328, -33.253974008799936 ], [ -70.825456050147523, -33.25396813910104 ], [ -70.825462830899781, -33.253962170146416 ], [ -70.82546948797858, -33.253956103715616 ], [ -70.825476019399218, -33.25394994161725 ], [ -70.825482423214467, -33.253943685688462 ], [ -70.825488697515169, -33.253937337794376 ], [ -70.825494840430764, -33.253930899827488 ], [ -70.825500850129856, -33.253924373707214 ], [ -70.825506724820769, -33.253917761379213 ], [ -70.825512462752101, -33.253911064814851 ], [ -70.825518062213192, -33.253904286010602 ], [ -70.825523521534706, -33.253897426987457 ], [ -70.825528839089017, -33.253890489790322 ], [ -70.825534013290863, -33.253883476487474 ], [ -70.82553904259764, -33.253876389169754 ], [ -70.82554392550999, -33.253869229950155 ], [ -70.825548660572181, -33.253862000963103 ], [ -70.825553246372564, -33.253854704363782 ], [ -70.825557681543998, -33.253847342327575 ], [ -70.825561964764248, -33.253839917049355 ], [ -70.825566094756368, -33.25383243074284 ], [ -70.825570070289118, -33.253824885639951 ], [ -70.825573890177282, -33.25381728399018 ], [ -70.825577553282073, -33.253809628059791 ], [ -70.825581058511446, -33.253801920131288 ], [ -70.825584404820418, -33.253794162502665 ], [ -70.825587591211359, -33.253786357486746 ], [ -70.825590616734374, -33.253778507410431 ], [ -70.825593480487484, -33.253770614614112 ], [ -70.825596181616945, -33.253762681450901 ], [ -70.825598719317512, -33.253754710285925 ], [ -70.825601092832656, -33.253746703495686 ], [ -70.825863377231485, -33.252732330079162 ], [ -70.825865274785528, -33.252724671610935 ], [ -70.825867013901728, -33.252716986632898 ], [ -70.82586859405653, -33.252709277458784 ], [ -70.825870014774253, -33.25270154640954 ], [ -70.825871275627208, -33.25269379581281 ], [ -70.825872376235807, -33.252686028001975 ], [ -70.825873316268769, -33.252678245315735 ], [ -70.825874095443112, -33.252670450097185 ], [ -70.825874713524286, -33.252662644693217 ], [ -70.825875170326242, -33.252654831453818 ], [ -70.825875465711519, -33.252647012731259 ], [ -70.825875599591214, -33.252639190879549 ], [ -70.825875571925067, -33.252631368253553 ], [ -70.825875382721463, -33.252623547208458 ], [ -70.825875032037374, -33.252615730098896 ], [ -70.825874519978456, -33.252607919278361 ], [ -70.825873846698897, -33.252600117098432 ], [ -70.825873012401459, -33.252592325908097 ], [ -70.825872017337346, -33.252584548053022 ], [ -70.825870861806209, -33.252576785874886 ], [ -70.825869546155943, -33.252569041710572 ], [ -70.825868070782732, -33.252561317891661 ], [ -70.825866436130767, -33.252553616743512 ], [ -70.825864642692238, -33.252545940584675 ], [ -70.82586269100716, -33.252538291726204 ], [ -70.825860581663136, -33.252530672470911 ], [ -70.825858315295264, -33.252523085112713 ], [ -70.825855892585906, -33.252515531935899 ], [ -70.825853314264506, -33.252508015214453 ], [ -70.82585058110736, -33.252500537211446 ], [ -70.825847693937348, -33.252493100178263 ], [ -70.825844653623761, -33.252485706353909 ], [ -70.82584146108195, -33.252478357964428 ], [ -70.825838117273136, -33.252471057222181 ], [ -70.825834623204059, -33.252463806325174 ], [ -70.825830979926678, -33.252456607456409 ], [ -70.825827188537943, -33.252449462783197 ], [ -70.825823250179312, -33.252442374456592 ], [ -70.825819166036538, -33.252435344610625 ], [ -70.82581493733926, -33.252428375361745 ], [ -70.825810565360598, -33.252421468808173 ], [ -70.825806051416862, -33.252414627029211 ], [ -70.825801396867078, -33.252407852084687 ], [ -70.825796603112579, -33.252401146014307 ], [ -70.825791671596662, -33.252394510837057 ], [ -70.825786603804048, -33.252387948550528 ], [ -70.8257814012605, -33.252381461130433 ], [ -70.825776065532366, -33.252375050529871 ], [ -70.825770598226057, -33.252368718678873 ], [ -70.82576500098763, -33.252362467483742 ], [ -70.82575927550225, -33.252356298826484 ], [ -70.825753423493666, -33.252350214564281 ], [ -70.825747446723753, -33.252344216528876 ], [ -70.825741346991933, -33.252338306526084 ], [ -70.825735126134646, -33.252332486335192 ], [ -70.825728786024769, -33.252326757708445 ], [ -70.825722328571146, -33.252321122370539 ], [ -70.82571575571788, -33.252315582018099 ], [ -70.82570906944386, -33.252310138319075 ], [ -70.825702271762111, -33.25230479291244 ], [ -70.825695364719181, -33.252299547407461 ], [ -70.825482011221027, -33.252140321015162 ], [ -70.825510150611947, -33.251968147258737 ], [ -70.825529526983772, -33.251770624066687 ], [ -70.825538866617194, -33.251770359874236 ], [ -70.825548199358209, -33.251769959060539 ], [ -70.825557522376059, -33.25176942174717 ], [ -70.825566832842952, -33.251768748097106 ], [ -70.825576127934909, -33.251767938314671 ], [ -70.825585404832623, -33.251766992645493 ], [ -70.825594660722288, -33.251765911376395 ], [ -70.825603892796494, -33.251764694835344 ], [ -70.825613098255033, -33.251763343391339 ], [ -70.825622274305772, -33.251761857454269 ], [ -70.8256314181655, -33.251760237474869 ], [ -70.825640527060784, -33.251758483944492 ], [ -70.825649598228779, -33.25175659739498 ], [ -70.825658628918106, -33.25175457839859 ], [ -70.825667616389623, -33.251752427567681 ], [ -70.825676557917362, -33.251750145554631 ], [ -70.825685450789223, -33.251747733051602 ], [ -70.825694292307901, -33.251745190790352 ], [ -70.825703079791666, -33.251742519541963 ], [ -70.825711810575172, -33.251739720116682 ], [ -70.825720482010269, -33.251736793363598 ], [ -70.825729091466812, -33.251733740170401 ], [ -70.825737636333471, -33.251730561463198 ], [ -70.825746114018472, -33.251727258206131 ], [ -70.825754521950458, -33.251723831401101 ], [ -70.825762857579207, -33.251720282087504 ], [ -70.825771118376437, -33.251716611341905 ], [ -70.825779301836548, -33.251712820277668 ], [ -70.825787405477413, -33.251708910044663 ], [ -70.825795426841154, -33.251704881828928 ], [ -70.825803363494742, -33.25170073685225 ], [ -70.825811213030974, -33.251696476371869 ], [ -70.825818973068948, -33.251692101680035 ], [ -70.825826641255034, -33.251687614103638 ], [ -70.825834215263342, -33.251683015003813 ], [ -70.825841692796644, -33.251678305775521 ], [ -70.825849071586902, -33.251673487847121 ], [ -70.825856349396091, -33.251668562679953 ], [ -70.825863524016782, -33.251663531767882 ], [ -70.825870593272839, -33.251658396636827 ], [ -70.825877555020099, -33.251653158844334 ], [ -70.825884407147015, -33.251647819979077 ], [ -70.825891147575291, -33.251642381660417 ], [ -70.825897774260469, -33.251636845537838 ], [ -70.825904285192664, -33.251631213290523 ], [ -70.825910678397037, -33.251625486626764 ], [ -70.825916951934502, -33.251619667283556 ], [ -70.825923103902241, -33.251613757025936 ], [ -70.825929132434325, -33.251607757646589 ], [ -70.825935035702258, -33.251601670965144 ], [ -70.82594081191553, -33.25159549882779 ], [ -70.825946459322225, -33.251589243106601 ], [ -70.825951976209424, -33.251582905698989 ], [ -70.825957360903828, -33.251576488527142 ], [ -70.825962611772241, -33.25156999353748 ], [ -70.825967727222036, -33.251563422699995 ], [ -70.825972705701716, -33.251556778007696 ], [ -70.825977545701249, -33.251550061475967 ], [ -70.825982245752655, -33.251543275142005 ], [ -70.8259868044304, -33.251536421064181 ], [ -70.825991220351838, -33.2515295013214 ], [ -70.825995492177597, -33.251522518012486 ], [ -70.825999618612016, -33.251515473255552 ], [ -70.826003598403588, -33.251508369187334 ], [ -70.826007430345186, -33.251501207962555 ], [ -70.826011113274618, -33.2514939917533 ], [ -70.826014646074839, -33.251486722748311 ], [ -70.826018027674365, -33.251479403152331 ], [ -70.826021257047557, -33.251472035185479 ], [ -70.826024333214946, -33.251464621082519 ], [ -70.826027255243574, -33.251457163092212 ], [ -70.826030022247167, -33.251449663476635 ], [ -70.826032633386518, -33.251442124510511 ], [ -70.826035087869698, -33.251434548480432 ], [ -70.826037384952272, -33.251426937684322 ], [ -70.826039523937581, -33.251419294430555 ], [ -70.826041504176843, -33.251411621037441 ], [ -70.826043325069534, -33.251403919832342 ], [ -70.826044986063366, -33.251396193151137 ], [ -70.82604648665459, -33.251388443337383 ], [ -70.82604782638812, -33.251380672741661 ], [ -70.826049004857651, -33.25137288372084 ], [ -70.826050021705754, -33.25136507863742 ], [ -70.826050876624109, -33.251357259858707 ], [ -70.82605156935341, -33.251349429756246 ], [ -70.826052099683608, -33.251341590704946 ], [ -70.826052467453891, -33.251333745082455 ], [ -70.826052672552763, -33.251325895268408 ], [ -70.826052714918035, -33.251318043643714 ], [ -70.826052594536918, -33.251310192589848 ], [ -70.826052311445991, -33.251302344488053 ], [ -70.826051865731131, -33.251294501718768 ], [ -70.826051257527553, -33.251286666660725 ], [ -70.826050487019813, -33.251278841690372 ], [ -70.826049554441639, -33.251271029181069 ], [ -70.826048460075938, -33.251263231502406 ], [ -70.826047204254678, -33.251255451019482 ], [ -70.82604578735878, -33.251247690092178 ], [ -70.826044209818079, -33.25123995107441 ], [ -70.826042472111055, -33.251232236313498 ], [ -70.826040574764846, -33.251224548149374 ], [ -70.826038518354949, -33.251216888913916 ], [ -70.825979305553076, -33.251004960443233 ], [ -70.825977117728542, -33.250997422136237 ], [ -70.825974775823767, -33.25098991658173 ], [ -70.82597228053244, -33.250982446002894 ], [ -70.825969632593711, -33.2509750126125 ], [ -70.825966832791977, -33.250967618612357 ], [ -70.82596388195654, -33.250960266192585 ], [ -70.825960780961495, -33.250952957530956 ], [ -70.825957530725418, -33.250945694792321 ], [ -70.825954132211038, -33.250938480127921 ], [ -70.825950586425066, -33.250931315674748 ], [ -70.825946894417768, -33.250924203554916 ], [ -70.825943057282785, -33.250917145875029 ], [ -70.825939076156715, -33.250910144725587 ], [ -70.825934952218788, -33.250903202180361 ], [ -70.82593068669054, -33.25089632029573 ], [ -70.825926280835503, -33.250889501110102 ], [ -70.825921735958687, -33.250882746643349 ], [ -70.825917053406329, -33.250876058896118 ], [ -70.82591223456545, -33.250869439849353 ], [ -70.825907280863404, -33.250862891463605 ], [ -70.825902193767519, -33.25085641567852 ], [ -70.825896974784627, -33.250850014412222 ], [ -70.825891625460599, -33.25084368956076 ], [ -70.825886147379975, -33.250837442997586 ], [ -70.825880542165351, -33.250831276572924 ], [ -70.82587481147705, -33.250825192113254 ], [ -70.825868957012503, -33.250819191420817 ], [ -70.825862980505832, -33.250813276273014 ], [ -70.825856883727312, -33.250807448421902 ], [ -70.825850668482843, -33.250801709593716 ], [ -70.825844336613372, -33.250796061488259 ], [ -70.825837889994432, -33.250790505778539 ], [ -70.825831330535564, -33.250785044110138 ], [ -70.825824660179649, -33.250779678100798 ], [ -70.825817880902477, -33.250774409339954 ], [ -70.8258109947121, -33.250769239388177 ], [ -70.825804003648216, -33.250764169776836 ], [ -70.825796909781602, -33.250759202007536 ], [ -70.825789715213475, -33.250754337551733 ], [ -70.825782422074838, -33.250749577850279 ], [ -70.825775032525982, -33.25074492431299 ], [ -70.825767548755692, -33.250740378318241 ], [ -70.825759972980649, -33.250735941212561 ], [ -70.825752307444816, -33.250731614310226 ], [ -70.825744554418733, -33.250727398892849 ], [ -70.825736716198847, -33.250723296209038 ], [ -70.825728795106841, -33.250719307474007 ], [ -70.825720793488955, -33.250715433869217 ], [ -70.825712713715276, -33.250711676542018 ], [ -70.825704558179027, -33.250708036605353 ], [ -70.82569632929588, -33.250704515137343 ], [ -70.825688029503226, -33.250701113181073 ], [ -70.825679661259471, -33.250697831744169 ], [ -70.825671227043273, -33.25069467179862 ], [ -70.825288381935167, -33.250554540934147 ], [ -70.825272931950252, -33.250534558468935 ], [ -70.825257093693551, -33.250514791768872 ], [ -70.82524087143257, -33.250495246159616 ], [ -70.825224269538239, -33.250475926907285 ], [ -70.825207292483753, -33.250456839216945 ], [ -70.82518994484343, -33.250437988231312 ], [ -70.825172231291319, -33.250419379029317 ], [ -70.825154156600178, -33.250401016624743 ], [ -70.825135725639939, -33.250382905964869 ], [ -70.825116943376557, -33.250365051929165 ], [ -70.825097814870674, -33.250347459327941 ], [ -70.825078345276125, -33.250330132901063 ], [ -70.826071560362962, -33.250693674032171 ], [ -70.828129742019726, -33.251465543778643 ], [ -70.828165340884411, -33.25148572403139 ], [ -70.828079777320696, -33.251599097007599 ], [ -70.828053294829544, -33.251584987327924 ], [ -70.827023343862749, -33.251198735775198 ], [ -70.827019072694924, -33.251197171207792 ], [ -70.827014769832985, -33.251195669199916 ], [ -70.827010436574753, -33.251194230204561 ], [ -70.827006074227214, -33.251192854655777 ], [ -70.827001684106165, -33.251191542968456 ], [ -70.826997267535731, -33.251190295538237 ], [ -70.826992825848066, -33.251189112741372 ], [ -70.826988360382856, -33.251187994934597 ], [ -70.826983872486991, -33.251186942455078 ], [ -70.826979363514099, -33.251185955620265 ], [ -70.826974834824185, -33.251185034727804 ], [ -70.826970287783183, -33.251184180055454 ], [ -70.826965723762584, -33.251183391861012 ], [ -70.826961144138991, -33.251182670382221 ], [ -70.826956550293701, -33.251182015836669 ], [ -70.826951943612315, -33.251181428421781 ], [ -70.826947325484312, -33.251180908314751 ], [ -70.826942697302599, -33.251180455672447 ], [ -70.826938060463135, -33.251180070631406 ], [ -70.826933416364483, -33.251179753307746 ], [ -70.826928766407391, -33.251179503797189 ], [ -70.826924111994401, -33.251179322174991 ], [ -70.82691945452936, -33.251179208495934 ], [ -70.826914795417053, -33.251179162794301 ], [ -70.826910136062764, -33.251179185083899 ], [ -70.826905477871847, -33.25117927535797 ], [ -70.826900822249314, -33.251179433589307 ], [ -70.826896170599397, -33.25117965973017 ], [ -70.826891524325106, -33.251179953712395 ], [ -70.826886884827886, -33.25118031544725 ], [ -70.82688225350708, -33.25118074482566 ], [ -70.826877631759572, -33.251181241718122 ], [ -70.826873020979406, -33.251181805974753 ], [ -70.826868422557283, -33.251182437425356 ], [ -70.826863837880168, -33.251183135879501 ], [ -70.826859268330892, -33.251183901126488 ], [ -70.826854715287737, -33.251184732935521 ], [ -70.826850180123984, -33.251185631055691 ], [ -70.826845664207539, -33.251186595216126 ], [ -70.826841168900486, -33.251187625126015 ], [ -70.826836695558697, -33.251188720474715 ], [ -70.826832245531449, -33.25118988093184 ], [ -70.826827820160929, -33.251191106147374 ], [ -70.826823420781935, -33.251192395751787 ], [ -70.826819048721418, -33.251193749356069 ], [ -70.826814705298077, -33.251195166551987 ], [ -70.826810391821965, -33.251196646912071 ], [ -70.826806109594131, -33.251198189989779 ], [ -70.826801859906183, -33.251199795319749 ], [ -70.826797644039928, -33.251201462417747 ], [ -70.826793463266924, -33.251203190780949 ], [ -70.826789318848199, -33.251204979888037 ], [ -70.826785212033812, -33.25120682919939 ], [ -70.826781144062451, -33.251208738157203 ], [ -70.826777116161097, -33.251210706185724 ], [ -70.826773129544662, -33.251212732691329 ], [ -70.826769185415586, -33.251214817062802 ], [ -70.8267652849635, -33.251216958671435 ], [ -70.826761429364879, -33.251219156871272 ], [ -70.826757619782654, -33.251221410999314 ], [ -70.826753857365858, -33.251223720375663 ], [ -70.826750143249342, -33.251226084303759 ], [ -70.826746478553346, -33.251228502070575 ], [ -70.826742864383235, -33.251230972946892 ], [ -70.826739301829107, -33.251233496187432 ], [ -70.826735791965518, -33.25123607103113 ], [ -70.826732335851119, -33.25123869670135 ], [ -70.826728934528347, -33.251241372406163 ], [ -70.826725589023127, -33.251244097338507 ], [ -70.826722300344542, -33.251246870676468 ], [ -70.826719069484525, -33.25124969158356 ], [ -70.826715897417557, -33.25125255920895 ], [ -70.82671278510044, -33.251255472687689 ], [ -70.826709733471901, -33.251258431141025 ], [ -70.826706743452377, -33.251261433676611 ], [ -70.826703815943745, -33.251264479388837 ], [ -70.826700951828997, -33.251267567359022 ], [ -70.826698151972039, -33.251270696655794 ], [ -70.826695417217351, -33.251273866335282 ], [ -70.826692748389789, -33.251277075441443 ], [ -70.826690146294368, -33.251280323006355 ], [ -70.826687611715926, -33.251283608050471 ], [ -70.826685145418963, -33.251286929582953 ], [ -70.826682748147363, -33.251290286601943 ], [ -70.826680420624214, -33.251293678094925 ], [ -70.826678163551549, -33.251297103038915 ], [ -70.826675977610137, -33.251300560400914 ], [ -70.826673863459348, -33.251304049138085 ], [ -70.826671821736866, -33.251307568198143 ], [ -70.82666985305849, -33.251311116519673 ], [ -70.826667958018049, -33.251314693032434 ], [ -70.826666137187146, -33.251318296657651 ], [ -70.826664391114988, -33.251321926308414 ], [ -70.82666272032823, -33.251325580889919 ], [ -70.826661125330816, -33.251329259299894 ], [ -70.826659606603855, -33.251332960428819 ], [ -70.826658164605448, -33.251336683160382 ], [ -70.826656799770532, -33.251340426371712 ], [ -70.826655512510783, -33.251344188933757 ], [ -70.826654303214468, -33.251347969711674 ], [ -70.826653172246367, -33.251351767565076 ], [ -70.826652119947582, -33.251355581348463 ], [ -70.826651146635569, -33.251359409911515 ], [ -70.826650252603869, -33.251363252099438 ], [ -70.826649438122175, -33.251367106753349 ], [ -70.826648703436149, -33.251370972710596 ], [ -70.826648048767424, -33.251374848805128 ], [ -70.826647474313432, -33.251378733867817 ], [ -70.826646980247475, -33.251382626726866 ], [ -70.826646566718608, -33.251386526208059 ], [ -70.82664623385152, -33.251390431135263 ], [ -70.826645981746665, -33.251394340330663 ], [ -70.826645810480073, -33.251398252615125 ], [ -70.826645720103429, -33.251402166808674 ], [ -70.826645710643987, -33.251406081730629 ], [ -70.826645782104634, -33.251409996200209 ], [ -70.826645934463784, -33.2514139090367 ], [ -70.826646167675534, -33.251417819059924 ], [ -70.826646481669542, -33.251421725090502 ], [ -70.826646876351091, -33.251425625950311 ], [ -70.826647351601181, -33.25142952046275 ], [ -70.826695354865478, -33.251791850953147 ], [ -70.826696289306909, -33.25179949623687 ], [ -70.826697068502909, -33.251807153793358 ], [ -70.826697692227029, -33.251814821397275 ], [ -70.826698160297923, -33.251822496820409 ], [ -70.826698472579579, -33.251830177832296 ], [ -70.826698628981163, -33.25183786220078 ], [ -70.826698629457212, -33.251845547692803 ], [ -70.826698474007529, -33.251853232074907 ], [ -70.82669816267726, -33.251860913114029 ], [ -70.826697695556831, -33.251868588577999 ], [ -70.82669707278194, -33.251876256236343 ], [ -70.826696294533548, -33.251883913860809 ], [ -70.826695361037764, -33.251891559226067 ], [ -70.826694272565803, -33.251899190110358 ], [ -70.826693029433969, -33.251906804296141 ], [ -70.826693029433969, -33.251906804296141 ] ] ] ] } },
{ "type": "Feature", "properties": { "fid": 60, "Arae": 3277.212 }, "geometry": { "type": "MultiPolygon", "coordinates": [ [ [ [ -70.819082350011342, -33.246776157153974 ], [ -70.81899167142646, -33.247148214878443 ], [ -70.817476727691869, -33.246598272739178 ], [ -70.817487127320575, -33.246586576047577 ], [ -70.819082350011342, -33.246776157153974 ] ] ] ] } },
{ "type": "Feature", "properties": { "fid": 61, "Arae": 6882.522 }, "geometry": { "type": "MultiPolygon", "coordinates": [ [ [ [ -70.822583528917534, -33.247196183300403 ], [ -70.82360335358166, -33.247313305527797 ], [ -70.823933112464573, -33.248234476419441 ], [ -70.824218326098006, -33.249038764655353 ], [ -70.824037188021364, -33.248973278560861 ], [ -70.823696845610925, -33.248261202597561 ], [ -70.823685937246452, -33.248238936129859 ], [ -70.823674573959337, -33.248216830874298 ], [ -70.823662759122868, -33.248194893392345 ], [ -70.823650496244326, -33.248173130195624 ], [ -70.823637788964007, -33.248151547744065 ], [ -70.823624641054082, -33.248130152443942 ], [ -70.823611056417519, -33.248108950645943 ], [ -70.823597039086906, -33.248087948643331 ], [ -70.823582593223264, -33.248067152670046 ], [ -70.823567723114792, -33.248046568898907 ], [ -70.823552433175635, -33.2480262034397 ], [ -70.8235367279445, -33.248006062337431 ], [ -70.823520612083385, -33.247986151570501 ], [ -70.823504090376161, -33.247966477048948 ], [ -70.823487167727123, -33.247947044612623 ], [ -70.823469849159636, -33.247927860029627 ], [ -70.823452139814506, -33.247908928994391 ], [ -70.823434044948542, -33.247890257126109 ], [ -70.82341556993299, -33.24787184996709 ], [ -70.823396720251893, -33.247853712981033 ], [ -70.823377501500531, -33.247835851551407 ], [ -70.823357919383682, -33.24781827097992 ], [ -70.823337979714012, -33.247800976484939 ], [ -70.823317688410285, -33.247783973199866 ], [ -70.823297051495615, -33.247767266171692 ], [ -70.822583528917534, -33.247196183300403 ] ] ] ] } },
{ "type": "Feature", "properties": { "fid": 104, "Arae": 110013.87 }, "geometry": { "type": "MultiPolygon", "coordinates": [ [ [ [ -70.808639232799152, -33.246397863290916 ], [ -70.80983282614082, -33.245036452049519 ], [ -70.810844561670024, -33.245402371383626 ], [ -70.810746763351474, -33.245514250088597 ], [ -70.810278309476772, -33.245344823318923 ], [ -70.810269683914456, -33.245341778290729 ], [ -70.810260996476075, -33.245338860102883 ], [ -70.810252249803071, -33.245336069642661 ], [ -70.810243446554935, -33.245333407758544 ], [ -70.810234589408367, -33.24533087525991 ], [ -70.810225681056451, -33.245328472916754 ], [ -70.810216724207791, -33.245326201459534 ], [ -70.810207721585826, -33.245324061578899 ], [ -70.81019867592785, -33.245322053925513 ], [ -70.810189589984219, -33.245320179109804 ], [ -70.810180466517608, -33.245318437701805 ], [ -70.81017130830206, -33.245316830231047 ], [ -70.810162118122179, -33.245315357186243 ], [ -70.810152898772301, -33.245314019015325 ], [ -70.810143653055619, -33.245312816125143 ], [ -70.810134383783378, -33.24531174888147 ], [ -70.810125093773934, -33.245310817608789 ], [ -70.810115785851963, -33.245310022590282 ], [ -70.810106462847628, -33.245309364067658 ], [ -70.810097127595611, -33.245308842241151 ], [ -70.810087782934374, -33.245308457269424 ], [ -70.810078431705222, -33.24530820926956 ], [ -70.810069076751432, -33.24530809831694 ], [ -70.810059720917465, -33.245308124445302 ], [ -70.810050367047992, -33.245308287646715 ], [ -70.810041017987132, -33.245308587871541 ], [ -70.810031676577495, -33.245309025028504 ], [ -70.810022345659434, -33.245309598984704 ], [ -70.81001302807006, -33.245310309565603 ], [ -70.810003726642435, -33.245311156555154 ], [ -70.809994444204719, -33.245312139695841 ], [ -70.809985183579286, -33.245313258688697 ], [ -70.809975947581904, -33.245314513193513 ], [ -70.809966739020837, -33.245315902828857 ], [ -70.809957560695992, -33.245317427172196 ], [ -70.809948415398125, -33.24531908576003 ], [ -70.809939305907903, -33.245320878088087 ], [ -70.809930234995107, -33.245322803611373 ], [ -70.809921205417851, -33.245324861744429 ], [ -70.8099122199216, -33.245327051861466 ], [ -70.809903281238476, -33.245329373296585 ], [ -70.809894392086363, -33.245331825343904 ], [ -70.809885555168037, -33.245334407257893 ], [ -70.809876773170444, -33.245337118253502 ], [ -70.809868048763789, -33.245339957506431 ], [ -70.809859384600827, -33.245342924153377 ], [ -70.809850783315937, -33.245346017292341 ], [ -70.809842247524429, -33.245349235982815 ], [ -70.809833779821631, -33.245352579246116 ], [ -70.809825382782236, -33.245356046065751 ], [ -70.809817058959453, -33.245359635387587 ], [ -70.809808810884178, -33.245363346120257 ], [ -70.809800641064299, -33.245367177135499 ], [ -70.809792551983932, -33.245371127268477 ], [ -70.80978454610262, -33.245375195318097 ], [ -70.809776625854624, -33.245379380047481 ], [ -70.809768793648189, -33.245383680184212 ], [ -70.809761051864712, -33.245388094420804 ], [ -70.809753402858192, -33.245392621415071 ], [ -70.809745848954364, -33.245397259790565 ], [ -70.809738392450058, -33.245402008136956 ], [ -70.809731035612501, -33.245406865010452 ], [ -70.809723780678624, -33.245411828934323 ], [ -70.80971662985435, -33.24541689839922 ], [ -70.809709585313954, -33.245422071863757 ], [ -70.809702649199409, -33.245427347754898 ], [ -70.809695823619691, -33.245432724468458 ], [ -70.809689110650211, -33.245438200369613 ], [ -70.809682512332117, -33.245443773793383 ], [ -70.80967603067171, -33.245449443045132 ], [ -70.809669667639795, -33.245455206401054 ], [ -70.809663425171138, -33.245461062108781 ], [ -70.809657305163825, -33.245467008387827 ], [ -70.809651309478724, -33.245473043430195 ], [ -70.809645439938905, -33.245479165400866 ], [ -70.809639698329065, -33.245485372438409 ], [ -70.809634086395022, -33.245491662655517 ], [ -70.809588089006965, -33.245544167094806 ], [ -70.808905923404865, -33.246322826598117 ], [ -70.808900484010948, -33.246329149200243 ], [ -70.808895175634078, -33.246335549943083 ], [ -70.808889999863851, -33.246342026909971 ], [ -70.808884958250118, -33.246348578161438 ], [ -70.808880052302612, -33.24635520173576 ], [ -70.80887528349038, -33.246361895649549 ], [ -70.80887065324147, -33.246368657898387 ], [ -70.808866162942394, -33.246375486457339 ], [ -70.808861813937767, -33.246382379281677 ], [ -70.808857607529916, -33.246389334307366 ], [ -70.808853544978447, -33.246396349451771 ], [ -70.808849627499896, -33.246403422614286 ], [ -70.808845856267354, -33.246410551676881 ], [ -70.808842232410129, -33.24641773450481 ], [ -70.808838757013405, -33.246424968947224 ], [ -70.808835431117913, -33.246432252837828 ], [ -70.80883225571958, -33.24643958399551 ], [ -70.808829231769323, -33.246446960224993 ], [ -70.80882636017266, -33.24645437931752 ], [ -70.80882364178953, -33.246461839051499 ], [ -70.808821077433947, -33.24646933719314 ], [ -70.808818667873865, -33.246476871497187 ], [ -70.808816413830854, -33.246484439707544 ], [ -70.808814315979859, -33.246492039557964 ], [ -70.808812374949184, -33.246499668772692 ], [ -70.808810591320054, -33.246507325067228 ], [ -70.808808965626611, -33.246515006148925 ], [ -70.808807498355705, -33.246522709717745 ], [ -70.80880618994675, -33.246530433466887 ], [ -70.808805040791583, -33.246538175083515 ], [ -70.808804051234361, -33.246545932249468 ], [ -70.808803221571424, -33.246553702641876 ], [ -70.808802552051262, -33.246561483933981 ], [ -70.808802042874404, -33.246569273795657 ], [ -70.808801694193377, -33.246577069894315 ], [ -70.808801506112601, -33.246584869895429 ], [ -70.808801478688466, -33.246592671463368 ], [ -70.808801611929212, -33.246600472261946 ], [ -70.808801905795008, -33.246608269955303 ], [ -70.808802360197859, -33.24661606220841 ], [ -70.808802975001782, -33.246623846687932 ], [ -70.80880375002269, -33.246631621062846 ], [ -70.808804685028562, -33.24663938300516 ], [ -70.808805779739444, -33.246647130190588 ], [ -70.808807033827591, -33.246654860299273 ], [ -70.80880844691751, -33.246662571016458 ], [ -70.808810018586087, -33.24667026003322 ], [ -70.808811748362743, -33.246677925047102 ], [ -70.808813635729535, -33.24668556376286 ], [ -70.808815680121342, -33.246693173893121 ], [ -70.808817880926043, -33.246700753159033 ], [ -70.808820237484625, -33.246708299291029 ], [ -70.80882274909149, -33.24671581002945 ], [ -70.808825414994558, -33.246723283125242 ], [ -70.808828234395591, -33.246730716340608 ], [ -70.808831206450364, -33.246738107449701 ], [ -70.808834330268951, -33.246745454239282 ], [ -70.808837604915979, -33.246752754509366 ], [ -70.808841029410871, -33.246760006073949 ], [ -70.808844602728257, -33.246767206761554 ], [ -70.808848323798117, -33.246774354415933 ], [ -70.808852191506233, -33.246781446896783 ], [ -70.808856204694479, -33.246788482080262 ], [ -70.808860362161141, -33.246795457859726 ], [ -70.808864662661307, -33.246802372146277 ], [ -70.808869104907259, -33.24680922286948 ], [ -70.808873687568791, -33.246816007977877 ], [ -70.808878409273674, -33.246822725439706 ], [ -70.808883268608042, -33.246829373243443 ], [ -70.808888264116817, -33.24683594939841 ], [ -70.808893394304121, -33.246842451935386 ], [ -70.808898657633776, -33.246848878907251 ], [ -70.808904052529712, -33.246855228389407 ], [ -70.808909577376468, -33.24686149848057 ], [ -70.808915230519673, -33.246867687303116 ], [ -70.808921010266531, -33.246873793003878 ], [ -70.808926914886328, -33.246879813754482 ], [ -70.80893294261098, -33.246885747752046 ], [ -70.808939091635494, -33.24689159321963 ], [ -70.808945360118614, -33.24689734840684 ], [ -70.808951746183254, -33.246903011590291 ], [ -70.808958247917147, -33.246908581074152 ], [ -70.80896486337339, -33.246914055190665 ], [ -70.808971590571005, -33.246919432300587 ], [ -70.808978427495575, -33.246924710793792 ], [ -70.808985372099798, -33.246929889089614 ], [ -70.808992422304172, -33.246934965637443 ], [ -70.808999575997504, -33.246939938917116 ], [ -70.809006831037692, -33.246944807439363 ], [ -70.809014185252195, -33.246949569746363 ], [ -70.809021636438857, -33.246954224412008 ], [ -70.80902918236643, -33.246958770042475 ], [ -70.809036820775304, -33.246963205276607 ], [ -70.809044549378186, -33.246967528786257 ], [ -70.809052365860779, -33.246971739276766 ], [ -70.809060267882444, -33.246975835487312 ], [ -70.809068253076958, -33.246979816191292 ], [ -70.809346666788045, -33.247115885149221 ], [ -70.808830991182688, -33.247705772087109 ], [ -70.808791783805049, -33.247701300841598 ], [ -70.80877361939261, -33.247699361813055 ], [ -70.80875541825084, -33.247697683478869 ], [ -70.808737185678638, -33.247696266327658 ], [ -70.808718926984099, -33.247695110772028 ], [ -70.808700647482908, -33.247694217148371 ], [ -70.808682352496788, -33.247693585716881 ], [ -70.808664047352011, -33.247693216661368 ], [ -70.808645737377773, -33.247693110089301 ], [ -70.808627427904696, -33.247693266031725 ], [ -70.808609124263242, -33.247693684443206 ], [ -70.808590831782183, -33.247694365201973 ], [ -70.808572555787052, -33.247695308109833 ], [ -70.808554301598548, -33.247696512892254 ], [ -70.808536074531048, -33.24769797919852 ], [ -70.808517879891056, -33.247699706601736 ], [ -70.808499722975611, -33.24770169459903 ], [ -70.808481609070753, -33.247703942611601 ], [ -70.808463543450031, -33.24770644998501 ], [ -70.808445531372925, -33.247709215989275 ], [ -70.808427578083325, -33.247712239819123 ], [ -70.808409688808041, -33.247715520594234 ], [ -70.808391868755194, -33.247719057359511 ], [ -70.808374123112799, -33.247722849085228 ], [ -70.808356457047182, -33.247726894667522 ], [ -70.808338875701509, -33.247731192928626 ], [ -70.808321384194315, -33.247735742617138 ], [ -70.808303987617947, -33.247740542408536 ], [ -70.808286691037111, -33.247745590905431 ], [ -70.808269499487423, -33.247750886638052 ], [ -70.808252417973932, -33.247756428064669 ], [ -70.808235451469656, -33.247762213571953 ], [ -70.808218604914103, -33.247768241475583 ], [ -70.808201883211879, -33.247774510020655 ], [ -70.808185291231254, -33.247781017382174 ], [ -70.808168833802725, -33.247787761665641 ], [ -70.808152515717609, -33.247794740907587 ], [ -70.808136341726708, -33.247801953076113 ], [ -70.808120316538819, -33.247809396071546 ], [ -70.808104444819435, -33.247817067726992 ], [ -70.8080887311894, -33.247824965808938 ], [ -70.808073180223516, -33.247833088018055 ], [ -70.808057796449233, -33.247841431989649 ], [ -70.80804258434533, -33.247849995294537 ], [ -70.808027548340604, -33.247858775439646 ], [ -70.80790525932106, -33.247931492745458 ], [ -70.807901488425031, -33.247933776499842 ], [ -70.807897765185373, -33.247936114807771 ], [ -70.80789409071987, -33.247938506967259 ], [ -70.807890466131568, -33.247940952260194 ], [ -70.80788689250862, -33.24794344995248 ], [ -70.807883370923804, -33.247945999294316 ], [ -70.807879902434337, -33.24794859952037 ], [ -70.807876488081448, -33.247951249850054 ], [ -70.807873128890179, -33.247953949487744 ], [ -70.807869825868949, -33.247956697622975 ], [ -70.807866580009332, -33.24795949343077 ], [ -70.807863392285768, -33.247962336071815 ], [ -70.807860263655215, -33.247965224692749 ], [ -70.807857195056911, -33.247968158426374 ], [ -70.807854187412076, -33.247971136392003 ], [ -70.807851241623581, -33.247974157695623 ], [ -70.807848358575797, -33.247977221430261 ], [ -70.80784553913422, -33.247980326676142 ], [ -70.807842784145265, -33.247983472501069 ], [ -70.807840094436003, -33.247986657960645 ], [ -70.80783747081388, -33.247989882098643 ], [ -70.807834914066532, -33.247993143947092 ], [ -70.807832424961532, -33.247996442526812 ], [ -70.8078300042461, -33.247999776847564 ], [ -70.807827652646949, -33.248003145908363 ], [ -70.807825370870049, -33.248006548697795 ], [ -70.807823159600417, -33.248009984194354 ], [ -70.807821019501887, -33.248013451366695 ], [ -70.807818951216916, -33.248016949173945 ], [ -70.807816955366434, -33.248020476566055 ], [ -70.807815032549613, -33.248024032484089 ], [ -70.807813183343683, -33.248027615860551 ], [ -70.80781140830382, -33.248031225619698 ], [ -70.807809707962875, -33.248034860677869 ], [ -70.807808082831315, -33.248038519943812 ], [ -70.807806533397027, -33.248042202318999 ], [ -70.807805060125176, -33.248045906697961 ], [ -70.807803663458017, -33.248049631968634 ], [ -70.807802343814885, -33.248053377012674 ], [ -70.807801101591934, -33.248057140705811 ], [ -70.807799937162088, -33.248060921918182 ], [ -70.807798850874931, -33.248064719514623 ], [ -70.807797843056591, -33.248068532355099 ], [ -70.807796914009614, -33.248072359294987 ], [ -70.807796064012905, -33.248076199185419 ], [ -70.807795293321661, -33.248080050873632 ], [ -70.807794602167277, -33.248083913203338 ], [ -70.807793990757204, -33.248087785015073 ], [ -70.807793459275047, -33.248091665146475 ], [ -70.807793007880349, -33.248095552432744 ], [ -70.807792636708626, -33.248099445706863 ], [ -70.807792345871306, -33.248103343800075 ], [ -70.807792135455742, -33.248107245542151 ], [ -70.807792005525087, -33.24811114976179 ], [ -70.807791956118379, -33.248115055286895 ], [ -70.807791987250454, -33.248118960945035 ], [ -70.807792098911946, -33.248122865563701 ], [ -70.80779229106939, -33.248126767970724 ], [ -70.807792563665089, -33.248130666994577 ], [ -70.807792916617203, -33.248134561464752 ], [ -70.807793349819818, -33.248138450212103 ], [ -70.807793863142891, -33.248142332069236 ], [ -70.807794456432291, -33.248146205870768 ], [ -70.807795129509969, -33.248150070453796 ], [ -70.807795882173849, -33.248153924658133 ], [ -70.807796714197977, -33.248157767326724 ], [ -70.807797625332611, -33.248161597306016 ], [ -70.807798615304236, -33.248165413446195 ], [ -70.807799683815645, -33.248169214601646 ], [ -70.8078008305461, -33.248172999631251 ], [ -70.807802055151328, -33.248176767398725 ], [ -70.807803357263737, -33.248180516772969 ], [ -70.8078047364924, -33.248184246628398 ], [ -70.807806192423314, -33.248187955845282 ], [ -70.807807724619394, -33.248191643310093 ], [ -70.807809332620664, -33.248195307915843 ], [ -70.807811015944438, -33.248198948562411 ], [ -70.807812774085335, -33.248202564156841 ], [ -70.807814606515606, -33.248206153613715 ], [ -70.807816512685108, -33.248209715855459 ], [ -70.807818492021653, -33.248213249812679 ], [ -70.80782054393103, -33.248216754424448 ], [ -70.807822667797225, -33.248220228638665 ], [ -70.807824862982685, -33.248223671412369 ], [ -70.807827128828393, -33.248227081711988 ], [ -70.807829464654148, -33.248230458513767 ], [ -70.807831869758729, -33.248233800803945 ], [ -70.807834343420097, -33.248237107579179 ], [ -70.807836884895679, -33.248240377846713 ], [ -70.80783949342252, -33.248243610624819 ], [ -70.807842168217505, -33.248246804943022 ], [ -70.807844908477662, -33.248249959842326 ], [ -70.807847713380369, -33.248253074375633 ], [ -70.807850582083589, -33.248256147607954 ], [ -70.807853513726101, -33.248259178616664 ], [ -70.807856507427829, -33.248262166491848 ], [ -70.807859562290048, -33.248265110336533 ], [ -70.807862677395704, -33.248268009266944 ], [ -70.808127638886418, -33.248510328655421 ], [ -70.807496474478256, -33.249232294831081 ], [ -70.807221239959432, -33.249045094354059 ], [ -70.807213936908695, -33.249040214870618 ], [ -70.80720653398221, -33.249035442826525 ], [ -70.807199033418527, -33.249030779664778 ], [ -70.807191437485713, -33.249026226795444 ], [ -70.807183748480668, -33.249021785595239 ], [ -70.807175968728487, -33.249017457407128 ], [ -70.80716810058162, -33.249013243539885 ], [ -70.807160146419307, -33.249009145267728 ], [ -70.807152108646775, -33.249005163829899 ], [ -70.807143989694538, -33.249001300430336 ], [ -70.807135792017647, -33.248997556237285 ], [ -70.807127518094973, -33.248993932382916 ], [ -70.807119170428422, -33.248990429963023 ], [ -70.807110751542226, -33.248987050036703 ], [ -70.807102263982117, -33.248983793626003 ], [ -70.807093710314618, -33.248980661715599 ], [ -70.807085093126233, -33.248977655252538 ], [ -70.807076415022678, -33.248974775145918 ], [ -70.807067678628073, -33.248972022266642 ], [ -70.807058886584173, -33.248969397447162 ], [ -70.807050041549587, -33.248966901481168 ], [ -70.807041146198884, -33.248964535123392 ], [ -70.807032203221894, -33.24896229908942 ], [ -70.807023215322843, -33.24896019405535 ], [ -70.807014185219543, -33.248958220657755 ], [ -70.807005115642554, -33.248956379493336 ], [ -70.806996009334355, -33.248954671118838 ], [ -70.806986869048586, -33.248953096050862 ], [ -70.806977697549115, -33.248951654765655 ], [ -70.806968497609262, -33.248950347699079 ], [ -70.806959272010928, -33.248949175246352 ], [ -70.80695002354382, -33.248948137761992 ], [ -70.806940755004518, -33.248947235559747 ], [ -70.806931469195675, -33.248946468912422 ], [ -70.806922168925183, -33.248945838051839 ], [ -70.806912857005301, -33.248945343168756 ], [ -70.806903536251809, -33.248944984412823 ], [ -70.806894209483161, -33.248944761892531 ], [ -70.806884879519586, -33.248944675675148 ], [ -70.806875549182379, -33.248944725786778 ], [ -70.806866221292836, -33.248944912212245 ], [ -70.806856898671612, -33.248945234895181 ], [ -70.806847584137685, -33.24894569373803 ], [ -70.806838280507634, -33.248946288602006 ], [ -70.806828990594738, -33.24894701930728 ], [ -70.806819717208114, -33.24894788563288 ], [ -70.806810463151891, -33.248948887316843 ], [ -70.80680123122437, -33.248950024056278 ], [ -70.806792024217117, -33.24895129550746 ], [ -70.806782844914224, -33.248952701285894 ], [ -70.806773696091327, -33.248954240966555 ], [ -70.806764580514908, -33.248955914083808 ], [ -70.806755500941392, -33.24895772013177 ], [ -70.806746460116301, -33.248959658564289 ], [ -70.806737460773419, -33.24896172879523 ], [ -70.806728505634041, -33.248963930198599 ], [ -70.806719597406058, -33.248966262108738 ], [ -70.806710738783181, -33.248968723820461 ], [ -70.806701932444113, -33.248971314589426 ], [ -70.806693181051784, -33.248974033632216 ], [ -70.806684487252497, -33.248976880126648 ], [ -70.806675853675088, -33.248979853211971 ], [ -70.806667282930277, -33.24898295198917 ], [ -70.806658777609684, -33.248986175521239 ], [ -70.806650340285231, -33.248989522833405 ], [ -70.806641973508235, -33.248992992913514 ], [ -70.806633679808698, -33.248996584712259 ], [ -70.806625461694509, -33.24900029714356 ], [ -70.80661732165072, -33.249004129084788 ], [ -70.806609262138764, -33.249008079377248 ], [ -70.806601285595733, -33.249012146826445 ], [ -70.806593394433634, -33.249016330202416 ], [ -70.806585591038655, -33.249020628240174 ], [ -70.806577877770408, -33.249025039640067 ], [ -70.806570256961322, -33.249029563068177 ], [ -70.8065627309158, -33.249034197156632 ], [ -70.806555301909682, -33.2490389405042 ], [ -70.806547972189335, -33.249043791676542 ], [ -70.806540743971226, -33.24904874920675 ], [ -70.806533619441055, -33.249053811595708 ], [ -70.806526600753216, -33.24905897731265 ], [ -70.806519690030072, -33.249064244795541 ], [ -70.806512889361358, -33.249069612451528 ], [ -70.806506200803497, -33.249075078657576 ], [ -70.806499626379036, -33.249080641760727 ], [ -70.806493168076031, -33.249086300078801 ], [ -70.806486827847408, -33.249092051900803 ], [ -70.806480607610368, -33.249097895487445 ], [ -70.806474509245845, -33.249103829071743 ], [ -70.806468534597968, -33.249109850859448 ], [ -70.806462685473349, -33.249115959029623 ], [ -70.806456963640755, -33.249122151735293 ], [ -70.806451370830416, -33.249128427103841 ], [ -70.804485142475826, -33.251374998007861 ], [ -70.804479730252538, -33.251381294633283 ], [ -70.804474447932805, -33.251387668663135 ], [ -70.804469297084395, -33.251394118205688 ], [ -70.804464279236072, -33.251400641346741 ], [ -70.80445939587716, -33.251407236150257 ], [ -70.804454648457025, -33.251413900658974 ], [ -70.804450038384687, -33.251420632894892 ], [ -70.804445567028424, -33.251427430859955 ], [ -70.804441235715331, -33.25143429253653 ], [ -70.804437045730964, -33.251441215888136 ], [ -70.804432998318916, -33.251448198859997 ], [ -70.804429094680444, -33.251455239379567 ], [ -70.804425335974187, -33.251462335357274 ], [ -70.804421723315727, -33.251469484687114 ], [ -70.8044182577773, -33.251476685247184 ], [ -70.804414940387531, -33.251483934900392 ], [ -70.804411772131004, -33.251491231495088 ], [ -70.804408753948081, -33.251498572865692 ], [ -70.8044058867346, -33.251505956833334 ], [ -70.804403171341562, -33.2515133812065 ], [ -70.804400608574909, -33.25152084378167 ], [ -70.804398199195305, -33.251528342344002 ], [ -70.804395943917868, -33.251535874667958 ], [ -70.804393843412001, -33.25154343851797 ], [ -70.804391898301176, -33.251551031649157 ], [ -70.804390109162711, -33.251558651807912 ], [ -70.804388476527663, -33.251566296732605 ], [ -70.804387000880624, -33.251573964154275 ], [ -70.804385682659614, -33.251581651797252 ], [ -70.804384522255901, -33.251589357379885 ], [ -70.804383520013943, -33.251597078615227 ], [ -70.804382676231228, -33.251604813211607 ], [ -70.804381991158237, -33.251612558873461 ], [ -70.804381464998329, -33.251620313301927 ], [ -70.804381097907736, -33.251628074195494 ], [ -70.804380889995414, -33.251635839250781 ], [ -70.804380841323137, -33.25164360616315 ], [ -70.804380951905387, -33.251651372627435 ], [ -70.804381221709392, -33.251659136338567 ], [ -70.804381650655102, -33.251666894992297 ], [ -70.804382238615247, -33.251674646285935 ], [ -70.804382985415387, -33.251682387918876 ], [ -70.804383890833904, -33.251690117593455 ], [ -70.804384954602114, -33.251697833015548 ], [ -70.80438617640435, -33.25170553189524 ], [ -70.804387555878009, -33.251713211947525 ], [ -70.804389092613718, -33.25172087089301 ], [ -70.804390786155409, -33.251728506458512 ], [ -70.804392636000514, -33.251736116377884 ], [ -70.804394641600027, -33.251743698392474 ], [ -70.80439680235871, -33.251751250251992 ], [ -70.804399117635327, -33.251758769715046 ], [ -70.80440158674277, -33.251766254549942 ], [ -70.804404208948199, -33.251773702535139 ], [ -70.804406983473442, -33.251781111460133 ], [ -70.804409909495035, -33.251788479125992 ], [ -70.804412986144584, -33.251795803345971 ], [ -70.804416212508997, -33.251803081946299 ], [ -70.804419587630719, -33.251810312766686 ], [ -70.804423110508083, -33.251817493661072 ], [ -70.804426780095525, -33.25182462249817 ], [ -70.80443059530397, -33.251831697162153 ], [ -70.804434555001095, -33.251838715553298 ], [ -70.804438658011719, -33.251845675588555 ], [ -70.804442903118101, -33.2518525752022 ], [ -70.804447289060334, -33.251859412346448 ], [ -70.804451814536705, -33.25186618499206 ], [ -70.804456478204131, -33.251872891128912 ], [ -70.804448898236274, -33.251862203905432 ], [ -70.804458582789152, -33.251875592552338 ], [ -70.804468542751763, -33.251888837795853 ], [ -70.804478775117147, -33.251901935637015 ], [ -70.804489276796062, -33.251914882121348 ], [ -70.804500044617981, -33.251927673340035 ], [ -70.804511075332002, -33.251940305431205 ], [ -70.804522365607852, -33.25195277458095 ], [ -70.804533912036874, -33.251965077024614 ], [ -70.804545711133088, -33.251977209047865 ], [ -70.80455775933423, -33.251989166987791 ], [ -70.804570053002777, -33.252000947234066 ], [ -70.804582588427124, -33.252012546230013 ], [ -70.804595361822706, -33.252023960473643 ], [ -70.804608369333039, -33.252035186518796 ], [ -70.804621607030967, -33.252046220976069 ], [ -70.804635070919872, -33.252057060513998 ], [ -70.804648756934796, -33.252067701859851 ], [ -70.80466266094372, -33.25207814180083 ], [ -70.804676778748828, -33.25208837718489 ], [ -70.804691106087716, -33.252098404921767 ], [ -70.804705638634729, -33.252108221983868 ], [ -70.804720372002279, -33.252117825407254 ], [ -70.804735301742085, -33.252127212292429 ], [ -70.804750423346619, -33.252136379805286 ], [ -70.804765732250402, -33.252145325177992 ], [ -70.804781223831398, -33.25215404570973 ], [ -70.804796893412401, -33.252162538767628 ], [ -70.804812736262519, -33.252170801787415 ], [ -70.804828747598464, -33.252178832274332 ], [ -70.804844922586128, -33.252186627803788 ], [ -70.804861256341979, -33.252194186022173 ], [ -70.804877743934512, -33.252201504647488 ], [ -70.804894380385818, -33.252208581470093 ], [ -70.804589711255659, -33.252557047059426 ], [ -70.804482799830126, -33.252530674870634 ], [ -70.804465274209534, -33.252526487202573 ], [ -70.804447666498419, -33.252522550131189 ], [ -70.804429981772202, -33.252518864791398 ], [ -70.804412225128502, -33.252515432245481 ], [ -70.804394401685656, -33.252512253482841 ], [ -70.804376516581243, -33.252509329419787 ], [ -70.804358574970635, -33.252506660899186 ], [ -70.804340582025461, -33.252504248690222 ], [ -70.804322542932198, -33.252502093488239 ], [ -70.804304462890585, -33.252500195914457 ], [ -70.804286347112168, -33.25249855651586 ], [ -70.804268200818782, -33.252497175765015 ], [ -70.804250029241089, -33.252496054059925 ], [ -70.804231837617024, -33.252495191723909 ], [ -70.804213631190294, -33.252494589005572 ], [ -70.804195415208881, -33.252494246078633 ], [ -70.804177194923497, -33.252494163041931 ], [ -70.804158975586134, -33.252494339919437 ], [ -70.804140762448498, -33.25249477666015 ], [ -70.804122560760462, -33.25249547313819 ], [ -70.804104375768688, -33.252496429152821 ], [ -70.80408621271495, -33.252497644428445 ], [ -70.804068076834739, -33.252499118614786 ], [ -70.804049973355689, -33.252500851286925 ], [ -70.80403190749611, -33.252502841945422 ], [ -70.804013884463473, -33.252505090016456 ], [ -70.803995909452894, -33.252507594852055 ], [ -70.803977987645666, -33.252510355730195 ], [ -70.80396012420772, -33.25251337185508 ], [ -70.803942324288172, -33.252516642357286 ], [ -70.803924593017868, -33.252520166294119 ], [ -70.803906935507825, -33.252523942649816 ], [ -70.803889356847804, -33.252527970335841 ], [ -70.803548853126898, -33.252608602630978 ], [ -70.803539865329952, -33.25261080223612 ], [ -70.803530924571106, -33.252613133245212 ], [ -70.803522033571554, -33.252615594948836 ], [ -70.80351319503734, -33.252618186597736 ], [ -70.803504411658523, -33.252620907403141 ], [ -70.803495686108391, -33.252623756536941 ], [ -70.803487021042642, -33.252626733131997 ], [ -70.803478419098568, -33.252629836282331 ], [ -70.803469882894234, -33.252633065043526 ], [ -70.803461415027684, -33.252636418432857 ], [ -70.803453018076198, -33.252639895429702 ], [ -70.803444694595456, -33.252643494975821 ], [ -70.803436447118784, -33.252647215975657 ], [ -70.80342827815636, -33.252651057296688 ], [ -70.803420190194501, -33.252655017769811 ], [ -70.803412185694825, -33.252659096189589 ], [ -70.803404267093583, -33.252663291314768 ], [ -70.803396436800853, -33.252667601868502 ], [ -70.803388697199907, -33.25267202653886 ], [ -70.803381050646323, -33.252676563979136 ], [ -70.803373499467426, -33.252681212808341 ], [ -70.803366045961468, -33.252685971611577 ], [ -70.803358692397026, -33.25269083894046 ], [ -70.803351441012211, -33.252695813313565 ], [ -70.803344294014067, -33.252700893216918 ], [ -70.803337253577851, -33.252706077104428 ], [ -70.803330321846403, -33.252711363398305 ], [ -70.803323500929466, -33.252716750489654 ], [ -70.803316792903075, -33.252722236738855 ], [ -70.803310199808877, -33.252727820476139 ], [ -70.803303723653571, -33.252733500002016 ], [ -70.803297366408245, -33.252739273587906 ], [ -70.803291130007793, -33.252745139476559 ], [ -70.803285016350358, -33.252751095882665 ], [ -70.803279027296696, -33.252757140993296 ], [ -70.803273164669676, -33.252763272968615 ], [ -70.803267430253641, -33.252769489942295 ], [ -70.803261825793953, -33.25277579002212 ], [ -70.801941718063219, -33.254287029656034 ], [ -70.798014084170589, -33.258775419087804 ], [ -70.79800869620091, -33.258781687856043 ], [ -70.798003436988793, -33.25878803333454 ], [ -70.797998308081219, -33.258794453656854 ], [ -70.797993310986868, -33.258800946934464 ], [ -70.797988447175612, -33.258807511257459 ], [ -70.797983718078157, -33.258814144694931 ], [ -70.797979125085547, -33.258820845295745 ], [ -70.797974669548836, -33.258827611088954 ], [ -70.79797035277862, -33.258834440084428 ], [ -70.797966176044653, -33.258841330273484 ], [ -70.797962140575549, -33.258848279629404 ], [ -70.797958247558356, -33.258855286108094 ], [ -70.797954498138211, -33.258862347648609 ], [ -70.797950893418005, -33.258869462173877 ], [ -70.797947434458109, -33.258876627591192 ], [ -70.797944122275965, -33.258883841792887 ], [ -70.797940957845867, -33.25889110265696 ], [ -70.79793794209867, -33.258898408047642 ], [ -70.797935075921458, -33.258905755816116 ], [ -70.797932360157347, -33.258913143801088 ], [ -70.797929795605214, -33.258920569829414 ], [ -70.797927383019427, -33.258928031716771 ], [ -70.797925123109678, -33.258935527268285 ], [ -70.79792301654075, -33.258943054279165 ], [ -70.797921063932321, -33.258950610535415 ], [ -70.797919265858781, -33.258958193814379 ], [ -70.797917622849042, -33.258965801885481 ], [ -70.797916135386473, -33.258973432510857 ], [ -70.797914803908597, -33.258981083445974 ], [ -70.797913628807137, -33.258988752440366 ], [ -70.797912610427758, -33.258996437238238 ], [ -70.797911749070082, -33.259004135579126 ], [ -70.797911044987487, -33.259011845198614 ], [ -70.797910498387139, -33.259019563828964 ], [ -70.79791010942985, -33.259027289199743 ], [ -70.797909878230058, -33.259035019038606 ], [ -70.797909804855834, -33.259042751071838 ], [ -70.797909889328793, -33.259050483025099 ], [ -70.797910131624135, -33.259058212624048 ], [ -70.79791053167061, -33.259065937595103 ], [ -70.797911089350606, -33.259073655665958 ], [ -70.797911804500131, -33.259081364566384 ], [ -70.797912676908851, -33.259089062028842 ], [ -70.797913706320202, -33.259096745789151 ], [ -70.797914892431436, -33.259104413587146 ], [ -70.797916234893691, -33.259112063167414 ], [ -70.797917733312119, -33.259119692279825 ], [ -70.797919387246026, -33.259127298680312 ], [ -70.797921196208932, -33.259134880131491 ], [ -70.797923159668812, -33.259142434403302 ], [ -70.797925277048122, -33.259149959273671 ], [ -70.797927547724086, -33.259157452529173 ], [ -70.798162844820425, -33.259906985060638 ], [ -70.797580720807787, -33.260572642708112 ], [ -70.797080567895179, -33.260411310225081 ], [ -70.797071817216207, -33.260408560714389 ], [ -70.79706301088909, -33.260405939604638 ], [ -70.797054151582941, -33.260403447690301 ], [ -70.797045241982943, -33.260401085726585 ], [ -70.797036284789485, -33.260398854429432 ], [ -70.797027282717409, -33.26039675447511 ], [ -70.797018238495141, -33.260394786500079 ], [ -70.7970091548639, -33.260392951100833 ], [ -70.79700003457684, -33.260391248833663 ], [ -70.796990880398212, -33.260389680214502 ], [ -70.796981695102573, -33.260388245718794 ], [ -70.796972481473873, -33.260386945781285 ], [ -70.79696324230467, -33.260385780796007 ], [ -70.796953980395244, -33.260384751116057 ], [ -70.796944698552792, -33.260383857053519 ], [ -70.796935399590538, -33.260383098879352 ], [ -70.79692608632692, -33.260382476823381 ], [ -70.796916761584654, -33.260381991074119 ], [ -70.796907428189968, -33.260381641778828 ], [ -70.796898088971744, -33.260381429043335 ], [ -70.796888746760587, -33.260381352932164 ], [ -70.796879404387994, -33.260381413468338 ], [ -70.796870064685578, -33.260381610633566 ], [ -70.79686073048407, -33.260381944368035 ], [ -70.796851404612582, -33.260382414570628 ], [ -70.79684208989768, -33.260383021098839 ], [ -70.796832789162565, -33.2603837637688 ], [ -70.796823505226186, -33.26038464235544 ], [ -70.796814240902378, -33.260385656592497 ], [ -70.796804998999107, -33.260386806172512 ], [ -70.79679578231746, -33.260388090747114 ], [ -70.796786593650921, -33.260389509926924 ], [ -70.796777435784506, -33.260391063281816 ], [ -70.796768311493835, -33.260392750341012 ], [ -70.796759223544385, -33.260394570593157 ], [ -70.796750174690672, -33.260396523486556 ], [ -70.796741167675236, -33.260398608429306 ], [ -70.796732205228068, -33.260400824789492 ], [ -70.796723290065557, -33.260403171895362 ], [ -70.796714424889842, -33.260405649035519 ], [ -70.796705612387825, -33.26040825545919 ], [ -70.796696855230522, -33.260410990376386 ], [ -70.796688156072122, -33.260413852958187 ], [ -70.796679517549265, -33.260416842336952 ], [ -70.796670942280215, -33.260419957606679 ], [ -70.796662432864025, -33.260423197823116 ], [ -70.79665399187985, -33.260426562004213 ], [ -70.796645621886043, -33.260430049130321 ], [ -70.79663732541951, -33.260433658144521 ], [ -70.796629104994821, -33.260437387952969 ], [ -70.796620963103507, -33.260441237425191 ], [ -70.796612902213298, -33.260445205394447 ], [ -70.796604924767394, -33.260449290658087 ], [ -70.796597033183701, -33.260453491977927 ], [ -70.796589229854064, -33.260457808080567 ], [ -70.796581517143622, -33.260462237657855 ], [ -70.796573897390047, -33.260466779367221 ], [ -70.796566372902831, -33.26047143183213 ], [ -70.796558945962559, -33.260476193642447 ], [ -70.796551618820303, -33.260481063354945 ], [ -70.796544393696863, -33.260486039493621 ], [ -70.796537272782132, -33.260491120550284 ], [ -70.796530258234398, -33.260496304984919 ], [ -70.796523352179719, -33.260501591226145 ], [ -70.796516556711296, -33.260506977671795 ], [ -70.796509873888766, -33.260512462689242 ], [ -70.796503305737673, -33.260518044616063 ], [ -70.796496854248787, -33.260523721760414 ], [ -70.796490521377507, -33.260529492401602 ], [ -70.796484309043308, -33.260535354790612 ], [ -70.796478219129085, -33.260541307150589 ], [ -70.796472253480701, -33.260547347677445 ], [ -70.796466413906288, -33.260553474540338 ], [ -70.796460702175821, -33.260559685882271 ], [ -70.796455120020482, -33.260565979820662 ], [ -70.792683287793565, -33.264896679299198 ], [ -70.781288733012531, -33.277909997463325 ], [ -70.781086293071894, -33.277912898925877 ], [ -70.792553471952701, -33.264816677666367 ], [ -70.797965216702806, -33.258602928603679 ], [ -70.801811940746646, -33.254207002743208 ], [ -70.806169893368534, -33.249217848384944 ], [ -70.808639232799152, -33.246397863290916 ] ] ] ] } },
{ "type": "Feature", "properties": { "fid": 119, "Arae": 3346.978 }, "geometry": { "type": "MultiPolygon", "coordinates": [ [ [ [ -70.818274342841846, -33.245711817288857 ], [ -70.817997719500013, -33.246012279338167 ], [ -70.817882095591983, -33.246141036820902 ], [ -70.81748711241049, -33.246586574275533 ], [ -70.817487127320561, -33.246586576047591 ], [ -70.817476727691869, -33.246598272739178 ], [ -70.81725139982187, -33.246516402681671 ], [ -70.817249787607551, -33.246515581883244 ], [ -70.8172481926469, -33.246514737620743 ], [ -70.817246615423585, -33.24651387015016 ], [ -70.817245056415857, -33.246512979734518 ], [ -70.817243516096411, -33.246512066643824 ], [ -70.817241994932317, -33.246511131154953 ], [ -70.817240493384844, -33.246510173551556 ], [ -70.817239011909251, -33.246509194123988 ], [ -70.817237550954786, -33.246508193169255 ], [ -70.81723611096443, -33.246507170990853 ], [ -70.817234692374839, -33.246506127898726 ], [ -70.81723329561612, -33.24650506420916 ], [ -70.817231921111826, -33.246503980244718 ], [ -70.817230569278721, -33.246502876334048 ], [ -70.817229240526729, -33.246501752811888 ], [ -70.817227935258742, -33.24650061001892 ], [ -70.817226653870534, -33.246499448301655 ], [ -70.817225396750672, -33.24649826801236 ], [ -70.817224164280333, -33.246497069508926 ], [ -70.81722295683322, -33.246495853154762 ], [ -70.817221774775447, -33.246494619318668 ], [ -70.817220618465456, -33.246493368374793 ], [ -70.817219488253869, -33.246492100702461 ], [ -70.817218384483368, -33.246490816686041 ], [ -70.817217307488647, -33.246489516714874 ], [ -70.817216257596272, -33.246488201183141 ], [ -70.817215235124593, -33.246486870489733 ], [ -70.817214240383649, -33.24648552503816 ], [ -70.817213273675065, -33.246484165236389 ], [ -70.81721233529197, -33.246482791496717 ], [ -70.817211425518877, -33.246481404235716 ], [ -70.817210544631664, -33.246480003874026 ], [ -70.817209692897436, -33.246478590836276 ], [ -70.817208870574461, -33.246477165550914 ], [ -70.817208077912071, -33.246475728450115 ], [ -70.817207315150611, -33.246474279969654 ], [ -70.817206582521379, -33.246472820548718 ], [ -70.817205880246519, -33.246471350629847 ], [ -70.817205208538965, -33.246469870658771 ], [ -70.817204567602403, -33.246468381084227 ], [ -70.817203957631179, -33.246466882357886 ], [ -70.817203378810234, -33.246465374934175 ], [ -70.817202831315086, -33.246463859270229 ], [ -70.817202315311746, -33.246462335825584 ], [ -70.817201830956662, -33.246460805062185 ], [ -70.817201378396717, -33.246459267444216 ], [ -70.817200957769145, -33.246457723437906 ], [ -70.817200569201447, -33.246456173511397 ], [ -70.817200212811485, -33.246454618134713 ], [ -70.817199888707279, -33.246453057779455 ], [ -70.817199596987152, -33.246451492918723 ], [ -70.81719933773951, -33.246449924027054 ], [ -70.817199111042996, -33.24644835158017 ], [ -70.817198916966348, -33.246446776054839 ], [ -70.817198755568384, -33.246445197928821 ], [ -70.817198626898062, -33.246443617680626 ], [ -70.817198530994389, -33.246442035789428 ], [ -70.817198467886442, -33.246440452734866 ], [ -70.817198437593376, -33.246438868996982 ], [ -70.817198440124344, -33.24643728505599 ], [ -70.817198475478591, -33.246435701392151 ], [ -70.817198543645375, -33.246434118485709 ], [ -70.817198644604076, -33.246432536816599 ], [ -70.817198778324013, -33.246430956864423 ], [ -70.817198944764698, -33.246429379108243 ], [ -70.817199143875627, -33.246427804026517 ], [ -70.817199375596431, -33.246426232096788 ], [ -70.817199639856824, -33.246424663795715 ], [ -70.817199936576728, -33.24642309959885 ], [ -70.817200265666131, -33.246421539980489 ], [ -70.817200627025244, -33.246419985413517 ], [ -70.817201020544502, -33.246418436369332 ], [ -70.817201446104576, -33.24641689331763 ], [ -70.817201903576432, -33.246415356726303 ], [ -70.817202392821358, -33.246413827061275 ], [ -70.817202913690991, -33.246412304786354 ], [ -70.817203466027394, -33.246410790363143 ], [ -70.817204049663104, -33.246409284250852 ], [ -70.817204664421112, -33.246407786906154 ], [ -70.817205310115042, -33.246406298783064 ], [ -70.817205986549084, -33.246404820332842 ], [ -70.817206693518131, -33.246403352003746 ], [ -70.817207430807827, -33.246401894241032 ], [ -70.817208198194606, -33.246400447486707 ], [ -70.817208995445782, -33.246399012179474 ], [ -70.817209822319597, -33.246397588754533 ], [ -70.817210678565317, -33.24639617764349 ], [ -70.817211563923351, -33.246394779274247 ], [ -70.817212478125199, -33.246393394070807 ], [ -70.817213420893651, -33.246392022453186 ], [ -70.817214391942869, -33.246390664837271 ], [ -70.817215390978404, -33.246389321634744 ], [ -70.81721641769731, -33.246387993252888 ], [ -70.817217471788283, -33.246386680094488 ], [ -70.817218552931678, -33.246385382557733 ], [ -70.81721966079968, -33.246384101036043 ], [ -70.817220795056372, -33.246382835918006 ], [ -70.817221955357809, -33.246381587587244 ], [ -70.817223141352159, -33.246380356422272 ], [ -70.817224352679816, -33.246379142796386 ], [ -70.817225588973471, -33.246377947077598 ], [ -70.817226849858258, -33.246376769628476 ], [ -70.817228134951847, -33.246375610806034 ], [ -70.818076849222436, -33.245630343179521 ], [ -70.818090716082153, -33.24563445707313 ], [ -70.818104499186902, -33.245638765115352 ], [ -70.818118194687059, -33.245643266102974 ], [ -70.818131798757477, -33.245647958778875 ], [ -70.818145307598584, -33.245652841832403 ], [ -70.818158717437342, -33.245657913899706 ], [ -70.818172024528408, -33.245663173564175 ], [ -70.818185225155105, -33.245668619356806 ], [ -70.818198315630525, -33.245674249756576 ], [ -70.818211292298471, -33.24568006319091 ], [ -70.818224151534579, -33.245686058036149 ], [ -70.818236889747268, -33.24569223261792 ], [ -70.818249503378738, -33.245698585211684 ], [ -70.818261988906002, -33.245705114043162 ], [ -70.818274342841846, -33.24571181728885 ], [ -70.818274342841846, -33.245711817288857 ] ] ] ] } },
{ "type": "Feature", "properties": { "fid": 120, "Arae": 2765.892 }, "geometry": { "type": "MultiPolygon", "coordinates": [ [ [ [ -70.820157580742332, -33.243577870818214 ], [ -70.819883273610401, -33.243888690531939 ], [ -70.819319902612193, -33.244520999556634 ], [ -70.819228341606376, -33.244623298489493 ], [ -70.818959458349951, -33.244929295334821 ], [ -70.818575899627149, -33.245363967958099 ], [ -70.818506163321587, -33.245460017097237 ], [ -70.818380264912264, -33.245597770969511 ], [ -70.8183655788186, -33.245589569298083 ], [ -70.818350731127325, -33.245581575695738 ], [ -70.818335726013146, -33.245573792410006 ], [ -70.818320567695082, -33.245566221629289 ], [ -70.818305260435153, -33.245558865482252 ], [ -70.818289808537287, -33.245551726037213 ], [ -70.818274216346097, -33.24554480530152 ], [ -70.81825848824559, -33.245538105221094 ], [ -70.818242628658041, -33.245531627679753 ], [ -70.818226642042632, -33.24552537449879 ], [ -70.818210532894284, -33.245519347436364 ], [ -70.818194305742395, -33.245513548187112 ], [ -70.820147813584256, -33.24357098242249 ], [ -70.820157580742332, -33.243577870818214 ], [ -70.820157580742332, -33.243577870818214 ] ] ] ] } },
{ "type": "Feature", "properties": { "fid": 121, "Arae": 717.289 }, "geometry": { "type": "MultiPolygon", "coordinates": [ [ [ [ -70.820995560345253, -33.242638909663803 ], [ -70.820811703052939, -33.242832586147372 ], [ -70.820606669618158, -33.243066259174164 ], [ -70.820497134985132, -33.243194246860867 ], [ -70.820157856071191, -33.243578064996896 ], [ -70.820061186101256, -33.243509887353525 ], [ -70.820625014408037, -33.24298431719005 ], [ -70.820995560345253, -33.242638909663796 ], [ -70.820995560345253, -33.242638909663803 ] ] ] ] } },
{ "type": "Feature", "properties": { "fid": 122, "Arae": 8266.056 }, "geometry": { "type": "MultiPolygon", "coordinates": [ [ [ [ -70.817816968229053, -33.243768011035186 ], [ -70.81778986578783, -33.244161197733618 ], [ -70.817789773812692, -33.244162769549263 ], [ -70.817789714497593, -33.244164342474328 ], [ -70.817789687860611, -33.244165916029679 ], [ -70.817789693909873, -33.244167489736014 ], [ -70.817789732643519, -33.244169063113958 ], [ -70.817789804049767, -33.244170635684206 ], [ -70.817789908106846, -33.244172206967789 ], [ -70.817790044783095, -33.244173776486065 ], [ -70.817790214036862, -33.244175343760951 ], [ -70.817790415816589, -33.244176908315019 ], [ -70.817790650060829, -33.244178469671688 ], [ -70.817790916698229, -33.244180027355377 ], [ -70.817791215647532, -33.244181580891585 ], [ -70.81779154681773, -33.244183129807091 ], [ -70.817791910107928, -33.244184673630095 ], [ -70.817792305407451, -33.244186211890302 ], [ -70.81779273259589, -33.244187744119174 ], [ -70.81779319154316, -33.244189269849969 ], [ -70.817793682109411, -33.244190788617914 ], [ -70.817794204145244, -33.244192299960403 ], [ -70.817794757491626, -33.244193803417055 ], [ -70.81779534198003, -33.24419529852991 ], [ -70.817795957432381, -33.244196784843538 ], [ -70.817796603661236, -33.244198261905183 ], [ -70.817797280469733, -33.244199729264942 ], [ -70.817797987651716, -33.244201186475799 ], [ -70.817798724991789, -33.244202633093913 ], [ -70.817799492265308, -33.24420406867862 ], [ -70.817800289238605, -33.244205492792624 ], [ -70.817801115668871, -33.244206905002109 ], [ -70.817801971304419, -33.244208304876921 ], [ -70.817802855884565, -33.24420969199064 ], [ -70.817803769139886, -33.244211065920737 ], [ -70.817804710792188, -33.244212426248716 ], [ -70.817805680554642, -33.244213772560165 ], [ -70.817806678131831, -33.244215104445018 ], [ -70.817807703219913, -33.244216421497576 ], [ -70.817808755506618, -33.244217723316616 ], [ -70.817809834671408, -33.24421900950562 ], [ -70.81781094038557, -33.244220279672767 ], [ -70.817812072312293, -33.244221533431208 ], [ -70.817813230106765, -33.244222770398984 ], [ -70.817814413416343, -33.244223990199323 ], [ -70.817815621880541, -33.244225192460668 ], [ -70.817816855131269, -33.24422637681679 ], [ -70.817818112792878, -33.244227542906906 ], [ -70.817819394482243, -33.244228690375834 ], [ -70.817820699808991, -33.244229818874039 ], [ -70.817822028375474, -33.244230928057775 ], [ -70.817823379776996, -33.244232017589148 ], [ -70.817824753601911, -33.244233087136308 ], [ -70.817826149431767, -33.244234136373429 ], [ -70.817827566841331, -33.244235164980942 ], [ -70.817829005398892, -33.244236172645465 ], [ -70.817830464666216, -33.244237159060113 ], [ -70.817831944198815, -33.244238123924369 ], [ -70.817833443546007, -33.244239066944353 ], [ -70.817834962251084, -33.244239987832806 ], [ -70.817836499851424, -33.244240886309207 ], [ -70.817838055878639, -33.244241762099861 ], [ -70.817839629858767, -33.244242614938024 ], [ -70.817841221312364, -33.244243444563885 ], [ -70.817842829754639, -33.244244250724734 ], [ -70.817844454695674, -33.244245033175034 ], [ -70.817846095640462, -33.244245791676427 ], [ -70.817847752089165, -33.244246525997845 ], [ -70.817849423537226, -33.244247235915623 ], [ -70.817851109475484, -33.244247921213514 ], [ -70.817852809390388, -33.244248581682761 ], [ -70.817854522764137, -33.244249217122189 ], [ -70.817856249074808, -33.24424982733823 ], [ -70.817857987796572, -33.244250412145014 ], [ -70.817859738399761, -33.244250971364394 ], [ -70.817861500351142, -33.244251504826018 ], [ -70.817863273114014, -33.244252012367411 ], [ -70.817865056148364, -33.24425249383394 ], [ -70.817866848911052, -33.244252949078977 ], [ -70.817868650856013, -33.244253377963837 ], [ -70.817870461434325, -33.244253780357859 ], [ -70.817872280094491, -33.24425415613851 ], [ -70.817874106282503, -33.244254505191279 ], [ -70.817875939442089, -33.244254827409875 ], [ -70.817877779014879, -33.244255122696131 ], [ -70.817879624440494, -33.244255390960078 ], [ -70.817881475156796, -33.244255632120051 ], [ -70.81788333060004, -33.244255846102547 ], [ -70.817885190205047, -33.244256032842408 ], [ -70.817887053405357, -33.244256192282741 ], [ -70.817888919633418, -33.244256324374994 ], [ -70.817890788320753, -33.244256429078902 ], [ -70.818344274891913, -33.244278499143533 ], [ -70.818345195510673, -33.244278550737711 ], [ -70.818346114937441, -33.244278615626797 ], [ -70.818347032900348, -33.244278693791642 ], [ -70.818347949127883, -33.24427878520909 ], [ -70.818348863349144, -33.244278889852119 ], [ -70.81834977529374, -33.244279007689762 ], [ -70.818350684691993, -33.244279138687212 ], [ -70.818351591274947, -33.244279282805692 ], [ -70.818352494774558, -33.244279440002593 ], [ -70.818353394923591, -33.244279610231452 ], [ -70.818354291455861, -33.244279793441883 ], [ -70.818355184106238, -33.244279989579745 ], [ -70.818356072610754, -33.24428019858702 ], [ -70.818356956706623, -33.244280420401886 ], [ -70.818357836132435, -33.244280654958779 ], [ -70.818358710628075, -33.244280902188301 ], [ -70.818359579934977, -33.244281162017352 ], [ -70.818360443796053, -33.244281434369093 ], [ -70.818361301955804, -33.244281719162998 ], [ -70.818362154160482, -33.244282016314827 ], [ -70.818363000158072, -33.244282325736705 ], [ -70.818363839698364, -33.244282647337144 ], [ -70.818364672533093, -33.244282981021016 ], [ -70.818365498415986, -33.244283326689661 ], [ -70.818366317102772, -33.244283684240834 ], [ -70.818367128351369, -33.244284053568819 ], [ -70.81836793192187, -33.244284434564392 ], [ -70.818368727576626, -33.244284827114882 ], [ -70.818369515080349, -33.244285231104179 ], [ -70.81837029420015, -33.244285646412848 ], [ -70.81837106470563, -33.244286072918051 ], [ -70.818371826368917, -33.244286510493666 ], [ -70.818372578964755, -33.244286959010275 ], [ -70.818373322270631, -33.244287418335254 ], [ -70.818374056066688, -33.244287888332778 ], [ -70.818374780135926, -33.244288368863828 ], [ -70.818375494264231, -33.244288859786323 ], [ -70.818376198240401, -33.244289360955072 ], [ -70.818376891856275, -33.244289872221884 ], [ -70.818377574906705, -33.244290393435548 ], [ -70.818378247189699, -33.244290924441906 ], [ -70.818378908506475, -33.244291465083954 ], [ -70.818379558661434, -33.244292015201815 ], [ -70.818380197462318, -33.244292574632794 ], [ -70.818380824720208, -33.244293143211451 ], [ -70.818381440249624, -33.244293720769633 ], [ -70.818382043868525, -33.244294307136563 ], [ -70.818382635398393, -33.244294902138812 ], [ -70.818383214664308, -33.244295505600455 ], [ -70.818383781494987, -33.244296117342998 ], [ -70.818384335722783, -33.24429673718555 ], [ -70.818384877183789, -33.244297364944792 ], [ -70.818385405717876, -33.244298000435087 ], [ -70.818385921168769, -33.244298643468539 ], [ -70.818386423384013, -33.244299293854937 ], [ -70.81838691221509, -33.244299951401942 ], [ -70.818387387517447, -33.244300615915144 ], [ -70.81838784915054, -33.244301287197999 ], [ -70.81838829697783, -33.244301965051982 ], [ -70.818388730866872, -33.244302649276655 ], [ -70.81838915068937, -33.244303339669678 ], [ -70.818389556321179, -33.244304036026854 ], [ -70.818389947642316, -33.244304738142283 ], [ -70.818390324537091, -33.244305445808315 ], [ -70.818390686894006, -33.244306158815661 ], [ -70.818391034605938, -33.244306876953502 ], [ -70.81839136757003, -33.244307600009421 ], [ -70.818391685687843, -33.244308327769623 ], [ -70.818611920988957, -33.244825865082014 ], [ -70.818289606068262, -33.245146368650488 ], [ -70.818186206942471, -33.24507107382513 ], [ -70.818184127764681, -33.245069533232311 ], [ -70.818182080469583, -33.245067962780766 ], [ -70.818180065664407, -33.245066362936299 ], [ -70.818178083946748, -33.245064734173425 ], [ -70.818176135904366, -33.245063076975228 ], [ -70.818174222115047, -33.245061391833239 ], [ -70.818172343146429, -33.245059679247248 ], [ -70.818170499555777, -33.245057939725214 ], [ -70.818168691889937, -33.245056173783098 ], [ -70.818166920685016, -33.245054381944634 ], [ -70.818165186466388, -33.245052564741314 ], [ -70.818163489748386, -33.245050722712101 ], [ -70.818161831034274, -33.245048856403344 ], [ -70.818160210815989, -33.245046966368577 ], [ -70.818158629574128, -33.245045053168383 ], [ -70.818157087777649, -33.24504311737023 ], [ -70.818155585883844, -33.245041159548265 ], [ -70.818154124338179, -33.245039180283143 ], [ -70.818152703574142, -33.245037180161944 ], [ -70.81815132401313, -33.245035159777913 ], [ -70.818149986064313, -33.245033119730252 ], [ -70.818148690124502, -33.245031060624065 ], [ -70.818147436578101, -33.245028983070064 ], [ -70.818146225796866, -33.24502688768446 ], [ -70.818145058139962, -33.245024775088716 ], [ -70.81814393395365, -33.245022645909444 ], [ -70.818142853571416, -33.245020500778146 ], [ -70.818141817313659, -33.245018340331072 ], [ -70.818140825487745, -33.245016165208995 ], [ -70.818139878387839, -33.245013976057074 ], [ -70.818138976294833, -33.245011773524588 ], [ -70.818138119476288, -33.245009558264783 ], [ -70.818137308186351, -33.245007330934747 ], [ -70.818136542665627, -33.245005092195072 ], [ -70.818135823141162, -33.245002842709759 ], [ -70.818135149826375, -33.245000583146009 ], [ -70.818134522920957, -33.244998314174012 ], [ -70.818133942610842, -33.244996036466738 ], [ -70.818133409068153, -33.24499375069972 ], [ -70.818132922451127, -33.244991457550938 ], [ -70.81813248290409, -33.244989157700559 ], [ -70.818132090557398, -33.24498685183066 ], [ -70.818131745527452, -33.244984540625197 ], [ -70.818131447916542, -33.244982224769636 ], [ -70.81813119781296, -33.244979904950888 ], [ -70.818130995290872, -33.244977581856986 ], [ -70.818130840410333, -33.244975256176943 ], [ -70.818130733217302, -33.244972928600575 ], [ -70.818130673743539, -33.244970599818217 ], [ -70.818130662006695, -33.244968270520573 ], [ -70.818131988009043, -33.24471372395594 ], [ -70.818131983262859, -33.244712788871411 ], [ -70.818131959283789, -33.244711853995476 ], [ -70.818131916078997, -33.244710919607456 ], [ -70.818131853661384, -33.244709985986461 ], [ -70.818131772049597, -33.24470905341142 ], [ -70.81813167126802, -33.244708122160915 ], [ -70.818131551346767, -33.244707192513175 ], [ -70.818131412321677, -33.244706264745915 ], [ -70.818131254234245, -33.244705339136296 ], [ -70.818131077131724, -33.244704415960847 ], [ -70.818130881067006, -33.244703495495372 ], [ -70.818130666098696, -33.244702578014824 ], [ -70.818130432290999, -33.244701663793315 ], [ -70.818130179713748, -33.244700753103949 ], [ -70.81812990844243, -33.244699846218815 ], [ -70.818129618558061, -33.244698943408821 ], [ -70.818129310147256, -33.244698044943668 ], [ -70.818128983302131, -33.244697151091792 ], [ -70.818128638120356, -33.2446962621202 ], [ -70.818128274705046, -33.244695378294473 ], [ -70.818127893164757, -33.244694499878669 ], [ -70.818127493613488, -33.244693627135184 ], [ -70.818127076170597, -33.244692760324753 ], [ -70.818126640960784, -33.244691899706332 ], [ -70.818126188114078, -33.244691045537017 ], [ -70.818125717765767, -33.244690198072 ], [ -70.818125230056339, -33.24468935756444 ], [ -70.818124725131526, -33.244688524265463 ], [ -70.818124203142162, -33.244687698423967 ], [ -70.818123664244183, -33.244686880286714 ], [ -70.818123108598584, -33.244686070098084 ], [ -70.818122536371362, -33.244685268100113 ], [ -70.818121947733459, -33.24468447453242 ], [ -70.818121342860749, -33.244683689632062 ], [ -70.818120721933909, -33.244682913633518 ], [ -70.81812008513846, -33.244682146768618 ], [ -70.818119432664602, -33.244681389266475 ], [ -70.818118764707307, -33.244680641353369 ], [ -70.818118081466096, -33.244679903252724 ], [ -70.818117383145108, -33.244679175185063 ], [ -70.818116669952914, -33.24467845736789 ], [ -70.818115942102622, -33.244677750015647 ], [ -70.818115199811658, -33.244677053339636 ], [ -70.818114443301766, -33.244676367548003 ], [ -70.818113672798958, -33.244675692845604 ], [ -70.818112888533406, -33.244675029434035 ], [ -70.818112090739433, -33.244674377511458 ], [ -70.818111279655355, -33.244673737272642 ], [ -70.818110455523467, -33.244673108908842 ], [ -70.81810961859, -33.244672492607791 ], [ -70.818108769104981, -33.244671888553604 ], [ -70.818107907322158, -33.244671296926725 ], [ -70.818107033499004, -33.244670717903915 ], [ -70.818106147896572, -33.244670151658156 ], [ -70.818105250779425, -33.244669598358577 ], [ -70.818104342415566, -33.244669058170523 ], [ -70.818103423076366, -33.244668531255321 ], [ -70.818102493036477, -33.244668017770415 ], [ -70.818101552573751, -33.244667517869203 ], [ -70.818100601969121, -33.24466703170102 ], [ -70.818099641506578, -33.244666559411122 ], [ -70.818098671473095, -33.244666101140581 ], [ -70.818097692158389, -33.244665657026289 ], [ -70.81809670385509, -33.244665227200962 ], [ -70.818095706858429, -33.244664811792987 ], [ -70.818094701466237, -33.244664410926454 ], [ -70.817547052201292, -33.244450904944898 ], [ -70.817544591288708, -33.2444499241819 ], [ -70.817542150478118, -33.244448908569545 ], [ -70.817539730468397, -33.244447858398637 ], [ -70.817537331952465, -33.244446773969862 ], [ -70.817534955617091, -33.244445655593751 ], [ -70.817532602142734, -33.244444503590479 ], [ -70.817530272203228, -33.244443318289974 ], [ -70.817527966465732, -33.244442100031584 ], [ -70.817525685590454, -33.244440849164143 ], [ -70.81752343023048, -33.24443956604582 ], [ -70.817521201031582, -33.244438251044009 ], [ -70.817518998632067, -33.244436904535235 ], [ -70.817516823662558, -33.24443552690505 ], [ -70.817514676745802, -33.244434118547936 ], [ -70.817512558496546, -33.244432679867131 ], [ -70.817510469521309, -33.244431211274573 ], [ -70.817508410418213, -33.244429713190776 ], [ -70.81750638177688, -33.244428186044701 ], [ -70.81750438417815, -33.244426630273601 ], [ -70.817502418194024, -33.244425046322945 ], [ -70.817500484387395, -33.244423434646293 ], [ -70.817498583312002, -33.244421795705108 ], [ -70.817496715512164, -33.24442012996866 ], [ -70.817494881522705, -33.244418437913929 ], [ -70.817493081868747, -33.244416720025391 ], [ -70.817491317065574, -33.244414976794928 ], [ -70.817489587618539, -33.244413208721696 ], [ -70.817487894022818, -33.244411416311948 ], [ -70.817486236763344, -33.244409600078903 ], [ -70.81748461631463, -33.244407760542622 ], [ -70.81735929976692, -33.244262954489123 ], [ -70.81735765335911, -33.244261085999533 ], [ -70.817355968973033, -33.2442592415657 ], [ -70.817354247106351, -33.24425742173262 ], [ -70.817352488267872, -33.244255627037987 ], [ -70.817350692977286, -33.244253858012101 ], [ -70.817348861765026, -33.244252115177659 ], [ -70.817346995172187, -33.244250399049612 ], [ -70.817345093750305, -33.244248710135054 ], [ -70.817343158061206, -33.244247048932976 ], [ -70.817341188676806, -33.244245415934266 ], [ -70.817339186179026, -33.244243811621395 ], [ -70.817337151159563, -33.244242236468409 ], [ -70.817335084219707, -33.244240690940714 ], [ -70.817332985970182, -33.24423917549499 ], [ -70.817330857030953, -33.244237690579006 ], [ -70.817328698031091, -33.244236236631501 ], [ -70.817326509608506, -33.244234814082091 ], [ -70.817324292409822, -33.244233423351098 ], [ -70.817322047090173, -33.244232064849434 ], [ -70.817319774312978, -33.244230738978523 ], [ -70.8173174747498, -33.244229446130099 ], [ -70.817315149080073, -33.2442281866862 ], [ -70.817312797990994, -33.244226961018924 ], [ -70.817310422177243, -33.244225769490427 ], [ -70.817308022340796, -33.24422461245279 ], [ -70.817305599190775, -33.24422349024789 ], [ -70.817303153443135, -33.244222403207282 ], [ -70.817300685820527, -33.244221351652165 ], [ -70.817298197052054, -33.244220335893253 ], [ -70.817295687873099, -33.244219356230687 ], [ -70.81729315902507, -33.244218412953913 ], [ -70.817290611255146, -33.244217506341663 ], [ -70.817288045316147, -33.24421663666179 ], [ -70.817285461966222, -33.244215804171269 ], [ -70.817282861968707, -33.24421500911609 ], [ -70.817280246091798, -33.244214251731172 ], [ -70.817277615108438, -33.244213532240288 ], [ -70.817274969796017, -33.24421285085603 ], [ -70.817272310936133, -33.244212207779753 ], [ -70.817269639314418, -33.244211603201428 ], [ -70.817266955720271, -33.244211037299713 ], [ -70.817264260946615, -33.244210510241821 ], [ -70.817261555789685, -33.244210022183481 ], [ -70.817258841048769, -33.244209573268911 ], [ -70.817256117526043, -33.244209163630735 ], [ -70.817253386026167, -33.244208793389994 ], [ -70.817250647356289, -33.244208462656083 ], [ -70.817247902325562, -33.244208171526743 ], [ -70.817245151745098, -33.24420792008798 ], [ -70.817242396427631, -33.244207708414081 ], [ -70.817239637187242, -33.244207536567586 ], [ -70.817236874839239, -33.244207404599308 ], [ -70.81723411019982, -33.24420731254822 ], [ -70.817231344085855, -33.244207260441492 ], [ -70.816974106438082, -33.244204272862106 ], [ -70.816972990195339, -33.244204251761111 ], [ -70.816971874555904, -33.244204214398131 ], [ -70.816970759855295, -33.244204160784413 ], [ -70.816969646428717, -33.24420409093608 ], [ -70.816968534611021, -33.244204004874135 ], [ -70.816967424736561, -33.244203902624463 ], [ -70.816966317139119, -33.244203784217824 ], [ -70.8169652121518, -33.244203649689801 ], [ -70.816964110106881, -33.244203499080882 ], [ -70.816963011335787, -33.244203332436328 ], [ -70.816961916168964, -33.244203149806282 ], [ -70.816960824935762, -33.244202951245647 ], [ -70.816959737964339, -33.244202736814152 ], [ -70.816958655581601, -33.244202506576265 ], [ -70.816957578113019, -33.244202260601242 ], [ -70.816956505882658, -33.244201998963057 ], [ -70.816955439212961, -33.244201721740367 ], [ -70.816954378424711, -33.24420142901657 ], [ -70.816953323836913, -33.244201120879694 ], [ -70.816952275766724, -33.24420079742238 ], [ -70.816951234529313, -33.244200458741936 ], [ -70.81695020043783, -33.244200104940191 ], [ -70.816949173803266, -33.244199736123548 ], [ -70.816948154934337, -33.244199352402951 ], [ -70.816947144137472, -33.244198953893758 ], [ -70.816946141716642, -33.244198540715821 ], [ -70.816945147973314, -33.244198112993388 ], [ -70.816944163206315, -33.244197670855129 ], [ -70.816943187711814, -33.244197214433967 ], [ -70.816942221783179, -33.244196743867192 ], [ -70.816941265710881, -33.244196259296288 ], [ -70.816940319782447, -33.244195760867001 ], [ -70.81693938428235, -33.244195248729234 ], [ -70.816938459491894, -33.244194723036969 ], [ -70.816937545689257, -33.244194183948331 ], [ -70.816936643149177, -33.244193631625429 ], [ -70.816935752143138, -33.244193066234352 ], [ -70.816934872939044, -33.244192487945149 ], [ -70.816934005801329, -33.244191896931717 ], [ -70.816933150990764, -33.24419129337182 ], [ -70.816932308764407, -33.244190677446916 ], [ -70.816931479375555, -33.244190049342286 ], [ -70.816930663073606, -33.244189409246793 ], [ -70.816929860104082, -33.24418875735293 ], [ -70.81692907070844, -33.244188093856756 ], [ -70.816928295124072, -33.2441874189578 ], [ -70.816927533584234, -33.244186732859028 ], [ -70.81692678631795, -33.244186035766766 ], [ -70.816926053549935, -33.244185327890655 ], [ -70.816925335500542, -33.244184609443579 ], [ -70.816924632385721, -33.2441838806416 ], [ -70.816923944416942, -33.244183141703871 ], [ -70.816923271801073, -33.244182392852636 ], [ -70.816922614740392, -33.244181634313101 ], [ -70.816921973432528, -33.244180866313357 ], [ -70.816921348070281, -33.244180089084388 ], [ -70.816920738841773, -33.244179302859934 ], [ -70.816920145930197, -33.244178507876413 ], [ -70.816919569513857, -33.244177704372916 ], [ -70.81691900976611, -33.244176892591085 ], [ -70.816766457821643, -33.243951161609488 ], [ -70.81679459201321, -33.243954045585383 ], [ -70.816822781764742, -33.243956516973334 ], [ -70.816851018507464, -33.243958575022162 ], [ -70.816879293658403, -33.243960219106306 ], [ -70.816907598622819, -33.243961448726026 ], [ -70.816935924796951, -33.243962263507584 ], [ -70.816964263570611, -33.243962663203313 ], [ -70.816992606329748, -33.243962647691738 ], [ -70.817020944459131, -33.243962216977579 ], [ -70.817049269344892, -33.243961371191794 ], [ -70.817077572377229, -33.243960110591473 ], [ -70.817105844952977, -33.243958435559804 ], [ -70.817134078478205, -33.243956346605955 ], [ -70.817162264370893, -33.243953844364924 ], [ -70.817190394063488, -33.243950929597318 ], [ -70.817218459005502, -33.243947603189135 ], [ -70.817246450666161, -33.243943866151504 ], [ -70.817274360536942, -33.243939719620386 ], [ -70.81730218013422, -33.243935164856161 ], [ -70.817329901001784, -33.24393020324338 ], [ -70.817357514713464, -33.243924836290184 ], [ -70.817385012875647, -33.243919065627978 ], [ -70.817412387129863, -33.243912893010851 ], [ -70.817439629155288, -33.243906320315077 ], [ -70.817466730671327, -33.243899349538545 ], [ -70.817493683440077, -33.243891982800143 ], [ -70.817520479268865, -33.243884222339119 ], [ -70.81754711001274, -33.243876070514403 ], [ -70.817573567576929, -33.243867529803858 ], [ -70.817599843919297, -33.243858602803591 ], [ -70.817625931052831, -33.243849292227097 ], [ -70.817651821047988, -33.243839600904508 ], [ -70.81767750603521, -33.243829531781614 ], [ -70.817702978207208, -33.243819087919114 ], [ -70.817728229821469, -33.243808272491584 ], [ -70.817753253202454, -33.243797088786522 ], [ -70.817816968229053, -33.243768011035186 ], [ -70.817816968229053, -33.243768011035186 ] ] ] ] } },
{ "type": "Feature", "properties": { "fid": 123, "Arae": 7591.102 }, "geometry": { "type": "MultiPolygon", "coordinates": [ [ [ [ -70.816929305129335, -33.245195838374848 ], [ -70.816931046187889, -33.245197637703455 ], [ -70.816932823704676, -33.245199411684652 ], [ -70.816934637157104, -33.245201159796935 ], [ -70.816936486012111, -33.245202881526346 ], [ -70.816938369726117, -33.245204576366781 ], [ -70.816940287745368, -33.24520624381995 ], [ -70.81694223950602, -33.245207883395672 ], [ -70.816944224434252, -33.245209494611949 ], [ -70.816946241946567, -33.245211076995083 ], [ -70.816948291449847, -33.245212630079912 ], [ -70.816950372341594, -33.245214153409847 ], [ -70.816952484010031, -33.245215646537062 ], [ -70.816954625834398, -33.245217109022597 ], [ -70.816956797185028, -33.245218540436511 ], [ -70.816958997423583, -33.245219940358005 ], [ -70.816961225903242, -33.24522130837552 ], [ -70.81696348196887, -33.24522264408688 ], [ -70.816965764957217, -33.245223947099433 ], [ -70.816968074197149, -33.245225217030075 ], [ -70.816970409009784, -33.245226453505495 ], [ -70.816972768708737, -33.245227656162214 ], [ -70.816975152600293, -33.245228824646631 ], [ -70.816977559983613, -33.245229958615262 ], [ -70.816979990151012, -33.245231057734728 ], [ -70.816982442388024, -33.245232121681916 ], [ -70.816984915973777, -33.245233150144053 ], [ -70.816987410181056, -33.245234142818759 ], [ -70.816989924276626, -33.245235099414245 ], [ -70.81699245752138, -33.245236019649262 ], [ -70.816995009170597, -33.245236903253286 ], [ -70.81699757847413, -33.245237749966549 ], [ -70.817000164676656, -33.245238559540148 ], [ -70.817002767017897, -33.245239331736073 ], [ -70.817005384732781, -33.245240066327305 ], [ -70.817008017051776, -33.245240763097904 ], [ -70.817010663201017, -33.245241421843005 ], [ -70.817013322402573, -33.245242042369 ], [ -70.817015993874705, -33.245242624493429 ], [ -70.817018676832049, -33.245243168045143 ], [ -70.817021370485861, -33.24524367286439 ], [ -70.817024074044241, -33.24524413880274 ], [ -70.817026786712418, -33.245244565723198 ], [ -70.817029507692908, -33.245244953500283 ], [ -70.818051589174047, -33.245383045941111 ], [ -70.818002198959164, -33.245432157967208 ], [ -70.818001223284739, -33.24543311167632 ], [ -70.818000227961591, -33.245434050940503 ], [ -70.817999213292538, -33.245434975473941 ], [ -70.817998179586311, -33.245435884995352 ], [ -70.81799712715744, -33.245436779228008 ], [ -70.817996056326109, -33.245437657899814 ], [ -70.817994967418144, -33.245438520743434 ], [ -70.817993860764872, -33.245439367496346 ], [ -70.81799273670299, -33.245440197900876 ], [ -70.817991595574512, -33.245441011704408 ], [ -70.817990437726635, -33.245441808659322 ], [ -70.817989263511649, -33.245442588523126 ], [ -70.817988073286813, -33.245443351058547 ], [ -70.817986867414277, -33.245444096033559 ], [ -70.817985646260951, -33.245444823221519 ], [ -70.817984410198349, -33.245445532401149 ], [ -70.817983159602591, -33.245446223356687 ], [ -70.817981894854171, -33.245446895877883 ], [ -70.817980616337906, -33.245447549760144 ], [ -70.817979324442803, -33.245448184804495 ], [ -70.817978019561949, -33.245448800817734 ], [ -70.817976702092324, -33.245449397612418 ], [ -70.817975372434816, -33.245449975006956 ], [ -70.81797403099398, -33.2454505328257 ], [ -70.817972678177995, -33.245451070898895 ], [ -70.81797131439842, -33.245451589062853 ], [ -70.817969940070228, -33.245452087159897 ], [ -70.817968555611571, -33.245452565038491 ], [ -70.817967161443676, -33.245453022553207 ], [ -70.817965757990777, -33.245453459564878 ], [ -70.817964345679826, -33.245453875940498 ], [ -70.817962924940588, -33.245454271553413 ], [ -70.817961496205314, -33.245454646283257 ], [ -70.817960059908714, -33.245455000015994 ], [ -70.8179586164878, -33.245455332643978 ], [ -70.81795716638176, -33.245455644066048 ], [ -70.817955710031782, -33.245455934187433 ], [ -70.817954247881019, -33.24545620291984 ], [ -70.817952780374313, -33.245456450181521 ], [ -70.817951307958154, -33.245456675897252 ], [ -70.817949831080597, -33.245456879998336 ], [ -70.81794835019096, -33.245457062422702 ], [ -70.817946865739827, -33.245457223114805 ], [ -70.817945378178862, -33.245457362025782 ], [ -70.817943887960666, -33.245457479113355 ], [ -70.81794239553868, -33.245457574341913 ], [ -70.817940901366967, -33.245457647682471 ], [ -70.817939405900148, -33.245457699112706 ], [ -70.81793790959324, -33.245457728616991 ], [ -70.817936412901517, -33.245457736186331 ], [ -70.817934916280365, -33.245457721818426 ], [ -70.817933420185142, -33.24545768551765 ], [ -70.817931925071051, -33.245457627295046 ], [ -70.817930431392995, -33.24545754716835 ], [ -70.817928939605466, -33.245457445161918 ], [ -70.817927450162344, -33.245457321306773 ], [ -70.817925963516799, -33.245457175640617 ], [ -70.817924480121178, -33.245457008207794 ], [ -70.817923000426802, -33.245456819059214 ], [ -70.816665135533057, -33.245286867732794 ], [ -70.816654621217808, -33.245285367949577 ], [ -70.816644139620635, -33.245283714355715 ], [ -70.816633693928097, -33.245281907453922 ], [ -70.816623287315792, -33.245279947793513 ], [ -70.816612922947456, -33.245277835970263 ], [ -70.81660260397399, -33.245275572626177 ], [ -70.816592333532483, -33.245273158449351 ], [ -70.816582114745273, -33.245270594173689 ], [ -70.816571950718995, -33.245267880578801 ], [ -70.816561844543614, -33.245265018489626 ], [ -70.816551799291545, -33.245262008776272 ], [ -70.816541818016645, -33.245258852353736 ], [ -70.816531903753358, -33.245255550181604 ], [ -70.816522059515705, -33.245252103263773 ], [ -70.816512288296479, -33.245248512648146 ], [ -70.816502593066204, -33.245244779426315 ], [ -70.816492976772366, -33.245240904733222 ], [ -70.816483442338409, -33.245236889746785 ], [ -70.816473992662907, -33.245232735687672 ], [ -70.816464630618654, -33.245228443818725 ], [ -70.81645535905183, -33.24522401544472 ], [ -70.816446180781057, -33.245219451911929 ], [ -70.816437098596651, -33.245214754607737 ], [ -70.816428115259669, -33.24520992496015 ], [ -70.816419233501151, -33.245204964437463 ], [ -70.816410456021245, -33.245199874547737 ], [ -70.816401785488353, -33.245194656838315 ], [ -70.81639322453843, -33.245189312895469 ], [ -70.816384775774068, -33.245183844343821 ], [ -70.816376441763765, -33.245178252845854 ], [ -70.81636822504116, -33.245172540101457 ], [ -70.816360128104179, -33.245166707847353 ], [ -70.816352153414385, -33.245160757856631 ], [ -70.816344303396122, -33.24515469193814 ], [ -70.816336580435859, -33.245148511936009 ], [ -70.816328986881459, -33.245142219728969 ], [ -70.816321525041388, -33.245135817229993 ], [ -70.816314197184127, -33.245129306385451 ], [ -70.816307005537382, -33.245122689174728 ], [ -70.816299952287466, -33.245115967609536 ], [ -70.816293039578596, -33.245109143733295 ], [ -70.816286269512304, -33.245102219620534 ], [ -70.816279644146718, -33.245095197376244 ], [ -70.816273165495971, -33.245088079135272 ], [ -70.816266835529632, -33.245080867061667 ], [ -70.816260656172005, -33.245073563347916 ], [ -70.816254629301682, -33.24506617021445 ], [ -70.816248756750824, -33.245058689908852 ], [ -70.816243040304713, -33.245051124705213 ], [ -70.816237481701194, -33.245043476903433 ], [ -70.816232082630052, -33.245035748828521 ], [ -70.816226844732668, -33.245027942829878 ], [ -70.816221769601327, -33.24502006128062 ], [ -70.816216858778887, -33.245012106576787 ], [ -70.816212113758269, -33.245004081136706 ], [ -70.816207535981917, -33.244995987400188 ], [ -70.816203126841515, -33.244987827827792 ], [ -70.816198887677416, -33.244979604900124 ], [ -70.816194819778318, -33.244971321117013 ], [ -70.816190924380848, -33.24496297899681 ], [ -70.816187202669198, -33.244954581075596 ], [ -70.816183655774765, -33.24494612990641 ], [ -70.816180284775768, -33.244937628058501 ], [ -70.816177090696968, -33.244929078116478 ], [ -70.816174074509377, -33.244920482679625 ], [ -70.816171237129851, -33.24491184436102 ], [ -70.81616857942096, -33.244903165786795 ], [ -70.816166102190579, -33.244894449595272 ], [ -70.816163806191781, -33.244885698436299 ], [ -70.816161692122506, -33.244876914970263 ], [ -70.816159760625396, -33.244868101867446 ], [ -70.815956366542395, -33.243892353060858 ], [ -70.815956214033079, -33.243891582156117 ], [ -70.815956077448675, -33.243890809145924 ], [ -70.815955956830265, -33.24389003426252 ], [ -70.815955852214046, -33.243889257738736 ], [ -70.815955763631493, -33.243888479807872 ], [ -70.815955691109167, -33.243887700703695 ], [ -70.815955634668924, -33.24388692066028 ], [ -70.815955594327662, -33.243886139912014 ], [ -70.815955570097543, -33.243885358693468 ], [ -70.815955561985817, -33.243884577239392 ], [ -70.815955569994941, -33.243883795784548 ], [ -70.815955594122499, -33.243883014563764 ], [ -70.815955634361245, -33.24388223381176 ], [ -70.815955690699084, -33.243881453763116 ], [ -70.815955763119092, -33.243880674652232 ], [ -70.815955851599512, -33.24387989671316 ], [ -70.815955956113754, -33.243879120179692 ], [ -70.815956076630414, -33.243878345285097 ], [ -70.815956213113282, -33.243877572262235 ], [ -70.815956365521359, -33.243876801343362 ], [ -70.81595653380883, -33.243876032760106 ], [ -70.815956717925147, -33.243875266743409 ], [ -70.815956917814972, -33.243874503523429 ], [ -70.81595713341828, -33.24387374332948 ], [ -70.815957364670254, -33.243872986389967 ], [ -70.815957611501432, -33.243872232932333 ], [ -70.815957873837647, -33.243871483182957 ], [ -70.815958151600057, -33.243870737367125 ], [ -70.815958444705245, -33.243869995708899 ], [ -70.815958753065104, -33.243869258431133 ], [ -70.815959076586992, -33.243868525755374 ], [ -70.815959415173722, -33.243867797901736 ], [ -70.81595976872353, -33.243867075088922 ], [ -70.815960137130205, -33.243866357534095 ], [ -70.815960520283056, -33.243865645452892 ], [ -70.815960918066963, -33.243864939059229 ], [ -70.81596133036237, -33.243864238565372 ], [ -70.815961757045457, -33.243863544181778 ], [ -70.815962197987986, -33.243862856117104 ], [ -70.815962653057468, -33.243862174578055 ], [ -70.815963122117182, -33.243861499769451 ], [ -70.815963605026184, -33.243860831894025 ], [ -70.815964101639381, -33.243860171152427 ], [ -70.815964611807559, -33.243859517743211 ], [ -70.815965135377425, -33.24385887186272 ], [ -70.81596567219168, -33.243858233704984 ], [ -70.815966222089031, -33.243857603461748 ], [ -70.815966784904234, -33.243856981322402 ], [ -70.815967360468193, -33.243856367473846 ], [ -70.815967948607977, -33.243855762100537 ], [ -70.815968549146888, -33.243855165384367 ], [ -70.815969161904448, -33.243854577504614 ], [ -70.815969786696556, -33.243853998637924 ], [ -70.815970423335514, -33.243853428958232 ], [ -70.815971071630003, -33.243852868636679 ], [ -70.815971731385261, -33.243852317841643 ], [ -70.815972402403034, -33.243851776738616 ], [ -70.815973084481712, -33.243851245490191 ], [ -70.815973777416374, -33.24385072425595 ], [ -70.815974480998776, -33.243850213192538 ], [ -70.815975195017558, -33.243849712453489 ], [ -70.815975919258165, -33.243849222189283 ], [ -70.815976653503, -33.243848742547215 ], [ -70.815977397531441, -33.243848273671368 ], [ -70.815978151119936, -33.243847815702679 ], [ -70.815978914042063, -33.243847368778724 ], [ -70.815979686068587, -33.243846933033751 ], [ -70.815980466967559, -33.24384650859875 ], [ -70.815981256504315, -33.243846095601199 ], [ -70.815982054441662, -33.243845694165209 ], [ -70.815982860539833, -33.243845304411373 ], [ -70.815983674556634, -33.243844926456845 ], [ -70.815984496247466, -33.243844560415141 ], [ -70.81598532536546, -33.243844206396275 ], [ -70.815986161661485, -33.243843864506594 ], [ -70.815987004884278, -33.243843534848821 ], [ -70.815987854780474, -33.24384321752202 ], [ -70.815988711094718, -33.243842912621545 ], [ -70.815989573569695, -33.243842620238979 ], [ -70.815990441946298, -33.243842340462194 ], [ -70.815991315963586, -33.243842073375248 ], [ -70.815992195358959, -33.243841819058375 ], [ -70.815993079868193, -33.243841577588015 ], [ -70.815993969225516, -33.243841349036693 ], [ -70.815994863163738, -33.24384113347309 ], [ -70.815995761414214, -33.243840930962001 ], [ -70.815996663707111, -33.24384074156422 ], [ -70.815997569771284, -33.243840565336697 ], [ -70.815998479334496, -33.243840402332367 ], [ -70.815999392123473, -33.243840252600215 ], [ -70.816000307863959, -33.243840116185225 ], [ -70.81600122628079, -33.243839993128375 ], [ -70.816002147098033, -33.243839883466642 ], [ -70.816003070039002, -33.243839787232993 ], [ -70.816003994826403, -33.243839704456335 ], [ -70.816004921182355, -33.243839635161514 ], [ -70.816005848828539, -33.243839579369379 ], [ -70.816006777486223, -33.243839537096683 ], [ -70.816007706876377, -33.243839508356139 ], [ -70.816008636719758, -33.243839493156351 ], [ -70.816009566736994, -33.243839491501937 ], [ -70.816010496648616, -33.243839503393346 ], [ -70.816011426175265, -33.243839528827024 ], [ -70.816012355037628, -33.243839567795341 ], [ -70.816013282956618, -33.243839620286565 ], [ -70.816014209653417, -33.243839686284936 ], [ -70.816015134849636, -33.24383976577063 ], [ -70.816016058267223, -33.243839858719753 ], [ -70.81601697962877, -33.243839965104392 ], [ -70.816162348580519, -33.243858793844041 ], [ -70.816307361033211, -33.243879472834081 ], [ -70.816451983638729, -33.243901997318723 ], [ -70.816466845961031, -33.244620314084663 ], [ -70.816466990840297, -33.244624989885871 ], [ -70.816467231913052, -33.244629662883128 ], [ -70.816467569107274, -33.244634331679251 ], [ -70.816468002322125, -33.244638994878301 ], [ -70.8164685314281, -33.244643651086058 ], [ -70.816469156267033, -33.244648298910356 ], [ -70.816469876652093, -33.244652936961536 ], [ -70.816470692367929, -33.244657563852883 ], [ -70.816471603170655, -33.244662178200997 ], [ -70.816472608787976, -33.244666778626225 ], [ -70.816473708919219, -33.244671363753099 ], [ -70.816474903235488, -33.244675932210733 ], [ -70.816476191379692, -33.244680482633171 ], [ -70.816477572966718, -33.24468501365989 ], [ -70.816479047583499, -33.244689523936181 ], [ -70.816480614789157, -33.244694012113513 ], [ -70.816482274115103, -33.244698476849926 ], [ -70.816484025065265, -33.244702916810567 ], [ -70.816485867116114, -33.244707330667893 ], [ -70.81648779971691, -33.244711717102213 ], [ -70.816489822289853, -33.244716074802021 ], [ -70.8164919342302, -33.244720402464431 ], [ -70.816494134906563, -33.244724698795487 ], [ -70.816496423660922, -33.244728962510649 ], [ -70.816498799808997, -33.244733192335097 ], [ -70.816501262640358, -33.24473738700415 ], [ -70.816503811418656, -33.244741545263658 ], [ -70.816506445381819, -33.244745665870326 ], [ -70.816509163742353, -33.244749747592159 ], [ -70.816511965687511, -33.244753789208723 ], [ -70.816514850379534, -33.244757789511631 ], [ -70.816517816955937, -33.244761747304828 ], [ -70.81652086452975, -33.244765661404983 ], [ -70.816523992189786, -33.244769530641818 ], [ -70.81652719900093, -33.244773353858427 ], [ -70.816929305129335, -33.245195838374848 ], [ -70.816929305129335, -33.245195838374848 ] ] ] ] } },
{ "type": "Feature", "properties": { "fid": 124, "Arae": 6779.366 }, "geometry": { "type": "MultiPolygon", "coordinates": [ [ [ [ -70.819782779464063, -33.242342093167188 ], [ -70.819547474420474, -33.242363286427292 ], [ -70.81774660875918, -33.242525470278878 ], [ -70.817483389479008, -33.24254917327243 ], [ -70.815695542558359, -33.242710154521561 ], [ -70.815675536789811, -33.242553257786504 ], [ -70.817463380578786, -33.242392276928392 ], [ -70.817726599397886, -33.242368573992451 ], [ -70.81985401267039, -33.242176978928377 ], [ -70.819782779464063, -33.242342093167188 ], [ -70.819782779464063, -33.242342093167188 ] ] ] ] } },
{ "type": "Feature", "properties": { "fid": 125, "Arae": 6895.624 }, "geometry": { "type": "MultiPolygon", "coordinates": [ [ [ [ -70.815183469520633, -33.242756257757797 ], [ -70.815044277333115, -33.242610091331699 ], [ -70.815675536789811, -33.242553257786504 ], [ -70.815695542558359, -33.242710154521568 ], [ -70.815701544424513, -33.242757224474119 ], [ -70.816201238029549, -33.242986249432597 ], [ -70.816399866729697, -33.243705657822254 ], [ -70.816246134368058, -33.243683032613376 ], [ -70.816091995201305, -33.243662454443523 ], [ -70.815937487827341, -33.243643928466021 ], [ -70.815936102199174, -33.243643761392491 ], [ -70.815934720238772, -33.243643574093305 ], [ -70.815933342364247, -33.243643366625093 ], [ -70.815931968992459, -33.243643139050626 ], [ -70.815930600538891, -33.243642891438782 ], [ -70.815929237417521, -33.243642623864432 ], [ -70.815927880040775, -33.243642336408556 ], [ -70.815926528819276, -33.243642029158117 ], [ -70.815925184161841, -33.243641702206062 ], [ -70.815923846475243, -33.243641355651299 ], [ -70.815922516164193, -33.243640989598674 ], [ -70.815921193631155, -33.243640604158941 ], [ -70.815919879276223, -33.243640199448699 ], [ -70.815918573497044, -33.243639775590374 ], [ -70.815917276688666, -33.243639332712227 ], [ -70.815915989243393, -33.24363887094821 ], [ -70.815914711550747, -33.243638390438058 ], [ -70.815913443997246, -33.243637891327111 ], [ -70.815912186966386, -33.243637373766369 ], [ -70.815910940838464, -33.243636837912419 ], [ -70.81590970599045, -33.24363628392738 ], [ -70.815908482795933, -33.24363571197884 ], [ -70.81590727162498, -33.243635122239823 ], [ -70.815906072844001, -33.243634514888782 ], [ -70.815904886815673, -33.243633890109443 ], [ -70.815903713898791, -33.243633248090788 ], [ -70.815902554448243, -33.243632589027079 ], [ -70.815901408814739, -33.24363191311771 ], [ -70.815900277344923, -33.24363122056716 ], [ -70.815899160381079, -33.243630511584939 ], [ -70.815898058261112, -33.24362978638554 ], [ -70.81589697131848, -33.243629045188371 ], [ -70.81589589988198, -33.24362828821765 ], [ -70.815894844275789, -33.243627515702393 ], [ -70.815893804819268, -33.243626727876325 ], [ -70.815892781826847, -33.243625924977771 ], [ -70.815891775608037, -33.243625107249642 ], [ -70.815890786467264, -33.243624274939329 ], [ -70.815889814703752, -33.243623428298612 ], [ -70.815888860611494, -33.243622567583671 ], [ -70.815887924479156, -33.24362169305487 ], [ -70.815887006589918, -33.243620804976771 ], [ -70.815886107221473, -33.243619903618075 ], [ -70.815885226645946, -33.243618989251459 ], [ -70.815884365129691, -33.243618062153544 ], [ -70.815883522933376, -33.243617122604817 ], [ -70.815882700311775, -33.243616170889517 ], [ -70.815881897513776, -33.243615207295555 ], [ -70.815881114782243, -33.243614232114481 ], [ -70.815880352353958, -33.243613245641285 ], [ -70.815879610459604, -33.243612248174443 ], [ -70.815878889323614, -33.243611240015689 ], [ -70.815878189164152, -33.24361022147005 ], [ -70.815877510193062, -33.243609192845653 ], [ -70.81587685261573, -33.243608154453696 ], [ -70.815876216631111, -33.243607106608316 ], [ -70.815875602431575, -33.243606049626521 ], [ -70.815875010202987, -33.243604983828085 ], [ -70.815874440124475, -33.243603909535473 ], [ -70.815873892368515, -33.243602827073659 ], [ -70.815873367100835, -33.243601736770131 ], [ -70.815872864480326, -33.24360063895476 ], [ -70.815872384659073, -33.243599533959639 ], [ -70.815863188082247, -33.243578331550822 ], [ -70.815853571806628, -33.243557261025501 ], [ -70.815843538509498, -33.243536328249334 ], [ -70.815833090984242, -33.243515539049639 ], [ -70.815822232139524, -33.243494899213736 ], [ -70.815810964998548, -33.243474414487366 ], [ -70.815799292698159, -33.243454090573088 ], [ -70.815787218487955, -33.243433933128721 ], [ -70.815774745729442, -33.243413947765688 ], [ -70.815761877895071, -33.243394140047549 ], [ -70.815748618567227, -33.243374515488384 ], [ -70.815734971437337, -33.243355079551272 ], [ -70.815720940304701, -33.243335837646811 ], [ -70.81570652907557, -33.243316795131534 ], [ -70.815691741761967, -33.243297957306531 ], [ -70.81567658248062, -33.243279329415849 ], [ -70.815661055451784, -33.24326091664512 ], [ -70.815645164998088, -33.24324272412008 ], [ -70.8156289155433, -33.243224756905157 ], [ -70.815612311611162, -33.243207020002032 ], [ -70.815183086084275, -33.242756292278727 ], [ -70.815183469520633, -33.242756257757797 ] ] ] ] } },
{ "type": "Feature", "properties": { "fid": 126, "Arae": 2025.672 }, "geometry": { "type": "MultiPolygon", "coordinates": [ [ [ [ -70.813644822415398, -33.242736075397048 ], [ -70.814879724368225, -33.242624905825963 ], [ -70.815018786675495, -33.242770936309036 ], [ -70.815018916211912, -33.24277107245284 ], [ -70.814768891633889, -33.242793581682591 ], [ -70.813784012556923, -33.242882243459178 ], [ -70.813644822415398, -33.242736075397048 ], [ -70.813644822415398, -33.242736075397048 ] ] ] ] } },
{ "type": "Feature", "properties": { "fid": 127, "Arae": 449.618 }, "geometry": { "type": "MultiPolygon", "coordinates": [ [ [ [ -70.813416979054509, -33.242756585172792 ], [ -70.813556168863428, -33.24290275350139 ], [ -70.813136660582643, -33.242940515700809 ], [ -70.813288288632904, -33.242768169310409 ], [ -70.813416979054509, -33.242756585172792 ], [ -70.813416979054509, -33.242756585172792 ] ] ] ] } },
{ "type": "Feature", "properties": { "fid": 129, "Arae": 20513.758 }, "geometry": { "type": "MultiPolygon", "coordinates": [ [ [ [ -70.789453232135187, -33.27097302627088 ], [ -70.789448942640874, -33.270966068774264 ], [ -70.789444509859592, -33.270959174946896 ], [ -70.789439935130176, -33.270952346870942 ], [ -70.789435219834317, -33.270945586608612 ], [ -70.789430365396214, -33.270938896201706 ], [ -70.789425373282043, -33.270932277670866 ], [ -70.789420244999562, -33.270925733015069 ], [ -70.789414982097682, -33.270919264210946 ], [ -70.789409586165974, -33.270912873212261 ], [ -70.789404058834137, -33.270906561949232 ], [ -70.789398401771606, -33.270900332328011 ], [ -70.789392616686982, -33.270894186230109 ], [ -70.789386705327516, -33.27088812551181 ], [ -70.789380669478618, -33.270882152003566 ], [ -70.78937451096327, -33.270876267509543 ], [ -70.789368231641532, -33.270870473807001 ], [ -70.789361833409913, -33.270864772645744 ], [ -70.789355318200876, -33.270859165747737 ], [ -70.789348687982169, -33.270853654806324 ], [ -70.789341944756316, -33.270848241485957 ], [ -70.789335090559931, -33.270842927421612 ], [ -70.789328127463193, -33.27083771421826 ], [ -70.789321057569126, -33.270832603450394 ], [ -70.789313883013008, -33.270827596661611 ], [ -70.789306605961769, -33.27082269536406 ], [ -70.789299228613245, -33.27081790103805 ], [ -70.789291753195585, -33.270813215131589 ], [ -70.789284181966565, -33.270808639059943 ], [ -70.789276517212883, -33.270804174205182 ], [ -70.789268761249488, -33.27079982191578 ], [ -70.789260916418868, -33.270795583506278 ], [ -70.789252985090371, -33.270791460256731 ], [ -70.789244969659435, -33.270787453412474 ], [ -70.789236872546923, -33.270783564183674 ], [ -70.789228696198379, -33.270779793744936 ], [ -70.789220443083238, -33.270776143235089 ], [ -70.789212115694141, -33.270772613756613 ], [ -70.789203716546169, -33.270769206375512 ], [ -70.789195248176057, -33.270765922120894 ], [ -70.789186713141461, -33.270762761984685 ], [ -70.789178114020174, -33.270759726921312 ], [ -70.789169453409301, -33.270756817847456 ], [ -70.789160733924575, -33.270754035641694 ], [ -70.789151958199483, -33.270751381144336 ], [ -70.788773988529826, -33.270640158515846 ], [ -70.789092357849469, -33.270276134748926 ], [ -70.790682498732096, -33.271384313768941 ], [ -70.790689640561396, -33.271389204510854 ], [ -70.790696881291652, -33.271393991538311 ], [ -70.790704218788662, -33.271398673440316 ], [ -70.790711650889676, -33.271403248836883 ], [ -70.790719175404092, -33.271407716379393 ], [ -70.790726790114064, -33.271412074751034 ], [ -70.790734492775158, -33.271416322667172 ], [ -70.790742281116991, -33.27142045887571 ], [ -70.79075015284397, -33.271424482157542 ], [ -70.790758105635888, -33.271428391326729 ], [ -70.790766137148637, -33.271432185231092 ], [ -70.790774245014944, -33.271435862752334 ], [ -70.790782426844999, -33.27143942280653 ], [ -70.790790680227175, -33.271442864344337 ], [ -70.790799002728832, -33.271446186351341 ], [ -70.790807391896834, -33.271449387848392 ], [ -70.790815845258521, -33.271452467891827 ], [ -70.790824360322205, -33.271455425573826 ], [ -70.790832934578091, -33.27145826002257 ], [ -70.790841565498866, -33.271460970402615 ], [ -70.790850250540572, -33.271463555915091 ], [ -70.790858987143295, -33.271466015797863 ], [ -70.791891617213665, -33.271748499180077 ], [ -70.791832926772571, -33.271822422527897 ], [ -70.791822224485387, -33.271835663301644 ], [ -70.791811262205144, -33.27184875312885 ], [ -70.791800042948267, -33.271861688407569 ], [ -70.791788569801867, -33.271874465578335 ], [ -70.791366157623429, -33.272336857707678 ], [ -70.790380023302717, -33.272148495981462 ], [ -70.790371031331858, -33.27214670986551 ], [ -70.790362077298568, -33.272144793980615 ], [ -70.790353163856707, -33.272142748894602 ], [ -70.790344293648175, -33.272140575213641 ], [ -70.790335469301965, -33.27213827358198 ], [ -70.790326693433556, -33.272135844681785 ], [ -70.790317968644004, -33.272133289232976 ], [ -70.790309297519258, -33.272130607992935 ], [ -70.790300682629365, -33.272127801756383 ], [ -70.790292126527646, -33.272124871355054 ], [ -70.7902836317501, -33.272121817657478 ], [ -70.790275200814435, -33.272118641568746 ], [ -70.79026683621953, -33.272115344030205 ], [ -70.79025854044454, -33.272111926019242 ], [ -70.790250315948228, -33.27210838854888 ], [ -70.790242165168294, -33.272104732667628 ], [ -70.790234090520485, -33.272100959459024 ], [ -70.790226094398065, -33.272097070041411 ], [ -70.790218179170992, -33.272093065567574 ], [ -70.790210347185237, -33.272088947224418 ], [ -70.790202600762129, -33.272084716232555 ], [ -70.790194942197616, -33.272080373846002 ], [ -70.790187373761569, -33.272075921351814 ], [ -70.790179897697229, -33.27207136006966 ], [ -70.79017251622038, -33.272066691351448 ], [ -70.790165231518813, -33.272061916580924 ], [ -70.790158045751625, -33.272057037173312 ], [ -70.790150961048568, -33.272052054574793 ], [ -70.790143979509494, -33.272046970262146 ], [ -70.790137103203605, -33.272041785742339 ], [ -70.79013033416895, -33.272036502551991 ], [ -70.790123674411788, -33.272031122256976 ], [ -70.790117125905994, -33.272025646451972 ], [ -70.790110690592428, -33.272020076759922 ], [ -70.790104370378444, -33.272014414831638 ], [ -70.790098167137259, -33.272008662345264 ], [ -70.790092082707432, -33.272002821005749 ], [ -70.790086118892276, -33.271996892544422 ], [ -70.790080277459396, -33.271990878718391 ], [ -70.790074560140098, -33.271984781310124 ], [ -70.790068968628916, -33.271978602126765 ], [ -70.790063504583046, -33.271972342999817 ], [ -70.790058169622, -33.271966005784364 ], [ -70.790052965326922, -33.271959592358705 ], [ -70.790047893240299, -33.271953104623712 ], [ -70.790042954865427, -33.271946544502264 ], [ -70.790038151665939, -33.271939913938709 ], [ -70.790033485065408, -33.271933214898276 ], [ -70.790028956446932, -33.271926449366454 ], [ -70.790024567152727, -33.271919619348502 ], [ -70.79002031848367, -33.271912726868734 ], [ -70.789453232135187, -33.27097302627088 ] ] ] ] } },
{ "type": "Feature", "properties": { "fid": 130, "Arae": 5697.642 }, "geometry": { "type": "MultiPolygon", "coordinates": [ [ [ [ -70.792163837389992, -33.272092870317017 ], [ -70.792201962422467, -33.272048140112069 ], [ -70.792342041540806, -33.27187171269302 ], [ -70.793201059151897, -33.272106691284264 ], [ -70.793196411721212, -33.272111796858653 ], [ -70.792931690629274, -33.272392886604194 ], [ -70.792923710893206, -33.272411379223641 ], [ -70.792771935418628, -33.272578114879735 ], [ -70.792750072138887, -33.272601184813134 ], [ -70.791855553302142, -33.272430334043847 ], [ -70.792163837389992, -33.272092870317017 ] ] ] ] } },
{ "type": "Feature", "properties": { "fid": 157, "Arae": 3044.823 }, "geometry": { "type": "MultiPolygon", "coordinates": [ [ [ [ -70.779962934292385, -33.283936269840815 ], [ -70.779969168571782, -33.283931224555332 ], [ -70.779975305160278, -33.28392609547857 ], [ -70.779981342461667, -33.283920883944717 ], [ -70.779987278905509, -33.283915591309373 ], [ -70.779993112947636, -33.283910218949309 ], [ -70.779998843070516, -33.283904768261962 ], [ -70.780004467783613, -33.2838992406652 ], [ -70.780009985623849, -33.283893637596833 ], [ -70.780015395155928, -33.283887960514392 ], [ -70.780020694972748, -33.283882210894575 ], [ -70.780025883695743, -33.283876390232983 ], [ -70.780492307072024, -33.283344266093721 ], [ -70.780481923953545, -33.283337845850852 ], [ -70.779338459201995, -33.283550163094347 ], [ -70.779962934292385, -33.283936269840815 ] ] ] ] } },
{ "type": "Feature", "properties": { "fid": 158, "Arae": 779.238 }, "geometry": { "type": "MultiPolygon", "coordinates": [ [ [ [ -70.786390477938909, -33.278437904420578 ], [ -70.786587262349158, -33.278437469992667 ], [ -70.786542865921405, -33.278484214963768 ], [ -70.786359477179033, -33.278796915191137 ], [ -70.786321708424751, -33.278844292799043 ], [ -70.786169553606797, -33.279053038172499 ], [ -70.786126787294918, -33.279111986828809 ], [ -70.786127470301665, -33.279104312971235 ], [ -70.786128309143862, -33.279096650023163 ], [ -70.786129303577098, -33.279089000217084 ], [ -70.786130453311614, -33.279081365781657 ], [ -70.786131758012402, -33.279073748941045 ], [ -70.786133217299337, -33.279066151914343 ], [ -70.78613483074723, -33.279058576914785 ], [ -70.786136597885971, -33.279051026149268 ], [ -70.786138518200701, -33.27904350181759 ], [ -70.786140591131939, -33.279036006111845 ], [ -70.78614281607571, -33.279028541215794 ], [ -70.786145192383771, -33.27902110930421 ], [ -70.786147719363797, -33.279013712542294 ], [ -70.786150396279538, -33.279006353084945 ], [ -70.786153222351089, -33.278999033076261 ], [ -70.786156196755073, -33.2789917546488 ], [ -70.786159318624911, -33.278984519923029 ], [ -70.786390477938909, -33.278437904420578 ] ] ] ] } },
{ "type": "Feature", "properties": { "fid": 159, "Arae": 4842.26 }, "geometry": { "type": "MultiPolygon", "coordinates": [ [ [ [ -70.785198148566508, -33.279653050606264 ], [ -70.78513340808577, -33.279623233372263 ], [ -70.786171800075309, -33.278438386815544 ], [ -70.786173046539645, -33.278438384066995 ], [ -70.786173367820126, -33.278439437643861 ], [ -70.786173667440409, -33.278440495714094 ], [ -70.786173945311546, -33.278441557963561 ], [ -70.786174201351031, -33.278442624076852 ], [ -70.786174435482835, -33.278443693737429 ], [ -70.786174647637424, -33.278444766627736 ], [ -70.786174837751858, -33.278445842429193 ], [ -70.786175005769636, -33.278446920822418 ], [ -70.786175151640904, -33.278448001487192 ], [ -70.786175275322364, -33.278449084102682 ], [ -70.786175376777251, -33.278450168347455 ], [ -70.786175455975481, -33.278451253899597 ], [ -70.786175512893507, -33.278452340436772 ], [ -70.786175547514446, -33.278453427636428 ], [ -70.786175559828024, -33.27845451517571 ], [ -70.78617554983056, -33.278455602731768 ], [ -70.786175517525052, -33.278456689981702 ], [ -70.786175462921065, -33.278457776602664 ], [ -70.786175386034827, -33.278458862272061 ], [ -70.786175286889147, -33.278459946667517 ], [ -70.786175165513498, -33.278461029467131 ], [ -70.786175021943876, -33.278462110349352 ], [ -70.786174856222928, -33.278463188993285 ], [ -70.786174668399852, -33.278464265078675 ], [ -70.786174458530397, -33.278465338286011 ], [ -70.786174226676906, -33.278466408296673 ], [ -70.786173972908202, -33.278467474792961 ], [ -70.786173697299617, -33.278468537458195 ], [ -70.786173399932991, -33.278469595976908 ], [ -70.786173080896631, -33.278470650034819 ], [ -70.786172740285224, -33.278471699318942 ], [ -70.786172378199907, -33.278472743517739 ], [ -70.786171994748216, -33.2784737823212 ], [ -70.786171590043978, -33.278474815420893 ], [ -70.786097108150244, -33.278659570259833 ], [ -70.78605889285123, -33.278745826681366 ], [ -70.786049146877588, -33.278769082623214 ], [ -70.786040134307854, -33.278794819175914 ], [ -70.786033185119763, -33.27882175055634 ], [ -70.785974159320858, -33.279042901165596 ], [ -70.785971727121435, -33.279052383584109 ], [ -70.785969483541066, -33.279061898755117 ], [ -70.785967429203936, -33.279071444031779 ], [ -70.785965564681547, -33.27908101675893 ], [ -70.785963890492624, -33.279090614273713 ], [ -70.785962407102929, -33.279100233906433 ], [ -70.785961114925158, -33.279109872981195 ], [ -70.785960014318803, -33.279119528816715 ], [ -70.785959105590109, -33.279129198727027 ], [ -70.785958388991901, -33.27913888002228 ], [ -70.785943965092031, -33.279364052489342 ], [ -70.785848709134385, -33.279498802960461 ], [ -70.785742932265933, -33.279638042826207 ], [ -70.785624785150219, -33.279797375743016 ], [ -70.785621795672412, -33.279798430703579 ], [ -70.785618784961855, -33.279799442168446 ], [ -70.785615753915451, -33.279800409836305 ], [ -70.785612703436215, -33.279801333418845 ], [ -70.785609634432944, -33.279802212640959 ], [ -70.785606547819953, -33.279803047240669 ], [ -70.785603444516767, -33.279803836969357 ], [ -70.785600325447945, -33.279804581591733 ], [ -70.785597191542706, -33.279805280885974 ], [ -70.785594043734676, -33.279805934643733 ], [ -70.785590882961671, -33.279806542670244 ], [ -70.785587710165302, -33.279807104784396 ], [ -70.785584526290833, -33.279807620818701 ], [ -70.785581332286782, -33.279808090619412 ], [ -70.785578129104692, -33.279808514046586 ], [ -70.785574917698852, -33.279808890974081 ], [ -70.785571699026022, -33.279809221289582 ], [ -70.785568474045064, -33.279809504894693 ], [ -70.785565243716761, -33.279809741704938 ], [ -70.785562009003513, -33.279809931649744 ], [ -70.785558770868974, -33.279810074672518 ], [ -70.785555530277833, -33.279810170730684 ], [ -70.785552288195518, -33.2798102197956 ], [ -70.785549045587942, -33.279810221852642 ], [ -70.785545803421087, -33.279810176901229 ], [ -70.785542562660893, -33.279810084954704 ], [ -70.785539324272804, -33.279809946040501 ], [ -70.785536089221594, -33.279809760200003 ], [ -70.785532858471072, -33.279809527488553 ], [ -70.78552963298371, -33.279809247975479 ], [ -70.785526413720447, -33.27980892174407 ], [ -70.785523201640359, -33.279808548891523 ], [ -70.785519997700362, -33.279808129528895 ], [ -70.785516802854985, -33.279807663781121 ], [ -70.785513618056044, -33.279807151786983 ], [ -70.785510444252296, -33.279806593698972 ], [ -70.785507282389318, -33.279805989683382 ], [ -70.785504133409063, -33.279805339920159 ], [ -70.78550099824966, -33.279804644602855 ], [ -70.78549787784516, -33.279803903938642 ], [ -70.785494773125151, -33.279803118148166 ], [ -70.785491685014591, -33.279802287465536 ], [ -70.785488614433504, -33.279801412138205 ], [ -70.785485562296643, -33.279800492426972 ], [ -70.785482529513303, -33.279799528605835 ], [ -70.785479516986996, -33.279798520961911 ], [ -70.785476525615223, -33.279797469795405 ], [ -70.785473556289148, -33.279796375419487 ], [ -70.78547060989338, -33.279795238160176 ], [ -70.785467687305712, -33.279794058356288 ], [ -70.785464789396841, -33.279792836359313 ], [ -70.785461917030091, -33.279791572533291 ], [ -70.785459071061183, -33.279790267254768 ], [ -70.785456252337994, -33.279788920912566 ], [ -70.785453461700257, -33.279787533907793 ], [ -70.78545069997935, -33.279786106653695 ], [ -70.785198148566508, -33.279653050606264 ] ] ] ] } },
{ "type": "Feature", "properties": { "fid": 160, "Arae": 1912.225 }, "geometry": { "type": "MultiPolygon", "coordinates": [ [ [ [ -70.784233136384429, -33.280650447143564 ], [ -70.784472801641698, -33.280376990990845 ], [ -70.784899810387429, -33.280640964856076 ], [ -70.784855377882522, -33.280701580239416 ], [ -70.784683276141138, -33.280928720737421 ], [ -70.784233136384429, -33.280650447143564 ] ] ] ] } },
{ "type": "Feature", "properties": { "fid": 161, "Arae": 2708.342 }, "geometry": { "type": "MultiPolygon", "coordinates": [ [ [ [ -70.784472801641698, -33.280376990990845 ], [ -70.784851881710992, -33.279944459339845 ], [ -70.78521418100145, -33.280217317050742 ], [ -70.785189626712068, -33.280250197290052 ], [ -70.784990182108686, -33.28052021603785 ], [ -70.784905980029791, -33.280632548144546 ], [ -70.784899810387429, -33.280640964856076 ], [ -70.784472801641698, -33.280376990990845 ] ] ] ] } },
{ "type": "Feature", "properties": { "fid": 162, "Arae": 8573.718 }, "geometry": { "type": "MultiPolygon", "coordinates": [ [ [ [ -70.783243174620154, -33.281780113036994 ], [ -70.784233136384429, -33.280650447143557 ], [ -70.784683276141152, -33.280928720737393 ], [ -70.784655391151901, -33.280965523317462 ], [ -70.784279768578628, -33.281432856732003 ], [ -70.784089139989192, -33.281671768183813 ], [ -70.783835973719619, -33.281969226154033 ], [ -70.78373249222912, -33.282082581267048 ], [ -70.783243174620154, -33.281780113036994 ] ] ] ] } },
{ "type": "Feature", "properties": { "fid": 163, "Arae": 5730.879 }, "geometry": { "type": "MultiPolygon", "coordinates": [ [ [ [ -70.78244091937178, -33.281746886404733 ], [ -70.782558605449509, -33.281622671107485 ], [ -70.782563448366872, -33.281617468101054 ], [ -70.782568183810966, -33.281612195768105 ], [ -70.782572810375314, -33.281606855674596 ], [ -70.782577326685825, -33.281601449406551 ], [ -70.782581731401152, -33.28159597856969 ], [ -70.782586023213042, -33.281590444788904 ], [ -70.782590200846855, -33.281584849707734 ], [ -70.782594263061824, -33.281579194987998 ], [ -70.782598208651422, -33.28157348230917 ], [ -70.782602036443862, -33.281567713367977 ], [ -70.782605745302234, -33.281561889877814 ], [ -70.782609334125027, -33.281556013568306 ], [ -70.782612801846355, -33.281550086184801 ], [ -70.7826161474363, -33.281544109487712 ], [ -70.782619369901226, -33.281538085252215 ], [ -70.782622468284075, -33.281532015267516 ], [ -70.782625441664621, -33.281525901336444 ], [ -70.782628289159774, -33.281519745274913 ], [ -70.782631009923819, -33.281513548911299 ], [ -70.782633603148739, -33.28150731408595 ], [ -70.782636068064321, -33.281501042650689 ], [ -70.782638403938506, -33.281494736468119 ], [ -70.78264061007755, -33.281488397411273 ], [ -70.782642685826247, -33.281482027362856 ], [ -70.782644630568129, -33.281475628214835 ], [ -70.782646443725596, -33.281469201867807 ], [ -70.782648124760172, -33.281462750230418 ], [ -70.782649673172614, -33.281456275218837 ], [ -70.782651088503059, -33.281449778756226 ], [ -70.782652370331149, -33.281443262772044 ], [ -70.782653518276248, -33.28143672920158 ], [ -70.783002350385033, -33.281774549358964 ], [ -70.783243174654558, -33.281780113058268 ], [ -70.78373249222912, -33.282082581267048 ], [ -70.783689182568935, -33.282130023182063 ], [ -70.783457384736792, -33.282353694421381 ], [ -70.783361727902445, -33.282437864895961 ], [ -70.783067431798017, -33.282283044572416 ], [ -70.783038209582159, -33.282267390098312 ], [ -70.783009296743543, -33.282251335489356 ], [ -70.782980701047961, -33.282234885057747 ], [ -70.782952430176039, -33.282218043222066 ], [ -70.78292449172109, -33.282200814505963 ], [ -70.782896893187157, -33.282183203537052 ], [ -70.782869641986963, -33.282165215045573 ], [ -70.782842745439936, -33.28214685386321 ], [ -70.782816210770193, -33.282128124921705 ], [ -70.782790045104676, -33.282109033251594 ], [ -70.782764255471193, -33.282089583980856 ], [ -70.782738848796541, -33.282069782333487 ], [ -70.782713831904601, -33.282049633628148 ], [ -70.782447266738515, -33.28183138660804 ], [ -70.782446343786546, -33.28183061777554 ], [ -70.782445436805901, -33.281829835649198 ], [ -70.782444546067936, -33.281829040463087 ], [ -70.782443671839189, -33.281828232455098 ], [ -70.782442814381227, -33.281827411866999 ], [ -70.782441973950625, -33.28182657894434 ], [ -70.78244115079886, -33.28182573393633 ], [ -70.782440345172205, -33.281824877095808 ], [ -70.782439557311733, -33.281824008679166 ], [ -70.782438787453188, -33.281823128946236 ], [ -70.782438035826914, -33.281822238160252 ], [ -70.782437302657783, -33.28182133658774 ], [ -70.782436588165211, -33.281820424498477 ], [ -70.782435892562958, -33.281819502165355 ], [ -70.78243521605917, -33.281818569864377 ], [ -70.782434558856266, -33.281817627874482 ], [ -70.782433921150883, -33.281816676477511 ], [ -70.782433303133828, -33.281815715958174 ], [ -70.782432704990029, -33.281814746603843 ], [ -70.782432126898456, -33.281813768704566 ], [ -70.78243156903207, -33.281812782552961 ], [ -70.78243103155782, -33.281811788444088 ], [ -70.782430514636502, -33.281810786675393 ], [ -70.782430018422787, -33.281809777546641 ], [ -70.782429543065149, -33.281808761359741 ], [ -70.782429088705825, -33.281807738418777 ], [ -70.782428655480757, -33.281806709029837 ], [ -70.78242824351959, -33.281805673500884 ], [ -70.782427852945588, -33.281804632141814 ], [ -70.78242748387558, -33.281803585264193 ], [ -70.78242713642004, -33.281802533181256 ], [ -70.782426810682907, -33.281801476207818 ], [ -70.782426506761638, -33.281800414660125 ], [ -70.782426224747198, -33.281799348855813 ], [ -70.782425964723942, -33.281798279113779 ], [ -70.782425726769688, -33.281797205754124 ], [ -70.782425510955619, -33.281796129097998 ], [ -70.782425317346338, -33.281795049467561 ], [ -70.782425145999738, -33.281793967185827 ], [ -70.782424996967109, -33.281792882576653 ], [ -70.782424870293042, -33.28179179596458 ], [ -70.782424766015424, -33.281790707674709 ], [ -70.782424684165477, -33.28178961803269 ], [ -70.7824246247677, -33.281788527364569 ], [ -70.782424587839813, -33.281787435996662 ], [ -70.782424573392902, -33.281786344255543 ], [ -70.7824245814313, -33.281785252467849 ], [ -70.782424611952578, -33.281784160960306 ], [ -70.782424664947612, -33.281783070059454 ], [ -70.782424740400543, -33.281781980091743 ], [ -70.78242483828879, -33.281780891383292 ], [ -70.782424958583064, -33.281779804259862 ], [ -70.78242510124737, -33.281778719046734 ], [ -70.782425266239031, -33.281777636068618 ], [ -70.782425453508665, -33.281776555649557 ], [ -70.782425663000225, -33.281775478112841 ], [ -70.782425894651055, -33.281774403780858 ], [ -70.782426148391849, -33.281773332975071 ], [ -70.782426424146635, -33.281772266015892 ], [ -70.782426721832948, -33.281771203222561 ], [ -70.782427041361686, -33.281770144913089 ], [ -70.78242738263728, -33.281769091404122 ], [ -70.78242774555757, -33.281768043010892 ], [ -70.782428130013983, -33.281767000047083 ], [ -70.782428535891484, -33.281765962824799 ], [ -70.782428963068639, -33.281764931654351 ], [ -70.782429411417624, -33.281763906844311 ], [ -70.782429880804258, -33.281762888701273 ], [ -70.782430371088125, -33.281761877529917 ], [ -70.782430882122526, -33.281760873632798 ], [ -70.782431413754537, -33.281759877310279 ], [ -70.782431965825083, -33.281758888860487 ], [ -70.78243253816899, -33.281757908579188 ], [ -70.782433130615004, -33.281756936759656 ], [ -70.78243374298583, -33.281755973692711 ], [ -70.782434375098276, -33.281755019666491 ], [ -70.782435026763181, -33.281754074966472 ], [ -70.782435697785559, -33.28175313987532 ], [ -70.782436387964637, -33.281752214672828 ], [ -70.782437097093904, -33.281751299635808 ], [ -70.782437824961178, -33.281750395038074 ], [ -70.782438571348649, -33.281749501150287 ], [ -70.782439336033022, -33.281748618239909 ], [ -70.782440118785459, -33.281747746571128 ], [ -70.78244091937178, -33.281746886404733 ] ] ] ] } },
{ "type": "Feature", "properties": { "fid": 164, "Arae": 1202.995 }, "geometry": { "type": "MultiPolygon", "coordinates": [ [ [ [ -70.777807505566642, -33.283725904454734 ], [ -70.778278433805752, -33.283638470651944 ], [ -70.77796041918387, -33.28419202238134 ], [ -70.777807505566642, -33.283725904454734 ] ] ] ] } },
{ "type": "Feature", "properties": { "fid": 165, "Arae": 676.639 }, "geometry": { "type": "MultiPolygon", "coordinates": [ [ [ [ -70.777960419183856, -33.284192022381234 ], [ -70.777728043393125, -33.284597551718321 ], [ -70.777890906045457, -33.284567026151009 ], [ -70.777900567078561, -33.28456530484295 ], [ -70.777910261621301, -33.284563722008457 ], [ -70.777919986860269, -33.284562278106861 ], [ -70.777929739973189, -33.284560973557198 ], [ -70.777939518129685, -33.284559808738031 ], [ -70.777949318492134, -33.2845587839874 ], [ -70.777959138216431, -33.284557899602689 ], [ -70.777968974452875, -33.284557155840531 ], [ -70.777978824346988, -33.284556552916797 ], [ -70.777988685040299, -33.284556091006415 ], [ -70.777998553671182, -33.284555770243465 ], [ -70.778008427375809, -33.284555590721027 ], [ -70.778018303288761, -33.284555552491163 ], [ -70.778028178544048, -33.284555655565008 ], [ -70.778038050275867, -33.284555899912633 ], [ -70.778047915619396, -33.284556285463118 ], [ -70.778057771711715, -33.284556812104583 ], [ -70.778067615692535, -33.284557479684203 ], [ -70.778077444705161, -33.284558288008228 ], [ -70.778087255897162, -33.284559236842078 ], [ -70.778097046421337, -33.284560325910398 ], [ -70.778106813436423, -33.284561554897159 ], [ -70.778116554108038, -33.284562923445662 ], [ -70.778126265609416, -33.284564431158806 ], [ -70.778135945122244, -33.28456607759901 ], [ -70.778145589837536, -33.284567862288476 ], [ -70.778155196956348, -33.284569784709291 ], [ -70.778164763690697, -33.284571844303557 ], [ -70.778174287264264, -33.284574040473565 ], [ -70.778183764913322, -33.284576372582016 ], [ -70.778193193887418, -33.284578839952083 ], [ -70.778202571450237, -33.284581441867758 ], [ -70.778211894880386, -33.284584177573933 ], [ -70.778221161472189, -33.284587046276719 ], [ -70.778230368536455, -33.28459004714361 ], [ -70.77823951340126, -33.284593179303741 ], [ -70.778248593412769, -33.284596441848159 ], [ -70.778257605935892, -33.284599833830065 ], [ -70.778266548355205, -33.284603354265052 ], [ -70.77818668757314, -33.284571214185121 ], [ -70.778181646226045, -33.284569139718919 ], [ -70.778176648695094, -33.284566991766795 ], [ -70.778171696498632, -33.284564770981305 ], [ -70.77816679114126, -33.28456247803723 ], [ -70.778161934113314, -33.284560113631187 ], [ -70.778157126890477, -33.284557678481534 ], [ -70.77815237093327, -33.284555173328116 ], [ -70.778147667686653, -33.284552598932073 ], [ -70.77814301857957, -33.284549956075537 ], [ -70.778138425024537, -33.284547245561477 ], [ -70.77813388841713, -33.284544468213419 ], [ -70.778129410135705, -33.28454162487516 ], [ -70.778124991540821, -33.284538716410573 ], [ -70.778120633974964, -33.284535743703316 ], [ -70.778116338762032, -33.28453270765656 ], [ -70.778112107206994, -33.28452960919271 ], [ -70.77810794059549, -33.284526449253164 ], [ -70.778103840193438, -33.284523228797958 ], [ -70.778099807246591, -33.28451994880556 ], [ -70.778095842980235, -33.28451661027249 ], [ -70.778091948598814, -33.28451321421305 ], [ -70.778088125285507, -33.284509761659052 ], [ -70.77808437420191, -33.284506253659458 ], [ -70.778080696487663, -33.284502691280068 ], [ -70.778077093260137, -33.284499075603186 ], [ -70.778073565614051, -33.284495407727356 ], [ -70.778070114621201, -33.284491688766948 ], [ -70.778066741330008, -33.284487919851877 ], [ -70.778063446765373, -33.284484102127202 ], [ -70.778060231928251, -33.284480236752827 ], [ -70.77805709779534, -33.284476324903132 ], [ -70.778054045318854, -33.284472367766625 ], [ -70.778051075426191, -33.284468366545568 ], [ -70.778048189019671, -33.284464322455605 ], [ -70.778045386976203, -33.284460236725437 ], [ -70.77804267014713, -33.284456110596359 ], [ -70.778040039357833, -33.284451945322012 ], [ -70.778037495407617, -33.284447742167842 ], [ -70.778035039069351, -33.284443502410909 ], [ -70.778032671089321, -33.284439227339313 ], [ -70.778030392186949, -33.284434918251904 ], [ -70.778028203054618, -33.284430576457893 ], [ -70.778026104357394, -33.284426203276368 ], [ -70.778024096732892, -33.284421800036029 ], [ -70.778022180791069, -33.284417368074642 ], [ -70.778020357114016, -33.284412908738744 ], [ -70.778018626255786, -33.284408423383162 ], [ -70.778016988742223, -33.284403913370653 ], [ -70.778015445070821, -33.284399380071427 ], [ -70.77801399571058, -33.284394824862801 ], [ -70.778012641101824, -33.284390249128762 ], [ -70.778011381656086, -33.284385654259481 ], [ -70.77796041918387, -33.28419202238134 ], [ -70.777960419183856, -33.284192022381234 ] ] ] ] } },
{ "type": "Feature", "properties": { "fid": 166, "Arae": 2164.807 }, "geometry": { "type": "MultiPolygon", "coordinates": [ [ [ [ -70.776924974258591, -33.286114502700478 ], [ -70.776680163357412, -33.286268896179493 ], [ -70.777168142040637, -33.286816531692573 ], [ -70.777413451770784, -33.286662491276246 ], [ -70.776924974258591, -33.286114502700478 ] ] ] ] } },
{ "type": "Feature", "properties": { "fid": 167, "Arae": 3666.524 }, "geometry": { "type": "MultiPolygon", "coordinates": [ [ [ [ -70.777222881042391, -33.283857168255125 ], [ -70.777646080253348, -33.283373654444958 ], [ -70.777700141314838, -33.283683504244799 ], [ -70.777809223135748, -33.284097967169295 ], [ -70.777810194741889, -33.284101814674713 ], [ -70.777811087849756, -33.284105675575645 ], [ -70.777811902197996, -33.284109548742414 ], [ -70.777812637548337, -33.284113433041739 ], [ -70.777813293685611, -33.284117327337079 ], [ -70.777813870417816, -33.284121230488964 ], [ -70.777814367576198, -33.284125141355346 ], [ -70.777814785015281, -33.284129058791912 ], [ -70.777815122612893, -33.284132981652419 ], [ -70.777815380270241, -33.284136908789051 ], [ -70.777815557911964, -33.284140839052753 ], [ -70.777815655486023, -33.284144771293498 ], [ -70.777815672963897, -33.28414870436076 ], [ -70.77781561034044, -33.284152637103688 ], [ -70.777815467633957, -33.284156568371586 ], [ -70.777815244886227, -33.284160497014199 ], [ -70.777814942162394, -33.284164421881947 ], [ -70.777814559551004, -33.284168341826479 ], [ -70.777814097164025, -33.284172255700796 ], [ -70.777813555136746, -33.284176162359707 ], [ -70.777812933627715, -33.284180060660134 ], [ -70.777812232818818, -33.284183949461436 ], [ -70.77781145291506, -33.28418782762575 ], [ -70.777810594144682, -33.284191694018354 ], [ -70.77780965675889, -33.284195547507906 ], [ -70.777808641031982, -33.284199386966904 ], [ -70.777807547261148, -33.284203211271915 ], [ -70.777806375766417, -33.28420701930397 ], [ -70.777805126890556, -33.28421080994881 ], [ -70.777803800998953, -33.284214582097341 ], [ -70.777802398479579, -33.284218334645786 ], [ -70.777800919742788, -33.284222066496177 ], [ -70.777799365221242, -33.284225776556596 ], [ -70.777797735369802, -33.284229463741461 ], [ -70.777796030665343, -33.284233126971884 ], [ -70.77779425160665, -33.284236765176061 ], [ -70.777792398714254, -33.284240377289407 ], [ -70.777790472530313, -33.284243962255033 ], [ -70.777788473618415, -33.284247519023985 ], [ -70.777613887460816, -33.284551407543333 ], [ -70.777222881042391, -33.283857168255125 ] ] ] ] } },
{ "type": "Feature", "properties": { "fid": 168, "Arae": 8915.933 }, "geometry": { "type": "MultiPolygon", "coordinates": [ [ [ [ -70.777594361229433, -33.285072987623103 ], [ -70.777845738427828, -33.284635436792158 ], [ -70.777905968367364, -33.284624254524459 ], [ -70.777914466634257, -33.284622740387547 ], [ -70.777922994378216, -33.284621348060114 ], [ -70.777931549124361, -33.284620077946229 ], [ -70.777940128390014, -33.284618930414517 ], [ -70.777948729685349, -33.284617905797994 ], [ -70.777957350514157, -33.284617004393994 ], [ -70.777965988374589, -33.284616226464138 ], [ -70.777974640759808, -33.284615572234195 ], [ -70.777983305158784, -33.284615041893993 ], [ -70.777991979057006, -33.284614635597492 ], [ -70.77800065993722, -33.284614353462558 ], [ -70.778009345280083, -33.284614195571095 ], [ -70.778018032565043, -33.284614161968925 ], [ -70.778026719270926, -33.284614252665783 ], [ -70.778035402876739, -33.28461446763535 ], [ -70.778044080862401, -33.284614806815256 ], [ -70.778052750709435, -33.284615270107039 ], [ -70.778061409901767, -33.284615857376274 ], [ -70.778070055926378, -33.284616568452492 ], [ -70.778078686274085, -33.284617403129353 ], [ -70.778087298440255, -33.284618361164632 ], [ -70.778095889925524, -33.284619442280245 ], [ -70.778104458236555, -33.284620646162487 ], [ -70.778113000886691, -33.284621972461977 ], [ -70.778121515396776, -33.284623420793771 ], [ -70.778129999295771, -33.284624990737562 ], [ -70.778138450121546, -33.284626681837736 ], [ -70.778146865421562, -33.284628493603492 ], [ -70.778155242753584, -33.284630425509057 ], [ -70.778163579686449, -33.28463247699375 ], [ -70.778171873800616, -33.284634647462212 ], [ -70.778180122689037, -33.284636936284542 ], [ -70.778188323957806, -33.284639342796495 ], [ -70.778196475226792, -33.284641866299665 ], [ -70.778204574130385, -33.284644506061696 ], [ -70.778212618318165, -33.284647261316508 ], [ -70.778220605455644, -33.284650131264485 ], [ -70.778228533224805, -33.284653115072729 ], [ -70.778236399324925, -33.284656211875301 ], [ -70.778349900054693, -33.284701890269695 ], [ -70.778363657844693, -33.284707548987022 ], [ -70.778377298498228, -33.28471340432916 ], [ -70.778390818032022, -33.284719454586259 ], [ -70.778404212498131, -33.284725697991568 ], [ -70.778417477985172, -33.284732132721928 ], [ -70.778430610619395, -33.284738756898271 ], [ -70.77844360656583, -33.284745568586253 ], [ -70.778456462029482, -33.284752565796758 ], [ -70.778469173256326, -33.284759746486486 ], [ -70.778481736534445, -33.28476710855859 ], [ -70.778494148195136, -33.284774649863188 ], [ -70.778506404613978, -33.284782368198158 ], [ -70.778518502211895, -33.284790261309595 ], [ -70.778530437456155, -33.284798326892592 ], [ -70.778542206861417, -33.284806562591875 ], [ -70.778553806990814, -33.2848149660025 ], [ -70.778565234456892, -33.284823534670529 ], [ -70.778576485922585, -33.284832266093808 ], [ -70.778587558102274, -33.284841157722568 ], [ -70.778598447762619, -33.284850206960343 ], [ -70.778609151723643, -33.284859411164611 ], [ -70.778619666859541, -33.284868767647616 ], [ -70.778629990099688, -33.284878273677087 ], [ -70.778640118429465, -33.284887926477111 ], [ -70.77865004889118, -33.284897723228937 ], [ -70.77865977858491, -33.284907661071742 ], [ -70.77866930466935, -33.284917737103513 ], [ -70.778678624362698, -33.284927948381871 ], [ -70.778687734943333, -33.284938291924973 ], [ -70.778696633750783, -33.284948764712311 ], [ -70.778705318186354, -33.284959363685687 ], [ -70.778713785713961, -33.28497008574999 ], [ -70.778722033860888, -33.284980927774207 ], [ -70.77873006021845, -33.284991886592294 ], [ -70.778737862442725, -33.285002959004082 ], [ -70.778745438255257, -33.285014141776237 ], [ -70.778752785443686, -33.285025431643184 ], [ -70.778759901862429, -33.285036825308097 ], [ -70.778764507161199, -33.285044511885523 ], [ -70.77876895859734, -33.285052262141036 ], [ -70.778773254923053, -33.285060073902244 ], [ -70.778777394934053, -33.285067944979495 ], [ -70.778781377469841, -33.285075873166548 ], [ -70.778785201414081, -33.285083856241087 ], [ -70.778788865694892, -33.285091891965514 ], [ -70.7787923692851, -33.285099978087374 ], [ -70.778795711202619, -33.285108112340119 ], [ -70.778798890510657, -33.285116292443739 ], [ -70.778801906318023, -33.285124516105327 ], [ -70.778804757779312, -33.285132781019797 ], [ -70.778807444095236, -33.285141084870482 ], [ -70.778809964512774, -33.285149425329813 ], [ -70.778812318325379, -33.285157800059942 ], [ -70.778814504873253, -33.285166206713434 ], [ -70.778840616637083, -33.285272646350357 ], [ -70.778843070584315, -33.285282230239375 ], [ -70.77884572107601, -33.285291777135726 ], [ -70.778848567322925, -33.285301284196336 ], [ -70.778851608477524, -33.285310748590035 ], [ -70.778854843634193, -33.285320167498313 ], [ -70.778858271829577, -33.285329538116237 ], [ -70.778861892042826, -33.285338857653215 ], [ -70.778865703195905, -33.285348123333954 ], [ -70.778869704153905, -33.28535733239908 ], [ -70.778873893725404, -33.285366482106141 ], [ -70.778878270662801, -33.285375569730384 ], [ -70.778882833662706, -33.285384592565521 ], [ -70.77888758136632, -33.285393547924521 ], [ -70.778892512359832, -33.28540243314049 ], [ -70.778897625174835, -33.285411245567424 ], [ -70.778902918288793, -33.285419982580962 ], [ -70.778908390125451, -33.285428641579237 ], [ -70.778914039055365, -33.285437219983571 ], [ -70.778919863396339, -33.285445715239327 ], [ -70.77892586141391, -33.285454124816624 ], [ -70.778932031321915, -33.285462446211064 ], [ -70.778938371283004, -33.285470676944541 ], [ -70.778944879409181, -33.285478814565934 ], [ -70.778951553762354, -33.285486856651865 ], [ -70.778958392354937, -33.285494800807371 ], [ -70.778965393150457, -33.285502644666686 ], [ -70.778972554064083, -33.285510385893907 ], [ -70.778979872963333, -33.285518022183695 ], [ -70.778987347668703, -33.285525551261919 ], [ -70.778994975954191, -33.285532970886457 ], [ -70.779002755548163, -33.285540278847691 ], [ -70.779010684133866, -33.285547472969327 ], [ -70.779018759350194, -33.285554551108923 ], [ -70.779026978792388, -33.285561511158633 ], [ -70.779035340012669, -33.285568351045725 ], [ -70.779043840521126, -33.285575068733266 ], [ -70.779052477786294, -33.285581662220721 ], [ -70.779061249236022, -33.285588129544536 ], [ -70.779070152258171, -33.285594468778719 ], [ -70.77907918420145, -33.285600678035458 ], [ -70.779088342376127, -33.285606755465622 ], [ -70.779090721161808, -33.285608306232511 ], [ -70.778681364274263, -33.28586589096772 ], [ -70.77818988992442, -33.285314333945365 ], [ -70.777594361229433, -33.285072987623103 ] ] ] ] } },
{ "type": "Feature", "properties": { "fid": 169, "Arae": 2080.781 }, "geometry": { "type": "MultiPolygon", "coordinates": [ [ [ [ -70.783169247975124, -33.279410747856666 ], [ -70.78380604529238, -33.279406509976631 ], [ -70.78380660446372, -33.279406510331427 ], [ -70.783807163543429, -33.279406518840595 ], [ -70.78380772236298, -33.279406535501572 ], [ -70.783808280753902, -33.27940656030934 ], [ -70.783808838547884, -33.279406593256425 ], [ -70.783809395576739, -33.279406634332901 ], [ -70.78380995167258, -33.279406683526361 ], [ -70.783810506667763, -33.279406740821983 ], [ -70.783811060394939, -33.279406806202523 ], [ -70.783811612687217, -33.279406879648221 ], [ -70.783812163378087, -33.279406961136999 ], [ -70.783812712301554, -33.279407050644224 ], [ -70.783813259292131, -33.279407148142944 ], [ -70.783813804184888, -33.279407253603793 ], [ -70.783814346815632, -33.279407366994946 ], [ -70.783814887020711, -33.279407488282217 ], [ -70.783815424637311, -33.279407617429058 ], [ -70.783815959503357, -33.27940775439653 ], [ -70.7838164914576, -33.279407899143344 ], [ -70.783817020339683, -33.279408051625872 ], [ -70.783817545990161, -33.279408211798135 ], [ -70.783818068250582, -33.279408379611851 ], [ -70.783818586963505, -33.279408555016417 ], [ -70.783819101972554, -33.279408737958995 ], [ -70.783819613122461, -33.279408928384392 ], [ -70.783820120259151, -33.279409126235208 ], [ -70.78382062322973, -33.279409331451831 ], [ -70.783821121882596, -33.279409543972378 ], [ -70.783821616067385, -33.279409763732772 ], [ -70.783822105635153, -33.279409990666764 ], [ -70.783822590438291, -33.279410224705956 ], [ -70.783823070330669, -33.279410465779776 ], [ -70.783823545167607, -33.279410713815572 ], [ -70.783824014805973, -33.279410968738574 ], [ -70.783824479104169, -33.279411230471908 ], [ -70.783824937922233, -33.279411498936675 ], [ -70.783825391121866, -33.279411774051944 ], [ -70.783955195524612, -33.279492021855987 ], [ -70.783600601088196, -33.279896591174747 ], [ -70.783169247975124, -33.279410747856666 ] ] ] ] } },
{ "type": "Feature", "properties": { "fid": 170, "Arae": 2040.986 }, "geometry": { "type": "MultiPolygon", "coordinates": [ [ [ [ -70.77481160630461, -33.287644860327532 ], [ -70.774809485379052, -33.287637283169168 ], [ -70.774807520524547, -33.287629676387809 ], [ -70.774805712326739, -33.28762204225081 ], [ -70.774804061324545, -33.287614383033684 ], [ -70.774802568010031, -33.287606701019428 ], [ -70.77480123282831, -33.287598998497792 ], [ -70.774800056177284, -33.287591277764712 ], [ -70.77479903840765, -33.287583541121499 ], [ -70.77479817982271, -33.287575790874186 ], [ -70.774797480678373, -33.287568029332917 ], [ -70.77479694118297, -33.287560258811183 ], [ -70.774796561497283, -33.28755248162512 ], [ -70.774796341734415, -33.287544700092894 ], [ -70.774796281959837, -33.287536916533931 ], [ -70.774796382191354, -33.287529133268308 ], [ -70.774796642399011, -33.287521352615919 ], [ -70.774797062505229, -33.287513576896004 ], [ -70.774797642384726, -33.287505808426239 ], [ -70.774798381864628, -33.287498049522164 ], [ -70.774799280724466, -33.287490302496472 ], [ -70.774800338696267, -33.28748256965833 ], [ -70.774801555464677, -33.287474853312631 ], [ -70.774802930666937, -33.28746715575943 ], [ -70.774804463893105, -33.287459479293069 ], [ -70.774806154686161, -33.287451826201703 ], [ -70.774808002542045, -33.28744419876648 ], [ -70.774810006909959, -33.287436599260893 ], [ -70.774812167192422, -33.287429029950097 ], [ -70.774814482745455, -33.287421493090307 ], [ -70.774816952878851, -33.287413990928002 ], [ -70.774819576856288, -33.287406525699339 ], [ -70.774822353895601, -33.287399099629482 ], [ -70.774825283169008, -33.287391714931893 ], [ -70.774828363803351, -33.287384373807711 ], [ -70.774831594880354, -33.287377078445118 ], [ -70.774834975436875, -33.287369831018609 ], [ -70.774838504465251, -33.287362633688424 ], [ -70.774842180913581, -33.287355488599836 ], [ -70.774846003685965, -33.287348397882582 ], [ -70.774849971642922, -33.287341363650178 ], [ -70.774854083601696, -33.287334387999302 ], [ -70.774858338336642, -33.287327473009164 ], [ -70.7748627345795, -33.2873206207409 ], [ -70.774867271019858, -33.287313833236951 ], [ -70.774871946305524, -33.287307112520466 ], [ -70.774876759042911, -33.287300460594658 ], [ -70.774881707797462, -33.287293879442231 ], [ -70.77488679109409, -33.287287371024838 ], [ -70.77489200741762, -33.287280937282411 ], [ -70.77489735521317, -33.287274580132653 ], [ -70.774902832886738, -33.287268301470377 ], [ -70.774908438805568, -33.287262103167123 ], [ -70.77491417129869, -33.287255987070331 ], [ -70.774920028657405, -33.287249955003034 ], [ -70.774926009135825, -33.287244008763196 ], [ -70.774932110951326, -33.287238150123173 ], [ -70.774938332285146, -33.287232380829238 ], [ -70.774944671282881, -33.287226702601046 ], [ -70.774951126055058, -33.287221117131061 ], [ -70.77495769467771, -33.287215626084141 ], [ -70.774964375192937, -33.287210231096957 ], [ -70.774964785355138, -33.287209911159394 ], [ -70.774965202075762, -33.287209597256918 ], [ -70.774965625228944, -33.287209289484366 ], [ -70.774966054686843, -33.287208987934683 ], [ -70.774966490319756, -33.287208692698968 ], [ -70.774966931996104, -33.287208403866387 ], [ -70.774967379582449, -33.287208121524195 ], [ -70.774967832943616, -33.287207845757656 ], [ -70.774968291942656, -33.287207576650097 ], [ -70.774968756440941, -33.287207314282774 ], [ -70.774969226298154, -33.287207058734936 ], [ -70.774969701372356, -33.287206810083809 ], [ -70.774970181520089, -33.287206568404464 ], [ -70.774970666596275, -33.287206333769916 ], [ -70.774971156454441, -33.287206106251048 ], [ -70.774971650946583, -33.287205885916542 ], [ -70.774972149923357, -33.287205672832989 ], [ -70.774972653234045, -33.287205467064759 ], [ -70.774973160726603, -33.287205268673979 ], [ -70.774973672247754, -33.287205077720586 ], [ -70.774974187642997, -33.28720489426226 ], [ -70.774974706756637, -33.287204718354396 ], [ -70.774975229431888, -33.287204550050156 ], [ -70.774975755510852, -33.287204389400372 ], [ -70.774976284834651, -33.287204236453555 ], [ -70.77497681724337, -33.287204091255909 ], [ -70.774977352576215, -33.287203953851289 ], [ -70.774977890671479, -33.287203824281228 ], [ -70.77497843136662, -33.287203702584812 ], [ -70.774978974498325, -33.287203588798839 ], [ -70.774979519902558, -33.287203482957658 ], [ -70.774980067414532, -33.287203385093257 ], [ -70.774980616868902, -33.287203295235194 ], [ -70.7749811680997, -33.287203213410578 ], [ -70.774981720940417, -33.287203139644177 ], [ -70.774982275224048, -33.287203073958231 ], [ -70.774982830783188, -33.287203016372601 ], [ -70.774983387450035, -33.287202966904687 ], [ -70.774983945056434, -33.28720292556941 ], [ -70.774984503433942, -33.287202892379256 ], [ -70.774985062413904, -33.28720286734427 ], [ -70.774985621827511, -33.287202850472006 ], [ -70.774986181505753, -33.287202841767559 ], [ -70.774986741279591, -33.287202841233551 ], [ -70.774987300979916, -33.287202848870159 ], [ -70.774987860437705, -33.287202864675059 ], [ -70.774988419483961, -33.287202888643485 ], [ -70.774988977949803, -33.287202920768202 ], [ -70.774989535666577, -33.287202961039505 ], [ -70.774990092465771, -33.287203009445221 ], [ -70.774990648179241, -33.287203065970743 ], [ -70.774991202639114, -33.287203130598975 ], [ -70.774991755677931, -33.287203203310419 ], [ -70.774992307128613, -33.287203284083098 ], [ -70.774992856824625, -33.28720337289262 ], [ -70.774993404599883, -33.287203469712161 ], [ -70.774993950288973, -33.287203574512475 ], [ -70.774994493727064, -33.287203687261886 ], [ -70.774995034749978, -33.287203807926382 ], [ -70.774995573194317, -33.287203936469481 ], [ -70.774996108897426, -33.287204072852361 ], [ -70.774996641697513, -33.287204217033832 ], [ -70.774997171433625, -33.28720436897035 ], [ -70.774997697945764, -33.28720452861598 ], [ -70.774998221074895, -33.28720469592259 ], [ -70.774998740662994, -33.287204870839545 ], [ -70.774999256553116, -33.287205053314061 ], [ -70.774999768589439, -33.287205243291019 ], [ -70.775000276617305, -33.287205440713031 ], [ -70.775000780483253, -33.287205645520451 ], [ -70.775001280035099, -33.287205857651436 ], [ -70.775001775121936, -33.287206077041901 ], [ -70.77500226559421, -33.287206303625581 ], [ -70.775002751303802, -33.287206537334022 ], [ -70.775003232103998, -33.287206778096653 ], [ -70.775003707849535, -33.287207025840736 ], [ -70.775004178396728, -33.287207280491444 ], [ -70.775004643603467, -33.287207541971867 ], [ -70.775005103329221, -33.287207810203 ], [ -70.775005557435108, -33.287208085103828 ], [ -70.775006005783993, -33.287208366591315 ], [ -70.775006448240433, -33.287208654580461 ], [ -70.775006884670773, -33.287208948984265 ], [ -70.77500731494321, -33.28720924971379 ], [ -70.775007738927769, -33.287209556678199 ], [ -70.775008156496355, -33.287209869784782 ], [ -70.775008567522875, -33.287210188938957 ], [ -70.775008971883182, -33.287210514044325 ], [ -70.775009369455105, -33.287210845002683 ], [ -70.775009760118564, -33.287211181714063 ], [ -70.775010143755566, -33.28721152407676 ], [ -70.77501052025022, -33.287211871987367 ], [ -70.775010889488826, -33.287212225340788 ], [ -70.775011251359828, -33.2872125840303 ], [ -70.775011605753932, -33.287212947947545 ], [ -70.7750119525641, -33.287213316982616 ], [ -70.775012291685556, -33.287213691024029 ], [ -70.775012623015883, -33.287214069958807 ], [ -70.775012946454979, -33.287214453672497 ], [ -70.775013261905173, -33.287214842049181 ], [ -70.775013569271167, -33.287215234971562 ], [ -70.775013868460121, -33.287215632320965 ], [ -70.775014159381669, -33.287216033977344 ], [ -70.775014441947931, -33.287216439819389 ], [ -70.775014716073557, -33.287216849724508 ], [ -70.775014981675753, -33.287217263568891 ], [ -70.775015238674271, -33.287217681227546 ], [ -70.775015486991521, -33.287218102574293 ], [ -70.775015726552454, -33.287218527481869 ], [ -70.775015957284737, -33.287218955821942 ], [ -70.775016179118666, -33.287219387465115 ], [ -70.775016391987236, -33.287219822281017 ], [ -70.775016595826145, -33.287220260138291 ], [ -70.775016790573829, -33.287220700904719 ], [ -70.775016976171472, -33.287221144447102 ], [ -70.775017152562981, -33.287221590631539 ], [ -70.77501731969511, -33.287222039323204 ], [ -70.775017477517352, -33.287222490386604 ], [ -70.775017625982059, -33.28722294368545 ], [ -70.775017765044367, -33.287223399082855 ], [ -70.77501789466227, -33.287223856441237 ], [ -70.775018014796629, -33.287224315622481 ], [ -70.775018125411151, -33.287224776487868 ], [ -70.775018226472426, -33.287225238898188 ], [ -70.775018317949915, -33.287225702713783 ], [ -70.775018399816005, -33.287226167794543 ], [ -70.775018472045971, -33.287226633999978 ], [ -70.775018534617971, -33.287227101189295 ], [ -70.775018587513131, -33.287227569221351 ], [ -70.775018630715437, -33.287228037954797 ], [ -70.775018664211885, -33.287228507248031 ], [ -70.775018687992315, -33.287228976959298 ], [ -70.775018702049579, -33.287229446946739 ], [ -70.775018706379413, -33.28722991706838 ], [ -70.77501870098051, -33.287230387182213 ], [ -70.775018685854505, -33.287230857146241 ], [ -70.775018661005959, -33.287231326818514 ], [ -70.775018626442375, -33.287231796057171 ], [ -70.775018582174226, -33.287232264720451 ], [ -70.775018528214829, -33.287232732666816 ], [ -70.775018464580526, -33.287233199754894 ], [ -70.775018391290516, -33.287233665843637 ], [ -70.775018308366953, -33.287234130792214 ], [ -70.775018215834862, -33.28723459446023 ], [ -70.775018113722211, -33.287235056707594 ], [ -70.775018002059852, -33.287235517394713 ], [ -70.775017880881478, -33.287235976382412 ], [ -70.775017750223725, -33.287236433532058 ], [ -70.775017610126042, -33.287236888705557 ], [ -70.77501746063075, -33.287237341765426 ], [ -70.775017301783009, -33.287237792574835 ], [ -70.775017133630811, -33.287238240997596 ], [ -70.775016956224903, -33.287238686898263 ], [ -70.775016769618915, -33.287239130142133 ], [ -70.775016573869195, -33.287239570595339 ], [ -70.775016369034887, -33.287240008124868 ], [ -70.775016155177838, -33.287240442598502 ], [ -70.775015932362649, -33.28724087388504 ], [ -70.775015700656638, -33.287241301854216 ], [ -70.775011854690419, -33.287248404805361 ], [ -70.775008155665788, -33.287255562594652 ], [ -70.775004604690821, -33.287262773078034 ], [ -70.775001202829216, -33.287270034095698 ], [ -70.774997951099991, -33.287277343472653 ], [ -70.774994850477214, -33.287284699019452 ], [ -70.774991901889678, -33.287292098532838 ], [ -70.774989106220644, -33.287299539796351 ], [ -70.774986464307574, -33.287307020581018 ], [ -70.774983976941854, -33.287314538646072 ], [ -70.774981644868589, -33.287322091739533 ], [ -70.774979468786384, -33.287329677598919 ], [ -70.774977449347105, -33.287337293952014 ], [ -70.774975587155694, -33.287344938517379 ], [ -70.77497388276997, -33.287352609005154 ], [ -70.774972336700543, -33.28736030311773 ], [ -70.774970949410545, -33.287368018550382 ], [ -70.774969721315571, -33.287375752992062 ], [ -70.774968652783528, -33.287383504125955 ], [ -70.774967744134543, -33.287391269630305 ], [ -70.774966995640824, -33.287399047179015 ], [ -70.77496640752662, -33.287406834442372 ], [ -70.774965979968115, -33.287414629087785 ], [ -70.774965713093465, -33.287422428780438 ], [ -70.774965606982633, -33.287430231183997 ], [ -70.774965661667437, -33.287438033961323 ], [ -70.77496587713155, -33.287445834775149 ], [ -70.774966253310467, -33.287453631288813 ], [ -70.774966790091582, -33.287461421166945 ], [ -70.7749674873141, -33.287469202076139 ], [ -70.774968344769249, -33.287476971685663 ], [ -70.774969362200224, -33.28748472766825 ], [ -70.774970539302288, -33.287492467700623 ], [ -70.774971875722912, -33.287500189464318 ], [ -70.774973371061805, -33.287507890646353 ], [ -70.774975024871097, -33.287515568939874 ], [ -70.774976836655455, -33.287523222044932 ], [ -70.774978805872209, -33.287530847669103 ], [ -70.774980931931509, -33.287538443528156 ], [ -70.775187007736974, -33.288247147341117 ], [ -70.775134503241262, -33.288285454058069 ], [ -70.775022273180156, -33.288369354752867 ], [ -70.77481160630461, -33.287644860327532 ] ] ] ] } },
{ "type": "Feature", "properties": { "fid": 171, "Arae": 2461.983 }, "geometry": { "type": "MultiPolygon", "coordinates": [ [ [ [ -70.785337818327193, -33.280183268019385 ], [ -70.785017734738645, -33.279942204750526 ], [ -70.784593016882312, -33.279664723278081 ], [ -70.784206834169538, -33.279373872754526 ], [ -70.784206626871693, -33.279373713869717 ], [ -70.78420642290186, -33.279373551974672 ], [ -70.784206222321956, -33.279373387118575 ], [ -70.784206025192915, -33.279373219351484 ], [ -70.784205831574639, -33.279373048724366 ], [ -70.784205641525872, -33.279372875289027 ], [ -70.784205455104399, -33.279372699098175 ], [ -70.784205272366805, -33.279372520205285 ], [ -70.784205093368584, -33.279372338664736 ], [ -70.784204918164136, -33.279372154531622 ], [ -70.784204746806651, -33.279371967861877 ], [ -70.784204579348184, -33.279371778712225 ], [ -70.784204415839582, -33.279371587140083 ], [ -70.784204256330511, -33.279371393203654 ], [ -70.784204100869445, -33.27937119696184 ], [ -70.784203949503564, -33.279370998474242 ], [ -70.784203802278839, -33.279370797801135 ], [ -70.784203659240021, -33.279370595003478 ], [ -70.784203520430523, -33.279370390142851 ], [ -70.784203385892525, -33.279370183281507 ], [ -70.784203255666881, -33.279369974482236 ], [ -70.784203129793141, -33.279369763808504 ], [ -70.784203008309547, -33.279369551324237 ], [ -70.784202891252974, -33.27936933709401 ], [ -70.784202778658994, -33.279369121182903 ], [ -70.784202670561783, -33.279368903656447 ], [ -70.784202566994196, -33.279368684580739 ], [ -70.784202467987697, -33.279368464022305 ], [ -70.784202373572313, -33.27936824204815 ], [ -70.784202283776779, -33.279368018725684 ], [ -70.784202198628307, -33.279367794122734 ], [ -70.784202118152791, -33.279367568307514 ], [ -70.784202042374687, -33.279367341348618 ], [ -70.784201971316975, -33.279367113314962 ], [ -70.784201905001254, -33.279366884275831 ], [ -70.784201843447676, -33.279366654300759 ], [ -70.784201786674927, -33.279366423459628 ], [ -70.784201734700247, -33.279366191822525 ], [ -70.784201687539422, -33.27936595945981 ], [ -70.784201645206778, -33.279365726442059 ], [ -70.784201607715175, -33.279365492840043 ], [ -70.784201575075997, -33.27936525872471 ], [ -70.784201547299162, -33.27936502416717 ], [ -70.784201524393097, -33.279364789238656 ], [ -70.784201506364766, -33.279364554010535 ], [ -70.784201493219641, -33.279364318554229 ], [ -70.784201484961727, -33.279364082941292 ], [ -70.784201481593499, -33.279363847243232 ], [ -70.784201483116021, -33.279363611531686 ], [ -70.784201489528812, -33.279363375878212 ], [ -70.784201500829923, -33.279363140354398 ], [ -70.784201517015916, -33.279362905031761 ], [ -70.784201538081888, -33.279362669981779 ], [ -70.784201564021416, -33.279362435275871 ], [ -70.784201594826655, -33.27936220098529 ], [ -70.784201630488241, -33.279361967181202 ], [ -70.78420167099533, -33.279361733934635 ], [ -70.784201716335616, -33.279361501316394 ], [ -70.784201766495343, -33.279361269397171 ], [ -70.784201821459263, -33.279361038247394 ], [ -70.784201881210691, -33.279360807937259 ], [ -70.784201945731496, -33.279360578536718 ], [ -70.784202015002037, -33.279360350115454 ], [ -70.784202089001326, -33.27936012274283 ], [ -70.784202167706837, -33.279359896487911 ], [ -70.784202251094698, -33.279359671419421 ], [ -70.784202339139583, -33.279359447605714 ], [ -70.784202431814734, -33.27935922511476 ], [ -70.784202529092013, -33.279359004014161 ], [ -70.784202630941891, -33.279358784371034 ], [ -70.784202737333388, -33.279358566252114 ], [ -70.784202848234244, -33.279358349723644 ], [ -70.784202963610724, -33.279358134851378 ], [ -70.78420308342784, -33.27935792170058 ], [ -70.784203207649156, -33.279357710336008 ], [ -70.784203336236956, -33.279357500821831 ], [ -70.784203469152203, -33.2793572932217 ], [ -70.784203606354509, -33.27935708759869 ], [ -70.784203747802195, -33.279356884015208 ], [ -70.784203893452329, -33.279356682533106 ], [ -70.784204043260658, -33.279356483213569 ], [ -70.784204197181666, -33.279356286117149 ], [ -70.784204355168626, -33.279356091303711 ], [ -70.784204517173549, -33.279355898832428 ], [ -70.784204683147223, -33.279355708761734 ], [ -70.784204853039256, -33.279355521149384 ], [ -70.78420502679802, -33.279355336052326 ], [ -70.78420520437075, -33.279355153526822 ], [ -70.78420538570353, -33.279354973628287 ], [ -70.784205570741278, -33.279354796411347 ], [ -70.784205759427763, -33.279354621929848 ], [ -70.784205951705729, -33.279354450236774 ], [ -70.784206147516755, -33.279354281384279 ], [ -70.784206346801355, -33.279354115423637 ], [ -70.784206549499004, -33.279353952405266 ], [ -70.784206755548141, -33.279353792378664 ], [ -70.784206964886195, -33.279353635392454 ], [ -70.784207177449588, -33.279353481494297 ], [ -70.784207393173745, -33.279353330730949 ], [ -70.784207611993153, -33.279353183148181 ], [ -70.78420783384135, -33.279353038790838 ], [ -70.784208058650933, -33.279352897702765 ], [ -70.784208286353675, -33.279352759926802 ], [ -70.784208516880369, -33.279352625504799 ], [ -70.784208750161028, -33.279352494477571 ], [ -70.784208986124781, -33.27935236688495 ], [ -70.784209224699964, -33.27935224276564 ], [ -70.784209465814129, -33.279352122157384 ], [ -70.784209709394034, -33.279352005096769 ], [ -70.784209955365696, -33.279351891619378 ], [ -70.784210203654425, -33.279351781759694 ], [ -70.784210454184773, -33.279351675551027 ], [ -70.784210706880685, -33.279351573025707 ], [ -70.784210961665408, -33.279351474214806 ], [ -70.784211218461536, -33.279351379148373 ], [ -70.784211477191079, -33.279351287855278 ], [ -70.784211737775479, -33.279351200363237 ], [ -70.784212000135568, -33.279351116698834 ], [ -70.784212264191652, -33.279351036887476 ], [ -70.784212529863566, -33.279350960953408 ], [ -70.784212797070609, -33.27935088891968 ], [ -70.784213065731592, -33.27935082080819 ], [ -70.78421333576496, -33.279350756639609 ], [ -70.78421360708866, -33.279350696433426 ], [ -70.78421387962031, -33.27935064020793 ], [ -70.784214153277134, -33.279350587980218 ], [ -70.784214427975996, -33.279350539766121 ], [ -70.784214703633495, -33.279350495580289 ], [ -70.784214980165885, -33.279350455436152 ], [ -70.78421525748918, -33.279350419345917 ], [ -70.784215535519152, -33.27935038732052 ], [ -70.784215814171361, -33.279350359369708 ], [ -70.784216093361181, -33.279350335501924 ], [ -70.784216373003787, -33.279350315724486 ], [ -70.784216653014283, -33.279350300043369 ], [ -70.784216933307604, -33.279350288463313 ], [ -70.784217213798613, -33.279350280987856 ], [ -70.784217494402128, -33.27935027761928 ], [ -70.784217775032914, -33.279350278358592 ], [ -70.784218055605749, -33.279350283205581 ], [ -70.784218336035423, -33.27935029215876 ], [ -70.784218616236743, -33.279350305215409 ], [ -70.784218896124614, -33.27935032237157 ], [ -70.784219175614027, -33.279350343622028 ], [ -70.784219454620086, -33.279350368960344 ], [ -70.78421973305808, -33.27935039837881 ], [ -70.784220010843413, -33.279350431868494 ], [ -70.784220287891713, -33.279350469419207 ], [ -70.784220564118854, -33.279350511019551 ], [ -70.784220839440934, -33.279350556656915 ], [ -70.784221113774322, -33.279350606317415 ], [ -70.7842213870357, -33.279350659985987 ], [ -70.784221659142091, -33.279350717646309 ], [ -70.78422193001083, -33.27935077928089 ], [ -70.784222199559636, -33.279350844870976 ], [ -70.784248120417857, -33.279357558744323 ], [ -70.784273902959526, -33.279364638400082 ], [ -70.784299539868925, -33.279372081829422 ], [ -70.784325023871631, -33.279379886920275 ], [ -70.784350347736606, -33.279388051457978 ], [ -70.784375504278245, -33.279396573125823 ], [ -70.784400486358365, -33.279405449505823 ], [ -70.784425286888393, -33.279414678079313 ], [ -70.784449898831141, -33.279424256227699 ], [ -70.784474315203013, -33.279434181233214 ], [ -70.784498529075847, -33.27944445027962 ], [ -70.784522533578965, -33.279455060453117 ], [ -70.78454632190109, -33.279466008743078 ], [ -70.784569887292221, -33.279477292042927 ], [ -70.784593223065713, -33.279488907151077 ], [ -70.784616322599959, -33.279500850771733 ], [ -70.785499596641614, -33.279966203934464 ], [ -70.785337818327193, -33.280183268019385 ] ] ] ] } },
{ "type": "Feature", "properties": { "fid": 172, "Arae": 11015.736 }, "geometry": { "type": "MultiPolygon", "coordinates": [ [ [ [ -70.781240592236742, -33.281549821931137 ], [ -70.78131546759478, -33.281834288131257 ], [ -70.782274776862153, -33.281642849550671 ], [ -70.782280091403067, -33.281641748526901 ], [ -70.782285382493569, -33.281640570517183 ], [ -70.782290648552944, -33.281639315873385 ], [ -70.782295888007994, -33.281637984970374 ], [ -70.782301099293448, -33.281636578205735 ], [ -70.782306280852453, -33.281635095999718 ], [ -70.782311431137046, -33.28163353879517 ], [ -70.782316548608605, -33.281631907057267 ], [ -70.782321631738284, -33.281630201273494 ], [ -70.782326679007554, -33.281628421953428 ], [ -70.782331688908542, -33.281626569628671 ], [ -70.782336659944576, -33.28162464485257 ], [ -70.78234159063058, -33.281622648200155 ], [ -70.782346479493498, -33.281620580267912 ], [ -70.782351325072867, -33.28161844167365 ], [ -70.782356125921055, -33.281616233056241 ], [ -70.782360880603832, -33.281613955075493 ], [ -70.782365587700767, -33.281611608411971 ], [ -70.782370245805637, -33.28160919376672 ], [ -70.782374853526875, -33.281606711861102 ], [ -70.782379409487902, -33.281604163436583 ], [ -70.782383912327703, -33.281601549254496 ], [ -70.782388360701034, -33.281598870095792 ], [ -70.782392753278998, -33.281596126760888 ], [ -70.78239708874932, -33.281593320069348 ], [ -70.78240136581681, -33.281590450859632 ], [ -70.782405583203712, -33.281587519988925 ], [ -70.78240973965012, -33.2815845283328 ], [ -70.782413833914319, -33.281581476785007 ], [ -70.782417864773137, -33.281578366257179 ], [ -70.782421831022432, -33.281575197678585 ], [ -70.782425731477275, -33.281571971995803 ], [ -70.782429564972446, -33.281568690172499 ], [ -70.782433330362721, -33.281565353189116 ], [ -70.782437026523183, -33.281561962042552 ], [ -70.782440652349663, -33.281558517745893 ], [ -70.782444206758967, -33.281555021328117 ], [ -70.782447688689231, -33.281551473833751 ], [ -70.78245109710025, -33.281547876322598 ], [ -70.782454430973786, -33.281544229869404 ], [ -70.782457689313901, -33.281540535563522 ], [ -70.782460871147151, -33.281536794508597 ], [ -70.782463975523001, -33.281533007822276 ], [ -70.782467001514064, -33.281529176635793 ], [ -70.782469948216345, -33.281525302093705 ], [ -70.782472814749497, -33.281521385353507 ], [ -70.782475600257243, -33.281517427585307 ], [ -70.782478303907382, -33.281513429971483 ], [ -70.782480924892241, -33.281509393706273 ], [ -70.782483462428829, -33.28150531999551 ], [ -70.782485915759082, -33.281501210056184 ], [ -70.782488284150091, -33.281497065116127 ], [ -70.782490566894325, -33.281492886413616 ], [ -70.782492763309833, -33.281488675197018 ], [ -70.782494872740472, -33.281484432724397 ], [ -70.782496894556061, -33.281480160263186 ], [ -70.782498828152626, -33.281475859089753 ], [ -70.782500672952509, -33.281471530489043 ], [ -70.782502428404598, -33.281467175754216 ], [ -70.782504093984485, -33.281462796186204 ], [ -70.78250566919462, -33.281458393093395 ], [ -70.782507153564396, -33.281453967791201 ], [ -70.782508546650391, -33.281449521601616 ], [ -70.782509848036455, -33.281445055852942 ], [ -70.782511057333807, -33.281440571879287 ], [ -70.782512174181207, -33.281436071020217 ], [ -70.782513198244985, -33.281431554620326 ], [ -70.78251412921928, -33.281427024028865 ], [ -70.782514966825914, -33.281422480599332 ], [ -70.782515710814735, -33.281417925689048 ], [ -70.782516360963456, -33.281413360658753 ], [ -70.782516917077871, -33.28140878687222 ], [ -70.782517378991869, -33.281404205695836 ], [ -70.78251774656745, -33.281399618498227 ], [ -70.782518019694848, -33.281395026649761 ], [ -70.782518198292479, -33.28139043152224 ], [ -70.782518282306967, -33.281385834488425 ], [ -70.782519508241535, -33.281235053160465 ], [ -70.782530182624981, -33.27941509565035 ], [ -70.782523175537094, -33.279415331566661 ], [ -70.782516174404904, -33.279415669968863 ], [ -70.782509181352879, -33.279416110754241 ], [ -70.78250219850311, -33.279416653789028 ], [ -70.782495227974522, -33.279417298908477 ], [ -70.782488271882329, -33.279418045916792 ], [ -70.782481332337369, -33.279418894587309 ], [ -70.782474411445463, -33.27941984466252 ], [ -70.782467511306763, -33.279420895854074 ], [ -70.782460634015109, -33.27942204784302 ], [ -70.782453781657438, -33.279423300279781 ], [ -70.782446956313109, -33.279424652784307 ], [ -70.782440160053255, -33.279426104946182 ], [ -70.782433394940227, -33.279427656324728 ], [ -70.782426663026911, -33.279429306449202 ], [ -70.782419966356116, -33.279431054818865 ], [ -70.782413306959967, -33.279432900903167 ], [ -70.782406686859233, -33.279434844141917 ], [ -70.782400108062831, -33.279436883945429 ], [ -70.782393572567074, -33.279439019694735 ], [ -70.7823870823552, -33.279441250741748 ], [ -70.782380639396678, -33.279443576409435 ], [ -70.782374245646608, -33.279445995992063 ], [ -70.782367903045184, -33.279448508755436 ], [ -70.782361613517125, -33.279451113937029 ], [ -70.782355378970962, -33.279453810746304 ], [ -70.782349201298587, -33.279456598364924 ], [ -70.782343082374652, -33.279459475946965 ], [ -70.782337024055934, -33.27946244261922 ], [ -70.782331028180863, -33.279465497481475 ], [ -70.782325096568897, -33.279468639606691 ], [ -70.782319231019997, -33.279471868041419 ], [ -70.782313433314073, -33.279475181805957 ], [ -70.782307705210485, -33.279478579894757 ], [ -70.782302048447406, -33.279482061276667 ], [ -70.782296464741435, -33.27948562489523 ], [ -70.782290955786948, -33.279489269669092 ], [ -70.782285523255652, -33.279492994492223 ], [ -70.782280168796078, -33.279496798234334 ], [ -70.782274894033051, -33.27950067974114 ], [ -70.782269700567213, -33.27950463783484 ], [ -70.782264589974574, -33.279508671314296 ], [ -70.782259563805951, -33.279512778955549 ], [ -70.782254623586525, -33.279516959512165 ], [ -70.782249770815483, -33.279521211715505 ], [ -70.782245006965368, -33.279525534275237 ], [ -70.782240333481838, -33.2795299258797 ], [ -70.782235751783048, -33.279534385196229 ], [ -70.782231263259376, -33.279538910871608 ], [ -70.782226869272861, -33.279543501532565 ], [ -70.782222571156908, -33.279548155786024 ], [ -70.782218370215773, -33.279552872219639 ], [ -70.782007652852514, -33.27979379221901 ], [ -70.782182641368223, -33.279901739835601 ], [ -70.782226697010799, -33.280594205047358 ], [ -70.78201907990119, -33.280831643198965 ], [ -70.782162955939285, -33.281378236109212 ], [ -70.781240592236742, -33.281549821931137 ], [ -70.781240592236742, -33.281549821931137 ] ] ] ] } },
{ "type": "Feature", "properties": { "fid": 173, "Arae": 3986.213 }, "geometry": { "type": "MultiPolygon", "coordinates": [ [ [ [ -70.781571173010249, -33.278883519789943 ], [ -70.781207444065885, -33.279299692899841 ], [ -70.781804307737261, -33.279668309331406 ], [ -70.782015060280827, -33.279427418539953 ], [ -70.782021652701061, -33.279420012500054 ], [ -70.782028392421083, -33.279412700596112 ], [ -70.782035277535925, -33.279405484894788 ], [ -70.782042306099527, -33.279398367435576 ], [ -70.782049476125238, -33.279391350230149 ], [ -70.782056785586491, -33.27938443526191 ], [ -70.782064232417241, -33.279377624485321 ], [ -70.78207181451269, -33.279370919825404 ], [ -70.782079529729756, -33.279364323177191 ], [ -70.782087375887755, -33.279357836405183 ], [ -70.782095350768984, -33.279351461342799 ], [ -70.782103452119372, -33.279345199791962 ], [ -70.782111677649112, -33.279339053522385 ], [ -70.782120025033251, -33.279333024271331 ], [ -70.782128491912459, -33.279327113742909 ], [ -70.782137075893615, -33.279321323607697 ], [ -70.782145774550443, -33.279315655502202 ], [ -70.782154585424337, -33.279310111028515 ], [ -70.782163506024943, -33.279304691753715 ], [ -70.782172533830874, -33.279299399209549 ], [ -70.782181666290498, -33.279294234891879 ], [ -70.782190900822528, -33.279289200260401 ], [ -70.782200234816912, -33.279284296738091 ], [ -70.782209665635406, -33.279279525710898 ], [ -70.781571173010249, -33.278883519789943 ] ] ] ] } },
{ "type": "Feature", "properties": { "fid": 174, "Arae": 10874.049 }, "geometry": { "type": "MultiPolygon", "coordinates": [ [ [ [ -70.778277040576938, -33.282652757046868 ], [ -70.77865928612303, -33.282216019099685 ], [ -70.778974287257441, -33.281854966538113 ], [ -70.779259560999137, -33.282030546121021 ], [ -70.779262961402964, -33.282032601158768 ], [ -70.779266403727306, -33.282034606356675 ], [ -70.779269886936817, -33.282036561111589 ], [ -70.779273409983787, -33.282038464835544 ], [ -70.779276971808585, -33.282040316955964 ], [ -70.779280571339854, -33.282042116915761 ], [ -70.779284207494953, -33.282043864173545 ], [ -70.77928787918016, -33.282045558203755 ], [ -70.779291585291134, -33.282047198496862 ], [ -70.779295324713146, -33.282048784559528 ], [ -70.779299096321438, -33.282050315914645 ], [ -70.779302898981584, -33.282051792101662 ], [ -70.779306731549809, -33.28205321267653 ], [ -70.779310592873358, -33.28205457721198 ], [ -70.779314481790834, -33.282055885297609 ], [ -70.779318397132499, -33.282057136539933 ], [ -70.779322337720714, -33.28205833056262 ], [ -70.779326302370194, -33.282059467006533 ], [ -70.779330289888492, -33.282060545529838 ], [ -70.779334299076197, -33.282061565808142 ], [ -70.779338328727434, -33.282062527534585 ], [ -70.779342377630172, -33.282063430419868 ], [ -70.779346444566571, -33.282064274192415 ], [ -70.779350528313344, -33.282065058598484 ], [ -70.779354627642235, -33.282065783402082 ], [ -70.779358741320181, -33.282066448385237 ], [ -70.779362868109885, -33.28206705334793 ], [ -70.779367006770116, -33.282067598108199 ], [ -70.779371156056001, -33.282068082502185 ], [ -70.779375314719545, -33.282068506384185 ], [ -70.779379481509878, -33.282068869626713 ], [ -70.779383655173703, -33.282069172120522 ], [ -70.779387834455676, -33.2820694137746 ], [ -70.779392018098747, -33.282069594516294 ], [ -70.779396204844531, -33.282069714291225 ], [ -70.779400393433761, -33.28206977306337 ], [ -70.77940458260656, -33.282069770815049 ], [ -70.779408771102922, -33.282069707546952 ], [ -70.779412957663027, -33.282069583278073 ], [ -70.779417141027636, -33.282069398045834 ], [ -70.77942131993845, -33.282069151905922 ], [ -70.779425493138547, -33.282068844932375 ], [ -70.779429659372695, -33.282068477217535 ], [ -70.779433817387783, -33.282068048871999 ], [ -70.779437965933141, -33.282067560024615 ], [ -70.779442103760985, -33.282067010822402 ], [ -70.779446229626714, -33.282066401430548 ], [ -70.779450342289365, -33.282065732032372 ], [ -70.779454440511898, -33.282065002829185 ], [ -70.781040358813954, -33.281770715026077 ], [ -70.781129941423544, -33.282111049129604 ], [ -70.779381802004522, -33.282442993793701 ], [ -70.778277040576938, -33.282652757046868 ] ] ] ] } },
{ "type": "Feature", "properties": { "fid": 175, "Arae": 2910.18 }, "geometry": { "type": "MultiPolygon", "coordinates": [ [ [ [ -70.780718551570288, -33.283283868830644 ], [ -70.780512134616131, -33.28351936404497 ], [ -70.781281719498665, -33.283995093595578 ], [ -70.781500907788981, -33.283767749163893 ], [ -70.780718551570288, -33.283283868830644 ] ] ] ] } },
{ "type": "Feature", "properties": { "fid": 176, "Arae": 403.981 }, "geometry": { "type": "MultiPolygon", "coordinates": [ [ [ [ -70.783361727902474, -33.28243786489594 ], [ -70.783457384736792, -33.282353694421381 ], [ -70.783689182568935, -33.282130023182063 ], [ -70.78373249222912, -33.282082581267048 ], [ -70.783799514283558, -33.282124010156942 ], [ -70.783753635398, -33.282174266474598 ], [ -70.783518887193239, -33.282400784815472 ], [ -70.783433711263498, -33.282475732982157 ], [ -70.783361727902474, -33.28243786489594 ] ] ] ] } },
{ "type": "Feature", "properties": { "fid": 177, "Arae": 403.981 }, "geometry": { "type": "MultiPolygon", "coordinates": [ [ [ [ -70.783361727902488, -33.282437864895932 ], [ -70.783457384736792, -33.282353694421381 ], [ -70.783689182568935, -33.282130023182077 ], [ -70.78373249222912, -33.282082581267048 ], [ -70.783799514283558, -33.282124010156942 ], [ -70.783753635398156, -33.282174266474435 ], [ -70.783518887193239, -33.282400784815444 ], [ -70.783433711263498, -33.282475732982142 ], [ -70.783361727902488, -33.282437864895932 ] ] ] ] } },
{ "type": "Feature", "properties": { "fid": 178, "Arae": 423.935 }, "geometry": { "type": "MultiPolygon", "coordinates": [ [ [ [ -70.784899810387429, -33.280640964856055 ], [ -70.784905980029308, -33.280632548145171 ], [ -70.784990182108672, -33.280520216037843 ], [ -70.785189626712068, -33.280250197290044 ], [ -70.78521418100145, -33.280217317050713 ], [ -70.785236248871357, -33.280233936888067 ], [ -70.785237723677838, -33.280235066630645 ], [ -70.785239175539274, -33.280236217149543 ], [ -70.785240604040837, -33.280237388116063 ], [ -70.785242008774404, -33.280238579195633 ], [ -70.785243389338603, -33.280239790047936 ], [ -70.785244745339014, -33.28024102032704 ], [ -70.785246076388191, -33.280242269681416 ], [ -70.785247382105851, -33.280243537754146 ], [ -70.785248662118931, -33.280244824182887 ], [ -70.785249916061701, -33.280246128600112 ], [ -70.785251143575906, -33.280247450633134 ], [ -70.785252344310805, -33.280248789904199 ], [ -70.78525351792338, -33.280250146030717 ], [ -70.78525466407828, -33.280251518625178 ], [ -70.785255782448033, -33.280252907295434 ], [ -70.785256872713106, -33.280254311644718 ], [ -70.785257934562011, -33.280255731271815 ], [ -70.785258967691362, -33.280257165771083 ], [ -70.785259971805957, -33.280258614732695 ], [ -70.785260946618934, -33.280260077742632 ], [ -70.785261891851761, -33.280261554382939 ], [ -70.785262807234361, -33.280263044231702 ], [ -70.785263692505225, -33.280264546863243 ], [ -70.785264547411401, -33.280266061848252 ], [ -70.785265371708618, -33.280267588753858 ], [ -70.785266165161389, -33.280269127143846 ], [ -70.785266927542992, -33.280270676578631 ], [ -70.785267658635618, -33.280272236615573 ], [ -70.785268358230383, -33.280273806808914 ], [ -70.785269026127381, -33.280275386710031 ], [ -70.785260216305829, -33.280287183804958 ], [ -70.78506073493331, -33.28055725263507 ], [ -70.78497660854471, -33.280669483889646 ], [ -70.784967046048678, -33.280682529193015 ], [ -70.784899810387429, -33.280640964856055 ] ] ] ] } },
{ "type": "Feature", "properties": { "fid": 179, "Arae": 292.622 }, "geometry": { "type": "MultiPolygon", "coordinates": [ [ [ [ -70.784683276141138, -33.280928720737414 ], [ -70.784855377882522, -33.280701580239409 ], [ -70.784899810387429, -33.280640964856069 ], [ -70.784967046048678, -33.280682529193015 ], [ -70.784925900467229, -33.280738660573675 ], [ -70.784750436621977, -33.280970238629671 ], [ -70.784683276141138, -33.280928720737414 ] ] ] ] } },
{ "type": "Feature", "properties": { "fid": 180, "Arae": 1206.506 }, "geometry": { "type": "MultiPolygon", "coordinates": [ [ [ [ -70.78373249222912, -33.282082581267041 ], [ -70.783835973719619, -33.281969226154033 ], [ -70.784089139989192, -33.281671768183813 ], [ -70.784279768578628, -33.281432856732003 ], [ -70.784655391151901, -33.280965523317462 ], [ -70.784683276141138, -33.280928720737414 ], [ -70.784750436621977, -33.280970238629671 ], [ -70.784724977195353, -33.28100383998914 ], [ -70.784348803962047, -33.281471858990081 ], [ -70.784157554624016, -33.281711548656581 ], [ -70.783902847139842, -33.282010817759499 ], [ -70.783799514283572, -33.282124010156934 ], [ -70.78373249222912, -33.282082581267041 ] ] ] ] } },
{ "type": "Feature", "properties": { "fid": 181, "Arae": 696.026 }, "geometry": { "type": "MultiPolygon", "coordinates": [ [ [ [ -70.782495292029637, -33.283145684501825 ], [ -70.7825420496943, -33.28310731228278 ], [ -70.783198055087766, -33.282576185343601 ], [ -70.783199624061268, -33.282577292129062 ], [ -70.78320116993612, -33.282578421611468 ], [ -70.783202692246945, -33.282579573450803 ], [ -70.783204190535457, -33.282580747300322 ], [ -70.783205664350646, -33.282581942806644 ], [ -70.783207113248821, -33.282583159609878 ], [ -70.783208536793822, -33.282584397343719 ], [ -70.783209934557064, -33.282585655635565 ], [ -70.783211306117821, -33.282586934106618 ], [ -70.783212651063167, -33.282588232372021 ], [ -70.783213968988235, -33.282589550040939 ], [ -70.783215259496274, -33.282590886716704 ], [ -70.783216522198785, -33.28259224199693 ], [ -70.783217756715672, -33.282593615473601 ], [ -70.783218962675264, -33.282595006733303 ], [ -70.783220139714544, -33.28259641535719 ], [ -70.783221287479151, -33.282597840921184 ], [ -70.783222405623604, -33.282599282996173 ], [ -70.783223493811263, -33.282600741147995 ], [ -70.783224551714554, -33.282602214937754 ], [ -70.783225579014996, -33.282603703921744 ], [ -70.783226575403347, -33.282605207651727 ], [ -70.783227540579659, -33.282606725675031 ], [ -70.783228474253363, -33.282608257534662 ], [ -70.783229376143382, -33.282609802769493 ], [ -70.783230245978217, -33.282611360914331 ], [ -70.783231083496005, -33.282612931500118 ], [ -70.783231888444661, -33.282614514054039 ], [ -70.783232660581803, -33.282616108099724 ], [ -70.783233399675026, -33.282617713157265 ], [ -70.783234105501819, -33.282619328743493 ], [ -70.783234777849714, -33.282620954372057 ], [ -70.783235416516277, -33.282622589553576 ], [ -70.783236021309264, -33.282624233795801 ], [ -70.783236592046606, -33.282625886603761 ], [ -70.783237128556507, -33.282627547479876 ], [ -70.783237630677419, -33.282629215924189 ], [ -70.783238098258195, -33.282630891434415 ], [ -70.783238531158077, -33.282632573506163 ], [ -70.78323892924675, -33.282634261633071 ], [ -70.78323929240436, -33.282635955306937 ], [ -70.783239620521599, -33.282637654017918 ], [ -70.783239913499656, -33.282639357254624 ], [ -70.782599994709116, -33.283157460050838 ], [ -70.78256319623496, -33.28318765916643 ], [ -70.782495292029637, -33.283145684501825 ] ] ] ] } },
{ "type": "Feature", "properties": { "fid": 182, "Arae": 3758.683 }, "geometry": { "type": "MultiPolygon", "coordinates": [ [ [ [ -70.782203981974774, -33.282965611664281 ], [ -70.782801001605009, -33.282284475877447 ], [ -70.782825121241274, -33.282303438708446 ], [ -70.782849569142002, -33.282322102631916 ], [ -70.782874340056935, -33.282340463639599 ], [ -70.782900598796118, -33.28236131777718 ], [ -70.782925779033576, -33.282383608061849 ], [ -70.782950908742336, -33.282407111700401 ], [ -70.782976628453412, -33.282431167145077 ], [ -70.783003581702971, -33.282455026895789 ], [ -70.783032094029792, -33.282477824672569 ], [ -70.783061766156877, -33.282499145825177 ], [ -70.783073149162718, -33.282506714636192 ], [ -70.783078875604772, -33.282510461137832 ], [ -70.783084671476274, -33.282514131549618 ], [ -70.783090535344172, -33.282517724964052 ], [ -70.783096465758646, -33.282521240492656 ], [ -70.783102461253378, -33.282524677266181 ], [ -70.783108520345976, -33.282528034434925 ], [ -70.783114641538305, -33.282531311168768 ], [ -70.783185578294194, -33.282568628823455 ], [ -70.783187200587221, -33.282569497796494 ], [ -70.783188805808209, -33.282570388854708 ], [ -70.783190393530973, -33.282571301761571 ], [ -70.783191963334033, -33.282572236274724 ], [ -70.783193514800615, -33.282573192146046 ], [ -70.783195047518859, -33.282574169121816 ], [ -70.783196561081851, -33.282575166942628 ], [ -70.783198055087766, -33.282576185343601 ], [ -70.7825420496943, -33.28310731228278 ], [ -70.782495292029637, -33.283145684501825 ], [ -70.782203981974774, -33.282965611664281 ] ] ] ] } },
{ "type": "Feature", "properties": { "fid": 183, "Arae": 341.249 }, "geometry": { "type": "MultiPolygon", "coordinates": [ [ [ [ -70.782157264835092, -33.283423156400971 ], [ -70.782175049735343, -33.28340849370305 ], [ -70.782495292029637, -33.283145684501811 ], [ -70.782563196234975, -33.283187659166416 ], [ -70.782233264594993, -33.283458420195487 ], [ -70.782225143632616, -33.283465115498927 ], [ -70.782157264835092, -33.283423156400971 ] ] ] ] } },
{ "type": "Feature", "properties": { "fid": 184, "Arae": 1309.335 }, "geometry": { "type": "MultiPolygon", "coordinates": [ [ [ [ -70.781927457298693, -33.283281100896119 ], [ -70.782203981974789, -33.28296561166426 ], [ -70.782495292029637, -33.283145684501811 ], [ -70.782175049735343, -33.28340849370305 ], [ -70.782157264835092, -33.283423156400971 ], [ -70.781927457298693, -33.283281100896119 ] ] ] ] } },
{ "type": "Feature", "properties": { "fid": 185, "Arae": 607.735 }, "geometry": { "type": "MultiPolygon", "coordinates": [ [ [ [ -70.7808718841125, -33.284521099746499 ], [ -70.780807815040177, -33.284565831511351 ], [ -70.780747751443783, -33.284516894098005 ], [ -70.780817870814943, -33.284467938161491 ], [ -70.781188735119912, -33.284195100731559 ], [ -70.78133562526159, -33.284083361284623 ], [ -70.781375041673925, -33.284052781030454 ], [ -70.781443286589592, -33.284094966773253 ], [ -70.781391780939614, -33.284134926192976 ], [ -70.781244076444224, -33.284247285178019 ], [ -70.7808718841125, -33.284521099746499 ] ] ] ] } },
{ "type": "Feature", "properties": { "fid": 186, "Arae": 501.578 }, "geometry": { "type": "MultiPolygon", "coordinates": [ [ [ [ -70.780817870814943, -33.284467938161491 ], [ -70.780747751443783, -33.284516894098005 ], [ -70.780733404965574, -33.284505205149259 ], [ -70.781281719498665, -33.283995093595578 ], [ -70.781375041673925, -33.284052781030454 ], [ -70.78133562526159, -33.284083361284623 ], [ -70.781188735119912, -33.284195100731559 ], [ -70.780817870814943, -33.284467938161491 ] ] ] ] } },
{ "type": "Feature", "properties": { "fid": 187, "Arae": 255.424 }, "geometry": { "type": "MultiPolygon", "coordinates": [ [ [ [ -70.781375041673925, -33.284052781030454 ], [ -70.781518994445065, -33.283941098531535 ], [ -70.781632957350951, -33.283849375899813 ], [ -70.781700973237875, -33.283891419957442 ], [ -70.781576009676357, -33.283991996497832 ], [ -70.781443286589592, -33.284094966773253 ], [ -70.781375041673925, -33.284052781030454 ] ] ] ] } },
{ "type": "Feature", "properties": { "fid": 188, "Arae": 424.879 }, "geometry": { "type": "MultiPolygon", "coordinates": [ [ [ [ -70.781281719498665, -33.283995093595571 ], [ -70.781500907788981, -33.283767749163886 ], [ -70.781632957350951, -33.283849375899813 ], [ -70.781518994445065, -33.283941098531535 ], [ -70.781375041673925, -33.284052781030454 ], [ -70.781281719498665, -33.283995093595571 ] ] ] ] } },
{ "type": "Feature", "properties": { "fid": 189, "Arae": 526.806 }, "geometry": { "type": "MultiPolygon", "coordinates": [ [ [ [ -70.781632957350951, -33.283849375899813 ], [ -70.781941365344707, -33.283601153388481 ], [ -70.782157264835107, -33.283423156400964 ], [ -70.782225143632616, -33.283465115498927 ], [ -70.78199929189951, -33.28365131768399 ], [ -70.781700973237875, -33.283891419957442 ], [ -70.781632957350951, -33.283849375899813 ] ] ] ] } },
{ "type": "Feature", "properties": { "fid": 190, "Arae": 1409.293 }, "geometry": { "type": "MultiPolygon", "coordinates": [ [ [ [ -70.781500907788981, -33.283767749163886 ], [ -70.781927457298707, -33.283281100896112 ], [ -70.782157264835107, -33.283423156400964 ], [ -70.781941365344707, -33.283601153388481 ], [ -70.781632957350951, -33.283849375899813 ], [ -70.781500907788981, -33.283767749163886 ] ] ] ] } },
{ "type": "Feature", "properties": { "fid": 191, "Arae": 657.35 }, "geometry": { "type": "MultiPolygon", "coordinates": [ [ [ [ -70.780107953198311, -33.284943480263017 ], [ -70.78061340229543, -33.284610693716616 ], [ -70.780733404965588, -33.284505205149252 ], [ -70.780747751443783, -33.284516894097997 ], [ -70.780807815040191, -33.284565831511344 ], [ -70.780596232968222, -33.284713553399911 ], [ -70.780271160898977, -33.284939965441005 ], [ -70.780168581298582, -33.285008438034254 ], [ -70.780107953198311, -33.284943480263017 ] ] ] ] } },
{ "type": "Feature", "properties": { "fid": 192, "Arae": 495.942 }, "geometry": { "type": "MultiPolygon", "coordinates": [ [ [ [ -70.779454099812057, -33.285466699894002 ], [ -70.779363831523227, -33.285523578744119 ], [ -70.7793611198706, -33.285523207970321 ], [ -70.779358416143708, -33.285522798397714 ], [ -70.779355721129477, -33.285522350145499 ], [ -70.779353035612303, -33.285521863344144 ], [ -70.779350360373797, -33.285521338135354 ], [ -70.779347696192602, -33.285520774671973 ], [ -70.779345043844145, -33.285520173118002 ], [ -70.779342404100362, -33.285519533648525 ], [ -70.779339777729604, -33.285518856449663 ], [ -70.77933716549623, -33.285518141718519 ], [ -70.779334568160579, -33.285517389663106 ], [ -70.779331986478567, -33.285516600502312 ], [ -70.779329421201624, -33.285515774465836 ], [ -70.779326873076371, -33.285514911794088 ], [ -70.779324342844447, -33.285514012738147 ], [ -70.779321831242271, -33.285513077559692 ], [ -70.779319339000864, -33.285512106530909 ], [ -70.779316866845591, -33.285511099934403 ], [ -70.779314415495961, -33.285510058063153 ], [ -70.779311985665458, -33.285508981220424 ], [ -70.779309578061287, -33.285507869719581 ], [ -70.779307193384184, -33.285506723884168 ], [ -70.779304832328222, -33.28550554404768 ], [ -70.779302495580552, -33.285504330553486 ], [ -70.779277737712619, -33.285490079216565 ], [ -70.779786881930391, -33.28515486907979 ], [ -70.779846678353678, -33.285218936018687 ], [ -70.779675542306592, -33.285327607175169 ], [ -70.779454099812057, -33.285466699894002 ] ] ] ] } },
{ "type": "Feature", "properties": { "fid": 193, "Arae": 349.728 }, "geometry": { "type": "MultiPolygon", "coordinates": [ [ [ [ -70.779786881930391, -33.28515486907979 ], [ -70.780107953034133, -33.284943480087094 ], [ -70.780168581298597, -33.285008438034254 ], [ -70.779981238580163, -33.285133490110084 ], [ -70.779846678353678, -33.285218936018687 ], [ -70.779786881930391, -33.28515486907979 ] ] ] ] } },
{ "type": "Feature", "properties": { "fid": 194, "Arae": 525.934 }, "geometry": { "type": "MultiPolygon", "coordinates": [ [ [ [ -70.776264340211938, -33.287397787310859 ], [ -70.776343420195502, -33.287344826285917 ], [ -70.776448890844861, -33.287275368694701 ], [ -70.776506974270873, -33.28723708620619 ], [ -70.77656713767341, -33.287195708165662 ], [ -70.776695489381083, -33.287113319599143 ], [ -70.776751379173234, -33.287075749699007 ], [ -70.776827982325329, -33.28702655873338 ], [ -70.776839291315255, -33.287019340057547 ], [ -70.776889146534742, -33.287075289938137 ], [ -70.776878424661106, -33.287082133852742 ], [ -70.776802650850243, -33.287130792274759 ], [ -70.776746754855452, -33.287168366360206 ], [ -70.776618772873732, -33.287250517636828 ], [ -70.776559021570961, -33.287291612268959 ], [ -70.776500231920792, -33.287330360235913 ], [ -70.776395029084284, -33.287399641489202 ], [ -70.776362532707253, -33.287421404812534 ], [ -70.776328645997125, -33.287438986052557 ], [ -70.776312963715199, -33.287452355271093 ], [ -70.776264340211938, -33.287397787310859 ] ] ] ] } },
{ "type": "Feature", "properties": { "fid": 195, "Arae": 294.631 }, "geometry": { "type": "MultiPolygon", "coordinates": [ [ [ [ -70.776312963715199, -33.287452355271107 ], [ -70.776306128696305, -33.287458182154744 ], [ -70.77629929853029, -33.287463625300347 ], [ -70.776168662055071, -33.287553041266726 ], [ -70.776035963888475, -33.287644647395233 ], [ -70.775997989540841, -33.287670741512279 ], [ -70.775948089187636, -33.287614740400386 ], [ -70.77598320255241, -33.287590612221116 ], [ -70.776115962483573, -33.287498963496112 ], [ -70.776238375770305, -33.287415176053798 ], [ -70.776264340211938, -33.287397787310873 ], [ -70.776312963715199, -33.287452355271107 ] ] ] ] } },
{ "type": "Feature", "properties": { "fid": 196, "Arae": 294.581 }, "geometry": { "type": "MultiPolygon", "coordinates": [ [ [ [ -70.77691810289015, -33.287056806701415 ], [ -70.776889146534742, -33.287075289938137 ], [ -70.776839291315255, -33.287019340057547 ], [ -70.776869559660227, -33.287000019367333 ], [ -70.77691202210643, -33.286975858563267 ], [ -70.777001787360504, -33.28691990008538 ], [ -70.777068576082556, -33.286878791064332 ], [ -70.777168142040637, -33.286816531692551 ], [ -70.777217996124008, -33.286872480072439 ], [ -70.777118013050782, -33.286935000294449 ], [ -70.777051174947431, -33.286976139726413 ], [ -70.776960173729933, -33.287032868708934 ], [ -70.77691810289015, -33.287056806701415 ] ] ] ] } },
{ "type": "Feature", "properties": { "fid": 197, "Arae": 220.852 }, "geometry": { "type": "MultiPolygon", "coordinates": [ [ [ [ -70.777222640844911, -33.286869575686964 ], [ -70.777217996124008, -33.286872480072439 ], [ -70.777168142040637, -33.286816531692551 ], [ -70.777172849828645, -33.286813587871826 ], [ -70.77718186778533, -33.286807912740088 ], [ -70.777413451770769, -33.286662491276225 ], [ -70.777463305998381, -33.286718439651558 ], [ -70.777392911377646, -33.286762402266021 ], [ -70.777327752933431, -33.286803427004578 ], [ -70.777222640844911, -33.286869575686964 ] ] ] ] } },
{ "type": "Feature", "properties": { "fid": 198, "Arae": 1142.453 }, "geometry": { "type": "MultiPolygon", "coordinates": [ [ [ [ -70.777533724117717, -33.286674462279315 ], [ -70.777463305998381, -33.286718439651558 ], [ -70.777413451770769, -33.286662491276225 ], [ -70.777484075894733, -33.286618385268099 ], [ -70.777589169314552, -33.28655271389632 ], [ -70.777775127646692, -33.286436673598885 ], [ -70.778000903701979, -33.286293597859526 ], [ -70.778065862408155, -33.286252600018003 ], [ -70.778681364269772, -33.285865890970548 ], [ -70.778732709095834, -33.285920903439042 ], [ -70.778435841017483, -33.286107158348045 ], [ -70.778278991802679, -33.286205498631048 ], [ -70.778050953497939, -33.286349422408911 ], [ -70.77782499675628, -33.286492612707981 ], [ -70.777638836323746, -33.286608779145574 ], [ -70.777533724117717, -33.286674462279315 ] ] ] ] } },
{ "type": "Feature", "properties": { "fid": 199, "Arae": 376.867 }, "geometry": { "type": "MultiPolygon", "coordinates": [ [ [ [ -70.779158864422058, -33.285652729825827 ], [ -70.779090721161808, -33.285608306232511 ], [ -70.778811701595046, -33.285784116956002 ], [ -70.778681364274263, -33.285865890967713 ], [ -70.778732709095834, -33.285920903439042 ], [ -70.778861564925634, -33.285840058886279 ], [ -70.779158864422058, -33.285652729825827 ] ] ] ] } },
{ "type": "Feature", "properties": { "fid": 200, "Arae": 648.847 }, "geometry": { "type": "MultiPolygon", "coordinates": [ [ [ [ -70.775261021935492, -33.28810084511418 ], [ -70.775481425401495, -33.287940762658017 ], [ -70.775614864017484, -33.287846572963083 ], [ -70.775763370924508, -33.287741985014748 ], [ -70.775843503050282, -33.287686606721088 ], [ -70.775948089187636, -33.287614740400386 ], [ -70.775997989540841, -33.287670741512279 ], [ -70.775896281690592, -33.28774063004844 ], [ -70.775816537863506, -33.287795740019241 ], [ -70.775668362632274, -33.28790009442929 ], [ -70.77553540883298, -33.287993941953744 ], [ -70.775320172878196, -33.288150271252249 ], [ -70.775318611471235, -33.288149800003737 ], [ -70.775317059928867, -33.288149306308213 ], [ -70.77531551870851, -33.28814879031124 ], [ -70.775313988264585, -33.288148252164937 ], [ -70.775312469048359, -33.288147692027991 ], [ -70.775310961507728, -33.288147110065545 ], [ -70.775309466087194, -33.288146506449202 ], [ -70.775307983227691, -33.288145881356911 ], [ -70.775306513366388, -33.28814523497298 ], [ -70.775305056936688, -33.288144567488011 ], [ -70.775303614367999, -33.28814387909879 ], [ -70.775302186085668, -33.288143170008276 ], [ -70.775300772510789, -33.28814244042556 ], [ -70.775299374060168, -33.28814169056573 ], [ -70.775297991146104, -33.288140920649901 ], [ -70.775296624176363, -33.288140130905049 ], [ -70.775295273553951, -33.288139321564046 ], [ -70.775293939677127, -33.288138492865528 ], [ -70.775292622939162, -33.288137645053808 ], [ -70.775291323728268, -33.288136778378885 ], [ -70.775290042427528, -33.288135893096246 ], [ -70.775288779414709, -33.28813498946694 ], [ -70.775287535062219, -33.288134067757404 ], [ -70.775286309736927, -33.288133128239394 ], [ -70.775285103800115, -33.288132171189901 ], [ -70.775283917607339, -33.288131196891101 ], [ -70.775282751508357, -33.288130205630281 ], [ -70.77528160584697, -33.288129197699703 ], [ -70.775280480960959, -33.288128173396537 ], [ -70.775279377182017, -33.288127133022797 ], [ -70.775278294835559, -33.288126076885227 ], [ -70.77527723424069, -33.288125005295242 ], [ -70.775276195710163, -33.288123918568743 ], [ -70.775275179550135, -33.288122817026185 ], [ -70.775274186060244, -33.288121700992349 ], [ -70.775273215533417, -33.288120570796259 ], [ -70.775272268255776, -33.288119426771182 ], [ -70.775271344506635, -33.288118269254383 ], [ -70.775270444558345, -33.288117098587186 ], [ -70.775269568676265, -33.288115915114737 ], [ -70.775268717118607, -33.288114719185963 ], [ -70.775267890136476, -33.288113511153504 ], [ -70.775267087973702, -33.288112291373508 ], [ -70.775266310866783, -33.288111060205644 ], [ -70.775265559044854, -33.288109818012892 ], [ -70.775264832729562, -33.288108565161501 ], [ -70.775264132135064, -33.288107302020876 ], [ -70.775263457467929, -33.288106028963441 ], [ -70.775262808927067, -33.288104746364567 ], [ -70.775262186703699, -33.288103454602386 ], [ -70.775261590981302, -33.288102154057768 ], [ -70.775261021935492, -33.28810084511418 ] ] ] ] } },
{ "type": "Feature", "properties": { "fid": 201, "Arae": 544.315 }, "geometry": { "type": "MultiPolygon", "coordinates": [ [ [ [ -70.774300988960334, -33.288838807864785 ], [ -70.774474491389256, -33.288702138980796 ], [ -70.774542805335599, -33.288646971005029 ], [ -70.7747686837114, -33.288467776860131 ], [ -70.774843325487581, -33.288409397877388 ], [ -70.774868234950972, -33.288390731514596 ], [ -70.774890663806318, -33.288467864101172 ], [ -70.774825147424792, -33.28851910593221 ], [ -70.774762149873126, -33.288568642904764 ], [ -70.774665768737393, -33.288644615742889 ], [ -70.774531790306781, -33.288752812239906 ], [ -70.774357910625326, -33.288889778328226 ], [ -70.774300988960334, -33.288838807864785 ] ] ] ] } },
{ "type": "Feature", "properties": { "fid": 202, "Arae": 765.62 }, "geometry": { "type": "MultiPolygon", "coordinates": [ [ [ [ -70.774590708387109, -33.287089618442863 ], [ -70.77459042613313, -33.287087508325428 ], [ -70.774564103466815, -33.286890720771375 ], [ -70.774588055794993, -33.286862623258784 ], [ -70.774640082886151, -33.2868033311834 ], [ -70.774771109107647, -33.287253940685993 ], [ -70.774765347799161, -33.287262107903807 ], [ -70.774759756576046, -33.287270358083191 ], [ -70.774754337131441, -33.287278688725891 ], [ -70.774749091106486, -33.287287097309253 ], [ -70.774744020089756, -33.287295581287083 ], [ -70.774739125616932, -33.287304138090306 ], [ -70.774734409170151, -33.287312765127822 ], [ -70.774729872177673, -33.287321459787222 ], [ -70.774725516013405, -33.287330219435681 ], [ -70.774721341996496, -33.287339041420637 ], [ -70.774717351390976, -33.287347923070691 ], [ -70.774713545405305, -33.287356861696338 ], [ -70.774709925192042, -33.287365854590874 ], [ -70.774706491847496, -33.2873748990311 ], [ -70.774703246411377, -33.287383992278244 ], [ -70.774700189866536, -33.287393131578739 ], [ -70.774697323138582, -33.287402314165078 ], [ -70.774694647095643, -33.287411537256638 ], [ -70.774692162548149, -33.287420798060552 ], [ -70.774689870248523, -33.287430093772507 ], [ -70.774687770890949, -33.287439421577616 ], [ -70.774685865111195, -33.287448778651296 ], [ -70.774684153486447, -33.2874581621601 ], [ -70.774682636535076, -33.287467569262539 ], [ -70.774681314716474, -33.287476997110026 ], [ -70.774680188430992, -33.287486442847644 ], [ -70.774679258019731, -33.287495903615103 ], [ -70.774678523764521, -33.287505376547522 ], [ -70.774677985887749, -33.287514858776383 ], [ -70.774677644552384, -33.287524347430285 ], [ -70.774677499861809, -33.287533839635948 ], [ -70.774677551859938, -33.287543332518965 ], [ -70.774677800531066, -33.287552823204734 ], [ -70.774678245799976, -33.287562308819368 ], [ -70.774678887531891, -33.287571786490425 ], [ -70.774679725532522, -33.287581253347945 ], [ -70.774680759548218, -33.287590706525208 ], [ -70.7746819892659, -33.287600143159644 ], [ -70.774683414313245, -33.287609560393676 ], [ -70.774685034258795, -33.287618955375613 ], [ -70.774686848612077, -33.287628325260499 ], [ -70.774688856823715, -33.28763766721098 ], [ -70.774691058285683, -33.287646978398179 ], [ -70.774693452331377, -33.287656256002492 ], [ -70.774696038235916, -33.287665497214505 ], [ -70.774683350698936, -33.287621864106448 ], [ -70.774640411232269, -33.287474192656482 ], [ -70.774590708387109, -33.287089618442863 ] ] ] ] } },
{ "type": "Feature", "properties": { "fid": 231, "Arae": 2461.983 }, "geometry": { "type": "MultiPolygon", "coordinates": [ [ [ [ -70.785337818327193, -33.280183268019385 ], [ -70.785017734738645, -33.279942204750526 ], [ -70.784593016882312, -33.279664723278081 ], [ -70.784206834169538, -33.279373872754526 ], [ -70.784206626871693, -33.279373713869717 ], [ -70.78420642290186, -33.279373551974672 ], [ -70.784206222321956, -33.279373387118575 ], [ -70.784206025192915, -33.279373219351484 ], [ -70.784205831574639, -33.279373048724366 ], [ -70.784205641525872, -33.279372875289027 ], [ -70.784205455104399, -33.279372699098175 ], [ -70.784205272366805, -33.279372520205285 ], [ -70.784205093368584, -33.279372338664736 ], [ -70.784204918164136, -33.279372154531622 ], [ -70.784204746806651, -33.279371967861877 ], [ -70.784204579348184, -33.279371778712225 ], [ -70.784204415839582, -33.279371587140083 ], [ -70.784204256330511, -33.279371393203654 ], [ -70.784204100869445, -33.27937119696184 ], [ -70.784203949503564, -33.279370998474242 ], [ -70.784203802278839, -33.279370797801135 ], [ -70.784203659240021, -33.279370595003478 ], [ -70.784203520430523, -33.279370390142851 ], [ -70.784203385892525, -33.279370183281507 ], [ -70.784203255666881, -33.279369974482236 ], [ -70.784203129793141, -33.279369763808504 ], [ -70.784203008309547, -33.279369551324237 ], [ -70.784202891252974, -33.27936933709401 ], [ -70.784202778658994, -33.279369121182903 ], [ -70.784202670561783, -33.279368903656447 ], [ -70.784202566994196, -33.279368684580739 ], [ -70.784202467987697, -33.279368464022305 ], [ -70.784202373572313, -33.27936824204815 ], [ -70.784202283776779, -33.279368018725684 ], [ -70.784202198628307, -33.279367794122734 ], [ -70.784202118152791, -33.279367568307514 ], [ -70.784202042374687, -33.279367341348618 ], [ -70.784201971316975, -33.279367113314962 ], [ -70.784201905001254, -33.279366884275831 ], [ -70.784201843447676, -33.279366654300759 ], [ -70.784201786674927, -33.279366423459628 ], [ -70.784201734700247, -33.279366191822525 ], [ -70.784201687539422, -33.27936595945981 ], [ -70.784201645206778, -33.279365726442059 ], [ -70.784201607715175, -33.279365492840043 ], [ -70.784201575075997, -33.27936525872471 ], [ -70.784201547299162, -33.27936502416717 ], [ -70.784201524393097, -33.279364789238656 ], [ -70.784201506364766, -33.279364554010535 ], [ -70.784201493219641, -33.279364318554229 ], [ -70.784201484961727, -33.279364082941292 ], [ -70.784201481593499, -33.279363847243232 ], [ -70.784201483116021, -33.279363611531686 ], [ -70.784201489528812, -33.279363375878212 ], [ -70.784201500829923, -33.279363140354398 ], [ -70.784201517015916, -33.279362905031761 ], [ -70.784201538081888, -33.279362669981779 ], [ -70.784201564021416, -33.279362435275871 ], [ -70.784201594826655, -33.27936220098529 ], [ -70.784201630488241, -33.279361967181202 ], [ -70.78420167099533, -33.279361733934635 ], [ -70.784201716335616, -33.279361501316394 ], [ -70.784201766495343, -33.279361269397171 ], [ -70.784201821459263, -33.279361038247394 ], [ -70.784201881210691, -33.279360807937259 ], [ -70.784201945731496, -33.279360578536718 ], [ -70.784202015002037, -33.279360350115454 ], [ -70.784202089001326, -33.27936012274283 ], [ -70.784202167706837, -33.279359896487911 ], [ -70.784202251094698, -33.279359671419421 ], [ -70.784202339139583, -33.279359447605714 ], [ -70.784202431814734, -33.27935922511476 ], [ -70.784202529092013, -33.279359004014161 ], [ -70.784202630941891, -33.279358784371034 ], [ -70.784202737333388, -33.279358566252114 ], [ -70.784202848234244, -33.279358349723644 ], [ -70.784202963610724, -33.279358134851378 ], [ -70.78420308342784, -33.27935792170058 ], [ -70.784203207649156, -33.279357710336008 ], [ -70.784203336236956, -33.279357500821831 ], [ -70.784203469152203, -33.2793572932217 ], [ -70.784203606354509, -33.27935708759869 ], [ -70.784203747802195, -33.279356884015208 ], [ -70.784203893452329, -33.279356682533106 ], [ -70.784204043260658, -33.279356483213569 ], [ -70.784204197181666, -33.279356286117149 ], [ -70.784204355168626, -33.279356091303711 ], [ -70.784204517173549, -33.279355898832428 ], [ -70.784204683147223, -33.279355708761734 ], [ -70.784204853039256, -33.279355521149384 ], [ -70.78420502679802, -33.279355336052326 ], [ -70.78420520437075, -33.279355153526822 ], [ -70.78420538570353, -33.279354973628287 ], [ -70.784205570741278, -33.279354796411347 ], [ -70.784205759427763, -33.279354621929848 ], [ -70.784205951705729, -33.279354450236774 ], [ -70.784206147516755, -33.279354281384279 ], [ -70.784206346801355, -33.279354115423637 ], [ -70.784206549499004, -33.279353952405266 ], [ -70.784206755548141, -33.279353792378664 ], [ -70.784206964886195, -33.279353635392454 ], [ -70.784207177449588, -33.279353481494297 ], [ -70.784207393173745, -33.279353330730949 ], [ -70.784207611993153, -33.279353183148181 ], [ -70.78420783384135, -33.279353038790838 ], [ -70.784208058650933, -33.279352897702765 ], [ -70.784208286353675, -33.279352759926802 ], [ -70.784208516880369, -33.279352625504799 ], [ -70.784208750161028, -33.279352494477571 ], [ -70.784208986124781, -33.27935236688495 ], [ -70.784209224699964, -33.27935224276564 ], [ -70.784209465814129, -33.279352122157384 ], [ -70.784209709394034, -33.279352005096769 ], [ -70.784209955365696, -33.279351891619378 ], [ -70.784210203654425, -33.279351781759694 ], [ -70.784210454184773, -33.279351675551027 ], [ -70.784210706880685, -33.279351573025707 ], [ -70.784210961665408, -33.279351474214806 ], [ -70.784211218461536, -33.279351379148373 ], [ -70.784211477191079, -33.279351287855278 ], [ -70.784211737775479, -33.279351200363237 ], [ -70.784212000135568, -33.279351116698834 ], [ -70.784212264191652, -33.279351036887476 ], [ -70.784212529863566, -33.279350960953408 ], [ -70.784212797070609, -33.27935088891968 ], [ -70.784213065731592, -33.27935082080819 ], [ -70.78421333576496, -33.279350756639609 ], [ -70.78421360708866, -33.279350696433426 ], [ -70.78421387962031, -33.27935064020793 ], [ -70.784214153277134, -33.279350587980218 ], [ -70.784214427975996, -33.279350539766121 ], [ -70.784214703633495, -33.279350495580289 ], [ -70.784214980165885, -33.279350455436152 ], [ -70.78421525748918, -33.279350419345917 ], [ -70.784215535519152, -33.27935038732052 ], [ -70.784215814171361, -33.279350359369708 ], [ -70.784216093361181, -33.279350335501924 ], [ -70.784216373003787, -33.279350315724486 ], [ -70.784216653014283, -33.279350300043369 ], [ -70.784216933307604, -33.279350288463313 ], [ -70.784217213798613, -33.279350280987856 ], [ -70.784217494402128, -33.27935027761928 ], [ -70.784217775032914, -33.279350278358592 ], [ -70.784218055605749, -33.279350283205581 ], [ -70.784218336035423, -33.27935029215876 ], [ -70.784218616236743, -33.279350305215409 ], [ -70.784218896124614, -33.27935032237157 ], [ -70.784219175614027, -33.279350343622028 ], [ -70.784219454620086, -33.279350368960344 ], [ -70.78421973305808, -33.27935039837881 ], [ -70.784220010843413, -33.279350431868494 ], [ -70.784220287891713, -33.279350469419207 ], [ -70.784220564118854, -33.279350511019551 ], [ -70.784220839440934, -33.279350556656915 ], [ -70.784221113774322, -33.279350606317415 ], [ -70.7842213870357, -33.279350659985987 ], [ -70.784221659142091, -33.279350717646309 ], [ -70.78422193001083, -33.27935077928089 ], [ -70.784222199559636, -33.279350844870976 ], [ -70.784248120417857, -33.279357558744323 ], [ -70.784273902959526, -33.279364638400082 ], [ -70.784299539868925, -33.279372081829422 ], [ -70.784325023871631, -33.279379886920275 ], [ -70.784350347736606, -33.279388051457978 ], [ -70.784375504278245, -33.279396573125823 ], [ -70.784400486358365, -33.279405449505823 ], [ -70.784425286888393, -33.279414678079313 ], [ -70.784449898831141, -33.279424256227699 ], [ -70.784474315203013, -33.279434181233214 ], [ -70.784498529075847, -33.27944445027962 ], [ -70.784522533578965, -33.279455060453117 ], [ -70.78454632190109, -33.279466008743078 ], [ -70.784569887292221, -33.279477292042927 ], [ -70.784593223065713, -33.279488907151077 ], [ -70.784616322599959, -33.279500850771733 ], [ -70.785499596641614, -33.279966203934464 ], [ -70.785337818327193, -33.280183268019385 ] ] ] ] } },
{ "type": "Feature", "properties": { "fid": 232, "Arae": 1202.995 }, "geometry": { "type": "MultiPolygon", "coordinates": [ [ [ [ -70.777807505566642, -33.283725904454734 ], [ -70.778278433805752, -33.283638470651944 ], [ -70.77796041918387, -33.28419202238134 ], [ -70.777807505566642, -33.283725904454734 ] ] ] ] } },
{ "type": "Feature", "properties": { "fid": 233, "Arae": 676.639 }, "geometry": { "type": "MultiPolygon", "coordinates": [ [ [ [ -70.777890906045457, -33.284567026151009 ], [ -70.777900567078561, -33.28456530484295 ], [ -70.777910261621301, -33.284563722008457 ], [ -70.777919986860269, -33.284562278106861 ], [ -70.777929739973189, -33.284560973557198 ], [ -70.777939518129685, -33.284559808738031 ], [ -70.777949318492134, -33.2845587839874 ], [ -70.777959138216431, -33.284557899602689 ], [ -70.777968974452875, -33.284557155840531 ], [ -70.777978824346988, -33.284556552916797 ], [ -70.777988685040299, -33.284556091006415 ], [ -70.777998553671182, -33.284555770243465 ], [ -70.778008427375809, -33.284555590721027 ], [ -70.778018303288761, -33.284555552491163 ], [ -70.778028178544048, -33.284555655565008 ], [ -70.778038050275867, -33.284555899912633 ], [ -70.778047915619396, -33.284556285463118 ], [ -70.778057771711715, -33.284556812104583 ], [ -70.778067615692535, -33.284557479684203 ], [ -70.778077444705161, -33.284558288008228 ], [ -70.778087255897162, -33.284559236842078 ], [ -70.778097046421337, -33.284560325910398 ], [ -70.778106813436423, -33.284561554897159 ], [ -70.778116554108038, -33.284562923445662 ], [ -70.778126265609416, -33.284564431158806 ], [ -70.778135945122244, -33.28456607759901 ], [ -70.778145589837536, -33.284567862288476 ], [ -70.778155196956348, -33.284569784709291 ], [ -70.778164763690697, -33.284571844303557 ], [ -70.778174287264264, -33.284574040473565 ], [ -70.778183764913322, -33.284576372582016 ], [ -70.778193193887418, -33.284578839952083 ], [ -70.778202571450237, -33.284581441867758 ], [ -70.778211894880386, -33.284584177573933 ], [ -70.778221161472189, -33.284587046276719 ], [ -70.778230368536455, -33.28459004714361 ], [ -70.77823951340126, -33.284593179303741 ], [ -70.778248593412769, -33.284596441848159 ], [ -70.778257605935892, -33.284599833830065 ], [ -70.778266548355205, -33.284603354265052 ], [ -70.77818668757314, -33.284571214185121 ], [ -70.778181646226045, -33.284569139718919 ], [ -70.778176648695094, -33.284566991766795 ], [ -70.778171696498632, -33.284564770981305 ], [ -70.77816679114126, -33.28456247803723 ], [ -70.778161934113314, -33.284560113631187 ], [ -70.778157126890477, -33.284557678481534 ], [ -70.77815237093327, -33.284555173328116 ], [ -70.778147667686653, -33.284552598932073 ], [ -70.77814301857957, -33.284549956075537 ], [ -70.778138425024537, -33.284547245561477 ], [ -70.77813388841713, -33.284544468213419 ], [ -70.778129410135705, -33.28454162487516 ], [ -70.778124991540821, -33.284538716410573 ], [ -70.778120633974964, -33.284535743703316 ], [ -70.778116338762032, -33.28453270765656 ], [ -70.778112107206994, -33.28452960919271 ], [ -70.77810794059549, -33.284526449253164 ], [ -70.778103840193438, -33.284523228797958 ], [ -70.778099807246591, -33.28451994880556 ], [ -70.778095842980235, -33.28451661027249 ], [ -70.778091948598814, -33.28451321421305 ], [ -70.778088125285507, -33.284509761659052 ], [ -70.77808437420191, -33.284506253659458 ], [ -70.778080696487663, -33.284502691280068 ], [ -70.778077093260137, -33.284499075603186 ], [ -70.778073565614051, -33.284495407727356 ], [ -70.778070114621201, -33.284491688766948 ], [ -70.778066741330008, -33.284487919851877 ], [ -70.778063446765373, -33.284484102127202 ], [ -70.778060231928251, -33.284480236752827 ], [ -70.77805709779534, -33.284476324903132 ], [ -70.778054045318854, -33.284472367766625 ], [ -70.778051075426191, -33.284468366545568 ], [ -70.778048189019671, -33.284464322455605 ], [ -70.778045386976203, -33.284460236725437 ], [ -70.77804267014713, -33.284456110596359 ], [ -70.778040039357833, -33.284451945322012 ], [ -70.778037495407617, -33.284447742167842 ], [ -70.778035039069351, -33.284443502410909 ], [ -70.778032671089321, -33.284439227339313 ], [ -70.778030392186949, -33.284434918251904 ], [ -70.778028203054618, -33.284430576457893 ], [ -70.778026104357394, -33.284426203276368 ], [ -70.778024096732892, -33.284421800036029 ], [ -70.778022180791069, -33.284417368074642 ], [ -70.778020357114016, -33.284412908738744 ], [ -70.778018626255786, -33.284408423383162 ], [ -70.778016988742223, -33.284403913370653 ], [ -70.778015445070821, -33.284399380071427 ], [ -70.77801399571058, -33.284394824862801 ], [ -70.778012641101824, -33.284390249128762 ], [ -70.778011381656086, -33.284385654259481 ], [ -70.77796041918387, -33.28419202238134 ], [ -70.777960419183856, -33.284192022381234 ], [ -70.777728043393125, -33.284597551718321 ], [ -70.777890906045457, -33.284567026151009 ] ] ] ] } },
{ "type": "Feature", "properties": { "fid": 234, "Arae": 230.174 }, "geometry": { "type": "MultiPolygon", "coordinates": [ [ [ [ -70.77481160630461, -33.287644860327532 ], [ -70.774809485379052, -33.287637283169168 ], [ -70.774807520524547, -33.287629676387809 ], [ -70.774805712326739, -33.28762204225081 ], [ -70.774804061324545, -33.287614383033684 ], [ -70.774802568010031, -33.287606701019428 ], [ -70.77480123282831, -33.287598998497792 ], [ -70.774800056177284, -33.287591277764712 ], [ -70.77479903840765, -33.287583541121499 ], [ -70.77479817982271, -33.287575790874186 ], [ -70.774797480678373, -33.287568029332917 ], [ -70.77479694118297, -33.287560258811183 ], [ -70.774796561497283, -33.28755248162512 ], [ -70.774796341734415, -33.287544700092894 ], [ -70.774796281959837, -33.287536916533931 ], [ -70.774796382191354, -33.287529133268308 ], [ -70.774796642399011, -33.287521352615919 ], [ -70.774797062505229, -33.287513576896004 ], [ -70.774797642384726, -33.287505808426239 ], [ -70.774798381864628, -33.287498049522164 ], [ -70.774799280724466, -33.287490302496472 ], [ -70.774800338696267, -33.28748256965833 ], [ -70.774801555464677, -33.287474853312631 ], [ -70.774802930666937, -33.28746715575943 ], [ -70.774804463893105, -33.287459479293069 ], [ -70.774806154686161, -33.287451826201703 ], [ -70.774808002542045, -33.28744419876648 ], [ -70.774810006909959, -33.287436599260893 ], [ -70.774812167192422, -33.287429029950097 ], [ -70.774814482745455, -33.287421493090307 ], [ -70.774816952878851, -33.287413990928002 ], [ -70.774819576856288, -33.287406525699339 ], [ -70.774822353895601, -33.287399099629482 ], [ -70.774825283169008, -33.287391714931893 ], [ -70.774828363803351, -33.287384373807711 ], [ -70.774831594880354, -33.287377078445118 ], [ -70.774834975436875, -33.287369831018609 ], [ -70.774838504465251, -33.287362633688424 ], [ -70.774842180913581, -33.287355488599836 ], [ -70.774846003685965, -33.287348397882582 ], [ -70.774849971642922, -33.287341363650178 ], [ -70.774854083601696, -33.287334387999302 ], [ -70.774858338336642, -33.287327473009164 ], [ -70.7748627345795, -33.2873206207409 ], [ -70.774867271019858, -33.287313833236951 ], [ -70.774871946305524, -33.287307112520466 ], [ -70.774876759042911, -33.287300460594658 ], [ -70.774881707797462, -33.287293879442231 ], [ -70.77488679109409, -33.287287371024838 ], [ -70.77489200741762, -33.287280937282411 ], [ -70.77489735521317, -33.287274580132653 ], [ -70.774902832886738, -33.287268301470384 ], [ -70.774908438805568, -33.287262103167137 ], [ -70.77491417129869, -33.287255987070331 ], [ -70.774920028657405, -33.287249955003034 ], [ -70.774926009135825, -33.287244008763196 ], [ -70.774932110951326, -33.287238150123173 ], [ -70.774938332285146, -33.287232380829238 ], [ -70.774944671282881, -33.287226702601046 ], [ -70.774951126055058, -33.287221117131068 ], [ -70.77495769467771, -33.287215626084141 ], [ -70.774964375192937, -33.287210231096957 ], [ -70.77481160630461, -33.287644860327532 ] ] ] ] } },
{ "type": "Feature", "properties": { "fid": 235, "Arae": 10.775 }, "geometry": { "type": "MultiPolygon", "coordinates": [ [ [ [ -70.774964375192937, -33.287210231096957 ], [ -70.774964785355138, -33.287209911159394 ], [ -70.774965202075762, -33.287209597256918 ], [ -70.774965625228944, -33.287209289484366 ], [ -70.774966054686843, -33.287208987934683 ], [ -70.774966490319756, -33.287208692698968 ], [ -70.774966931996104, -33.287208403866387 ], [ -70.774967379582449, -33.287208121524195 ], [ -70.774967832943616, -33.287207845757656 ], [ -70.774968291942656, -33.287207576650097 ], [ -70.774968756440941, -33.287207314282774 ], [ -70.774969226298154, -33.287207058734936 ], [ -70.774969701372356, -33.287206810083809 ], [ -70.774970181520089, -33.287206568404464 ], [ -70.774970666596275, -33.287206333769916 ], [ -70.774971156454441, -33.287206106251048 ], [ -70.774971650946583, -33.287205885916542 ], [ -70.774972149923357, -33.287205672832989 ], [ -70.774972653234045, -33.287205467064759 ], [ -70.774973160726603, -33.287205268673979 ], [ -70.774973672247754, -33.287205077720586 ], [ -70.774974187642997, -33.28720489426226 ], [ -70.774974706756637, -33.287204718354396 ], [ -70.774975229431888, -33.287204550050156 ], [ -70.774975755510852, -33.287204389400372 ], [ -70.774976284834651, -33.287204236453555 ], [ -70.77497681724337, -33.287204091255909 ], [ -70.774977352576215, -33.287203953851289 ], [ -70.774977890671479, -33.287203824281228 ], [ -70.77497843136662, -33.287203702584812 ], [ -70.774978974498325, -33.287203588798839 ], [ -70.774979519902558, -33.287203482957658 ], [ -70.774980067414532, -33.287203385093257 ], [ -70.774980616868902, -33.287203295235194 ], [ -70.7749811680997, -33.287203213410578 ], [ -70.774981720940417, -33.287203139644177 ], [ -70.774982275224048, -33.287203073958231 ], [ -70.774982830783188, -33.287203016372601 ], [ -70.774983387450021, -33.287202966904687 ], [ -70.774983945056434, -33.28720292556941 ], [ -70.774984503433942, -33.287202892379256 ], [ -70.774985062413904, -33.28720286734427 ], [ -70.774985621827511, -33.287202850472006 ], [ -70.774986181505753, -33.287202841767559 ], [ -70.774986741279591, -33.287202841233551 ], [ -70.774987300979916, -33.287202848870159 ], [ -70.774987860437705, -33.287202864675059 ], [ -70.774988419483961, -33.287202888643485 ], [ -70.774988977949803, -33.287202920768202 ], [ -70.774989535666577, -33.287202961039505 ], [ -70.774990092465771, -33.287203009445221 ], [ -70.774990648179241, -33.287203065970736 ], [ -70.774991202639114, -33.287203130598975 ], [ -70.774991755677931, -33.287203203310419 ], [ -70.774992307128613, -33.287203284083098 ], [ -70.774992856824625, -33.28720337289262 ], [ -70.774993404599883, -33.287203469712161 ], [ -70.774993950288973, -33.287203574512475 ], [ -70.774994493727064, -33.287203687261886 ], [ -70.774995034749978, -33.287203807926382 ], [ -70.774995573194317, -33.287203936469481 ], [ -70.774996108897426, -33.287204072852361 ], [ -70.774996641697513, -33.287204217033832 ], [ -70.774997171433625, -33.28720436897035 ], [ -70.774997697945764, -33.28720452861598 ], [ -70.774998221074895, -33.28720469592259 ], [ -70.774998740662994, -33.287204870839545 ], [ -70.774999256553116, -33.287205053314061 ], [ -70.774999768589439, -33.287205243291019 ], [ -70.775000276617305, -33.287205440713031 ], [ -70.775000780483253, -33.287205645520451 ], [ -70.775001280035099, -33.287205857651436 ], [ -70.775001775121936, -33.287206077041901 ], [ -70.77500226559421, -33.287206303625581 ], [ -70.775002751303802, -33.287206537334022 ], [ -70.775003232103998, -33.287206778096653 ], [ -70.775003707849535, -33.287207025840736 ], [ -70.775004178396728, -33.287207280491444 ], [ -70.775004643603467, -33.287207541971867 ], [ -70.775005103329221, -33.287207810203 ], [ -70.775005557435108, -33.287208085103828 ], [ -70.775006005783993, -33.287208366591315 ], [ -70.775006448240433, -33.287208654580461 ], [ -70.775006884670773, -33.287208948984265 ], [ -70.77500731494321, -33.28720924971379 ], [ -70.775007738927769, -33.287209556678199 ], [ -70.775008156496355, -33.287209869784782 ], [ -70.775008567522875, -33.287210188938957 ], [ -70.775008971883182, -33.287210514044325 ], [ -70.775009369455105, -33.287210845002683 ], [ -70.775009760118564, -33.287211181714063 ], [ -70.775010143755566, -33.28721152407676 ], [ -70.77501052025022, -33.287211871987367 ], [ -70.775010889488826, -33.287212225340788 ], [ -70.775011251359828, -33.2872125840303 ], [ -70.775011605753932, -33.287212947947545 ], [ -70.7750119525641, -33.287213316982616 ], [ -70.775012291685556, -33.287213691024029 ], [ -70.775012623015883, -33.287214069958807 ], [ -70.775012946454979, -33.287214453672497 ], [ -70.775013261905173, -33.287214842049181 ], [ -70.775013569271167, -33.287215234971562 ], [ -70.775013868460121, -33.287215632320965 ], [ -70.775014159381669, -33.287216033977344 ], [ -70.775014441947931, -33.287216439819389 ], [ -70.775014716073557, -33.287216849724508 ], [ -70.775014981675753, -33.287217263568891 ], [ -70.775015238674271, -33.287217681227546 ], [ -70.775015486991521, -33.287218102574293 ], [ -70.775015726552454, -33.287218527481869 ], [ -70.775015957284737, -33.287218955821942 ], [ -70.775016179118666, -33.287219387465115 ], [ -70.775016391987236, -33.287219822281017 ], [ -70.775016595826145, -33.287220260138291 ], [ -70.775016790573829, -33.287220700904719 ], [ -70.775016976171472, -33.287221144447102 ], [ -70.775017152562981, -33.287221590631539 ], [ -70.77501731969511, -33.287222039323204 ], [ -70.775017477517352, -33.287222490386604 ], [ -70.775017625982059, -33.28722294368545 ], [ -70.775017765044367, -33.287223399082855 ], [ -70.77501789466227, -33.287223856441237 ], [ -70.775018014796629, -33.287224315622481 ], [ -70.775018125411151, -33.287224776487868 ], [ -70.775018226472426, -33.287225238898188 ], [ -70.775018317949915, -33.287225702713783 ], [ -70.775018399816005, -33.287226167794543 ], [ -70.775018472045971, -33.287226633999971 ], [ -70.775018534617971, -33.287227101189295 ], [ -70.775018587513131, -33.287227569221351 ], [ -70.775018630715437, -33.287228037954797 ], [ -70.775018664211885, -33.287228507248031 ], [ -70.775018687992315, -33.287228976959298 ], [ -70.775018702049579, -33.287229446946739 ], [ -70.775018706379413, -33.28722991706838 ], [ -70.77501870098051, -33.287230387182213 ], [ -70.775018685854505, -33.287230857146241 ], [ -70.775018661005959, -33.287231326818514 ], [ -70.775018626442389, -33.287231796057171 ], [ -70.775018582174226, -33.287232264720451 ], [ -70.775018528214829, -33.287232732666816 ], [ -70.775018464580526, -33.287233199754894 ], [ -70.775018391290516, -33.287233665843637 ], [ -70.775018308366953, -33.287234130792214 ], [ -70.775018215834862, -33.28723459446023 ], [ -70.775018113722211, -33.287235056707594 ], [ -70.775018002059852, -33.287235517394713 ], [ -70.775017880881478, -33.287235976382412 ], [ -70.775017750223725, -33.287236433532058 ], [ -70.775017610126042, -33.287236888705557 ], [ -70.77501746063075, -33.287237341765426 ], [ -70.775017301783009, -33.287237792574835 ], [ -70.775017133630811, -33.287238240997596 ], [ -70.775016956224903, -33.287238686898263 ], [ -70.775016769618915, -33.287239130142126 ], [ -70.775016573869195, -33.287239570595339 ], [ -70.775016369034887, -33.287240008124861 ], [ -70.775016155177838, -33.287240442598502 ], [ -70.775015932362649, -33.28724087388504 ], [ -70.775015700656652, -33.287241301854216 ], [ -70.774964375192937, -33.287210231096957 ] ] ] ] } },
{ "type": "Feature", "properties": { "fid": 236, "Arae": 62.592 }, "geometry": { "type": "MultiPolygon", "coordinates": [ [ [ [ -70.775015700656638, -33.287241301854216 ], [ -70.775011854690419, -33.287248404805361 ], [ -70.775008155665788, -33.287255562594652 ], [ -70.775004604690821, -33.287262773078034 ], [ -70.775001202829216, -33.287270034095698 ], [ -70.774997951099991, -33.287277343472653 ], [ -70.774994850477214, -33.287284699019452 ], [ -70.774991901889678, -33.287292098532838 ], [ -70.774989106220644, -33.287299539796351 ], [ -70.774986464307574, -33.287307020581018 ], [ -70.774983976941854, -33.287314538646072 ], [ -70.774981644868589, -33.287322091739533 ], [ -70.774979468786384, -33.287329677598919 ], [ -70.774977449347105, -33.287337293952014 ], [ -70.774975587155694, -33.287344938517379 ], [ -70.77497388276997, -33.287352609005154 ], [ -70.774972336700543, -33.28736030311773 ], [ -70.774970949410545, -33.287368018550382 ], [ -70.774969721315571, -33.287375752992062 ], [ -70.774968652783528, -33.287383504125955 ], [ -70.774967744134543, -33.287391269630305 ], [ -70.774966995640824, -33.287399047179015 ], [ -70.77496640752662, -33.287406834442372 ], [ -70.774965979968115, -33.287414629087785 ], [ -70.774965713093465, -33.287422428780438 ], [ -70.774965606982633, -33.287430231183997 ], [ -70.774965661667437, -33.287438033961323 ], [ -70.77496587713155, -33.287445834775149 ], [ -70.774966253310467, -33.287453631288813 ], [ -70.774966790091582, -33.287461421166945 ], [ -70.7749674873141, -33.287469202076139 ], [ -70.774968344769249, -33.287476971685663 ], [ -70.774969362200224, -33.28748472766825 ], [ -70.774970539302288, -33.287492467700623 ], [ -70.774971875722912, -33.287500189464318 ], [ -70.774973371061805, -33.287507890646353 ], [ -70.774975024871097, -33.287515568939874 ], [ -70.774976836655455, -33.287523222044932 ], [ -70.774978805872209, -33.287530847669103 ], [ -70.774980931931509, -33.287538443528156 ], [ -70.775015700656638, -33.287241301854216 ] ] ] ] } },
{ "type": "Feature", "properties": { "fid": 237, "Arae": 0.0 }, "geometry": { "type": "MultiPolygon", "coordinates": [ ] } },
{ "type": "Feature", "properties": { "fid": 238, "Arae": 0.0 }, "geometry": { "type": "MultiPolygon", "coordinates": [ ] } },
{ "type": "Feature", "properties": { "fid": 239, "Arae": 0.0 }, "geometry": { "type": "MultiPolygon", "coordinates": [ ] } },
{ "type": "Feature", "properties": { "fid": 240, "Arae": 0.0 }, "geometry": { "type": "MultiPolygon", "coordinates": [ ] } }
]
}
