{
"type": "FeatureCollection",
"name": "lotes",
"crs": { "type": "name", "properties": { "name": "urn:ogc:def:crs:OGC:1.3:CRS84" } },
"features": [
{ "type": "Feature", "properties": { "fid": "52", "Area": 64223.194 }, "geometry": { "type": "MultiPolygon", "coordinates": [ [ [ [ -70.806626399262242, -33.252529959934719 ], [ -70.807035885103545, -33.251922748763263 ], [ -70.807079422775033, -33.251859063353677 ], [ -70.80746303910044, -33.251361386001854 ], [ -70.80752910137339, -33.251285212810338 ], [ -70.807596523426696, -33.251209885453868 ], [ -70.807665289919512, -33.251135421068 ], [ -70.807735385205319, -33.251061836591873 ], [ -70.807806793335374, -33.250989148764482 ], [ -70.807879498062448, -33.250917374120768 ], [ -70.807880843734409, -33.250916088383889 ], [ -70.807882215620268, -33.250914822355568 ], [ -70.807883613311191, -33.250913576413069 ], [ -70.807885036390715, -33.250912350927656 ], [ -70.807886484434761, -33.250911146264492 ], [ -70.807887957011843, -33.250909962782586 ], [ -70.80788945368316, -33.250908800834559 ], [ -70.807890974002717, -33.250907660766664 ], [ -70.807892517517487, -33.250906542918635 ], [ -70.807894083767522, -33.25090544762358 ], [ -70.807895672286094, -33.250904375207853 ], [ -70.807897282599853, -33.250903325991047 ], [ -70.807898914228943, -33.25090230028578 ], [ -70.807900566687209, -33.250901298397721 ], [ -70.807902239482161, -33.250900320625419 ], [ -70.807903932115394, -33.250899367260239 ], [ -70.80790564408251, -33.250898438586226 ], [ -70.807907374873352, -33.250897534880174 ], [ -70.807909123972209, -33.250896656411328 ], [ -70.807910890857841, -33.25089580344148 ], [ -70.807912675003735, -33.250894976224778 ], [ -70.807914475878292, -33.250894175007751 ], [ -70.807916292944824, -33.250893400029135 ], [ -70.807918125661899, -33.250892651519855 ], [ -70.807919973483394, -33.250891929702959 ], [ -70.807921835858664, -33.250891234793549 ], [ -70.807923712232792, -33.250890566998692 ], [ -70.807925602046623, -33.250889926517381 ], [ -70.807927504737009, -33.250889313540448 ], [ -70.807929419737007, -33.250888728250587 ], [ -70.807931346475939, -33.250888170822165 ], [ -70.8079332843797, -33.250887641421322 ], [ -70.807935232870804, -33.250887140205805 ], [ -70.807937191368623, -33.250886667324949 ], [ -70.807939159289575, -33.250886222919682 ], [ -70.807941136047248, -33.25088580712243 ], [ -70.807943121052588, -33.250885420057081 ], [ -70.807945113714112, -33.250885061839 ], [ -70.807947113438004, -33.250884732574896 ], [ -70.807949119628404, -33.250884432362916 ], [ -70.807951131687489, -33.25088416129249 ], [ -70.807953149015702, -33.250883919444419 ], [ -70.807955171011898, -33.250883706890754 ], [ -70.807957197073577, -33.250883523694846 ], [ -70.807959226596964, -33.250883369911278 ], [ -70.807961258977343, -33.250883245585861 ], [ -70.807963293609063, -33.250883150755662 ], [ -70.807965329885832, -33.250883085448912 ], [ -70.807967367200874, -33.250883049685108 ], [ -70.807969404947116, -33.250883043474879 ], [ -70.807971442517328, -33.250883066820101 ], [ -70.807973479304366, -33.250883119713784 ], [ -70.807975514701255, -33.250883202140201 ], [ -70.807977548101519, -33.25088331407477 ], [ -70.807979578899221, -33.250883455484129 ], [ -70.807981606489207, -33.250883626326157 ], [ -70.807983630267316, -33.250883826549938 ], [ -70.807985649630453, -33.250884056095821 ], [ -70.807987663976917, -33.250884314895387 ], [ -70.807989672706427, -33.250884602871501 ], [ -70.807991675220435, -33.2508849199384 ], [ -70.807993670922215, -33.250885266001575 ], [ -70.80799565921707, -33.250885640957904 ], [ -70.80799763951255, -33.250886044695655 ], [ -70.807999611218534, -33.250886477094518 ], [ -70.808001573747475, -33.250886938025658 ], [ -70.808003526514597, -33.250887427351714 ], [ -70.808005468937978, -33.250887944926866 ], [ -70.808007400438825, -33.250888490596914 ], [ -70.80800932044157, -33.250889064199235 ], [ -70.80801122837407, -33.250889665562894 ], [ -70.808013123667834, -33.250890294508707 ], [ -70.808015005758037, -33.250890950849261 ], [ -70.808016874083876, -33.250891634388978 ], [ -70.808018728088612, -33.250892344924168 ], [ -70.808020567219799, -33.250893082243081 ], [ -70.808022390929366, -33.250893846126054 ], [ -70.808024198673905, -33.250894636345421 ], [ -70.808025989914725, -33.250895452665745 ], [ -70.808027764118052, -33.250896294843741 ], [ -70.808029520755227, -33.250897162628469 ], [ -70.808031259302766, -33.250898055761347 ], [ -70.80803297924264, -33.250898973976213 ], [ -70.80803468006232, -33.250899916999458 ], [ -70.808036361254963, -33.250900884550106 ], [ -70.808038022319636, -33.250901876339825 ], [ -70.808039662761345, -33.250902892073043 ], [ -70.810510457349864, -33.252460539051192 ], [ -70.810512086741227, -33.252461584927957 ], [ -70.810513694266149, -33.252462654425415 ], [ -70.810515279439642, -33.252463747220872 ], [ -70.810516841783411, -33.252464862984631 ], [ -70.810518380826153, -33.252466001380064 ], [ -70.8105198961035, -33.252467162063738 ], [ -70.810521387158275, -33.252468344685454 ], [ -70.810522853540647, -33.252469548888392 ], [ -70.810524294808189, -33.252470774309266 ], [ -70.810525710526079, -33.252472020578345 ], [ -70.81052710026718, -33.25247328731966 ], [ -70.810528463612215, -33.252474574150995 ], [ -70.810529800149837, -33.252475880684131 ], [ -70.810531109476813, -33.252477206524865 ], [ -70.810532391198137, -33.252478551273207 ], [ -70.810533644927077, -33.252479914523427 ], [ -70.810534870285409, -33.252481295864243 ], [ -70.81053606690341, -33.252482694878886 ], [ -70.810537234420053, -33.252484111145272 ], [ -70.810538372483137, -33.252485544236123 ], [ -70.810539480749242, -33.25248699371906 ], [ -70.810540558884043, -33.252488459156766 ], [ -70.810541606562253, -33.252489940107125 ], [ -70.810542623467796, -33.252491436123321 ], [ -70.810543609293845, -33.252492946754003 ], [ -70.810544563742965, -33.252494471543429 ], [ -70.810545486527232, -33.252496010031514 ], [ -70.810546377368183, -33.252497561754147 ], [ -70.810547235997106, -33.252499126243144 ], [ -70.810548062154894, -33.252500703026492 ], [ -70.810548855592344, -33.252502291628488 ], [ -70.81054961607002, -33.25250389156983 ], [ -70.810550343358514, -33.252505502367796 ], [ -70.810551037238397, -33.252507123536446 ], [ -70.810551697500316, -33.252508754586628 ], [ -70.81055232394506, -33.25251039502627 ], [ -70.810552916383642, -33.252512044360451 ], [ -70.810553474637302, -33.252513702091534 ], [ -70.810553998537614, -33.252515367719411 ], [ -70.810554487926538, -33.252517040741544 ], [ -70.810554942656395, -33.252518720653157 ], [ -70.810555362589994, -33.252520406947433 ], [ -70.810555747600645, -33.252522099115623 ], [ -70.810556097572189, -33.252523796647175 ], [ -70.810556412399023, -33.25252549902995 ], [ -70.810556691986164, -33.252527205750319 ], [ -70.81055693624927, -33.252528916293365 ], [ -70.810557145114629, -33.252530630143028 ], [ -70.810557318519244, -33.25253234678221 ], [ -70.810557456410763, -33.252534065693013 ], [ -70.810557558747618, -33.252535786356823 ], [ -70.810557625498916, -33.25253750825452 ], [ -70.810557656644505, -33.252539230866596 ], [ -70.810557652175007, -33.252540953673325 ], [ -70.810557612091742, -33.25254267615496 ], [ -70.810557536406819, -33.252544397791787 ], [ -70.810557425143074, -33.252546118064394 ], [ -70.810557278334073, -33.252547836453779 ], [ -70.810557096024084, -33.252549552441494 ], [ -70.810556878268144, -33.252551265509823 ], [ -70.810556625131923, -33.25255297514191 ], [ -70.810556336691789, -33.252554680821959 ], [ -70.810556013034784, -33.25255638203538 ], [ -70.81055565425855, -33.252558078268876 ], [ -70.810555260471318, -33.252559769010716 ], [ -70.810554831791876, -33.252561453750779 ], [ -70.810554368349599, -33.2525631319808 ], [ -70.810553870284281, -33.252564803194424 ], [ -70.810553337746185, -33.252566466887458 ], [ -70.810552770895995, -33.252568122557939 ], [ -70.81055216990471, -33.252569769706348 ], [ -70.810551534953674, -33.252571407835767 ], [ -70.810550866234436, -33.252573036451928 ], [ -70.810550163948733, -33.252574655063484 ], [ -70.810549428308477, -33.2525762631821 ], [ -70.810548659535598, -33.252577860322582 ], [ -70.810547857862034, -33.252579446003097 ], [ -70.810547023529637, -33.252581019745215 ], [ -70.810546156790167, -33.252582581074137 ], [ -70.81054525790509, -33.252584129518809 ], [ -70.810544327145593, -33.252585664612056 ], [ -70.810543364792522, -33.252587185890732 ], [ -70.810542371136179, -33.25258869289587 ], [ -70.810541346476398, -33.252590185172792 ], [ -70.81054029112228, -33.252591662271278 ], [ -70.81053920539226, -33.252593123745655 ], [ -70.810538089613885, -33.252594569155043 ], [ -70.810536944123797, -33.25259599806332 ], [ -70.810535769267588, -33.252597410039378 ], [ -70.81053456539972, -33.252598804657232 ], [ -70.810533332883409, -33.252600181496128 ], [ -70.810532072090496, -33.252601540140631 ], [ -70.810530783401376, -33.252602880180866 ], [ -70.81052946720483, -33.252604201212527 ], [ -70.810528123897996, -33.252605502837042 ], [ -70.810277821186205, -33.252843824254683 ], [ -70.809944044640929, -33.253161228864556 ], [ -70.809928018496478, -33.253176699338724 ], [ -70.809912307064067, -33.253192396045961 ], [ -70.809896914867025, -33.253208314467322 ], [ -70.809197545463832, -33.253930740018077 ], [ -70.806626399262242, -33.252529959934719 ] ] ] ] } },
{ "type": "Feature", "properties": { "fid": "53", "Area": 46960.711 }, "geometry": { "type": "MultiPolygon", "coordinates": [ [ [ [ -70.807496474478256, -33.249232294831081 ], [ -70.808645782059841, -33.250013979576458 ], [ -70.80798968836524, -33.250554694885921 ], [ -70.807963568572845, -33.250576369179974 ], [ -70.807937884706348, -33.250598408190008 ], [ -70.807912643978554, -33.250620805727095 ], [ -70.80788785347788, -33.25064355550164 ], [ -70.807863520166293, -33.250666651125101 ], [ -70.807839650877369, -33.250690086111838 ], [ -70.807816252314453, -33.250713853880868 ], [ -70.807793331048643, -33.250737947757813 ], [ -70.807770893517088, -33.250762360976651 ], [ -70.807748946021093, -33.25078708668169 ], [ -70.807727494724332, -33.250812117929499 ], [ -70.8077065456512, -33.250837447690856 ], [ -70.807620987786905, -33.250923042906926 ], [ -70.807537218880597, -33.251009878396871 ], [ -70.807455264399579, -33.251097927766843 ], [ -70.807375149259926, -33.25118716425397 ], [ -70.807296897818802, -33.251277560734465 ], [ -70.807220533867167, -33.251369089731853 ], [ -70.807146080622459, -33.251461723425336 ], [ -70.807073560721577, -33.251555433658254 ], [ -70.807002996213953, -33.251650191946609 ], [ -70.806934408554866, -33.251745969487722 ], [ -70.80686781859896, -33.251842737169056 ], [ -70.806461022291444, -33.25244595840438 ], [ -70.806444764174131, -33.252439186641368 ], [ -70.806428372108314, -33.252432646813688 ], [ -70.806411850780535, -33.252426340791104 ], [ -70.80639520491431, -33.252420270376511 ], [ -70.806378439268755, -33.25241443730549 ], [ -70.806361558637221, -33.252408843245725 ], [ -70.806344567845954, -33.252403489796542 ], [ -70.806327471752667, -33.252398378488557 ], [ -70.806310275245181, -33.252393510783079 ], [ -70.806292983240013, -33.252388888071813 ], [ -70.806275600681019, -33.252384511676404 ], [ -70.806258132537906, -33.252380382848067 ], [ -70.806240583804879, -33.252376502767284 ], [ -70.806222959499124, -33.252372872543333 ], [ -70.806205264659511, -33.252369493214132 ], [ -70.806187504345019, -33.252366365745843 ], [ -70.806169683633343, -33.252363491032639 ], [ -70.806151807619486, -33.252360869896364 ], [ -70.80613388141424, -33.252358503086455 ], [ -70.806115910142722, -33.252356391279562 ], [ -70.806097898942951, -33.25235453507949 ], [ -70.806079852964373, -33.252352935016908 ], [ -70.806061777366367, -33.252351591549299 ], [ -70.805285251569344, -33.252299429032988 ], [ -70.805266883551795, -33.252298061582543 ], [ -70.805248546210365, -33.252296429162541 ], [ -70.805230244959205, -33.252294532254979 ], [ -70.805211985201808, -33.252292371419912 ], [ -70.805193772329403, -33.252289947295317 ], [ -70.80517561171942, -33.252287260596937 ], [ -70.805157508733799, -33.252284312118014 ], [ -70.805139468717499, -33.252281102729064 ], [ -70.80512149699689, -33.252277633377687 ], [ -70.805103598878148, -33.252273905088209 ], [ -70.805085779645765, -33.252269918961424 ], [ -70.805068044560855, -33.252265676174197 ], [ -70.805050398859777, -33.252261177979278 ], [ -70.805032847752457, -33.252256425704715 ], [ -70.805015396420885, -33.252251420753645 ], [ -70.804998050017574, -33.252246164603797 ], [ -70.804980813664102, -33.252240658807018 ], [ -70.804963692449505, -33.25223490498896 ], [ -70.804946691428867, -33.252228904848387 ], [ -70.804929815621719, -33.252222660156889 ], [ -70.804913070010699, -33.252216172758203 ], [ -70.804896459539933, -33.25220944456774 ], [ -70.805609071192052, -33.251396184484577 ], [ -70.807496474478256, -33.249232294831081 ] ] ] ] } },
{ "type": "Feature", "properties": { "fid": "54", "Area": 3593.046 }, "geometry": { "type": "MultiPolygon", "coordinates": [ [ [ [ -70.808597920199475, -33.248940417559083 ], [ -70.809862745891763, -33.249011000605563 ], [ -70.809238066321683, -33.249525843886381 ], [ -70.808597920199475, -33.248940417559083 ] ] ] ] } },
{ "type": "Feature", "properties": { "fid": "55", "Area": 31363.525 }, "geometry": { "type": "MultiPolygon", "coordinates": [ [ [ [ -70.794184449252612, -33.269551151148583 ], [ -70.794185855788442, -33.269549412243435 ], [ -70.794187297864241, -33.269547694003073 ], [ -70.794188775049875, -33.269545996940039 ], [ -70.794190286904723, -33.269544321560517 ], [ -70.79419183297783, -33.269542668364238 ], [ -70.794193412808013, -33.26954103784432 ], [ -70.794195025924054, -33.269539430487121 ], [ -70.794196671844787, -33.269537846772074 ], [ -70.79419835007927, -33.269536287171583 ], [ -70.794200060126897, -33.26953475215084 ], [ -70.794201801477627, -33.269533242167725 ], [ -70.794203573612009, -33.269531757672603 ], [ -70.794205376001472, -33.269530299108297 ], [ -70.794207208108389, -33.269528866909859 ], [ -70.794209069386284, -33.269527461504488 ], [ -70.794210959279965, -33.269526083311391 ], [ -70.794212877225718, -33.269524732741651 ], [ -70.79421482265144, -33.269523410198133 ], [ -70.79421679497689, -33.269522116075294 ], [ -70.794218793613709, -33.269520850759164 ], [ -70.794220817965765, -33.269519614627178 ], [ -70.794222867429227, -33.269518408048015 ], [ -70.794224941392798, -33.269517231381606 ], [ -70.794227039237839, -33.269516084978889 ], [ -70.794229160338602, -33.269514969181856 ], [ -70.794231304062407, -33.26951388432331 ], [ -70.794233469769836, -33.269512830726818 ], [ -70.794235656814877, -33.269511808706689 ], [ -70.794237864545195, -33.269510818567746 ], [ -70.794240092302246, -33.269509860605325 ], [ -70.794242339421558, -33.269508935105193 ], [ -70.794244605232848, -33.269508042343382 ], [ -70.794246889060261, -33.269507182586189 ], [ -70.794249190222601, -33.269506356090062 ], [ -70.794251508033454, -33.269505563101568 ], [ -70.794253841801464, -33.269504803857167 ], [ -70.794256190830509, -33.269504078583374 ], [ -70.79425855441994, -33.269503387496513 ], [ -70.794260931864741, -33.269502730802728 ], [ -70.794263322455762, -33.269502108697893 ], [ -70.794265725479917, -33.269501521367566 ], [ -70.794268140220467, -33.269500968986939 ], [ -70.79427056595712, -33.269500451720774 ], [ -70.794273001966346, -33.26949996972337 ], [ -70.7942754475215, -33.269499523138485 ], [ -70.794277901893167, -33.269499112099304 ], [ -70.794280364349206, -33.269498736728501 ], [ -70.794282834155155, -33.269498397137966 ], [ -70.794285310574296, -33.269498093429043 ], [ -70.794287792867976, -33.269497825692305 ], [ -70.794290280295769, -33.269497594007603 ], [ -70.794292772115725, -33.269497398444074 ], [ -70.794295267584587, -33.269497239060001 ], [ -70.794297765958021, -33.269497115902965 ], [ -70.794300266490779, -33.269497029009678 ], [ -70.794302768437035, -33.269496978406089 ], [ -70.79430527105049, -33.269496964107255 ], [ -70.794307773584663, -33.269496986117467 ], [ -70.7943102752931, -33.269497044430153 ], [ -70.794312775429617, -33.269497139027919 ], [ -70.794315273248429, -33.269497269882535 ], [ -70.794317768004518, -33.269497436954993 ], [ -70.794320258953732, -33.269497640195446 ], [ -70.794322745353099, -33.269497879543273 ], [ -70.794325226460927, -33.269498154927064 ], [ -70.794327701537199, -33.269498466264722 ], [ -70.794330169843619, -33.269498813463329 ], [ -70.79433263064395, -33.269499196419353 ], [ -70.794335083204174, -33.269499615018553 ], [ -70.794337526792773, -33.269500069136107 ], [ -70.794339960680844, -33.269500558636508 ], [ -70.794342384142411, -33.269501083373754 ], [ -70.79434479645461, -33.269501643191347 ], [ -70.794347196897903, -33.269502237922318 ], [ -70.794349584756262, -33.269502867389242 ], [ -70.794351959317453, -33.269503531404361 ], [ -70.794354319873193, -33.269504229769623 ], [ -70.794356665719363, -33.269504962276727 ], [ -70.794358996156276, -33.269505728707166 ], [ -70.794361310488753, -33.269506528832345 ], [ -70.794363608026529, -33.269507362413584 ], [ -70.794365888084258, -33.269508229202245 ], [ -70.794726987848833, -33.269648672841264 ], [ -70.794742512787266, -33.26965457637602 ], [ -70.794758155381516, -33.269660256521206 ], [ -70.794773911076845, -33.26966571162292 ], [ -70.794789775285608, -33.269670940092759 ], [ -70.794805743388523, -33.269675940408312 ], [ -70.794821810736053, -33.269680711113629 ], [ -70.794837972649788, -33.269685250819606 ], [ -70.794854224423787, -33.269689558204348 ], [ -70.794870561325908, -33.269693632013684 ], [ -70.794886978599237, -33.26969747106142 ], [ -70.794903471463471, -33.269701074229708 ], [ -70.794920035116263, -33.269704440469411 ], [ -70.794936664734678, -33.269707568800342 ], [ -70.794953355476565, -33.269710458311621 ], [ -70.794970102481983, -33.269713108161895 ], [ -70.794986900874562, -33.269715517579598 ], [ -70.79500374576304, -33.269717685863156 ], [ -70.79502063224254, -33.269719612381223 ], [ -70.795037555396163, -33.269721296572854 ], [ -70.795054510296225, -33.269722737947653 ], [ -70.795071492005889, -33.269723936085924 ], [ -70.795088495580458, -33.269724890638805 ], [ -70.795105516068901, -33.269725601328361 ], [ -70.795122548515224, -33.269726067947659 ], [ -70.79513958795998, -33.269726290360836 ], [ -70.795156629441706, -33.269726268503128 ], [ -70.795173667998256, -33.269726002380906 ], [ -70.795190698668449, -33.269725492071672 ], [ -70.795207716493323, -33.269724737724026 ], [ -70.795224716517694, -33.269723739557591 ], [ -70.795241693791539, -33.26972249786305 ], [ -70.795258643371483, -33.269721013001941 ], [ -70.795275560322196, -33.269719285406623 ], [ -70.795292439717855, -33.269717315580152 ], [ -70.795309276643579, -33.269715104096093 ], [ -70.795326066196864, -33.269712651598383 ], [ -70.795342803488964, -33.26970995880113 ], [ -70.795359483646394, -33.269707026488419 ], [ -70.795588079455257, -33.269665126677559 ], [ -70.795599307976545, -33.269663137100132 ], [ -70.795610568315169, -33.269661278744195 ], [ -70.795509200638435, -33.269764214100029 ], [ -70.795501159129429, -33.269771292179783 ], [ -70.795480285949481, -33.269793575904679 ], [ -70.793289294904682, -33.272018372012347 ], [ -70.793201123759928, -33.272106708957097 ], [ -70.792342041540806, -33.27187171269302 ], [ -70.794184449252612, -33.269551151148583 ] ] ] ] } },
{ "type": "Feature", "properties": { "fid": "56", "Area": 101965.477 }, "geometry": { "type": "MultiPolygon", "coordinates": [ [ [ [ -70.791221644624983, -33.267841410372775 ], [ -70.791236767487533, -33.267847292774519 ], [ -70.791909323849453, -33.268108897068828 ], [ -70.791921567057486, -33.268113766249925 ], [ -70.79193370958221, -33.268118810213146 ], [ -70.791945747888178, -33.268124027489833 ], [ -70.791957678470254, -33.268129416560939 ], [ -70.79196949785468, -33.26813497585735 ], [ -70.79198120260007, -33.26814070376038 ], [ -70.791992789298419, -33.268146598602335 ], [ -70.792004254576113, -33.268152658666814 ], [ -70.792015595094838, -33.268158882189347 ], [ -70.792026807552645, -33.268165267357894 ], [ -70.79203788868486, -33.268171812313305 ], [ -70.792048835265021, -33.268178515149948 ], [ -70.792059644105876, -33.268185373916189 ], [ -70.792070312060261, -33.26819238661502 ], [ -70.792080836022038, -33.268199551204596 ], [ -70.792091212926934, -33.268206865598842 ], [ -70.792101439753594, -33.268214327668083 ], [ -70.792111513524276, -33.268221935239623 ], [ -70.79212143130583, -33.268229686098408 ], [ -70.79213119021054, -33.268237577987698 ], [ -70.792140787396903, -33.268245608609654 ], [ -70.792150220070539, -33.268253775626007 ], [ -70.792159485484959, -33.268262076658885 ], [ -70.792168580942345, -33.268270509291256 ], [ -70.792177503794377, -33.268279071067901 ], [ -70.792186251443013, -33.268287759495891 ], [ -70.792194821341184, -33.268296572045493 ], [ -70.79220321099362, -33.26830550615081 ], [ -70.792211417957461, -33.268314559210516 ], [ -70.792219439843095, -33.268323728588705 ], [ -70.792227274314797, -33.268333011615596 ], [ -70.792234919091371, -33.268342405588285 ], [ -70.792242371946855, -33.268351907771567 ], [ -70.792249630711211, -33.268361515398745 ], [ -70.792256693270843, -33.268371225672425 ], [ -70.792263557569356, -33.268381035765309 ], [ -70.792270221608021, -33.268390942821057 ], [ -70.792276683446445, -33.268400943955058 ], [ -70.792386534061649, -33.26857447706471 ], [ -70.79239492537387, -33.268587464643595 ], [ -70.792403579273511, -33.268600330050511 ], [ -70.792412493240903, -33.268613069539349 ], [ -70.792421664680546, -33.268625679400586 ], [ -70.792431090921994, -33.268638155962527 ], [ -70.792440769220676, -33.268650495592212 ], [ -70.792450696758536, -33.268662694696623 ], [ -70.792460870644973, -33.268674749723594 ], [ -70.79247128791765, -33.268686657162966 ], [ -70.792481945543372, -33.268698413547533 ], [ -70.792492840418916, -33.268710015454047 ], [ -70.792503969372021, -33.268721459504278 ], [ -70.792515329162228, -33.268732742365934 ], [ -70.792526916481862, -33.268743860753666 ], [ -70.792538727957009, -33.268754811430014 ], [ -70.792550760148458, -33.268765591206346 ], [ -70.792563009552765, -33.268776196943833 ], [ -70.79257547260319, -33.268786625554235 ], [ -70.792588145670805, -33.268796874000984 ], [ -70.792601025065522, -33.268806939299893 ], [ -70.792614107037153, -33.26881681852015 ], [ -70.792627387776534, -33.268826508785104 ], [ -70.792640863416636, -33.268836007273151 ], [ -70.792654530033644, -33.268845311218492 ], [ -70.792668383648149, -33.268854417911982 ], [ -70.792682420226285, -33.26886332470194 ], [ -70.792696635680898, -33.268872028994863 ], [ -70.792711025872748, -33.268880528256226 ], [ -70.792725586611724, -33.268888820011185 ], [ -70.79274031365803, -33.268896901845352 ], [ -70.79275520272347, -33.268904771405417 ], [ -70.792770249472625, -33.268912426399929 ], [ -70.792785449524203, -33.268919864599887 ], [ -70.792800798452248, -33.268927083839429 ], [ -70.792816291787432, -33.268934082016415 ], [ -70.792831925018419, -33.268940857093135 ], [ -70.792847693593117, -33.268947407096782 ], [ -70.792863592919986, -33.268953730120131 ], [ -70.79374987839202, -33.269298448575363 ], [ -70.793750974101073, -33.269300359916741 ], [ -70.793752029992376, -33.269302287008273 ], [ -70.793753045745234, -33.269304229264669 ], [ -70.793754021051129, -33.269306186096031 ], [ -70.793754955613863, -33.269308156908039 ], [ -70.793755849149562, -33.26931014110211 ], [ -70.793756701386869, -33.269312138075598 ], [ -70.79375751206689, -33.269314147221991 ], [ -70.79375828094345, -33.269316167931073 ], [ -70.793759007783009, -33.269318199589108 ], [ -70.793759692364802, -33.269320241579031 ], [ -70.793760334480908, -33.269322293280673 ], [ -70.793760933936298, -33.269324354070861 ], [ -70.793761490548903, -33.269326423323726 ], [ -70.79376200414967, -33.269328500410779 ], [ -70.793762474582607, -33.269330584701144 ], [ -70.793762901704824, -33.26933267556182 ], [ -70.793763285386589, -33.269334772357738 ], [ -70.793763625511374, -33.269336874452073 ], [ -70.793763921975867, -33.269338981206374 ], [ -70.793764174690025, -33.269341091980785 ], [ -70.793764383577098, -33.269343206134209 ], [ -70.793764548573648, -33.269345323024531 ], [ -70.793764669629525, -33.269347442008822 ], [ -70.793764746707993, -33.269349562443495 ], [ -70.793764779785604, -33.26935168368454 ], [ -70.793764768852355, -33.269353805087668 ], [ -70.793764713911528, -33.269355926008593 ], [ -70.793764614979793, -33.269358045803145 ], [ -70.793764472087247, -33.269360163827493 ], [ -70.793764285277234, -33.269362279438333 ], [ -70.793764054606527, -33.269364391993136 ], [ -70.793763780145156, -33.269366500850282 ], [ -70.793763461976496, -33.26936860536923 ], [ -70.793763100197168, -33.269370704910813 ], [ -70.793762694917049, -33.269372798837374 ], [ -70.793762246259234, -33.269374886512921 ], [ -70.793761754359977, -33.269376967303394 ], [ -70.793761219368676, -33.269379040576823 ], [ -70.793760641447818, -33.269381105703488 ], [ -70.79376002077295, -33.26938316205618 ], [ -70.793759357532537, -33.269385209010338 ], [ -70.793758651928044, -33.26938724594428 ], [ -70.793757904173759, -33.269389272239323 ], [ -70.793757114496827, -33.269391287280058 ], [ -70.793756283137029, -33.269393290454452 ], [ -70.79375541034689, -33.269395281154111 ], [ -70.7937544963915, -33.269397258774418 ], [ -70.79375354154844, -33.269399222714732 ], [ -70.793752546107712, -33.269401172378565 ], [ -70.793751510371649, -33.269403107173758 ], [ -70.793750434654811, -33.269405026512651 ], [ -70.793749319283933, -33.269406929812348 ], [ -70.793748164597744, -33.269408816494746 ], [ -70.793746970946984, -33.26941068598682 ], [ -70.79374573869417, -33.269412537720775 ], [ -70.793744468213546, -33.269414371134204 ], [ -70.793743159890994, -33.269416185670231 ], [ -70.793741814123877, -33.269417980777789 ], [ -70.793740431320927, -33.269419755911613 ], [ -70.791891617213665, -33.271748499180077 ], [ -70.790858987143295, -33.271466015797863 ], [ -70.790850250540572, -33.271463555915091 ], [ -70.790841565498866, -33.271460970402615 ], [ -70.790832934578091, -33.27145826002257 ], [ -70.790824360322205, -33.271455425573826 ], [ -70.790815845258521, -33.271452467891827 ], [ -70.790807391896834, -33.271449387848392 ], [ -70.790799002728832, -33.271446186351341 ], [ -70.790790680227175, -33.271442864344337 ], [ -70.790782426844999, -33.27143942280653 ], [ -70.790774245014944, -33.271435862752334 ], [ -70.790766137148637, -33.271432185231092 ], [ -70.790758105635888, -33.271428391326729 ], [ -70.79075015284397, -33.271424482157542 ], [ -70.790742281116991, -33.27142045887571 ], [ -70.790734492775158, -33.271416322667172 ], [ -70.790726790114064, -33.271412074751034 ], [ -70.790719175404092, -33.271407716379393 ], [ -70.790711650889676, -33.271403248836883 ], [ -70.790704218788662, -33.271398673440316 ], [ -70.790696881291652, -33.271393991538311 ], [ -70.790689640561396, -33.271389204510854 ], [ -70.790682498732096, -33.271384313768941 ], [ -70.789092357849455, -33.270276134748904 ], [ -70.791221644624983, -33.267841410372775 ] ] ] ] } },
{ "type": "Feature", "properties": { "fid": "57", "Area": 40711.839 }, "geometry": { "type": "MultiPolygon", "coordinates": [ [ [ [ -70.792750072138872, -33.272601184813134 ], [ -70.791855553302142, -33.272430334043847 ], [ -70.790992657596334, -33.273374886966955 ], [ -70.789821443913866, -33.274656893474919 ], [ -70.789089529472605, -33.275574017712451 ], [ -70.788079858235051, -33.276839158227652 ], [ -70.787787005514829, -33.277222956053393 ], [ -70.787269962882419, -33.277825535473596 ], [ -70.787576489723421, -33.277821126805094 ], [ -70.792750072138872, -33.272601184813134 ] ] ] ] } },
{ "type": "Feature", "properties": { "fid": "58", "Area": 42863.386 }, "geometry": { "type": "MultiPolygon", "coordinates": [ [ [ [ -70.81327804558272, -33.250665583313697 ], [ -70.814203129208394, -33.249768527052453 ], [ -70.814990253174088, -33.250109277350845 ], [ -70.815842837000304, -33.250311099498433 ], [ -70.817478215668785, -33.250553994149463 ], [ -70.817748502885209, -33.250594778617057 ], [ -70.817813705286582, -33.250758097346171 ], [ -70.817562851681643, -33.250947620273422 ], [ -70.81672771482188, -33.251450924246562 ], [ -70.814384238582306, -33.251222331891086 ], [ -70.813286349048099, -33.250658600859325 ], [ -70.81327804558272, -33.250665583313697 ] ] ] ] } },
{ "type": "Feature", "properties": { "fid": "59", "Area": 57824.438 }, "geometry": { "type": "MultiPolygon", "coordinates": [ [ [ [ -70.81286490067572, -33.251066203175398 ], [ -70.81129782787221, -33.252618647974138 ], [ -70.811628885622227, -33.25282734273047 ], [ -70.81366054200069, -33.253477747601629 ], [ -70.813864573588233, -33.253405086257665 ], [ -70.814082438593232, -33.253103286763988 ], [ -70.814387911579246, -33.25286097164247 ], [ -70.815849731789768, -33.251980037861529 ], [ -70.815386434746941, -33.251929099738547 ], [ -70.812863272921817, -33.251067815772657 ], [ -70.81286490067572, -33.251066203175398 ] ] ] ] } },
{ "type": "Feature", "properties": { "fid": "63", "Area": 19271.996 }, "geometry": { "type": "MultiPolygon", "coordinates": [ [ [ [ -70.826647351601181, -33.251429520462757 ], [ -70.826646876351091, -33.251425625950311 ], [ -70.826646481669542, -33.251421725090509 ], [ -70.826646167675534, -33.251417819059924 ], [ -70.826645934463798, -33.251413909036721 ], [ -70.826645782104634, -33.251409996200216 ], [ -70.826645710643987, -33.251406081730643 ], [ -70.826645720103429, -33.251402166808674 ], [ -70.826645810480073, -33.251398252615147 ], [ -70.826645981746665, -33.25139434033067 ], [ -70.82664623385152, -33.25139043113527 ], [ -70.826646566718608, -33.251386526208066 ], [ -70.826646980247475, -33.251382626726866 ], [ -70.826647474313432, -33.251378733867824 ], [ -70.826648048767424, -33.251374848805135 ], [ -70.826648703436149, -33.251370972710603 ], [ -70.826649438122175, -33.251367106753349 ], [ -70.826650252603869, -33.251363252099445 ], [ -70.826651146635569, -33.251359409911529 ], [ -70.826652119947582, -33.251355581348477 ], [ -70.826653172246353, -33.25135176756509 ], [ -70.826654303214468, -33.251347969711688 ], [ -70.826655512510783, -33.251344188933757 ], [ -70.826656799770532, -33.251340426371712 ], [ -70.826658164605448, -33.251336683160396 ], [ -70.826659606603855, -33.251332960428833 ], [ -70.826661125330816, -33.251329259299901 ], [ -70.82666272032823, -33.25132558088994 ], [ -70.826664391114988, -33.251321926308414 ], [ -70.826666137187146, -33.251318296657651 ], [ -70.826667958018049, -33.251314693032434 ], [ -70.82666985305849, -33.251311116519673 ], [ -70.826671821736852, -33.251307568198143 ], [ -70.826673863459348, -33.251304049138099 ], [ -70.826675977610137, -33.251300560400914 ], [ -70.826678163551534, -33.251297103038929 ], [ -70.826680420624214, -33.251293678094925 ], [ -70.826682748147348, -33.251290286601957 ], [ -70.826685145418963, -33.25128692958296 ], [ -70.826687611715926, -33.251283608050471 ], [ -70.826690146294368, -33.251280323006355 ], [ -70.826692748389789, -33.251277075441443 ], [ -70.826695417217351, -33.251273866335289 ], [ -70.826698151972039, -33.251270696655794 ], [ -70.826700951828997, -33.251267567359022 ], [ -70.826703815943745, -33.251264479388837 ], [ -70.826706743452377, -33.251261433676618 ], [ -70.826709733471901, -33.251258431141025 ], [ -70.826712785100426, -33.251255472687689 ], [ -70.826715897417557, -33.251252559208957 ], [ -70.826719069484511, -33.25124969158356 ], [ -70.826722300344542, -33.251246870676468 ], [ -70.826725589023127, -33.251244097338507 ], [ -70.826728934528347, -33.251241372406163 ], [ -70.826732335851119, -33.25123869670135 ], [ -70.826735791965504, -33.251236071031144 ], [ -70.826739301829093, -33.251233496187432 ], [ -70.826742864383235, -33.251230972946892 ], [ -70.826746478553346, -33.251228502070575 ], [ -70.826750143249342, -33.251226084303759 ], [ -70.826753857365858, -33.251223720375663 ], [ -70.826757619782654, -33.251221410999314 ], [ -70.826761429364879, -33.251219156871272 ], [ -70.8267652849635, -33.251216958671435 ], [ -70.826769185415586, -33.251214817062802 ], [ -70.826773129544662, -33.251212732691329 ], [ -70.826777116161097, -33.251210706185731 ], [ -70.826781144062451, -33.251208738157203 ], [ -70.826785212033812, -33.25120682919939 ], [ -70.826789318848199, -33.251204979888037 ], [ -70.826793463266924, -33.251203190780949 ], [ -70.826797644039914, -33.251201462417747 ], [ -70.826801859906183, -33.251199795319756 ], [ -70.826806109594131, -33.251198189989779 ], [ -70.826810391821965, -33.251196646912071 ], [ -70.826814705298077, -33.251195166551987 ], [ -70.826819048721418, -33.251193749356069 ], [ -70.826823420781935, -33.251192395751794 ], [ -70.826827820160929, -33.251191106147374 ], [ -70.826832245531449, -33.25118988093184 ], [ -70.826836695558697, -33.251188720474715 ], [ -70.826841168900486, -33.251187625126015 ], [ -70.826845664207539, -33.251186595216126 ], [ -70.826850180123984, -33.251185631055691 ], [ -70.826854715287737, -33.251184732935521 ], [ -70.826859268330892, -33.251183901126488 ], [ -70.826863837880168, -33.251183135879501 ], [ -70.826868422557283, -33.251182437425364 ], [ -70.826873020979406, -33.251181805974753 ], [ -70.826877631759572, -33.251181241718122 ], [ -70.82688225350708, -33.25118074482566 ], [ -70.826886884827886, -33.25118031544725 ], [ -70.826891524325106, -33.251179953712395 ], [ -70.826896170599397, -33.25117965973017 ], [ -70.826900822249314, -33.251179433589307 ], [ -70.826905477871847, -33.25117927535797 ], [ -70.826910136062764, -33.251179185083899 ], [ -70.826914795417053, -33.251179162794301 ], [ -70.82691945452936, -33.251179208495934 ], [ -70.826924111994401, -33.251179322174991 ], [ -70.826928766407391, -33.251179503797196 ], [ -70.826933416364483, -33.251179753307746 ], [ -70.826938060463135, -33.251180070631406 ], [ -70.826942697302599, -33.251180455672447 ], [ -70.826947325484312, -33.251180908314751 ], [ -70.826951943612315, -33.251181428421788 ], [ -70.826956550293701, -33.251182015836669 ], [ -70.826961144138991, -33.251182670382221 ], [ -70.826965723762584, -33.251183391861012 ], [ -70.826970287783183, -33.251184180055454 ], [ -70.826974834824185, -33.251185034727811 ], [ -70.826979363514099, -33.251185955620265 ], [ -70.826983872486991, -33.251186942455078 ], [ -70.82698836038287, -33.251187994934597 ], [ -70.826992825848066, -33.251189112741372 ], [ -70.826997267535745, -33.251190295538237 ], [ -70.827001684106165, -33.251191542968456 ], [ -70.827006074227214, -33.251192854655777 ], [ -70.827010436574753, -33.251194230204561 ], [ -70.827014769832985, -33.251195669199916 ], [ -70.827019072694924, -33.251197171207792 ], [ -70.827023343862749, -33.251198735775198 ], [ -70.828053294829544, -33.251584987327924 ], [ -70.828079745961034, -33.251599138559541 ], [ -70.826809691811533, -33.253281938867929 ], [ -70.826794149191784, -33.25330292503989 ], [ -70.826779034085973, -33.253324130506904 ], [ -70.826764350876218, -33.253345549121633 ], [ -70.826750103819464, -33.253367174674871 ], [ -70.826736297046168, -33.253389000897478 ], [ -70.826722934559243, -33.253411021462107 ], [ -70.826710020232753, -33.253433229985077 ], [ -70.826697557810874, -33.25345562002822 ], [ -70.82668555090676, -33.253478185100725 ], [ -70.826674003001557, -33.253500918661032 ], [ -70.826662917443343, -33.253523814118743 ], [ -70.826652297446131, -33.253546864836522 ], [ -70.826642146089057, -33.25357006413202 ], [ -70.826632466315317, -33.253593405279787 ], [ -70.82662326093147, -33.253616881513288 ], [ -70.826614532606527, -33.253640486026775 ], [ -70.826606283871214, -33.253664211977338 ], [ -70.826600339266903, -33.253658314575759 ], [ -70.826594515852918, -33.253652332426569 ], [ -70.826588815340443, -33.253646267287579 ], [ -70.826583239404513, -33.253640120941 ], [ -70.826577157302481, -33.253634211165263 ], [ -70.826571198001545, -33.253628213724667 ], [ -70.826565363291252, -33.253622130420318 ], [ -70.826559654923813, -33.253615963079078 ], [ -70.826554074613483, -33.253609713553047 ], [ -70.826548624036036, -33.253603383719003 ], [ -70.826543304828292, -33.253596975477869 ], [ -70.826538118587635, -33.253590490754085 ], [ -70.826533066871519, -33.253583931495037 ], [ -70.826528151196968, -33.25357729967056 ], [ -70.82652337304016, -33.253570597272216 ], [ -70.826518733836011, -33.253563826312813 ], [ -70.826514234977637, -33.2535569888257 ], [ -70.826509877816079, -33.25355008686423 ], [ -70.826505663659802, -33.253543122501128 ], [ -70.826501593774282, -33.253536097827826 ], [ -70.826497669381723, -33.253529014953912 ], [ -70.826493891660633, -33.253521876006388 ], [ -70.826490261745406, -33.253514683129175 ], [ -70.826486780726142, -33.253507438482309 ], [ -70.826483449648151, -33.253500144241443 ], [ -70.826480269511762, -33.253492802597066 ], [ -70.826477241271945, -33.253485415753936 ], [ -70.826474365838067, -33.253477985930381 ], [ -70.826471644073607, -33.253470515357606 ], [ -70.826469076795874, -33.253463006279084 ], [ -70.826466664775822, -33.253455460949858 ], [ -70.826464408737735, -33.253447881635836 ], [ -70.826462309359101, -33.253440270613119 ], [ -70.826460367270315, -33.253432630167367 ], [ -70.82645858305456, -33.253424962593037 ], [ -70.826456957247615, -33.253417270192763 ], [ -70.826455490337679, -33.253409555276626 ], [ -70.826454182765232, -33.253401820161457 ], [ -70.826453034922906, -33.253394067170156 ], [ -70.826452047155342, -33.253386298631 ], [ -70.826451219759178, -33.253378516876921 ], [ -70.826450552982791, -33.253370724244839 ], [ -70.826450047026398, -33.25336292307491 ], [ -70.826449702041899, -33.25335511570988 ], [ -70.826449518132847, -33.253347304494362 ], [ -70.826449495354439, -33.253339491774064 ], [ -70.826449633713466, -33.253331679895226 ], [ -70.82644993316832, -33.253323871203797 ], [ -70.826450393629045, -33.253316068044747 ], [ -70.826451014957314, -33.253308272761423 ], [ -70.826451796966523, -33.253300487694801 ], [ -70.82645273942174, -33.253292715182752 ], [ -70.826453842039925, -33.253284957559408 ], [ -70.826455104489909, -33.253277217154434 ], [ -70.826693029199163, -33.251906805648623 ], [ -70.826694272372293, -33.251899191375642 ], [ -70.826695360881928, -33.251891560403365 ], [ -70.826696294411775, -33.251883914949445 ], [ -70.826697072690592, -33.251876257235715 ], [ -70.826697695492214, -33.251868589487579 ], [ -70.826698162635722, -33.251860913933356 ], [ -70.826698473985388, -33.25185323280364 ], [ -70.826698629450775, -33.251845548330621 ], [ -70.826698628986748, -33.251837862747493 ], [ -70.826698472593478, -33.251830178287747 ], [ -70.82669816031644, -33.251822497184563 ], [ -70.826697692246441, -33.251814821670145 ], [ -70.82669706851955, -33.251807153975072 ], [ -70.82669628931707, -33.251799496327607 ], [ -70.826695354865478, -33.251791850953154 ], [ -70.826647351601181, -33.251429520462757 ] ] ] ] } },
{ "type": "Feature", "properties": { "fid": "64", "Area": 33051.331 }, "geometry": { "type": "MultiPolygon", "coordinates": [ [ [ [ -70.82824305354913, -33.251685825729908 ], [ -70.828244566849847, -33.25168385845884 ], [ -70.828246120472301, -33.251681913502722 ], [ -70.828247713950518, -33.251679991444924 ], [ -70.82824934680653, -33.251678092861944 ], [ -70.828251018550603, -33.251676218323269 ], [ -70.828252728681264, -33.251674368391122 ], [ -70.828254476685615, -33.251672543620394 ], [ -70.828256262039318, -33.251670744558403 ], [ -70.828258084206908, -33.251668971744749 ], [ -70.828259942641807, -33.251667225711209 ], [ -70.828261836786609, -33.251665506981439 ], [ -70.828263766073178, -33.251663816070959 ], [ -70.828265729922848, -33.251662153486997 ], [ -70.828267727746578, -33.251660519728183 ], [ -70.828269758945112, -33.251658915284544 ], [ -70.82827182290923, -33.251657340637351 ], [ -70.828273919019864, -33.251655796258888 ], [ -70.828276046648298, -33.251654282612364 ], [ -70.82827820515638, -33.251652800151803 ], [ -70.828280393896662, -33.251651349321847 ], [ -70.828282612212661, -33.251649930557669 ], [ -70.828284859439023, -33.251648544284784 ], [ -70.828287134901686, -33.251647190919023 ], [ -70.828289437918187, -33.251645870866305 ], [ -70.828291767797708, -33.251644584522559 ], [ -70.828294123841459, -33.25164333227363 ], [ -70.828296505342735, -33.251642114495091 ], [ -70.828298911587254, -33.251640931552238 ], [ -70.828301341853276, -33.251639783799853 ], [ -70.828303795411856, -33.251638671582199 ], [ -70.828306271527083, -33.2516375952329 ], [ -70.828308769456257, -33.251636555074761 ], [ -70.82831128845018, -33.251635551419788 ], [ -70.828313827753234, -33.251634584569011 ], [ -70.828316386603859, -33.251633654812437 ], [ -70.828318964234484, -33.251632762428933 ], [ -70.828321559872023, -33.251631907686154 ], [ -70.828324172737922, -33.251631090840476 ], [ -70.828326802048451, -33.251630312136903 ], [ -70.828329447015008, -33.251629571808998 ], [ -70.828332106844243, -33.251628870078825 ], [ -70.828334780738373, -33.251628207156848 ], [ -70.828337467895381, -33.251627583241913 ], [ -70.828340167509296, -33.251626998521161 ], [ -70.828342878770371, -33.251626453169969 ], [ -70.82834560086539, -33.251625947351897 ], [ -70.82834833297791, -33.25162548121866 ], [ -70.828351074288449, -33.251625054910093 ], [ -70.828353823974766, -33.251624668554065 ], [ -70.828356581212148, -33.251624322266444 ], [ -70.828359345173553, -33.251624016151077 ], [ -70.828362115029975, -33.251623750299792 ], [ -70.82836488995062, -33.25162352479235 ], [ -70.828367669103159, -33.251623339696387 ], [ -70.828370451654052, -33.251623195067403 ], [ -70.82837323676867, -33.251623090948783 ], [ -70.828376023611668, -33.251623027371757 ], [ -70.828378811347122, -33.251623004355395 ], [ -70.828381599138922, -33.251623021906596 ], [ -70.828384386150859, -33.251623080020103 ], [ -70.828387171547007, -33.251623178678479 ], [ -70.828287453905119, -33.251710260975379 ], [ -70.828308892097766, -33.251721730234109 ], [ -70.829076957253065, -33.252217139613542 ], [ -70.829084306076837, -33.252221965489831 ], [ -70.829091553955578, -33.25222689796113 ], [ -70.829098698699383, -33.252231935537125 ], [ -70.829105738149437, -33.2522370766957 ], [ -70.829112670178802, -33.2522423198835 ], [ -70.829119492692925, -33.252247663516293 ], [ -70.829126203630437, -33.252253105979527 ], [ -70.829132800963606, -33.25225864562875 ], [ -70.829139282699032, -33.2522642807902 ], [ -70.829145646878288, -33.252270009761219 ], [ -70.829151891578405, -33.252275830810802 ], [ -70.829158014912551, -33.252281742180159 ], [ -70.829164015030557, -33.252287742083176 ], [ -70.829169890119474, -33.252293828706989 ], [ -70.829175638404152, -33.25230000021255 ], [ -70.829181258147685, -33.252306254735146 ], [ -70.829186747652116, -33.25231259038496 ], [ -70.829192105258741, -33.252319005247756 ], [ -70.829197329348759, -33.252325497385243 ], [ -70.829202418343684, -33.252332064835869 ], [ -70.829207370705845, -33.252338705615266 ], [ -70.82921218493891, -33.25234541771696 ], [ -70.8292168595882, -33.252352199112885 ], [ -70.829221393241255, -33.252359047754055 ], [ -70.829225784528205, -33.252365961571179 ], [ -70.829230032122211, -33.252372938475261 ], [ -70.829234134739835, -33.25237997635822 ], [ -70.82923809114142, -33.252387073093594 ], [ -70.829241900131549, -33.252394226537106 ], [ -70.829245560559272, -33.252401434527364 ], [ -70.829249071318586, -33.252408694886462 ], [ -70.829252431348664, -33.252416005420706 ], [ -70.829255639634255, -33.252423363921238 ], [ -70.829258695205922, -33.252430768164693 ], [ -70.829261597140416, -33.252438215913863 ], [ -70.829264344560855, -33.252445704918458 ], [ -70.829266936637097, -33.252453232915641 ], [ -70.829269372585912, -33.252460797630867 ], [ -70.829271651671192, -33.252468396778454 ], [ -70.829273773204321, -33.252476028062318 ], [ -70.829275736544218, -33.252483689176692 ], [ -70.829277541097625, -33.252491377806763 ], [ -70.829279186319269, -33.25249909162941 ], [ -70.829280671711984, -33.252506828313912 ], [ -70.829281996826921, -33.252514585522647 ], [ -70.82928316126366, -33.252522360911755 ], [ -70.829284164670327, -33.252530152131904 ], [ -70.829285006743689, -33.252537956828995 ], [ -70.829285687229287, -33.252545772644837 ], [ -70.829286205921449, -33.252553597217869 ], [ -70.829286562663427, -33.252561428183895 ], [ -70.82928675734739, -33.252569263176831 ], [ -70.829286789914448, -33.25257709982926 ], [ -70.829286660354754, -33.252584935773406 ], [ -70.829286368707358, -33.252592768641577 ], [ -70.829285915060382, -33.252600596067104 ], [ -70.829285299550861, -33.252608415684925 ], [ -70.829284522364674, -33.252616225132314 ], [ -70.829283583736654, -33.252624022049666 ], [ -70.829282483950351, -33.25263180408114 ], [ -70.829281223338, -33.25263956887536 ], [ -70.829279802280482, -33.252647314086218 ], [ -70.829278221207133, -33.252655037373479 ], [ -70.82927648059561, -33.252662736403529 ], [ -70.829274580971813, -33.252670408850108 ], [ -70.829272522909676, -33.252678052394984 ], [ -70.829270307030981, -33.252685664728638 ], [ -70.82926793400523, -33.252693243551008 ], [ -70.829265404549417, -33.252700786572134 ], [ -70.82926271942776, -33.252708291512874 ], [ -70.829259879451527, -33.252715756105594 ], [ -70.829256885478799, -33.252723178094875 ], [ -70.829053736285431, -33.253212739524372 ], [ -70.82904745534313, -33.253227463563071 ], [ -70.829040871361997, -33.253242093846922 ], [ -70.829033986323068, -33.253256625973528 ], [ -70.829026802298017, -33.253271055569947 ], [ -70.829019321448442, -33.253285378294152 ], [ -70.829011546025285, -33.25329958983626 ], [ -70.829003478368136, -33.253313685919821 ], [ -70.828995120904494, -33.25332766230315 ], [ -70.828986476149097, -33.253341514780544 ], [ -70.828977546703129, -33.253355239183627 ], [ -70.828968335253435, -33.253368831382559 ], [ -70.828958844571758, -33.253382287287231 ], [ -70.828949077513826, -33.253395602848592 ], [ -70.828939037018557, -33.253408774059771 ], [ -70.828928726107151, -33.253421796957419 ], [ -70.828918147882192, -33.253434667622727 ], [ -70.828907305526684, -33.253447382182728 ], [ -70.828896202303127, -33.253459936811431 ], [ -70.828884841552565, -33.253472327730954 ], [ -70.828873226693474, -33.253484551212701 ], [ -70.828861361220831, -33.253496603578419 ], [ -70.828849248705041, -33.253508481201401 ], [ -70.828836892790818, -33.253520180507472 ], [ -70.828824297196178, -33.253531697976129 ], [ -70.828811465711198, -33.253543030141593 ], [ -70.828798402196981, -33.253554173593827 ], [ -70.828785110584477, -33.253565124979602 ], [ -70.828771594873231, -33.253575881003485 ], [ -70.828757859130249, -33.253586438428776 ], [ -70.828743907488771, -33.253596794078611 ], [ -70.828729744146983, -33.253606944836775 ], [ -70.828715373366762, -33.253616887648768 ], [ -70.828700799472486, -33.253626619522628 ], [ -70.828686026849567, -33.253636137529845 ], [ -70.828671059943289, -33.253645438806323 ], [ -70.828655903257342, -33.253654520553148 ], [ -70.828640561352628, -33.253663380037452 ], [ -70.828625038845658, -33.253672014593263 ], [ -70.828609340407397, -33.253680421622292 ], [ -70.828593470761717, -33.253688598594742 ], [ -70.828577434683993, -33.253696543050005 ], [ -70.828561236999732, -33.253704252597451 ], [ -70.82854488258306, -33.253711724917139 ], [ -70.828528376355237, -33.253718957760519 ], [ -70.828511723283242, -33.253725948951107 ], [ -70.828494928378262, -33.253732696385107 ], [ -70.828477996694104, -33.253739198032108 ], [ -70.8284609333258, -33.253745451935643 ], [ -70.828443743407988, -33.253751456213791 ], [ -70.828426432113403, -33.253757209059771 ], [ -70.828409004651263, -33.2537627087424 ], [ -70.828391466265813, -33.253767953606804 ], [ -70.828373822234639, -33.253772942074612 ], [ -70.828356077867141, -33.253777672644752 ], [ -70.828338238502866, -33.253782143893702 ], [ -70.828320309510019, -33.253786354475963 ], [ -70.828302296283738, -33.253790303124489 ], [ -70.828284204244511, -33.253793988651054 ], [ -70.828266038836574, -33.253797409946635 ], [ -70.828247805526189, -33.25380056598167 ], [ -70.828229509800096, -33.253803455806441 ], [ -70.828211157163835, -33.253806078551364 ], [ -70.828192753140016, -33.253808433427196 ], [ -70.828174303266749, -33.253810519725285 ], [ -70.828155813095975, -33.253812336817845 ], [ -70.82813728819167, -33.253813884158049 ], [ -70.828118734128367, -33.253815161280301 ], [ -70.828100156489285, -33.253816167800252 ], [ -70.828081560864817, -33.253816903415021 ], [ -70.828062952850715, -33.253817367903267 ], [ -70.828044338046467, -33.253817561125189 ], [ -70.827014736417254, -33.253820740437341 ], [ -70.827005438336826, -33.253820701423216 ], [ -70.826996142456963, -33.253820527048212 ], [ -70.826986851568975, -33.253820217364691 ], [ -70.826977568462638, -33.253819772465654 ], [ -70.826968295925425, -33.25381919248467 ], [ -70.826959036741641, -33.2538184775959 ], [ -70.826949793691568, -33.253817628014005 ], [ -70.826940569550629, -33.253816643994099 ], [ -70.826931367088591, -33.253815525831627 ], [ -70.826922189068696, -33.253814273862382 ], [ -70.826913038246872, -33.253812888462257 ], [ -70.826903917370842, -33.253811370047259 ], [ -70.826894829179381, -33.253809719073345 ], [ -70.826885776401397, -33.253807936036239 ], [ -70.826876761755202, -33.253806021471327 ], [ -70.826867787947648, -33.253803975953524 ], [ -70.826858857673344, -33.253801800097023 ], [ -70.826849973613776, -33.253799494555189 ], [ -70.826841138436592, -33.25379706002029 ], [ -70.82683235479476, -33.253794497223375 ], [ -70.826823625325744, -33.253791806933954 ], [ -70.826814952650793, -33.253788989959872 ], [ -70.826806339374031, -33.253786047146974 ], [ -70.826797788081805, -33.253782979378904 ], [ -70.826789301341847, -33.253779787576846 ], [ -70.826780881702447, -33.253776472699172 ], [ -70.826772531691816, -33.253773035741283 ], [ -70.82677856326211, -33.253751630458119 ], [ -70.826785028564288, -33.253730314740153 ], [ -70.826791925716407, -33.253709094791041 ], [ -70.826799252710813, -33.253687976786523 ], [ -70.8268070074148, -33.253666966872707 ], [ -70.826815187571171, -33.253646071164184 ], [ -70.826823790798883, -33.253625295742374 ], [ -70.8268328145938, -33.253604646653642 ], [ -70.826842256329385, -33.253584129907559 ], [ -70.826852113257488, -33.253563751475234 ], [ -70.826862382509091, -33.253543517287476 ], [ -70.826873061095228, -33.253523433233106 ], [ -70.826884145907741, -33.253503505157276 ], [ -70.826895633720355, -33.253483738859721 ], [ -70.826907521189412, -33.253464140093101 ], [ -70.826919804855009, -33.25344471456129 ], [ -70.826932481141938, -33.253425467917772 ], [ -70.826945546360704, -33.25340640576394 ], [ -70.82695899670864, -33.253387533647491 ], [ -70.82697282827101, -33.253368857060856 ], [ -70.82824305354913, -33.251685825729908 ] ] ] ] } },
{ "type": "Feature", "properties": { "fid": "65", "Area": 102160.872 }, "geometry": { "type": "MultiPolygon", "coordinates": [ [ [ [ -70.826149431187218, -33.258936164565341 ], [ -70.827958273693028, -33.258433649824923 ], [ -70.831514058913413, -33.257875062495962 ], [ -70.831523078877993, -33.25787371224083 ], [ -70.831532124966728, -33.25787249156415 ], [ -70.831541194542595, -33.257871400821777 ], [ -70.83155028496175, -33.257870440331651 ], [ -70.831559393574267, -33.25786961037376 ], [ -70.831568517724932, -33.257868911190045 ], [ -70.831577654753943, -33.257868342984345 ], [ -70.83158680199783, -33.257867905922254 ], [ -70.831595956790068, -33.257867600131213 ], [ -70.831605116462015, -33.257867425700326 ], [ -70.831614278343494, -33.257867382680466 ], [ -70.831623439763788, -33.257867471084161 ], [ -70.831632598052266, -33.257867690885647 ], [ -70.831641750539205, -33.257868042020853 ], [ -70.831650894556617, -33.257868524387419 ], [ -70.831660027438915, -33.257869137844693 ], [ -70.831669146523836, -33.257869882213903 ], [ -70.831678249153057, -33.257870757277999 ], [ -70.831687332673113, -33.257871762781953 ], [ -70.831696394436065, -33.257872898432609 ], [ -70.831705431800387, -33.257874163898926 ], [ -70.83171444213157, -33.257875558812025 ], [ -70.831723422803066, -33.257877082765248 ], [ -70.831732371196921, -33.257878735314378 ], [ -70.831741284704634, -33.257880515977646 ], [ -70.831750160727807, -33.257882424236016 ], [ -70.831758996679042, -33.257884459533194 ], [ -70.831767789982564, -33.257886621275858 ], [ -70.83177653807509, -33.257888908833884 ], [ -70.831785238406439, -33.257891321540406 ], [ -70.83179388844043, -33.257893858692086 ], [ -70.831802485655487, -33.257896519549341 ], [ -70.831988443632113, -33.257955593342537 ], [ -70.831992806162731, -33.25795701584979 ], [ -70.831997138500626, -33.257958502062827 ], [ -70.832001439327939, -33.257960051529558 ], [ -70.832005707336393, -33.257961663778644 ], [ -70.832009941227724, -33.257963338319634 ], [ -70.832014139714019, -33.257965074643202 ], [ -70.832018301518133, -33.257966872221132 ], [ -70.83202242537412, -33.257968730506654 ], [ -70.832026510027504, -33.257970648934467 ], [ -70.832030554235814, -33.257972626921024 ], [ -70.832034556768832, -33.257974663864644 ], [ -70.832038516409014, -33.257976759145727 ], [ -70.832042431951905, -33.257978912126859 ], [ -70.832046302206422, -33.257981122153176 ], [ -70.832050125995266, -33.25798338855239 ], [ -70.832053902155295, -33.257985710635104 ], [ -70.832057629537829, -33.25798808769494 ], [ -70.832061307009042, -33.257990519008857 ], [ -70.832064933450269, -33.257993003837242 ], [ -70.832068507758393, -33.257995541424251 ], [ -70.832072028846156, -33.257998130997976 ], [ -70.832075495642457, -33.258000771770703 ], [ -70.832078907092736, -33.258003462939129 ], [ -70.832082262159261, -33.25800620368463 ], [ -70.832085559821465, -33.258008993173497 ], [ -70.832088799076203, -33.258011830557201 ], [ -70.832091978938152, -33.258014714972646 ], [ -70.832095098439993, -33.258017645542431 ], [ -70.832098156632838, -33.258020621375088 ], [ -70.832101152586375, -33.258023641565408 ], [ -70.832104085389304, -33.258026705194688 ], [ -70.832106954149452, -33.258029811330978 ], [ -70.832109757994175, -33.258032959029457 ], [ -70.832112496070565, -33.258036147332604 ], [ -70.832115167545737, -33.258039375270599 ], [ -70.832117771607045, -33.258042641861515 ], [ -70.832120307462347, -33.258045946111686 ], [ -70.832122774340235, -33.258049287015993 ], [ -70.832125171490347, -33.258052663558196 ], [ -70.832127498183439, -33.258056074711142 ], [ -70.832129753711783, -33.258059519437218 ], [ -70.832131937389249, -33.258062996688572 ], [ -70.83213404855158, -33.25806650540747 ], [ -70.832136086556545, -33.258070044526569 ], [ -70.832138050784252, -33.258073612969326 ], [ -70.832139940637134, -33.258077209650246 ], [ -70.832141755540349, -33.258080833475269 ], [ -70.832143494941803, -33.258084483342039 ], [ -70.832145158312372, -33.258088158140318 ], [ -70.832146745146062, -33.258091856752273 ], [ -70.83214825496016, -33.258095578052817 ], [ -70.832149687295413, -33.25809932090997 ], [ -70.832151041716088, -33.258103084185194 ], [ -70.83215231781017, -33.258106866733726 ], [ -70.832153515189475, -33.258110667404964 ], [ -70.832154633489779, -33.258114485042768 ], [ -70.832155672370888, -33.25811831848587 ], [ -70.832156631516767, -33.258122166568143 ], [ -70.832157510635639, -33.258126028119065 ], [ -70.832158309460084, -33.25812990196399 ], [ -70.832159027747096, -33.258133786924503 ], [ -70.832159665278155, -33.258137681818852 ], [ -70.832160221859354, -33.258141585462255 ], [ -70.832160697321328, -33.258145496667254 ], [ -70.832161091519467, -33.258149414244109 ], [ -70.832161404333846, -33.258153337001112 ], [ -70.832161635669294, -33.258157263744998 ], [ -70.832161785455412, -33.258161193281289 ], [ -70.832161853646653, -33.258165124414646 ], [ -70.832161840222255, -33.258169055949288 ], [ -70.832161745186298, -33.25817298668926 ], [ -70.832161568567656, -33.258176915438852 ], [ -70.832161310420048, -33.258180841002996 ], [ -70.832160970822031, -33.258184762187554 ], [ -70.832160549876832, -33.258188677799751 ], [ -70.832160047712549, -33.25819258664847 ], [ -70.832159464481876, -33.258196487544701 ], [ -70.832158800362237, -33.258200379301819 ], [ -70.832158055555652, -33.25820426073598 ], [ -70.832157230288658, -33.258208130666468 ], [ -70.832156324812289, -33.25821198791612 ], [ -70.832155339401965, -33.258215831311574 ], [ -70.83215427435745, -33.258219659683697 ], [ -70.832153130002681, -33.258223471867957 ], [ -70.832151906685766, -33.258227266704687 ], [ -70.832150604778818, -33.258231043039544 ], [ -70.832149224677849, -33.258234799723816 ], [ -70.832147766802677, -33.258238535614744 ], [ -70.832146231596752, -33.258242249575858 ], [ -70.832144619527071, -33.258245940477458 ], [ -70.832142931083993, -33.258249607196788 ], [ -70.832141166781128, -33.258253248618452 ], [ -70.832139327155147, -33.258256863634763 ], [ -70.832137412765633, -33.25826045114605 ], [ -70.832135424194931, -33.258264010061055 ], [ -70.832133362047941, -33.258267539297151 ], [ -70.83213122695193, -33.258271037780787 ], [ -70.832129019556376, -33.258274504447762 ], [ -70.832126740532729, -33.258277938243523 ], [ -70.832124390574251, -33.258281338123545 ], [ -70.832121970395775, -33.258284703053633 ], [ -70.832119480733496, -33.258288032010171 ], [ -70.832116922344738, -33.258291323980529 ], [ -70.832114296007731, -33.258294577963319 ], [ -70.832111602521394, -33.258297792968698 ], [ -70.832108842705026, -33.258300968018673 ], [ -70.832106017398146, -33.258304102147456 ], [ -70.832103127460201, -33.258307194401631 ], [ -70.830455630523105, -33.260038681125714 ], [ -70.830449726878044, -33.260044775911197 ], [ -70.830443697690214, -33.260050783326577 ], [ -70.830437544791195, -33.260056701546887 ], [ -70.83043127005017, -33.260062528774213 ], [ -70.830424875373296, -33.260068263238288 ], [ -70.830418362703213, -33.260073903197053 ], [ -70.830411734018355, -33.260079446937127 ], [ -70.830404991332458, -33.260084892774401 ], [ -70.830398136693844, -33.260090239054456 ], [ -70.830391172184875, -33.260095484153176 ], [ -70.830384099921289, -33.260100626477083 ], [ -70.830376922051528, -33.260105664464056 ], [ -70.83036964075616, -33.260110596583552 ], [ -70.830362258247177, -33.260115421337275 ], [ -70.830354776767265, -33.260120137259491 ], [ -70.830347198589223, -33.260124742917547 ], [ -70.830339526015223, -33.260129236912285 ], [ -70.830331761376115, -33.260133617878481 ], [ -70.830323907030689, -33.260137884485211 ], [ -70.830315965365031, -33.260142035436338 ], [ -70.830307938791719, -33.260146069470849 ], [ -70.830299829749151, -33.260149985363199 ], [ -70.830291640700764, -33.260153781923812 ], [ -70.830283374134325, -33.260157457999313 ], [ -70.830275032561133, -33.260161012472935 ], [ -70.830266618515253, -33.260164444264866 ], [ -70.830258134552807, -33.260167752332549 ], [ -70.830249583251117, -33.260170935671042 ], [ -70.830240967208027, -33.260173993313238 ], [ -70.830232289040993, -33.260176924330295 ], [ -70.830223551386354, -33.260179727831755 ], [ -70.830214756898528, -33.260182402965953 ], [ -70.830205908249198, -33.260184948920205 ], [ -70.830197008126504, -33.260187364921052 ], [ -70.830188059234246, -33.260189650234565 ], [ -70.830179064291002, -33.26019180416646 ], [ -70.83017002602935, -33.260193826062405 ], [ -70.83016094719504, -33.260195715308143 ], [ -70.830151830546157, -33.260197471329754 ], [ -70.830142678852226, -33.260199093593769 ], [ -70.830133494893502, -33.260200581607343 ], [ -70.830124281459959, -33.260201934918449 ], [ -70.830115041350567, -33.260203153115924 ], [ -70.830105777372395, -33.26020423582974 ], [ -70.830096492339777, -33.260205182730935 ], [ -70.830087189073396, -33.260205993531876 ], [ -70.828214717104771, -33.260355324503394 ], [ -70.828205544940332, -33.260355989277215 ], [ -70.828196360551146, -33.260356521760023 ], [ -70.828187166640376, -33.260356921795086 ], [ -70.828177965913937, -33.260357189264681 ], [ -70.828168761079809, -33.26035732409008 ], [ -70.828159554847105, -33.260357326231585 ], [ -70.828150349925451, -33.260357195688599 ], [ -70.828141149023992, -33.260356932499519 ], [ -70.828131954850747, -33.260356536741789 ], [ -70.828122770111719, -33.260356008531922 ], [ -70.828113597510182, -33.260355348025364 ], [ -70.828104439745758, -33.260354555416519 ], [ -70.828095299513805, -33.260353630938617 ], [ -70.828086179504439, -33.26035257486383 ], [ -70.828077082401848, -33.260351387502915 ], [ -70.828068010883499, -33.260350069205373 ], [ -70.828058967619285, -33.260348620359181 ], [ -70.828049955270842, -33.260347041390759 ], [ -70.828040976490655, -33.260345332764835 ], [ -70.828032033921346, -33.260343494984291 ], [ -70.828023130194879, -33.260341528590004 ], [ -70.828014267931806, -33.260339434160734 ], [ -70.828005449740445, -33.260337212312912 ], [ -70.827996678216152, -33.260334863700457 ], [ -70.827987955940543, -33.260332389014614 ], [ -70.827979285480751, -33.260329788983725 ], [ -70.827970669388662, -33.260327064373044 ], [ -70.827962110200133, -33.26032421598444 ], [ -70.827953610434292, -33.260321244656275 ], [ -70.827945172592777, -33.260318151263064 ], [ -70.827936799159005, -33.260314936715226 ], [ -70.827928492597422, -33.260311601958882 ], [ -70.82792025535278, -33.260308147975508 ], [ -70.827912089849477, -33.260304575781667 ], [ -70.827639391892987, -33.260182767727258 ], [ -70.827631212178758, -33.26017918941735 ], [ -70.827622960479204, -33.260175729729049 ], [ -70.827614639231285, -33.260172389684115 ], [ -70.827606250892558, -33.260169170268952 ], [ -70.827597797940399, -33.260166072434387 ], [ -70.827589282871216, -33.260163097095301 ], [ -70.827580708199832, -33.260160245130415 ], [ -70.827572076458594, -33.260157517381991 ], [ -70.827563390196758, -33.260154914655658 ], [ -70.827554651979653, -33.260152437720045 ], [ -70.827545864388, -33.260150087306698 ], [ -70.827537030017012, -33.260147864109769 ], [ -70.827528151475789, -33.26014576878584 ], [ -70.827519231386461, -33.260143801953753 ], [ -70.827510272383421, -33.260141964194325 ], [ -70.82750127711256, -33.260140256050349 ], [ -70.827492248230456, -33.260138678026294 ], [ -70.827483188403633, -33.260137230588185 ], [ -70.827474100307782, -33.260135914163506 ], [ -70.827464986626879, -33.260134729141058 ], [ -70.827455850052502, -33.26013367587079 ], [ -70.82744669328298, -33.260132754663786 ], [ -70.82743751902261, -33.260131965792112 ], [ -70.827428329980833, -33.260131309488749 ], [ -70.827419128871483, -33.26013078594751 ], [ -70.827409918411931, -33.260130395323017 ], [ -70.827400701322347, -33.260130137730656 ], [ -70.827391480324806, -33.260130013246474 ], [ -70.827382258142578, -33.26013002190728 ], [ -70.827373037499285, -33.260130163710478 ], [ -70.827363821118084, -33.260130438614205 ], [ -70.827354611720835, -33.26013084653728 ], [ -70.827345412027398, -33.260131387359216 ], [ -70.827336224754731, -33.260132060920313 ], [ -70.827327052616141, -33.260132867021611 ], [ -70.827317898320473, -33.260133805425092 ], [ -70.827308764571256, -33.260134875853588 ], [ -70.827299654065982, -33.260136077990971 ], [ -70.827290569495304, -33.260137411482198 ], [ -70.827281513542204, -33.260138875933492 ], [ -70.82727248888115, -33.260140470912312 ], [ -70.827263498177473, -33.260142195947637 ], [ -70.827254544086387, -33.260144050529973 ], [ -70.827245629252332, -33.260146034111642 ], [ -70.827236756308167, -33.260148146106815 ], [ -70.827227927874361, -33.260150385891748 ], [ -70.827219146558235, -33.260152752804956 ], [ -70.827210414953214, -33.260155246147427 ], [ -70.827201735638013, -33.260157865182798 ], [ -70.82719311117593, -33.260160609137564 ], [ -70.827184544114075, -33.260163477201367 ], [ -70.82717603698255, -33.260166468527153 ], [ -70.827167592293833, -33.260169582231526 ], [ -70.827159212541915, -33.26017281739486 ], [ -70.827150900201602, -33.260176173061737 ], [ -70.827142657727819, -33.260179648241099 ], [ -70.827134487554858, -33.260183241906631 ], [ -70.827126392095664, -33.26018695299701 ], [ -70.826345244805154, -33.260552392445817 ], [ -70.826149431187218, -33.258936164565341 ] ] ] ] } },
{ "type": "Feature", "properties": { "fid": "66", "Area": 18187.388 }, "geometry": { "type": "MultiPolygon", "coordinates": [ [ [ [ -70.825138445216282, -33.259317259543948 ], [ -70.825143709590265, -33.259310772063692 ], [ -70.825149107642346, -33.259304362590015 ], [ -70.825154637735267, -33.259298033066948 ], [ -70.825160298191705, -33.259291785414227 ], [ -70.825166087294789, -33.2592856215268 ], [ -70.825172003288657, -33.25927954327414 ], [ -70.825178044378944, -33.259273552499849 ], [ -70.825184208733347, -33.25926765102092 ], [ -70.825190494482214, -33.259261840627275 ], [ -70.825196899718989, -33.259256123081208 ], [ -70.825203422500962, -33.25925050011687 ], [ -70.825210060849741, -33.259244973439721 ], [ -70.825216812751862, -33.259239544725986 ], [ -70.825223676159467, -33.259234215622236 ], [ -70.825230648990839, -33.259228987744763 ], [ -70.825237729131089, -33.2592238626792 ], [ -70.825244914432787, -33.259218841979994 ], [ -70.825252202716598, -33.259213927169924 ], [ -70.825259591771953, -33.259209119739651 ], [ -70.825267079357744, -33.259204421147267 ], [ -70.825274663202961, -33.25919983281787 ], [ -70.82528234100738, -33.259195356143124 ], [ -70.82529011044231, -33.259190992480768 ], [ -70.825297969151279, -33.259186743154324 ], [ -70.8253059147507, -33.259182609452616 ], [ -70.825313944830654, -33.259178592629404 ], [ -70.825322056955599, -33.25917469390297 ], [ -70.825330248665125, -33.259170914455815 ], [ -70.825338517474634, -33.259167255434264 ], [ -70.825346860876238, -33.25916371794807 ], [ -70.825355276339323, -33.259160303070168 ], [ -70.825363761311479, -33.259157011836294 ], [ -70.825372313219191, -33.259153845244668 ], [ -70.825380929468679, -33.259150804255718 ], [ -70.82538960744661, -33.259147889791791 ], [ -70.825398344520934, -33.259145102736845 ], [ -70.825407138041697, -33.259142443936163 ], [ -70.82541598534182, -33.259139914196211 ], [ -70.825961571241109, -33.258988352139184 ], [ -70.826161474395022, -33.260638361988399 ], [ -70.826153370687734, -33.260642098109727 ], [ -70.826145191581574, -33.260645716407751 ], [ -70.826136939503428, -33.260649215808833 ], [ -70.82612861690184, -33.260652595274664 ], [ -70.826120226246275, -33.260655853802461 ], [ -70.826111770026401, -33.260658990425384 ], [ -70.826103250751331, -33.260662004212683 ], [ -70.826094670948891, -33.260664894270171 ], [ -70.826086033164898, -33.260667659740257 ], [ -70.82607733996231, -33.260670299802406 ], [ -70.826068593920567, -33.260672813673231 ], [ -70.826059797634812, -33.260675200606862 ], [ -70.826050953715054, -33.260677459894978 ], [ -70.826042064785469, -33.260679590867255 ], [ -70.826033133483548, -33.260681592891387 ], [ -70.826024162459404, -33.260683465373305 ], [ -70.8260151543749, -33.260685207757426 ], [ -70.826006111902942, -33.260686819526754 ], [ -70.825997037726566, -33.260688300203029 ], [ -70.825987934538276, -33.260689649346901 ], [ -70.825978805039171, -33.260690866558065 ], [ -70.825969651938152, -33.26069195147533 ], [ -70.825960477951128, -33.260692903776814 ], [ -70.825951285800201, -33.260693723179912 ], [ -70.825942078212861, -33.260694409441498 ], [ -70.825932857921188, -33.26069496235796 ], [ -70.825923627661027, -33.26069538176521 ], [ -70.825914390171164, -33.260695667538826 ], [ -70.825905148192561, -33.260695819593984 ], [ -70.825895904467501, -33.260695837885592 ], [ -70.825886661738764, -33.260695722408215 ], [ -70.825877422748874, -33.260695473196094 ], [ -70.825868190239206, -33.260695090323189 ], [ -70.825858966949255, -33.260694573903123 ], [ -70.825849755615735, -33.260693924089082 ], [ -70.825840558971819, -33.260693141073936 ], [ -70.825831379746361, -33.260692225089976 ], [ -70.825822220663014, -33.260691176409004 ], [ -70.82581308443946, -33.260689995342162 ], [ -70.825803973786577, -33.260688682239945 ], [ -70.82579489140771, -33.260687237491922 ], [ -70.825785839997764, -33.260685661526814 ], [ -70.82577682224246, -33.260683954812215 ], [ -70.825767840817562, -33.260682117854564 ], [ -70.825758898388045, -33.260680151198891 ], [ -70.825749997607275, -33.260678055428777 ], [ -70.825741141116296, -33.26067583116604 ], [ -70.825732331543023, -33.260673479070682 ], [ -70.825723571501399, -33.260670999840613 ], [ -70.825714863590704, -33.260668394211464 ], [ -70.825706210394756, -33.260665662956384 ], [ -70.825697614481115, -33.260662806885797 ], [ -70.825689078400359, -33.260659826847117 ], [ -70.825680604685303, -33.260656723724615 ], [ -70.825672195850245, -33.260653498439034 ], [ -70.824738104596079, -33.260287013810832 ], [ -70.824733889547218, -33.260285322338099 ], [ -70.824729710187114, -33.260283569474119 ], [ -70.824725567782522, -33.260281755750206 ], [ -70.824721463588929, -33.260279881716052 ], [ -70.824717398850268, -33.260277947939642 ], [ -70.824713374798534, -33.260275955007103 ], [ -70.824709392653332, -33.260273903522453 ], [ -70.824705453621618, -33.260271794107489 ], [ -70.824701558897289, -33.260269627401549 ], [ -70.824697709660754, -33.26026740406131 ], [ -70.824693907078668, -33.260265124760672 ], [ -70.82469015230356, -33.260262790190453 ], [ -70.82468644647345, -33.260260401058233 ], [ -70.824682790711535, -33.260257958088118 ], [ -70.824679186125834, -33.260255462020559 ], [ -70.824675633808837, -33.260252913612085 ], [ -70.824672134837201, -33.260250313635076 ], [ -70.824668690271409, -33.260247662877561 ], [ -70.824665301155491, -33.260244962142949 ], [ -70.824661968516651, -33.260242212249828 ], [ -70.824658693364938, -33.260239414031616 ], [ -70.82465547669301, -33.260236568336424 ], [ -70.824652319475803, -33.260233676026786 ], [ -70.824649222670203, -33.260230737979292 ], [ -70.824646187214867, -33.260227755084429 ], [ -70.824643214029734, -33.260224728246307 ], [ -70.824640304015972, -33.260221658382264 ], [ -70.824637458055577, -33.260218546422799 ], [ -70.824634677011076, -33.2602153933111 ], [ -70.824631961725373, -33.260212200002798 ], [ -70.824629313021461, -33.260208967465786 ], [ -70.824626731702097, -33.26020569667979 ], [ -70.824624218549644, -33.260202388636138 ], [ -70.824621774325806, -33.260199044337469 ], [ -70.824619399771379, -33.260195664797394 ], [ -70.824617095606058, -33.260192251040209 ], [ -70.824614862528207, -33.260188804100579 ], [ -70.824612701214633, -33.260185325023251 ], [ -70.824610612320384, -33.260181814862655 ], [ -70.824608596478583, -33.260178274682694 ], [ -70.824606654300169, -33.260174705556338 ], [ -70.82460478637384, -33.260171108565373 ], [ -70.824602993265671, -33.260167484799993 ], [ -70.824601275519157, -33.260163835358483 ], [ -70.824599633654898, -33.260160161346981 ], [ -70.82459806817053, -33.260156463879014 ], [ -70.824596579540511, -33.260152744075249 ], [ -70.824595168216007, -33.260149003063091 ], [ -70.824593834624793, -33.260145241976424 ], [ -70.824592579171011, -33.260141461955143 ], [ -70.824591402235185, -33.260137664144963 ], [ -70.824590304174038, -33.260133849696935 ], [ -70.824589285320343, -33.260130019767168 ], [ -70.824588345982903, -33.260126175516469 ], [ -70.82458748644639, -33.260122318109964 ], [ -70.824586706971317, -33.260118448716796 ], [ -70.82458600779394, -33.260114568509728 ], [ -70.824585389126128, -33.260110678664788 ], [ -70.824584851155421, -33.260106780360957 ], [ -70.82458439404482, -33.260102874779747 ], [ -70.824584017932878, -33.260098963104895 ], [ -70.824583722933568, -33.260095046521947 ], [ -70.824583509136318, -33.260091126218001 ], [ -70.824583376605872, -33.260087203381239 ], [ -70.82458332538242, -33.260083279200614 ], [ -70.824583355481479, -33.260079354865503 ], [ -70.824583466893884, -33.260075431565312 ], [ -70.824583659585883, -33.260071510489126 ], [ -70.824583933499056, -33.260067592825401 ], [ -70.824584288550383, -33.260063679761508 ], [ -70.824584724632217, -33.260059772483451 ], [ -70.824585241612397, -33.26005587217545 ], [ -70.824585839334219, -33.260051980019668 ], [ -70.824586517616495, -33.260048097195735 ], [ -70.824587276253666, -33.260044224880488 ], [ -70.824588115015771, -33.26004036424758 ], [ -70.824589033648579, -33.260036516467125 ], [ -70.824590031873669, -33.260032682705301 ], [ -70.82459110938845, -33.260028864124095 ], [ -70.824592265866386, -33.260025061880853 ], [ -70.824593500956908, -33.260021277127997 ], [ -70.824594814285675, -33.260017511012578 ], [ -70.824596205454654, -33.260013764676131 ], [ -70.824597674042167, -33.260010039254055 ], [ -70.824599219603073, -33.260006335875502 ], [ -70.824600841668982, -33.260002655662909 ], [ -70.824602539748227, -33.259998999731685 ], [ -70.82460431332612, -33.259995369189902 ], [ -70.824606161865134, -33.259991765137926 ], [ -70.824608084804979, -33.259988188668089 ], [ -70.824610081562852, -33.25998464086436 ], [ -70.824612151533529, -33.259981122802031 ], [ -70.824614294089614, -33.259977635547379 ], [ -70.824616508581755, -33.259974180157336 ], [ -70.824618794338747, -33.259970757679184 ], [ -70.824621150667809, -33.259967369150225 ], [ -70.824623576854748, -33.259964015597475 ], [ -70.824626072164222, -33.259960698037325 ], [ -70.824628635839943, -33.259957417475313 ], [ -70.825138445216282, -33.259317259543948 ] ] ] ] } },
{ "type": "Feature", "properties": { "fid": "67", "Area": 102462.15 }, "geometry": { "type": "MultiPolygon", "coordinates": [ [ [ [ -70.82612303791808, -33.257375827646726 ], [ -70.826168313375206, -33.25712300924588 ], [ -70.826168636723153, -33.257121304618558 ], [ -70.826168995330903, -33.257119604977028 ], [ -70.826169389089856, -33.257117910836079 ], [ -70.826169817880753, -33.257116222708817 ], [ -70.82617028157371, -33.25711454110656 ], [ -70.826170780028278, -33.25711286653857 ], [ -70.826171313093511, -33.257111199512082 ], [ -70.82617188060793, -33.257109540531957 ], [ -70.82617248239967, -33.257107890100684 ], [ -70.826173118286434, -33.257106248718124 ], [ -70.82617378807565, -33.257104616881399 ], [ -70.826174491564444, -33.257102995084765 ], [ -70.826175228539753, -33.257101383819432 ], [ -70.826175998778368, -33.257099783573381 ], [ -70.826176802046973, -33.257098194831315 ], [ -70.826177638102322, -33.257096618074399 ], [ -70.826178506691164, -33.257095053780198 ], [ -70.826179407550427, -33.257093502422492 ], [ -70.826180340407248, -33.257091964471165 ], [ -70.82618130497913, -33.257090440392005 ], [ -70.826182300973898, -33.257088930646617 ], [ -70.826183328089897, -33.257087435692277 ], [ -70.826184386016024, -33.257085955981758 ], [ -70.826185474431881, -33.257084491963226 ], [ -70.826186593007805, -33.25708304408009 ], [ -70.826187741405008, -33.257081612770868 ], [ -70.826188919275651, -33.25708019846909 ], [ -70.826190126263015, -33.2570788016031 ], [ -70.826191362001524, -33.25707742259597 ], [ -70.826192626116892, -33.257076061865369 ], [ -70.826193918226281, -33.257074719823414 ], [ -70.826195237938308, -33.257073396876592 ], [ -70.826196584853278, -33.25707209342557 ], [ -70.826197958563256, -33.257070809865148 ], [ -70.826199358652161, -33.257069546584063 ], [ -70.826200784695956, -33.25706830396495 ], [ -70.826202236262731, -33.257067082384161 ], [ -70.826203712912829, -33.25706588221167 ], [ -70.826205214199007, -33.257064703810975 ], [ -70.826206739666603, -33.257063547538998 ], [ -70.82620828885355, -33.257062413745928 ], [ -70.82620986129065, -33.257061302775178 ], [ -70.826211456501667, -33.257060214963218 ], [ -70.826213074003434, -33.257059150639513 ], [ -70.826214713306058, -33.257058110126444 ], [ -70.826216373913056, -33.257057093739128 ], [ -70.826218055321448, -33.257056101785423 ], [ -70.826219757021988, -33.257055134565739 ], [ -70.826221478499278, -33.257054192373033 ], [ -70.82622321923192, -33.257053275492694 ], [ -70.826224978692693, -33.257052384202382 ], [ -70.826226756348703, -33.257051518772073 ], [ -70.826228551661558, -33.257050679463873 ], [ -70.826230364087479, -33.257049866531986 ], [ -70.826232193077558, -33.257049080222622 ], [ -70.826234038077828, -33.257048320773947 ], [ -70.82623589852949, -33.257047588415958 ], [ -70.826237773869039, -33.257046883370492 ], [ -70.82623966352854, -33.257046205851069 ], [ -70.826241566935607, -33.257045556062891 ], [ -70.826243483513778, -33.257044934202774 ], [ -70.826245412682567, -33.257044340459053 ], [ -70.826247353857667, -33.257043775011553 ], [ -70.82624930645116, -33.257043238031571 ], [ -70.826251269871676, -33.257042729681693 ], [ -70.826253243524519, -33.257042250115909 ], [ -70.826255226811909, -33.257041799479452 ], [ -70.826257219133211, -33.25704137790882 ], [ -70.82625921988496, -33.257040985531702 ], [ -70.826261228461192, -33.257040622466931 ], [ -70.826263244253582, -33.25704028882447 ], [ -70.826265266651589, -33.257039984705365 ], [ -70.826267295042655, -33.257039710201724 ], [ -70.826269328812486, -33.257039465396701 ], [ -70.826271367345072, -33.257039250364436 ], [ -70.826273410022992, -33.257039065170048 ], [ -70.826275456227592, -33.25703890986965 ], [ -70.826277505339121, -33.257038784510229 ], [ -70.826279556736964, -33.2570386891298 ], [ -70.826281609799807, -33.257038623757232 ], [ -70.826283663905826, -33.257038588412335 ], [ -70.826285718432885, -33.257038583105803 ], [ -70.826287772758732, -33.257038607839242 ], [ -70.82628982626116, -33.257038662605176 ], [ -70.826291878318244, -33.257038747387007 ], [ -70.826293928308417, -33.25703886215905 ], [ -70.826295975610833, -33.257039006886551 ], [ -70.826298019605417, -33.257039181525677 ], [ -70.826300059673073, -33.257039386023543 ], [ -70.826302095195942, -33.257039620318203 ], [ -70.826304125557513, -33.257039884338688 ], [ -70.826306150142841, -33.257040178005042 ], [ -70.826308168338727, -33.257040501228296 ], [ -70.82631017953392, -33.25704085391061 ], [ -70.826312183119285, -33.257041235945124 ], [ -70.826314178487991, -33.257041647216141 ], [ -70.826316165035678, -33.257042087599089 ], [ -70.826318142160716, -33.257042556960592 ], [ -70.82662627100413, -33.257118143650551 ], [ -70.826665942795159, -33.257127564646268 ], [ -70.826705801858637, -33.257136410109524 ], [ -70.826745836366655, -33.257144677415454 ], [ -70.826786034439209, -33.257152364110858 ], [ -70.826826384147765, -33.257159467914747 ], [ -70.826866873518782, -33.25716598671913 ], [ -70.826907490537252, -33.257171918589634 ], [ -70.826948223150339, -33.257177261766032 ], [ -70.826989059270815, -33.257182014662774 ], [ -70.827029986780801, -33.257186175869528 ], [ -70.82707099353523, -33.257189744151475 ], [ -70.82711206736559, -33.257192718449758 ], [ -70.827153196083401, -33.257195097881841 ], [ -70.827194367483926, -33.257196881741649 ], [ -70.827235569349767, -33.257198069499843 ], [ -70.827276789454416, -33.257198660804022 ], [ -70.827318015566064, -33.257198655478724 ], [ -70.827359235451041, -33.257198053525578 ], [ -70.827400436877539, -33.257196855123219 ], [ -70.827441607619235, -33.257195060627311 ], [ -70.827482735458929, -33.257192670570369 ], [ -70.827523808192154, -33.257189685661693 ], [ -70.827564813630758, -33.257186106787039 ], [ -70.827605739606611, -33.257181935008461 ], [ -70.827646573975173, -33.257177171563931 ], [ -70.827687304619062, -33.257171817867004 ], [ -70.827727919451689, -33.257165875506402 ], [ -70.827768406420844, -33.257159346245516 ], [ -70.827808753512301, -33.257152232021859 ], [ -70.827848948753285, -33.257144534946619 ], [ -70.827888980216173, -33.257136257303848 ], [ -70.827928836021854, -33.257127401549923 ], [ -70.827968504343474, -33.257117970312748 ], [ -70.828007973409711, -33.257107966391061 ], [ -70.828047231508449, -33.257097392753451 ], [ -70.828086266990169, -33.25708625253759 ], [ -70.828125068271461, -33.257074549049335 ], [ -70.82816362383835, -33.257062285761599 ], [ -70.828201922249875, -33.257049466313497 ], [ -70.828239952141331, -33.257036094509118 ], [ -70.82827770222778, -33.257022174316475 ], [ -70.828315161307245, -33.257007709866294 ], [ -70.828352318264223, -33.256992705450863 ], [ -70.828389162072781, -33.256977165522606 ], [ -70.828425681799985, -33.256961094692933 ], [ -70.828461866609103, -33.256944497730764 ], [ -70.828497705762743, -33.256927379561105 ], [ -70.828533188626153, -33.256909745263677 ], [ -70.828568304670313, -33.256891600071334 ], [ -70.828603043475084, -33.256872949368528 ], [ -70.828637394732283, -33.256853798689697 ], [ -70.828671348248719, -33.256834153717655 ], [ -70.828704893949322, -33.256814020281901 ], [ -70.828738021879971, -33.25679340435687 ], [ -70.828770722210578, -33.256772312060143 ], [ -70.828802985237985, -33.256750749650678 ], [ -70.82883480138878, -33.256728723526926 ], [ -70.828866161222209, -33.256706240224922 ], [ -70.828897055432918, -33.256683306416363 ], [ -70.828927474853771, -33.256659928906636 ], [ -70.828957410458528, -33.256636114632784 ], [ -70.828986853364555, -33.256611870661416 ], [ -70.829015794835399, -33.256587204186708 ], [ -70.8290442262835, -33.25656212252813 ], [ -70.829072139272583, -33.256536633128384 ], [ -70.829099525520292, -33.256510743551146 ], [ -70.829126376900575, -33.256484461478856 ], [ -70.829152685446132, -33.256457794710386 ], [ -70.829178443350756, -33.25643075115876 ], [ -70.829203642971649, -33.256403338848806 ], [ -70.829228276831714, -33.256375565914766 ], [ -70.829252337621739, -33.256347440597885 ], [ -70.830596385889507, -33.254747409923802 ], [ -70.830615239156032, -33.254725365786328 ], [ -70.830634535928255, -33.254703594242947 ], [ -70.830654270623668, -33.254682101591719 ], [ -70.830674437533077, -33.254660894050048 ], [ -70.830695030822255, -33.254639977752866 ], [ -70.830716044533673, -33.254619358750823 ], [ -70.830737472588154, -33.254599043008618 ], [ -70.830759308786739, -33.25457903640315 ], [ -70.830781546812347, -33.254559344721912 ], [ -70.830804180231681, -33.254539973661316 ], [ -70.830827202497119, -33.254520928825009 ], [ -70.830850606948545, -33.254502215722219 ], [ -70.830874386815267, -33.254483839766287 ], [ -70.830898535218083, -33.254465806272933 ], [ -70.83092304517109, -33.254448120458896 ], [ -70.830947909583884, -33.254430787440263 ], [ -70.830973121263526, -33.254413812231086 ], [ -70.830998672916621, -33.254397199741923 ], [ -70.831024557151437, -33.254380954778377 ], [ -70.831050766480075, -33.254365082039747 ], [ -70.831077293320561, -33.254349586117655 ], [ -70.831104129999133, -33.254334471494708 ], [ -70.831131268752344, -33.25431974254321 ], [ -70.831158701729464, -33.254305403523873 ], [ -70.831186420994612, -33.254291458584667 ], [ -70.831269139352983, -33.254417271312313 ], [ -70.831349254490704, -33.254544267704567 ], [ -70.831426742411324, -33.254672409740259 ], [ -70.831501579904554, -33.254801659055111 ], [ -70.831573744553395, -33.25493197695311 ], [ -70.831643214740694, -33.255063324418202 ], [ -70.831709969655734, -33.255195662125935 ], [ -70.831773989300444, -33.255328950455194 ], [ -70.831835254495459, -33.255463149500116 ], [ -70.831893746885711, -33.255598219081982 ], [ -70.831949448946119, -33.255734118761225 ], [ -70.832002343986787, -33.255870807849668 ], [ -70.83205241615795, -33.256008245422485 ], [ -70.832099650454822, -33.256146390330684 ], [ -70.832144032722056, -33.256285201213259 ], [ -70.832185549657993, -33.256424636509571 ], [ -70.832224188818728, -33.256564654471951 ], [ -70.832259938621732, -33.256705213178002 ], [ -70.832292788349463, -33.256846270543257 ], [ -70.832322728152448, -33.256987784333731 ], [ -70.832323464923434, -33.256991655319737 ], [ -70.832324121460147, -33.256995536484816 ], [ -70.832324697564005, -33.256999426655199 ], [ -70.832325193060811, -33.257003324654377 ], [ -70.832325607800655, -33.257007229303483 ], [ -70.832325941658141, -33.257011139421593 ], [ -70.832326194532243, -33.257015053826201 ], [ -70.832326366346507, -33.25701897133343 ], [ -70.83232645704895, -33.257022890758549 ], [ -70.83232646661213, -33.257026810916159 ], [ -70.832326395033135, -33.257030730620713 ], [ -70.832326242333593, -33.257034648686734 ], [ -70.832326008559704, -33.257038563929299 ], [ -70.832325693782153, -33.257042475164326 ], [ -70.832325298096123, -33.257046381208895 ], [ -70.832324821621242, -33.257050280881735 ], [ -70.832324264501651, -33.257054173003425 ], [ -70.83232362690579, -33.257058056396893 ], [ -70.832322909026487, -33.257061929887662 ], [ -70.832322111080856, -33.257065792304253 ], [ -70.832321233310182, -33.257069642478562 ], [ -70.832320275979967, -33.257073479246188 ], [ -70.832319239379686, -33.257077301446756 ], [ -70.832318123822844, -33.257081107924286 ], [ -70.832316929646808, -33.257084897527598 ], [ -70.832315657212732, -33.257088669110601 ], [ -70.832314306905417, -33.257092421532647 ], [ -70.832312879133255, -33.257096153658871 ], [ -70.832311374328015, -33.257099864360562 ], [ -70.832309792944798, -33.257103552515467 ], [ -70.832308135461858, -33.257107217008191 ], [ -70.832306402380468, -33.257110856730463 ], [ -70.832304594224738, -33.257114470581534 ], [ -70.832302711541502, -33.257118057468425 ], [ -70.832300754900174, -33.257121616306371 ], [ -70.832188443604338, -33.25732131343684 ], [ -70.832186412791017, -33.257324844503067 ], [ -70.83218430916925, -33.257328345352761 ], [ -70.832182133375724, -33.257331814926353 ], [ -70.832179886068957, -33.257335252173718 ], [ -70.832177567929151, -33.2573386560545 ], [ -70.832175179657895, -33.257342025538485 ], [ -70.832172721978054, -33.257345359605814 ], [ -70.832170195633438, -33.257348657247412 ], [ -70.832167601388704, -33.257351917465165 ], [ -70.832164940029045, -33.257355139272342 ], [ -70.832162212359933, -33.2573583216938 ], [ -70.832159419206945, -33.257361463766308 ], [ -70.832156561415474, -33.257364564538896 ], [ -70.832153639850446, -33.257367623073044 ], [ -70.832150655396134, -33.257370638443049 ], [ -70.832147608955836, -33.257373609736256 ], [ -70.832144501451566, -33.257376536053364 ], [ -70.832141333823884, -33.257379416508648 ], [ -70.832138107031511, -33.257382250230314 ], [ -70.832134822051074, -33.257385036360681 ], [ -70.832131479876836, -33.257387774056482 ], [ -70.832128081520338, -33.25739046248912 ], [ -70.832124628010163, -33.257393100844858 ], [ -70.832121120391548, -33.257395688325204 ], [ -70.832117559726143, -33.257398224146982 ], [ -70.832113947091628, -33.257400707542701 ], [ -70.832110283581443, -33.257403137760697 ], [ -70.832106570304376, -33.257405514065432 ], [ -70.83210280838432, -33.257407835737688 ], [ -70.832098998959879, -33.257410102074772 ], [ -70.832095143184048, -33.25741231239072 ], [ -70.832091242223839, -33.257414466016563 ], [ -70.832087297259918, -33.257416562300456 ], [ -70.832083309486293, -33.257418600607942 ], [ -70.832079280109951, -33.257420580322069 ], [ -70.832075210350425, -33.257422500843653 ], [ -70.832071101439524, -33.257424361591404 ], [ -70.832066954620842, -33.257426162002176 ], [ -70.832062771149495, -33.257427901531003 ], [ -70.832058552291684, -33.257429579651372 ], [ -70.832054299324312, -33.257431195855418 ], [ -70.832050013534612, -33.257432749653951 ], [ -70.832045696219751, -33.257434240576679 ], [ -70.832041348686417, -33.257435668172356 ], [ -70.832036972250492, -33.257437032008887 ], [ -70.832032568236585, -33.257438331673498 ], [ -70.832028137977602, -33.257439566772803 ], [ -70.832023682814466, -33.257440736932992 ], [ -70.832019204095602, -33.257441841799903 ], [ -70.832014703176569, -33.257442881039104 ], [ -70.832010181419648, -33.257443854336081 ], [ -70.832005640193415, -33.257444761396236 ], [ -70.832001080872359, -33.257445601945008 ], [ -70.831996504836439, -33.257446375728023 ], [ -70.831991913470674, -33.257447082511071 ], [ -70.831987308164713, -33.257447722080222 ], [ -70.831982690312415, -33.257448294241911 ], [ -70.831978061311489, -33.257448798822963 ], [ -70.831973422562953, -33.257449235670649 ], [ -70.831968775470813, -33.257449604652763 ], [ -70.828894441335919, -33.257671019466997 ], [ -70.828885289872545, -33.257671744831605 ], [ -70.828876154540467, -33.257672601788947 ], [ -70.828867038020206, -33.257673590087613 ], [ -70.828857942986772, -33.257674709437595 ], [ -70.828848872108907, -33.257675959510436 ], [ -70.828839828048203, -33.257677339939342 ], [ -70.828830813458424, -33.257678850319259 ], [ -70.828821830984708, -33.257680490207036 ], [ -70.828812883262714, -33.257682259121445 ], [ -70.828803972917939, -33.257684156543469 ], [ -70.828795102564897, -33.257686181916341 ], [ -70.828786274806404, -33.257688334645785 ], [ -70.828777492232746, -33.257690614100134 ], [ -70.826582076678847, -33.258277747396455 ], [ -70.826573060478609, -33.258280027448585 ], [ -70.826563998648112, -33.258282176025673 ], [ -70.826554893903293, -33.258284192483785 ], [ -70.826545748972947, -33.258286076218567 ], [ -70.826536566597909, -33.25828782666543 ], [ -70.826527349530224, -33.258289443299731 ], [ -70.826518100532368, -33.258290925636977 ], [ -70.826508822376354, -33.258292273232861 ], [ -70.826499517842947, -33.258293485683531 ], [ -70.826490189720829, -33.258294562625551 ], [ -70.826480840805715, -33.2582955037362 ], [ -70.826471473899616, -33.258296308733378 ], [ -70.826462091809887, -33.258296977375828 ], [ -70.826452697348429, -33.258297509463155 ], [ -70.826443293330897, -33.258297904835885 ], [ -70.826433882575742, -33.2582981633755 ], [ -70.826424467903522, -33.258298285004543 ], [ -70.826415052135872, -33.25829826968652 ], [ -70.82640563809484, -33.258298117426044 ], [ -70.826396228601908, -33.258297828268745 ], [ -70.826386826477204, -33.258297402301302 ], [ -70.826377434538657, -33.258296839651365 ], [ -70.826368055601137, -33.258296140487545 ], [ -70.826358692475608, -33.258295305019409 ], [ -70.826349347968318, -33.258294333497361 ], [ -70.826340024879897, -33.258293226212558 ], [ -70.826330726004628, -33.258291983496882 ], [ -70.826321454129442, -33.258290605722777 ], [ -70.82631221203323, -33.258289093303176 ], [ -70.826303002485986, -33.258287446691376 ], [ -70.826293828247856, -33.258285666380843 ], [ -70.826284692068512, -33.258283752905214 ], [ -70.826275596686145, -33.258281706837948 ], [ -70.826266544826737, -33.258279528792293 ], [ -70.82625753920324, -33.258277219420997 ], [ -70.826248582514737, -33.258274779416212 ], [ -70.826239677445628, -33.258272209509251 ], [ -70.826230826664869, -33.258269510470328 ], [ -70.826222032825143, -33.258266683108388 ], [ -70.826213298562038, -33.258263728270798 ], [ -70.826204626493293, -33.258260646843183 ], [ -70.82619601921806, -33.258257439749052 ], [ -70.82618747931599, -33.258254107949618 ], [ -70.826179009346589, -33.258250652443458 ], [ -70.826170611848383, -33.25824707426623 ], [ -70.8261622893382, -33.25824337449032 ], [ -70.826154044310385, -33.258239554224623 ], [ -70.826145879236023, -33.258235614614115 ], [ -70.826137796562307, -33.258231556839512 ], [ -70.826129798711634, -33.258227382116985 ], [ -70.826121888081076, -33.258223091697737 ], [ -70.826114067041516, -33.25821868686765 ], [ -70.826106337936977, -33.258214168946921 ], [ -70.826098703083971, -33.258209539289595 ], [ -70.826091164770688, -33.258204799283227 ], [ -70.826083725256424, -33.258199950348448 ], [ -70.826076386770907, -33.258194993938538 ], [ -70.826069151513508, -33.258189931538979 ], [ -70.826066477131434, -33.258115732445539 ], [ -70.826065319046236, -33.258041505715809 ], [ -70.826065677595295, -33.257967273219897 ], [ -70.826067552669087, -33.257893056829516 ], [ -70.826070943711329, -33.257818878411605 ], [ -70.826075849719018, -33.257744759821861 ], [ -70.826082269242846, -33.257670722898283 ], [ -70.82609020038754, -33.257596789454752 ], [ -70.826099640812487, -33.257522981274612 ], [ -70.826110587732387, -33.257449320104271 ], [ -70.82612303791808, -33.257375827646726 ] ] ] ] } },
{ "type": "Feature", "properties": { "fid": "68", "Area": 93720.306 }, "geometry": { "type": "MultiPolygon", "coordinates": [ [ [ [ -70.826669005390613, -33.254327056835336 ], [ -70.82667688900105, -33.254323116793948 ], [ -70.826684851621309, -33.254319290553781 ], [ -70.826692890924519, -33.254315579232937 ], [ -70.826701004561372, -33.25431198391599 ], [ -70.826709190160827, -33.254308505653526 ], [ -70.826717445330885, -33.254305145462034 ], [ -70.826725767659156, -33.25430190432342 ], [ -70.826734154713634, -33.254298783184815 ], [ -70.826742604043403, -33.254295782958302 ], [ -70.82675111317937, -33.254292904520639 ], [ -70.826759679634932, -33.254290148712947 ], [ -70.826768300906764, -33.254287516340547 ], [ -70.826776974475521, -33.254285008172673 ], [ -70.826785697806542, -33.254282624942292 ], [ -70.82679446835067, -33.254280367345842 ], [ -70.826803283544947, -33.254278236043035 ], [ -70.826812140813331, -33.254276231656682 ], [ -70.826821037567512, -33.254274354772534 ], [ -70.826829971207658, -33.254272605939036 ], [ -70.826838939123107, -33.254270985667262 ], [ -70.826847938693234, -33.25426949443068 ], [ -70.826856967288137, -33.254268132665054 ], [ -70.826866022269428, -33.254266900768364 ], [ -70.826875100991046, -33.254265799100551 ], [ -70.826884200799952, -33.254264827983569 ], [ -70.826893319036969, -33.254263987701208 ], [ -70.826902453037505, -33.25426327849901 ], [ -70.826911600132405, -33.254262700584221 ], [ -70.826920757648651, -33.254262254125713 ], [ -70.82692992291021, -33.254261939253965 ], [ -70.826939093238735, -33.25426175606097 ], [ -70.826948265954485, -33.254261704600275 ], [ -70.826957438376937, -33.254261784886907 ], [ -70.826966607825682, -33.254261996897419 ], [ -70.826975771621207, -33.254262340569838 ], [ -70.826984927085633, -33.254262815803742 ], [ -70.826994071543467, -33.254263422460255 ], [ -70.827003202322516, -33.254264160362084 ], [ -70.828158964111822, -33.254365941368491 ], [ -70.828177571856344, -33.254367442415521 ], [ -70.828196207896511, -33.254368670922823 ], [ -70.828214866577937, -33.254369626517665 ], [ -70.828233542239332, -33.254370308910119 ], [ -70.828252229214286, -33.254370717893138 ], [ -70.828270921832925, -33.25437085334265 ], [ -70.828289614423696, -33.254370715217561 ], [ -70.828308301315033, -33.254370303559753 ], [ -70.828326976837104, -33.254369618494181 ], [ -70.828345635323544, -33.254368660228678 ], [ -70.828364271113102, -33.254367429054014 ], [ -70.828382878551494, -33.254365925343734 ], [ -70.828401451993003, -33.254364149554121 ], [ -70.828419985802185, -33.254362102223929 ], [ -70.828438474355707, -33.254359783974387 ], [ -70.82845691204389, -33.254357195508859 ], [ -70.828475293272533, -33.254354337612746 ], [ -70.82849361246457, -33.254351211153143 ], [ -70.828511864061738, -33.254347817078703 ], [ -70.828530042526282, -33.254344156419187 ], [ -70.828548142342683, -33.254340230285322 ], [ -70.828566158019214, -33.254336039868335 ], [ -70.828584084089769, -33.254331586439648 ], [ -70.828601915115343, -33.254326871350507 ], [ -70.828619645685819, -33.254321896031506 ], [ -70.828637270421581, -33.254316661992249 ], [ -70.828654783975082, -33.25431117082077 ], [ -70.82867218103253, -33.254305424183194 ], [ -70.828689456315487, -33.254299423823106 ], [ -70.828706604582493, -33.254293171561073 ], [ -70.828723620630555, -33.254286669294139 ], [ -70.82874049929687, -33.254279918995138 ], [ -70.828757235460287, -33.254272922712218 ], [ -70.828773824042926, -33.254265682568118 ], [ -70.828790260011644, -33.25425820075958 ], [ -70.828806538379652, -33.254250479556653 ], [ -70.82882265420794, -33.254242521302089 ], [ -70.828838602606865, -33.254234328410455 ], [ -70.82885437873756, -33.254225903367583 ], [ -70.828869977813412, -33.254217248729752 ], [ -70.828885395101565, -33.254208367122828 ], [ -70.828900625924348, -33.254199261241624 ], [ -70.828915665660574, -33.254189933848934 ], [ -70.828930509747138, -33.254180387774802 ], [ -70.828945153680266, -33.254170625915613 ], [ -70.828959593016904, -33.254160651233192 ], [ -70.828973823376074, -33.254150466753963 ], [ -70.828987840440249, -33.254140075568003 ], [ -70.829001639956587, -33.254129480828105 ], [ -70.829015217738259, -33.254118685748821 ], [ -70.829028569665738, -33.254107693605462 ], [ -70.829041691687991, -33.254096507733173 ], [ -70.829054579823804, -33.254085131525834 ], [ -70.829067230162877, -33.254073568435103 ], [ -70.829079638867057, -33.254061821969309 ], [ -70.829091802171575, -33.254049895692461 ], [ -70.829103716386086, -33.254037793223063 ], [ -70.829115377895789, -33.254025518233128 ], [ -70.829126783162607, -33.254013074446988 ], [ -70.829137928726226, -33.254000465640217 ], [ -70.829148811205073, -33.253987695638386 ], [ -70.829159427297455, -33.253974768316063 ], [ -70.829169773782468, -33.253961687595456 ], [ -70.829179847521061, -33.253948457445389 ], [ -70.829189645456907, -33.253935081879973 ], [ -70.82919916461735, -33.253921564957466 ], [ -70.829208402114361, -33.253907910778992 ], [ -70.829238638189281, -33.253862297873759 ], [ -70.829247815653389, -33.253848730650809 ], [ -70.829257271199339, -33.253835298905138 ], [ -70.829267001994822, -33.25382200665991 ], [ -70.82927700512505, -33.25380885789653 ], [ -70.829287277593707, -33.253795856553396 ], [ -70.829297816323802, -33.253783006524763 ], [ -70.829308618158549, -33.253770311659544 ], [ -70.829319679862422, -33.253757775760221 ], [ -70.829330998122018, -33.253745402581579 ], [ -70.829342569547123, -33.253733195829767 ], [ -70.829354390671668, -33.253721159160968 ], [ -70.829366457954819, -33.25370929618051 ], [ -70.829378767782018, -33.253697610441662 ], [ -70.829391316466044, -33.253686105444601 ], [ -70.829404100248155, -33.253674784635351 ], [ -70.829417115299165, -33.253663651404807 ], [ -70.829430357720668, -33.253652709087646 ], [ -70.829443823546114, -33.25364196096136 ], [ -70.829457508742095, -33.253631410245276 ], [ -70.829471409209447, -33.253621060099604 ], [ -70.829485520784559, -33.253610913624485 ], [ -70.829499839240569, -33.253600973859022 ], [ -70.829514360288684, -33.25359124378042 ], [ -70.829529079579444, -33.253581726303061 ], [ -70.829543992703961, -33.253572424277692 ], [ -70.82955909519535, -33.25356334049048 ], [ -70.829574382529941, -33.25355447766222 ], [ -70.829589850128812, -33.253545838447579 ], [ -70.829605493358926, -33.253537425434175 ], [ -70.829621307534737, -33.253529241141926 ], [ -70.829637287919468, -33.253521288022199 ], [ -70.829653429726562, -33.253513568457166 ], [ -70.829669728121118, -33.253506084758982 ], [ -70.829686178221323, -33.253498839169225 ], [ -70.82970277509996, -33.253491833858106 ], [ -70.829719513785832, -33.253485070923858 ], [ -70.829736389265278, -33.253478552392167 ], [ -70.829753396483639, -33.253472280215455 ], [ -70.829770530346849, -33.253466256272397 ], [ -70.829787785722885, -33.253460482367295 ], [ -70.829805157443332, -33.253454960229554 ], [ -70.82982264030494, -33.253449691513197 ], [ -70.829840229071152, -33.253444677796296 ], [ -70.829857918473721, -33.253439920580611 ], [ -70.829875703214242, -33.253435421290966 ], [ -70.829893577965748, -33.253431181275069 ], [ -70.829911537374343, -33.253427201802864 ], [ -70.829929576060763, -33.253423484066275 ], [ -70.829947688621985, -33.253420029178869 ], [ -70.829965869632886, -33.253416838175454 ], [ -70.829984113647825, -33.25341391201178 ], [ -70.830002415202301, -33.253411251564323 ], [ -70.830020768814563, -33.253408857629942 ], [ -70.830039168987327, -33.253406730925633 ], [ -70.830057610209266, -33.25340487208841 ], [ -70.830076086956865, -33.253403281675048 ], [ -70.83009459369589, -33.253401960161881 ], [ -70.830113124883155, -33.253400907944744 ], [ -70.830131674968158, -33.253400125338771 ], [ -70.830150238394722, -33.253399612578384 ], [ -70.830168809602696, -33.25339936981716 ], [ -70.830187383029596, -33.253399397127794 ], [ -70.830205953112227, -33.253399694502107 ], [ -70.830224514288474, -33.25340026185102 ], [ -70.830243060998811, -33.253401099004599 ], [ -70.830261587688128, -33.253402205712078 ], [ -70.8302800888072, -33.25340358164199 ], [ -70.830298558814576, -33.253405226382185 ], [ -70.830316992178084, -33.253407139440036 ], [ -70.830335383376465, -33.253409320242525 ], [ -70.830353726901166, -33.253411768136445 ], [ -70.830372017257901, -33.2534144823886 ], [ -70.830390248968257, -33.253417462185986 ], [ -70.830408416571444, -33.253420706636099 ], [ -70.830426514625856, -33.253424214767136 ], [ -70.830444537710704, -33.25342798552834 ], [ -70.830449032391158, -33.253428995687379 ], [ -70.830453505546728, -33.253430071181555 ], [ -70.830457955832202, -33.253431211687435 ], [ -70.8304623819092, -33.253432416862026 ], [ -70.830466782446663, -33.253433686342888 ], [ -70.830471156121163, -33.253435019748224 ], [ -70.830475501617414, -33.253436416677069 ], [ -70.830479817628543, -33.253437876709285 ], [ -70.830484102856573, -33.253439399405806 ], [ -70.830488356012793, -33.253440984308675 ], [ -70.830492575818127, -33.253442630941294 ], [ -70.830496761003502, -33.25344433880845 ], [ -70.830500910310306, -33.253446107396506 ], [ -70.830505022490684, -33.2534479361736 ], [ -70.830509096307964, -33.253449824589751 ], [ -70.830513130536985, -33.253451772077049 ], [ -70.830517123964526, -33.253453778049803 ], [ -70.830521075389598, -33.253455841904746 ], [ -70.830524983623874, -33.253457963021212 ], [ -70.830528847492005, -33.253460140761291 ], [ -70.830532665831981, -33.253462374470089 ], [ -70.830536437495496, -33.253464663475818 ], [ -70.830540161348267, -33.253467007090094 ], [ -70.83054383627038, -33.253469404608126 ], [ -70.830547461156655, -33.253471855308874 ], [ -70.830551034916965, -33.253474358455342 ], [ -70.830554556476557, -33.253476913294726 ], [ -70.830558024776337, -33.253479519058708 ], [ -70.830561438773302, -33.253482174963644 ], [ -70.830564797440672, -33.253484880210785 ], [ -70.830568099768428, -33.253487633986573 ], [ -70.830571344763413, -33.253490435462865 ], [ -70.830574531449727, -33.253493283797141 ], [ -70.830577658869032, -33.253496178132806 ], [ -70.830580726080768, -33.253499117599446 ], [ -70.830583732162509, -33.253502101313011 ], [ -70.830586676210245, -33.253505128376233 ], [ -70.83058955733857, -33.253508197878745 ], [ -70.83059237468099, -33.253511308897437 ], [ -70.830595127390268, -33.253514460496717 ], [ -70.830676182450091, -33.25361039331878 ], [ -70.830755612395961, -33.253707281010108 ], [ -70.830833401290874, -33.253805104137243 ], [ -70.830909533526835, -33.25390384307903 ], [ -70.830983993827999, -33.254003478030562 ], [ -70.83101230261164, -33.254063707403695 ], [ -70.830980436091664, -33.254079945925476 ], [ -70.83094889828179, -33.254096631318397 ], [ -70.830917698058386, -33.254113758886426 ], [ -70.830886844202823, -33.254131323809098 ], [ -70.83085634539907, -33.254149321142833 ], [ -70.830826210231137, -33.25416774582235 ], [ -70.830796447180703, -33.254186592662109 ], [ -70.830767064624723, -33.254205856357736 ], [ -70.830738070833135, -33.254225531487528 ], [ -70.830709473966422, -33.254245612513976 ], [ -70.8306812820734, -33.254266093785333 ], [ -70.830653503088882, -33.254286969537212 ], [ -70.830626144831555, -33.2543082338942 ], [ -70.830599215001669, -33.254329880871452 ], [ -70.830572721178868, -33.254351904376513 ], [ -70.830546670820198, -33.254374298210884 ], [ -70.83052107125782, -33.254397056071859 ], [ -70.830495929697079, -33.25442017155428 ], [ -70.830471253214441, -33.254443638152303 ], [ -70.830447048755474, -33.25446744926127 ], [ -70.830423323132905, -33.254491598179563 ], [ -70.830400083024742, -33.254516078110477 ], [ -70.830377334972312, -33.254540882164157 ], [ -70.830355085378514, -33.254566003359464 ], [ -70.830333340505945, -33.254591434626043 ], [ -70.828989289553149, -33.256191462575963 ], [ -70.828968465601378, -33.256215804175923 ], [ -70.828947145677745, -33.25623984079818 ], [ -70.828925336108227, -33.25626356531027 ], [ -70.828903043364065, -33.256286970672285 ], [ -70.828880274059898, -33.256310049939003 ], [ -70.828857034951795, -33.256332796262001 ], [ -70.828833332935275, -33.256355202891619 ], [ -70.828809175043205, -33.256377263179004 ], [ -70.828784568443737, -33.256398970578061 ], [ -70.82875952043824, -33.256420318647407 ], [ -70.82873403845899, -33.256441301052298 ], [ -70.828708130067142, -33.256461911566433 ], [ -70.828681802950371, -33.256482144073942 ], [ -70.828655064920596, -33.256501992571046 ], [ -70.828627923911711, -33.256521451167977 ], [ -70.82860038797719, -33.256540514090581 ], [ -70.828572465287749, -33.256559175682192 ], [ -70.828544164128829, -33.256577430405173 ], [ -70.828515492898234, -33.256595272842659 ], [ -70.828486460103591, -33.256612697700078 ], [ -70.828457074359804, -33.256629699806822 ], [ -70.828427344386597, -33.256646274117671 ], [ -70.82839727900577, -33.256662415714345 ], [ -70.828366887138728, -33.256678119807034 ], [ -70.828336177803749, -33.256693381735673 ], [ -70.828305160113331, -33.256708196971431 ], [ -70.828273843271475, -33.256722561118032 ], [ -70.828242236571029, -33.256736469913044 ], [ -70.828210349390758, -33.256749919229151 ], [ -70.828178191192777, -33.256762905075405 ], [ -70.828145771519587, -33.256775423598356 ], [ -70.828113099991299, -33.256787471083229 ], [ -70.828080186302756, -33.256799043955027 ], [ -70.828047040220696, -33.256810138779592 ], [ -70.828013671580834, -33.256820752264652 ], [ -70.82798009028491, -33.256830881260683 ], [ -70.827946306297818, -33.256840522762019 ], [ -70.827912329644548, -33.256849673907595 ], [ -70.827878170407359, -33.256858331981867 ], [ -70.827843838722615, -33.256866494415611 ], [ -70.827809344777918, -33.256874158786694 ], [ -70.827774698809023, -33.256881322820725 ], [ -70.827739911096756, -33.256887984391838 ], [ -70.827704991964083, -33.256894141523247 ], [ -70.827669951772918, -33.256899792387841 ], [ -70.82763480092116, -33.256904935308761 ], [ -70.827599549839505, -33.256909568759887 ], [ -70.827564208988392, -33.256913691366215 ], [ -70.827528788854949, -33.256917301904423 ], [ -70.827493299949822, -33.256920399303041 ], [ -70.827457752804037, -33.256922982642955 ], [ -70.827422157965941, -33.256925051157552 ], [ -70.827386525998008, -33.256926604232994 ], [ -70.827350867473768, -33.256927641408375 ], [ -70.827315192974623, -33.256928162375928 ], [ -70.82727951308668, -33.256928166981027 ], [ -70.827243838397692, -33.256927655222292 ], [ -70.827208179493837, -33.256926627251538 ], [ -70.82717254695666, -33.256925083373815 ], [ -70.827136951359819, -33.256923024047218 ], [ -70.827101403266042, -33.25692044988282 ], [ -70.827065913223947, -33.256917361644476 ], [ -70.827030491764944, -33.25691376024853 ], [ -70.826995149400062, -33.256909646763688 ], [ -70.826959896616884, -33.256905022410585 ], [ -70.826924743876376, -33.256899888561406 ], [ -70.826889701609844, -33.25689424673957 ], [ -70.826854780215768, -33.256888098619214 ], [ -70.826819990056805, -33.256881446024728 ], [ -70.826785341456628, -33.25687429093022 ], [ -70.826750844696875, -33.256866635458842 ], [ -70.826716510014194, -33.256858481882304 ], [ -70.826371755668788, -33.256773910557442 ], [ -70.826369088897721, -33.256773235281521 ], [ -70.826366436431385, -33.256772521343514 ], [ -70.826363799063756, -33.256771768957144 ], [ -70.826361177584346, -33.256770978347625 ], [ -70.826358572777877, -33.256770149751624 ], [ -70.826355985424073, -33.256769283417192 ], [ -70.826353416297451, -33.256768379603663 ], [ -70.82635086616709, -33.256767438581562 ], [ -70.826348335796325, -33.256766460632598 ], [ -70.826345825942639, -33.256765446049521 ], [ -70.826343337357358, -33.256764395136031 ], [ -70.826340870785387, -33.256763308206729 ], [ -70.826338426965123, -33.256762185586972 ], [ -70.826336006628082, -33.256761027612811 ], [ -70.826333610498807, -33.256759834630884 ], [ -70.826331239294561, -33.256758606998311 ], [ -70.826328893725133, -33.256757345082569 ], [ -70.826326574492683, -33.256756049261405 ], [ -70.826324282291466, -33.256754719922732 ], [ -70.826322017807627, -33.256753357464454 ], [ -70.826319781719022, -33.256751962294466 ], [ -70.826317574695054, -33.256750534830353 ], [ -70.826315397396314, -33.256749075499457 ], [ -70.826313250474641, -33.256747584738612 ], [ -70.826311134572649, -33.256746062994068 ], [ -70.826309050323758, -33.256744510721354 ], [ -70.826306998351868, -33.256742928385137 ], [ -70.826304979271228, -33.25674131645907 ], [ -70.826302993686227, -33.256739675425699 ], [ -70.826301042191261, -33.256738005776242 ], [ -70.826299125370468, -33.25673630801051 ], [ -70.826297243797669, -33.256734582636717 ], [ -70.826295398036095, -33.256732830171359 ], [ -70.826293588638251, -33.256731051139013 ], [ -70.826291816145769, -33.256729246072226 ], [ -70.826290081089269, -33.256727415511349 ], [ -70.8262883839881, -33.256725560004348 ], [ -70.826286725350286, -33.25672368010666 ], [ -70.826285105672326, -33.256721776380999 ], [ -70.826283525439081, -33.256719849397278 ], [ -70.826281985123558, -33.256717899732315 ], [ -70.826280485186842, -33.256715927969722 ], [ -70.826279026077955, -33.256713934699754 ], [ -70.826277608233653, -33.256711920519074 ], [ -70.826276232078357, -33.256709886030627 ], [ -70.826274898024025, -33.256707831843414 ], [ -70.826273606469982, -33.256705758572373 ], [ -70.82627235780285, -33.256703666838114 ], [ -70.826271152396416, -33.256701557266773 ], [ -70.826269990611507, -33.25669943048986 ], [ -70.826268872795879, -33.256697287144014 ], [ -70.826267799284167, -33.25669512787082 ], [ -70.826266770397694, -33.256692953316644 ], [ -70.826265786444466, -33.256690764132465 ], [ -70.826264847719017, -33.256688560973586 ], [ -70.826263954502352, -33.256686344499492 ], [ -70.826263107061834, -33.256684115373695 ], [ -70.826262305651156, -33.25668187426345 ], [ -70.826261550510182, -33.25667962183968 ], [ -70.826260841864993, -33.256677358776578 ], [ -70.826260179927687, -33.256675085751588 ], [ -70.826259564896418, -33.256672803445156 ], [ -70.826258996955303, -33.256670512540445 ], [ -70.826258476274333, -33.25666821372328 ], [ -70.826258003009357, -33.256665907681729 ], [ -70.826257577302059, -33.256663595106147 ], [ -70.826257199279866, -33.256661276688781 ], [ -70.826256869055939, -33.256658953123633 ], [ -70.826256586729116, -33.256656625106231 ], [ -70.826256352383893, -33.256654293333497 ], [ -70.826256166090445, -33.256651958503404 ], [ -70.826256027904506, -33.256649621314885 ], [ -70.826255937867472, -33.256647282467547 ], [ -70.826255896006245, -33.256644942661538 ], [ -70.826255902333401, -33.256642602597253 ], [ -70.826255956846992, -33.256640262975175 ], [ -70.826256059530749, -33.256637924495671 ], [ -70.82625621035389, -33.256635587858717 ], [ -70.826256409271281, -33.256633253763816 ], [ -70.826256656223364, -33.256630922909672 ], [ -70.826256951136216, -33.256628595993959 ], [ -70.826257293921557, -33.25662627371328 ], [ -70.826257684476772, -33.256623956762766 ], [ -70.826669005390613, -33.254327056835336 ] ] ] ] } },
{ "type": "Feature", "properties": { "fid": "69", "Area": 31809.651 }, "geometry": { "type": "MultiPolygon", "coordinates": [ [ [ [ -70.823345619199756, -33.249843415779111 ], [ -70.825002092031696, -33.250449750602868 ], [ -70.825019030582482, -33.250466694091259 ], [ -70.825035620594335, -33.25048387931465 ], [ -70.82505185718135, -33.250501301211969 ], [ -70.825067735561618, -33.25051895465252 ], [ -70.825083251058786, -33.25053683443732 ], [ -70.825098399103297, -33.250554935300784 ], [ -70.825113175233838, -33.250573251912243 ], [ -70.825127575098634, -33.250591778877414 ], [ -70.825141594456667, -33.250610510740088 ], [ -70.825155229179003, -33.25062944198374 ], [ -70.825168475249967, -33.250648567033103 ], [ -70.825181328768309, -33.250667880255818 ], [ -70.825193785948429, -33.250687375964134 ], [ -70.825205843121395, -33.25070704841653 ], [ -70.825217496736116, -33.250726891819433 ], [ -70.825228743360285, -33.250746900328942 ], [ -70.82523957968148, -33.250767068052497 ], [ -70.825250002508128, -33.250787389050672 ], [ -70.825260008770371, -33.250807857338884 ], [ -70.825269595521078, -33.25082846688916 ], [ -70.825278759936623, -33.250849211631959 ], [ -70.825287499317781, -33.250870085457862 ], [ -70.825295811090456, -33.250891082219511 ], [ -70.825303692806514, -33.250912195733235 ], [ -70.825311142144457, -33.250933419781077 ], [ -70.8253181569101, -33.250954748112449 ], [ -70.825324735037285, -33.250976174446087 ], [ -70.825330874588388, -33.250997692471849 ], [ -70.825336573754967, -33.251019295852593 ], [ -70.825341830858264, -33.251040978225994 ], [ -70.825346644349736, -33.251062733206524 ], [ -70.825351012811439, -33.251084554387219 ], [ -70.825354934956508, -33.251106435341633 ], [ -70.82535840962953, -33.251128369625732 ], [ -70.825361435806855, -33.251150350779696 ], [ -70.825364012596921, -33.251172372330011 ], [ -70.825366139240501, -33.251194427791148 ], [ -70.825367815110965, -33.25121651066766 ], [ -70.825369039714388, -33.251238614456007 ], [ -70.825369812689829, -33.251260732646443 ], [ -70.825370133809258, -33.251282858725041 ], [ -70.825370002977763, -33.251304986175526 ], [ -70.825369420233528, -33.251327108481171 ], [ -70.825368385747865, -33.251349219126801 ], [ -70.825366899825084, -33.251371311600657 ], [ -70.825337856643074, -33.251746014756662 ], [ -70.82329411196551, -33.251255984844676 ], [ -70.823276859443553, -33.251251716348918 ], [ -70.823259694482601, -33.251247205523327 ], [ -70.823242621903788, -33.251242453634902 ], [ -70.823225646502266, -33.251237462018238 ], [ -70.823208773045963, -33.251232232075381 ], [ -70.823192006274098, -33.251226765275234 ], [ -70.82317535089598, -33.251221063153281 ], [ -70.823158811589607, -33.251215127311077 ], [ -70.823142393000339, -33.25120895941582 ], [ -70.82312609973971, -33.251202561199882 ], [ -70.823109936383943, -33.251195934460348 ], [ -70.823093907472867, -33.251189081058456 ], [ -70.823078017508507, -33.25118200291913 ], [ -70.823062270953841, -33.251174702030397 ], [ -70.823046672231584, -33.251167180442877 ], [ -70.823031225722929, -33.251159440269134 ], [ -70.823015935766321, -33.251151483683188 ], [ -70.823000806656211, -33.251143312919758 ], [ -70.82298584264187, -33.251134930273835 ], [ -70.822971047926202, -33.251126338099766 ], [ -70.822956426664561, -33.251117538810888 ], [ -70.822941982963584, -33.251108534878639 ], [ -70.822927720880017, -33.251099328831977 ], [ -70.822913644419586, -33.251089923256544 ], [ -70.822899757535907, -33.251080320794145 ], [ -70.822634662572341, -33.250893860578088 ], [ -70.823345619199756, -33.249843415779111 ] ] ] ] } },
{ "type": "Feature", "properties": { "fid": "70", "Area": 4927.928 }, "geometry": { "type": "MultiPolygon", "coordinates": [ [ [ [ -70.825288381935167, -33.250554540934147 ], [ -70.825671227043259, -33.250694671798612 ], [ -70.825679661259457, -33.250697831744155 ], [ -70.825688029503212, -33.250701113181066 ], [ -70.825696329295866, -33.250704515137343 ], [ -70.825704558179027, -33.250708036605346 ], [ -70.825712713715276, -33.250711676542018 ], [ -70.825720793488955, -33.250715433869217 ], [ -70.825728795106841, -33.250719307474 ], [ -70.825736716198833, -33.250723296209031 ], [ -70.825744554418719, -33.250727398892842 ], [ -70.825752307444816, -33.250731614310226 ], [ -70.825759972980634, -33.250735941212554 ], [ -70.825767548755692, -33.250740378318241 ], [ -70.825775032525982, -33.250744924312976 ], [ -70.825782422074838, -33.250749577850264 ], [ -70.825789715213475, -33.250754337551733 ], [ -70.825796909781602, -33.250759202007536 ], [ -70.825804003648216, -33.250764169776836 ], [ -70.8258109947121, -33.250769239388177 ], [ -70.825817880902477, -33.250774409339947 ], [ -70.825824660179649, -33.250779678100798 ], [ -70.825831330535564, -33.250785044110138 ], [ -70.825837889994432, -33.250790505778539 ], [ -70.825844336613372, -33.250796061488259 ], [ -70.825850668482843, -33.250801709593716 ], [ -70.825856883727312, -33.250807448421902 ], [ -70.825862980505832, -33.250813276273014 ], [ -70.825868957012503, -33.250819191420817 ], [ -70.82587481147705, -33.250825192113254 ], [ -70.825880542165351, -33.250831276572924 ], [ -70.825886147379975, -33.250837442997586 ], [ -70.825891625460613, -33.25084368956076 ], [ -70.825896974784627, -33.250850014412222 ], [ -70.825902193767519, -33.25085641567852 ], [ -70.825907280863404, -33.250862891463605 ], [ -70.82591223456545, -33.250869439849353 ], [ -70.825917053406343, -33.250876058896125 ], [ -70.825921735958701, -33.250882746643363 ], [ -70.825926280835503, -33.250889501110109 ], [ -70.825930686690555, -33.250896320295745 ], [ -70.825934952218788, -33.250903202180368 ], [ -70.825939076156729, -33.250910144725587 ], [ -70.825943057282785, -33.250917145875036 ], [ -70.825946894417783, -33.250924203554916 ], [ -70.82595058642508, -33.250931315674755 ], [ -70.825954132211052, -33.250938480127935 ], [ -70.825957530725418, -33.250945694792343 ], [ -70.825960780961509, -33.25095295753097 ], [ -70.82596388195654, -33.250960266192607 ], [ -70.825966832791977, -33.250967618612378 ], [ -70.825969632593726, -33.250975012612514 ], [ -70.82597228053244, -33.250982446002894 ], [ -70.825974775823767, -33.250989916581737 ], [ -70.825977117728556, -33.250997422136244 ], [ -70.825979305553091, -33.251004960443247 ], [ -70.826038518354949, -33.251216888913916 ], [ -70.826040574764846, -33.251224548149374 ], [ -70.826042472111055, -33.251232236313498 ], [ -70.826044209818079, -33.25123995107441 ], [ -70.82604578735878, -33.251247690092178 ], [ -70.826047204254678, -33.251255451019482 ], [ -70.826048460075938, -33.251263231502406 ], [ -70.826049554441639, -33.251271029181069 ], [ -70.826050487019813, -33.251278841690372 ], [ -70.826051257527553, -33.251286666660725 ], [ -70.826051865731131, -33.251294501718768 ], [ -70.826052311445991, -33.251302344488053 ], [ -70.826052594536932, -33.251310192589848 ], [ -70.826052714918035, -33.251318043643714 ], [ -70.826052672552763, -33.251325895268408 ], [ -70.826052467453891, -33.251333745082455 ], [ -70.826052099683608, -33.251341590704946 ], [ -70.82605156935341, -33.251349429756246 ], [ -70.826050876624109, -33.251357259858707 ], [ -70.826050021705754, -33.25136507863742 ], [ -70.826049004857651, -33.25137288372084 ], [ -70.82604782638812, -33.251380672741661 ], [ -70.82604648665459, -33.251388443337383 ], [ -70.826044986063366, -33.251396193151137 ], [ -70.826043325069534, -33.251403919832342 ], [ -70.826041504176843, -33.251411621037441 ], [ -70.826039523937581, -33.251419294430555 ], [ -70.826037384952272, -33.251426937684322 ], [ -70.826035087869698, -33.251434548480432 ], [ -70.826032633386518, -33.251442124510511 ], [ -70.826030022247167, -33.251449663476635 ], [ -70.826027255243574, -33.251457163092212 ], [ -70.826024333214946, -33.251464621082519 ], [ -70.826021257047557, -33.251472035185479 ], [ -70.826018027674365, -33.251479403152331 ], [ -70.826014646074839, -33.251486722748311 ], [ -70.826011113274618, -33.2514939917533 ], [ -70.826007430345186, -33.251501207962555 ], [ -70.826003598403588, -33.251508369187334 ], [ -70.82599961861203, -33.251515473255552 ], [ -70.825995492177597, -33.251522518012486 ], [ -70.825991220351838, -33.2515295013214 ], [ -70.8259868044304, -33.251536421064181 ], [ -70.825982245752655, -33.251543275142005 ], [ -70.825977545701249, -33.251550061475967 ], [ -70.825972705701716, -33.251556778007696 ], [ -70.825967727222036, -33.251563422700009 ], [ -70.825962611772241, -33.25156999353748 ], [ -70.825957360903828, -33.251576488527142 ], [ -70.825951976209424, -33.251582905698989 ], [ -70.825946459322225, -33.251589243106601 ], [ -70.82594081191553, -33.25159549882779 ], [ -70.825935035702258, -33.251601670965151 ], [ -70.825929132434325, -33.251607757646589 ], [ -70.825923103902241, -33.251613757025943 ], [ -70.825916951934502, -33.251619667283563 ], [ -70.825910678397037, -33.251625486626764 ], [ -70.825904285192664, -33.251631213290523 ], [ -70.825897774260469, -33.251636845537838 ], [ -70.825891147575291, -33.251642381660417 ], [ -70.825884407147015, -33.251647819979077 ], [ -70.825877555020099, -33.251653158844334 ], [ -70.825870593272839, -33.251658396636827 ], [ -70.825863524016782, -33.251663531767882 ], [ -70.825856349396091, -33.251668562679953 ], [ -70.825849071586902, -33.251673487847121 ], [ -70.825841692796644, -33.251678305775521 ], [ -70.825834215263342, -33.251683015003813 ], [ -70.825826641255034, -33.251687614103638 ], [ -70.825818973068948, -33.251692101680035 ], [ -70.825811213030974, -33.251696476371869 ], [ -70.825803363494742, -33.25170073685225 ], [ -70.825795426841154, -33.251704881828928 ], [ -70.825787405477413, -33.25170891004467 ], [ -70.825779301836548, -33.251712820277668 ], [ -70.825771118376437, -33.251716611341905 ], [ -70.825762857579207, -33.251720282087504 ], [ -70.825754521950458, -33.251723831401101 ], [ -70.825746114018472, -33.251727258206131 ], [ -70.825737636333471, -33.251730561463198 ], [ -70.825729091466812, -33.251733740170401 ], [ -70.825720482010269, -33.251736793363598 ], [ -70.825711810575172, -33.251739720116682 ], [ -70.825703079791666, -33.251742519541985 ], [ -70.825694292307901, -33.251745190790359 ], [ -70.825685450789223, -33.251747733051602 ], [ -70.825676557917362, -33.251750145554631 ], [ -70.825667616389623, -33.251752427567681 ], [ -70.825658628918106, -33.25175457839859 ], [ -70.825649598228779, -33.25175659739498 ], [ -70.825640527060784, -33.251758483944492 ], [ -70.8256314181655, -33.251760237474869 ], [ -70.825622274305772, -33.251761857454269 ], [ -70.825613098255019, -33.251763343391339 ], [ -70.825603892796494, -33.251764694835344 ], [ -70.825594660722288, -33.251765911376395 ], [ -70.825585404832623, -33.251766992645493 ], [ -70.825576127934909, -33.251767938314671 ], [ -70.825566832842952, -33.251768748097106 ], [ -70.825557522376059, -33.25176942174717 ], [ -70.825548199358209, -33.251769959060546 ], [ -70.825538866617194, -33.251770359874236 ], [ -70.825529526983757, -33.251770624066687 ], [ -70.825555949573413, -33.251429721190419 ], [ -70.825557617957486, -33.251404927153871 ], [ -70.825558781315578, -33.251380112765979 ], [ -70.825559439307682, -33.251355285288227 ], [ -70.82555959174168, -33.251330451985993 ], [ -70.825559238573405, -33.25130562012631 ], [ -70.82555837990661, -33.251280796975784 ], [ -70.825557015993013, -33.251255989798501 ], [ -70.825555147232166, -33.25123120585382 ], [ -70.825552774171342, -33.251206452394314 ], [ -70.825549897505411, -33.251181736663682 ], [ -70.825546518076607, -33.251157065894461 ], [ -70.82554263687426, -33.251132447306126 ], [ -70.825538255034573, -33.251107888102844 ], [ -70.825533373840187, -33.251083395471376 ], [ -70.825527994719948, -33.251058976579053 ], [ -70.825522119248333, -33.251034638571539 ], [ -70.825515749145097, -33.251010388570897 ], [ -70.825508886274733, -33.250986233673402 ], [ -70.825501532645916, -33.250962180947489 ], [ -70.825493690410937, -33.250938237431676 ], [ -70.825485361865063, -33.25091441013258 ], [ -70.825476549445824, -33.250890706022723 ], [ -70.82546725573242, -33.250867132038607 ], [ -70.825457483444822, -33.250843695078679 ], [ -70.825447235443036, -33.250820402001239 ], [ -70.825436514726292, -33.250797259622502 ], [ -70.825425324432146, -33.250774274714587 ], [ -70.825413667835548, -33.250751454003485 ], [ -70.825401548347884, -33.250728804167167 ], [ -70.825388969515998, -33.250706331833619 ], [ -70.825375935021128, -33.25068404357885 ], [ -70.825362448677893, -33.250661945924961 ], [ -70.825348514433031, -33.250640045338379 ], [ -70.825334136364418, -33.250618348227732 ], [ -70.825319318679789, -33.250596860942196 ], [ -70.825304065715457, -33.25057558976949 ], [ -70.825288381935167, -33.250554540934147 ] ] ] ] } },
{ "type": "Feature", "properties": { "fid": "71", "Area": 7905.513 }, "geometry": { "type": "MultiPolygon", "coordinates": [ [ [ [ -70.825484469423685, -33.252142155585126 ], [ -70.825695364719209, -33.252299547407489 ], [ -70.825702271762154, -33.252304792912476 ], [ -70.825709069443903, -33.252310138319118 ], [ -70.825715755717923, -33.252315582018127 ], [ -70.825722328571189, -33.252321122370574 ], [ -70.825728786024797, -33.252326757708474 ], [ -70.825735126134674, -33.25233248633522 ], [ -70.825741346991961, -33.25233830652612 ], [ -70.825747446723796, -33.252344216528911 ], [ -70.825753423493694, -33.252350214564309 ], [ -70.825759275502278, -33.252356298826513 ], [ -70.825765000987658, -33.252362467483763 ], [ -70.825770598226072, -33.252368718678902 ], [ -70.825776065532381, -33.252375050529892 ], [ -70.825781401260514, -33.252381461130462 ], [ -70.825786603804062, -33.252387948550556 ], [ -70.82579167159669, -33.252394510837078 ], [ -70.825796603112593, -33.252401146014336 ], [ -70.825801396867092, -33.252407852084708 ], [ -70.825806051416876, -33.252414627029225 ], [ -70.825810565360612, -33.252421468808187 ], [ -70.82581493733926, -33.252428375361774 ], [ -70.825819166036553, -33.252435344610639 ], [ -70.825823250179326, -33.252442374456621 ], [ -70.825827188537943, -33.252449462783218 ], [ -70.825830979926693, -33.252456607456409 ], [ -70.825834623204059, -33.252463806325196 ], [ -70.825838117273136, -33.252471057222202 ], [ -70.82584146108195, -33.252478357964449 ], [ -70.825844653623761, -33.252485706353916 ], [ -70.825847693937348, -33.252493100178263 ], [ -70.82585058110736, -33.252500537211453 ], [ -70.825853314264506, -33.25250801521446 ], [ -70.825855892585906, -33.252515531935899 ], [ -70.825858315295264, -33.252523085112713 ], [ -70.825860581663136, -33.252530672470911 ], [ -70.825862691007146, -33.252538291726204 ], [ -70.825864642692238, -33.252545940584675 ], [ -70.825866436130767, -33.252553616743512 ], [ -70.825868070782718, -33.252561317891661 ], [ -70.825869546155943, -33.252569041710572 ], [ -70.825870861806209, -33.252576785874879 ], [ -70.825872017337346, -33.252584548053022 ], [ -70.825873012401459, -33.252592325908083 ], [ -70.825873846698897, -33.252600117098417 ], [ -70.825874519978441, -33.252607919278354 ], [ -70.825875032037374, -33.252615730098881 ], [ -70.825875382721449, -33.252623547208444 ], [ -70.825875571925067, -33.252631368253539 ], [ -70.825875599591214, -33.252639190879528 ], [ -70.825875465711519, -33.252647012731231 ], [ -70.825875170326242, -33.252654831453789 ], [ -70.825874713524286, -33.252662644693203 ], [ -70.825874095443112, -33.252670450097156 ], [ -70.825873316268769, -33.252678245315707 ], [ -70.825872376235807, -33.252686028001946 ], [ -70.825871275627208, -33.252693795812775 ], [ -70.825870014774253, -33.252701546409519 ], [ -70.82586859405653, -33.252709277458749 ], [ -70.825867013901728, -33.252716986632862 ], [ -70.825865274785528, -33.252724671610906 ], [ -70.825863377231499, -33.25273233007912 ], [ -70.825601092832656, -33.253746703495686 ], [ -70.82559870613143, -33.253754753176835 ], [ -70.825596153481172, -33.253762766836225 ], [ -70.825593435651101, -33.253770742059018 ], [ -70.825590553460131, -33.253778676441932 ], [ -70.82558750777676, -33.253786567593991 ], [ -70.825584299518752, -33.253794413137285 ], [ -70.82558092965283, -33.253802210707555 ], [ -70.825577399194444, -33.253809957955106 ], [ -70.825573709207433, -33.253817652545322 ], [ -70.825569860803697, -33.253825292159519 ], [ -70.825565855142898, -33.253832874495536 ], [ -70.825561693432093, -33.253840397268469 ], [ -70.825557376925289, -33.253847858211415 ], [ -70.825552906923264, -33.25385525507604 ], [ -70.825548284772935, -33.25386258563335 ], [ -70.825543511867139, -33.253869847674316 ], [ -70.82553858964414, -33.253877039010575 ], [ -70.825533519587154, -33.253884157475078 ], [ -70.82552830322399, -33.253891200922688 ], [ -70.82552294212654, -33.253898167230929 ], [ -70.825517437910293, -33.253905054300517 ], [ -70.825511792233883, -33.253911860056107 ], [ -70.825506006798562, -33.253918582446794 ], [ -70.825500083347706, -33.253925219446828 ], [ -70.825494023666309, -33.253931769056187 ], [ -70.825487829580354, -33.253938229301184 ], [ -70.825481502956393, -33.253944598235073 ], [ -70.82547504570087, -33.253950873938578 ], [ -70.825468459759634, -33.253957054520576 ], [ -70.825461747117288, -33.253963138118557 ], [ -70.825454909796633, -33.253969122899271 ], [ -70.825447949858017, -33.253975007059239 ], [ -70.825440869398776, -33.253980788825295 ], [ -70.825433670552542, -33.253986466455125 ], [ -70.825426355488631, -33.253992038237797 ], [ -70.825418926411359, -33.253997502494308 ], [ -70.825411385559448, -33.254002857577987 ], [ -70.825403735205271, -33.254008101875144 ], [ -70.82539597765421, -33.254013233805416 ], [ -70.825388115243925, -33.254018251822309 ], [ -70.825380150343733, -33.254023154413694 ], [ -70.825372085353777, -33.254027940102148 ], [ -70.825363922704398, -33.254032607445581 ], [ -70.825355664855365, -33.254037155037466 ], [ -70.825347314295115, -33.254041581507423 ], [ -70.825338873540048, -33.254045885521542 ], [ -70.82533034513375, -33.254050065782842 ], [ -70.825321731646198, -33.254054121031608 ], [ -70.825313035672991, -33.254058050045792 ], [ -70.825304259834652, -33.254061851641438 ], [ -70.825295406775723, -33.25406552467291 ], [ -70.825286479164021, -33.254069068033374 ], [ -70.825277479689845, -33.254072480655054 ], [ -70.825268411065124, -33.254075761509554 ], [ -70.825259276022678, -33.254078909608189 ], [ -70.825250077315275, -33.254081924002342 ], [ -70.825240817714928, -33.254084803783584 ], [ -70.825231500011967, -33.254087548084122 ], [ -70.825222127014243, -33.254090156076963 ], [ -70.825212701546263, -33.254092626976224 ], [ -70.825203226448366, -33.254094960037264 ], [ -70.825193704575824, -33.254097154557051 ], [ -70.825184138798008, -33.254099209874262 ], [ -70.825174531997547, -33.25410112536953 ], [ -70.825164887069391, -33.254102900465639 ], [ -70.82515520692003, -33.25410453462765 ], [ -70.825145494466526, -33.254106027363129 ], [ -70.825135752635674, -33.254107378222251 ], [ -70.825125984363169, -33.254108586797912 ], [ -70.825116192592617, -33.25410965272593 ], [ -70.825106380274775, -33.254110575685068 ], [ -70.825096550366496, -33.254111355397228 ], [ -70.825086705830032, -33.254111991627425 ], [ -70.825076849631984, -33.254112484183928 ], [ -70.825066984742477, -33.254112832918324 ], [ -70.825057114134268, -33.254113037725489 ], [ -70.825047240781842, -33.254113098543719 ], [ -70.825037367660499, -33.254113015354683 ], [ -70.825057316478635, -33.254073725031873 ], [ -70.825076476899511, -33.254034158692953 ], [ -70.825094843516752, -33.253994327504408 ], [ -70.825112411147998, -33.253954242707465 ], [ -70.825129174836405, -33.253913915614874 ], [ -70.825145129852075, -33.253873357607766 ], [ -70.825160271693278, -33.253832580132453 ], [ -70.825174596087876, -33.253791594697105 ], [ -70.825188098994388, -33.253750412868627 ], [ -70.825200776603225, -33.2537090462693 ], [ -70.825212625337699, -33.253667506573557 ], [ -70.825223641855075, -33.253625805504633 ], [ -70.825233823047512, -33.253583954831299 ], [ -70.82524316604291, -33.253541966364573 ], [ -70.825251668205723, -33.253499851954274 ], [ -70.825259327137715, -33.253457623485765 ], [ -70.825484469423685, -33.252142155585126 ] ] ] ] } },
{ "type": "Feature", "properties": { "fid": "72", "Area": 34374.954 }, "geometry": { "type": "MultiPolygon", "coordinates": [ [ [ [ -70.822045562097003, -33.252047642544078 ], [ -70.822043108270634, -33.252046543154137 ], [ -70.822040677413966, -33.252045408312505 ], [ -70.822038270252506, -33.25204423835784 ], [ -70.822035887504612, -33.25204303363931 ], [ -70.822033529881409, -33.252041794516465 ], [ -70.822031198086478, -33.252040521359106 ], [ -70.822028892815723, -33.252039214547167 ], [ -70.822026614757149, -33.252037874470687 ], [ -70.822024364590561, -33.25203650152956 ], [ -70.822022142987578, -33.252035096133554 ], [ -70.82201995061115, -33.252033658702075 ], [ -70.822017788115573, -33.252032189664121 ], [ -70.822015656146249, -33.25203068945811 ], [ -70.822013555339396, -33.252029158531769 ], [ -70.822011486322012, -33.252027597341979 ], [ -70.822009449711572, -33.252026006354626 ], [ -70.822007446115833, -33.252024386044582 ], [ -70.822005476132802, -33.252022736895377 ], [ -70.822003540350352, -33.252021059399191 ], [ -70.822001639346226, -33.252019354056614 ], [ -70.821999773687736, -33.252017621376652 ], [ -70.821997943931677, -33.25201586187638 ], [ -70.821996150624116, -33.252014076080883 ], [ -70.821994394300233, -33.252012264523138 ], [ -70.821992675484182, -33.252010427743748 ], [ -70.821990994688932, -33.252008566290925 ], [ -70.821989352416082, -33.252006680720157 ], [ -70.821987749155753, -33.252004771594201 ], [ -70.821986185386436, -33.252002839482785 ], [ -70.821984661574788, -33.25200088496257 ], [ -70.8219831781756, -33.251998908616812 ], [ -70.821981735631553, -33.251996911035377 ], [ -70.821980334373166, -33.251994892814366 ], [ -70.821978974818606, -33.251992854556136 ], [ -70.821977657373651, -33.251990796868974 ], [ -70.82197638243143, -33.25198872036696 ], [ -70.821975150372467, -33.251986625669829 ], [ -70.821973961564439, -33.251984513402682 ], [ -70.82197281636212, -33.251982384195919 ], [ -70.821971715107296, -33.251980238684993 ], [ -70.82197065812862, -33.251978077510188 ], [ -70.821969645741518, -33.251975901316477 ], [ -70.82196867824814, -33.251973710753347 ], [ -70.821967755937209, -33.251971506474533 ], [ -70.821966879083959, -33.251969289137854 ], [ -70.821966047950099, -33.251967059405082 ], [ -70.821965262783664, -33.251964817941627 ], [ -70.821964523818977, -33.251962565416449 ], [ -70.821963831276548, -33.251960302501772 ], [ -70.821963185363074, -33.251958029872952 ], [ -70.821962586271312, -33.251955748208211 ], [ -70.821962034180046, -33.251953458188503 ], [ -70.821961529254054, -33.251951160497249 ], [ -70.821961071643997, -33.251948855820181 ], [ -70.821960661486457, -33.25194654484509 ], [ -70.821960298903818, -33.251944228261628 ], [ -70.821959984004309, -33.251941906761203 ], [ -70.821959716881906, -33.25193958103663 ], [ -70.821959497616305, -33.251937251781968 ], [ -70.821959326272932, -33.251934919692388 ], [ -70.821959202902946, -33.251932585463834 ], [ -70.821959127543153, -33.251930249792963 ], [ -70.821959100216034, -33.251927913376839 ], [ -70.821959120929733, -33.251925576912683 ], [ -70.821959189678068, -33.251923241097835 ], [ -70.821959306440547, -33.251920906629373 ], [ -70.821959471182282, -33.251918574203984 ], [ -70.821959683854104, -33.251916244517766 ], [ -70.821959944392574, -33.251913918265977 ], [ -70.821960252719919, -33.251911596142854 ], [ -70.821960608744106, -33.251909278841424 ], [ -70.821961012358869, -33.251906967053237 ], [ -70.821961463443785, -33.251904661468245 ], [ -70.821961961864233, -33.25190236277448 ], [ -70.821962507471412, -33.251900071658 ], [ -70.821963100102522, -33.251897788802545 ], [ -70.821963739580696, -33.251895514889412 ], [ -70.82196442571508, -33.251893250597185 ], [ -70.821965158300912, -33.251890996601666 ], [ -70.821965937119558, -33.251888753575507 ], [ -70.821966761938569, -33.251886522188116 ], [ -70.821967632511772, -33.251884303105427 ], [ -70.821968548579392, -33.251882096989668 ], [ -70.821969509868012, -33.251879904499269 ], [ -70.821970516090744, -33.251877726288534 ], [ -70.821971566947312, -33.251875563007516 ], [ -70.821972662124068, -33.25187341530183 ], [ -70.821973801294178, -33.25187128381242 ], [ -70.821974984117659, -33.251869169175414 ], [ -70.821976210241544, -33.251867072021881 ], [ -70.821977479299875, -33.251864992977723 ], [ -70.821978790913917, -33.251862932663371 ], [ -70.821980144692233, -33.251860891693724 ], [ -70.822294473800227, -33.251396482568914 ], [ -70.822310543166012, -33.251403417526866 ], [ -70.822326749194175, -33.251410124224741 ], [ -70.822343087292268, -33.251416600761949 ], [ -70.82235955283042, -33.251422845303203 ], [ -70.822376141142641, -33.251428856078917 ], [ -70.82239284752815, -33.251434631385756 ], [ -70.822409667252685, -33.251440169587134 ], [ -70.822426595549885, -33.251445469113612 ], [ -70.822443627622633, -33.251450528463408 ], [ -70.822460758644354, -33.251455346202825 ], [ -70.822477983760479, -33.251459920966617 ], [ -70.822495298089748, -33.251464251458387 ], [ -70.822512696725624, -33.25146833645092 ], [ -70.822530174737651, -33.251472174786663 ], [ -70.822547727172918, -33.251475765377897 ], [ -70.822565349057413, -33.251479107207111 ], [ -70.82487126417432, -33.251899272977248 ], [ -70.825114503645466, -33.251943591412122 ], [ -70.825123593182198, -33.25194531709132 ], [ -70.825132645680753, -33.251947175136891 ], [ -70.825141658410857, -33.251949164988389 ], [ -70.825150628654271, -33.251951286045724 ], [ -70.825159553705547, -33.251953537669145 ], [ -70.825168430872878, -33.251955919179558 ], [ -70.82517725747887, -33.251958429858718 ], [ -70.825186030861431, -33.251961068949385 ], [ -70.825194748374486, -33.251963835655602 ], [ -70.825203407388798, -33.251966729142922 ], [ -70.825212005292812, -33.251969748538656 ], [ -70.825220539493344, -33.251972892932173 ], [ -70.825229007416482, -33.251976161375097 ], [ -70.825237406508279, -33.251979552881672 ], [ -70.825245734235523, -33.251983066429005 ], [ -70.825253988086573, -33.251986700957382 ], [ -70.825262165572042, -33.25199045537066 ], [ -70.82527026422558, -33.251994328536476 ], [ -70.825278281604582, -33.251998319286656 ], [ -70.825286215290987, -33.252002426417619 ], [ -70.825294062891999, -33.252006648690632 ], [ -70.825301822040714, -33.252010984832239 ], [ -70.825309490396947, -33.252015433534638 ], [ -70.825301749328545, -33.252067284774178 ], [ -70.825293266793537, -33.252119054060685 ], [ -70.825110152790018, -33.253188946800201 ], [ -70.825109731124684, -33.253191267349521 ], [ -70.825109261588807, -33.253193581400637 ], [ -70.825108744323842, -33.253195888256464 ], [ -70.825108179485568, -33.253198187222097 ], [ -70.82510756724416, -33.253200477605041 ], [ -70.825106907784019, -33.253202758715346 ], [ -70.825106201303797, -33.253205029865875 ], [ -70.825105448016302, -33.253207290372458 ], [ -70.825104648148454, -33.253209539554199 ], [ -70.825103801941196, -33.253211776733522 ], [ -70.825102909649431, -33.253214001236564 ], [ -70.82510197154194, -33.253216212393205 ], [ -70.825100987901294, -33.253218409537382 ], [ -70.825099959023817, -33.253220592007239 ], [ -70.825098885219418, -33.253222759145338 ], [ -70.825097766811567, -33.253224910298883 ], [ -70.825096604137173, -33.253227044819859 ], [ -70.825095397546434, -33.253229162065303 ], [ -70.825094147402851, -33.25323126139741 ], [ -70.825092854082982, -33.253233342183805 ], [ -70.825091517976404, -33.253235403797675 ], [ -70.825090139485624, -33.253237445617998 ], [ -70.825088719025871, -33.253239467029736 ], [ -70.825087257025018, -33.253241467423933 ], [ -70.825085753923489, -33.25324344619802 ], [ -70.82508421017404, -33.25324540275593 ], [ -70.825082626241709, -33.253247336508302 ], [ -70.825081002603639, -33.253249246872585 ], [ -70.825079339748896, -33.253251133273359 ], [ -70.825077638178385, -33.25325299514234 ], [ -70.825075898404691, -33.253254831918674 ], [ -70.825074120951868, -33.253256643049099 ], [ -70.825072306355366, -33.25325842798803 ], [ -70.825070455161779, -33.253260186197743 ], [ -70.825068567928753, -33.253261917148663 ], [ -70.82506664522478, -33.253263620319359 ], [ -70.825064687629038, -33.253265295196734 ], [ -70.825062695731205, -33.253266941276301 ], [ -70.825060670131336, -33.253268558062217 ], [ -70.825058611439587, -33.253270145067432 ], [ -70.825056520276107, -33.253271701813887 ], [ -70.825054397270819, -33.253273227832651 ], [ -70.825052243063226, -33.253274722664003 ], [ -70.825050058302281, -33.2532761858577 ], [ -70.825047843646061, -33.25327761697293 ], [ -70.825045599761737, -33.253279015578642 ], [ -70.825043327325204, -33.253280381253482 ], [ -70.825041027021015, -33.253281713586105 ], [ -70.825038699542091, -33.253283012175132 ], [ -70.825036345589538, -33.253284276629422 ], [ -70.82503396587245, -33.253285506568062 ], [ -70.825031561107679, -33.253286701620539 ], [ -70.825029132019608, -33.253287861426884 ], [ -70.82502667933997, -33.253288985637717 ], [ -70.825024203807587, -33.253290073914371 ], [ -70.825021706168158, -33.253291125929046 ], [ -70.825019187174078, -33.253292141364852 ], [ -70.825016647584135, -33.253293119915867 ], [ -70.825014088163329, -33.253294061287335 ], [ -70.825011509682682, -33.253294965195686 ], [ -70.825008912918889, -33.253295831368639 ], [ -70.825006298654174, -33.253296659545271 ], [ -70.825003667676043, -33.253297449476094 ], [ -70.825001020777052, -33.253298200923162 ], [ -70.824998358754527, -33.253298913660132 ], [ -70.824995682410332, -33.25329958747227 ], [ -70.824992992550719, -33.253300222156611 ], [ -70.824990289985905, -33.25330081752201 ], [ -70.824987575530059, -33.253301373389064 ], [ -70.824984850000817, -33.253301889590347 ], [ -70.82498211421921, -33.253302365970384 ], [ -70.824979369009355, -33.253302802385633 ], [ -70.824976615198196, -33.253303198704678 ], [ -70.824973853615262, -33.253303554808092 ], [ -70.824971085092457, -33.253303870588617 ], [ -70.824968310463731, -33.253304145951148 ], [ -70.824965530564896, -33.253304380812715 ], [ -70.824962746233382, -33.253304575102568 ], [ -70.824959958307886, -33.25330472876221 ], [ -70.824957167628241, -33.253304841745326 ], [ -70.824954375035091, -33.253304914017882 ], [ -70.824951581369646, -33.253304945558121 ], [ -70.82494878747346, -33.253304936356528 ], [ -70.82494599418817, -33.253304886415883 ], [ -70.824943202355172, -33.253304795751227 ], [ -70.824940412815479, -33.253304664389887 ], [ -70.824937626409394, -33.253304492371406 ], [ -70.824934843976266, -33.25330427974761 ], [ -70.824932066354265, -33.253304026582555 ], [ -70.824929294380084, -33.253303732952503 ], [ -70.824926528888767, -33.253303398945889 ], [ -70.824923770713369, -33.25330302466336 ], [ -70.824921020684712, -33.253302610217624 ], [ -70.824918279631234, -33.25330215573355 ], [ -70.824915548378598, -33.253301661348047 ], [ -70.824912827749557, -33.253301127210015 ], [ -70.824910118563679, -33.253300553480379 ], [ -70.82490742163705, -33.253299940331956 ], [ -70.824904737782063, -33.253299287949439 ], [ -70.824902067807187, -33.253298596529362 ], [ -70.824899412516729, -33.253297866279986 ], [ -70.824896772710517, -33.25329709742131 ], [ -70.824894149183763, -33.25329629018492 ], [ -70.82489154272676, -33.253295444813993 ], [ -70.824888954124674, -33.25329456156318 ], [ -70.824886384157253, -33.253293640698551 ], [ -70.824883833598676, -33.253292682497474 ], [ -70.824881303217254, -33.253291687248634 ], [ -70.824878793775198, -33.253290655251796 ], [ -70.824876306028472, -33.25328958681785 ], [ -70.822045562097003, -33.252047642544078 ] ] ] ] } },
{ "type": "Feature", "properties": { "fid": "73", "Area": 48616.73 }, "geometry": { "type": "MultiPolygon", "coordinates": [ [ [ [ -70.821066022245418, -33.253211441006883 ], [ -70.821745809230023, -33.252207109709431 ], [ -70.821746842686721, -33.252205613361127 ], [ -70.821747907048959, -33.252204132385536 ], [ -70.821749001992913, -33.252202667233234 ], [ -70.821750127185425, -33.252201218349981 ], [ -70.821751282284197, -33.252199786176604 ], [ -70.821752466937767, -33.252198371148786 ], [ -70.821753680785733, -33.252196973697089 ], [ -70.821754923458784, -33.252195594246651 ], [ -70.821756194578853, -33.252194233217146 ], [ -70.821757493759179, -33.252192891022702 ], [ -70.821758820604529, -33.25219156807163 ], [ -70.821760174711216, -33.25219026476644 ], [ -70.821761555667237, -33.252188981503657 ], [ -70.821762963052478, -33.252187718673703 ], [ -70.821764396438724, -33.252186476660761 ], [ -70.821765855389899, -33.252185255842747 ], [ -70.821767339462099, -33.252184056591041 ], [ -70.821768848203845, -33.252182879270535 ], [ -70.821770381156099, -33.252181724239414 ], [ -70.821771937852446, -33.252180591849083 ], [ -70.82177351781931, -33.252179482444056 ], [ -70.821775120575964, -33.252178396361877 ], [ -70.821776745634807, -33.252177333932963 ], [ -70.821778392501429, -33.25217629548056 ], [ -70.821780060674755, -33.252175281320611 ], [ -70.821781749647272, -33.252174291761634 ], [ -70.821783458905131, -33.252173327104735 ], [ -70.821785187928299, -33.252172387643391 ], [ -70.821786936190733, -33.252171473663431 ], [ -70.821788703160536, -33.252170585442904 ], [ -70.82179048830011, -33.252169723252038 ], [ -70.821792291066345, -33.252168887353186 ], [ -70.821794110910787, -33.252168078000651 ], [ -70.821795947279739, -33.25216729544065 ], [ -70.821797799614501, -33.252166539911293 ], [ -70.821799667351527, -33.252165811642435 ], [ -70.821801549922554, -33.25216511085565 ], [ -70.821803446754842, -33.252164437764144 ], [ -70.821805357271288, -33.252163792572681 ], [ -70.821807280890638, -33.252163175477591 ], [ -70.821809217027635, -33.252162586666593 ], [ -70.821811165093237, -33.25216202631885 ], [ -70.821813124494753, -33.25216149460482 ], [ -70.821815094636051, -33.252160991686281 ], [ -70.821817074917746, -33.252160517716256 ], [ -70.821819064737326, -33.252160072838926 ], [ -70.821821063489423, -33.252159657189644 ], [ -70.821823070565927, -33.252159270894879 ], [ -70.82182508535621, -33.252158914072155 ], [ -70.821827107247287, -33.252158586830021 ], [ -70.821829135624, -33.252158289268039 ], [ -70.821831169869242, -33.252158021476774 ], [ -70.821833209364115, -33.252157783537648 ], [ -70.821835253488103, -33.252157575523078 ], [ -70.821837301619325, -33.252157397496362 ], [ -70.821839353134621, -33.25215724951164 ], [ -70.821841407409849, -33.252157131613949 ], [ -70.821843463820045, -33.252157043839148 ], [ -70.821845521739505, -33.252156986213954 ], [ -70.821847580542169, -33.25215695875589 ], [ -70.821849639601623, -33.252156961473318 ], [ -70.821851698291454, -33.252156994365386 ], [ -70.821853755985316, -33.252157057422117 ], [ -70.821855812057152, -33.252157150624328 ], [ -70.821857865881427, -33.252157273943631 ], [ -70.821859916833304, -33.252157427342553 ], [ -70.821861964288757, -33.252157610774383 ], [ -70.821864007624896, -33.252157824183335 ], [ -70.821866046220052, -33.252158067504453 ], [ -70.821868079453978, -33.252158340663748 ], [ -70.82187010670809, -33.252158643578078 ], [ -70.821872127365623, -33.252158976155314 ], [ -70.821874140811815, -33.252159338294256 ], [ -70.82187614643405, -33.252159729884724 ], [ -70.821878143622172, -33.25216015080759 ], [ -70.821880131768538, -33.252160600934786 ], [ -70.821882110268277, -33.252161080129369 ], [ -70.821884078519432, -33.252161588245535 ], [ -70.8218860359232, -33.252162125128699 ], [ -70.821887981884061, -33.252162690615528 ], [ -70.821889915809948, -33.252163284533978 ], [ -70.821891837112489, -33.252163906703323 ], [ -70.821893745207134, -33.252164556934325 ], [ -70.821895639513372, -33.252165235029111 ], [ -70.821897519454893, -33.252165940781396 ], [ -70.821899384459698, -33.252166673976468 ], [ -70.821901233960403, -33.252167434391232 ], [ -70.821903067394302, -33.252168221794371 ], [ -70.824966354395855, -33.25351218857184 ], [ -70.824968153369511, -33.253512994493057 ], [ -70.824969935510012, -33.253513826396471 ], [ -70.824971700285815, -33.253514684033973 ], [ -70.824973447170578, -33.253515567149769 ], [ -70.824975175643274, -33.253516475480481 ], [ -70.824976885188391, -33.253517408755165 ], [ -70.824978575296058, -33.253518366695488 ], [ -70.8249802454622, -33.253519349015754 ], [ -70.824981895188671, -33.253520355422957 ], [ -70.824983523983434, -33.253521385616963 ], [ -70.824985131360719, -33.253522439290499 ], [ -70.824986716841096, -33.253523516129292 ], [ -70.824988279951697, -33.253524615812175 ], [ -70.824989820226335, -33.253525738011191 ], [ -70.824991337205589, -33.253526882391625 ], [ -70.82499283043704, -33.253528048612147 ], [ -70.824994299475321, -33.253529236324958 ], [ -70.824995743882297, -33.253530445175791 ], [ -70.824997163227152, -33.253531674804144 ], [ -70.824998557086573, -33.253532924843213 ], [ -70.824999925044821, -33.253534194920249 ], [ -70.825001266693917, -33.253535484656382 ], [ -70.825002581633697, -33.253536793666981 ], [ -70.825003869471985, -33.253538121561611 ], [ -70.825005129824675, -33.253539467944243 ], [ -70.825006362315847, -33.2535408324133 ], [ -70.825007566577924, -33.25354221456184 ], [ -70.825008742251754, -33.253543613977619 ], [ -70.825009888986628, -33.253545030243259 ], [ -70.825011006440576, -33.253546462936363 ], [ -70.825012094280297, -33.253547911629624 ], [ -70.825013152181342, -33.253549375890955 ], [ -70.825014179828187, -33.253550855283649 ], [ -70.82501517691432, -33.253552349366473 ], [ -70.825016143142378, -33.253553857693817 ], [ -70.82501707822415, -33.253555379815793 ], [ -70.825017981880777, -33.253556915278452 ], [ -70.825018853842721, -33.253558463623826 ], [ -70.825019693849924, -33.253560024390111 ], [ -70.825020501651835, -33.253561597111819 ], [ -70.825021277007522, -33.253563181319876 ], [ -70.825022019685761, -33.253564776541786 ], [ -70.825022729465005, -33.253566382301756 ], [ -70.825023406133582, -33.253567998120879 ], [ -70.825024049489684, -33.25356962351723 ], [ -70.825024659341409, -33.253571258006041 ], [ -70.825025235506843, -33.253572901099801 ], [ -70.825025777814176, -33.253574552308471 ], [ -70.825026286101661, -33.253576211139553 ], [ -70.825026760217682, -33.253577877098294 ], [ -70.825027200020841, -33.253579549687849 ], [ -70.825027605379944, -33.253581228409331 ], [ -70.825027976174113, -33.253582912762077 ], [ -70.825028312292744, -33.253584602243713 ], [ -70.825028613635581, -33.253586296350342 ], [ -70.825028880112754, -33.253587994576705 ], [ -70.825029111644795, -33.253589696416292 ], [ -70.825029308162613, -33.253591401361525 ], [ -70.825029469607642, -33.253593108903914 ], [ -70.825029595931682, -33.253594818534125 ], [ -70.825029687097086, -33.253596529742346 ], [ -70.825029743076641, -33.253598242018121 ], [ -70.825029763853664, -33.253599954850806 ], [ -70.825029749421944, -33.253601667729512 ], [ -70.825029699785787, -33.253603380143403 ], [ -70.825029614960002, -33.253605091581704 ], [ -70.825029494969883, -33.253606801534005 ], [ -70.825029339851213, -33.253608509490299 ], [ -70.825029149650248, -33.253610214941183 ], [ -70.825028924423734, -33.253611917378002 ], [ -70.825028664238829, -33.253613616292995 ], [ -70.825028369173125, -33.253615311179445 ], [ -70.825028039314631, -33.253617001531872 ], [ -70.825027674761742, -33.253618686846103 ], [ -70.825027275623157, -33.253620366619487 ], [ -70.825026842017948, -33.253622040351026 ], [ -70.825016084283718, -33.2536604284589 ], [ -70.825004571079646, -33.253698661556108 ], [ -70.824992305564948, -33.25373672914823 ], [ -70.824979291105365, -33.253774620786182 ], [ -70.824965531272213, -33.253812326069202 ], [ -70.824951029841429, -33.25384983464766 ], [ -70.824935790792509, -33.253887136225892 ], [ -70.824919818307464, -33.253924220565082 ], [ -70.824903116769605, -33.253961077485954 ], [ -70.8248856907624, -33.253997696871728 ], [ -70.824867545068159, -33.254034068670748 ], [ -70.824848684666804, -33.254070182899355 ], [ -70.824829114734428, -33.254106029644518 ], [ -70.824808840641893, -33.254141599066685 ], [ -70.823763459821478, -33.254276230400166 ], [ -70.823753925713561, -33.254277334167199 ], [ -70.823744370810658, -33.254278302716443 ], [ -70.823734797829289, -33.254279135772506 ], [ -70.823725209491045, -33.254279833098558 ], [ -70.823715608521937, -33.254280394496369 ], [ -70.82370599765153, -33.254280819806304 ], [ -70.82369637961223, -33.254281108907456 ], [ -70.823686757138489, -33.254281261717622 ], [ -70.823677132965997, -33.254281278193375 ], [ -70.823667509830912, -33.254281158330024 ], [ -70.823657890469136, -33.254280902161618 ], [ -70.823648277615476, -33.254280509761017 ], [ -70.823638674002893, -33.254279981239769 ], [ -70.823629082361734, -33.254279316748132 ], [ -70.823619505418904, -33.254278516475011 ], [ -70.823609945897175, -33.254277580647944 ], [ -70.823600406514316, -33.254276509532978 ], [ -70.823590889982455, -33.254275303434625 ], [ -70.823581399007125, -33.254273962695791 ], [ -70.823571936286626, -33.254272487697648 ], [ -70.823562504511287, -33.254270878859543 ], [ -70.823553106362539, -33.254269136638868 ], [ -70.823543744512307, -33.254267261530941 ], [ -70.823534421622199, -33.254265254068848 ], [ -70.823525140342724, -33.254263114823331 ], [ -70.822602852290828, -33.254090896525121 ], [ -70.822584770109486, -33.254087381845338 ], [ -70.82256676297537, -33.25408360495986 ], [ -70.822548836274237, -33.254079566998328 ], [ -70.822530995367856, -33.254075269168439 ], [ -70.82251324559229, -33.254070712755656 ], [ -70.822495592256331, -33.254065899122736 ], [ -70.822478040639936, -33.254060829709417 ], [ -70.822460595992681, -33.254055506031889 ], [ -70.82244326353208, -33.254049929682445 ], [ -70.822426048442125, -33.254044102328905 ], [ -70.82240895587168, -33.254038025714195 ], [ -70.822391990932985, -33.254031701655762 ], [ -70.822375158700112, -33.254025132045072 ], [ -70.822358464207383, -33.254018318847052 ], [ -70.822341912447982, -33.254011264099461 ], [ -70.822325508372344, -33.254003969912318 ], [ -70.822309256886797, -33.253996438467247 ], [ -70.822293162851949, -33.253988672016838 ], [ -70.822277231081387, -33.253980672883948 ], [ -70.822261466340123, -33.253972443461059 ], [ -70.822245873343192, -33.253963986209513 ], [ -70.822230456754284, -33.253955303658813 ], [ -70.822215221184322, -33.253946398405809 ], [ -70.82220017119009, -33.253937273113976 ], [ -70.822185311272847, -33.253927930512617 ], [ -70.821066022245418, -33.253211441006883 ] ] ] ] } },
{ "type": "Feature", "properties": { "fid": "74", "Area": 45352.918 }, "geometry": { "type": "MultiPolygon", "coordinates": [ [ [ [ -70.820929515866609, -33.254983346924057 ], [ -70.820882995739495, -33.254953792627717 ], [ -70.820835883160811, -33.254924908426247 ], [ -70.820788191802919, -33.25489670270175 ], [ -70.820739935506168, -33.254869183639414 ], [ -70.82069112827476, -33.254842359225186 ], [ -70.82064178427278, -33.254816237243418 ], [ -70.820591917819954, -33.25479082527459 ], [ -70.820541543387691, -33.254766130693177 ], [ -70.820490675594712, -33.254742160665415 ], [ -70.820439329202884, -33.254718922147305 ], [ -70.820387519112941, -33.254696421882585 ], [ -70.820335260360139, -33.254674666400703 ], [ -70.820282568109889, -33.254653662014995 ], [ -70.820229457653383, -33.254633414820859 ], [ -70.820175944403118, -33.254613930693928 ], [ -70.820122043888489, -33.254595215288383 ], [ -70.820067771751226, -33.254577274035341 ], [ -70.820065165072251, -33.254576411856689 ], [ -70.820062576645142, -33.254575511697588 ], [ -70.820060007253758, -33.254574573830638 ], [ -70.820057457676199, -33.254573598539892 ], [ -70.820054928684598, -33.254572586120659 ], [ -70.820052421044821, -33.254571536879581 ], [ -70.820049935516252, -33.254570451134384 ], [ -70.820047472851641, -33.254569329213872 ], [ -70.820045033796745, -33.254568171457812 ], [ -70.820042619090231, -33.254566978216829 ], [ -70.820040229463331, -33.254565749852254 ], [ -70.820037865639733, -33.254564486736101 ], [ -70.820035528335296, -33.254563189250881 ], [ -70.820033218257834, -33.254561857789533 ], [ -70.820030936106917, -33.254560492755274 ], [ -70.820028682573678, -33.254559094561479 ], [ -70.820026458340578, -33.254557663631566 ], [ -70.820024264081184, -33.254556200398888 ], [ -70.820022100460008, -33.254554705306575 ], [ -70.820019968132272, -33.254553178807377 ], [ -70.820017867743715, -33.254551621363575 ], [ -70.820015799930417, -33.254550033446847 ], [ -70.820013765318606, -33.254548415538061 ], [ -70.820011764524409, -33.254546768127184 ], [ -70.820009798153762, -33.254545091713112 ], [ -70.820007866802158, -33.254543386803519 ], [ -70.820005971054471, -33.254541653914714 ], [ -70.820004111484792, -33.254539893571497 ], [ -70.820002288656298, -33.25453810630696 ], [ -70.820000503120966, -33.254536292662358 ], [ -70.819998755419562, -33.254534453186928 ], [ -70.819997046081326, -33.254532588437712 ], [ -70.819995375623918, -33.254530698979458 ], [ -70.819993744553216, -33.254528785384352 ], [ -70.81999215336316, -33.25452684823189 ], [ -70.81999060253564, -33.25452488810874 ], [ -70.819989092540268, -33.254522905608489 ], [ -70.819987623834351, -33.25452090133151 ], [ -70.819986196862644, -33.25451887588477 ], [ -70.819984812057314, -33.254516829881666 ], [ -70.819983469837695, -33.254514763941778 ], [ -70.819982170610302, -33.25451267869078 ], [ -70.819980914768536, -33.254510574760147 ], [ -70.819979702692763, -33.254508452787043 ], [ -70.819978534749993, -33.254506313414055 ], [ -70.819977411293948, -33.254504157289077 ], [ -70.819976332664837, -33.254501985065083 ], [ -70.819975299189323, -33.254499797399873 ], [ -70.819974311180346, -33.254497594955986 ], [ -70.819973368937141, -33.254495378400371 ], [ -70.81997247274505, -33.254493148404308 ], [ -70.819971622875443, -33.254490905643117 ], [ -70.81997081958572, -33.25448865079597 ], [ -70.819970063119115, -33.254486384545764 ], [ -70.819969353704735, -33.254484107578755 ], [ -70.819968691557392, -33.25448182058453 ], [ -70.819968076877601, -33.254479524255643 ], [ -70.819967509851551, -33.25447721928753 ], [ -70.819966990650911, -33.254474906378228 ], [ -70.81996651943291, -33.254472586228147 ], [ -70.819966096340281, -33.254470259539943 ], [ -70.81996572150112, -33.254467927018212 ], [ -70.819965395028944, -33.254465589369303 ], [ -70.819965117022619, -33.254463247301182 ], [ -70.819964887566329, -33.254460901523089 ], [ -70.819964706729579, -33.254458552745419 ], [ -70.819964574567095, -33.254456201679474 ], [ -70.81996449111891, -33.254453849037233 ], [ -70.819964456410304, -33.254451495531178 ], [ -70.819964470451765, -33.254449141874026 ], [ -70.819964533239045, -33.254446788778537 ], [ -70.819964644753128, -33.254444436957364 ], [ -70.819964804960236, -33.254442087122655 ], [ -70.819965013811881, -33.25443973998609 ], [ -70.819965271244754, -33.254437396258439 ], [ -70.819965577180909, -33.254435056649463 ], [ -70.819965931527705, -33.254432721867694 ], [ -70.819966334177849, -33.254430392620193 ], [ -70.819966785009356, -33.254428069612331 ], [ -70.819967283885717, -33.254425753547608 ], [ -70.819967830655855, -33.254423445127415 ], [ -70.819968425154187, -33.254421145050813 ], [ -70.819969067200645, -33.254418854014354 ], [ -70.819969756600813, -33.254416572711847 ], [ -70.819970493145902, -33.254414301834181 ], [ -70.819971276612861, -33.254412042069013 ], [ -70.819972106764439, -33.254409794100702 ], [ -70.819972983349203, -33.254407558610033 ], [ -70.819973906101708, -33.254405336273976 ], [ -70.819974874742499, -33.254403127765542 ], [ -70.819975888978234, -33.254400933753551 ], [ -70.819976948501761, -33.254398754902418 ], [ -70.819978052992226, -33.254396591871981 ], [ -70.819979202115135, -33.254394445317295 ], [ -70.819980395522478, -33.254392315888389 ], [ -70.819981632852858, -33.254390204230184 ], [ -70.819982913731565, -33.254388110982106 ], [ -70.819984237770697, -33.254386036778094 ], [ -70.819985604569283, -33.254383982246303 ], [ -70.819987013713401, -33.254381948008898 ], [ -70.819988464776316, -33.254379934681928 ], [ -70.819989957318583, -33.254377942875109 ], [ -70.819991490888199, -33.254375973191635 ], [ -70.819993065020753, -33.25437402622795 ], [ -70.819994679239542, -33.254372102573733 ], [ -70.819996333055698, -33.254370202811508 ], [ -70.819998025968388, -33.254368327516573 ], [ -70.819999757464956, -33.254366477256859 ], [ -70.820001527021034, -33.254364652592685 ], [ -70.820003334100704, -33.254362854076611 ], [ -70.820005178156748, -33.254361082253311 ], [ -70.820007058630708, -33.254359337659352 ], [ -70.820008974953097, -33.25435762082305 ], [ -70.820136231582509, -33.254245581103241 ], [ -70.820415009736635, -33.254000136859929 ], [ -70.820454657227017, -33.253964631224889 ], [ -70.820493581463623, -33.253928565110556 ], [ -70.820531771224864, -33.25389194891541 ], [ -70.820569215500953, -33.253854793196517 ], [ -70.820605903497082, -33.253817108666503 ], [ -70.820641824636553, -33.253778906190433 ], [ -70.820676968563745, -33.253740196782687 ], [ -70.820711325147229, -33.253700991603758 ], [ -70.821131876135297, -33.254019891918006 ], [ -70.82114567088648, -33.254030173001141 ], [ -70.821159673851042, -33.254040253425316 ], [ -70.821173880894804, -33.254050130214381 ], [ -70.821188287823347, -33.25405980045231 ], [ -70.821202890383177, -33.254069261284045 ], [ -70.821217684263132, -33.254078509916368 ], [ -70.821232665095479, -33.254087543618731 ], [ -70.821247828457331, -33.254096359723981 ], [ -70.821263169871855, -33.254104955629273 ], [ -70.821278684809698, -33.254113328796741 ], [ -70.821294368690261, -33.254121476754271 ], [ -70.82131021688302, -33.25412939709625 ], [ -70.82132622470904, -33.254137087484281 ], [ -70.821342387442101, -33.254144545647854 ], [ -70.821358700310398, -33.25415176938499 ], [ -70.821375158497659, -33.254158756562944 ], [ -70.821391757144809, -33.254165505118856 ], [ -70.821408491351249, -33.25417201306022 ], [ -70.821425356176377, -33.254178278465659 ], [ -70.821442346640978, -33.25418429948536 ], [ -70.821459457728821, -33.254190074341658 ], [ -70.821476684387974, -33.254195601329577 ], [ -70.82149402153243, -33.254200878817365 ], [ -70.821511464043553, -33.254205905246828 ], [ -70.821529006771598, -33.254210679133983 ], [ -70.821546644537207, -33.254215199069399 ], [ -70.821564372132983, -33.254219463718591 ], [ -70.82158218432501, -33.254223471822449 ], [ -70.821600075854363, -33.254227222197613 ], [ -70.821618041438711, -33.25423071373686 ], [ -70.821636075773853, -33.254233945409304 ], [ -70.823517239958264, -33.254556855090833 ], [ -70.823535331042493, -33.254560097058238 ], [ -70.823553352933985, -33.254563600522268 ], [ -70.823571300278701, -33.254567364442096 ], [ -70.823589167744714, -33.254571387699443 ], [ -70.82360695002393, -33.254575669099147 ], [ -70.823624641833433, -33.254580207369216 ], [ -70.823642237917241, -33.254585001161388 ], [ -70.823659733047847, -33.254590049051522 ], [ -70.823677122027647, -33.254595349539926 ], [ -70.823694399690638, -33.254600901051909 ], [ -70.82371156090386, -33.254606701938215 ], [ -70.823728600568955, -33.254612750475452 ], [ -70.823745513623649, -33.254619044866686 ], [ -70.823762295043309, -33.254625583241953 ], [ -70.823778939842398, -33.254632363658786 ], [ -70.823795443075937, -33.254639384102816 ], [ -70.823811799841053, -33.254646642488353 ], [ -70.823828005278315, -33.254654136659063 ], [ -70.8238440545733, -33.254661864388481 ], [ -70.823859942957966, -33.254669823380858 ], [ -70.823875665712038, -33.254678011271658 ], [ -70.823891218164476, -33.254686425628343 ], [ -70.823906595694808, -33.254695063951175 ], [ -70.823921793734542, -33.25470392367378 ], [ -70.823936807768504, -33.254713002164053 ], [ -70.823951633336151, -33.254722296724935 ], [ -70.823966266032983, -33.254731804595103 ], [ -70.823980701511744, -33.254741522949907 ], [ -70.82399493548381, -33.25475144890212 ], [ -70.82400896372036, -33.254761579502905 ], [ -70.824022782053746, -33.25477191174258 ], [ -70.824036386378637, -33.254782442551559 ], [ -70.824049772653325, -33.254793168801292 ], [ -70.824062936900788, -33.254804087305125 ], [ -70.82407587521007, -33.254815194819329 ], [ -70.824088583737236, -33.254826488043975 ], [ -70.824101058706702, -33.254837963624006 ], [ -70.824113296412207, -33.25484961815016 ], [ -70.824125293217975, -33.254861448160007 ], [ -70.824137045559823, -33.254873450139009 ], [ -70.824148549946173, -33.254885620521534 ], [ -70.824159802959102, -33.254897955691888 ], [ -70.823151079622306, -33.255898548983858 ], [ -70.823149271350218, -33.255900311680776 ], [ -70.823147427249694, -33.255902047978289 ], [ -70.823145547866631, -33.255903757362383 ], [ -70.823143633757354, -33.255905439327044 ], [ -70.823141685488508, -33.255907093374361 ], [ -70.823139703636841, -33.255908719014691 ], [ -70.823137688789018, -33.255910315766805 ], [ -70.823135641541498, -33.255911883158007 ], [ -70.823133562500303, -33.255913420724326 ], [ -70.823131452280904, -33.25591492801059 ], [ -70.823129311507969, -33.255916404570584 ], [ -70.823127140815231, -33.25591784996724 ], [ -70.823124940845275, -33.255919263772647 ], [ -70.823122712249329, -33.25592064556831 ], [ -70.82312045568716, -33.255921994945147 ], [ -70.823118171826735, -33.255923311503736 ], [ -70.823115861344149, -33.255924594854328 ], [ -70.823113524923372, -33.255925844616996 ], [ -70.823111163256058, -33.255927060421811 ], [ -70.823108777041313, -33.255928241908833 ], [ -70.823106366985499, -33.255929388728319 ], [ -70.823103933802088, -33.255930500540771 ], [ -70.82310147821137, -33.255931577017087 ], [ -70.823099000940246, -33.255932617838582 ], [ -70.823096502722066, -33.255933622697128 ], [ -70.823093984296378, -33.255934591295286 ], [ -70.823091446408711, -33.255935523346317 ], [ -70.823088889810322, -33.255936418574294 ], [ -70.823086315258053, -33.255937276714214 ], [ -70.823083723514046, -33.25593809751205 ], [ -70.823081115345516, -33.255938880724834 ], [ -70.823078491524569, -33.255939626120671 ], [ -70.823075852827913, -33.255940333478954 ], [ -70.823073200036674, -33.255941002590234 ], [ -70.823070533936161, -33.255941633256477 ], [ -70.823067855315614, -33.25594222529098 ], [ -70.823065164967971, -33.255942778518452 ], [ -70.823062463689666, -33.255943292775164 ], [ -70.823059752280315, -33.25594376790886 ], [ -70.823057031542632, -33.255944203778888 ], [ -70.82305430228196, -33.255944600256235 ], [ -70.823051565306287, -33.255944957223505 ], [ -70.823048821425829, -33.255945274575033 ], [ -70.823046071452836, -33.255945552216907 ], [ -70.823043316201364, -33.255945790066896 ], [ -70.823040556487086, -33.255945988054613 ], [ -70.8230377931269, -33.255946146121431 ], [ -70.823035026938882, -33.255946264220569 ], [ -70.823032258741875, -33.255946342317053 ], [ -70.823029489355363, -33.25594638038779 ], [ -70.823026719599156, -33.255946378421484 ], [ -70.823023950293162, -33.255946336418731 ], [ -70.823021182257193, -33.255946254391972 ], [ -70.823018416310646, -33.255946132365473 ], [ -70.823015653272336, -33.255945970375357 ], [ -70.823012893960197, -33.255945768469587 ], [ -70.823010139191055, -33.255945526707926 ], [ -70.823007389780386, -33.255945245161953 ], [ -70.823004646542117, -33.255944923914988 ], [ -70.823001910288312, -33.255944563062165 ], [ -70.82299918182899, -33.255944162710286 ], [ -70.822996461971826, -33.255943722977861 ], [ -70.822993751521992, -33.25594324399507 ], [ -70.822991051281861, -33.255942725903694 ], [ -70.822988362050751, -33.255942168857132 ], [ -70.822985684624783, -33.255941573020252 ], [ -70.822983019796538, -33.255940938569459 ], [ -70.822675953246176, -33.255865427167272 ], [ -70.822620656554022, -33.255851402376379 ], [ -70.822565649376997, -33.255836595742096 ], [ -70.822510947374667, -33.255821011479597 ], [ -70.822456566119754, -33.255804654025425 ], [ -70.822402521093593, -33.255787528036258 ], [ -70.822348827681836, -33.255769638387548 ], [ -70.822295501169933, -33.255750990172139 ], [ -70.822242556738942, -33.255731588698858 ], [ -70.822190009461053, -33.255711439490923 ], [ -70.822137874295379, -33.255690548284441 ], [ -70.822086166083722, -33.255668921026768 ], [ -70.822034899546253, -33.255646563874762 ], [ -70.821984089277393, -33.255623483193126 ], [ -70.82193374974166, -33.255599685552447 ], [ -70.821883895269508, -33.255575177727493 ], [ -70.82183454005326, -33.255549966695142 ], [ -70.821785698143088, -33.255524059632528 ], [ -70.821737383442979, -33.255497463914892 ], [ -70.821689609706866, -33.255470187113467 ], [ -70.821642390534549, -33.255442236993474 ], [ -70.821595739367964, -33.255413621511728 ], [ -70.821549669487311, -33.255384348814466 ], [ -70.820929515866609, -33.254983346924057 ] ] ] ] } },
{ "type": "Feature", "properties": { "fid": "75", "Area": 12053.729 }, "geometry": { "type": "MultiPolygon", "coordinates": [ [ [ [ -70.823403697141245, -33.255899087585135 ], [ -70.824282538298732, -33.255027327079816 ], [ -70.82475824772412, -33.25553062289633 ], [ -70.824763950443256, -33.255536764473518 ], [ -70.824769526019338, -33.255542987912513 ], [ -70.824774972787949, -33.255549291355528 ], [ -70.82478028912314, -33.255555672920899 ], [ -70.824785473437885, -33.255562130703659 ], [ -70.824790524184536, -33.255568662776064 ], [ -70.824795439855393, -33.255575267188213 ], [ -70.824800218983015, -33.255581941968579 ], [ -70.824804860140745, -33.255588685124664 ], [ -70.824809361943096, -33.255595494643536 ], [ -70.824813723046177, -33.255602368492482 ], [ -70.824817942148115, -33.255609304619519 ], [ -70.824822017989419, -33.255616300954166 ], [ -70.824825949353368, -33.255623355407884 ], [ -70.824829735066345, -33.255630465874845 ], [ -70.824833373998231, -33.255637630232464 ], [ -70.824836865062721, -33.255644846342079 ], [ -70.824840207217648, -33.255652112049553 ], [ -70.824843399465294, -33.255659425186018 ], [ -70.824846440852681, -33.255666783568373 ], [ -70.824849330471906, -33.255674185000025 ], [ -70.824852067460299, -33.255681627271564 ], [ -70.824854651000805, -33.255689108161349 ], [ -70.824857080322161, -33.255696625436215 ], [ -70.824859354699143, -33.255704176852163 ], [ -70.824861473452771, -33.255711760154973 ], [ -70.824863435950547, -33.255719373080929 ], [ -70.824865241606545, -33.255727013357443 ], [ -70.824866889881761, -33.255734678703789 ], [ -70.824868380284101, -33.255742366831733 ], [ -70.824869712368596, -33.255750075446279 ], [ -70.824870885737596, -33.255757802246265 ], [ -70.824871900040762, -33.255765544925119 ], [ -70.824872754975274, -33.255773301171551 ], [ -70.824873450285892, -33.255781068670203 ], [ -70.824873985764981, -33.255788845102323 ], [ -70.824874361252668, -33.255796628146577 ], [ -70.82487457663683, -33.25580441547956 ], [ -70.824874631853135, -33.25581220477666 ], [ -70.824874526885026, -33.255819993712628 ], [ -70.824874261763824, -33.255827779962331 ], [ -70.824873836568599, -33.255835561201479 ], [ -70.824873251426268, -33.255843335107244 ], [ -70.824872506511468, -33.255851099358978 ], [ -70.824871602046485, -33.255858851638934 ], [ -70.824870538301283, -33.255866589632909 ], [ -70.824869315593403, -33.255874311031 ], [ -70.824799869661774, -33.256285646229252 ], [ -70.824798532401118, -33.256293116296085 ], [ -70.824797046356366, -33.256300566489671 ], [ -70.824795411944706, -33.256307994718384 ], [ -70.824793629624949, -33.25631539889671 ], [ -70.82479169989746, -33.256322776945964 ], [ -70.824789623303957, -33.256330126794715 ], [ -70.824787400427411, -33.256337446379504 ], [ -70.824785031891878, -33.256344733645356 ], [ -70.824782518362269, -33.25635198654637 ], [ -70.82477986054424, -33.25635920304628 ], [ -70.824777059183916, -33.256366381119051 ], [ -70.824774115067783, -33.25637351874942 ], [ -70.82477102902233, -33.256380613933509 ], [ -70.823460618117451, -33.256058384021451 ], [ -70.823458646658906, -33.256057883501164 ], [ -70.82345668589295, -33.256057354162088 ], [ -70.823454736416323, -33.256056796165282 ], [ -70.823452798822359, -33.256056209680601 ], [ -70.82345087370075, -33.25605559488654 ], [ -70.823448961637411, -33.256054951970171 ], [ -70.823447063214246, -33.256054281127192 ], [ -70.823445179009084, -33.256053582561783 ], [ -70.823443309595319, -33.256052856486534 ], [ -70.823441455541953, -33.256052103122421 ], [ -70.823439617413229, -33.256051322698738 ], [ -70.823437795768598, -33.256050515453019 ], [ -70.823435991162455, -33.256049681630913 ], [ -70.823434204144036, -33.256048821486203 ], [ -70.823432435257189, -33.256047935280698 ], [ -70.823430685040336, -33.256047023284076 ], [ -70.82342895402607, -33.256046085773924 ], [ -70.823427242741275, -33.256045123035555 ], [ -70.823425551706748, -33.256044135361975 ], [ -70.823423881437165, -33.256043123053821 ], [ -70.823422232440862, -33.256042086419114 ], [ -70.82342060521971, -33.256041025773413 ], [ -70.823419000268927, -33.256039941439496 ], [ -70.823417418077, -33.256038833747382 ], [ -70.823415859125447, -33.256037703034195 ], [ -70.823414323888755, -33.256036549644058 ], [ -70.823412812834135, -33.256035373928 ], [ -70.823411326421493, -33.256034176243851 ], [ -70.823409865103216, -33.256032956956126 ], [ -70.823408429324033, -33.25603171643592 ], [ -70.823407019520928, -33.256030455060767 ], [ -70.82340563612297, -33.256029173214579 ], [ -70.823404279551184, -33.256027871287458 ], [ -70.823402950218465, -33.256026549675646 ], [ -70.823401648529341, -33.256025208781395 ], [ -70.823400374880023, -33.256023849012784 ], [ -70.823399129658114, -33.256022470783648 ], [ -70.823397913242601, -33.256021074513463 ], [ -70.823396726003708, -33.256019660627196 ], [ -70.823395568302743, -33.256018229555103 ], [ -70.823394440492066, -33.256016781732775 ], [ -70.823393342914898, -33.256015317600841 ], [ -70.823392275905292, -33.256013837604904 ], [ -70.823391239788009, -33.25601234219539 ], [ -70.823390234878374, -33.256010831827417 ], [ -70.823389261482205, -33.256009306960678 ], [ -70.82338831989577, -33.256007768059249 ], [ -70.823387410405658, -33.256006215591498 ], [ -70.823386533288613, -33.256004650029908 ], [ -70.823385688811626, -33.256003071850962 ], [ -70.823384877231689, -33.256001481534959 ], [ -70.823384098795827, -33.25599987956592 ], [ -70.823383353740908, -33.255998266431398 ], [ -70.823382642293723, -33.255996642622328 ], [ -70.823381964670801, -33.255995008632922 ], [ -70.823381321078344, -33.255993364960496 ], [ -70.823380711712232, -33.255991712105271 ], [ -70.823380136757933, -33.255990050570311 ], [ -70.823379596390424, -33.255988380861268 ], [ -70.823379090774168, -33.255986703486336 ], [ -70.823378620063039, -33.255985018956032 ], [ -70.823378184400298, -33.255983327782999 ], [ -70.823377783918531, -33.255981630481962 ], [ -70.823377418739625, -33.255979927569491 ], [ -70.823377088974709, -33.255978219563843 ], [ -70.823376794724169, -33.255976506984886 ], [ -70.823376536077532, -33.255974790353797 ], [ -70.823376313113528, -33.255973070193022 ], [ -70.823376125899998, -33.255971347026126 ], [ -70.823375974493942, -33.25596962137751 ], [ -70.823375858941404, -33.2559678937724 ], [ -70.823375779277583, -33.255966164736549 ], [ -70.82337573552671, -33.255964434796219 ], [ -70.8233757277021, -33.255962704477902 ], [ -70.823375755806126, -33.255960974308202 ], [ -70.823375819830233, -33.255959244813702 ], [ -70.823375919754938, -33.255957516520759 ], [ -70.823376055549829, -33.255955789955394 ], [ -70.823376227173554, -33.255954065643046 ], [ -70.823376434573916, -33.255952344108529 ], [ -70.823376677687776, -33.255950625875769 ], [ -70.823376956441123, -33.255948911467719 ], [ -70.823377270749134, -33.255947201406144 ], [ -70.82337762051614, -33.255945496211503 ], [ -70.823378005635689, -33.255943796402761 ], [ -70.823378425990583, -33.255942102497237 ], [ -70.823378881452882, -33.255940415010478 ], [ -70.823379371883945, -33.255938734456073 ], [ -70.823379897134544, -33.255937061345463 ], [ -70.823380457044792, -33.255935396187894 ], [ -70.823381051444301, -33.255933739490111 ], [ -70.823381680152139, -33.255932091756335 ], [ -70.82338234297697, -33.255930453488062 ], [ -70.823383039717058, -33.255928825183879 ], [ -70.82338377016039, -33.255927207339361 ], [ -70.82338453408461, -33.255925600446872 ], [ -70.823385331257242, -33.255924004995506 ], [ -70.82338616143565, -33.255922421470792 ], [ -70.823387024367193, -33.255920850354684 ], [ -70.823387919789212, -33.255919292125348 ], [ -70.823388847429229, -33.255917747257023 ], [ -70.823389807004887, -33.25591621621988 ], [ -70.823390798224139, -33.255914699479888 ], [ -70.823391820785318, -33.255913197498664 ], [ -70.823392874377234, -33.255911710733308 ], [ -70.823393958679176, -33.255910239636329 ], [ -70.823395073361183, -33.25590878465546 ], [ -70.823396218084, -33.255907346233506 ], [ -70.823397392499203, -33.255905924808246 ], [ -70.823398596249405, -33.255904520812287 ], [ -70.823399828968221, -33.255903134672913 ], [ -70.82340109028047, -33.255901766812016 ], [ -70.823402379802317, -33.255900417645883 ], [ -70.823403697141245, -33.255899087585135 ] ] ] ] } },
{ "type": "Feature", "properties": { "fid": "76", "Area": 7378.575 }, "geometry": { "type": "MultiPolygon", "coordinates": [ [ [ [ -70.823009668227598, -33.256289934435081 ], [ -70.823010994301541, -33.256288641791961 ], [ -70.823012346649676, -33.256287368508424 ], [ -70.823013724871672, -33.25628611496137 ], [ -70.823015128559533, -33.256284881521893 ], [ -70.823016557297748, -33.256283668555113 ], [ -70.823018010663347, -33.256282476420111 ], [ -70.823019488226123, -33.256281305469777 ], [ -70.823020989548667, -33.256280156050778 ], [ -70.823022514186547, -33.256279028503307 ], [ -70.823024061688415, -33.256277923161221 ], [ -70.823025631596195, -33.256276840351674 ], [ -70.823027223445138, -33.256275780395221 ], [ -70.82302883676401, -33.256274743605658 ], [ -70.823030471075256, -33.25627373028987 ], [ -70.82303212589504, -33.256272740747846 ], [ -70.823033800733512, -33.256271775272502 ], [ -70.823035495094871, -33.256270834149653 ], [ -70.823037208477544, -33.256269917657903 ], [ -70.823038940374317, -33.256269026068523 ], [ -70.823040690272521, -33.256268159645494 ], [ -70.823042457654125, -33.256267318645257 ], [ -70.823044241995945, -33.256266503316787 ], [ -70.823046042769775, -33.256265713901449 ], [ -70.823047859442525, -33.256264950632925 ], [ -70.823049691476427, -33.256264213737161 ], [ -70.823051538329139, -33.256263503432294 ], [ -70.823053399453954, -33.256262819928601 ], [ -70.823055274299918, -33.25626216342841 ], [ -70.823057162312054, -33.25626153412604 ], [ -70.823059062931421, -33.256260932207837 ], [ -70.823060975595425, -33.256260357851929 ], [ -70.823062899737863, -33.256259811228361 ], [ -70.823064834789136, -33.25625929249896 ], [ -70.82306678017639, -33.25625880181726 ], [ -70.823068735323787, -33.256258339328525 ], [ -70.823070699652533, -33.256257905169676 ], [ -70.823072672581119, -33.256257499469221 ], [ -70.823074653525538, -33.25625712234725 ], [ -70.823076641899348, -33.25625677391541 ], [ -70.82307863711398, -33.256256454276851 ], [ -70.823080638578759, -33.256256163526189 ], [ -70.82308264570122, -33.256255901749498 ], [ -70.823084657887193, -33.256255669024256 ], [ -70.823086674541045, -33.256255465419379 ], [ -70.823088695065763, -33.256255290995121 ], [ -70.823090718863241, -33.256255145803124 ], [ -70.823092745334378, -33.256255029886354 ], [ -70.823094773879291, -33.256254943279153 ], [ -70.823096803897457, -33.256254886007135 ], [ -70.82309883478797, -33.25625485808726 ], [ -70.823100865949613, -33.2562548595278 ], [ -70.823102896781137, -33.256254890328314 ], [ -70.82310492668131, -33.256254950479708 ], [ -70.823106955049283, -33.256255039964145 ], [ -70.823108981284605, -33.256255158755181 ], [ -70.823111004787421, -33.256255306817579 ], [ -70.823113024958744, -33.256255484107562 ], [ -70.823115041200566, -33.256255690572658 ], [ -70.823117052916004, -33.256255926151702 ], [ -70.823119059509537, -33.256256190774991 ], [ -70.823121060387194, -33.256256484364179 ], [ -70.823123054956639, -33.256256806832361 ], [ -70.823125042627439, -33.256257158084068 ], [ -70.823127022811178, -33.256257538015319 ], [ -70.823128994921674, -33.256257946513664 ], [ -70.823130958375145, -33.256258383458167 ], [ -70.823132912590367, -33.256258848719476 ], [ -70.824548532305002, -33.256606951883533 ], [ -70.824540984420267, -33.256610758722054 ], [ -70.824533363217611, -33.256614461014962 ], [ -70.824525670748272, -33.256618057765813 ], [ -70.824517909082701, -33.256621548006514 ], [ -70.824510080309935, -33.256624930797685 ], [ -70.824502186537131, -33.256628205228814 ], [ -70.82449422988887, -33.256631370418582 ], [ -70.824486212506713, -33.256634425515095 ], [ -70.824478136548549, -33.256637369696044 ], [ -70.824470004188015, -33.256640202169002 ], [ -70.824461817613965, -33.256642922171601 ], [ -70.824453579029807, -33.256645528971738 ], [ -70.824445290652989, -33.256648021867811 ], [ -70.824436954714344, -33.256650400188825 ], [ -70.824428573457482, -33.256652663294659 ], [ -70.824420149138248, -33.256654810576187 ], [ -70.823868519106185, -33.25679127311524 ], [ -70.823859588209871, -33.256793412042086 ], [ -70.823850614593255, -33.256795420797772 ], [ -70.823841600944021, -33.256797298780647 ], [ -70.823832549961807, -33.256799045428245 ], [ -70.82382346435746, -33.256800660217429 ], [ -70.823814346852188, -33.256802142664569 ], [ -70.82380520017675, -33.256803492325623 ], [ -70.823796027070657, -33.256804708796402 ], [ -70.823786830281307, -33.256805791712537 ], [ -70.823777612563234, -33.256806740749688 ], [ -70.823768376677194, -33.256807555623602 ], [ -70.823759125389444, -33.256808236090222 ], [ -70.823749861470759, -33.256808781945757 ], [ -70.823740587695809, -33.256809193026704 ], [ -70.823731306842134, -33.256809469209934 ], [ -70.823722021689449, -33.256809610412724 ], [ -70.823712735018702, -33.256809616592811 ], [ -70.823703449611344, -33.256809487748285 ], [ -70.823694168248423, -33.256809223917791 ], [ -70.823684893709796, -33.256808825180336 ], [ -70.823675628773245, -33.256808291655325 ], [ -70.82366637621368, -33.256807623502553 ], [ -70.823657138802346, -33.256806820922151 ], [ -70.823647919305913, -33.256805884154495 ], [ -70.82363872048569, -33.25680481348013 ], [ -70.823629545096793, -33.256803609219745 ], [ -70.823620395887318, -33.256802271734031 ], [ -70.823611275597543, -33.25680080142358 ], [ -70.82360218695905, -33.256799198728729 ], [ -70.823593132693972, -33.256797464129527 ], [ -70.823584115514123, -33.256795598145487 ], [ -70.823575138120219, -33.256793601335488 ], [ -70.82356620320104, -33.256791474297586 ], [ -70.823557313432701, -33.256789217668839 ], [ -70.823548471477721, -33.25678683212513 ], [ -70.82353967998435, -33.256784318380937 ], [ -70.823530941585702, -33.256781677189174 ], [ -70.823411067625727, -33.256744457673733 ], [ -70.823402274360603, -33.256741800338823 ], [ -70.823393427351363, -33.256739272055704 ], [ -70.823384529281, -33.256736873591095 ], [ -70.823375582847902, -33.256734605672378 ], [ -70.82336659076519, -33.256732468987302 ], [ -70.823357555759827, -33.256730464183846 ], [ -70.823348480571767, -33.256728591869994 ], [ -70.823339367953139, -33.256726852613546 ], [ -70.823330220667458, -33.25672524694194 ], [ -70.823321041488711, -33.256723775342124 ], [ -70.823311833200606, -33.256722438260397 ], [ -70.823302598595646, -33.256721236102209 ], [ -70.823293340474322, -33.256720169232139 ], [ -70.823284061644245, -33.256719237973741 ], [ -70.823274764919319, -33.256718442609412 ], [ -70.823265453118879, -33.256717783380367 ], [ -70.82325612906682, -33.256717260486525 ], [ -70.823246795590734, -33.256716874086464 ], [ -70.823237455521138, -33.256716624297361 ], [ -70.823228111690483, -33.256716511194959 ], [ -70.823218766932371, -33.256716534813556 ], [ -70.823209424080702, -33.256716695146025 ], [ -70.823200085968793, -33.256716992143716 ], [ -70.823190755428513, -33.256717425716566 ], [ -70.82318143528947, -33.256717995733098 ], [ -70.823172128378076, -33.25671870202045 ], [ -70.823162837516747, -33.256719544364422 ], [ -70.823153565523043, -33.256720522509582 ], [ -70.823144315208765, -33.256721636159291 ], [ -70.823135089379193, -33.256722884975822 ], [ -70.823125890832173, -33.256724268580477 ], [ -70.823116722357213, -33.256725786553645 ], [ -70.823107586734793, -33.256727438434979 ], [ -70.823098486735361, -33.256729223723561 ], [ -70.82308942511861, -33.25673114187795 ], [ -70.823080404632549, -33.256733192316482 ], [ -70.823071428012753, -33.256735374417318 ], [ -70.823062497981482, -33.256737687518715 ], [ -70.82305361724687, -33.256740130919212 ], [ -70.823044788502102, -33.256742703877812 ], [ -70.823036014424559, -33.256745405614254 ], [ -70.823027297675111, -33.256748235309196 ], [ -70.823018640897203, -33.256751192104502 ], [ -70.823010046716107, -33.256754275103503 ], [ -70.823001517738106, -33.256757483371253 ], [ -70.822993056549691, -33.25676081593479 ], [ -70.822984665716845, -33.256764271783517 ], [ -70.822976347784191, -33.25676784986937 ], [ -70.822968105274214, -33.25677154910727 ], [ -70.822959940686573, -33.256775368375386 ], [ -70.822951856497284, -33.25677930651549 ], [ -70.822943855157973, -33.256783362333287 ], [ -70.822935939095132, -33.256787534598821 ], [ -70.822928110709427, -33.2567918220468 ], [ -70.822920372374909, -33.256796223377002 ], [ -70.822912726438346, -33.256800737254686 ], [ -70.822905175218438, -33.256805362310963 ], [ -70.822897721005205, -33.256810097143223 ], [ -70.822890366059255, -33.256814940315607 ], [ -70.822883112611066, -33.256819890359331 ], [ -70.822875962860337, -33.256824945773261 ], [ -70.822868918975345, -33.256830105024285 ], [ -70.822861983092238, -33.256835366547783 ], [ -70.82285515731445, -33.256840728748173 ], [ -70.822848443711962, -33.256846189999258 ], [ -70.822841844320777, -33.256851748644898 ], [ -70.822835361142296, -33.25685740299933 ], [ -70.822828996142604, -33.256863151347822 ], [ -70.822822751252019, -33.256868991947123 ], [ -70.822816628364393, -33.256874923025997 ], [ -70.822810629336573, -33.256880942785777 ], [ -70.822725142785885, -33.256968258127877 ], [ -70.822722160399152, -33.256971251112581 ], [ -70.822719116775019, -33.256974200261588 ], [ -70.822716012826092, -33.256977104690606 ], [ -70.822712849483068, -33.256979963528771 ], [ -70.822709627694479, -33.256982775918843 ], [ -70.822706348426323, -33.256985541017549 ], [ -70.822703012661933, -33.256988257995793 ], [ -70.822699621401469, -33.256990926038867 ], [ -70.822696175661818, -33.256993544346791 ], [ -70.822692676476152, -33.256996112134473 ], [ -70.822689124893699, -33.256998628631955 ], [ -70.82268552197938, -33.257001093084668 ], [ -70.822681868813532, -33.257003504753698 ], [ -70.822678166491514, -33.25700586291584 ], [ -70.822674416123476, -33.257008166864054 ], [ -70.822670618833939, -33.257010415907494 ], [ -70.822666775761519, -33.257012609371785 ], [ -70.822662888058531, -33.257014746599225 ], [ -70.822658956890706, -33.257016826948991 ], [ -70.822654983436763, -33.257018849797269 ], [ -70.822650968888169, -33.257020814537512 ], [ -70.822646914448654, -33.257022720580622 ], [ -70.822642821333915, -33.25702456735506 ], [ -70.822638690771299, -33.257026354307072 ], [ -70.822634523999298, -33.257028080900845 ], [ -70.822630322267344, -33.257029746618677 ], [ -70.822626086835285, -33.257031350961107 ], [ -70.822621818973118, -33.25703289344704 ], [ -70.822617519960545, -33.257034373614012 ], [ -70.822613191086617, -33.257035791018168 ], [ -70.82260883364934, -33.257037145234513 ], [ -70.822604448955261, -33.257038435856998 ], [ -70.822600038319123, -33.257039662498606 ], [ -70.822595603063476, -33.257040824791552 ], [ -70.822591144518185, -33.25704192238733 ], [ -70.82258666402015, -33.257042954956809 ], [ -70.822582162912838, -33.257043922190384 ], [ -70.82257764254588, -33.257044823798026 ], [ -70.82257310427471, -33.257045659509409 ], [ -70.822568549460115, -33.25704642907391 ], [ -70.822563979467844, -33.257047132260816 ], [ -70.822559395668222, -33.257047768859259 ], [ -70.82255479943565, -33.257048338678359 ], [ -70.822550192148313, -33.257048841547252 ], [ -70.822545575187732, -33.257049277315154 ], [ -70.822540949938229, -33.257049645851417 ], [ -70.822536317786728, -33.257049947045509 ], [ -70.82253168012214, -33.25705018080712 ], [ -70.822527038335068, -33.257050347066198 ], [ -70.822522393817351, -33.25705044577284 ], [ -70.822517747961626, -33.257050476897462 ], [ -70.822513102160954, -33.257050440430731 ], [ -70.82250845780834, -33.257050336383607 ], [ -70.822503816296432, -33.257050164787266 ], [ -70.82249917901693, -33.25704992569316 ], [ -70.822494547360336, -33.257049619172975 ], [ -70.822261086003323, -33.257032458622668 ], [ -70.823009668227598, -33.256289934435081 ] ] ] ] } },
{ "type": "Feature", "properties": { "fid": "77", "Area": 35929.705 }, "geometry": { "type": "MultiPolygon", "coordinates": [ [ [ [ -70.820234218791427, -33.255874264614114 ], [ -70.820224913267324, -33.25586078768977 ], [ -70.820215331972165, -33.255847447865825 ], [ -70.820205477766791, -33.255834249125222 ], [ -70.820195353593519, -33.255821195408735 ], [ -70.820184962475253, -33.255808290613842 ], [ -70.820174307514606, -33.255795538593546 ], [ -70.82016339189299, -33.255782943155261 ], [ -70.820152218869609, -33.255770508059648 ], [ -70.820140791780474, -33.255758237019464 ], [ -70.820129114037542, -33.255746133698516 ], [ -70.820117189127544, -33.255734201710489 ], [ -70.820105020610995, -33.255722444617938 ], [ -70.820092612121172, -33.255710865931228 ], [ -70.820079967363, -33.255699469107398 ], [ -70.820067090111905, -33.255688257549238 ], [ -70.820053984212763, -33.255677234604171 ], [ -70.820040653578687, -33.255666403563353 ], [ -70.820027102189883, -33.255655767660627 ], [ -70.820013334092508, -33.25564533007153 ], [ -70.819999353397364, -33.255635093912467 ], [ -70.819985164278748, -33.255625062239638 ], [ -70.819970770973171, -33.2556152380482 ], [ -70.819956177778124, -33.255605624271404 ], [ -70.81994138905074, -33.255596223779591 ], [ -70.819926409206602, -33.25558703937952 ], [ -70.819911242718248, -33.255578073813346 ], [ -70.819895894113998, -33.25556932975794 ], [ -70.819880367976538, -33.255560809824019 ], [ -70.819864668941577, -33.255552516555383 ], [ -70.819848801696381, -33.255544452428168 ], [ -70.819832770978493, -33.255536619850048 ], [ -70.81981658157423, -33.255529021159624 ], [ -70.819800238317285, -33.255521658625632 ], [ -70.81978374608731, -33.255514534446306 ], [ -70.819767109808396, -33.255507650748712 ], [ -70.819750334447662, -33.25550100958813 ], [ -70.819733425013737, -33.255494612947388 ], [ -70.819716386555285, -33.255488462736338 ], [ -70.819699224159493, -33.255482560791265 ], [ -70.819681942950538, -33.255476908874293 ], [ -70.819664548088085, -33.255471508672926 ], [ -70.819647044765716, -33.255466361799499 ], [ -70.819629438209361, -33.255461469790724 ], [ -70.819611733675856, -33.255456834107193 ], [ -70.819593936451199, -33.255452456132986 ], [ -70.819576051849126, -33.255448337175238 ], [ -70.819558085209408, -33.255444478463744 ], [ -70.819540041896317, -33.255440881150605 ], [ -70.819521927297075, -33.255437546309885 ], [ -70.819503746820104, -33.255434474937232 ], [ -70.819485505893553, -33.255431667949708 ], [ -70.819467209963562, -33.255429126185369 ], [ -70.819448864492756, -33.255426850403119 ], [ -70.819430474958494, -33.255424841282455 ], [ -70.818862511609325, -33.255366975855353 ], [ -70.81953607792174, -33.254773966896458 ], [ -70.819537498375908, -33.254772737745796 ], [ -70.819538943886783, -33.254771529391924 ], [ -70.819540414023109, -33.254770342195364 ], [ -70.819541908346224, -33.254769176510322 ], [ -70.819543426410348, -33.254768032684545 ], [ -70.819544967762511, -33.254766911059349 ], [ -70.819546531942862, -33.254765811969364 ], [ -70.819548118484732, -33.254764735742484 ], [ -70.819549726914758, -33.254763682699839 ], [ -70.819551356753067, -33.254762653155566 ], [ -70.819553007513363, -33.254761647416885 ], [ -70.819554678703156, -33.254760665783813 ], [ -70.819556369823843, -33.254759708549244 ], [ -70.819558080370868, -33.254758775998781 ], [ -70.819559809833876, -33.25475786841065 ], [ -70.819561557696872, -33.254756986055632 ], [ -70.819563323438373, -33.254756129196977 ], [ -70.819565106531599, -33.254755298090323 ], [ -70.819566906444493, -33.254754492983643 ], [ -70.819568722640099, -33.254753714117172 ], [ -70.819570554576529, -33.254752961723241 ], [ -70.819572401707205, -33.254752236026356 ], [ -70.819574263481044, -33.25475153724301 ], [ -70.819576139342587, -33.254750865581705 ], [ -70.819578028732138, -33.254750221242837 ], [ -70.819579931085997, -33.254749604418635 ], [ -70.819581845836609, -33.25474901529315 ], [ -70.81958377241267, -33.254748454042122 ], [ -70.819585710239409, -33.254747920833012 ], [ -70.819587658738655, -33.254747415824923 ], [ -70.819589617329058, -33.254746939168498 ], [ -70.819591585426281, -33.25474649100596 ], [ -70.819593562443131, -33.254746071471033 ], [ -70.81959554778976, -33.25474568068887 ], [ -70.819597540873815, -33.25474531877606 ], [ -70.819599541100672, -33.254744985840595 ], [ -70.819601547873546, -33.254744681981826 ], [ -70.819603560593706, -33.254744407290353 ], [ -70.819605578660671, -33.254744161848173 ], [ -70.819607601472313, -33.254743945728507 ], [ -70.819609628425141, -33.254743758995836 ], [ -70.819611658914397, -33.254743601705869 ], [ -70.819613692334286, -33.254743473905528 ], [ -70.819615728078105, -33.254743375632948 ], [ -70.81961776553851, -33.254743306917462 ], [ -70.819619804107603, -33.254743267779567 ], [ -70.819621843177188, -33.254743258230903 ], [ -70.819623882138885, -33.254743278274361 ], [ -70.819625920384368, -33.254743327903952 ], [ -70.819627957305514, -33.254743407104876 ], [ -70.819629992294594, -33.254743515853477 ], [ -70.819632024744479, -33.25474365411732 ], [ -70.819634054048777, -33.254743821855172 ], [ -70.81963607960202, -33.254744019016968 ], [ -70.819638100799907, -33.254744245543883 ], [ -70.819640117039384, -33.254744501368336 ], [ -70.819642127718907, -33.254744786414022 ], [ -70.819644132238579, -33.254745100595869 ], [ -70.819646130000351, -33.254745443820156 ], [ -70.819648120408175, -33.254745815984457 ], [ -70.819650102868195, -33.254746216977736 ], [ -70.819652076788969, -33.254746646680402 ], [ -70.81970324519196, -33.254758578082303 ], [ -70.819754162978299, -33.254771243745409 ], [ -70.819804815223179, -33.254784639957215 ], [ -70.819855187079597, -33.254798762791047 ], [ -70.819905263782701, -33.254813608107241 ], [ -70.819955030654157, -33.25482917155437 ], [ -70.820004473106408, -33.254845448570535 ], [ -70.820053576647013, -33.254862434384634 ], [ -70.820102326882761, -33.254880124017838 ], [ -70.820150709524043, -33.254898512285003 ], [ -70.820198710388979, -33.254917593796186 ], [ -70.82024631540753, -33.254937362958287 ], [ -70.82029351062566, -33.254957813976603 ], [ -70.820340282209457, -33.254978940856532 ], [ -70.820386616449127, -33.255000737405474 ], [ -70.820432499763044, -33.255023197234422 ], [ -70.820477918701755, -33.255046313760005 ], [ -70.820522859951851, -33.25507008020633 ], [ -70.820567310339925, -33.255094489607032 ], [ -70.820611256836429, -33.255119534807264 ], [ -70.820654686559465, -33.25514520846577 ], [ -70.820697586778621, -33.255171503057149 ], [ -70.820739944918586, -33.25519841087393 ], [ -70.821456337498915, -33.25566164238586 ], [ -70.821498074896908, -33.255688162192321 ], [ -70.821540338914104, -33.255714086592313 ], [ -70.821583117519253, -33.255739408205741 ], [ -70.821626398534576, -33.255764119824086 ], [ -70.821670169639233, -33.255788214412526 ], [ -70.821714418372849, -33.255811685111809 ], [ -70.82175913213905, -33.25583452524036 ], [ -70.821804298209003, -33.255856728296067 ], [ -70.821849903725152, -33.25587828795819 ], [ -70.821895935704774, -33.255899198089146 ], [ -70.821942381043698, -33.255919452736286 ], [ -70.821989226520103, -33.255939046133513 ], [ -70.822036458798152, -33.255957972702973 ], [ -70.822084064431934, -33.255976227056706 ], [ -70.822132029869223, -33.255993803998066 ], [ -70.82218034145528, -33.256010698523234 ], [ -70.822228985436894, -33.256026905822708 ], [ -70.822277947966114, -33.256042421282608 ], [ -70.822327215104337, -33.256057240485987 ], [ -70.822376772826217, -33.256071359214125 ], [ -70.822426607023644, -33.256084773447718 ], [ -70.822476703509778, -33.256097479368016 ], [ -70.822682094333302, -33.256147987772977 ], [ -70.822684065790057, -33.256148488305648 ], [ -70.82268602655401, -33.256149017657002 ], [ -70.822687976028405, -33.256149575665944 ], [ -70.822689913619925, -33.256150162162669 ], [ -70.822691838738891, -33.256150776968632 ], [ -70.822693750799374, -33.256151419896753 ], [ -70.822695649219455, -33.256152090751335 ], [ -70.822697533421376, -33.25615278932824 ], [ -70.82269940283166, -33.256153515414837 ], [ -70.822701256881388, -33.256154268790141 ], [ -70.822703095006275, -33.256155049224887 ], [ -70.822704916646884, -33.256155856481534 ], [ -70.822706721248821, -33.256156690314405 ], [ -70.822708508262878, -33.256157550469709 ], [ -70.822710277145148, -33.256158436685695 ], [ -70.822712027357312, -33.256159348692627 ], [ -70.822713758366675, -33.256160286212932 ], [ -70.822715469646425, -33.256161248961291 ], [ -70.822717160675751, -33.256162236644712 ], [ -70.822718830939962, -33.256163248962558 ], [ -70.822720479930766, -33.256164285606786 ], [ -70.822722107146262, -33.256165346261838 ], [ -70.822723712091218, -33.256166430604949 ], [ -70.822725294277205, -33.256167538306102 ], [ -70.822726853222662, -33.256168669028163 ], [ -70.822728388453129, -33.256169822426997 ], [ -70.822729899501368, -33.256170998151596 ], [ -70.822731385907517, -33.256172195844094 ], [ -70.822732847219172, -33.256173415140026 ], [ -70.822734282991604, -33.256174655668254 ], [ -70.822735692787816, -33.256175917051245 ], [ -70.822737076178768, -33.256177198905142 ], [ -70.822738432743407, -33.256178500839773 ], [ -70.822739762068892, -33.256179822458918 ], [ -70.822741063750627, -33.256181163360345 ], [ -70.822742337392469, -33.256182523135955 ], [ -70.822743582606762, -33.256183901371905 ], [ -70.822744799014558, -33.256185297648734 ], [ -70.822745986245621, -33.256186711541496 ], [ -70.822747143938642, -33.25618814261987 ], [ -70.822748271741276, -33.256189590448329 ], [ -70.822749369310259, -33.256191054586218 ], [ -70.82275043631158, -33.256192534587946 ], [ -70.822751472420478, -33.256194030003073 ], [ -70.822752477321629, -33.256195540376453 ], [ -70.822753450709186, -33.256197065248458 ], [ -70.822754392286896, -33.256198604154953 ], [ -70.822755301768211, -33.2562001566276 ], [ -70.822756178876318, -33.256201722193914 ], [ -70.82275702334428, -33.256203300377422 ], [ -70.822757834915066, -33.256204890697802 ], [ -70.822758613341691, -33.256206492671048 ], [ -70.822759358387245, -33.256208105809591 ], [ -70.822760069824966, -33.256209729622519 ], [ -70.822760747438338, -33.256211363615591 ], [ -70.822761391021118, -33.256213007291528 ], [ -70.822762000377452, -33.256214660150079 ], [ -70.822762575321846, -33.256216321688193 ], [ -70.822763115679365, -33.25621799140022 ], [ -70.822763621285517, -33.256219668777938 ], [ -70.822764091986429, -33.256221353310892 ], [ -70.822764527638839, -33.256223044486376 ], [ -70.822764928110161, -33.256224741789694 ], [ -70.822765293278522, -33.256226444704275 ], [ -70.822765623032765, -33.256228152711849 ], [ -70.822765917272534, -33.256229865292582 ], [ -70.822766175908271, -33.256231581925263 ], [ -70.822766398861262, -33.256233302087445 ], [ -70.822766586063665, -33.256235025255585 ], [ -70.822766737458494, -33.256236750905266 ], [ -70.822766852999663, -33.256238478511278 ], [ -70.822766932652002, -33.256240207547819 ], [ -70.822766976391293, -33.25624193748871 ], [ -70.822766984204179, -33.256243667807404 ], [ -70.82276695608833, -33.256245397977303 ], [ -70.822766892052258, -33.256247127471845 ], [ -70.822766792115488, -33.256248855764625 ], [ -70.822766656308389, -33.256250582329685 ], [ -70.822766484672329, -33.256252306641549 ], [ -70.822766277259532, -33.256254028175398 ], [ -70.822766034133124, -33.256255746407327 ], [ -70.822765755367072, -33.256257460814361 ], [ -70.822765441046243, -33.256259170874763 ], [ -70.822765091266291, -33.25626087606804 ], [ -70.822764706133682, -33.256262575875255 ], [ -70.822764285765601, -33.256264269779074 ], [ -70.82276383029, -33.256265957263963 ], [ -70.822763339845494, -33.256267637816336 ], [ -70.822762814581338, -33.256269310924708 ], [ -70.822762254657405, -33.256270976079897 ], [ -70.822761660244112, -33.256272632775101 ], [ -70.822761031522333, -33.25627428050614 ], [ -70.822760368683447, -33.256275918771493 ], [ -70.822759671929177, -33.256277547072592 ], [ -70.822758941471562, -33.256279164913856 ], [ -70.822758177532918, -33.256280771802899 ], [ -70.822757380345777, -33.25628236725067 ], [ -70.822756550152704, -33.256283950771603 ], [ -70.82275568720641, -33.256285521883747 ], [ -70.822754791769498, -33.256287080108962 ], [ -70.822753864114503, -33.256288624972981 ], [ -70.822752904523767, -33.256290156005647 ], [ -70.822751913289295, -33.256291672740979 ], [ -70.822750890712797, -33.256293174717392 ], [ -70.822749837105476, -33.256294661477739 ], [ -70.822748752788016, -33.256296132569538 ], [ -70.822747638090391, -33.256297587545049 ], [ -70.822746493351886, -33.256299025961496 ], [ -70.822745318920866, -33.256300447381058 ], [ -70.822744115154791, -33.256301851371155 ], [ -70.822742882420002, -33.256303237504476 ], [ -70.82274162109168, -33.256304605359169 ], [ -70.822740331553703, -33.256305954518915 ], [ -70.822739014198561, -33.256307284573097 ], [ -70.82202538699363, -33.257015133140548 ], [ -70.821514030311889, -33.256977543376266 ], [ -70.821495593441966, -33.256976053249588 ], [ -70.821477189926824, -33.256974296022882 ], [ -70.821458825248044, -33.256972272219542 ], [ -70.821440504875667, -33.256969982442357 ], [ -70.821422234266549, -33.256967427373347 ], [ -70.821404018862694, -33.256964607773561 ], [ -70.821385864089677, -33.256961524482826 ], [ -70.821367775355029, -33.256958178419524 ], [ -70.821349758046566, -33.256954570580277 ], [ -70.82133181753089, -33.256950702039703 ], [ -70.821313959151652, -33.256946573950074 ], [ -70.821296188228089, -33.256942187540972 ], [ -70.821278510053403, -33.25693754411887 ], [ -70.8212609298931, -33.25693264506689 ], [ -70.821243452983538, -33.256927491844202 ], [ -70.821226084530323, -33.256922085985721 ], [ -70.821208829706734, -33.256916429101629 ], [ -70.821191693652196, -33.256910522876844 ], [ -70.821174681470765, -33.256904369070575 ], [ -70.821157798229621, -33.256897969515769 ], [ -70.8211410489575, -33.256891326118541 ], [ -70.821124438643253, -33.256884440857704 ], [ -70.821107972234316, -33.256877315784024 ], [ -70.821091654635268, -33.256869953019766 ], [ -70.821075490706392, -33.256862354757963 ], [ -70.821059485262154, -33.256854523261786 ], [ -70.821043643069828, -33.256846460863905 ], [ -70.821027968848043, -33.256838169965739 ], [ -70.821012467265433, -33.256829653036746 ], [ -70.820997142939163, -33.256820912613769 ], [ -70.820982000433617, -33.256811951300172 ], [ -70.820967044259021, -33.256802771765123 ], [ -70.820952278870095, -33.256793376742792 ], [ -70.820937708664715, -33.256783769031529 ], [ -70.820923337982649, -33.256773951493024 ], [ -70.820909171104176, -33.256763927051495 ], [ -70.820895212248928, -33.256753698692741 ], [ -70.820881465574558, -33.256743269463342 ], [ -70.820867935175485, -33.256732642469693 ], [ -70.820854625081708, -33.256721820877061 ], [ -70.820841539257643, -33.256710807908732 ], [ -70.820828681600872, -33.256699606844926 ], [ -70.820816055941009, -33.25668822102196 ], [ -70.820803666038586, -33.256676653831143 ], [ -70.820791515583878, -33.256664908717759 ], [ -70.820779608195849, -33.256652989180175 ], [ -70.820767947421075, -33.256640898768659 ], [ -70.820756536732659, -33.256628641084355 ], [ -70.8207453795292, -33.256616219778294 ], [ -70.820734479133819, -33.256603638550168 ], [ -70.820723838793114, -33.256590901147376 ], [ -70.820713461676249, -33.256578011363729 ], [ -70.820703350873941, -33.256564973038515 ], [ -70.820693509397643, -33.256551790055262 ], [ -70.820683940178498, -33.256538466340515 ], [ -70.820674646066649, -33.256525005862784 ], [ -70.820234218791427, -33.255874264614114 ] ] ] ] } },
{ "type": "Feature", "properties": { "fid": "78", "Area": 85201.463 }, "geometry": { "type": "MultiPolygon", "coordinates": [ [ [ [ -70.817335280489516, -33.256991732608107 ], [ -70.817355068919056, -33.256950744674995 ], [ -70.817375671305584, -33.25691004081844 ], [ -70.81739708187331, -33.256869632447227 ], [ -70.817419294619995, -33.256829530887373 ], [ -70.817442303318558, -33.256789747378853 ], [ -70.817466101518846, -33.256750293072471 ], [ -70.817490682549433, -33.256711179026766 ], [ -70.817516039519532, -33.256672416204879 ], [ -70.817542165320887, -33.256634015471491 ], [ -70.817569052629793, -33.256595987589783 ], [ -70.817596693909081, -33.256558343218423 ], [ -70.817625081410327, -33.25652109290855 ], [ -70.817654207175991, -33.256484247100879 ], [ -70.817684063041625, -33.25644781612268 ], [ -70.817714640638158, -33.256411810184993 ], [ -70.817745931394285, -33.256376239379669 ], [ -70.817777926538838, -33.256341113676612 ], [ -70.817810617103262, -33.256306442920973 ], [ -70.8178439939241, -33.256272236830313 ], [ -70.817878047645607, -33.256238504992012 ], [ -70.817912768722323, -33.256205256860497 ], [ -70.817948147421816, -33.256172501754548 ], [ -70.817984173827284, -33.256140248854855 ], [ -70.818222841408129, -33.255930132068585 ], [ -70.819506643416659, -33.256345040673352 ], [ -70.819523836954659, -33.256350740569317 ], [ -70.819540911106785, -33.25635668839633 ], [ -70.819557860808644, -33.256362882390242 ], [ -70.819574681032762, -33.256369320713787 ], [ -70.819591366790078, -33.256376001457312 ], [ -70.819607913131392, -33.256382922639247 ], [ -70.819624315148872, -33.256390082206707 ], [ -70.819640567977473, -33.256397478036028 ], [ -70.819656666796405, -33.256405107933595 ], [ -70.819672606830551, -33.256412969636251 ], [ -70.819688383351902, -33.256421060812151 ], [ -70.819703991680953, -33.256429379061366 ], [ -70.819719427188033, -33.2564379219166 ], [ -70.819734685294776, -33.256446686843951 ], [ -70.819749761475421, -33.256455671243621 ], [ -70.81976465125814, -33.256464872450799 ], [ -70.819779350226426, -33.256474287736239 ], [ -70.819793854020318, -33.256483914307303 ], [ -70.819808158337807, -33.256493749308603 ], [ -70.819822258936, -33.256503789823 ], [ -70.819836151632416, -33.256514032872346 ], [ -70.819849832306275, -33.256524475418416 ], [ -70.819863296899641, -33.256535114363849 ], [ -70.819876541418708, -33.256545946553004 ], [ -70.819889561934914, -33.256556968772934 ], [ -70.819902354586134, -33.256568177754303 ], [ -70.819914915577812, -33.256579570172384 ], [ -70.819927241184175, -33.25659114264807 ], [ -70.819939327749154, -33.256602891748813 ], [ -70.819951171687677, -33.256614813989671 ], [ -70.819962769486565, -33.256626905834381 ], [ -70.819974117705669, -33.256639163696327 ], [ -70.819985212978892, -33.256651583939686 ], [ -70.819996052015085, -33.256664162880455 ], [ -70.820905813071846, -33.257739315024061 ], [ -70.820911162289491, -33.257745754639295 ], [ -70.820916377195076, -33.25775227155416 ], [ -70.820921456206435, -33.257758863791494 ], [ -70.820926397782642, -33.257765529351303 ], [ -70.82093120042444, -33.257772266211333 ], [ -70.820935862674744, -33.2577790723277 ], [ -70.820940383119051, -33.257785945635526 ], [ -70.820944760385899, -33.257792884049536 ], [ -70.820948993147226, -33.257799885464692 ], [ -70.820953080118827, -33.257806947756841 ], [ -70.820957020060746, -33.257814068783404 ], [ -70.82096081177761, -33.257821246383898 ], [ -70.820964454119007, -33.257828478380759 ], [ -70.820967945979888, -33.257835762579873 ], [ -70.820971286300804, -33.257843096771325 ], [ -70.820974474068308, -33.257850478729971 ], [ -70.820977508315238, -33.257857906216223 ], [ -70.820980388120987, -33.257865376976682 ], [ -70.820983112611842, -33.257872888744792 ], [ -70.820985680961158, -33.257880439241568 ], [ -70.820988092389697, -33.257888026176303 ], [ -70.820990346165829, -33.257895647247175 ], [ -70.820992441605725, -33.25790330014204 ], [ -70.820994378073607, -33.257910982539109 ], [ -70.820996154981955, -33.257918692107609 ], [ -70.820997771791625, -33.257926426508575 ], [ -70.820999228012042, -33.257934183395442 ], [ -70.821000523201363, -33.257941960414882 ], [ -70.821001656966615, -33.257949755207413 ], [ -70.821002628963768, -33.257957565408162 ], [ -70.82100343889789, -33.257965388647655 ], [ -70.821004086523203, -33.257973222552344 ], [ -70.821004571643201, -33.257981064745529 ], [ -70.821004894110644, -33.257988912847971 ], [ -70.821005053827662, -33.257996764478641 ], [ -70.821005050745754, -33.258004617255416 ], [ -70.8210048848658, -33.258012468795876 ], [ -70.821004556238108, -33.258020316717925 ], [ -70.821004064962324, -33.258028158640563 ], [ -70.82060870347425, -33.258420300159798 ], [ -70.820301001194892, -33.258725493185992 ], [ -70.820289732984875, -33.258736475509572 ], [ -70.820278240439904, -33.258747292505944 ], [ -70.820266526995908, -33.258757940941038 ], [ -70.820254596154854, -33.258768417631238 ], [ -70.820242451483736, -33.258778719444244 ], [ -70.820230096613443, -33.258788843300003 ], [ -70.820217535237774, -33.258798786171702 ], [ -70.820204771112216, -33.258808545086673 ], [ -70.820191808052897, -33.25881811712717 ], [ -70.820178649935443, -33.258827499431384 ], [ -70.820165300693773, -33.258836689194169 ], [ -70.820151764318993, -33.258845683667985 ], [ -70.820138044858098, -33.258854480163677 ], [ -70.820124146412894, -33.258863076051291 ], [ -70.82011007313865, -33.258871468760823 ], [ -70.820095829242931, -33.258879655783012 ], [ -70.820081418984358, -33.25888763467011 ], [ -70.820066846671196, -33.258895403036597 ], [ -70.820052116660264, -33.258902958559894 ], [ -70.820037233355478, -33.258910298981007 ], [ -70.820022201206598, -33.258917422105363 ], [ -70.82000702470792, -33.258924325803243 ], [ -70.819991708396856, -33.258931008010585 ], [ -70.819976256852641, -33.258937466729542 ], [ -70.819960674694954, -33.258943700029079 ], [ -70.819944966582511, -33.258949706045563 ], [ -70.819929137211702, -33.258955482983325 ], [ -70.81991319131518, -33.258961029115149 ], [ -70.819897133660433, -33.25896634278287 ], [ -70.819880969048327, -33.258971422397764 ], [ -70.81986470231179, -33.258976266441159 ], [ -70.819848338314202, -33.258980873464758 ], [ -70.81983188194809, -33.258985242091164 ], [ -70.819815338133566, -33.258989371014223 ], [ -70.819798711816873, -33.25899325899946 ], [ -70.819782007968996, -33.258996904884455 ], [ -70.819765231584, -33.259000307579129 ], [ -70.81974838767772, -33.259003466066169 ], [ -70.819731481286169, -33.259006379401214 ], [ -70.819714517463979, -33.259009046713246 ], [ -70.819697501283045, -33.259011467204772 ], [ -70.819680437830854, -33.259013640152148 ], [ -70.819663332209032, -33.259015564905624 ], [ -70.819646189531881, -33.25901724088979 ], [ -70.819629014924701, -33.259018667603534 ], [ -70.819611813522357, -33.259019844620305 ], [ -70.819594590467773, -33.259020771588169 ], [ -70.819577350910279, -33.259021448229994 ], [ -70.819560100004225, -33.259021874343468 ], [ -70.819542842907254, -33.259022049801167 ], [ -70.81952558477893, -33.259021974550656 ], [ -70.819508330779129, -33.259021648614414 ], [ -70.819491086066435, -33.259021072089894 ], [ -70.819473855796701, -33.259020245149443 ], [ -70.819456645121477, -33.259019168040304 ], [ -70.819439459186398, -33.259017841084521 ], [ -70.819422303129755, -33.259016264678806 ], [ -70.819405182080871, -33.259014439294482 ], [ -70.819388101158623, -33.259012365477268 ], [ -70.819371065469866, -33.259010043847248 ], [ -70.819354080107942, -33.259007475098493 ], [ -70.819337150151171, -33.259004659999022 ], [ -70.819320280661259, -33.25900159939048 ], [ -70.819303476681881, -33.25899829418794 ], [ -70.819286743237086, -33.258994745379574 ], [ -70.819270085329833, -33.25899095402643 ], [ -70.819253507940545, -33.258986921262007 ], [ -70.819237016025497, -33.258982648292061 ], [ -70.819220614515487, -33.258978136394084 ], [ -70.819204308314184, -33.25897338691707 ], [ -70.819188102296863, -33.258968401280995 ], [ -70.819172001308772, -33.258963180976473 ], [ -70.816930708046812, -33.258217708722377 ], [ -70.816928133262792, -33.258216830626381 ], [ -70.816925576902676, -33.258215915322928 ], [ -70.816923039728124, -33.258214963084747 ], [ -70.816920522495124, -33.258213974195527 ], [ -70.816918025953655, -33.258212948949925 ], [ -70.816915550847611, -33.258211887653438 ], [ -70.816913097914423, -33.25821079062225 ], [ -70.816910667884969, -33.258209658183254 ], [ -70.816908261483263, -33.258208490673837 ], [ -70.816905879426315, -33.258207288441881 ], [ -70.816903522423885, -33.258206051845583 ], [ -70.816901191178204, -33.258204781253397 ], [ -70.81689888638391, -33.258203477043907 ], [ -70.816896608727703, -33.258202139605686 ], [ -70.816894358888206, -33.258200769337243 ], [ -70.816892137535788, -33.258199366646856 ], [ -70.816889945332292, -33.258197931952452 ], [ -70.81688778293092, -33.258196465681507 ], [ -70.816885650975919, -33.258194968270885 ], [ -70.816883550102546, -33.258193440166785 ], [ -70.816881480936729, -33.258191881824459 ], [ -70.816879444095008, -33.258190293708246 ], [ -70.816877440184257, -33.258188676291354 ], [ -70.816875469801531, -33.258187030055637 ], [ -70.816873533533936, -33.258185355491641 ], [ -70.81687163195835, -33.2581836530983 ], [ -70.8168697656414, -33.258181923382843 ], [ -70.816867935139115, -33.25818016686064 ], [ -70.816866140996908, -33.25817838405505 ], [ -70.816864383749362, -33.258176575497274 ], [ -70.816862663920048, -33.258174741726179 ], [ -70.816860982021367, -33.258172883288111 ], [ -70.816859338554465, -33.258171000736859 ], [ -70.81685773400902, -33.258169094633267 ], [ -70.816856168863097, -33.258167165545302 ], [ -70.816854643583028, -33.258165214047729 ], [ -70.816853158623289, -33.258163240722027 ], [ -70.816851714426306, -33.258161246156114 ], [ -70.816850311422399, -33.258159230944287 ], [ -70.816848950029566, -33.258157195687005 ], [ -70.816847630653456, -33.258155140990681 ], [ -70.816846353687183, -33.258153067467468 ], [ -70.816845119511186, -33.258150975735226 ], [ -70.816843928493228, -33.25814886641718 ], [ -70.816842780988154, -33.258146740141783 ], [ -70.816841677337877, -33.258144597542589 ], [ -70.816840617871208, -33.258142439257995 ], [ -70.816839602903812, -33.258140265931054 ], [ -70.816838632738126, -33.258138078209321 ], [ -70.816837707663183, -33.258135876744632 ], [ -70.816836827954617, -33.258133662192918 ], [ -70.816835993874548, -33.25813143521399 ], [ -70.816835205671467, -33.258129196471401 ], [ -70.81683446358025, -33.25812694663221 ], [ -70.816833767821947, -33.258124686366735 ], [ -70.81683311860391, -33.258122416348435 ], [ -70.816832516119547, -33.258120137253663 ], [ -70.81683196054837, -33.258117849761483 ], [ -70.816831452055908, -33.258115554553441 ], [ -70.816830990793676, -33.258113252313436 ], [ -70.816830576899093, -33.258110943727395 ], [ -70.816830210495468, -33.258108629483189 ], [ -70.816829891691967, -33.258106310270335 ], [ -70.816829620583604, -33.258103986779851 ], [ -70.816829397251112, -33.258101659704025 ], [ -70.816829221761068, -33.258099329736218 ], [ -70.816829094165726, -33.258096997570647 ], [ -70.816829014503128, -33.258094663902199 ], [ -70.816828982796977, -33.258092329426162 ], [ -70.816828999056725, -33.258089994838123 ], [ -70.816829063277538, -33.258087660833681 ], [ -70.816829175440262, -33.258085328108237 ], [ -70.816829335511471, -33.258082997356837 ], [ -70.816829543443475, -33.258080669273951 ], [ -70.816829799174343, -33.258078344553226 ], [ -70.816830102627819, -33.258076023887298 ], [ -70.816830453713521, -33.258073707967647 ], [ -70.816830852326845, -33.258071397484272 ], [ -70.816831298349001, -33.258069093125613 ], [ -70.81683179164709, -33.25806679557823 ], [ -70.816832332074142, -33.258064505526711 ], [ -70.816832919469135, -33.258062223653361 ], [ -70.816833553657048, -33.258059950638078 ], [ -70.816834234448905, -33.258057687158107 ], [ -70.81683496164186, -33.25805543388784 ], [ -70.816835735019268, -33.258053191498682 ], [ -70.816836554350658, -33.258050960658707 ], [ -70.816837419391945, -33.258048742032635 ], [ -70.816838329885357, -33.258046536281498 ], [ -70.816839285559624, -33.258044344062498 ], [ -70.816840286129988, -33.258042166028801 ], [ -70.817335280489516, -33.256991732608107 ] ] ] ] } },
{ "type": "Feature", "properties": { "fid": "79", "Area": 39116.52 }, "geometry": { "type": "MultiPolygon", "coordinates": [ [ [ [ -70.81539683278514, -33.25814150089613 ], [ -70.815382851548762, -33.258132329103283 ], [ -70.815369052652031, -33.258122964425702 ], [ -70.815355439864447, -33.258113409421661 ], [ -70.81534201690468, -33.258103666701338 ], [ -70.815328787439555, -33.258093738926284 ], [ -70.815315755083034, -33.258083628808521 ], [ -70.81530292339518, -33.258073339109941 ], [ -70.815290295881312, -33.258062872641439 ], [ -70.815277875990915, -33.258052232262258 ], [ -70.815265667116762, -33.258041420879117 ], [ -70.815253672593997, -33.258030441445449 ], [ -70.81524189569916, -33.258019296960583 ], [ -70.815230339649375, -33.258007990468982 ], [ -70.815219007601442, -33.257996525059305 ], [ -70.815467313133297, -33.258016359444959 ], [ -70.815518526020568, -33.258020810849288 ], [ -70.815569643909754, -33.25802597581572 ], [ -70.815620652716802, -33.258031852921114 ], [ -70.815671538387704, -33.258038440546215 ], [ -70.815722286902371, -33.258045736875879 ], [ -70.815772884278459, -33.258053739899836 ], [ -70.815823316575319, -33.258062447413003 ], [ -70.815873569897732, -33.258071857016262 ], [ -70.815923630399794, -33.258081966116968 ], [ -70.815973484288719, -33.25809277192986 ], [ -70.816023117828621, -33.258104271477634 ], [ -70.81607251734431, -33.258116461591889 ], [ -70.816121669225097, -33.258129338913925 ], [ -70.816170559928423, -33.258142899895731 ], [ -70.816219175983775, -33.258157140800897 ], [ -70.816267503996215, -33.258172057705721 ], [ -70.816315530650186, -33.25818764650024 ], [ -70.819100892335783, -33.259114088483926 ], [ -70.819120109673435, -33.259120319179615 ], [ -70.819139452369384, -33.259126269786719 ], [ -70.819158914640525, -33.259131938526117 ], [ -70.819178490668023, -33.259137323702959 ], [ -70.819198174598966, -33.259142423707182 ], [ -70.819217960548286, -33.259147237013998 ], [ -70.819237842600273, -33.259151762184281 ], [ -70.819257814810612, -33.259155997865122 ], [ -70.819277871207944, -33.259159942790134 ], [ -70.819298005795773, -33.259163595779853 ], [ -70.819318212554208, -33.259166955742096 ], [ -70.81933848544179, -33.259170021672325 ], [ -70.819358818397276, -33.259172792653857 ], [ -70.819379205341491, -33.259175267858247 ], [ -70.819399640179071, -33.259177446545465 ], [ -70.819420116800373, -33.2591793280641 ], [ -70.819440629083203, -33.259180911851644 ], [ -70.819461170894797, -33.259182197434569 ], [ -70.819481736093479, -33.259183184428501 ], [ -70.81950231853061, -33.259183872538379 ], [ -70.819522912052406, -33.259184261558474 ], [ -70.819543510501745, -33.259184351372447 ], [ -70.819564107720069, -33.259184141953504 ], [ -70.819584697549146, -33.259183633364238 ], [ -70.819605273832977, -33.259182825756717 ], [ -70.819625830419611, -33.259181719372393 ], [ -70.819646361162981, -33.2591803145421 ], [ -70.819666859924766, -33.25917861168584 ], [ -70.819687320576193, -33.259176611312753 ], [ -70.819707736999874, -33.259174314020918 ], [ -70.819728103091649, -33.259171720497172 ], [ -70.819748412762451, -33.259168831516988 ], [ -70.819768659940024, -33.25916564794408 ], [ -70.819788838570844, -33.25916217073032 ], [ -70.819808942621862, -33.259158400915318 ], [ -70.819828966082312, -33.259154339626207 ], [ -70.81984890296556, -33.259149988077226 ], [ -70.819868747310849, -33.259145347569444 ], [ -70.819888493185076, -33.259140419490279 ], [ -70.819908134684624, -33.259135205313136 ], [ -70.819927665937016, -33.259129706596987 ], [ -70.819947081102825, -33.259123924985836 ], [ -70.819966374377259, -33.259117862208321 ], [ -70.819985539992018, -33.259111520077077 ], [ -70.820004572216959, -33.259104900488296 ], [ -70.820023465361842, -33.259098005421116 ], [ -70.820042213777967, -33.259090836937055 ], [ -70.820060811859975, -33.259083397179367 ], [ -70.820079254047414, -33.259075688372377 ], [ -70.820097534826431, -33.259067712820908 ], [ -70.820115648731502, -33.259059472909499 ], [ -70.820133590346927, -33.259050971101743 ], [ -70.820151354308578, -33.259042209939516 ], [ -70.820168935305404, -33.259033192042224 ], [ -70.820186328081093, -33.259023920106095 ], [ -70.820203527435595, -33.25901439690324 ], [ -70.820220528226713, -33.259004625280909 ], [ -70.820237325371593, -33.258994608160648 ], [ -70.820253913848305, -33.258984348537375 ], [ -70.820270288697273, -33.258973849478558 ], [ -70.820286445022845, -33.258963114123141 ], [ -70.820302377994679, -33.258952145680858 ], [ -70.820318082849226, -33.258940947431022 ], [ -70.820333554891093, -33.258929522721679 ], [ -70.820348789494616, -33.258917874968617 ], [ -70.820363782105019, -33.258906007654282 ], [ -70.820378528239914, -33.258893924326735 ], [ -70.820393023490638, -33.258881628598679 ], [ -70.820407263523506, -33.258869124146258 ], [ -70.82042124408116, -33.258856414708063 ], [ -70.820434960983818, -33.258843504083956 ], [ -70.820448410130538, -33.258830396133924 ], [ -70.82075611222966, -33.258525202752566 ], [ -70.820912611281187, -33.258369978570265 ], [ -70.820547624010132, -33.259611822691419 ], [ -70.820545306962927, -33.259619421515389 ], [ -70.820542832901381, -33.259626985320836 ], [ -70.820540202574449, -33.25963451181795 ], [ -70.820537416778322, -33.259641998728277 ], [ -70.820534476356343, -33.259649443785271 ], [ -70.820531382198595, -33.25965684473514 ], [ -70.820528135241744, -33.259664199337379 ], [ -70.820524736468684, -33.259671505365532 ], [ -70.820521186908309, -33.259678760607862 ], [ -70.820517487635129, -33.259685962867977 ], [ -70.820513639768976, -33.259693109965568 ], [ -70.820509644474669, -33.259700199736969 ], [ -70.820505502961694, -33.259707230035907 ], [ -70.820501216483748, -33.259714198734095 ], [ -70.820496786338438, -33.259721103721922 ], [ -70.820492213866899, -33.259727942909016 ], [ -70.820487500453297, -33.259734714224969 ], [ -70.820482647524486, -33.259741415619878 ], [ -70.820477656549585, -33.259748045065081 ], [ -70.820472529039449, -33.259754600553578 ], [ -70.820467266546316, -33.259761080100866 ], [ -70.82046187066328, -33.259767481745385 ], [ -70.820456343023793, -33.259773803549152 ], [ -70.820450685301211, -33.259780043598361 ], [ -70.820444899208283, -33.25978620000398 ], [ -70.820438986496583, -33.25979227090226 ], [ -70.820432948956082, -33.259798254455369 ], [ -70.820426788414466, -33.259804148851885 ], [ -70.82042050673671, -33.259809952307393 ], [ -70.820414105824455, -33.259815663065012 ], [ -70.820407587615421, -33.259821279395922 ], [ -70.820400954082828, -33.259826799599892 ], [ -70.82039420723487, -33.259832222005763 ], [ -70.820387349113986, -33.259837544972044 ], [ -70.820380381796298, -33.259842766887253 ], [ -70.820373307391051, -33.259847886170604 ], [ -70.820366128039836, -33.259852901272296 ], [ -70.820358845916076, -33.259857810674106 ], [ -70.82035146322427, -33.259862612889819 ], [ -70.820343982199347, -33.259867306465644 ], [ -70.820336405106062, -33.25987188998068 ], [ -70.820328734238217, -33.259876362047365 ], [ -70.820320971918008, -33.259880721311838 ], [ -70.820313120495328, -33.259884966454464 ], [ -70.820305182347028, -33.259889096190044 ], [ -70.820297159876219, -33.259893109268411 ], [ -70.820289055511552, -33.259897004474659 ], [ -70.820280871706473, -33.2599007806296 ], [ -70.820272610938446, -33.259904436590062 ], [ -70.820264275708283, -33.259907971249277 ], [ -70.820255868539306, -33.259911383537165 ], [ -70.820247391976622, -33.259914672420763 ], [ -70.820238848586342, -33.259917836904357 ], [ -70.820230240954814, -33.259920876030016 ], [ -70.820221571687853, -33.259923788877671 ], [ -70.820212843409905, -33.259926574565512 ], [ -70.820204058763309, -33.259929232250208 ], [ -70.820195220407427, -33.25993176112722 ], [ -70.820186331017922, -33.259934160430937 ], [ -70.820177393285917, -33.259936429435044 ], [ -70.820168409917102, -33.259938567452622 ], [ -70.820159383631065, -33.259940573836431 ], [ -70.820150317160341, -33.259942447979078 ], [ -70.820141213249627, -33.25994418931316 ], [ -70.820132074654964, -33.259945797311573 ], [ -70.820122904142949, -33.259947271487491 ], [ -70.820113704489714, -33.259948611394634 ], [ -70.82010447848036, -33.259949816627376 ], [ -70.820095228907846, -33.259950886820846 ], [ -70.820085958572335, -33.259951821651079 ], [ -70.820076670280272, -33.25995262083503 ], [ -70.820067366843503, -33.259953284130788 ], [ -70.82005805107849, -33.259953811337546 ], [ -70.820048725805421, -33.259954202295695 ], [ -70.820039393847338, -33.259954456886888 ], [ -70.820030058029346, -33.259954575034037 ], [ -70.820020721177698, -33.259954556701388 ], [ -70.820011386118949, -33.259954401894468 ], [ -70.820002055679126, -33.259954110660168 ], [ -70.819992732682877, -33.259953683086628 ], [ -70.819983419952564, -33.259953119303319 ], [ -70.819974120307421, -33.259952419480875 ], [ -70.819964836562804, -33.259951583831182 ], [ -70.819955571529192, -33.259950612607206 ], [ -70.819946328011383, -33.259949506102963 ], [ -70.819937108807707, -33.259948264653431 ], [ -70.819927916709119, -33.259946888634431 ], [ -70.819918754498346, -33.25994537846254 ], [ -70.819909624949119, -33.25994373459492 ], [ -70.817601632260107, -33.259510456265232 ], [ -70.817592542025579, -33.25950867980044 ], [ -70.817583489939679, -33.259506770787148 ], [ -70.81757447874044, -33.259504729802742 ], [ -70.817565511153603, -33.259502557464607 ], [ -70.817556589891609, -33.259500254429824 ], [ -70.817547717652985, -33.259497821395016 ], [ -70.817538897121381, -33.259495259096113 ], [ -70.817530130964812, -33.259492568308154 ], [ -70.81752142183484, -33.259489749845045 ], [ -70.817512772365774, -33.259486804559288 ], [ -70.817504185173917, -33.259483733341817 ], [ -70.817495662856686, -33.259480537121576 ], [ -70.817487207991874, -33.259477216865328 ], [ -70.817478823136909, -33.259473773577426 ], [ -70.817470510828016, -33.259470208299348 ], [ -70.817462273579466, -33.259466522109541 ], [ -70.817454113882846, -33.259462716122961 ], [ -70.817446034206284, -33.259458791490871 ], [ -70.817438036993693, -33.259454749400348 ], [ -70.817430124664028, -33.259450591074078 ], [ -70.817422299610598, -33.259446317769829 ], [ -70.817414564200305, -33.259441930780191 ], [ -70.817406920772896, -33.259437431432133 ], [ -70.817399371640349, -33.259432821086591 ], [ -70.817391919086091, -33.259428101138127 ], [ -70.81539683278514, -33.25814150089613 ] ] ] ] } },
{ "type": "Feature", "properties": { "fid": "80", "Area": 31903.831 }, "geometry": { "type": "MultiPolygon", "coordinates": [ [ [ [ -70.8201723268362, -33.2493508376973 ], [ -70.818898734639092, -33.249219420003918 ], [ -70.819255102487205, -33.248524527793855 ], [ -70.822025190338678, -33.24936006419928 ], [ -70.823167526898899, -33.249778225081648 ], [ -70.822484115185375, -33.250787969229954 ], [ -70.820730394207516, -33.249554411634591 ], [ -70.820715957571736, -33.249544435120036 ], [ -70.820701316320566, -33.249534671395224 ], [ -70.820686474896092, -33.249525123422337 ], [ -70.82067143780111, -33.249515794098173 ], [ -70.820656209597729, -33.249506686253113 ], [ -70.82064079490614, -33.249497802650389 ], [ -70.820625198403008, -33.249489145985244 ], [ -70.820609424820177, -33.249480718883937 ], [ -70.820593478943238, -33.249472523903229 ], [ -70.820577365610063, -33.249464563529358 ], [ -70.820561089709258, -33.249456840177444 ], [ -70.820544656178825, -33.249449356190631 ], [ -70.820528070004514, -33.249442113839514 ], [ -70.820511336218445, -33.249435115321354 ], [ -70.820494459897446, -33.249428362759382 ], [ -70.820477446161675, -33.249421858202282 ], [ -70.820460300172883, -33.249415603623468 ], [ -70.820443027133024, -33.249409600920508 ], [ -70.820425632282536, -33.249403851914536 ], [ -70.820408120898847, -33.249398358349779 ], [ -70.820390498294714, -33.249393121892908 ], [ -70.820372769816643, -33.249388144132581 ], [ -70.820354940843245, -33.24938342657903 ], [ -70.820337016783668, -33.249378970663507 ], [ -70.820319003075824, -33.24937477773787 ], [ -70.82030090518488, -33.249370849074218 ], [ -70.820282728601541, -33.249367185864486 ], [ -70.820264478840372, -33.24936378922002 ], [ -70.820246161438106, -33.249360660171348 ], [ -70.820227781952028, -33.249357799667791 ], [ -70.820209345958276, -33.249355208577185 ], [ -70.820190859050101, -33.249352887685646 ], [ -70.8201723268362, -33.2493508376973 ] ] ] ] } },
{ "type": "Feature", "properties": { "fid": "81", "Area": 39745.726 }, "geometry": { "type": "MultiPolygon", "coordinates": [ [ [ [ -70.818361002833328, -33.250551463796839 ], [ -70.818359043213007, -33.250550968774732 ], [ -70.818357094099454, -33.250550445286507 ], [ -70.818355156078354, -33.250549893489499 ], [ -70.818353229732026, -33.25054931354947 ], [ -70.818351315639347, -33.250548705640718 ], [ -70.818349414375447, -33.250548069945907 ], [ -70.81834752651163, -33.250547406656032 ], [ -70.818345652615179, -33.250546715970415 ], [ -70.81834379324917, -33.250545998096598 ], [ -70.818341948972304, -33.250545253250294 ], [ -70.818340120338775, -33.250544481655311 ], [ -70.81833830789806, -33.250543683543512 ], [ -70.818336512194747, -33.250542859154713 ], [ -70.818334733768438, -33.250542008736616 ], [ -70.818332973153531, -33.250541132544775 ], [ -70.818331230879039, -33.250540230842468 ], [ -70.818329507468491, -33.250539303900638 ], [ -70.818327803439757, -33.250538351997839 ], [ -70.818326119304885, -33.250537375420073 ], [ -70.818324455569922, -33.250536374460815 ], [ -70.818322812734763, -33.250535349420801 ], [ -70.81832119129308, -33.250534300608088 ], [ -70.81831959173212, -33.250533228337794 ], [ -70.81831801453248, -33.250532132932129 ], [ -70.818316460168106, -33.250531014720252 ], [ -70.818314929106052, -33.250529874038158 ], [ -70.818313421806394, -33.250528711228618 ], [ -70.818311938722019, -33.250527526641008 ], [ -70.818310480298607, -33.25052632063133 ], [ -70.818309046974377, -33.250525093561912 ], [ -70.81830763918002, -33.250523845801531 ], [ -70.818306257338548, -33.250522577725086 ], [ -70.81830490186519, -33.25052128971361 ], [ -70.818303573167256, -33.250519982154145 ], [ -70.818302271643972, -33.250518655439592 ], [ -70.81830099768645, -33.250517309968593 ], [ -70.818299751677472, -33.250515946145455 ], [ -70.818298533991467, -33.250514564379991 ], [ -70.818297344994306, -33.250513165087376 ], [ -70.81829618504328, -33.250511748688112 ], [ -70.818295054486939, -33.250510315607791 ], [ -70.818293953664963, -33.250508866277016 ], [ -70.818292882908182, -33.250507401131287 ], [ -70.818291842538287, -33.250505920610905 ], [ -70.818290832867945, -33.250504425160685 ], [ -70.818289854200501, -33.250502915230022 ], [ -70.818288906830034, -33.250501391272614 ], [ -70.818287991041245, -33.250499853746398 ], [ -70.818287107109299, -33.250498303113353 ], [ -70.818286255299782, -33.250496739839448 ], [ -70.81828543586866, -33.250495164394401 ], [ -70.818284649062164, -33.250493577251625 ], [ -70.818283895116693, -33.250491978888036 ], [ -70.818283174258823, -33.250490369783897 ], [ -70.818282486705158, -33.250488750422718 ], [ -70.818281832662279, -33.250487121291123 ], [ -70.81828121232671, -33.250485482878609 ], [ -70.818280625884867, -33.250483835677528 ], [ -70.818280073512966, -33.250482180182793 ], [ -70.818279555376975, -33.250480516891884 ], [ -70.81827907163256, -33.250478846304581 ], [ -70.818278622425126, -33.250477168922878 ], [ -70.81827820788962, -33.250475485250817 ], [ -70.818277828150613, -33.250473795794285 ], [ -70.818277483322206, -33.250472101060943 ], [ -70.818277173508008, -33.250470401560051 ], [ -70.818276898801102, -33.250468697802276 ], [ -70.818276659284052, -33.250466990299557 ], [ -70.818276455028808, -33.25046527956497 ], [ -70.818276286096776, -33.250463566112579 ], [ -70.818276152538672, -33.250461850457278 ], [ -70.818276054394644, -33.250460133114522 ], [ -70.818275991694193, -33.250458414600402 ], [ -70.818275964456149, -33.250456695431282 ], [ -70.818275972688696, -33.250454976123756 ], [ -70.818276016389348, -33.250453257194437 ], [ -70.818276095544988, -33.250451539159833 ], [ -70.818276210131799, -33.250449822536211 ], [ -70.818276360115391, -33.250448107839368 ], [ -70.818276545450658, -33.250446395584547 ], [ -70.818276766081937, -33.250444686286265 ], [ -70.81827702194289, -33.250442980458111 ], [ -70.818277312956667, -33.250441278612691 ], [ -70.818277639035813, -33.250439581261375 ], [ -70.818278000082344, -33.250437888914163 ], [ -70.818278395987761, -33.250436202079612 ], [ -70.818278826633119, -33.250434521264573 ], [ -70.818279291888999, -33.2504328469741 ], [ -70.818279791615581, -33.250431179711313 ], [ -70.818280325662727, -33.250429519977168 ], [ -70.818280893869954, -33.250427868270421 ], [ -70.818281496066533, -33.250426225087345 ], [ -70.818282132071488, -33.25042459092171 ], [ -70.818282801693741, -33.250422966264566 ], [ -70.818283504732051, -33.250421351604075 ], [ -70.818284240975174, -33.250419747425425 ], [ -70.818285010201876, -33.250418154210671 ], [ -70.818285812181031, -33.250416572438517 ], [ -70.8183145940027, -33.250360295667797 ], [ -70.818342633571504, -33.250303754980337 ], [ -70.818653920219703, -33.249696784227218 ], [ -70.820560316559252, -33.250105973961539 ], [ -70.820577928196769, -33.250109888067819 ], [ -70.82059545822159, -33.250114052800996 ], [ -70.820612901582194, -33.250118466960963 ], [ -70.820630253251949, -33.250123129275686 ], [ -70.820647508230721, -33.250128038401634 ], [ -70.820664661546161, -33.250133192924181 ], [ -70.820681708255293, -33.250138591357938 ], [ -70.820698643445809, -33.250144232147292 ], [ -70.820715462237558, -33.250150113666706 ], [ -70.820732159783887, -33.250156234221372 ], [ -70.820748731273127, -33.250162592047488 ], [ -70.820765171929892, -33.25016918531302 ], [ -70.820781477016538, -33.250176012117926 ], [ -70.82079764183446, -33.250183070494998 ], [ -70.820813661725467, -33.250190358410222 ], [ -70.820829532073134, -33.25019787376349 ], [ -70.820845248304096, -33.250205614389095 ], [ -70.820860805889481, -33.250213578056446 ], [ -70.820876200346021, -33.250221762470701 ], [ -70.820891427237541, -33.250230165273351 ], [ -70.820906482176085, -33.250238784043006 ], [ -70.820921360823306, -33.250247616296001 ], [ -70.82093605889159, -33.250256659487178 ], [ -70.820950572145406, -33.25026591101058 ], [ -70.820964896402444, -33.250275368200235 ], [ -70.820979027534875, -33.250285028330879 ], [ -70.820992961470509, -33.250294888618768 ], [ -70.821006694193983, -33.250304946222492 ], [ -70.821020221747901, -33.250315198243769 ], [ -70.821033540233984, -33.25032564172831 ], [ -70.821046645814235, -33.250336273666626 ], [ -70.821059534711949, -33.250347090994929 ], [ -70.821072203212893, -33.250358090596031 ], [ -70.821084647666325, -33.250369269300172 ], [ -70.822002878579269, -33.251208255687487 ], [ -70.82201488394287, -33.251219046078596 ], [ -70.822027098070748, -33.251229669783115 ], [ -70.822039517685113, -33.251240123950048 ], [ -70.822052139453106, -33.251250405773852 ], [ -70.822064959987529, -33.251260512495307 ], [ -70.822077975847932, -33.251270441402113 ], [ -70.822091183541374, -33.251280189829714 ], [ -70.822104579523426, -33.25128975516202 ], [ -70.822118160199182, -33.25129913483201 ], [ -70.822131921924125, -33.251308326322551 ], [ -70.821782627600058, -33.25182439347082 ], [ -70.821781594148149, -33.251825889819337 ], [ -70.821780529790786, -33.251827370795112 ], [ -70.821779434851749, -33.251828835947606 ], [ -70.821778309664197, -33.251830284831001 ], [ -70.821777154570469, -33.251831717004563 ], [ -70.821775969921958, -33.251833132032495 ], [ -70.821774756079122, -33.251834529484313 ], [ -70.82177351341123, -33.251835908934837 ], [ -70.821772242296362, -33.251837269964383 ], [ -70.82177094312128, -33.251838612158878 ], [ -70.821769616281188, -33.25183993510997 ], [ -70.821768262179816, -33.251841238415146 ], [ -70.821766881229124, -33.251842521677887 ], [ -70.82176547384924, -33.251843784507756 ], [ -70.821764040468366, -33.251845026520577 ], [ -70.821762581522592, -33.251846247338442 ], [ -70.821761097455806, -33.251847446589949 ], [ -70.821759588719502, -33.251848623910234 ], [ -70.821758055772719, -33.251849778941079 ], [ -70.821756499081829, -33.251850911331111 ], [ -70.821754919120465, -33.251852020735775 ], [ -70.82175331636931, -33.251853106817549 ], [ -70.821751691315995, -33.251854169246016 ], [ -70.821750044454902, -33.251855207697915 ], [ -70.821748376287118, -33.251856221857324 ], [ -70.821746687320143, -33.251857211415704 ], [ -70.821744978067841, -33.251858176071941 ], [ -70.821743249050243, -33.251859115532568 ], [ -70.821741500793408, -33.251860029511775 ], [ -70.82173973382919, -33.251860917731477 ], [ -70.821737948695215, -33.251861779921441 ], [ -70.821736145934594, -33.251862615819334 ], [ -70.821734326095779, -33.251863425170868 ], [ -70.821732489732469, -33.251864207729803 ], [ -70.821730637403348, -33.251864963258008 ], [ -70.821728769671992, -33.251865691525687 ], [ -70.821726887106621, -33.251866392311186 ], [ -70.821724990280032, -33.251867065401363 ], [ -70.821723079769299, -33.251867710591398 ], [ -70.821721156155661, -33.251868327685031 ], [ -70.821719220024406, -33.251868916494473 ], [ -70.821717271964573, -33.251869476840596 ], [ -70.821715312568827, -33.251870008552935 ], [ -70.821713342433341, -33.251870511469704 ], [ -70.821711362157473, -33.251870985437897 ], [ -70.821709372343747, -33.251871430313322 ], [ -70.821707373597533, -33.251871845960615 ], [ -70.821705366526942, -33.251872232253326 ], [ -70.821703351742613, -33.251872589073926 ], [ -70.821701329857518, -33.25187291631385 ], [ -70.821699301486831, -33.25187321387353 ], [ -70.821697267247629, -33.251873481662436 ], [ -70.821695227758852, -33.251873719599132 ], [ -70.821693183641003, -33.251873927611186 ], [ -70.821691135515977, -33.251874105635324 ], [ -70.821689084006891, -33.251874253617387 ], [ -70.82168702973793, -33.251874371512351 ], [ -70.821684973334101, -33.251874459284338 ], [ -70.821682915421007, -33.251874516906661 ], [ -70.821680856624795, -33.251874544361769 ], [ -70.82167879757182, -33.251874541641328 ], [ -70.821676738888542, -33.251874508746141 ], [ -70.821674681201316, -33.251874445686241 ], [ -70.821672625136173, -33.251874352480812 ], [ -70.821670571318649, -33.25187422915819 ], [ -70.821668520373606, -33.251874075755921 ], [ -70.821666472925045, -33.25187389232066 ], [ -70.82166442959587, -33.251873678908211 ], [ -70.821662391007763, -33.251873435583512 ], [ -70.821660357780956, -33.251873162420601 ], [ -70.821658330534049, -33.251872859502576 ], [ -70.821656309883792, -33.251872526921616 ], [ -70.82165429644499, -33.25187216477886 ], [ -70.821652290830187, -33.251871773184519 ], [ -70.821650293649611, -33.251871352257766 ], [ -70.821648305510877, -33.251870902126605 ], [ -70.821646327018854, -33.251870422928015 ], [ -70.821644358775501, -33.251869914807784 ], [ -70.821642401379634, -33.251869377920499 ], [ -70.821640455426774, -33.251868812429549 ], [ -70.821638521508987, -33.251868218506907 ], [ -70.821636600214632, -33.251867596333312 ], [ -70.821634692128256, -33.251866946098076 ], [ -70.821632797830389, -33.251866267998984 ], [ -70.821630917897366, -33.251865562242358 ], [ -70.821629052901116, -33.251864829042937 ], [ -70.821627203409065, -33.251864068623782 ], [ -70.821625369983934, -33.251863281216238 ], [ -70.819555084547844, -33.250954900746152 ], [ -70.819459455777888, -33.250913779963604 ], [ -70.819363033032445, -33.250873989708332 ], [ -70.819265842531365, -33.250835540800125 ], [ -70.819167910703072, -33.250798443693959 ], [ -70.819069264177514, -33.250762708477268 ], [ -70.818969929778874, -33.25072834486717 ], [ -70.818869934518275, -33.250695362207772 ], [ -70.818769305586486, -33.250663769467721 ], [ -70.818668070346448, -33.250633575237657 ], [ -70.818566256325923, -33.250604787728015 ], [ -70.818463891209944, -33.250577414766653 ], [ -70.818361002833328, -33.250551463796839 ] ] ] ] } },
{ "type": "Feature", "properties": { "fid": "82", "Area": 41291.844 }, "geometry": { "type": "MultiPolygon", "coordinates": [ [ [ [ -70.818445675379806, -33.251618472250385 ], [ -70.817012975101804, -33.251478746599737 ], [ -70.817675438508132, -33.251079504822563 ], [ -70.817699369670962, -33.251064819500336 ], [ -70.817722997541239, -33.251049791473086 ], [ -70.817746315168122, -33.251034425161912 ], [ -70.817769315692018, -33.251018725087384 ], [ -70.817791992346613, -33.251002695868273 ], [ -70.81781433846092, -33.250986342220202 ], [ -70.817836347461181, -33.250969668954198 ], [ -70.817858012872833, -33.250952680975331 ], [ -70.817879328322419, -33.250935383281259 ], [ -70.817900287539402, -33.250917780960748 ], [ -70.817920884358088, -33.250899879192154 ], [ -70.817941112719424, -33.250881683241978 ], [ -70.817960966672729, -33.250863198463172 ], [ -70.817980440377482, -33.250844430293739 ], [ -70.817999528105048, -33.250825384255016 ], [ -70.818018224240362, -33.25080606595008 ], [ -70.818036523283567, -33.250786481062079 ], [ -70.818054419851606, -33.250766635352633 ], [ -70.818071908679855, -33.250746534660038 ], [ -70.818088984623685, -33.250726184897623 ], [ -70.818090166137367, -33.250724777184431 ], [ -70.818091376568603, -33.250723386923667 ], [ -70.81809261555226, -33.250722014534681 ], [ -70.818093882714678, -33.250720660431348 ], [ -70.818095177673669, -33.250719325022132 ], [ -70.818096500038635, -33.250718008709789 ], [ -70.818097849410748, -33.250716711891336 ], [ -70.818099225382994, -33.250715434957918 ], [ -70.818100627540403, -33.250714178294658 ], [ -70.818102055460031, -33.250712942280586 ], [ -70.818103508711204, -33.250711727288504 ], [ -70.818104986855616, -33.250710533684874 ], [ -70.818106489447416, -33.250709361829706 ], [ -70.818108016033435, -33.250708212076425 ], [ -70.818109566153211, -33.250707084771825 ], [ -70.818111139339223, -33.250705980255916 ], [ -70.818112735116941, -33.250704898861834 ], [ -70.8181143530051, -33.25070384091574 ], [ -70.818115992515715, -33.250702806736712 ], [ -70.818117653154275, -33.250701796636669 ], [ -70.818119334419919, -33.250700810920293 ], [ -70.818121035805547, -33.250699849884896 ], [ -70.818122756798019, -33.250698913820294 ], [ -70.818124496878227, -33.250698003008857 ], [ -70.818126255521364, -33.250697117725259 ], [ -70.818128032197009, -33.250696258236559 ], [ -70.818129826369272, -33.250695424801954 ], [ -70.818131637497032, -33.250694617672828 ], [ -70.818133465034023, -33.250693837092612 ], [ -70.818135308429007, -33.250693083296774 ], [ -70.818137167126039, -33.250692356512623 ], [ -70.818139040564475, -33.250691656959397 ], [ -70.81814092817929, -33.250690984848063 ], [ -70.81814282940114, -33.250690340381354 ], [ -70.818144743656589, -33.250689723753659 ], [ -70.818146670368293, -33.250689135150957 ], [ -70.818148608955113, -33.250688574750747 ], [ -70.818150558832343, -33.250688042722103 ], [ -70.818152519411896, -33.250687539225453 ], [ -70.818154490102415, -33.250687064412659 ], [ -70.818156470309546, -33.250686618426954 ], [ -70.818158459436006, -33.250686201402829 ], [ -70.81816045688187, -33.250685813466085 ], [ -70.818162462044668, -33.250685454733706 ], [ -70.818164474319616, -33.250685125313915 ], [ -70.818166493099795, -33.250684825306045 ], [ -70.818168517776314, -33.250684554800593 ], [ -70.818170547738518, -33.250684313879155 ], [ -70.818172582374132, -33.250684102614379 ], [ -70.818174621069488, -33.250683921069992 ], [ -70.818176663209684, -33.25068376930075 ], [ -70.818178708178806, -33.250683647352425 ], [ -70.818180755360032, -33.250683555261816 ], [ -70.81818280413593, -33.250683493056677 ], [ -70.818184853888567, -33.250683460755788 ], [ -70.818186903999703, -33.250683458368869 ], [ -70.818188953851006, -33.250683485896658 ], [ -70.818191002824207, -33.25068354333083 ], [ -70.818193050301332, -33.250683630654102 ], [ -70.818195095664791, -33.2506837478401 ], [ -70.818197138297734, -33.250683894853488 ], [ -70.818199177584034, -33.250684071649928 ], [ -70.818201212908647, -33.250684278176109 ], [ -70.818203243657678, -33.250684514369709 ], [ -70.818205269218623, -33.250684780159524 ], [ -70.81820728898056, -33.250685075465363 ], [ -70.81820930233431, -33.250685400198165 ], [ -70.818211308672602, -33.250685754259976 ], [ -70.818213307390309, -33.250686137544044 ], [ -70.818215297884592, -33.250686549934734 ], [ -70.8182172795551, -33.250686991307674 ], [ -70.818317145909418, -33.25071075844081 ], [ -70.81841653436841, -33.250735900131318 ], [ -70.818515418136172, -33.250762409600689 ], [ -70.81861377055273, -33.250790279701683 ], [ -70.81871156510141, -33.250819502920201 ], [ -70.818808775415732, -33.250850071377357 ], [ -70.818905375286775, -33.25088197683155 ], [ -70.81900133867002, -33.250915210680738 ], [ -70.819096639692546, -33.250949763964691 ], [ -70.819191252659877, -33.250985627367484 ], [ -70.819285152062974, -33.251022791219917 ], [ -70.819378312585073, -33.251061245502235 ], [ -70.819470709108543, -33.251100979846726 ], [ -70.821522314221326, -33.252001164287897 ], [ -70.821524113688611, -33.252001970514925 ], [ -70.821525896311371, -33.252002802739753 ], [ -70.821527661557596, -33.252003660713989 ], [ -70.821529408900474, -33.252004544181602 ], [ -70.821531137818525, -33.252005452878912 ], [ -70.821532847795766, -33.252006386534745 ], [ -70.821534538321899, -33.252007344870457 ], [ -70.821536208892411, -33.252008327600052 ], [ -70.821537859008714, -33.252009334430248 ], [ -70.82153948817836, -33.252010365060549 ], [ -70.821541095915151, -33.252011419183397 ], [ -70.821542681739288, -33.252012496484198 ], [ -70.821544245177478, -33.25201359664144 ], [ -70.821545785763163, -33.252014719326795 ], [ -70.821547303036525, -33.252015864205227 ], [ -70.821548796544789, -33.25201703093505 ], [ -70.821550265842248, -33.252018219168058 ], [ -70.821551710490368, -33.252019428549652 ], [ -70.821553130058035, -33.252020658718926 ], [ -70.821554524121595, -33.252021909308709 ], [ -70.821555892264996, -33.252023179945809 ], [ -70.821557234079947, -33.252024470251001 ], [ -70.821558549166014, -33.252025779839222 ], [ -70.821559837130678, -33.252027108319652 ], [ -70.82156109758958, -33.2520284552958 ], [ -70.821562330166572, -33.252029820365699 ], [ -70.821563534493805, -33.252031203121945 ], [ -70.821564710211817, -33.252032603151882 ], [ -70.821565856969769, -33.252034020037676 ], [ -70.821566974425423, -33.252035453356491 ], [ -70.821568062245277, -33.252036902680558 ], [ -70.821569120104684, -33.252038367577356 ], [ -70.821570147687936, -33.252039847609694 ], [ -70.821571144688363, -33.252041342335879 ], [ -70.821572110808432, -33.252042851309852 ], [ -70.821573045759806, -33.252044374081237 ], [ -70.821573949263453, -33.252045910195612 ], [ -70.821574821049737, -33.252047459194522 ], [ -70.821575660858485, -33.252049020615701 ], [ -70.821576468439076, -33.252050593993168 ], [ -70.821577243550465, -33.252052178857355 ], [ -70.821577985961355, -33.252053774735295 ], [ -70.821578695450171, -33.252055381150697 ], [ -70.821579371805171, -33.252056997624145 ], [ -70.821580014824505, -33.252058623673243 ], [ -70.821580624316297, -33.252060258812719 ], [ -70.821581200098592, -33.252061902554566 ], [ -70.821581741999609, -33.252063554408231 ], [ -70.821582249857585, -33.252065213880769 ], [ -70.821582723520962, -33.252066880476875 ], [ -70.821583162848398, -33.252068553699225 ], [ -70.821583567708785, -33.252070233048443 ], [ -70.821583937981245, -33.252071918023354 ], [ -70.821584273555317, -33.252073608121094 ], [ -70.821584574330856, -33.252075302837284 ], [ -70.821584840218065, -33.252077001666152 ], [ -70.821585071137605, -33.252078704100683 ], [ -70.821585267020552, -33.252080409632846 ], [ -70.821585427808458, -33.252082117753609 ], [ -70.821585553453332, -33.252083827953228 ], [ -70.821585643917686, -33.252085539721293 ], [ -70.821585699174491, -33.252087252546971 ], [ -70.821585719207278, -33.252088965919071 ], [ -70.821585704010076, -33.252090679326287 ], [ -70.821585653587377, -33.252092392257211 ], [ -70.821585567954259, -33.252094104200715 ], [ -70.821585447136272, -33.252095814645848 ], [ -70.82158529116947, -33.252097523082149 ], [ -70.821585100100393, -33.252099228999768 ], [ -70.821584873986055, -33.252100931889586 ], [ -70.821584612893957, -33.252102631243396 ], [ -70.821584316901991, -33.252104326554068 ], [ -70.821583986098503, -33.252106017315612 ], [ -70.821583620582217, -33.252107703023469 ], [ -70.821583220462216, -33.252109383174584 ], [ -70.821582785857913, -33.252111057267477 ], [ -70.821582316898983, -33.252112724802586 ], [ -70.821581813725402, -33.252114385282219 ], [ -70.821581276487336, -33.252116038210858 ], [ -70.821580705345099, -33.252117683095186 ], [ -70.821580100469149, -33.252119319444304 ], [ -70.82157946204002, -33.252120946769864 ], [ -70.821578790248211, -33.252122564586209 ], [ -70.82157808529422, -33.252124172410554 ], [ -70.821577347388455, -33.252125769763012 ], [ -70.821576576751085, -33.252127356166902 ], [ -70.821575773612139, -33.252128931148789 ], [ -70.82157493821127, -33.252130494238614 ], [ -70.821574070797809, -33.252132044969898 ], [ -70.821573171630632, -33.252133582879843 ], [ -70.821572240978071, -33.252135107509474 ], [ -70.821571279117876, -33.252136618403796 ], [ -70.821570286337078, -33.25213811511189 ], [ -70.820910976676146, -33.253112190059319 ], [ -70.818718322093986, -33.251708537136267 ], [ -70.818710898140154, -33.251703869093234 ], [ -70.818703379289516, -33.251699309536221 ], [ -70.818695767787418, -33.251694859826834 ], [ -70.818688065906898, -33.251690521293909 ], [ -70.818680275947955, -33.251686295233021 ], [ -70.818672400236935, -33.251682182906237 ], [ -70.818664441125733, -33.251678185541579 ], [ -70.818656400991202, -33.251674304332802 ], [ -70.818648282234363, -33.251670540438937 ], [ -70.818640087279718, -33.251666894983998 ], [ -70.818631818574502, -33.251663369056629 ], [ -70.818623478588037, -33.251659963709763 ], [ -70.818615069810861, -33.251656679960334 ], [ -70.818606594754087, -33.25165351878897 ], [ -70.818598055948613, -33.251650481139691 ], [ -70.818589455944391, -33.251647567919626 ], [ -70.818580797309608, -33.251644779998742 ], [ -70.818572082630013, -33.25164211820961 ], [ -70.818563314508026, -33.251639583347099 ], [ -70.818554495562097, -33.251637176168181 ], [ -70.818545628425795, -33.251634897391725 ], [ -70.818536715747115, -33.251632747698267 ], [ -70.818527760187621, -33.251630727729712 ], [ -70.818518764421711, -33.251628838089339 ], [ -70.818509731135791, -33.251627079341397 ], [ -70.818500663027436, -33.25162545201114 ], [ -70.818491562804624, -33.25162395658451 ], [ -70.818482433184997, -33.25162259350811 ], [ -70.818473276894863, -33.25162136318896 ], [ -70.818464096668592, -33.251620265994504 ], [ -70.81845489524764, -33.251619302252379 ], [ -70.818445675379806, -33.251618472250385 ] ] ] ] } },
{ "type": "Feature", "properties": { "fid": "83", "Area": 107472.618 }, "geometry": { "type": "MultiPolygon", "coordinates": [ [ [ [ -70.815189755254977, -33.252577496307751 ], [ -70.816133547750226, -33.252008733520221 ], [ -70.818671579696883, -33.252265315431274 ], [ -70.818680663479839, -33.252266299809634 ], [ -70.818689725942363, -33.252267414315064 ], [ -70.818698764444065, -33.252268658622846 ], [ -70.818707776351587, -33.252270032370497 ], [ -70.818716759039305, -33.252271535157711 ], [ -70.818725709890103, -33.252273166546701 ], [ -70.818734626296134, -33.2522749260621 ], [ -70.818743505659583, -33.252276813191344 ], [ -70.818752345393449, -33.252278827384558 ], [ -70.818761142922256, -33.252280968054926 ], [ -70.818769895682834, -33.252283234578741 ], [ -70.818778601125061, -33.252285626295681 ], [ -70.818787256712596, -33.252288142508881 ], [ -70.818795859923597, -33.252290782485261 ], [ -70.818804408251509, -33.25229354545565 ], [ -70.818812899205795, -33.252296430615061 ], [ -70.818821330312559, -33.252299437122886 ], [ -70.818829699115398, -33.252302564103168 ], [ -70.81883800317604, -33.252305810644863 ], [ -70.818846240075089, -33.252309175802104 ], [ -70.818854407412687, -33.252312658594427 ], [ -70.818862502809296, -33.252316258007099 ], [ -70.81887052390627, -33.252319972991465 ], [ -70.818878468366663, -33.252323802465128 ], [ -70.818886333875824, -33.252327745312385 ], [ -70.818894118142097, -33.252331800384454 ], [ -70.818901818897558, -33.252335966499899 ], [ -70.818909433898526, -33.252340242444909 ], [ -70.818916960926373, -33.252344626973688 ], [ -70.818924397788066, -33.25234911880878 ], [ -70.818931742316835, -33.252353716641487 ], [ -70.81893899237285, -33.25235841913225 ], [ -70.818946145843782, -33.252363224910923 ], [ -70.818953200645396, -33.252368132577395 ], [ -70.818960154722291, -33.252373140701771 ], [ -70.818967006048354, -33.25237824782495 ], [ -70.820567029247599, -33.253591572336383 ], [ -70.820537129459382, -33.253626203396557 ], [ -70.820506581500126, -33.253660432805439 ], [ -70.820475393010994, -33.253694252000095 ], [ -70.820443571793405, -33.253727652520226 ], [ -70.820411125807098, -33.253760626010283 ], [ -70.82037806316815, -33.253793164221506 ], [ -70.820344392146893, -33.253825259014 ], [ -70.820310121165903, -33.253856902358848 ], [ -70.820275258797864, -33.253888086339991 ], [ -70.819681340710204, -33.254410985645414 ], [ -70.819679924151657, -33.254412211490326 ], [ -70.819678482671037, -33.254413416652127 ], [ -70.819677016696062, -33.254414600773195 ], [ -70.819675526661769, -33.254415763502152 ], [ -70.819674013010271, -33.254416904493951 ], [ -70.819672476190746, -33.254418023410061 ], [ -70.819670916659234, -33.254419119918431 ], [ -70.819669334878498, -33.254420193693683 ], [ -70.819667731317921, -33.254421244417188 ], [ -70.819666106453312, -33.254422271777159 ], [ -70.819664460766873, -33.254423275468717 ], [ -70.819662794746918, -33.254424255194081 ], [ -70.819661108887814, -33.254425210662482 ], [ -70.819659403689826, -33.254426141590407 ], [ -70.81965767965896, -33.254427047701618 ], [ -70.819655937306791, -33.254427928727232 ], [ -70.819654177150341, -33.254428784405818 ], [ -70.819652399711913, -33.25442961448347 ], [ -70.819650605518959, -33.254430418713866 ], [ -70.819648795103873, -33.254431196858356 ], [ -70.819646969003884, -33.254431948686033 ], [ -70.819645127760836, -33.254432673973803 ], [ -70.819643271921137, -33.254433372506448 ], [ -70.819641402035458, -33.254434044076696 ], [ -70.819639518658676, -33.254434688485226 ], [ -70.81963762234966, -33.254435305540881 ], [ -70.819635713671119, -33.254435895060496 ], [ -70.819633793189425, -33.254436456869165 ], [ -70.819631861474463, -33.254436990800173 ], [ -70.819629919099469, -33.254437496695104 ], [ -70.819627966640795, -33.2544379744038 ], [ -70.819626004677801, -33.254438423784542 ], [ -70.819624033792707, -33.254438844703962 ], [ -70.819622054570331, -33.254439237037154 ], [ -70.819620067597995, -33.254439600667716 ], [ -70.819618073465307, -33.25443993548771 ], [ -70.819616072763992, -33.254440241397823 ], [ -70.819614066087766, -33.254440518307256 ], [ -70.819612054032049, -33.25444076613384 ], [ -70.819610037193925, -33.254440984804035 ], [ -70.819608016171841, -33.254441174252975 ], [ -70.819605991565552, -33.254441334424413 ], [ -70.819603963975808, -33.254441465270823 ], [ -70.819601934004282, -33.2544415667534 ], [ -70.81959990225333, -33.254441638842025 ], [ -70.819597869325875, -33.254441681515281 ], [ -70.819595835825154, -33.25444169476053 ], [ -70.819593802354589, -33.254441678573833 ], [ -70.819591769517586, -33.254441632960003 ], [ -70.819589737917369, -33.254441557932559 ], [ -70.819587708156774, -33.25444145351377 ], [ -70.819585680838145, -33.254441319734617 ], [ -70.819583656563054, -33.254441156634805 ], [ -70.819581635932153, -33.254440964262741 ], [ -70.818338038325251, -33.254313438247749 ], [ -70.816197899048348, -33.254093945274995 ], [ -70.816072525468542, -33.254080157217864 ], [ -70.815947455546777, -33.254064543369118 ], [ -70.815822726948014, -33.254047108430619 ], [ -70.81569837723444, -33.254027857652659 ], [ -70.815574443854061, -33.254006796832385 ], [ -70.815450964129425, -33.253983932312018 ], [ -70.81532797524639, -33.253959270976978 ], [ -70.815205514242919, -33.253932820253809 ], [ -70.815083617997928, -33.253904588107893 ], [ -70.814962323220172, -33.253874583041117 ], [ -70.814841666437104, -33.253842814089239 ], [ -70.814721683984033, -33.253809290819277 ], [ -70.814602411993036, -33.253774023326471 ], [ -70.81410138700619, -33.253616421476288 ], [ -70.814099480759737, -33.253615805997683 ], [ -70.814097587470343, -33.253615162905866 ], [ -70.814095707704595, -33.253614492393275 ], [ -70.814093842025002, -33.253613794660559 ], [ -70.814091990989922, -33.253613069916518 ], [ -70.814090155153252, -33.25361231837806 ], [ -70.814088335064383, -33.25361154027005 ], [ -70.814086531267989, -33.253610735825362 ], [ -70.814084744303884, -33.25360990528474 ], [ -70.814082974706821, -33.253609048896699 ], [ -70.814081223006326, -33.253608166917552 ], [ -70.814079489726652, -33.253607259611208 ], [ -70.81407777538648, -33.253606327249223 ], [ -70.814076080498822, -33.253605370110563 ], [ -70.814074405570906, -33.253604388481662 ], [ -70.81407275110395, -33.25360338265633 ], [ -70.814071117593059, -33.253602352935523 ], [ -70.814069505527073, -33.253601299627405 ], [ -70.814067915388407, -33.253600223047179 ], [ -70.81406634765294, -33.253599123517013 ], [ -70.814064802789801, -33.253598001365951 ], [ -70.814063281261312, -33.253596856929825 ], [ -70.814061783522803, -33.25359569055108 ], [ -70.814060310022469, -33.253594502578785 ], [ -70.814058861201261, -33.253593293368453 ], [ -70.814057437492764, -33.253592063281907 ], [ -70.814056039323006, -33.253590812687307 ], [ -70.814054667110412, -33.253589541958881 ], [ -70.814053321265632, -33.25358825147692 ], [ -70.814052002191389, -33.25358694162756 ], [ -70.814050710282459, -33.25358561280283 ], [ -70.814049445925406, -33.253584265400356 ], [ -70.814048209498651, -33.253582899823378 ], [ -70.814047001372145, -33.253581516480544 ], [ -70.814045821907484, -33.253580115785816 ], [ -70.814044671457566, -33.253578698158385 ], [ -70.814043550366719, -33.253577264022468 ], [ -70.814042458970405, -33.253575813807252 ], [ -70.814041397595247, -33.253574347946696 ], [ -70.814040366558842, -33.253572866879495 ], [ -70.814039366169766, -33.253571371048849 ], [ -70.814038396727369, -33.253569860902402 ], [ -70.814037458521753, -33.253568336892066 ], [ -70.814036551833695, -33.253566799473937 ], [ -70.814035676934523, -33.253565249108064 ], [ -70.814034834086058, -33.25356368625841 ], [ -70.814034023540501, -33.253562111392682 ], [ -70.814033245540443, -33.253560524982134 ], [ -70.814032500318675, -33.253558927501551 ], [ -70.814031788098234, -33.253557319428957 ], [ -70.814031109092241, -33.253555701245602 ], [ -70.814030463503897, -33.253554073435716 ], [ -70.814029851526371, -33.25355243648643 ], [ -70.814029273342825, -33.253550790887608 ], [ -70.814028729126278, -33.253549137131728 ], [ -70.814028219039585, -33.253547475713681 ], [ -70.814027743235386, -33.253545807130628 ], [ -70.814027301856072, -33.253544131881931 ], [ -70.81402689503372, -33.253542450468899 ], [ -70.814026522890074, -33.25354076339471 ], [ -70.814026185536505, -33.253539071164226 ], [ -70.814025883073953, -33.253537374283866 ], [ -70.814025615592939, -33.253535673261432 ], [ -70.814025383173515, -33.25353396860595 ], [ -70.814025185885214, -33.253532260827562 ], [ -70.814025023787082, -33.253530550437311 ], [ -70.81402489692762, -33.253528837947073 ], [ -70.8140248053448, -33.253527123869283 ], [ -70.814024749066007, -33.253525408716904 ], [ -70.814024728108123, -33.253523693003217 ], [ -70.814024742477358, -33.253521977241626 ], [ -70.814024792169448, -33.253520261945617 ], [ -70.814024877169516, -33.253518547628488 ], [ -70.814024997452123, -33.253516834803257 ], [ -70.814025152981273, -33.253515123982488 ], [ -70.814025343710398, -33.25351341567815 ], [ -70.814025569582441, -33.25351171040149 ], [ -70.814025830529815, -33.253510008662801 ], [ -70.814026126474417, -33.253508310971334 ], [ -70.814026457327685, -33.253506617835136 ], [ -70.814026822990584, -33.253504929760886 ], [ -70.814027223353719, -33.253503247253747 ], [ -70.814027658297263, -33.253501570817228 ], [ -70.81402812769106, -33.253499900952995 ], [ -70.814028631394621, -33.25349823816078 ], [ -70.814029169257239, -33.253496582938176 ], [ -70.814029741117935, -33.253494935780509 ], [ -70.814030346805566, -33.253493297180704 ], [ -70.814030986138903, -33.253491667629135 ], [ -70.814031658926595, -33.253490047613425 ], [ -70.814032364967304, -33.253488437618394 ], [ -70.81403310404977, -33.253486838125816 ], [ -70.814033875952774, -33.253485249614386 ], [ -70.814043215930255, -33.253466939378875 ], [ -70.81405293064887, -33.25344876731311 ], [ -70.814063017214238, -33.253430738830794 ], [ -70.814073472621217, -33.253412859302784 ], [ -70.814084293754817, -33.25339513405563 ], [ -70.814095477391078, -33.253377568369864 ], [ -70.814107020197994, -33.253360167478512 ], [ -70.814118918736682, -33.253342936565467 ], [ -70.8141311694622, -33.253325880764038 ], [ -70.814143768724719, -33.25330900515528 ], [ -70.814156712770568, -33.253292314766668 ], [ -70.814169997743406, -33.25327581457038 ], [ -70.814183619685309, -33.253259509482042 ], [ -70.814197574537943, -33.253243404359068 ], [ -70.814211858143878, -33.253227503999334 ], [ -70.814226466247661, -33.253211813139707 ], [ -70.814241394497273, -33.253196336454629 ], [ -70.814256638445244, -33.253181078554761 ], [ -70.814272193550096, -33.253166043985573 ], [ -70.81428805517767, -33.253151237225985 ], [ -70.814304218602487, -33.253136662687062 ], [ -70.814320679009157, -33.25312232471066 ], [ -70.814337431493854, -33.253108227568205 ], [ -70.814354471065727, -33.253094375459327 ], [ -70.814371792648402, -33.253080772510721 ], [ -70.814389391081505, -33.253067422774755 ], [ -70.814407261122184, -33.253054330228451 ], [ -70.814425397446712, -33.253041498772184 ], [ -70.814443794652007, -33.253028932228496 ], [ -70.814462447257284, -33.253016634341101 ], [ -70.814481349705702, -33.25300460877358 ], [ -70.814500496365952, -33.252992859108467 ], [ -70.815189755254977, -33.252577496307751 ] ] ] ] } },
{ "type": "Feature", "properties": { "fid": "84", "Area": 36817.305 }, "geometry": { "type": "MultiPolygon", "coordinates": [ [ [ [ -70.815653173806041, -33.254529941907144 ], [ -70.815649580054838, -33.254527509156837 ], [ -70.815645937031192, -33.254525128702006 ], [ -70.815642245813024, -33.254522801247006 ], [ -70.81563850749248, -33.254520527480494 ], [ -70.815634723175677, -33.254518308075234 ], [ -70.815630893982316, -33.25451614368788 ], [ -70.815627021045387, -33.254514034958866 ], [ -70.815623105510809, -33.254511982512106 ], [ -70.815619148537138, -33.254509986954879 ], [ -70.815615151295134, -33.254508048877632 ], [ -70.815611114967538, -33.254506168853823 ], [ -70.815607040748617, -33.254504347439685 ], [ -70.815602929843848, -33.254502585174151 ], [ -70.815598783469568, -33.254500882578661 ], [ -70.815594602852613, -33.254499240156953 ], [ -70.815590389229968, -33.254497658395017 ], [ -70.815586143848336, -33.25449613776081 ], [ -70.815581867963829, -33.25449467870434 ], [ -70.815577562841654, -33.25449328165724 ], [ -70.815573229755572, -33.254491947032911 ], [ -70.815568869987658, -33.254490675226222 ], [ -70.815564484827917, -33.254489466613514 ], [ -70.815560075573799, -33.25448832155233 ], [ -70.815555643529933, -33.254487240381515 ], [ -70.815551190007653, -33.254486223420955 ], [ -70.81554671632469, -33.25448527097155 ], [ -70.815542223804727, -33.254484383315123 ], [ -70.815537713777005, -33.254483560714284 ], [ -70.815533187575952, -33.254482803412458 ], [ -70.81552864654077, -33.254482111633678 ], [ -70.815524092015082, -33.254481485582687 ], [ -70.815519525346474, -33.254480925444668 ], [ -70.815514947886129, -33.254480431385375 ], [ -70.815510360988426, -33.254480003550988 ], [ -70.81550576601056, -33.254479642068105 ], [ -70.815501164312067, -33.254479347043684 ], [ -70.815496557254519, -33.254479118564987 ], [ -70.815491946201035, -33.254478956699636 ], [ -70.815487332515957, -33.254478861495542 ], [ -70.815482717564365, -33.254478832980837 ], [ -70.815478102711737, -33.254478871163997 ], [ -70.815473489323523, -33.254478976033703 ], [ -70.815468878764747, -33.254479147558932 ], [ -70.815330903679055, -33.254485279919933 ], [ -70.815326303454981, -33.254485517682795 ], [ -70.815321708770696, -33.25448582180271 ], [ -70.815317120982058, -33.25448619218988 ], [ -70.815312541442893, -33.25448662873503 ], [ -70.815307971504581, -33.254487131309354 ], [ -70.815303412515647, -33.254487699764525 ], [ -70.815298865821433, -33.254488333932819 ], [ -70.815294332763656, -33.254489033627067 ], [ -70.815289814679929, -33.254489798640826 ], [ -70.815285312903541, -33.254490628748336 ], [ -70.815280828762894, -33.254491523704644 ], [ -70.815276363581262, -33.254492483245635 ], [ -70.815271918676245, -33.254493507088192 ], [ -70.815267495359521, -33.254494594930158 ], [ -70.815263094936356, -33.254495746450544 ], [ -70.815258718705294, -33.25449696130952 ], [ -70.815254367957735, -33.254498239148617 ], [ -70.815250043977528, -33.254499579590743 ], [ -70.815245748040638, -33.254500982240337 ], [ -70.815241481414787, -33.254502446683517 ], [ -70.815237245359, -33.254503972488109 ], [ -70.815233041123321, -33.254505559203885 ], [ -70.815228869948385, -33.254507206362597 ], [ -70.815224733065051, -33.25450891347819 ], [ -70.815220631694089, -33.254510680046899 ], [ -70.815216567045809, -33.254512505547453 ], [ -70.815212540319635, -33.254514389441155 ], [ -70.815208552703822, -33.254516331172042 ], [ -70.815204605375087, -33.25451833016718 ], [ -70.815200699498263, -33.254520385836663 ], [ -70.815196836225937, -33.254522497573852 ], [ -70.815193016698146, -33.254524664755643 ], [ -70.815189242041995, -33.254526886742475 ], [ -70.815185513371361, -33.254529162878683 ], [ -70.815181831786532, -33.254531492492582 ], [ -70.815178198373957, -33.25453387489673 ], [ -70.815174614205787, -33.254536309388094 ], [ -70.815171080339709, -33.25453879524828 ], [ -70.815167597818544, -33.254541331743731 ], [ -70.815164167669963, -33.254543918125961 ], [ -70.815160790906162, -33.254546553631712 ], [ -70.815157468523608, -33.254549237483303 ], [ -70.815154201502736, -33.254551968888727 ], [ -70.815150990807609, -33.254554747041986 ], [ -70.81514783738568, -33.254557571123271 ], [ -70.815144742167504, -33.254560440299194 ], [ -70.81514170606647, -33.254563353723093 ], [ -70.8151387299785, -33.254566310535246 ], [ -70.81513581478184, -33.254569309863129 ], [ -70.81513296133673, -33.254572350821647 ], [ -70.815130170485233, -33.254575432513448 ], [ -70.815127443050883, -33.254578554029138 ], [ -70.815124779838555, -33.254581714447575 ], [ -70.815122181634152, -33.254584912836158 ], [ -70.815119649204362, -33.254588148251074 ], [ -70.815117183296508, -33.254591419737579 ], [ -70.815114784638297, -33.254594726330239 ], [ -70.81511245393753, -33.254598067053358 ], [ -70.815110191881999, -33.254601440921071 ], [ -70.815107999139229, -33.254604846937795 ], [ -70.815105876356284, -33.254608284098438 ], [ -70.814963305010082, -33.254844063449937 ], [ -70.81496116225685, -33.254847532251596 ], [ -70.814958948249355, -33.25485096932097 ], [ -70.814956663653092, -33.254854373625001 ], [ -70.814954309154729, -33.254857744140381 ], [ -70.814951885462008, -33.254861079854031 ], [ -70.814949393303365, -33.254864379763312 ], [ -70.814946833427953, -33.254867642876341 ], [ -70.814944206605162, -33.254870868212279 ], [ -70.814941513624547, -33.254874054801697 ], [ -70.814938755295572, -33.254877201686739 ], [ -70.814935932447327, -33.254880307921532 ], [ -70.814933045928271, -33.254883372572436 ], [ -70.814930096606034, -33.254886394718248 ], [ -70.814927085367103, -33.254889373450574 ], [ -70.814924013116595, -33.254892307874101 ], [ -70.814920880777947, -33.254895197106798 ], [ -70.81491768929267, -33.25489804028021 ], [ -70.814914439620054, -33.25490083653974 ], [ -70.814911132736867, -33.254903585044914 ], [ -70.814907769637088, -33.254906284969572 ], [ -70.814904351331592, -33.254908935502179 ], [ -70.814900878847808, -33.254911535846048 ], [ -70.81489735322954, -33.254914085219546 ], [ -70.814893775536461, -33.254916582856417 ], [ -70.814890146843979, -33.254919028005922 ], [ -70.814886468242761, -33.254921419933083 ], [ -70.814882740838556, -33.254923757918945 ], [ -70.814878965751703, -33.254926041260788 ], [ -70.814875144116911, -33.254928269272213 ], [ -70.814871277082901, -33.254930441283605 ], [ -70.814867365811992, -33.254932556642068 ], [ -70.814863411479834, -33.254934614711772 ], [ -70.814859415275038, -33.254936614874111 ], [ -70.814855378398732, -33.25493855652789 ], [ -70.814851302064341, -33.254940439089459 ], [ -70.814847187497108, -33.254942261992966 ], [ -70.814843035933805, -33.254944024690495 ], [ -70.814838848622273, -33.254945726652231 ], [ -70.814834626821153, -33.254947367366576 ], [ -70.814830371799403, -33.254948946340363 ], [ -70.814826084836, -33.254950463099 ], [ -70.814821767219527, -33.254951917186588 ], [ -70.814817420247749, -33.25495330816603 ], [ -70.814813045227282, -33.254954635619256 ], [ -70.814808643473157, -33.254955899147234 ], [ -70.81480421630846, -33.254957098370205 ], [ -70.814799765063896, -33.254958232927699 ], [ -70.814795291077402, -33.25495930247866 ], [ -70.814790795693781, -33.254960306701626 ], [ -70.814786280264258, -33.254961245294766 ], [ -70.814781746146053, -33.254962117975921 ], [ -70.814777194702032, -33.254962924482825 ], [ -70.814772627300272, -33.254963664573005 ], [ -70.814768045313642, -33.254964338024052 ], [ -70.814763450119372, -33.254964944633528 ], [ -70.814758843098701, -33.254965484219092 ], [ -70.814754225636406, -33.254965956618541 ], [ -70.814749599120375, -33.254966361689917 ], [ -70.814744964941255, -33.254966699311424 ], [ -70.814740324491964, -33.254966969381606 ], [ -70.81473567916737, -33.254967171819281 ], [ -70.814731030363745, -33.254967306563593 ], [ -70.814726379478387, -33.254967373574047 ], [ -70.814721727909287, -33.254967372830507 ], [ -70.81471707705461, -33.254967304333178 ], [ -70.814712428312305, -33.254967168102667 ], [ -70.814707783079669, -33.2549669641799 ], [ -70.814703142752975, -33.254966692626176 ], [ -70.81469850872702, -33.254966353523159 ], [ -70.814693882394678, -33.254965946972725 ], [ -70.814689265146541, -33.254965473097087 ], [ -70.814684658370439, -33.254964932038689 ], [ -70.814680063451092, -33.254964323960159 ], [ -70.814675481769626, -33.254963649044285 ], [ -70.8146709147032, -33.254962907493912 ], [ -70.814666363624582, -33.254962099531944 ], [ -70.814661829901738, -33.254961225401239 ], [ -70.814657314897403, -33.254960285364525 ], [ -70.814652819968671, -33.25495927970438 ], [ -70.81348277653592, -33.254688349559522 ], [ -70.813552225482638, -33.254542254158515 ], [ -70.813832662700463, -33.253925913093859 ], [ -70.813833411782781, -33.253924308690856 ], [ -70.813834193931271, -33.253922715465535 ], [ -70.813835008909791, -33.253921133898928 ], [ -70.813835856472252, -33.253919564468518 ], [ -70.813836736362802, -33.253918007648181 ], [ -70.813837648315726, -33.253916463907949 ], [ -70.813838592055717, -33.253914933713901 ], [ -70.813839567297848, -33.25391341752804 ], [ -70.813840573747626, -33.253911915808139 ], [ -70.813841611101239, -33.25391042900759 ], [ -70.81384267904545, -33.253908957575277 ], [ -70.813843777257816, -33.253907501955496 ], [ -70.813844905406782, -33.25390606258771 ], [ -70.813846063151729, -33.25390463990648 ], [ -70.813847250143098, -33.253903234341351 ], [ -70.81384846602252, -33.253901846316722 ], [ -70.8138497104229, -33.25390047625163 ], [ -70.813850982968518, -33.253899124559744 ], [ -70.813852283275153, -33.253897791649166 ], [ -70.813853610950218, -33.253896477922304 ], [ -70.813854965592867, -33.25389518377586 ], [ -70.813856346794111, -33.253893909600528 ], [ -70.813857754136919, -33.253892655781002 ], [ -70.813859187196385, -33.253891422695837 ], [ -70.813860645539833, -33.25389021071733 ], [ -70.813862128726967, -33.253889020211432 ], [ -70.813863636309975, -33.253887851537542 ], [ -70.813865167833697, -33.253886705048529 ], [ -70.813866722835712, -33.253885581090529 ], [ -70.813868300846551, -33.25388448000291 ], [ -70.813869901389765, -33.253883402118099 ], [ -70.813871523982101, -33.253882347761518 ], [ -70.813873168133711, -33.253881317251519 ], [ -70.813874833348152, -33.253880310899241 ], [ -70.813876519122658, -33.25387932900852 ], [ -70.813878224948269, -33.253878371875793 ], [ -70.813879950309968, -33.253877439790038 ], [ -70.813881694686813, -33.253876533032688 ], [ -70.813883457552151, -33.253875651877507 ], [ -70.813885238373729, -33.25387479659053 ], [ -70.813887036613892, -33.253873967429989 ], [ -70.8138888517297, -33.253873164646222 ], [ -70.813890683173128, -33.253872388481618 ], [ -70.813892530391229, -33.253871639170498 ], [ -70.813894392826299, -33.253870916939107 ], [ -70.813896269916015, -33.253870222005496 ], [ -70.813898161093647, -33.253869554579481 ], [ -70.813900065788218, -33.253868914862586 ], [ -70.813901983424643, -33.253868303047931 ], [ -70.813903913423971, -33.253867719320247 ], [ -70.813905855203473, -33.253867163855787 ], [ -70.813907808176893, -33.253866636822238 ], [ -70.813909771754581, -33.253866138378719 ], [ -70.813911745343702, -33.253865668675751 ], [ -70.813913728348396, -33.253865227855108 ], [ -70.813915720169931, -33.253864816049912 ], [ -70.813917720206945, -33.253864433384486 ], [ -70.813919727855577, -33.253864079974349 ], [ -70.813921742509677, -33.253863755926233 ], [ -70.813923763560993, -33.253863461337943 ], [ -70.81392579039931, -33.253863196298433 ], [ -70.813927822412694, -33.253862960887759 ], [ -70.813929858987649, -33.253862755176954 ], [ -70.813931899509257, -33.253862579228134 ], [ -70.813933943361462, -33.253862433094426 ], [ -70.813935989927202, -33.253862316819941 ], [ -70.813938038588532, -33.253862230439807 ], [ -70.813940088726952, -33.253862173980075 ], [ -70.813942139723466, -33.253862147457816 ], [ -70.81394419095885, -33.253862150881041 ], [ -70.813946241813767, -33.253862184248703 ], [ -70.813948291669064, -33.253862247550707 ], [ -70.813950339905801, -33.253862340767981 ], [ -70.813952385905608, -33.253862463872345 ], [ -70.813954429050725, -33.253862616826659 ], [ -70.813956468724314, -33.253862799584731 ], [ -70.813958504310534, -33.253863012091394 ], [ -70.813960535194809, -33.253863254282457 ], [ -70.813962560763954, -33.253863526084835 ], [ -70.813964580406449, -33.253863827416431 ], [ -70.813966593512461, -33.253864158186296 ], [ -70.813968599474236, -33.253864518294549 ], [ -70.813970597686136, -33.253864907632469 ], [ -70.813972587544839, -33.253865326082504 ], [ -70.813974568449552, -33.253865773518314 ], [ -70.81397653980224, -33.253866249804815 ], [ -70.813978501007682, -33.253866754798203 ], [ -70.813980451473739, -33.253867288345994 ], [ -70.813982390611542, -33.253867850287122 ], [ -70.813984317835647, -33.253868440451924 ], [ -70.814492899834519, -33.254028398859909 ], [ -70.814617441902499, -33.254065224657872 ], [ -70.814742725830811, -33.254100229163747 ], [ -70.81486871389059, -33.254133401836086 ], [ -70.814995368140742, -33.254164732685147 ], [ -70.815122650439477, -33.254194212275834 ], [ -70.815250522455742, -33.254221831730518 ], [ -70.815378945680749, -33.254247582731793 ], [ -70.8155078814397, -33.254271457524943 ], [ -70.815637290903268, -33.254293448920258 ], [ -70.815767135099463, -33.254313550295223 ], [ -70.815897374925243, -33.25433175559651 ], [ -70.816027971158391, -33.254348059341815 ], [ -70.816158884469274, -33.254362456621458 ], [ -70.818228166665378, -33.254574682874654 ], [ -70.819129694906891, -33.254667132750583 ], [ -70.819131733056196, -33.254667356898153 ], [ -70.81913376625144, -33.254667610827482 ], [ -70.819135793876171, -33.254667894461591 ], [ -70.819137815315656, -33.254668207714474 ], [ -70.819139829957038, -33.254668550491161 ], [ -70.81914183718952, -33.254668922687742 ], [ -70.819143836404521, -33.254669324191369 ], [ -70.819145826995907, -33.254669754880297 ], [ -70.819147808360199, -33.254670214623957 ], [ -70.819149779896648, -33.254670703282969 ], [ -70.819151741007545, -33.25467122070917 ], [ -70.819153691098307, -33.254671766745695 ], [ -70.819155629577693, -33.254672341226993 ], [ -70.819157555858013, -33.254672943978882 ], [ -70.819159469355213, -33.254673574818639 ], [ -70.819161369489166, -33.254674233554979 ], [ -70.819163255683804, -33.25467491998819 ], [ -70.819165127367256, -33.254675633910175 ], [ -70.819166983972067, -33.254676375104474 ], [ -70.819168824935318, -33.254677143346363 ], [ -70.81917064969889, -33.254677938402935 ], [ -70.819172457709527, -33.25467876003313 ], [ -70.819174248419088, -33.25467960798786 ], [ -70.819176021284633, -33.254680482010031 ], [ -70.819177775768694, -33.254681381834665 ], [ -70.819179511339328, -33.254682307188915 ], [ -70.819181227470338, -33.254683257792273 ], [ -70.819182923641407, -33.254684233356514 ], [ -70.8191845993383, -33.254685233585867 ], [ -70.81918625405298, -33.254686258177081 ], [ -70.819187887283761, -33.254687306819498 ], [ -70.819189498535465, -33.254688379195215 ], [ -70.819191087319595, -33.254689474979095 ], [ -70.81919265315446, -33.254690593838895 ], [ -70.819194195565331, -33.254691735435443 ], [ -70.819195714084543, -33.254692899422594 ], [ -70.819197208251737, -33.25469408544744 ], [ -70.819198677613912, -33.254695293150426 ], [ -70.819200121725572, -33.254696522165375 ], [ -70.819201540148867, -33.254697772119677 ], [ -70.819202932453777, -33.254699042634371 ], [ -70.819204298218168, -33.254700333324259 ], [ -70.819205637027963, -33.254701643798008 ], [ -70.819206948477259, -33.25470297365834 ], [ -70.81920823216845, -33.254704322502029 ], [ -70.819209487712328, -33.254705689920158 ], [ -70.819210714728243, -33.254707075498111 ], [ -70.819211912844196, -33.254708478815843 ], [ -70.819213081696915, -33.254709899447889 ], [ -70.819214220932039, -33.254711336963496 ], [ -70.819215330204145, -33.254712790926888 ], [ -70.819216409176931, -33.254714260897202 ], [ -70.819217457523294, -33.254715746428801 ], [ -70.819218474925364, -33.254717247071291 ], [ -70.819219461074681, -33.254718762369691 ], [ -70.819220415672277, -33.254720291864587 ], [ -70.819221338428704, -33.254721835092283 ], [ -70.819222229064238, -33.254723391584868 ], [ -70.819223087308814, -33.254724960870455 ], [ -70.819223912902245, -33.254726542473286 ], [ -70.819224705594223, -33.254728135913801 ], [ -70.819225465144385, -33.254729740708932 ], [ -70.819226191322485, -33.254731356372126 ], [ -70.819226883908343, -33.254732982413515 ], [ -70.819227542691976, -33.254734618340144 ], [ -70.819228167473653, -33.254736263655992 ], [ -70.819228758063943, -33.254737917862258 ], [ -70.819229314283803, -33.254739580457418 ], [ -70.819229835964563, -33.254741250937371 ], [ -70.819230322948087, -33.254742928795679 ], [ -70.819230775086709, -33.254744613523627 ], [ -70.81923119224335, -33.25474630461045 ], [ -70.819231574291535, -33.254748001543426 ], [ -70.819231921115431, -33.254749703808088 ], [ -70.819232232609878, -33.254751410888311 ], [ -70.819232508680457, -33.254753122266564 ], [ -70.81923274924344, -33.254754837423981 ], [ -70.81923295422591, -33.254756555840522 ], [ -70.819233123565695, -33.254758276995247 ], [ -70.819233257211494, -33.254760000366289 ], [ -70.819233355122719, -33.254761725431173 ], [ -70.819233417269743, -33.254763451666868 ], [ -70.819233443633692, -33.254765178550024 ], [ -70.819233434206581, -33.254766905557076 ], [ -70.819233388991265, -33.254768632164406 ], [ -70.819233308001444, -33.25477035784855 ], [ -70.819233191261674, -33.254772082086312 ], [ -70.819233038807354, -33.254773804354926 ], [ -70.819232850684699, -33.254775524132228 ], [ -70.819232626950736, -33.254777240896821 ], [ -70.819232367673308, -33.254778954128192 ], [ -70.819232072931001, -33.254780663306917 ], [ -70.819231742813187, -33.254782367914828 ], [ -70.819231377419953, -33.254784067435089 ], [ -70.819230976862087, -33.254785761352451 ], [ -70.819230541261007, -33.254787449153319 ], [ -70.819230070748802, -33.254789130325996 ], [ -70.819229565468092, -33.254790804360788 ], [ -70.819229025572099, -33.254792470750147 ], [ -70.819228451224475, -33.254794128988856 ], [ -70.819227842599389, -33.254795778574135 ], [ -70.81922719988134, -33.254797419005875 ], [ -70.819226523265186, -33.25479904978674 ], [ -70.819225812956091, -33.254800670422298 ], [ -70.819225069169363, -33.254802280421181 ], [ -70.819224292130542, -33.254803879295267 ], [ -70.819223482075202, -33.254805466559809 ], [ -70.819222639248935, -33.254807041733578 ], [ -70.819221763907265, -33.254808604338997 ], [ -70.819220856315582, -33.254810153902326 ], [ -70.819219916749063, -33.25481168995374 ], [ -70.819218945492551, -33.254813212027557 ], [ -70.819217942840524, -33.254814719662271 ], [ -70.819216909096966, -33.254816212400826 ], [ -70.819215844575297, -33.254817689790634 ], [ -70.819214749598245, -33.254819151383778 ], [ -70.819213624497806, -33.254820596737126 ], [ -70.819212469615081, -33.254822025412459 ], [ -70.819211285300213, -33.25482343697665 ], [ -70.819210071912252, -33.25482483100172 ], [ -70.819208829819104, -33.254826207065001 ], [ -70.819207559397341, -33.254827564749334 ], [ -70.819206261032122, -33.254828903643073 ], [ -70.819204935117085, -33.254830223340257 ], [ -70.819203582054257, -33.254831523440828 ], [ -70.819202202253834, -33.25483280355057 ], [ -70.81920079613414, -33.2548340632814 ], [ -70.818623182858175, -33.25534259168122 ], [ -70.816831860179661, -33.255160066398062 ], [ -70.816813603637641, -33.255158072383239 ], [ -70.816795390494036, -33.255155815542018 ], [ -70.816777226108641, -33.255153296538545 ], [ -70.816759115826954, -33.255150516114107 ], [ -70.816741064978444, -33.25514747508695 ], [ -70.816723078875185, -33.25514417435194 ], [ -70.816705162810152, -33.255140614880467 ], [ -70.816687322055685, -33.255136797719977 ], [ -70.816669561862028, -33.255132723993817 ], [ -70.816651887455649, -33.25512839490078 ], [ -70.816634304037791, -33.255123811714853 ], [ -70.81661681678294, -33.255118975784761 ], [ -70.816599430837258, -33.255113888533643 ], [ -70.816582151317093, -33.255108551458562 ], [ -70.816564983307472, -33.25510296613011 ], [ -70.816547931860612, -33.255097134191985 ], [ -70.816531001994406, -33.255091057360367 ], [ -70.816514198690996, -33.255084737423559 ], [ -70.816497526895262, -33.255078176241405 ], [ -70.816480991513345, -33.255071375744741 ], [ -70.816464597411297, -33.255064337934812 ], [ -70.816448349413548, -33.255057064882706 ], [ -70.816432252301553, -33.255049558728736 ], [ -70.816416310812357, -33.255041821681836 ], [ -70.816400529637207, -33.255033856018848 ], [ -70.816384913420151, -33.255025664083917 ], [ -70.816369466756711, -33.255017248287778 ], [ -70.816354194192471, -33.255008611107023 ], [ -70.816339100221839, -33.254999755083404 ], [ -70.816324189286604, -33.254990682823085 ], [ -70.816309465774737, -33.254981396995838 ], [ -70.816294934018984, -33.254971900334297 ], [ -70.816280598295734, -33.254962195633155 ], [ -70.815653173806041, -33.254529941907144 ] ] ] ] } },
{ "type": "Feature", "properties": { "fid": "85", "Area": 72003.561 }, "geometry": { "type": "MultiPolygon", "coordinates": [ [ [ [ -70.814536483819069, -33.256075574436991 ], [ -70.814535305800618, -33.256071800547389 ], [ -70.814534050218512, -33.256068044352389 ], [ -70.814532717448898, -33.256064306977201 ], [ -70.814531307891002, -33.256060589541384 ], [ -70.814529821967085, -33.256056893158487 ], [ -70.814528260122273, -33.256053218935811 ], [ -70.814526622824445, -33.256049567973974 ], [ -70.814524910564046, -33.256045941366672 ], [ -70.81452312385403, -33.256042340200217 ], [ -70.814521263229594, -33.256038765553427 ], [ -70.814519329248142, -33.256035218497047 ], [ -70.81451732248901, -33.256031700093658 ], [ -70.814515243553302, -33.256028211397208 ], [ -70.814513093063837, -33.256024753452735 ], [ -70.81451087166478, -33.256021327296111 ], [ -70.814508580021581, -33.256017933953643 ], [ -70.814506218820739, -33.256014574441828 ], [ -70.814503788769557, -33.256011249767049 ], [ -70.814501290595956, -33.256007960925182 ], [ -70.81449872504831, -33.256004708901465 ], [ -70.814496092895141, -33.256001494670024 ], [ -70.814493394924938, -33.255998319193722 ], [ -70.814490631945887, -33.255995183423764 ], [ -70.814487804785685, -33.2559920882995 ], [ -70.814484914291185, -33.255989034748112 ], [ -70.814481961328298, -33.255986023684279 ], [ -70.814478946781577, -33.255983056009981 ], [ -70.814475871554066, -33.255980132614219 ], [ -70.814472736566955, -33.255977254372688 ], [ -70.814469542759369, -33.255974422147588 ], [ -70.814466291088024, -33.255971636787343 ], [ -70.81446298252699, -33.255968899126295 ], [ -70.814459618067346, -33.255966209984521 ], [ -70.81445619871694, -33.255963570167609 ], [ -70.814452725500075, -33.255960980466284 ], [ -70.814449199457172, -33.255958441656325 ], [ -70.814445621644467, -33.255955954498226 ], [ -70.814441993133727, -33.255953519737048 ], [ -70.81443831501187, -33.255951138102134 ], [ -70.814434588380735, -33.255948810306911 ], [ -70.814430814356626, -33.255946537048665 ], [ -70.814426994070075, -33.255944319008385 ], [ -70.814423128665496, -33.255942156850494 ], [ -70.814419219300746, -33.255940051222659 ], [ -70.814415267146941, -33.255938002755641 ], [ -70.814411273387947, -33.255936012063053 ], [ -70.814407239220102, -33.255934079741237 ], [ -70.8144031658519, -33.255932206369025 ], [ -70.813749175892937, -33.255637579623354 ], [ -70.813745091694599, -33.255635701131773 ], [ -70.813741046910835, -33.255633763375847 ], [ -70.813737042759797, -33.255631766939203 ], [ -70.813733080447392, -33.255629712423065 ], [ -70.813729161166918, -33.255627600446203 ], [ -70.81372528609873, -33.25562543164466 ], [ -70.81372145640988, -33.255623206671608 ], [ -70.813717673253706, -33.255620926197125 ], [ -70.813713937769577, -33.255618590908007 ], [ -70.813710251082469, -33.255616201507586 ], [ -70.813706614302689, -33.255613758715427 ], [ -70.813703028525509, -33.255611263267234 ], [ -70.813699494830828, -33.255608715914548 ], [ -70.813696014282868, -33.255606117424563 ], [ -70.813692587929864, -33.255603468579807 ], [ -70.813689216803667, -33.255600770178063 ], [ -70.81368590191957, -33.255598023031965 ], [ -70.813682644275886, -33.255595227968854 ], [ -70.81367944485369, -33.255592385830539 ], [ -70.813676304616536, -33.255589497472954 ], [ -70.813673224510154, -33.255586563765945 ], [ -70.813670205462145, -33.255583585593079 ], [ -70.813667248381748, -33.255580563851261 ], [ -70.813664354159513, -33.255577499450524 ], [ -70.813661523667079, -33.255574393313779 ], [ -70.813658757756883, -33.255571246376455 ], [ -70.813656057261895, -33.255568059586331 ], [ -70.813653422995429, -33.255564833903129 ], [ -70.813650855750808, -33.255561570298312 ], [ -70.813648356301186, -33.255558269754779 ], [ -70.813645925399314, -33.255554933266531 ], [ -70.813643563777291, -33.255551561838381 ], [ -70.813641272146313, -33.255548156485716 ], [ -70.81363905119656, -33.255544718234077 ], [ -70.81363690159688, -33.255541248118959 ], [ -70.813634823994661, -33.255537747185429 ], [ -70.813632819015581, -33.255534216487852 ], [ -70.813630887263457, -33.25553065708953 ], [ -70.813629029320083, -33.255527070062456 ], [ -70.813627245744954, -33.255523456486877 ], [ -70.813625537075254, -33.255519817451102 ], [ -70.81362390382553, -33.255516154051065 ], [ -70.813622346487648, -33.255512467390069 ], [ -70.813620865530623, -33.255508758578358 ], [ -70.813619461400478, -33.255505028732948 ], [ -70.813618134520041, -33.255501278977093 ], [ -70.813616885288937, -33.255497510440101 ], [ -70.813615714083355, -33.255493724256937 ], [ -70.813614621256022, -33.255489921567815 ], [ -70.813613607136062, -33.25548610351801 ], [ -70.813612672028867, -33.255482271257364 ], [ -70.813611816216053, -33.255478425940019 ], [ -70.813611039955333, -33.25547456872404 ], [ -70.813610343480505, -33.255470700771077 ], [ -70.813609727001278, -33.255466823246032 ], [ -70.813609190703332, -33.255462937316651 ], [ -70.813608734748144, -33.255459044153248 ], [ -70.813608359273047, -33.25545514492832 ], [ -70.81360806439109, -33.255451240816136 ], [ -70.81360785019109, -33.255447332992524 ], [ -70.813607716737522, -33.255443422634301 ], [ -70.813607664070588, -33.255439510919182 ], [ -70.813607692206119, -33.255435599025205 ], [ -70.813607801135646, -33.2554316881305 ], [ -70.813607990826341, -33.255427779412891 ], [ -70.813608261221063, -33.255423874049526 ], [ -70.813608612238397, -33.255419973216561 ], [ -70.813609043772587, -33.255416078088793 ], [ -70.813609555693674, -33.255412189839262 ], [ -70.81361014784747, -33.255408309639009 ], [ -70.813610820055629, -33.255404438656569 ], [ -70.81361157211569, -33.255400578057753 ], [ -70.813612403801173, -33.255396729005234 ], [ -70.81361331486157, -33.255392892658193 ], [ -70.813614305022526, -33.255389070171994 ], [ -70.813615373985797, -33.25538526269785 ], [ -70.813616521429438, -33.255381471382407 ], [ -70.81361774700791, -33.255377697367479 ], [ -70.81361905035206, -33.255373941789649 ], [ -70.813620431069396, -33.255370205779975 ], [ -70.813621888744052, -33.255366490463572 ], [ -70.813623422937056, -33.255362796959375 ], [ -70.813625033186327, -33.255359126379744 ], [ -70.813626719006933, -33.255355479830094 ], [ -70.81362847989115, -33.255351858408652 ], [ -70.813630315308657, -33.25534826320601 ], [ -70.813632224706666, -33.255344695304956 ], [ -70.813634207510162, -33.255341155779973 ], [ -70.813636263121978, -33.255337645697068 ], [ -70.813638390923032, -33.255334166113315 ], [ -70.813640590272485, -33.25533071807665 ], [ -70.813642860507997, -33.255327302625467 ], [ -70.813645200945828, -33.255323920788406 ], [ -70.813647610881119, -33.255320573583923 ], [ -70.813650089588108, -33.255317262020071 ], [ -70.813652636320271, -33.255313987094183 ], [ -70.813655250310617, -33.255310749792514 ], [ -70.81365793077191, -33.255307551090056 ], [ -70.813660676896902, -33.255304391950105 ], [ -70.813663487858548, -33.255301273324079 ], [ -70.813666362810281, -33.255298196151195 ], [ -70.813669300886275, -33.255295161358163 ], [ -70.813672301201677, -33.255292169858983 ], [ -70.813675362852919, -33.255289222554552 ], [ -70.813678484917943, -33.255286320332488 ], [ -70.813681666456461, -33.255283464066828 ], [ -70.81368490651036, -33.255280654617785 ], [ -70.813688204103798, -33.255277892831437 ], [ -70.813691558243718, -33.255275179539531 ], [ -70.813694967919929, -33.255272515559227 ], [ -70.81369843210561, -33.255269901692799 ], [ -70.81370194975743, -33.255267338727435 ], [ -70.813705519816025, -33.255264827434999 ], [ -70.813709141206246, -33.25526236857182 ], [ -70.813712812837423, -33.255259962878377 ], [ -70.813716533603824, -33.255257611079209 ], [ -70.81372030238488, -33.255255313882571 ], [ -70.813724118045585, -33.255253071980277 ], [ -70.81372797943682, -33.255250886047527 ], [ -70.81373188539564, -33.255248756742624 ], [ -70.813735834745771, -33.255246684706819 ], [ -70.813739826297777, -33.255244670564153 ], [ -70.813743858849563, -33.255242714921195 ], [ -70.813747931186683, -33.2552408183669 ], [ -70.813752042082712, -33.255238981472473 ], [ -70.8137561902996, -33.255237204791072 ], [ -70.813760374588057, -33.255235488857771 ], [ -70.813764593687935, -33.255233834189369 ], [ -70.813768846328585, -33.255232241284169 ], [ -70.813773131229325, -33.255230710621888 ], [ -70.813777447099682, -33.255229242663511 ], [ -70.813781792639858, -33.255227837851123 ], [ -70.813786166541192, -33.255226496607811 ], [ -70.813790567486379, -33.25522521933749 ], [ -70.813794994150072, -33.255224006424825 ], [ -70.813799445199109, -33.255222858235101 ], [ -70.813803919293022, -33.255221775114109 ], [ -70.813808415084367, -33.255220757388045 ], [ -70.813812931219175, -33.25521980536341 ], [ -70.813817466337412, -33.2552189193269 ], [ -70.813822019073228, -33.255218099545374 ], [ -70.813826588055534, -33.255217346265702 ], [ -70.813831171908348, -33.255216659714762 ], [ -70.81383576925117, -33.255216040099299 ], [ -70.813840378699453, -33.255215487605909 ], [ -70.813844998865036, -33.255215002401009 ], [ -70.813849628356493, -33.255214584630707 ], [ -70.813854265779597, -33.255214234420819 ], [ -70.81385890973776, -33.255213951876797 ], [ -70.813863558832367, -33.255213737083764 ], [ -70.813868211663319, -33.255213590106408 ], [ -70.813872866829357, -33.255213510988952 ], [ -70.813877522928522, -33.25521349975525 ], [ -70.8138821785586, -33.255213556408684 ], [ -70.813886832317479, -33.255213680932201 ], [ -70.813891482803626, -33.255213873288263 ], [ -70.813896128616506, -33.255214133418995 ], [ -70.816364454389031, -33.255370402006669 ], [ -70.81638282634573, -33.255371698369146 ], [ -70.816401169086319, -33.25537325969745 ], [ -70.81641947719767, -33.255375085530865 ], [ -70.816437745276914, -33.255377175330537 ], [ -70.816455967932939, -33.255379528479743 ], [ -70.81647413978807, -33.255382144284042 ], [ -70.816492255479631, -33.255385021971492 ], [ -70.816510309661496, -33.255388160692824 ], [ -70.816528297005661, -33.255391559521797 ], [ -70.816546212203946, -33.255395217455359 ], [ -70.81656404996933, -33.255399133414024 ], [ -70.816581805037771, -33.25540330624213 ], [ -70.816599472169528, -33.255407734708271 ], [ -70.816617046150839, -33.255412417505497 ], [ -70.816634521795464, -33.255417353251921 ], [ -70.816651893946144, -33.255422540490912 ], [ -70.81666915747617, -33.255427977691681 ], [ -70.818027517472515, -33.255867004308392 ], [ -70.817814834658904, -33.256054244107098 ], [ -70.81777659493342, -33.256088478387426 ], [ -70.817739042702655, -33.256123245728084 ], [ -70.817702188492603, -33.256158536384447 ], [ -70.817666042633718, -33.256194340465214 ], [ -70.817630615257897, -33.256230647935169 ], [ -70.817595916295758, -33.256267448618026 ], [ -70.817561955473749, -33.256304732199169 ], [ -70.817528742311481, -33.256342488228697 ], [ -70.817496286119024, -33.256380706124219 ], [ -70.817464595994366, -33.256419375173913 ], [ -70.81743368082077, -33.256458484539458 ], [ -70.817403549264341, -33.256498023259127 ], [ -70.817374209771614, -33.256537980250862 ], [ -70.817345670567079, -33.256578344315272 ], [ -70.817317939651019, -33.256619104138935 ], [ -70.817291024797186, -33.25666024829745 ], [ -70.817264933550618, -33.256701765258669 ], [ -70.817239673225544, -33.256743643385974 ], [ -70.817215250903303, -33.256785870941428 ], [ -70.817191673430415, -33.256828436089222 ], [ -70.817168947416633, -33.256871326898832 ], [ -70.817147079233067, -33.256914531348507 ], [ -70.817126075010393, -33.256958037328474 ], [ -70.816629896940171, -33.258010976881977 ], [ -70.81662913047974, -33.258012563227027 ], [ -70.816628331542461, -33.258014138220922 ], [ -70.81662750036638, -33.258015701394349 ], [ -70.816626637199164, -33.258017252281583 ], [ -70.816625742297973, -33.258018790420515 ], [ -70.816624815929458, -33.258020315352859 ], [ -70.81662385836961, -33.258021826624258 ], [ -70.816622869903767, -33.258023323784421 ], [ -70.816621850826408, -33.25802480638729 ], [ -70.816620801441204, -33.258026273991078 ], [ -70.816619722060764, -33.258027726158538 ], [ -70.816618613006753, -33.258029162456992 ], [ -70.816617474609586, -33.258030582458481 ], [ -70.816616307208449, -33.258031985739912 ], [ -70.816615111151179, -33.25803337188318 ], [ -70.816613886794144, -33.258034740475267 ], [ -70.816612634502121, -33.258036091108423 ], [ -70.816611354648259, -33.258037423380202 ], [ -70.816610047613878, -33.258038736893674 ], [ -70.816608713788426, -33.258040031257451 ], [ -70.816607353569296, -33.258041306085872 ], [ -70.816605967361767, -33.258042560999115 ], [ -70.816604555578891, -33.258043795623259 ], [ -70.816603118641282, -33.258045009590454 ], [ -70.816601656977099, -33.258046202538992 ], [ -70.816600171021832, -33.258047374113445 ], [ -70.816598661218222, -33.258048523964717 ], [ -70.816597128016141, -33.258049651750234 ], [ -70.816595571872398, -33.258050757133944 ], [ -70.816593993250649, -33.258051839786489 ], [ -70.816592392621246, -33.258052899385333 ], [ -70.816590770461076, -33.258053935614726 ], [ -70.816589127253522, -33.25805494816592 ], [ -70.816587463488119, -33.258055936737236 ], [ -70.816585779660628, -33.258056901034138 ], [ -70.816584076272747, -33.25805784076929 ], [ -70.81658235383199, -33.258058755662702 ], [ -70.816580612851581, -33.25805964544179 ], [ -70.816578853850217, -33.258060509841414 ], [ -70.816577077352036, -33.258061348604045 ], [ -70.816575283886337, -33.258062161479778 ], [ -70.816573473987475, -33.25806294822641 ], [ -70.81657164819471, -33.258063708609512 ], [ -70.816569807052062, -33.258064442402535 ], [ -70.816567951108112, -33.258065149386852 ], [ -70.816566080915806, -33.258065829351793 ], [ -70.816564197032392, -33.258066482094776 ], [ -70.8165623000192, -33.258067107421319 ], [ -70.81656039044141, -33.258067705145102 ], [ -70.81655846886801, -33.258068275088021 ], [ -70.816556535871541, -33.258068817080265 ], [ -70.816554592027927, -33.258069330960346 ], [ -70.816552637916359, -33.258069816575158 ], [ -70.816550674119071, -33.258070273780007 ], [ -70.816548701221151, -33.258070702438651 ], [ -70.816546719810461, -33.258071102423393 ], [ -70.816544730477361, -33.258071473615047 ], [ -70.816542733814586, -33.258071815903023 ], [ -70.816540730417032, -33.258072129185322 ], [ -70.816538720881624, -33.25807241336863 ], [ -70.81653670580711, -33.258072668368214 ], [ -70.816534685793883, -33.258072894108153 ], [ -70.816532661443802, -33.258073090521158 ], [ -70.81653063336006, -33.25807325754873 ], [ -70.816528602146889, -33.258073395141068 ], [ -70.816526568409529, -33.258073503257215 ], [ -70.816524532753917, -33.25807358186492 ], [ -70.8165224957866, -33.258073630940792 ], [ -70.816520458114496, -33.258073650470202 ], [ -70.816518420344707, -33.258073640447321 ], [ -70.816516383084434, -33.258073600875143 ], [ -70.81651434694065, -33.25807353176544 ], [ -70.816512312520047, -33.25807343313884 ], [ -70.816510280428801, -33.258073305024702 ], [ -70.816508251272339, -33.258073147461204 ], [ -70.816506225655289, -33.258072960495291 ], [ -70.816504204181186, -33.258072744182662 ], [ -70.816502187452315, -33.258072498587794 ], [ -70.816500176069582, -33.258072223783842 ], [ -70.816498170632272, -33.258071919852682 ], [ -70.816496171737924, -33.258071586884888 ], [ -70.816494179982101, -33.258071224979659 ], [ -70.816492195958276, -33.258070834244819 ], [ -70.816490220257577, -33.258070414796791 ], [ -70.816488253468677, -33.258069966760559 ], [ -70.816486296177558, -33.258069490269612 ], [ -70.81648434896745, -33.258068985465918 ], [ -70.81648241241848, -33.258068452499884 ], [ -70.816480487107683, -33.258067891530331 ], [ -70.816478573608705, -33.258067302724371 ], [ -70.81647667249166, -33.258066686257457 ], [ -70.81638664381876, -33.258036740427592 ], [ -70.81633562596295, -33.258020180730334 ], [ -70.816284287981063, -33.258004334769446 ], [ -70.816232644017887, -33.257989206910835 ], [ -70.816180708302582, -33.257974801322575 ], [ -70.816128495144554, -33.257961121973793 ], [ -70.816076018929735, -33.257948172633448 ], [ -70.816023294116462, -33.257935956869382 ], [ -70.815970335231555, -33.257924478047343 ], [ -70.815917156866334, -33.257913739330029 ], [ -70.815863773672518, -33.257903743676216 ], [ -70.815810200358342, -33.257894493839935 ], [ -70.815756451684308, -33.257885992369786 ], [ -70.815702542459306, -33.257878241608111 ], [ -70.815648487536365, -33.257871243690452 ], [ -70.815594301808716, -33.257865000544932 ], [ -70.815540000205615, -33.257859513891695 ], [ -70.815485597688195, -33.257854785242458 ], [ -70.815086517521138, -33.257822906863957 ], [ -70.815078491817303, -33.257808835090522 ], [ -70.815070757154231, -33.257794648741751 ], [ -70.815063315848121, -33.257780352066128 ], [ -70.815056170127335, -33.257765949345142 ], [ -70.815049322131699, -33.257751444892079 ], [ -70.815042773911898, -33.257736843050679 ], [ -70.815036527428788, -33.257722148193842 ], [ -70.8150305845529, -33.257707364722286 ], [ -70.815024947063833, -33.257692497063331 ], [ -70.815019616649721, -33.257677549669467 ], [ -70.815014594906728, -33.257662527017068 ], [ -70.81500988333859, -33.25764743360503 ], [ -70.814536483819069, -33.256075574436991 ] ] ] ] } },
{ "type": "Feature", "properties": { "fid": "86", "Area": 27796.612 }, "geometry": { "type": "MultiPolygon", "coordinates": [ [ [ [ -70.812990752144771, -33.255723376144495 ], [ -70.81329542204422, -33.255870821316798 ], [ -70.813311424124933, -33.255878721104146 ], [ -70.813327261214198, -33.255886852206729 ], [ -70.813342928575565, -33.255895212192776 ], [ -70.813358421523347, -33.255903798562038 ], [ -70.813373735424008, -33.255912608746577 ], [ -70.813388865697561, -33.255921640111545 ], [ -70.813403807818915, -33.255930889955891 ], [ -70.813418557319267, -33.25594035551326 ], [ -70.813433109787411, -33.255950033952793 ], [ -70.813447460871046, -33.255959922379922 ], [ -70.813461606278139, -33.255970017837292 ], [ -70.813475541778118, -33.255980317305657 ], [ -70.813489263203209, -33.255990817704713 ], [ -70.813502766449631, -33.25600151589412 ], [ -70.813516047478899, -33.256012408674316 ], [ -70.813529102318924, -33.256023492787584 ], [ -70.813541927065302, -33.256034764918994 ], [ -70.813554517882423, -33.256046221697339 ], [ -70.813566871004639, -33.25605785969622 ], [ -70.813578982737383, -33.256069675435036 ], [ -70.813590849458279, -33.256081665380016 ], [ -70.81360246761821, -33.256093825945293 ], [ -70.813613833742409, -33.256106153493995 ], [ -70.813624944431481, -33.25611864433926 ], [ -70.813635796362405, -33.25613129474543 ], [ -70.813646386289562, -33.256144100929092 ], [ -70.813656711045653, -33.256157059060278 ], [ -70.813666767542756, -33.256170165263548 ], [ -70.813676552773074, -33.256183415619184 ], [ -70.813686063810025, -33.256196806164354 ], [ -70.813695297808948, -33.256210332894277 ], [ -70.813704252008094, -33.256223991763498 ], [ -70.813712923729369, -33.256237778686987 ], [ -70.813721310379137, -33.256251689541436 ], [ -70.813729409449067, -33.256265720166475 ], [ -70.813737218516764, -33.256279866365901 ], [ -70.813744735246615, -33.256294123908908 ], [ -70.813751957390423, -33.256308488531481 ], [ -70.814337819000897, -33.25750242844434 ], [ -70.814523941715535, -33.257777966288437 ], [ -70.812262789816046, -33.257597311097186 ], [ -70.812260753057373, -33.257597133363255 ], [ -70.812258720274343, -33.257596925976003 ], [ -70.812256692078535, -33.25759668899785 ], [ -70.812254669080161, -33.257596422500079 ], [ -70.81225265188786, -33.257596126562881 ], [ -70.81225064110852, -33.257595801275272 ], [ -70.812248637347096, -33.257595446735117 ], [ -70.812246641206457, -33.257595063049123 ], [ -70.812244653287166, -33.257594650332678 ], [ -70.812242674187303, -33.257594208709975 ], [ -70.812240704502287, -33.257593738313879 ], [ -70.812238744824739, -33.25759323928591 ], [ -70.812236795744226, -33.257592711776198 ], [ -70.812234857847173, -33.25759215594347 ], [ -70.812232931716622, -33.257591571954933 ], [ -70.812231017932021, -33.257590959986295 ], [ -70.812229117069208, -33.257590320221674 ], [ -70.812227229700028, -33.257589652853554 ], [ -70.812225356392346, -33.257588958082714 ], [ -70.812223497709766, -33.257588236118181 ], [ -70.812221654211484, -33.257587487177169 ], [ -70.812219826452136, -33.257586711485004 ], [ -70.812218014981624, -33.257585909275058 ], [ -70.812216220344936, -33.257585080788701 ], [ -70.812214443082027, -33.257584226275164 ], [ -70.81221268372758, -33.257583345991549 ], [ -70.812210942810935, -33.257582440202704 ], [ -70.812209220855848, -33.257581509181136 ], [ -70.812207518380404, -33.25758055320695 ], [ -70.812205835896805, -33.257579572567771 ], [ -70.812204173911226, -33.257578567558632 ], [ -70.81220253292372, -33.257577538481897 ], [ -70.812200913427958, -33.257576485647185 ], [ -70.812199315911215, -33.257575409371228 ], [ -70.812197740854103, -33.257574309977855 ], [ -70.812196188730496, -33.257573187797824 ], [ -70.812194660007364, -33.25757204316875 ], [ -70.812193155144641, -33.257570876435018 ], [ -70.81219167459507, -33.257569687947637 ], [ -70.812190218804119, -33.257568478064179 ], [ -70.812188788209724, -33.257567247148671 ], [ -70.812187383242346, -33.257565995571419 ], [ -70.812186004324658, -33.257564723708974 ], [ -70.812184651871505, -33.257563431944 ], [ -70.812183326289812, -33.257562120665128 ], [ -70.81218202797838, -33.257560790266886 ], [ -70.812180757327823, -33.257559441149525 ], [ -70.812179514720427, -33.257558073718954 ], [ -70.812178300530022, -33.257556688386551 ], [ -70.812177115121955, -33.257555285569133 ], [ -70.812175958852805, -33.257553865688735 ], [ -70.812174832070497, -33.257552429172556 ], [ -70.812173735114015, -33.257550976452769 ], [ -70.812172668313394, -33.257549507966459 ], [ -70.812171631989571, -33.257548024155426 ], [ -70.812170626454346, -33.257546525466083 ], [ -70.81216965201024, -33.257545012349325 ], [ -70.812168708950423, -33.257543485260413 ], [ -70.812167797558629, -33.257541944658762 ], [ -70.812166918109057, -33.257540391007886 ], [ -70.812166070866283, -33.25753882477521 ], [ -70.812165256085223, -33.257537246431937 ], [ -70.812164474010984, -33.257535656452959 ], [ -70.8121637248789, -33.25753405531664 ], [ -70.812163008914325, -33.257532443504651 ], [ -70.812162326332654, -33.257530821501966 ], [ -70.812161677339276, -33.25752918979655 ], [ -70.81216106212942, -33.257527548879352 ], [ -70.812160480888195, -33.257525899244037 ], [ -70.81215993379044, -33.257524241386896 ], [ -70.8121594210008, -33.257522575806753 ], [ -70.81215894267352, -33.257520903004668 ], [ -70.812158498952499, -33.257519223483961 ], [ -70.812158089971263, -33.257517537749905 ], [ -70.81215771585282, -33.25751584630968 ], [ -70.812157376709777, -33.257514149672168 ], [ -70.812157072644098, -33.257512448347832 ], [ -70.812156803747314, -33.25751074284851 ], [ -70.812156570100299, -33.257509033687327 ], [ -70.812156371773369, -33.257507321378519 ], [ -70.812156208826167, -33.257505606437228 ], [ -70.81215608130772, -33.257503889379414 ], [ -70.812155989256397, -33.257502170721651 ], [ -70.812155932699895, -33.257500450981063 ], [ -70.812155911655225, -33.257498730675017 ], [ -70.812155926128696, -33.257497010321075 ], [ -70.812155976115974, -33.257495290436843 ], [ -70.81215606160201, -33.257493571539761 ], [ -70.812156182561083, -33.257491854146977 ], [ -70.812156338956797, -33.257490138775168 ], [ -70.812156530742115, -33.257488425940423 ], [ -70.812156757859313, -33.257486716158091 ], [ -70.812157020240065, -33.257485009942535 ], [ -70.812157317805415, -33.257483307807128 ], [ -70.812157650465863, -33.257481610263945 ], [ -70.812158018121309, -33.257479917823716 ], [ -70.812158420661135, -33.257478230995616 ], [ -70.812158857964235, -33.257476550287173 ], [ -70.812159329899032, -33.257474876204014 ], [ -70.812159836323573, -33.25747320924981 ], [ -70.812160377085448, -33.257471549926095 ], [ -70.812160952021983, -33.257469898732062 ], [ -70.812161560960192, -33.257468256164515 ], [ -70.812162203716895, -33.257466622717622 ], [ -70.812162880098683, -33.257464998882824 ], [ -70.81216358990207, -33.257463385148661 ], [ -70.812164332913483, -33.257461782000661 ], [ -70.812990752144771, -33.255723376144495 ] ] ] ] } },
{ "type": "Feature", "properties": { "fid": "87", "Area": 77701.544 }, "geometry": { "type": "MultiPolygon", "coordinates": [ [ [ [ -70.807614553212929, -33.257635038373166 ], [ -70.807611737209413, -33.257633807996015 ], [ -70.807608896254649, -33.257632618795789 ], [ -70.807606031201587, -33.257631471129514 ], [ -70.807603142910367, -33.257630365341754 ], [ -70.807600232248177, -33.257629301764524 ], [ -70.807597300088844, -33.257628280717078 ], [ -70.807594347312687, -33.257627302506023 ], [ -70.807591374806236, -33.257626367424997 ], [ -70.807588383461905, -33.257625475754793 ], [ -70.807585374177776, -33.257624627763072 ], [ -70.80758234785732, -33.257623823704449 ], [ -70.807579305409135, -33.25762306382029 ], [ -70.807576247746638, -33.257622348338785 ], [ -70.807573175787823, -33.257621677474688 ], [ -70.807570090454988, -33.257621051429439 ], [ -70.80756699267441, -33.257620470391011 ], [ -70.807563883376162, -33.257619934533828 ], [ -70.80756076349374, -33.257619444018751 ], [ -70.807557633963782, -33.257618998993081 ], [ -70.80755449572591, -33.257618599590394 ], [ -70.80755134972226, -33.25761824593063 ], [ -70.807548196897386, -33.257617938119971 ], [ -70.80754503819783, -33.257617676250803 ], [ -70.807541874571953, -33.257617460401754 ], [ -70.807538706969524, -33.257617290637654 ], [ -70.807535536341575, -33.257617167009442 ], [ -70.807532363640007, -33.257617089554245 ], [ -70.80752918981733, -33.25761705829531 ], [ -70.807526015826454, -33.257617073242045 ], [ -70.807522842620273, -33.257617134389932 ], [ -70.807519671151468, -33.257617241720631 ], [ -70.807516502372223, -33.257617395201912 ], [ -70.807513337233885, -33.257617594787703 ], [ -70.807510176686705, -33.257617840418078 ], [ -70.807507021679569, -33.257618132019303 ], [ -70.807503873159718, -33.257618469503811 ], [ -70.807500732072398, -33.257618852770285 ], [ -70.807497599360673, -33.257619281703676 ], [ -70.807494475965044, -33.257619756175195 ], [ -70.807491362823271, -33.257620276042381 ], [ -70.807488260869988, -33.257620841149162 ], [ -70.80748517103649, -33.257621451325889 ], [ -70.807482094250432, -33.257622106389356 ], [ -70.807479031435548, -33.257622806142905 ], [ -70.807475983511395, -33.257623550376444 ], [ -70.807472951393024, -33.257624338866556 ], [ -70.807469935990781, -33.257625171376482 ], [ -70.807466938209956, -33.257626047656281 ], [ -70.807463958950578, -33.257626967442896 ], [ -70.807460999107093, -33.257627930460167 ], [ -70.807458059568162, -33.257628936418953 ], [ -70.807455141216266, -33.257629985017275 ], [ -70.807452244927617, -33.257631075940282 ], [ -70.807449371571749, -33.257632208860457 ], [ -70.807446522011304, -33.257633383437678 ], [ -70.807443697101846, -33.257634599319289 ], [ -70.807440897691464, -33.257635856140261 ], [ -70.807438124620617, -33.257637153523255 ], [ -70.807435378721863, -33.257638491078751 ], [ -70.8074326608196, -33.257639868405199 ], [ -70.807429971729832, -33.257641285089065 ], [ -70.80742731225989, -33.257642740705037 ], [ -70.807424683208225, -33.257644234816098 ], [ -70.807422085364138, -33.25764576697366 ], [ -70.807419519507604, -33.257647336717746 ], [ -70.807416986408938, -33.257648943577045 ], [ -70.807414486828677, -33.257650587069172 ], [ -70.807412021517251, -33.257652266700681 ], [ -70.807409591214821, -33.257653981967302 ], [ -70.807407196651027, -33.257655732354053 ], [ -70.807404838544798, -33.257657517335446 ], [ -70.807402517604103, -33.257659336375561 ], [ -70.807400234525758, -33.257661188928274 ], [ -70.807397989995195, -33.257663074437396 ], [ -70.807395784686321, -33.257664992336849 ], [ -70.807393619261205, -33.257666942050811 ], [ -70.80739149436998, -33.257668922993943 ], [ -70.807389410650586, -33.2576709345715 ], [ -70.807387368728641, -33.257672976179535 ], [ -70.807385369217201, -33.257675047205133 ], [ -70.807383412716547, -33.257677147026492 ], [ -70.807381499814085, -33.257679275013182 ], [ -70.807379631084146, -33.25768143052634 ], [ -70.807377807087775, -33.25768361291879 ], [ -70.807376028372573, -33.25768582153534 ], [ -70.80737429547257, -33.257688055712912 ], [ -70.807372608908054, -33.257690314780696 ], [ -70.807370969185357, -33.257692598060508 ], [ -70.807369376796785, -33.257694904866796 ], [ -70.807367832220436, -33.257697234507042 ], [ -70.807366335920022, -33.25769958628176 ], [ -70.807364888344779, -33.257701959484947 ], [ -70.80736348992933, -33.257704353404051 ], [ -70.80736214109352, -33.257706767320364 ], [ -70.807360842242289, -33.257709200509154 ], [ -70.807359593765611, -33.257711652239905 ], [ -70.807358396038339, -33.257714121776552 ], [ -70.807357249420036, -33.25771660837767 ], [ -70.807356154254975, -33.257719111296694 ], [ -70.807355110871939, -33.257721629782182 ], [ -70.806338490151504, -33.257350812067806 ], [ -70.807554115007605, -33.256241622878719 ], [ -70.80756425487192, -33.256232227532223 ], [ -70.807574222586609, -33.256222703040841 ], [ -70.807584015821874, -33.256213051630851 ], [ -70.807593632288601, -33.256203275558249 ], [ -70.807746340752388, -33.256045592856474 ], [ -70.807747654914706, -33.256044259814736 ], [ -70.807748996564726, -33.25604294624361 ], [ -70.807750365293842, -33.256041652543132 ], [ -70.807751760685221, -33.256040379107276 ], [ -70.807753182313888, -33.256039126323891 ], [ -70.807754629746896, -33.256037894574511 ], [ -70.807756102543422, -33.256036684234246 ], [ -70.807757600254916, -33.256035495671725 ], [ -70.807759122425296, -33.256034329248898 ], [ -70.807760668590916, -33.25603318532103 ], [ -70.807762238280958, -33.256032064236479 ], [ -70.807763831017326, -33.256030966336674 ], [ -70.807765446314988, -33.256029891955983 ], [ -70.807767083681981, -33.256028841421596 ], [ -70.807768742619658, -33.256027815053478 ], [ -70.807770422622809, -33.256026813164176 ], [ -70.807772123179745, -33.256025836058832 ], [ -70.807773843772608, -33.256024884035014 ], [ -70.807775583877358, -33.256023957382673 ], [ -70.807777342964073, -33.256023056384009 ], [ -70.807779120497017, -33.256022181313426 ], [ -70.807780915934842, -33.256021332437406 ], [ -70.807782728730743, -33.256020510014501 ], [ -70.807784558332656, -33.256019714295157 ], [ -70.807786404183361, -33.256018945521717 ], [ -70.807788265720717, -33.256018203928328 ], [ -70.807790142377769, -33.256017489740799 ], [ -70.807792033583027, -33.256016803176678 ], [ -70.807793938760497, -33.256016144445027 ], [ -70.807795857329964, -33.256015513746469 ], [ -70.80779778870712, -33.256014911273105 ], [ -70.807799732303778, -33.256014337208384 ], [ -70.807801687528041, -33.256013791727156 ], [ -70.807803653784418, -33.256013274995546 ], [ -70.807805630474078, -33.256012787170903 ], [ -70.807807616995063, -33.256012328401837 ], [ -70.807809612742361, -33.256011898828014 ], [ -70.807811617108158, -33.256011498580293 ], [ -70.807813629482041, -33.256011127780553 ], [ -70.80781564925114, -33.256010786541729 ], [ -70.807817675800337, -33.256010474967752 ], [ -70.80781970851244, -33.2560101931535 ], [ -70.807821746768425, -33.256009941184786 ], [ -70.807823789947506, -33.25600971913839 ], [ -70.807825837427458, -33.256009527081872 ], [ -70.807827888584711, -33.25600936507378 ], [ -70.807829942794598, -33.256009233163425 ], [ -70.807831999431514, -33.256009131390982 ], [ -70.807834057869087, -33.256009059787459 ], [ -70.807836117480463, -33.256009018374662 ], [ -70.807838177638359, -33.256009007165176 ], [ -70.807840237715382, -33.256009026162445 ], [ -70.807842297084107, -33.256009075360652 ], [ -70.807844355117396, -33.256009154744859 ], [ -70.80784641118845, -33.256009264290846 ], [ -70.807848464671096, -33.25600940396528 ], [ -70.807850514939972, -33.256009573725599 ], [ -70.807852561370652, -33.25600977352012 ], [ -70.807854603339905, -33.256010003287997 ], [ -70.807856640225836, -33.256010262959244 ], [ -70.807858671408141, -33.256010552454796 ], [ -70.807860696268222, -33.25601087168647 ], [ -70.807862714189397, -33.256011220557035 ], [ -70.80786472455712, -33.256011598960271 ], [ -70.807866726759144, -33.256012006780914 ], [ -70.807868720185681, -33.256012443894775 ], [ -70.807870704229643, -33.256012910168728 ], [ -70.807872678286813, -33.25601340546077 ], [ -70.807874641755959, -33.25601392962006 ], [ -70.807876594039143, -33.256014482486975 ], [ -70.807878534541786, -33.256015063893109 ], [ -70.807880462672912, -33.256015673661423 ], [ -70.807882377845303, -33.256016311606224 ], [ -70.807884279475701, -33.2560169775332 ], [ -70.807886166984972, -33.256017671239562 ], [ -70.807888039798272, -33.256018392514022 ], [ -70.807889897345248, -33.256019141136946 ], [ -70.807891739060182, -33.256019916880319 ], [ -70.807893564382169, -33.256020719507887 ], [ -70.807895372755311, -33.25602154877523 ], [ -70.807897163628908, -33.256022404429785 ], [ -70.807898936457505, -33.256023286210969 ], [ -70.807900690701203, -33.256024193850216 ], [ -70.807902425825759, -33.256025127071126 ], [ -70.807904141302743, -33.256026085589497 ], [ -70.807905836609677, -33.256027069113394 ], [ -70.807907511230297, -33.256028077343288 ], [ -70.807909164654589, -33.256029109972133 ], [ -70.807910796379005, -33.256030166685441 ], [ -70.807912405906592, -33.256031247161388 ], [ -70.809851211426647, -33.257356183156212 ], [ -70.809871365705163, -33.257369714166785 ], [ -70.809891795487914, -33.257382950330097 ], [ -70.809912494664786, -33.257395887687387 ], [ -70.809933457045048, -33.257408522369296 ], [ -70.809954676359254, -33.257420850596993 ], [ -70.809976146261135, -33.25743286868326 ], [ -70.809997860329418, -33.257444573033702 ], [ -70.810019812069825, -33.257455960147688 ], [ -70.810041994916986, -33.25746702661953 ], [ -70.810064402236407, -33.257477769139385 ], [ -70.810087027326404, -33.257488184494349 ], [ -70.810109863420237, -33.257498269569304 ], [ -70.810132903687972, -33.257508021347974 ], [ -70.81015614123865, -33.257517436913759 ], [ -70.810179569122283, -33.257526513450564 ], [ -70.810203180331953, -33.257535248243755 ], [ -70.810226967805903, -33.257543638680851 ], [ -70.810250924429667, -33.257551682252426 ], [ -70.810275043038132, -33.257559376552749 ], [ -70.810299316417826, -33.257566719280554 ], [ -70.810323737308892, -33.257573708239768 ], [ -70.810348298407391, -33.257580341340052 ], [ -70.810372992367434, -33.257586616597564 ], [ -70.810397811803398, -33.257592532135462 ], [ -70.810422749292115, -33.257598086184501 ], [ -70.810447797375147, -33.257603277083547 ], [ -70.8104729485609, -33.257608103280056 ], [ -70.810498195326986, -33.257612563330618 ], [ -70.810523530122452, -33.25761665590128 ], [ -70.810548945369959, -33.257620379767999 ], [ -70.810574433468133, -33.257623733817049 ], [ -70.810599986793804, -33.257626717045298 ], [ -70.810625597704302, -33.257629328560469 ], [ -70.810651258539693, -33.257631567581541 ], [ -70.81183078404149, -33.257725826640097 ], [ -70.814640352408588, -33.257950300720957 ], [ -70.814819869327877, -33.258216056021148 ], [ -70.814824392902764, -33.258222890052934 ], [ -70.814828774716219, -33.258229788972002 ], [ -70.814833013449984, -33.258236750702956 ], [ -70.814837107828865, -33.258243773151456 ], [ -70.81484105662112, -33.258250854204881 ], [ -70.81484485863875, -33.258257991733011 ], [ -70.814848512737953, -33.258265183588634 ], [ -70.814852017819405, -33.258272427608155 ], [ -70.814855372828617, -33.258279721612354 ], [ -70.814858576756237, -33.258287063406918 ], [ -70.814861628638369, -33.258294450783147 ], [ -70.814864527556892, -33.25830188151869 ], [ -70.814867272639646, -33.258309353378102 ], [ -70.814869863060764, -33.258316864113574 ], [ -70.814872298040925, -33.258324411465608 ], [ -70.814874576847572, -33.258331993163701 ], [ -70.814876698795089, -33.258339606926974 ], [ -70.814878663245096, -33.258347250464958 ], [ -70.814880469606578, -33.258354921478187 ], [ -70.814882117336055, -33.258362617658932 ], [ -70.814883605937808, -33.258370336691932 ], [ -70.814884934963956, -33.258378076254992 ], [ -70.814886104014633, -33.258385834019784 ], [ -70.814887112738134, -33.258393607652465 ], [ -70.814887960830916, -33.258401394814449 ], [ -70.814888648037822, -33.258409193163089 ], [ -70.814889174152071, -33.258417000352317 ], [ -70.814889539015354, -33.258424814033496 ], [ -70.814889742517821, -33.258432631855925 ], [ -70.81488978459825, -33.258440451467749 ], [ -70.814889665243925, -33.258448270516503 ], [ -70.814889384490726, -33.258456086649943 ], [ -70.814888942423039, -33.258463897516705 ], [ -70.814888339173834, -33.258471700766968 ], [ -70.814887574924526, -33.258479494053212 ], [ -70.81488664990502, -33.258487275030923 ], [ -70.814885564393521, -33.258495041359318 ], [ -70.81488431871658, -33.258502790701954 ], [ -70.81488291324888, -33.258510520727548 ], [ -70.814881348413181, -33.258518229110635 ], [ -70.814879624680259, -33.258525913532225 ], [ -70.814877742568569, -33.25853357168053 ], [ -70.814875702644329, -33.25854120125171 ], [ -70.814873505521177, -33.258548799950503 ], [ -70.814871151860032, -33.258556365490904 ], [ -70.814868642368936, -33.258563895596929 ], [ -70.81486597780281, -33.258571388003219 ], [ -70.814863158963192, -33.258578840455769 ], [ -70.814860186698098, -33.258586250712597 ], [ -70.81485706190162, -33.258593616544417 ], [ -70.814853785513804, -33.258600935735288 ], [ -70.814850358520275, -33.258608206083316 ], [ -70.814846781951942, -33.25861542540131 ], [ -70.814843056884797, -33.258622591517401 ], [ -70.814839184439379, -33.258629702275741 ], [ -70.814835165780693, -33.258636755537133 ], [ -70.814831002117643, -33.25864374917969 ], [ -70.814826694702788, -33.258650681099432 ], [ -70.814822244831959, -33.258657549210987 ], [ -70.814817653843789, -33.258664351448132 ], [ -70.814812923119405, -33.258671085764504 ], [ -70.814808054081965, -33.258677750134133 ], [ -70.814803048196254, -33.258684342552129 ], [ -70.814797906968181, -33.258690861035234 ], [ -70.814792631944414, -33.258697303622391 ], [ -70.814787224711864, -33.25870366837546 ], [ -70.81478168689722, -33.258709953379629 ], [ -70.814776020166434, -33.258716156744143 ], [ -70.814770226224269, -33.258722276602768 ], [ -70.814764306813757, -33.25872831111441 ], [ -70.814758263715646, -33.25873425846364 ], [ -70.814752098747931, -33.258740116861254 ], [ -70.814745813765271, -33.258745884544808 ], [ -70.814739410658376, -33.258751559779157 ], [ -70.814732891353586, -33.258757140856943 ], [ -70.814726257812126, -33.258762626099177 ], [ -70.814719512029626, -33.258768013855651 ], [ -70.814712656035454, -33.258773302505517 ], [ -70.814705691892158, -33.258778490457729 ], [ -70.814698621694816, -33.258783576151551 ], [ -70.814691447570425, -33.258788558056999 ], [ -70.814684171677229, -33.258793434675276 ], [ -70.814676796204083, -33.258798204539318 ], [ -70.814669323369827, -33.258802866214161 ], [ -70.814661755422605, -33.258807418297366 ], [ -70.81465409463911, -33.258811859419517 ], [ -70.814646343324029, -33.258816188244488 ], [ -70.814638503809263, -33.258820403470004 ], [ -70.814630578453247, -33.258824503827974 ], [ -70.814622569640235, -33.258828488084816 ], [ -70.814614479779607, -33.25883235504191 ], [ -70.814606311305113, -33.258836103535906 ], [ -70.814598066674151, -33.258839732439114 ], [ -70.814589748367055, -33.258843240659793 ], [ -70.814581358886301, -33.258846627142532 ], [ -70.814572900755792, -33.258849890868525 ], [ -70.814564376520053, -33.258853030855931 ], [ -70.814555788743547, -33.258856046160084 ], [ -70.814547140009822, -33.25885893587386 ], [ -70.81453843292077, -33.258861699127934 ], [ -70.814529670095823, -33.258864335090962 ], [ -70.814520854171235, -33.258866842969965 ], [ -70.814511987799179, -33.258869222010453 ], [ -70.814503073647018, -33.25887147149674 ], [ -70.814494114396524, -33.258873590752032 ], [ -70.814485112742986, -33.258875579138795 ], [ -70.814476071394495, -33.258877436058853 ], [ -70.814466993071051, -33.258879160953548 ], [ -70.814457880503809, -33.258880753303956 ], [ -70.814448736434187, -33.258882212631029 ], [ -70.814439563613107, -33.258883538495745 ], [ -70.81443036480016, -33.25888473049924 ], [ -70.814421142762725, -33.258885788282875 ], [ -70.814411900275161, -33.258886711528447 ], [ -70.814402640118018, -33.258887499958206 ], [ -70.814393365077123, -33.258888153334929 ], [ -70.814384077942805, -33.258888671462103 ], [ -70.814374781509031, -33.25888905418379 ], [ -70.814365478572554, -33.258889301384905 ], [ -70.814356171932104, -33.258889412991024 ], [ -70.814346864387488, -33.258889388968626 ], [ -70.814337558738814, -33.258889229324893 ], [ -70.814328257785604, -33.258888934107887 ], [ -70.814318964326006, -33.258888503406389 ], [ -70.814309681155862, -33.258887937349975 ], [ -70.814300411067947, -33.258887236108947 ], [ -70.814291156851098, -33.258886399894287 ], [ -70.814281921289364, -33.258885428957512 ], [ -70.81427270716118, -33.258884323590763 ], [ -70.814263517238572, -33.258883084126559 ], [ -70.814254354286234, -33.258881710937786 ], [ -70.814245221060759, -33.258880204437553 ], [ -70.814236120309843, -33.258878565079073 ], [ -70.807614553212929, -33.257635038373166 ] ] ] ] } },
{ "type": "Feature", "properties": { "fid": "88", "Area": 31676.478 }, "geometry": { "type": "MultiPolygon", "coordinates": [ [ [ [ -70.815651071026579, -33.248306796801089 ], [ -70.816397309961133, -33.2475825205007 ], [ -70.818141578396222, -33.248224272455026 ], [ -70.81906045478263, -33.248472043043783 ], [ -70.81906021639108, -33.248474624894563 ], [ -70.819059926124552, -33.248477202993058 ], [ -70.819059584065883, -33.248479776603439 ], [ -70.819059190312672, -33.248482344991196 ], [ -70.819058744977326, -33.24848490742329 ], [ -70.819058248186934, -33.248487463168402 ], [ -70.819057700083263, -33.248490011497097 ], [ -70.819057100822747, -33.248492551682048 ], [ -70.819056450576426, -33.248495082998296 ], [ -70.819055749529866, -33.248497604723362 ], [ -70.819054997883157, -33.248500116137549 ], [ -70.819054195850811, -33.248502616524085 ], [ -70.819053343661722, -33.248505105169322 ], [ -70.819052441559137, -33.248507581363008 ], [ -70.819051489800472, -33.248510044398401 ], [ -70.819050488657396, -33.248512493572555 ], [ -70.819049438415632, -33.248514928186431 ], [ -70.819048339374916, -33.24851734754521 ], [ -70.81904719184891, -33.248519750958359 ], [ -70.819045996165144, -33.248522137739947 ], [ -70.818698972447024, -33.249198805989437 ], [ -70.816983167398988, -33.249021733617617 ], [ -70.816965061650535, -33.249019733422905 ], [ -70.816946999032382, -33.249017474640773 ], [ -70.816928984775359, -33.249014957925368 ], [ -70.816911024096214, -33.249012184005494 ], [ -70.816893122196205, -33.249009153684447 ], [ -70.816875284259552, -33.24900586783977 ], [ -70.816857515451971, -33.249002327423021 ], [ -70.816839820919171, -33.248998533459456 ], [ -70.8168222057853, -33.248994487047767 ], [ -70.816804675151545, -33.248990189359787 ], [ -70.816787234094619, -33.248985641640047 ], [ -70.816769887665259, -33.24898084520553 ], [ -70.816752640886875, -33.248975801445248 ], [ -70.816735498753928, -33.248970511819799 ], [ -70.816718466230625, -33.248964977861043 ], [ -70.816701548249398, -33.248959201171516 ], [ -70.816684749709552, -33.248953183424113 ], [ -70.816668075475732, -33.248946926361526 ], [ -70.816651530376646, -33.248940431795702 ], [ -70.816635119203582, -33.248933701607456 ], [ -70.816618846708991, -33.248926737745734 ], [ -70.816602717605264, -33.248919542227242 ], [ -70.816586736563181, -33.248912117135689 ], [ -70.81657090821065, -33.248904464621319 ], [ -70.816555237131396, -33.24889658690023 ], [ -70.816539727863571, -33.24888848625374 ], [ -70.816524384898457, -33.2488801650277 ], [ -70.816509212679179, -33.248871625631857 ], [ -70.816494215599448, -33.248862870539114 ], [ -70.816479398002173, -33.248853902284878 ], [ -70.816464764178392, -33.248844723466249 ], [ -70.816450318365796, -33.24883533674133 ], [ -70.815651071026579, -33.248306796801089 ] ] ] ] } },
{ "type": "Feature", "properties": { "fid": "89", "Area": 40955.748 }, "geometry": { "type": "MultiPolygon", "coordinates": [ [ [ [ -70.815335140494923, -33.248613424386662 ], [ -70.815335305273322, -33.248613264394599 ], [ -70.81541336353699, -33.248537504931583 ], [ -70.816441632522498, -33.249158010112389 ], [ -70.816456487319684, -33.249166814773233 ], [ -70.816471517492772, -33.249175406739198 ], [ -70.816486718728626, -33.249183783544652 ], [ -70.81650208666494, -33.249191942785671 ], [ -70.816517616891645, -33.249199882120827 ], [ -70.816533304952017, -33.249207599271735 ], [ -70.816549146344073, -33.249215092023817 ], [ -70.816565136521831, -33.249222358226852 ], [ -70.816581270896592, -33.249229395795673 ], [ -70.816597544838274, -33.249236202710684 ], [ -70.816613953676764, -33.249242777018509 ], [ -70.816630492703197, -33.249249116832502 ], [ -70.81664715717136, -33.249255220333339 ], [ -70.816663942299073, -33.249261085769476 ], [ -70.816680843269467, -33.2492667114577 ], [ -70.816697855232462, -33.249272095783624 ], [ -70.816714973306134, -33.249277237202087 ], [ -70.816732192578073, -33.249282134237639 ], [ -70.816749508106852, -33.249286785484991 ], [ -70.816766914923392, -33.249291189609352 ], [ -70.816784408032447, -33.24929534534688 ], [ -70.816801982413992, -33.249299251505022 ], [ -70.818464443180034, -33.249656112968246 ], [ -70.818117482077554, -33.250332640873388 ], [ -70.818106090160271, -33.250356108739375 ], [ -70.818094346884806, -33.250379454019033 ], [ -70.818093223640957, -33.250381597000263 ], [ -70.818092056410947, -33.250383723321512 ], [ -70.818090845544631, -33.250385832345444 ], [ -70.818089591404956, -33.250387923439924 ], [ -70.818088294367811, -33.250389995978168 ], [ -70.81808695482195, -33.25039204933897 ], [ -70.818085573168915, -33.250394082906865 ], [ -70.818084149822795, -33.250396096072336 ], [ -70.818082685210229, -33.250398088231954 ], [ -70.818081179770189, -33.250400058788586 ], [ -70.818079633953928, -33.250402007151642 ], [ -70.818078048224777, -33.250403932737079 ], [ -70.818076423058002, -33.250405834967758 ], [ -70.818074758940753, -33.250407713273511 ], [ -70.818073056371801, -33.250409567091353 ], [ -70.818071315861474, -33.250411395865619 ], [ -70.818069537931436, -33.25041319904814 ], [ -70.818067723114609, -33.250414976098504 ], [ -70.818065871954957, -33.250416726484019 ], [ -70.818063985007328, -33.250418449680055 ], [ -70.818062062837299, -33.250420145170111 ], [ -70.818060106021008, -33.250421812445964 ], [ -70.818058115144979, -33.250423451007912 ], [ -70.818056090805953, -33.25042506036479 ], [ -70.818054033610679, -33.250426640034235 ], [ -70.818051944175778, -33.250428189542767 ], [ -70.81804982312751, -33.250429708425948 ], [ -70.818047671101624, -33.25043119622849 ], [ -70.818045488743181, -33.250432652504486 ], [ -70.818043276706277, -33.250434076817399 ], [ -70.818041035653948, -33.250435468740363 ], [ -70.818038766257928, -33.25043682785612 ], [ -70.81803646919839, -33.250438153757337 ], [ -70.818034145163878, -33.250439446046578 ], [ -70.818031794850981, -33.250440704336484 ], [ -70.818029418964159, -33.25044192824992 ], [ -70.818027018215531, -33.250443117420041 ], [ -70.818024593324694, -33.250444271490409 ], [ -70.818022145018475, -33.25044539011509 ], [ -70.818019674030722, -33.250446472958828 ], [ -70.818017181102064, -33.250447519697026 ], [ -70.818014666979721, -33.250448530015952 ], [ -70.818012132417252, -33.250449503612785 ], [ -70.818009578174355, -33.250450440195692 ], [ -70.818007005016639, -33.250451339483952 ], [ -70.818004413715357, -33.250452201208013 ], [ -70.818001805047217, -33.250453025109607 ], [ -70.817999179794114, -33.250453810941757 ], [ -70.817996538742946, -33.250454558468924 ], [ -70.817993882685315, -33.250455267467061 ], [ -70.817991212417311, -33.250455937723657 ], [ -70.817988528739349, -33.250456569037794 ], [ -70.817985832455776, -33.250457161220261 ], [ -70.81798312437482, -33.250457714093557 ], [ -70.81798040530812, -33.250458227491968 ], [ -70.817977676070711, -33.250458701261614 ], [ -70.817974937480628, -33.250459135260478 ], [ -70.817972190358745, -33.250459529358487 ], [ -70.81796943552844, -33.250459883437507 ], [ -70.817966673815434, -33.250460197391419 ], [ -70.817963906047538, -33.250460471126111 ], [ -70.817961133054325, -33.250460704559529 ], [ -70.817958355666946, -33.250460897621721 ], [ -70.817955574717885, -33.250461050254799 ], [ -70.817952791040724, -33.250461162413039 ], [ -70.817950005469768, -33.250461234062811 ], [ -70.817947218840004, -33.250461265182629 ], [ -70.81794443198666, -33.250461255763177 ], [ -70.817941645745051, -33.250461205807284 ], [ -70.817938860950306, -33.250461115329912 ], [ -70.817936078437143, -33.250460984358178 ], [ -70.817933299039552, -33.250460812931344 ], [ -70.817930523590633, -33.250460601100791 ], [ -70.817927752922273, -33.250460348930012 ], [ -70.817924987864941, -33.250460056494589 ], [ -70.817922229247444, -33.250459723882187 ], [ -70.817919477896595, -33.250459351192482 ], [ -70.817916734637109, -33.2504589385372 ], [ -70.817914000291211, -33.250458486040024 ], [ -70.817667388809596, -33.250415808397804 ], [ -70.81694005752648, -33.250308379148819 ], [ -70.815876283534536, -33.250151247994296 ], [ -70.815806071731103, -33.250140361020186 ], [ -70.815736089350281, -33.250128476893636 ], [ -70.815666356450805, -33.250115599020852 ], [ -70.81559689301983, -33.250101731092883 ], [ -70.815527718967303, -33.250086877084549 ], [ -70.815458854120195, -33.250071041253342 ], [ -70.815390318216785, -33.25005422813809 ], [ -70.81532213090108, -33.250036442557821 ], [ -70.815254311717112, -33.250017689610232 ], [ -70.815186880103397, -33.2499979746703 ], [ -70.815119855387294, -33.249977303388775 ], [ -70.815053256779493, -33.249955681690459 ], [ -70.814987103368551, -33.249933115772592 ], [ -70.814921414115361, -33.249909612103053 ], [ -70.814856207847725, -33.24988517741847 ], [ -70.814791503254966, -33.249859818722371 ], [ -70.814727318882589, -33.249833543283046 ], [ -70.81466367312693, -33.249806358631609 ], [ -70.814600584229893, -33.249778272559752 ], [ -70.814538070273741, -33.249749293117503 ], [ -70.814476149175889, -33.249719428610994 ], [ -70.81441483868376, -33.249688687599985 ], [ -70.814354156369717, -33.249657078895453 ], [ -70.814294119626041, -33.249624611557117 ], [ -70.815335140494923, -33.248613424386662 ] ] ] ] } },
{ "type": "Feature", "properties": { "fid": "90", "Area": 98177.585 }, "geometry": { "type": "MultiPolygon", "coordinates": [ [ [ [ -70.808067664423447, -33.255928134755735 ], [ -70.808065523738122, -33.255926645843793 ], [ -70.808063413963396, -33.255925126106632 ], [ -70.808061335728013, -33.255923575997166 ], [ -70.808059289651297, -33.255921995977317 ], [ -70.808057276342993, -33.255920386517985 ], [ -70.808055296403111, -33.2559187480988 ], [ -70.808053350421673, -33.255917081208004 ], [ -70.808051438978637, -33.255915386342373 ], [ -70.808049562643589, -33.255913664007004 ], [ -70.808047721975726, -33.255911914715156 ], [ -70.808045917523586, -33.255910138988135 ], [ -70.808044149824909, -33.255908337355166 ], [ -70.808042419406476, -33.255906510353114 ], [ -70.808040726784, -33.255904658526447 ], [ -70.808039072461867, -33.255902782427064 ], [ -70.808037456933107, -33.255900882614043 ], [ -70.808035880679157, -33.255898959653557 ], [ -70.808034344169741, -33.255897014118666 ], [ -70.808032847862762, -33.25589504658916 ], [ -70.808031392204143, -33.255893057651392 ], [ -70.808029977627697, -33.255891047898082 ], [ -70.808028604554949, -33.255889017928169 ], [ -70.808027273395098, -33.255886968346609 ], [ -70.808025984544855, -33.255884899764169 ], [ -70.808024738388298, -33.25588281279736 ], [ -70.808023535296797, -33.255880708068091 ], [ -70.808022375628894, -33.2558785862036 ], [ -70.808021259730154, -33.255876447836229 ], [ -70.808020187933138, -33.255874293603227 ], [ -70.808019160557265, -33.255872124146606 ], [ -70.808018177908693, -33.255869940112866 ], [ -70.808017240280236, -33.25586774215288 ], [ -70.808016347951352, -33.25586553092166 ], [ -70.808015501187938, -33.25586330707818 ], [ -70.808014700242339, -33.255861071285175 ], [ -70.808013945353252, -33.255858824208943 ], [ -70.808013236745623, -33.255856566519121 ], [ -70.808012574630638, -33.255854298888529 ], [ -70.808011959205601, -33.255852021992979 ], [ -70.808011390653903, -33.255849736510953 ], [ -70.808010869145008, -33.255847443123585 ], [ -70.808010394834284, -33.255845142514346 ], [ -70.8080099678631, -33.255842835368817 ], [ -70.808009588358715, -33.255840522374562 ], [ -70.808009256434175, -33.255838204220858 ], [ -70.808008972188446, -33.255835881598571 ], [ -70.808008735706181, -33.255833555199864 ], [ -70.808008547057895, -33.255831225718005 ], [ -70.808008406299777, -33.25582889384723 ], [ -70.808008313473778, -33.255826560282465 ], [ -70.808008268607551, -33.255824225719103 ], [ -70.808008271714471, -33.255821890852907 ], [ -70.808008322793597, -33.255819556379677 ], [ -70.808008421829726, -33.255817222995113 ], [ -70.808008568793312, -33.2558148913946 ], [ -70.808008763640572, -33.255812562272958 ], [ -70.808009006313441, -33.255810236324301 ], [ -70.808009296739584, -33.255807914241785 ], [ -70.808009634832445, -33.255805596717437 ], [ -70.808010020491281, -33.255803284441853 ], [ -70.808010453601128, -33.255800978104169 ], [ -70.80801093403295, -33.255798678391663 ], [ -70.808011461643545, -33.255796385989719 ], [ -70.808012036275656, -33.255794101581436 ], [ -70.808012657758084, -33.255791825847638 ], [ -70.808013325905591, -33.255789559466493 ], [ -70.808014040519041, -33.255787303113429 ], [ -70.808014801385497, -33.255785057460827 ], [ -70.808015608278183, -33.255782823177952 ], [ -70.808016460956665, -33.25578060093062 ], [ -70.808017359166783, -33.255778391381099 ], [ -70.808018302640917, -33.255776195187856 ], [ -70.808019291097864, -33.255774013005386 ], [ -70.808020324243046, -33.25577184548397 ], [ -70.808021401768585, -33.255769693269571 ], [ -70.808022523353358, -33.255767557003587 ], [ -70.808023688663127, -33.255765437322637 ], [ -70.808024897350606, -33.255763334858408 ], [ -70.808026149055593, -33.255761250237448 ], [ -70.808027443405052, -33.255759184080986 ], [ -70.808028780013274, -33.255757137004785 ], [ -70.808030158481913, -33.255755109618875 ], [ -70.808031578400175, -33.255753102527457 ], [ -70.80803303934492, -33.255751116328653 ], [ -70.808034540880755, -33.255749151614353 ], [ -70.808036082560193, -33.255747208970092 ], [ -70.808037663923812, -33.255745288974779 ], [ -70.808039284500353, -33.255743392200593 ], [ -70.808040943806844, -33.255741519212812 ], [ -70.808042641348806, -33.255739670569575 ], [ -70.808044376620359, -33.255737846821816 ], [ -70.809342178183371, -33.254397729558988 ], [ -70.810922983032128, -33.254757172199191 ], [ -70.810940781195441, -33.254761357524764 ], [ -70.810958490936201, -33.254765799742536 ], [ -70.810976107002233, -33.254770497535056 ], [ -70.810993624169086, -33.25477544950909 ], [ -70.81101103724167, -33.254780654196054 ], [ -70.81102834105576, -33.254786110052343 ], [ -70.81104553047949, -33.254791815459903 ], [ -70.811062600414985, -33.254797768726696 ], [ -70.811079545799743, -33.254803968087117 ], [ -70.811096361608236, -33.254810411702621 ], [ -70.811113042853322, -33.254817097662219 ], [ -70.811129584587832, -33.254824023983026 ], [ -70.811145981905881, -33.254831188610879 ], [ -70.8111622299445, -33.254838589420977 ], [ -70.811178323884903, -33.254846224218404 ], [ -70.812821641696317, -33.255641534498388 ], [ -70.811950175168533, -33.257474690018348 ], [ -70.81194911525742, -33.257476864496077 ], [ -70.811948010543205, -33.257479023175705 ], [ -70.811946861359331, -33.257481165405679 ], [ -70.81194566805263, -33.257483290539426 ], [ -70.811944430983274, -33.257485397935525 ], [ -70.811943150524655, -33.257487486957913 ], [ -70.811941827063222, -33.25748955697609 ], [ -70.811940460998414, -33.257491607365253 ], [ -70.811939052742574, -33.257493637506563 ], [ -70.811937602720704, -33.25749564678727 ], [ -70.811936111370485, -33.257497634600924 ], [ -70.811934579142019, -33.25749960034755 ], [ -70.811933006497782, -33.257501543433847 ], [ -70.811931393912403, -33.257503463273359 ], [ -70.811929741872632, -33.257505359286604 ], [ -70.811928050877071, -33.257507230901325 ], [ -70.811926321436104, -33.257509077552648 ], [ -70.811924554071737, -33.257510898683186 ], [ -70.811922749317347, -33.257512693743273 ], [ -70.811920907717706, -33.257514462191139 ], [ -70.811919029828616, -33.257516203493033 ], [ -70.811917116216875, -33.257517917123344 ], [ -70.811915167460072, -33.257519602564884 ], [ -70.811913184146363, -33.257521259308959 ], [ -70.811911166874367, -33.257522886855497 ], [ -70.811909116252934, -33.257524484713286 ], [ -70.811907032901019, -33.257526052400046 ], [ -70.811904917447393, -33.257527589442617 ], [ -70.811902770530551, -33.257529095377066 ], [ -70.811900592798509, -33.257530569748873 ], [ -70.811898384908531, -33.257532012113046 ], [ -70.811896147527037, -33.257533422034243 ], [ -70.811893881329283, -33.257534799086905 ], [ -70.811891586999295, -33.257536142855407 ], [ -70.811889265229539, -33.25753745293418 ], [ -70.811886916720809, -33.257538728927805 ], [ -70.811884542181886, -33.257539970451134 ], [ -70.811882142329495, -33.257541177129482 ], [ -70.811879717887976, -33.257542348598612 ], [ -70.811877269589075, -33.257543484504964 ], [ -70.811874798171743, -33.257544584505709 ], [ -70.811872304381922, -33.257545648268788 ], [ -70.811869788972274, -33.257546675473179 ], [ -70.811867252702029, -33.257547665808836 ], [ -70.811864696336698, -33.257548618976848 ], [ -70.811862120647845, -33.257549534689502 ], [ -70.811859526412888, -33.257550412670454 ], [ -70.811856914414804, -33.257551252654679 ], [ -70.811854285441981, -33.257552054388675 ], [ -70.811851640287912, -33.257552817630433 ], [ -70.811848979750934, -33.257553542149608 ], [ -70.811846304634088, -33.25755422772751 ], [ -70.811843615744777, -33.257554874157222 ], [ -70.811840913894599, -33.257555481243614 ], [ -70.811838199899, -33.257556048803487 ], [ -70.811835474577151, -33.257556576665507 ], [ -70.811832738751619, -33.257557064670387 ], [ -70.811829993248153, -33.257557512670793 ], [ -70.81182723889539, -33.257557920531539 ], [ -70.811824476524677, -33.257558288129502 ], [ -70.811821706969766, -33.257558615353751 ], [ -70.811818931066568, -33.257558902105501 ], [ -70.811816149652913, -33.257559148298235 ], [ -70.811813363568319, -33.257559353857609 ], [ -70.811810573653673, -33.257559518721592 ], [ -70.811807780751053, -33.257559642840448 ], [ -70.811804985703432, -33.25755972617668 ], [ -70.811802189354395, -33.25755976870515 ], [ -70.811799392547982, -33.257559770413025 ], [ -70.811796596128318, -33.257559731299779 ], [ -70.811793800939441, -33.257559651377242 ], [ -70.811791007825008, -33.257559530669504 ], [ -70.811788217628035, -33.257559369212998 ], [ -70.811785431190685, -33.257559167056492 ], [ -70.810786006665012, -33.257479300505153 ], [ -70.810757022891949, -33.257476771568314 ], [ -70.810728095508395, -33.257473821899886 ], [ -70.810699233166176, -33.257470452382073 ], [ -70.810670444497717, -33.257466664022644 ], [ -70.810641738113418, -33.257462457954638 ], [ -70.810613122598994, -33.257457835436028 ], [ -70.810584606513061, -33.257452797849368 ], [ -70.810556198384475, -33.257447346701305 ], [ -70.810527906709737, -33.257441483622209 ], [ -70.810499739950586, -33.257435210365664 ], [ -70.810471706531374, -33.257428528807893 ], [ -70.810443814836532, -33.257421440947283 ], [ -70.81041607320816, -33.257413948903704 ], [ -70.810388489943435, -33.257406054917951 ], [ -70.810361073292142, -33.257397761350994 ], [ -70.810333831454258, -33.257389070683345 ], [ -70.810306772577462, -33.257379985514255 ], [ -70.810279904754708, -33.257370508560982 ], [ -70.810253236021794, -33.257360642657964 ], [ -70.810226774354973, -33.257350390755967 ], [ -70.810200527668528, -33.257339755921208 ], [ -70.810174503812476, -33.257328741334419 ], [ -70.810148710570189, -33.25731735028991 ], [ -70.810123155655987, -33.257305586194612 ], [ -70.810097846712992, -33.257293452566998 ], [ -70.81007279131066, -33.257280953036073 ], [ -70.810047996942686, -33.257268091340279 ], [ -70.810023471024621, -33.257254871326396 ], [ -70.809999220891768, -33.257241296948337 ], [ -70.809975253796893, -33.257227372266001 ], [ -70.809951576908119, -33.257213101444101 ], [ -70.809928197306789, -33.257198488750817 ], [ -70.809905121985238, -33.257183538556617 ], [ -70.809882357844899, -33.257168255332878 ], [ -70.808067664423447, -33.255928134755735 ] ] ] ] } },
{ "type": "Feature", "properties": { "fid": "91", "Area": 41497.616 }, "geometry": { "type": "MultiPolygon", "coordinates": [ [ [ [ -70.810251686068028, -33.253458534917634 ], [ -70.810260825113374, -33.253448953452391 ], [ -70.810269794365141, -33.253439259384322 ], [ -70.810278591858349, -33.253429454837288 ], [ -70.81028721566561, -33.253419541959367 ], [ -70.810295663897605, -33.253409522922375 ], [ -70.810303934703455, -33.253399399921385 ], [ -70.810626944646998, -33.252997712427302 ], [ -70.810811976583182, -33.252773962974658 ], [ -70.810813156223418, -33.252772562499459 ], [ -70.810814364519061, -33.252771179377888 ], [ -70.810815601108558, -33.252769814023765 ], [ -70.810816865621916, -33.252768466845652 ], [ -70.810818157680743, -33.252767138246654 ], [ -70.810819476898416, -33.252765828624327 ], [ -70.810820822880203, -33.252764538370542 ], [ -70.810822195223366, -33.252763267871359 ], [ -70.810823593517242, -33.252762017506939 ], [ -70.810825017343447, -33.252760787651432 ], [ -70.810826466275941, -33.252759578672844 ], [ -70.81082793988115, -33.252758390932918 ], [ -70.810829437718155, -33.252757224787032 ], [ -70.810830959338759, -33.252756080584177 ], [ -70.81083250428766, -33.252754958666664 ], [ -70.810834072102594, -33.252753859370237 ], [ -70.810835662314389, -33.252752783023823 ], [ -70.810837274447252, -33.252751729949473 ], [ -70.810838908018766, -33.2527507004623 ], [ -70.810840562540179, -33.252749694870367 ], [ -70.810842237516368, -33.252748713474531 ], [ -70.810843932446161, -33.252747756568496 ], [ -70.810845646822401, -33.252746824438546 ], [ -70.810847380132117, -33.25274591736364 ], [ -70.810849131856614, -33.252745035615149 ], [ -70.810850901471795, -33.25274417945694 ], [ -70.810852688448122, -33.252743349145177 ], [ -70.810854492250883, -33.252742544928338 ], [ -70.810856312340363, -33.252741767047034 ], [ -70.810858148171945, -33.252741015734053 ], [ -70.810859999196282, -33.25274029121416 ], [ -70.810861864859532, -33.252739593704199 ], [ -70.810863744603438, -33.252738923412828 ], [ -70.810865637865518, -33.252738280540662 ], [ -70.810867544079301, -33.25273766528003 ], [ -70.810869462674376, -33.252737077815055 ], [ -70.810871393076667, -33.252736518321498 ], [ -70.810873334708546, -33.252735986966798 ], [ -70.810875286989059, -33.252735483909923 ], [ -70.810877249333984, -33.252735009301396 ], [ -70.810879221156213, -33.252734563283262 ], [ -70.810881201865698, -33.25273414598896 ], [ -70.810883190869745, -33.252733757543339 ], [ -70.81088518757322, -33.252733398062659 ], [ -70.810887191378669, -33.252733067654482 ], [ -70.810889201686521, -33.25273276641763 ], [ -70.810891217895204, -33.252732494442306 ], [ -70.810893239401466, -33.252732251809839 ], [ -70.810895265600394, -33.25273203859286 ], [ -70.810897295885738, -33.252731854855156 ], [ -70.810899329649956, -33.252731700651701 ], [ -70.810901366284526, -33.252731576028644 ], [ -70.810903405180014, -33.252731481023268 ], [ -70.810905445726362, -33.252731415664023 ], [ -70.810907487312988, -33.252731379970442 ], [ -70.810909529328981, -33.252731373953203 ], [ -70.810911571163359, -33.252731397614127 ], [ -70.810913612205127, -33.252731450946115 ], [ -70.810915651843587, -33.252731533933208 ], [ -70.810917689468425, -33.252731646550593 ], [ -70.810919724469926, -33.252731788764564 ], [ -70.810921756239196, -33.252731960532564 ], [ -70.810923784168253, -33.252732161803195 ], [ -70.810925807650307, -33.252732392516215 ], [ -70.810927826079876, -33.252732652602624 ], [ -70.810929838853028, -33.252732941984597 ], [ -70.810931845367477, -33.252733260575525 ], [ -70.810933845022845, -33.252733608280067 ], [ -70.810935837220768, -33.252733984994222 ], [ -70.810937821365158, -33.252734390605212 ], [ -70.810939796862286, -33.252734824991727 ], [ -70.810941763121065, -33.252735288023757 ], [ -70.810943719553137, -33.252735779562762 ], [ -70.810945665573072, -33.25273629946166 ], [ -70.81094760059861, -33.25273684756489 ], [ -70.810949524050741, -33.252737423708425 ], [ -70.810951435353914, -33.252738027719907 ], [ -70.810953333936226, -33.252738659418576 ], [ -70.810955219229569, -33.252739318615411 ], [ -70.810957090669845, -33.252740005113182 ], [ -70.81095894769706, -33.252740718706448 ], [ -70.810960789755541, -33.252741459181721 ], [ -70.810962616294134, -33.252742226317409 ], [ -70.810964426766262, -33.252743019883972 ], [ -70.810966220630206, -33.252743839643976 ], [ -70.810967997349209, -33.252744685352098 ], [ -70.810969756391614, -33.252745556755293 ], [ -70.810971497231094, -33.252746453592835 ], [ -70.810973219346735, -33.252747375596364 ], [ -70.810974922223267, -33.252748322489971 ], [ -70.810976605351115, -33.252749293990355 ], [ -70.810978268226677, -33.252750289806805 ], [ -70.810979910352373, -33.252751309641354 ], [ -70.810981531236834, -33.252752353188832 ], [ -70.810983130395059, -33.252753420137019 ], [ -70.810984707348553, -33.252754510166625 ], [ -70.811028333007812, -33.252784676660923 ], [ -70.811072560212551, -33.252814218346565 ], [ -70.811117376288422, -33.25284312675732 ], [ -70.811162768392322, -33.25287139360848 ], [ -70.811208723515961, -33.25289901079919 ], [ -70.811255228489728, -33.252925970414765 ], [ -70.811302269986328, -33.252952264728954 ], [ -70.811349834524719, -33.252977886206189 ], [ -70.811397908473907, -33.253002827503714 ], [ -70.811446478056894, -33.253027081473704 ], [ -70.811495529354559, -33.253050641165274 ], [ -70.811545048309739, -33.253073499826577 ], [ -70.811595020731204, -33.253095650906616 ], [ -70.811645432297709, -33.253117088057166 ], [ -70.811696268562173, -33.253137805134656 ], [ -70.811747514955698, -33.253157796201819 ], [ -70.811799156791906, -33.253177055529498 ], [ -70.811851179271002, -33.253195577598191 ], [ -70.811903567484066, -33.253213357099767 ], [ -70.811956306417414, -33.253230388938796 ], [ -70.812620067612514, -33.253439345265654 ], [ -70.813582278751312, -33.253741989839561 ], [ -70.813584189268866, -33.253742606663081 ], [ -70.813586086771437, -33.253743251223156 ], [ -70.813587970688673, -33.253743923326049 ], [ -70.813589840454256, -33.253744622769716 ], [ -70.813591695506148, -33.253745349343923 ], [ -70.813593535286756, -33.25374610283027 ], [ -70.813595359243052, -33.253746883002236 ], [ -70.813597166826767, -33.253747689625342 ], [ -70.813598957494563, -33.253748522457101 ], [ -70.81360073070816, -33.253749381247189 ], [ -70.813602485934567, -33.253750265737452 ], [ -70.813604222646163, -33.253751175662011 ], [ -70.813605940320912, -33.253752110747357 ], [ -70.813607638442491, -33.25375307071242 ], [ -70.813609316500447, -33.253754055268637 ], [ -70.813610973990393, -33.253755064120043 ], [ -70.813612610414097, -33.253756096963414 ], [ -70.813614225279636, -33.253757153488266 ], [ -70.813615818101624, -33.253758233377006 ], [ -70.813617388401255, -33.253759336305059 ], [ -70.813618935706515, -33.253760461940871 ], [ -70.813620459552297, -33.253761609946096 ], [ -70.813621959480543, -33.253762779975652 ], [ -70.813623435040384, -33.253763971677827 ], [ -70.813624885788272, -33.253765184694423 ], [ -70.813626311288132, -33.253766418660781 ], [ -70.813627711111479, -33.253767673206035 ], [ -70.813629084837515, -33.253768947953034 ], [ -70.813630432053316, -33.253770242518613 ], [ -70.813631752353928, -33.253771556513634 ], [ -70.813633045342456, -33.25377288954315 ], [ -70.813634310630263, -33.253774241206429 ], [ -70.813635547836995, -33.253775611097176 ], [ -70.813636756590768, -33.253776998803609 ], [ -70.813637936528224, -33.253778403908605 ], [ -70.813639087294703, -33.253779825989817 ], [ -70.813640208544271, -33.253781264619739 ], [ -70.813641299939889, -33.253782719365951 ], [ -70.813642361153512, -33.25378418979119 ], [ -70.813643391866137, -33.253785675453422 ], [ -70.813644391767923, -33.253787175906083 ], [ -70.813645360558311, -33.253788690698144 ], [ -70.813646297946107, -33.253790219374281 ], [ -70.813647203649523, -33.253791761474979 ], [ -70.813648077396309, -33.253793316536708 ], [ -70.813648918923832, -33.253794884092009 ], [ -70.813649727979126, -33.253796463669694 ], [ -70.813650504318986, -33.253798054794956 ], [ -70.813651247710069, -33.253799656989514 ], [ -70.813651957928897, -33.253801269771742 ], [ -70.813652634761979, -33.2538028926569 ], [ -70.813653278005901, -33.253804525157122 ], [ -70.813653887467268, -33.253806166781686 ], [ -70.813654462962887, -33.25380781703717 ], [ -70.813655004319756, -33.253809475427474 ], [ -70.81365551137516, -33.253811141454122 ], [ -70.813655983976702, -33.253812814616325 ], [ -70.813656421982287, -33.253814494411131 ], [ -70.813656825260239, -33.253816180333615 ], [ -70.813657193689366, -33.253817871876997 ], [ -70.813657527158924, -33.253819568532819 ], [ -70.81365782556864, -33.253821269791068 ], [ -70.813658088828845, -33.253822975140359 ], [ -70.813658316860383, -33.253824684068086 ], [ -70.813658509594703, -33.253826396060553 ], [ -70.813658666973893, -33.253828110603145 ], [ -70.813658788950605, -33.253829827180489 ], [ -70.813658875488215, -33.253831545276597 ], [ -70.813658926560677, -33.253833264375011 ], [ -70.813658942152657, -33.253834983958988 ], [ -70.813658922259449, -33.253836703511652 ], [ -70.813658866887039, -33.253838422516097 ], [ -70.81365877605208, -33.253840140455615 ], [ -70.813658649781857, -33.253841856813779 ], [ -70.813658488114328, -33.253843571074682 ], [ -70.813658291098093, -33.253845282723034 ], [ -70.813658058792356, -33.253846991244345 ], [ -70.813657791266976, -33.253848696125004 ], [ -70.813657488602331, -33.25385039685257 ], [ -70.813657150889426, -33.253852092915807 ], [ -70.813656778229742, -33.253853783804871 ], [ -70.813656370735345, -33.253855469011512 ], [ -70.813655928528661, -33.253857148029184 ], [ -70.813655451742662, -33.253858820353159 ], [ -70.813654940520649, -33.253860485480764 ], [ -70.813654395016286, -33.253862142911458 ], [ -70.813653815393536, -33.253863792147037 ], [ -70.813653201826639, -33.253865432691768 ], [ -70.813652554500038, -33.253867064052486 ], [ -70.813651873608293, -33.253868685738844 ], [ -70.81365115935607, -33.253870297263354 ], [ -70.813372297529568, -33.254483173131511 ], [ -70.813295389993542, -33.254644957958313 ], [ -70.812090154615589, -33.254365863385111 ], [ -70.812073448402586, -33.254362116057528 ], [ -70.812056672500205, -33.254358595359804 ], [ -70.812039831263277, -33.25435530220588 ], [ -70.812022929063616, -33.254352237450604 ], [ -70.812005970288823, -33.254349401889577 ], [ -70.811988959341207, -33.254346796258886 ], [ -70.811971900636649, -33.254344421234912 ], [ -70.811954798603352, -33.254342277434212 ], [ -70.811937657680815, -33.254340365413277 ], [ -70.811920482318655, -33.254338685668436 ], [ -70.811903276975357, -33.254337238635763 ], [ -70.811886046117266, -33.2543360246909 ], [ -70.809957273902455, -33.254213262211628 ], [ -70.80993948779674, -33.254212004955555 ], [ -70.809921729038066, -33.254210499342683 ], [ -70.809904002538801, -33.254208745789462 ], [ -70.809886313202426, -33.254206744780966 ], [ -70.809868665922124, -33.254204496870685 ], [ -70.809851065579451, -33.254202002680465 ], [ -70.809833517043003, -33.254199262900194 ], [ -70.809816025166995, -33.254196278287772 ], [ -70.80979859479001, -33.254193049668785 ], [ -70.809781230733577, -33.254189577936316 ], [ -70.809763937800923, -33.254185864050712 ], [ -70.809746720775578, -33.254181909039282 ], [ -70.809729584420054, -33.254177713996064 ], [ -70.809712533474595, -33.25417328008146 ], [ -70.80969557265577, -33.254168608521979 ], [ -70.80967870665522, -33.254163700609858 ], [ -70.809661940138383, -33.254158557702695 ], [ -70.809645277743158, -33.254153181223124 ], [ -70.809628724078649, -33.254147572658333 ], [ -70.809612283723894, -33.25414173355977 ], [ -70.809595961226506, -33.254135665542634 ], [ -70.810251686068028, -33.253458534917634 ] ] ] ] } },
{ "type": "Feature", "properties": { "fid": "92", "Area": 23486.405 }, "geometry": { "type": "MultiPolygon", "coordinates": [ [ [ [ -70.812474748366625, -33.246139204195053 ], [ -70.815894397550224, -33.247397482363191 ], [ -70.815893084511004, -33.247399495100908 ], [ -70.815891731011476, -33.247401488826256 ], [ -70.815890337441431, -33.247403462965096 ], [ -70.815888904202225, -33.247405416948844 ], [ -70.815887431706614, -33.247407350214758 ], [ -70.815885920378662, -33.247409262206105 ], [ -70.81588437065362, -33.247411152372216 ], [ -70.815882782977809, -33.247413020168736 ], [ -70.815881157808448, -33.247414865057749 ], [ -70.815879495613601, -33.247416686507954 ], [ -70.815877796871931, -33.247418483994743 ], [ -70.815876062072718, -33.247420257000478 ], [ -70.815874291715545, -33.247422005014528 ], [ -70.815241637721172, -33.248036035170458 ], [ -70.813903291646824, -33.247150954210468 ], [ -70.813888495040075, -33.247141342936324 ], [ -70.813873501338023, -33.247131949795971 ], [ -70.813858315094834, -33.247122777642467 ], [ -70.813842940923166, -33.247113829261735 ], [ -70.813827383492793, -33.247105107371702 ], [ -70.813811647529079, -33.247096614621555 ], [ -70.813795737811674, -33.247088353590833 ], [ -70.813779659172965, -33.247080326788712 ], [ -70.813763416496656, -33.247072536653214 ], [ -70.813747014716256, -33.247064985550523 ], [ -70.813730458813609, -33.247057675774144 ], [ -70.813713753817382, -33.247050609544345 ], [ -70.813696904801475, -33.247043789007371 ], [ -70.813679916883601, -33.247037216234887 ], [ -70.813662795223578, -33.247030893223283 ], [ -70.813645545021913, -33.247024821893085 ], [ -70.813628171518104, -33.247019004088351 ], [ -70.813610679989111, -33.247013441576186 ], [ -70.813593075747775, -33.247008136046112 ], [ -70.813575364141101, -33.247003089109619 ], [ -70.813557550548765, -33.246998302299644 ], [ -70.813539640381393, -33.246993777070088 ], [ -70.8135216390789, -33.24698951479548 ], [ -70.813503552108969, -33.246985516770387 ], [ -70.813485384965233, -33.246981784209133 ], [ -70.813467143165681, -33.246978318245496 ], [ -70.813448832250998, -33.246975119932173 ], [ -70.813430457782857, -33.246972190240626 ], [ -70.813412025342217, -33.246969530060703 ], [ -70.81339354052767, -33.246967140200375 ], [ -70.81337500895367, -33.246965021385577 ], [ -70.813356436248895, -33.246963174259847 ], [ -70.813337828054557, -33.246961599384221 ], [ -70.813319190022597, -33.246960297237074 ], [ -70.813300527814008, -33.246959268213892 ], [ -70.813281847097173, -33.246958512627259 ], [ -70.81326315354606, -33.246958030706658 ], [ -70.813244452838561, -33.246957822598475 ], [ -70.813225750654695, -33.246957888365912 ], [ -70.813207052674997, -33.246958227989026 ], [ -70.813188364578664, -33.246958841364652 ], [ -70.813169692041953, -33.2469597283065 ], [ -70.813151040736315, -33.246960888545182 ], [ -70.813132416326837, -33.24696232172829 ], [ -70.813113824470392, -33.246964027420518 ], [ -70.811988080632219, -33.24707565176498 ], [ -70.812028294571959, -33.247006542005785 ], [ -70.812067371338046, -33.246936973205578 ], [ -70.812105303513263, -33.246866958574216 ], [ -70.812142083897768, -33.246796511406252 ], [ -70.812474748366625, -33.246139204195053 ] ] ] ] } },
{ "type": "Feature", "properties": { "fid": "93", "Area": 47867.619 }, "geometry": { "type": "MultiPolygon", "coordinates": [ [ [ [ -70.811619379996216, -33.247619583001274 ], [ -70.811662420604833, -33.247562887381029 ], [ -70.811704645293929, -33.247505760247982 ], [ -70.811719838075661, -33.247507049017578 ], [ -70.811735007494946, -33.247508519302521 ], [ -70.811750150480336, -33.247510170805128 ], [ -70.811765263965711, -33.247512003190991 ], [ -70.813979799570888, -33.247794005423806 ], [ -70.81399767829042, -33.247796411776172 ], [ -70.814015506145864, -33.247799071249908 ], [ -70.814033278061842, -33.247801983087882 ], [ -70.814050988978863, -33.24780514646114 ], [ -70.814068633854887, -33.247808560469082 ], [ -70.814086207666548, -33.247812224139778 ], [ -70.81410370541083, -33.247816136430231 ], [ -70.814121122106314, -33.247820296226628 ], [ -70.814138452794609, -33.24782470234473 ], [ -70.814155692541931, -33.247829353530179 ], [ -70.814172836440235, -33.247834248458794 ], [ -70.81418987960889, -33.247839385737073 ], [ -70.814206817195853, -33.247844763902464 ], [ -70.814223644379169, -33.247850381423852 ], [ -70.814240356368316, -33.247856236702006 ], [ -70.814256948405571, -33.247862328069992 ], [ -70.814273415767317, -33.247868653793653 ], [ -70.814289753765479, -33.247875212072117 ], [ -70.814305957748758, -33.247882001038299 ], [ -70.81432202310404, -33.24788901875948 ], [ -70.814337945257677, -33.247896263237756 ], [ -70.814353719676745, -33.247903732410705 ], [ -70.814369341870432, -33.247911424151965 ], [ -70.814384807391207, -33.247919336271721 ], [ -70.81440011183615, -33.247927466517503 ], [ -70.814415250848242, -33.247935812574703 ], [ -70.814430220117501, -33.247944372067288 ], [ -70.814445015382276, -33.247953142558444 ], [ -70.814975790163828, -33.248273447496125 ], [ -70.814414646017738, -33.24881846278916 ], [ -70.814405807692239, -33.248826897300212 ], [ -70.814396795736712, -33.248835201085129 ], [ -70.814387612889362, -33.248843371620822 ], [ -70.814378261940377, -33.24885140642467 ], [ -70.814368745730945, -33.248859303055312 ], [ -70.814359067152537, -33.248867059113373 ], [ -70.814349229145932, -33.248874672242152 ], [ -70.814339234700356, -33.248882140128423 ], [ -70.814329086852595, -33.248889460503051 ], [ -70.814318788686009, -33.248896631141776 ], [ -70.814308343329671, -33.24890364986576 ], [ -70.814297753957348, -33.248910514542388 ], [ -70.814287023786591, -33.248917223085812 ], [ -70.814276156077739, -33.248923773457662 ], [ -70.814265154132897, -33.248930163667573 ], [ -70.814254021295, -33.24893639177391 ], [ -70.814242760946698, -33.248942455884254 ], [ -70.81423137650944, -33.248948354156013 ], [ -70.814219871442361, -33.248954084796978 ], [ -70.814208249241275, -33.248959646065906 ], [ -70.814196513437551, -33.24896503627302 ], [ -70.814184667597104, -33.248970253780485 ], [ -70.814172715319273, -33.248975297002943 ], [ -70.814160660235743, -33.248980164408032 ], [ -70.814148506009445, -33.248984854516749 ], [ -70.814136256333427, -33.248989365904023 ], [ -70.814123914929766, -33.248993697199083 ], [ -70.814111485548366, -33.248997847085818 ], [ -70.814098971965919, -33.249001814303313 ], [ -70.814086377984651, -33.249005597646089 ], [ -70.814073707431263, -33.249009195964611 ], [ -70.814060964155686, -33.249012608165494 ], [ -70.814048152029983, -33.249015833211935 ], [ -70.814035274947116, -33.249018870124033 ], [ -70.814022336819804, -33.249021717978962 ], [ -70.814009341579307, -33.249024375911446 ], [ -70.813996293174228, -33.249026843113839 ], [ -70.813983195569335, -33.249029118836468 ], [ -70.813970052744352, -33.249031202387854 ], [ -70.813956868692742, -33.24903309313494 ], [ -70.813943647420501, -33.249034790503174 ], [ -70.813930392944897, -33.249036293976843 ], [ -70.813917109293342, -33.249037603099069 ], [ -70.813903800502089, -33.249038717472075 ], [ -70.813890470615021, -33.249039636757296 ], [ -70.81387712368246, -33.249040360675373 ], [ -70.813863763759869, -33.249040889006345 ], [ -70.813850394906694, -33.249041221589678 ], [ -70.81383702118508, -33.249041358324305 ], [ -70.813823646658633, -33.249041299168681 ], [ -70.813810275391248, -33.249041044140753 ], [ -70.813796911445792, -33.249040593318071 ], [ -70.813783558882918, -33.249039946837549 ], [ -70.810547596209219, -33.248859442026003 ], [ -70.810545908360439, -33.248858464805998 ], [ -70.810544240960439, -33.248857463108351 ], [ -70.810542594511972, -33.248856437235062 ], [ -70.810540969511464, -33.248855387495468 ], [ -70.810539366448893, -33.248854314206092 ], [ -70.810537785807611, -33.248853217690517 ], [ -70.81053622806418, -33.248852098279393 ], [ -70.810534693688325, -33.248850956310235 ], [ -70.810533183142653, -33.248849792127366 ], [ -70.810531696882634, -33.2488486060818 ], [ -70.810530235356396, -33.24884739853114 ], [ -70.810528799004601, -33.248846169839517 ], [ -70.810527388260354, -33.248844920377373 ], [ -70.810526003549015, -33.248843650521444 ], [ -70.810524645288098, -33.248842360654614 ], [ -70.810523313887117, -33.248841051165826 ], [ -70.81052200974753, -33.248839722449873 ], [ -70.81052073326255, -33.248838374907429 ], [ -70.810519484817064, -33.248837008944761 ], [ -70.810518264787504, -33.248835624973751 ], [ -70.810517073541718, -33.248834223411684 ], [ -70.810515911438884, -33.248832804681157 ], [ -70.810514778829386, -33.248831369209938 ], [ -70.810513676054754, -33.248829917430847 ], [ -70.810512603447464, -33.248828449781612 ], [ -70.810511561330941, -33.24882696670479 ], [ -70.810510550019387, -33.248825468647517 ], [ -70.810509569817725, -33.248823956061486 ], [ -70.810508621021498, -33.248822429402757 ], [ -70.810507703916812, -33.248820889131686 ], [ -70.810506818780169, -33.24881933571266 ], [ -70.810505965878434, -33.248817769614057 ], [ -70.810505145468809, -33.248816191308102 ], [ -70.810504357798621, -33.248814601270659 ], [ -70.810503603105374, -33.248812999981162 ], [ -70.810502881616642, -33.248811387922423 ], [ -70.810502193549937, -33.248809765580518 ], [ -70.810501539112721, -33.248808133444598 ], [ -70.810500918502328, -33.248806492006779 ], [ -70.810500331905885, -33.248804841761981 ], [ -70.810499779500248, -33.248803183207777 ], [ -70.81049926145198, -33.248801516844267 ], [ -70.810498777917275, -33.248799843173877 ], [ -70.810498329041906, -33.248798162701235 ], [ -70.81049791496126, -33.248796475933055 ], [ -70.810497535800167, -33.248794783377903 ], [ -70.810497191672937, -33.248793085546133 ], [ -70.810496882683324, -33.248791382949634 ], [ -70.810496608924524, -33.248789676101815 ], [ -70.810496370479029, -33.248787965517273 ], [ -70.810496167418776, -33.248786251711806 ], [ -70.810495999804971, -33.248784535202162 ], [ -70.810495867688147, -33.248782816505866 ], [ -70.810495771108151, -33.248781096141158 ], [ -70.810495710094088, -33.248779374626757 ], [ -70.810495684664346, -33.248777652481714 ], [ -70.810495694826599, -33.248775930225278 ], [ -70.810495740577807, -33.248774208376759 ], [ -70.810495821904127, -33.248772487455312 ], [ -70.81049593878106, -33.248770767979821 ], [ -70.810496091173377, -33.248769050468738 ], [ -70.810496279035092, -33.248767335439922 ], [ -70.810496502309604, -33.248765623410485 ], [ -70.810496760929553, -33.248763914896621 ], [ -70.810497054816963, -33.248762210413489 ], [ -70.810497383883231, -33.248760510475002 ], [ -70.810497748029135, -33.248758815593725 ], [ -70.810498147144884, -33.248757126280708 ], [ -70.81049858111011, -33.24875544304529 ], [ -70.810499049793989, -33.248753766394991 ], [ -70.810499553055209, -33.248752096835354 ], [ -70.810500090741996, -33.248750434869777 ], [ -70.810500662692249, -33.248748780999385 ], [ -70.810501268733489, -33.248747135722823 ], [ -70.810501908683023, -33.248745499536177 ], [ -70.810502582347866, -33.248743872932792 ], [ -70.810503289524917, -33.248742256403098 ], [ -70.810504030000914, -33.248740650434527 ], [ -70.810504803552618, -33.248739055511287 ], [ -70.810505609946787, -33.248737472114271 ], [ -70.810506448940274, -33.248735900720895 ], [ -70.810507320280095, -33.248734341804983 ], [ -70.810508223703536, -33.248732795836574 ], [ -70.810509158938203, -33.248731263281769 ], [ -70.810510125702109, -33.24872974460267 ], [ -70.810511123703733, -33.248728240257194 ], [ -70.810512152642204, -33.248726750698928 ], [ -70.81051321220724, -33.24872527637698 ], [ -70.810514302079355, -33.2487238177359 ], [ -70.810515421929978, -33.248722375215479 ], [ -70.810516571421431, -33.248720949250668 ], [ -70.810517750207126, -33.248719540271402 ], [ -70.810518957931635, -33.24871814870253 ], [ -70.810520194230804, -33.248716774963619 ], [ -70.81052145873187, -33.248715419468873 ], [ -70.810522751053568, -33.248714082627004 ], [ -70.810524070806267, -33.248712764841088 ], [ -70.81052541759199, -33.24871146650846 ], [ -70.81052679100469, -33.248710188020574 ], [ -70.810528190630265, -33.248708929762927 ], [ -70.810529616046679, -33.24870769211492 ], [ -70.810531066824169, -33.24870647544968 ], [ -70.810694349916773, -33.248571898492258 ], [ -70.810774176594094, -33.248504977808821 ], [ -70.810852637559421, -33.248436926416566 ], [ -70.810929710133109, -33.248367763989108 ], [ -70.811005372037101, -33.248297510521226 ], [ -70.811079601401275, -33.248226186323066 ], [ -70.81115237676984, -33.248153812014245 ], [ -70.811223677107478, -33.24808040851795 ], [ -70.811293481805478, -33.24800599705479 ], [ -70.811361770687654, -33.24793059913673 ], [ -70.811428524016193, -33.24785423656089 ], [ -70.811493722497374, -33.247776931403138 ], [ -70.811557347287035, -33.247698706011846 ], [ -70.811619379996216, -33.247619583001274 ] ] ] ] } },
{ "type": "Feature", "properties": { "fid": "94", "Area": 49025.037 }, "geometry": { "type": "MultiPolygon", "coordinates": [ [ [ [ -70.808905923404865, -33.246322826598117 ], [ -70.809588089006965, -33.245544167094806 ], [ -70.809634086394993, -33.245491662655532 ], [ -70.80963969832905, -33.245485372438424 ], [ -70.80964543993889, -33.245479165400887 ], [ -70.80965130947871, -33.245473043430209 ], [ -70.80965730516381, -33.245467008387848 ], [ -70.809663425171124, -33.245461062108802 ], [ -70.809669667639781, -33.245455206401076 ], [ -70.809676030671696, -33.245449443045139 ], [ -70.809682512332103, -33.245443773793404 ], [ -70.809689110650197, -33.245438200369634 ], [ -70.809695823619677, -33.245432724468479 ], [ -70.809702649199394, -33.245427347754912 ], [ -70.809709585313939, -33.245422071863764 ], [ -70.809716629854336, -33.245416898399242 ], [ -70.809723780678624, -33.245411828934344 ], [ -70.809731035612501, -33.245406865010466 ], [ -70.809738392450043, -33.245402008136971 ], [ -70.80974584895435, -33.245397259790586 ], [ -70.809753402858178, -33.245392621415085 ], [ -70.809761051864697, -33.245388094420811 ], [ -70.809768793648175, -33.245383680184219 ], [ -70.80977662585461, -33.245379380047488 ], [ -70.809784546102605, -33.245375195318118 ], [ -70.809792551983918, -33.245371127268484 ], [ -70.809800641064271, -33.245367177135513 ], [ -70.809808810884164, -33.245363346120264 ], [ -70.809817058959439, -33.245359635387601 ], [ -70.809825382782236, -33.245356046065766 ], [ -70.809833779821616, -33.245352579246131 ], [ -70.809842247524415, -33.245349235982822 ], [ -70.809850783315923, -33.245346017292341 ], [ -70.809859384600813, -33.245342924153391 ], [ -70.809868048763775, -33.245339957506445 ], [ -70.809876773170416, -33.245337118253516 ], [ -70.809885555168023, -33.245334407257907 ], [ -70.809894392086349, -33.245331825343911 ], [ -70.809903281238476, -33.245329373296592 ], [ -70.809912219921586, -33.24532705186148 ], [ -70.809921205417837, -33.245324861744443 ], [ -70.809930234995093, -33.245322803611373 ], [ -70.809939305907889, -33.245320878088094 ], [ -70.809948415398111, -33.24531908576003 ], [ -70.809957560695977, -33.245317427172196 ], [ -70.809966739020823, -33.245315902828857 ], [ -70.80997594758189, -33.245314513193527 ], [ -70.809985183579272, -33.245313258688711 ], [ -70.809994444204705, -33.245312139695841 ], [ -70.810003726642421, -33.245311156555168 ], [ -70.810013028070045, -33.245310309565618 ], [ -70.810022345659419, -33.245309598984718 ], [ -70.810031676577481, -33.245309025028519 ], [ -70.810041017987118, -33.245308587871541 ], [ -70.810050367047978, -33.245308287646715 ], [ -70.810059720917451, -33.245308124445309 ], [ -70.810069076751432, -33.24530809831694 ], [ -70.810078431705207, -33.245308209269567 ], [ -70.810087782934374, -33.245308457269438 ], [ -70.810097127595597, -33.245308842241151 ], [ -70.810106462847614, -33.245309364067658 ], [ -70.810115785851949, -33.245310022590282 ], [ -70.81012509377392, -33.245310817608789 ], [ -70.810134383783364, -33.24531174888147 ], [ -70.810143653055619, -33.245312816125143 ], [ -70.810152898772287, -33.245314019015332 ], [ -70.810162118122165, -33.245315357186257 ], [ -70.81017130830206, -33.245316830231047 ], [ -70.810180466517593, -33.245318437701805 ], [ -70.810189589984205, -33.245320179109804 ], [ -70.810198675927836, -33.245322053925513 ], [ -70.810207721585826, -33.245324061578899 ], [ -70.810216724207791, -33.245326201459534 ], [ -70.810225681056437, -33.245328472916754 ], [ -70.810234589408367, -33.24533087525991 ], [ -70.810243446554935, -33.245333407758551 ], [ -70.810252249803057, -33.245336069642661 ], [ -70.81026099647606, -33.245338860102883 ], [ -70.810269683914456, -33.245341778290729 ], [ -70.810278309476757, -33.245344823318923 ], [ -70.810746763351474, -33.245514250088597 ], [ -70.812282544518212, -33.24606968227058 ], [ -70.811949694832364, -33.246727352555133 ], [ -70.811910103183266, -33.246803042187373 ], [ -70.811869136108555, -33.246878213272232 ], [ -70.811826803220896, -33.246952848164739 ], [ -70.811783114453647, -33.247026929345679 ], [ -70.811738080058447, -33.247100439425779 ], [ -70.810079373805465, -33.2472648878082 ], [ -70.810060799392573, -33.247266591564717 ], [ -70.81004219249057, -33.247268023320807 ], [ -70.810023558740667, -33.247269182642356 ], [ -70.810004903792219, -33.247270069177915 ], [ -70.809986233301046, -33.247270682658687 ], [ -70.809967552927645, -33.247271022898651 ], [ -70.80994886833551, -33.247271089794701 ], [ -70.809930185189444, -33.2472708833265 ], [ -70.809911509153778, -33.247270403556655 ], [ -70.809892845890701, -33.247269650630599 ], [ -70.809874201058548, -33.24726862477663 ], [ -70.809855580310028, -33.247267326305739 ], [ -70.809836989290559, -33.247265755611593 ], [ -70.809818433636593, -33.247263913170386 ], [ -70.809799918973781, -33.247261799540716 ], [ -70.809781450915395, -33.247259415363359 ], [ -70.809763035060598, -33.247256761361164 ], [ -70.809744676992651, -33.247253838338757 ], [ -70.809726382277333, -33.247250647182327 ], [ -70.809708156461255, -33.247247188859376 ], [ -70.809690005070067, -33.247243464418382 ], [ -70.809671933606893, -33.24723947498849 ], [ -70.809653947550629, -33.247235221779249 ], [ -70.80963605235425, -33.247230706080096 ], [ -70.809618253443205, -33.247225929260125 ], [ -70.809600556213724, -33.247220892767523 ], [ -70.809582966031215, -33.247215598129287 ], [ -70.809565488228642, -33.247210046950592 ], [ -70.809548128104879, -33.247204240914471 ], [ -70.809530890923142, -33.247198181781172 ], [ -70.809513781909359, -33.24719187138767 ], [ -70.809496806250579, -33.247185311647158 ], [ -70.809479969093431, -33.247178504548408 ], [ -70.809463275542569, -33.247171452155165 ], [ -70.809446730659076, -33.247164156605557 ], [ -70.80943033945897, -33.247156620111447 ], [ -70.809414106911674, -33.247148844957728 ], [ -70.809346666788045, -33.247115885149221 ], [ -70.809068253076958, -33.246979816191292 ], [ -70.809060267882444, -33.246975835487312 ], [ -70.809052365860765, -33.246971739276766 ], [ -70.809044549378186, -33.246967528786257 ], [ -70.809036820775304, -33.246963205276607 ], [ -70.80902918236643, -33.246958770042475 ], [ -70.809021636438857, -33.246954224412008 ], [ -70.809014185252195, -33.246949569746363 ], [ -70.809006831037692, -33.246944807439363 ], [ -70.808999575997504, -33.246939938917116 ], [ -70.808992422304172, -33.246934965637443 ], [ -70.808985372099798, -33.246929889089614 ], [ -70.808978427495575, -33.246924710793792 ], [ -70.808971590571005, -33.246919432300587 ], [ -70.80896486337339, -33.246914055190665 ], [ -70.808958247917147, -33.246908581074152 ], [ -70.808951746183254, -33.246903011590291 ], [ -70.808945360118614, -33.24689734840684 ], [ -70.808939091635494, -33.24689159321963 ], [ -70.80893294261098, -33.246885747752046 ], [ -70.808926914886328, -33.246879813754482 ], [ -70.808921010266531, -33.246873793003878 ], [ -70.808915230519673, -33.246867687303116 ], [ -70.808909577376468, -33.246861498480555 ], [ -70.808904052529712, -33.246855228389407 ], [ -70.808898657633776, -33.246848878907251 ], [ -70.808893394304121, -33.246842451935386 ], [ -70.808888264116817, -33.24683594939841 ], [ -70.808883268608042, -33.246829373243443 ], [ -70.808878409273674, -33.246822725439706 ], [ -70.808873687568777, -33.246816007977877 ], [ -70.808869104907259, -33.24680922286948 ], [ -70.808864662661307, -33.246802372146277 ], [ -70.808860362161127, -33.246795457859726 ], [ -70.808856204694479, -33.246788482080262 ], [ -70.808852191506233, -33.246781446896776 ], [ -70.808848323798102, -33.246774354415933 ], [ -70.808844602728243, -33.246767206761554 ], [ -70.808841029410871, -33.246760006073949 ], [ -70.808837604915965, -33.246752754509366 ], [ -70.808834330268951, -33.246745454239282 ], [ -70.808831206450364, -33.246738107449701 ], [ -70.808828234395591, -33.246730716340615 ], [ -70.808825414994544, -33.246723283125242 ], [ -70.808822749091476, -33.246715810029436 ], [ -70.808820237484625, -33.246708299291022 ], [ -70.808817880926043, -33.246700753159033 ], [ -70.808815680121342, -33.246693173893121 ], [ -70.808813635729535, -33.24668556376286 ], [ -70.808811748362743, -33.246677925047102 ], [ -70.808810018586072, -33.24667026003322 ], [ -70.808808446917496, -33.246662571016458 ], [ -70.808807033827591, -33.246654860299266 ], [ -70.808805779739444, -33.246647130190588 ], [ -70.808804685028562, -33.24663938300516 ], [ -70.80880375002269, -33.246631621062846 ], [ -70.808802975001782, -33.246623846687932 ], [ -70.808802360197859, -33.246616062208403 ], [ -70.808801905795008, -33.246608269955303 ], [ -70.808801611929212, -33.246600472261946 ], [ -70.808801478688466, -33.246592671463368 ], [ -70.808801506112601, -33.246584869895429 ], [ -70.808801694193377, -33.246577069894315 ], [ -70.808802042874404, -33.246569273795657 ], [ -70.808802552051262, -33.246561483933981 ], [ -70.808803221571424, -33.246553702641876 ], [ -70.808804051234361, -33.246545932249468 ], [ -70.808805040791583, -33.246538175083515 ], [ -70.80880618994675, -33.246530433466887 ], [ -70.808807498355705, -33.246522709717745 ], [ -70.808808965626611, -33.246515006148925 ], [ -70.808810591320054, -33.246507325067228 ], [ -70.808812374949184, -33.246499668772692 ], [ -70.808814315979859, -33.246492039557964 ], [ -70.808816413830854, -33.246484439707544 ], [ -70.808818667873865, -33.246476871497187 ], [ -70.808821077433947, -33.24646933719314 ], [ -70.80882364178953, -33.246461839051484 ], [ -70.808826360172645, -33.24645437931752 ], [ -70.808829231769323, -33.246446960224993 ], [ -70.80883225571958, -33.24643958399551 ], [ -70.808835431117913, -33.246432252837828 ], [ -70.808838757013405, -33.246424968947224 ], [ -70.808842232410129, -33.24641773450481 ], [ -70.808845856267354, -33.246410551676867 ], [ -70.808849627499896, -33.246403422614286 ], [ -70.808853544978447, -33.246396349451771 ], [ -70.808857607529916, -33.246389334307352 ], [ -70.808861813937767, -33.246382379281677 ], [ -70.808866162942394, -33.246375486457339 ], [ -70.80887065324147, -33.246368657898387 ], [ -70.80887528349038, -33.246361895649549 ], [ -70.808880052302598, -33.24635520173576 ], [ -70.808884958250118, -33.246348578161438 ], [ -70.808889999863851, -33.246342026909971 ], [ -70.808895175634078, -33.246335549943083 ], [ -70.808900484010948, -33.246329149200243 ], [ -70.808905923404865, -33.246322826598117 ] ] ] ] } },
{ "type": "Feature", "properties": { "fid": "95", "Area": 29687.153 }, "geometry": { "type": "MultiPolygon", "coordinates": [ [ [ [ -70.80790525932106, -33.247931492745458 ], [ -70.808027548340618, -33.247858775439639 ], [ -70.808042584345344, -33.24784999529453 ], [ -70.808057796449248, -33.247841431989642 ], [ -70.808073180223531, -33.247833088018048 ], [ -70.808088731189414, -33.247824965808938 ], [ -70.808104444819449, -33.247817067726984 ], [ -70.808120316538819, -33.247809396071538 ], [ -70.808136341726708, -33.247801953076113 ], [ -70.808152515717623, -33.247794740907587 ], [ -70.808168833802725, -33.247787761665634 ], [ -70.808185291231254, -33.24778101738216 ], [ -70.808201883211879, -33.247774510020655 ], [ -70.808218604914103, -33.247768241475576 ], [ -70.808235451469656, -33.247762213571946 ], [ -70.808252417973932, -33.247756428064662 ], [ -70.808269499487423, -33.247750886638052 ], [ -70.808286691037097, -33.247745590905431 ], [ -70.808303987617933, -33.247740542408536 ], [ -70.808321384194301, -33.247735742617138 ], [ -70.808338875701494, -33.247731192928626 ], [ -70.808356457047168, -33.247726894667522 ], [ -70.80837412311277, -33.247722849085228 ], [ -70.80839186875518, -33.247719057359511 ], [ -70.808409688808027, -33.247715520594241 ], [ -70.808427578083311, -33.247712239819123 ], [ -70.808445531372897, -33.247709215989275 ], [ -70.808463543450003, -33.24770644998501 ], [ -70.808481609070725, -33.247703942611601 ], [ -70.808499722975583, -33.247701694599023 ], [ -70.808517879891042, -33.247699706601736 ], [ -70.80853607453102, -33.24769797919852 ], [ -70.808554301598505, -33.247696512892254 ], [ -70.808572555787009, -33.247695308109826 ], [ -70.808590831782141, -33.247694365201973 ], [ -70.808609124263199, -33.247693684443206 ], [ -70.808627427904653, -33.24769326603171 ], [ -70.808645737377731, -33.247693110089287 ], [ -70.808664047351968, -33.247693216661354 ], [ -70.808682352496746, -33.247693585716867 ], [ -70.808700647482851, -33.247694217148357 ], [ -70.808718926984056, -33.247695110772014 ], [ -70.808737185678581, -33.247696266327658 ], [ -70.808755418250783, -33.247697683478862 ], [ -70.808773619392554, -33.247699361813055 ], [ -70.808791783804978, -33.247701300841584 ], [ -70.808830991182688, -33.247705772087109 ], [ -70.809880740632877, -33.247825481687535 ], [ -70.809898813152685, -33.247827411404984 ], [ -70.80991692205582, -33.247829083054555 ], [ -70.809935062123088, -33.247830496154478 ], [ -70.809953228126247, -33.247831650297478 ], [ -70.809971414829661, -33.247832545150935 ], [ -70.809989616991643, -33.247833180456929 ], [ -70.810007829366114, -33.24783355603239 ], [ -70.810026046704039, -33.247833671769058 ], [ -70.810044263754932, -33.247833527633581 ], [ -70.810062475268396, -33.247833123667498 ], [ -70.810080675995636, -33.247832459987265 ], [ -70.810098860690957, -33.247831536784147 ], [ -70.810117024113325, -33.247830354324257 ], [ -70.810135161027773, -33.247828912948364 ], [ -70.810153266207038, -33.247827213071922 ], [ -70.810171334432951, -33.247825255184864 ], [ -70.810189360498043, -33.247823039851468 ], [ -70.810207339206954, -33.247820567710242 ], [ -70.81022526537798, -33.247817839473683 ], [ -70.810243133844608, -33.247814855928105 ], [ -70.810260939456896, -33.247811617933415 ], [ -70.810278677083062, -33.247808126422854 ], [ -70.810296341610908, -33.24780438240272 ], [ -70.810313927949295, -33.247800386952115 ], [ -70.810331431029638, -33.247796141222537 ], [ -70.810348845807354, -33.247791646437697 ], [ -70.811280646183022, -33.247543850683897 ], [ -70.811297649600291, -33.247539458792339 ], [ -70.81131473732097, -33.247535304327407 ], [ -70.811331904649691, -33.247531388430652 ], [ -70.811349146869233, -33.247527712178055 ], [ -70.811366459241825, -33.247524276579789 ], [ -70.811383837010354, -33.247521082579873 ], [ -70.811401275399774, -33.247518131055919 ], [ -70.811418769618442, -33.247515422818992 ], [ -70.811436314859264, -33.2475129586132 ], [ -70.81145390630121, -33.247510739115668 ], [ -70.811393295169239, -33.247588529823055 ], [ -70.811331097897536, -33.247665431527366 ], [ -70.811267332946699, -33.247741421398267 ], [ -70.811202019242927, -33.24781647687611 ], [ -70.811135176172314, -33.247890575678554 ], [ -70.811066823575175, -33.247963695807229 ], [ -70.810996981740075, -33.248035815554225 ], [ -70.810925671397897, -33.248106913508629 ], [ -70.810852913715649, -33.24817696856276 ], [ -70.810778730290153, -33.248245959918506 ], [ -70.810703143141708, -33.248313867093522 ], [ -70.810626174707465, -33.248380669927265 ], [ -70.810547847834854, -33.248446348586995 ], [ -70.810078399669791, -33.248833262760215 ], [ -70.808376927255935, -33.24873831246304 ], [ -70.808127638886418, -33.248510328655421 ], [ -70.807862677395704, -33.248268009266944 ], [ -70.807859562290048, -33.248265110336533 ], [ -70.807856507427829, -33.248262166491848 ], [ -70.807853513726101, -33.248259178616664 ], [ -70.807850582083589, -33.248256147607954 ], [ -70.807847713380369, -33.248253074375633 ], [ -70.807844908477662, -33.248249959842326 ], [ -70.807842168217505, -33.248246804943022 ], [ -70.80783949342252, -33.248243610624819 ], [ -70.807836884895679, -33.248240377846713 ], [ -70.807834343420097, -33.248237107579179 ], [ -70.807831869758715, -33.248233800803945 ], [ -70.807829464654148, -33.248230458513767 ], [ -70.807827128828393, -33.248227081711988 ], [ -70.807824862982685, -33.248223671412369 ], [ -70.807822667797225, -33.248220228638665 ], [ -70.80782054393103, -33.248216754424448 ], [ -70.807818492021653, -33.248213249812679 ], [ -70.807816512685108, -33.248209715855459 ], [ -70.807814606515606, -33.248206153613715 ], [ -70.807812774085335, -33.248202564156841 ], [ -70.807811015944438, -33.248198948562411 ], [ -70.807809332620664, -33.248195307915843 ], [ -70.807807724619394, -33.248191643310093 ], [ -70.807806192423314, -33.248187955845282 ], [ -70.8078047364924, -33.248184246628398 ], [ -70.807803357263737, -33.248180516772969 ], [ -70.807802055151328, -33.248176767398725 ], [ -70.8078008305461, -33.248172999631251 ], [ -70.807799683815645, -33.248169214601646 ], [ -70.807798615304236, -33.248165413446188 ], [ -70.807797625332611, -33.248161597306016 ], [ -70.807796714197977, -33.248157767326724 ], [ -70.807795882173849, -33.248153924658119 ], [ -70.807795129509969, -33.248150070453796 ], [ -70.807794456432291, -33.248146205870768 ], [ -70.807793863142891, -33.248142332069236 ], [ -70.807793349819818, -33.248138450212103 ], [ -70.807792916617203, -33.248134561464752 ], [ -70.807792563665089, -33.248130666994577 ], [ -70.80779229106939, -33.248126767970724 ], [ -70.807792098911946, -33.248122865563701 ], [ -70.807791987250454, -33.248118960945035 ], [ -70.807791956118379, -33.248115055286895 ], [ -70.807792005525087, -33.248111149761783 ], [ -70.807792135455742, -33.248107245542151 ], [ -70.807792345871306, -33.248103343800075 ], [ -70.807792636708626, -33.248099445706863 ], [ -70.807793007880349, -33.248095552432744 ], [ -70.807793459275047, -33.248091665146475 ], [ -70.807793990757204, -33.248087785015073 ], [ -70.807794602167277, -33.248083913203338 ], [ -70.807795293321661, -33.248080050873632 ], [ -70.807796064012905, -33.248076199185419 ], [ -70.807796914009614, -33.248072359294987 ], [ -70.807797843056591, -33.248068532355099 ], [ -70.807798850874931, -33.248064719514616 ], [ -70.807799937162088, -33.248060921918167 ], [ -70.807801101591934, -33.248057140705811 ], [ -70.807802343814885, -33.248053377012667 ], [ -70.807803663458031, -33.248049631968634 ], [ -70.807805060125176, -33.248045906697961 ], [ -70.807806533397027, -33.248042202318999 ], [ -70.807808082831315, -33.248038519943812 ], [ -70.807809707962875, -33.248034860677869 ], [ -70.80781140830382, -33.248031225619698 ], [ -70.807813183343683, -33.248027615860543 ], [ -70.807815032549613, -33.248024032484089 ], [ -70.807816955366434, -33.248020476566055 ], [ -70.807818951216916, -33.248016949173937 ], [ -70.807821019501887, -33.248013451366695 ], [ -70.807823159600431, -33.248009984194354 ], [ -70.807825370870049, -33.248006548697795 ], [ -70.807827652646949, -33.248003145908349 ], [ -70.8078300042461, -33.247999776847564 ], [ -70.807832424961532, -33.247996442526812 ], [ -70.807834914066547, -33.247993143947092 ], [ -70.807837470813894, -33.247989882098629 ], [ -70.807840094436003, -33.247986657960645 ], [ -70.807842784145279, -33.247983472501055 ], [ -70.80784553913422, -33.247980326676142 ], [ -70.807848358575797, -33.247977221430254 ], [ -70.807851241623581, -33.247974157695623 ], [ -70.807854187412076, -33.247971136391996 ], [ -70.807857195056911, -33.247968158426374 ], [ -70.807860263655215, -33.247965224692742 ], [ -70.807863392285768, -33.247962336071815 ], [ -70.807866580009332, -33.24795949343077 ], [ -70.807869825868949, -33.247956697622975 ], [ -70.807873128890179, -33.247953949487744 ], [ -70.807876488081448, -33.247951249850054 ], [ -70.807879902434337, -33.24794859952037 ], [ -70.807883370923804, -33.247945999294309 ], [ -70.80788689250862, -33.24794344995248 ], [ -70.807890466131568, -33.247940952260194 ], [ -70.80789409071987, -33.247938506967259 ], [ -70.807897765185373, -33.247936114807771 ], [ -70.807901488425031, -33.247933776499842 ], [ -70.80790525932106, -33.247931492745458 ] ] ] ] } },
{ "type": "Feature", "properties": { "fid": "96", "Area": 38407.489 }, "geometry": { "type": "MultiPolygon", "coordinates": [ [ [ [ -70.809465624539968, -33.249733947625593 ], [ -70.809379722205492, -33.249655389451057 ], [ -70.810120299358033, -33.249045024848677 ], [ -70.810121780520589, -33.249043825199415 ], [ -70.810123286339817, -33.249042647420936 ], [ -70.810124816358339, -33.249041491870919 ], [ -70.810126370111448, -33.249040358900359 ], [ -70.810127947127242, -33.249039248853371 ], [ -70.810129546926731, -33.249038162067102 ], [ -70.810131169023975, -33.249037098871639 ], [ -70.810132812926355, -33.249036059589919 ], [ -70.810134478134515, -33.249035044537557 ], [ -70.810136164142733, -33.249034054022907 ], [ -70.810137870438865, -33.249033088346785 ], [ -70.810139596504712, -33.249032147802495 ], [ -70.810141341815992, -33.249031232675726 ], [ -70.810143105842585, -33.249030343244428 ], [ -70.810144888048754, -33.249029479778706 ], [ -70.810146687893166, -33.24902864254085 ], [ -70.810148504829158, -33.249027831785178 ], [ -70.810150338304879, -33.249027047757885 ], [ -70.8130564924477, -33.249189168290066 ], [ -70.813081277338298, -33.249193865464285 ], [ -70.813105963419247, -33.249198916656511 ], [ -70.813130543528686, -33.24920432040129 ], [ -70.813155010535553, -33.249210075130968 ], [ -70.813179357341582, -33.249216179175932 ], [ -70.813203576883367, -33.24922263076531 ], [ -70.813227662134437, -33.249229428027419 ], [ -70.813251606107258, -33.249236568990234 ], [ -70.813275401855293, -33.249244051582046 ], [ -70.813299042474995, -33.249251873632041 ], [ -70.813322521107835, -33.249260032870886 ], [ -70.813345830942225, -33.249268526931473 ], [ -70.813368965215602, -33.249277353349548 ], [ -70.813391917216308, -33.249286509564371 ], [ -70.813414680285533, -33.249295992919599 ], [ -70.813437247819294, -33.249305800663947 ], [ -70.813459613270354, -33.249315929952033 ], [ -70.813481770150034, -33.249326377845165 ], [ -70.813503712030254, -33.249337141312246 ], [ -70.813525432545205, -33.249348217230583 ], [ -70.813546925393325, -33.24935960238691 ], [ -70.813568184339132, -33.249371293478148 ], [ -70.813589203214974, -33.249383287112551 ], [ -70.813609975922787, -33.249395579810525 ], [ -70.813651105582522, -33.249423178319766 ], [ -70.813652691386551, -33.249424261435252 ], [ -70.813654254636987, -33.249425367455331 ], [ -70.813655794865298, -33.249426496048564 ], [ -70.813657311609902, -33.249427646876669 ], [ -70.813658804416136, -33.249428819594712 ], [ -70.813660272836628, -33.24943001385121 ], [ -70.813661716431241, -33.249431229288241 ], [ -70.813663134767296, -33.249432465541503 ], [ -70.813664527419704, -33.249433722240475 ], [ -70.813665893971063, -33.249434999008493 ], [ -70.813667234011774, -33.249436295462878 ], [ -70.813668547140225, -33.249437611215086 ], [ -70.813669832962816, -33.249438945870736 ], [ -70.813671091094193, -33.249440299029814 ], [ -70.813672321157256, -33.249441670286778 ], [ -70.813673522783319, -33.249443059230593 ], [ -70.813674695612264, -33.249444465445002 ], [ -70.813675839292529, -33.249445888508532 ], [ -70.813676953481362, -33.249447327994638 ], [ -70.813678037844809, -33.249448783471905 ], [ -70.813679092057868, -33.249450254504097 ], [ -70.813680115804544, -33.249451740650301 ], [ -70.813681108778042, -33.249453241465133 ], [ -70.813682070680727, -33.249454756498722 ], [ -70.813683001224291, -33.249456285297008 ], [ -70.813683900129845, -33.24945782740177 ], [ -70.813684767127953, -33.249459382350835 ], [ -70.813685601958781, -33.249460949678131 ], [ -70.813686404372092, -33.249462528913909 ], [ -70.813687174127395, -33.249464119584843 ], [ -70.813687910993977, -33.249465721214193 ], [ -70.813688614750973, -33.249467333321896 ], [ -70.813689285187465, -33.249468955424796 ], [ -70.813689922102512, -33.249470587036704 ], [ -70.813690525305219, -33.249472227668591 ], [ -70.813691094614768, -33.249473876828752 ], [ -70.813691629860543, -33.249475534022871 ], [ -70.813692130882131, -33.249477198754285 ], [ -70.813692597529339, -33.249478870524037 ], [ -70.813693029662318, -33.249480548831038 ], [ -70.813693427151534, -33.249482233172301 ], [ -70.813693789877874, -33.249483923042987 ], [ -70.813694117732595, -33.249485617936614 ], [ -70.813694410617444, -33.249487317345171 ], [ -70.81369466844464, -33.249489020759334 ], [ -70.81369489113689, -33.249490727668558 ], [ -70.813695078627461, -33.249492437561237 ], [ -70.813695230860148, -33.249494149924892 ], [ -70.813695347789334, -33.249495864246292 ], [ -70.813695429379948, -33.249497580011635 ], [ -70.81369547560756, -33.249499296706652 ], [ -70.813695486458286, -33.24950101381684 ], [ -70.813695461928887, -33.249502730827508 ], [ -70.813695402026724, -33.249504447224076 ], [ -70.813695306769716, -33.249506162492104 ], [ -70.813695176186442, -33.24950787611747 ], [ -70.813695010316039, -33.249509587586601 ], [ -70.813694809208215, -33.249511296386501 ], [ -70.813694572923211, -33.249513002005031 ], [ -70.813694301531882, -33.249514703930984 ], [ -70.813693995115557, -33.249516401654262 ], [ -70.813693653766066, -33.249518094666016 ], [ -70.813693277585728, -33.249519782458819 ], [ -70.813692866687276, -33.249521464526801 ], [ -70.813692421193878, -33.249523140365845 ], [ -70.813691941239043, -33.249524809473613 ], [ -70.813691426966614, -33.249526471349895 ], [ -70.813690878530736, -33.249528125496575 ], [ -70.8136902960958, -33.249529771417883 ], [ -70.813689679836344, -33.249531408620484 ], [ -70.81368902993708, -33.249533036613698 ], [ -70.813688346592798, -33.249534654909567 ], [ -70.813687630008303, -33.24953626302306 ], [ -70.813686880398365, -33.249537860472209 ], [ -70.81368609798767, -33.249539446778208 ], [ -70.813685283010699, -33.24954102146561 ], [ -70.813684435711721, -33.249542584062468 ], [ -70.813683556344685, -33.249544134100432 ], [ -70.813682645173174, -33.24954567111493 ], [ -70.813681702470262, -33.249547194645288 ], [ -70.813680728518506, -33.249548704234869 ], [ -70.813679723609781, -33.249550199431212 ], [ -70.813678688045329, -33.249551679786201 ], [ -70.813677622135486, -33.249553144856115 ], [ -70.813676526199743, -33.249554594201882 ], [ -70.813675400566567, -33.249556027389069 ], [ -70.813674245573338, -33.249557443988138 ], [ -70.81367306156622, -33.249558843574505 ], [ -70.813671848900086, -33.249560225728693 ], [ -70.813670607938377, -33.249561590036421 ], [ -70.813669339053078, -33.249562936088807 ], [ -70.813668042624442, -33.249564263482391 ], [ -70.813666719041066, -33.249565571819332 ], [ -70.812975604866395, -33.250236854984053 ], [ -70.812945480900055, -33.25026611425109 ], [ -70.812789515021436, -33.250417602788147 ], [ -70.812522217186398, -33.250281919649765 ], [ -70.812514191963928, -33.250277925532288 ], [ -70.812506085323818, -33.250274049229205 ], [ -70.812497899715709, -33.250270291911818 ], [ -70.812489637613126, -33.25026665471551 ], [ -70.81248130151269, -33.250263138739356 ], [ -70.812472893933375, -33.250259745045838 ], [ -70.812464417415782, -33.250256474660389 ], [ -70.812455874521319, -33.250253328571304 ], [ -70.812447267831431, -33.25025030772921 ], [ -70.812438599946901, -33.250247413046985 ], [ -70.812429873486963, -33.250244645399306 ], [ -70.812421091088538, -33.250242005622496 ], [ -70.812412255405462, -33.250239494514254 ], [ -70.812403369107699, -33.250237112833346 ], [ -70.812394434880488, -33.250234861299468 ], [ -70.812385455423509, -33.250232740593034 ], [ -70.812376433450169, -33.250230751354813 ], [ -70.812367371686719, -33.250228894185931 ], [ -70.812358272871379, -33.25022716964758 ], [ -70.812349139753593, -33.250225578260888 ], [ -70.812339975093224, -33.250224120506708 ], [ -70.812330781659583, -33.250222796825568 ], [ -70.809774703110406, -33.249873928999236 ], [ -70.809765662834721, -33.249872628304722 ], [ -70.80975665034012, -33.249871197964062 ], [ -70.809747668259988, -33.249869638395154 ], [ -70.809738719218785, -33.249867950053726 ], [ -70.809729805831353, -33.249866133433073 ], [ -70.809720930702056, -33.249864189063992 ], [ -70.809712096424192, -33.24986211751461 ], [ -70.809703305578992, -33.249859919390225 ], [ -70.80969456073511, -33.249857595333076 ], [ -70.809685864447644, -33.249855146022277 ], [ -70.809677219257622, -33.249852572173445 ], [ -70.809668627691053, -33.249849874538661 ], [ -70.809660092258298, -33.249847053906151 ], [ -70.809651615453348, -33.24984411110006 ], [ -70.809643199753026, -33.249841046980251 ], [ -70.809634847616323, -33.249837862442043 ], [ -70.80962656148364, -33.249834558415884 ], [ -70.809618343776123, -33.24983113586724 ], [ -70.809610196894852, -33.249827595796098 ], [ -70.809602123220301, -33.249823939236848 ], [ -70.809594125111502, -33.249820167257901 ], [ -70.809586204905401, -33.249816280961397 ], [ -70.80957836491622, -33.249812281482853 ], [ -70.809570607434708, -33.249808169990906 ], [ -70.809562934727481, -33.249803947686864 ], [ -70.809555349036486, -33.249799615804463 ], [ -70.80954785257812, -33.249795175609421 ], [ -70.809540447542773, -33.249790628399133 ], [ -70.809533136094103, -33.249785975502213 ], [ -70.809525920368444, -33.249781218278237 ], [ -70.809518802474145, -33.249776358117181 ], [ -70.809511784490965, -33.249771396439151 ], [ -70.80950486846946, -33.249766334693902 ], [ -70.809498056430414, -33.249761174360401 ], [ -70.809491350364226, -33.249755916946491 ], [ -70.80948475223029, -33.249750563988279 ], [ -70.809478263956535, -33.249745117049869 ], [ -70.809471887438704, -33.249739577722785 ], [ -70.809465624539968, -33.249733947625593 ] ] ] ] } },
{ "type": "Feature", "properties": { "fid": "97", "Area": 40136.069 }, "geometry": { "type": "MultiPolygon", "coordinates": [ [ [ [ -70.808283748101942, -33.250718520485975 ], [ -70.808282116387304, -33.250717473021005 ], [ -70.808280506604518, -33.250716401866612 ], [ -70.808278919240692, -33.250715307346894 ], [ -70.808277354776152, -33.250714189793044 ], [ -70.808275813684318, -33.250713049543236 ], [ -70.808274296431463, -33.250711886942511 ], [ -70.80827280347674, -33.250710702342637 ], [ -70.808271335271897, -33.25070949610209 ], [ -70.80826989226118, -33.250708268585853 ], [ -70.808268474881245, -33.250707020165372 ], [ -70.808267083560992, -33.250705751218412 ], [ -70.808265718721401, -33.250704462128937 ], [ -70.808264380775469, -33.25070315328702 ], [ -70.808263070128078, -33.250701825088726 ], [ -70.808261787175766, -33.250700477935943 ], [ -70.808260532306775, -33.250699112236276 ], [ -70.808259305900819, -33.250697728403033 ], [ -70.808258108328999, -33.250696326854928 ], [ -70.808256939953679, -33.250694908016058 ], [ -70.808255801128411, -33.250693472315746 ], [ -70.808254692197778, -33.250692020188424 ], [ -70.808253613497342, -33.250690552073515 ], [ -70.808252565353513, -33.250689068415255 ], [ -70.808251548083433, -33.250687569662567 ], [ -70.808250561994953, -33.250686056268975 ], [ -70.808249607386429, -33.250684528692432 ], [ -70.808248684546697, -33.250682987395159 ], [ -70.808247793755058, -33.25068143284355 ], [ -70.808246935281005, -33.250679865507976 ], [ -70.808246109384328, -33.250678285862726 ], [ -70.808245316314924, -33.250676694385781 ], [ -70.808244556312772, -33.250675091558726 ], [ -70.808243829607846, -33.250673477866528 ], [ -70.808243136420046, -33.250671853797535 ], [ -70.808242476959109, -33.250670219843101 ], [ -70.808241851424569, -33.250668576497709 ], [ -70.808241260005744, -33.25066692425861 ], [ -70.808240702881548, -33.250665263625741 ], [ -70.808240180220608, -33.250663595101614 ], [ -70.808239692181047, -33.250661919191103 ], [ -70.808239238910531, -33.250660236401337 ], [ -70.808238820546222, -33.2506585472415 ], [ -70.80823843721474, -33.250656852222725 ], [ -70.808238089032031, -33.250655151857927 ], [ -70.808237776103482, -33.250653446661595 ], [ -70.808237498523766, -33.250651737149724 ], [ -70.808237256376884, -33.250650023839604 ], [ -70.808237049736107, -33.250648307249655 ], [ -70.808236878663934, -33.250646587899311 ], [ -70.808236743212163, -33.250644866308846 ], [ -70.808236643421751, -33.250643142999188 ], [ -70.808236579322909, -33.250641418491789 ], [ -70.808236550935035, -33.250639693308486 ], [ -70.808236558266714, -33.250637967971301 ], [ -70.808236601315713, -33.25063624300229 ], [ -70.808236680069001, -33.250634518923455 ], [ -70.808236794502776, -33.250632796256447 ], [ -70.808236944582376, -33.250631075522556 ], [ -70.808237130262384, -33.25062935724246 ], [ -70.808237351486639, -33.250627641936092 ], [ -70.808237608188179, -33.250625930122482 ], [ -70.808237900289342, -33.250624222319637 ], [ -70.808238227701736, -33.250622519044285 ], [ -70.808238590326269, -33.250620820811868 ], [ -70.808238988053233, -33.250619128136222 ], [ -70.808239420762249, -33.250617441529556 ], [ -70.808239888322419, -33.25061576150221 ], [ -70.808240390592232, -33.250614088562564 ], [ -70.808240927419703, -33.250612423216822 ], [ -70.808241498642403, -33.250610765968908 ], [ -70.808242104087483, -33.250609117320288 ], [ -70.808242743571739, -33.250607477769833 ], [ -70.808243416901661, -33.250605847813667 ], [ -70.808244123873493, -33.25060422794499 ], [ -70.808244864273334, -33.250602618653957 ], [ -70.808245637877121, -33.250601020427538 ], [ -70.808246444450774, -33.250599433749343 ], [ -70.808247283750219, -33.250597859099486 ], [ -70.808248155521511, -33.250596296954427 ], [ -70.808249059500838, -33.25059474778687 ], [ -70.808249995414684, -33.250593212065588 ], [ -70.808250962979827, -33.250591690255277 ], [ -70.808251961903494, -33.25059018281641 ], [ -70.808252991883407, -33.250588690205142 ], [ -70.808254052607921, -33.250587212873093 ], [ -70.808255143756057, -33.250585751267323 ], [ -70.808256264997624, -33.250584305830088 ], [ -70.808257415993381, -33.250582876998784 ], [ -70.808258596395021, -33.250581465205741 ], [ -70.808259805845381, -33.250580070878158 ], [ -70.808261043978462, -33.250578694437969 ], [ -70.808262310419622, -33.250577336301639 ], [ -70.808263604785665, -33.250575996880151 ], [ -70.808264926684899, -33.2505746765788 ], [ -70.808266275717344, -33.250573375797089 ], [ -70.808267651474793, -33.250572094928629 ], [ -70.80826905354094, -33.250570834361014 ], [ -70.808270481491547, -33.250569594475657 ], [ -70.80827193489452, -33.250568375647745 ], [ -70.80880951024524, -33.250125334854829 ], [ -70.809443994354496, -33.250556857153065 ], [ -70.809451178439744, -33.25056165823824 ], [ -70.80945845922372, -33.250566355359993 ], [ -70.809465834575605, -33.250570947143579 ], [ -70.809473302336883, -33.250575432245178 ], [ -70.809480860322012, -33.250579809352132 ], [ -70.809488506319042, -33.25058407718339 ], [ -70.809496238090205, -33.250588234489932 ], [ -70.80950405337272, -33.250592280055052 ], [ -70.809511949879308, -33.250596212694731 ], [ -70.809519925298915, -33.250600031257989 ], [ -70.809527977297449, -33.250603734627312 ], [ -70.809536103518312, -33.25060732171881 ], [ -70.809544301583259, -33.250610791482679 ], [ -70.809552569092986, -33.25061414290343 ], [ -70.809560903627869, -33.250617375000196 ], [ -70.809569302748685, -33.250620486827067 ], [ -70.809577763997268, -33.250623477473312 ], [ -70.809586284897293, -33.250626346063662 ], [ -70.809594862954995, -33.250629091758576 ], [ -70.809603495659829, -33.25063171375448 ], [ -70.809612180485317, -33.250634211284009 ], [ -70.809620914889678, -33.250636583616213 ], [ -70.809629696316648, -33.250638830056772 ], [ -70.809638522196181, -33.250640949948263 ], [ -70.809647389945226, -33.250642942670225 ], [ -70.809656296968498, -33.250644807639489 ], [ -70.809665240659214, -33.250646544310243 ], [ -70.809674218399806, -33.250648152174179 ], [ -70.8096832275628, -33.250649630760748 ], [ -70.809692265511515, -33.250650979637243 ], [ -70.809701329600813, -33.250652198408837 ], [ -70.809710417177953, -33.250653286718887 ], [ -70.80971952558329, -33.250654244248871 ], [ -70.809728652151094, -33.250655070718537 ], [ -70.809737794210278, -33.25065576588603 ], [ -70.809746949085294, -33.250656329547859 ], [ -70.8097561140968, -33.250656761539112 ], [ -70.809765286562481, -33.250657061733321 ], [ -70.809774463797851, -33.25065723004262 ], [ -70.811637704095673, -33.250677992095703 ], [ -70.811646855900889, -33.250678159618197 ], [ -70.811656002973081, -33.250678458294367 ], [ -70.811665142650071, -33.250678888037328 ], [ -70.811674272271858, -33.250679448721968 ], [ -70.811683389181368, -33.250680140185139 ], [ -70.81169249072525, -33.25068096222558 ], [ -70.81170157425457, -33.25068191460403 ], [ -70.811710637125685, -33.250682997043349 ], [ -70.811719676700946, -33.25068420922846 ], [ -70.811728690349483, -33.250685550806594 ], [ -70.811737675447958, -33.250687021387279 ], [ -70.811746629381375, -33.250688620542547 ], [ -70.81175554954379, -33.250690347806945 ], [ -70.811764433339079, -33.25069220267779 ], [ -70.811773278181704, -33.250694184615234 ], [ -70.811782081497483, -33.250696293042488 ], [ -70.811790840724314, -33.250698527345854 ], [ -70.811799553312895, -33.250700886875116 ], [ -70.811808216727528, -33.250703370943526 ], [ -70.811816828446823, -33.250705978828137 ], [ -70.811825385964411, -33.250708709769945 ], [ -70.811833886789728, -33.250711562974125 ], [ -70.812315761993261, -33.250877316132978 ], [ -70.81092454784482, -33.252226136485341 ], [ -70.810922690103524, -33.252227906149422 ], [ -70.810920795900174, -33.252229648313318 ], [ -70.810918865811303, -33.252231362446715 ], [ -70.810916900424388, -33.252233048027882 ], [ -70.810914900337664, -33.252234704543781 ], [ -70.810912866159896, -33.252236331490181 ], [ -70.81091079851025, -33.252237928371883 ], [ -70.810908698018068, -33.25223949470282 ], [ -70.810906565322711, -33.252241030006267 ], [ -70.810904401073302, -33.252242533814858 ], [ -70.810902205928599, -33.252244005670924 ], [ -70.810899980556769, -33.252245445126391 ], [ -70.810897725635158, -33.252246851743188 ], [ -70.810895441850107, -33.252248225093126 ], [ -70.810893129896755, -33.252249564758209 ], [ -70.810890790478837, -33.252250870330677 ], [ -70.810888424308388, -33.252252141413095 ], [ -70.810886032105614, -33.252253377618629 ], [ -70.81088361459868, -33.252254578570977 ], [ -70.810881172523409, -33.252255743904584 ], [ -70.810878706623129, -33.252256873264777 ], [ -70.810876217648385, -33.252257966307759 ], [ -70.810873706356787, -33.252259022700876 ], [ -70.810871173512709, -33.252260042122558 ], [ -70.810868619887103, -33.252261024262516 ], [ -70.810866046257217, -33.25226196882182 ], [ -70.810863453406441, -33.25226287551294 ], [ -70.810860842123972, -33.252263744059924 ], [ -70.810858213204639, -33.252264574198399 ], [ -70.810855567448598, -33.252265365675676 ], [ -70.810852905661193, -33.252266118250859 ], [ -70.810850228652612, -33.252266831694868 ], [ -70.810847537237663, -33.252267505790549 ], [ -70.810844832235574, -33.252268140332724 ], [ -70.810842114469679, -33.252268735128247 ], [ -70.81083938476722, -33.252269289996079 ], [ -70.810836643959064, -33.252269804767352 ], [ -70.810833892879444, -33.252270279285312 ], [ -70.810831132365735, -33.252270713405608 ], [ -70.810828363258182, -33.252271106996041 ], [ -70.810825586399645, -33.25227145993685 ], [ -70.810822802635357, -33.252271772120572 ], [ -70.810820012812599, -33.252272043452216 ], [ -70.810817217780581, -33.252272273849194 ], [ -70.810814418390024, -33.252272463241333 ], [ -70.810811615492995, -33.252272611571044 ], [ -70.810808809942671, -33.252272718793137 ], [ -70.810806002592983, -33.252272784875004 ], [ -70.81080319429843, -33.252272809796523 ], [ -70.810800385913822, -33.252272793550084 ], [ -70.810797578293943, -33.252272736140647 ], [ -70.810794772293391, -33.252272637585719 ], [ -70.810791968766239, -33.25227249791525 ], [ -70.810789168565833, -33.252272317171766 ], [ -70.810786372544513, -33.252272095410291 ], [ -70.810783581553309, -33.252271832698327 ], [ -70.810780796441733, -33.252271529115831 ], [ -70.810778018057547, -33.252271184755202 ], [ -70.810775247246411, -33.252270799721273 ], [ -70.810772484851697, -33.252270374131228 ], [ -70.810769731714231, -33.252269908114592 ], [ -70.810766988672029, -33.252269401813244 ], [ -70.810764256559978, -33.252268855381274 ], [ -70.810761536209711, -33.252268268985013 ], [ -70.81075882844921, -33.25226764280292 ], [ -70.810756134102704, -33.25226697702562 ], [ -70.810753453990259, -33.25226627185576 ], [ -70.810750788927677, -33.252265527507966 ], [ -70.810748139726115, -33.252264744208809 ], [ -70.810745507191967, -33.252263922196704 ], [ -70.810742892126498, -33.25226306172187 ], [ -70.810740295325701, -33.252262163046197 ], [ -70.810737717579954, -33.252261226443245 ], [ -70.810735159673897, -33.252260252198063 ], [ -70.810732622386098, -33.252259240607231 ], [ -70.810730106488847, -33.252258191978633 ], [ -70.810727612747925, -33.252257106631433 ], [ -70.81072514192239, -33.252255984896038 ], [ -70.810722694764308, -33.252254827113838 ], [ -70.810720272018543, -33.252253633637253 ], [ -70.810717874422508, -33.252252404829555 ], [ -70.810715502705989, -33.252251141064754 ], [ -70.810713157590897, -33.252249842727537 ], [ -70.810710839791028, -33.252248510213064 ], [ -70.810708550011867, -33.252247143926937 ], [ -70.810706288950385, -33.252245744285034 ], [ -70.808283748101942, -33.250718520485975 ] ] ] ] } },
{ "type": "Feature", "properties": { "fid": "98", "Area": 50456.283 }, "geometry": { "type": "MultiPolygon", "coordinates": [ [ [ [ -70.804814039020229, -33.255217327800743 ], [ -70.805212042527458, -33.254627183982151 ], [ -70.805213073872906, -33.254625685375039 ], [ -70.805214136190514, -33.254624202119011 ], [ -70.805215229156715, -33.254622734665872 ], [ -70.805216352438549, -33.254621283462612 ], [ -70.805217505693903, -33.254619848951307 ], [ -70.805218688571415, -33.2546184315689 ], [ -70.805219900710838, -33.254617031747166 ], [ -70.805221141742905, -33.254615649912459 ], [ -70.805222411289577, -33.254614286485747 ], [ -70.805223708964149, -33.254612941882286 ], [ -70.805225034371347, -33.254611616511703 ], [ -70.805226387107425, -33.254610310777707 ], [ -70.805227766760325, -33.254609025078032 ], [ -70.805229172909819, -33.254607759804308 ], [ -70.805230605127534, -33.254606515341948 ], [ -70.805232062977225, -33.254605292070046 ], [ -70.805233546014819, -33.254604090361191 ], [ -70.805235053788579, -33.254602910581461 ], [ -70.805236585839197, -33.254601753090213 ], [ -70.805238141700016, -33.254600618240033 ], [ -70.805239720897092, -33.254599506376621 ], [ -70.805241322949399, -33.254598417838636 ], [ -70.805242947368924, -33.254597352957653 ], [ -70.805244593660873, -33.254596312058077 ], [ -70.805246261323745, -33.254595295456937 ], [ -70.805247949849573, -33.254594303463946 ], [ -70.805249658724009, -33.254593336381234 ], [ -70.805251387426509, -33.254592394503391 ], [ -70.805253135430505, -33.254591478117327 ], [ -70.805254902203544, -33.254590587502179 ], [ -70.805256687207432, -33.254589722929232 ], [ -70.805258489898449, -33.254588884661857 ], [ -70.805260309727473, -33.254588072955364 ], [ -70.80526214614018, -33.254587288057046 ], [ -70.805263998577175, -33.254586530205984 ], [ -70.805265866474187, -33.254585799632999 ], [ -70.805267749262256, -33.254585096560646 ], [ -70.805269646367833, -33.254584421203084 ], [ -70.805271557213075, -33.254583773766043 ], [ -70.805273481215906, -33.254583154446735 ], [ -70.805275417790256, -33.254582563433814 ], [ -70.805277366346246, -33.254582000907284 ], [ -70.805279326290304, -33.254581467038513 ], [ -70.805281297025431, -33.254580961990122 ], [ -70.805283277951304, -33.254580485915938 ], [ -70.80528526846453, -33.254580038960995 ], [ -70.805287267958789, -33.254579621261449 ], [ -70.805289275825004, -33.254579232944508 ], [ -70.805291291451567, -33.254578874128484 ], [ -70.8052933142245, -33.254578544922651 ], [ -70.805295343527646, -33.254578245427304 ], [ -70.805297378742864, -33.254577975733653 ], [ -70.805299419250204, -33.254577735923874 ], [ -70.805301464428126, -33.254577526070975 ], [ -70.805303513653627, -33.254577346238932 ], [ -70.805305566302508, -33.254577196482479 ], [ -70.80530762174952, -33.254577076847276 ], [ -70.805309679368548, -33.254576987369724 ], [ -70.805311738532836, -33.2545769280771 ], [ -70.805313798615117, -33.254576898987459 ], [ -70.80531585898791, -33.254576900109669 ], [ -70.805317919023565, -33.254576931443367 ], [ -70.805319978094602, -33.254576992979032 ], [ -70.805322035573823, -33.254577084697907 ], [ -70.805324090834489, -33.254577206572058 ], [ -70.805326143250525, -33.254577358564369 ], [ -70.805328192196797, -33.254577540628524 ], [ -70.805330237049134, -33.254577752709075 ], [ -70.805332277184661, -33.254577994741418 ], [ -70.80533431198198, -33.254578266651833 ], [ -70.805336340821214, -33.254578568357495 ], [ -70.805338363084402, -33.254578899766479 ], [ -70.805340378155535, -33.254579260777874 ], [ -70.805342385420786, -33.254579651281666 ], [ -70.80534438426875, -33.254580071158948 ], [ -70.805346374090547, -33.254580520281806 ], [ -70.805348354280071, -33.254580998513404 ], [ -70.805350324234112, -33.254581505708117 ], [ -70.805352283352633, -33.254582041711416 ], [ -70.805354231038862, -33.254582606360053 ], [ -70.805356166699511, -33.254583199481999 ], [ -70.805358089744971, -33.254583820896627 ], [ -70.805359999589456, -33.254584470414606 ], [ -70.805361895651203, -33.254585147838114 ], [ -70.805363777352682, -33.254585852960801 ], [ -70.805365644120684, -33.254586585567857 ], [ -70.805367495386577, -33.254587345436136 ], [ -70.805369330586473, -33.254588132334192 ], [ -70.805371149161331, -33.254588946022309 ], [ -70.805372950557199, -33.254589786252637 ], [ -70.80656462946159, -33.255157101076918 ], [ -70.806609576712304, -33.255178917919217 ], [ -70.80665408311431, -33.255201363692372 ], [ -70.806698136201774, -33.255224432109664 ], [ -70.806741723635881, -33.255248116710007 ], [ -70.806784833208141, -33.255272410859668 ], [ -70.806827452843905, -33.255297307754248 ], [ -70.806869570605713, -33.255322800420487 ], [ -70.806911174696651, -33.255348881718277 ], [ -70.806952253463635, -33.255375544342627 ], [ -70.806992795400689, -33.255402780825698 ], [ -70.807382634423689, -33.255669200711701 ], [ -70.807384213241534, -33.255670298957213 ], [ -70.807385769126469, -33.255671420067451 ], [ -70.807387301609452, -33.255672563704479 ], [ -70.807388810228503, -33.255673729523522 ], [ -70.807390294528844, -33.255674917173103 ], [ -70.807391754063005, -33.255676126295235 ], [ -70.807393188390989, -33.255677356525389 ], [ -70.807394597080417, -33.255678607492705 ], [ -70.807395979706612, -33.255679878820082 ], [ -70.807397335852798, -33.255681170124248 ], [ -70.8073986651101, -33.255682481015938 ], [ -70.807399967077828, -33.255683811099971 ], [ -70.807401241363507, -33.255685159975371 ], [ -70.807402487582962, -33.255686527235497 ], [ -70.8074037053605, -33.255687912468218 ], [ -70.807404894329025, -33.255689315255886 ], [ -70.807406054130112, -33.255690735175655 ], [ -70.807407184414117, -33.25569217179946 ], [ -70.807408284840321, -33.255693624694224 ], [ -70.807409355076956, -33.255695093421942 ], [ -70.807410394801408, -33.255696577539872 ], [ -70.807411403700243, -33.255698076600595 ], [ -70.807412381469305, -33.255699590152219 ], [ -70.807413327813848, -33.255701117738454 ], [ -70.807414242448573, -33.255702658898812 ], [ -70.807415125097762, -33.255704213168677 ], [ -70.807415975495317, -33.255705780079509 ], [ -70.807416793384874, -33.255707359158933 ], [ -70.807417578519889, -33.255708949930941 ], [ -70.807418330663666, -33.255710551915953 ], [ -70.807419049589441, -33.255712164631056 ], [ -70.807419735080529, -33.255713787590075 ], [ -70.807420386930232, -33.255715420303751 ], [ -70.807421004942071, -33.255717062279885 ], [ -70.807421588929742, -33.255718713023484 ], [ -70.807422138717172, -33.255720372036905 ], [ -70.807422654138634, -33.255722038820039 ], [ -70.807423135038732, -33.255723712870427 ], [ -70.807423581272516, -33.255725393683385 ], [ -70.807423992705438, -33.255727080752223 ], [ -70.807424369213479, -33.25572877356835 ], [ -70.807424710683136, -33.255730471621469 ], [ -70.807425017011454, -33.255732174399654 ], [ -70.807425288106117, -33.25573388138961 ], [ -70.807425523885357, -33.255735592076746 ], [ -70.807425724278119, -33.25573730594536 ], [ -70.807425889223978, -33.255739022478743 ], [ -70.807426018673226, -33.255740741159485 ], [ -70.807426112586811, -33.255742461469453 ], [ -70.807426170936438, -33.255744182890034 ], [ -70.807426193704515, -33.255745904902298 ], [ -70.807426180884178, -33.255747626987109 ], [ -70.807426132479264, -33.255749348625351 ], [ -70.807426048504396, -33.255751069298 ], [ -70.80742592898487, -33.25575278848634 ], [ -70.807425773956723, -33.25575450567213 ], [ -70.807425583466667, -33.255756220337666 ], [ -70.807425357572143, -33.255757931966073 ], [ -70.807425096341262, -33.255759640041347 ], [ -70.807424799852754, -33.25576134404858 ], [ -70.80742446819599, -33.255763043474069 ], [ -70.807424101470957, -33.255764737805528 ], [ -70.807423699788202, -33.255766426532155 ], [ -70.807423263268817, -33.255768109144881 ], [ -70.80742279204442, -33.255769785136458 ], [ -70.807422286257008, -33.255771454001646 ], [ -70.80742174605912, -33.255773115237353 ], [ -70.807421171613555, -33.255774768342761 ], [ -70.807420563093487, -33.255776412819522 ], [ -70.807419920682392, -33.255778048171926 ], [ -70.807419244573893, -33.25577967390695 ], [ -70.807418534971802, -33.255781289534511 ], [ -70.807417792090092, -33.255782894567538 ], [ -70.807417016152669, -33.25578448852221 ], [ -70.80741620739343, -33.255786070917985 ], [ -70.807415366056233, -33.255787641277841 ], [ -70.807414492394642, -33.255789199128387 ], [ -70.807413586672098, -33.25579074399996 ], [ -70.807412649161591, -33.255792275426884 ], [ -70.807411680145762, -33.255793792947465 ], [ -70.807410679916728, -33.255795296104225 ], [ -70.807409648776016, -33.255796784444044 ], [ -70.807408587034473, -33.255798257518236 ], [ -70.807407495012185, -33.255799714882727 ], [ -70.807406373038305, -33.255801156098158 ], [ -70.80740522145112, -33.255802580730098 ], [ -70.80740404059776, -33.255803988349044 ], [ -70.807402830834206, -33.255805378530667 ], [ -70.807401592525167, -33.255806750855868 ], [ -70.807400326043918, -33.255808104910976 ], [ -70.807399031772277, -33.255809440287756 ], [ -70.807397710100403, -33.255810756583664 ], [ -70.807396361426726, -33.25581205340189 ], [ -70.807394986157831, -33.255813330351494 ], [ -70.80589070263126, -33.257185899647226 ], [ -70.804147491101233, -33.256540859926176 ], [ -70.804182888864503, -33.256442373422431 ], [ -70.80422021165198, -33.256344389881427 ], [ -70.804259449340805, -33.256246935861661 ], [ -70.804300591289191, -33.256150037777942 ], [ -70.804343626339289, -33.256053721894332 ], [ -70.804388542820234, -33.255958014317017 ], [ -70.804435328551364, -33.255862940987207 ], [ -70.804483970845425, -33.2557685276741 ], [ -70.80453445651213, -33.255674799967913 ], [ -70.804586771861622, -33.25558178327298 ], [ -70.804640902708314, -33.255489502800792 ], [ -70.804696834374624, -33.255397983563228 ], [ -70.804754551695055, -33.255307250365767 ], [ -70.804814039020229, -33.255217327800743 ] ] ] ] } },
{ "type": "Feature", "properties": { "fid": "99", "Area": 74797.672 }, "geometry": { "type": "MultiPolygon", "coordinates": [ [ [ [ -70.804591487209933, -33.252557485138922 ], [ -70.806096360910075, -33.252928685621974 ], [ -70.806113029569048, -33.252932920803488 ], [ -70.806129614244313, -33.252937382672087 ], [ -70.805227745372065, -33.254274676395639 ], [ -70.804645967941838, -33.25513731338723 ], [ -70.804585797684226, -33.255228242742923 ], [ -70.804527391469875, -33.255319980459383 ], [ -70.804470764684126, -33.255412502379961 ], [ -70.804415932243941, -33.255505784141491 ], [ -70.80436290859393, -33.255599801180566 ], [ -70.804311707702524, -33.255694528740122 ], [ -70.804262343058269, -33.255789941875889 ], [ -70.804214827666385, -33.255886015463012 ], [ -70.804169174045185, -33.25598272420261 ], [ -70.804125394222879, -33.256080042628469 ], [ -70.804083499734347, -33.256177945113727 ], [ -70.804043501618125, -33.256276405877657 ], [ -70.804005410413481, -33.256375398992404 ], [ -70.803969236157613, -33.256474898389875 ], [ -70.801846892997006, -33.255689517875311 ], [ -70.804591487209933, -33.252557485138922 ] ] ] ] } },
{ "type": "Feature", "properties": { "fid": "100", "Area": 43452.907 }, "geometry": { "type": "MultiPolygon", "coordinates": [ [ [ [ -70.806307898564199, -33.253002246145606 ], [ -70.806324256922395, -33.253009898147489 ], [ -70.806340453912995, -33.253017788755855 ], [ -70.80635648460634, -33.253025915569175 ], [ -70.806372344123375, -33.253034276114015 ], [ -70.806388027637155, -33.253042867845799 ], [ -70.806403530374268, -33.25305168814959 ], [ -70.806418847616357, -33.253060734340878 ], [ -70.806433974701477, -33.253070003666437 ], [ -70.806448907025597, -33.253079493305066 ], [ -70.807853431448422, -33.253988355514501 ], [ -70.807868015657846, -33.253997627450907 ], [ -70.807882785808061, -33.25400668922844 ], [ -70.807897737609579, -33.25401553821537 ], [ -70.807912866720116, -33.254024171841785 ], [ -70.807928168745903, -33.254032587600285 ], [ -70.807943639242978, -33.254040783046776 ], [ -70.807959273718396, -33.254048755801122 ], [ -70.807975067631602, -33.254056503547865 ], [ -70.807991016395775, -33.2540640240369 ], [ -70.808007115379084, -33.254071315084133 ], [ -70.808023359906045, -33.254078374572082 ], [ -70.808039745258924, -33.254085200450518 ], [ -70.808056266679117, -33.254091790737064 ], [ -70.808072919368456, -33.254098143517766 ], [ -70.808089698490676, -33.254104256947649 ], [ -70.808106599172746, -33.254110129251224 ], [ -70.808123616506379, -33.254115758723088 ], [ -70.808140745549395, -33.25412114372827 ], [ -70.808157981327113, -33.254126282702906 ], [ -70.80817531883396, -33.25413117415448 ], [ -70.808192753034717, -33.254135816662455 ], [ -70.808210278866113, -33.254140208878525 ], [ -70.808227891238303, -33.254144349527103 ], [ -70.8088531132409, -33.254286521488083 ], [ -70.807685478397246, -33.255492602761414 ], [ -70.807683686524129, -33.255494420956843 ], [ -70.807681857155657, -33.25549621260096 ], [ -70.807679990849067, -33.255497977148046 ], [ -70.807678088172835, -33.255499714060548 ], [ -70.807676149706552, -33.255501422809431 ], [ -70.807674176040692, -33.255503102874151 ], [ -70.807672167776445, -33.255504753742983 ], [ -70.807670125525547, -33.255506374913033 ], [ -70.807668049910106, -33.255507965890466 ], [ -70.807665941562348, -33.255509526190679 ], [ -70.807663801124505, -33.255511055338367 ], [ -70.807661629248599, -33.255512552867742 ], [ -70.80765942659616, -33.255514018322636 ], [ -70.807657193838182, -33.255515451256656 ], [ -70.807654931654767, -33.255516851233331 ], [ -70.807652640734986, -33.255518217826193 ], [ -70.807650321776691, -33.25551955061897 ], [ -70.807647975486276, -33.255520849205674 ], [ -70.807645602578418, -33.255522113190757 ], [ -70.807643203775939, -33.255523342189178 ], [ -70.807640779809546, -33.255524535826581 ], [ -70.807638331417593, -33.255525693739372 ], [ -70.807635859345879, -33.255526815574818 ], [ -70.807633364347467, -33.255527900991225 ], [ -70.80763084718231, -33.255528949657943 ], [ -70.807628308617168, -33.255529961255547 ], [ -70.807625749425341, -33.255530935475896 ], [ -70.807623170386378, -33.255531872022217 ], [ -70.80762057228587, -33.255532770609221 ], [ -70.807617955915234, -33.255533630963228 ], [ -70.807615322071427, -33.255534452822126 ], [ -70.807612671556782, -33.255535235935582 ], [ -70.80761000517866, -33.255535980065048 ], [ -70.807607323749266, -33.255536684983852 ], [ -70.807604628085386, -33.255537350477283 ], [ -70.807601919008135, -33.255537976342623 ], [ -70.807599197342768, -33.255538562389198 ], [ -70.807596463918301, -33.255539108438519 ], [ -70.807593719567379, -33.255539614324242 ], [ -70.807590965125954, -33.25554007989227 ], [ -70.807588201433077, -33.255540505000781 ], [ -70.807585429330572, -33.255540889520304 ], [ -70.807582649662876, -33.255541233333673 ], [ -70.807579863276686, -33.255541536336189 ], [ -70.807577071020773, -33.255541798435544 ], [ -70.807574273745715, -33.255542019551903 ], [ -70.80757147230355, -33.255542199617906 ], [ -70.807568667547656, -33.255542338578699 ], [ -70.807565860332375, -33.255542436391963 ], [ -70.80756305151283, -33.255542493027903 ], [ -70.807560241944628, -33.255542508469254 ], [ -70.807557432483563, -33.255542482711327 ], [ -70.807554623985467, -33.255542415761958 ], [ -70.807551817305793, -33.255542307641555 ], [ -70.807549013299521, -33.25554215838303 ], [ -70.807546212820782, -33.255541968031864 ], [ -70.807543416722623, -33.25554173664603 ], [ -70.807540625856774, -33.255541464296023 ], [ -70.807537841073355, -33.25554115106479 ], [ -70.807535063220641, -33.255540797047765 ], [ -70.807532293144803, -33.255540402352779 ], [ -70.807529531689639, -33.255539967100034 ], [ -70.807526779696303, -33.255539491422141 ], [ -70.807524038003109, -33.255538975463985 ], [ -70.807521307445171, -33.255538419382738 ], [ -70.807518588854279, -33.25553782334778 ], [ -70.807515883058528, -33.255537187540682 ], [ -70.807513190882148, -33.255536512155111 ], [ -70.807510513145189, -33.255535797396803 ], [ -70.807507850663342, -33.255535043483455 ], [ -70.807505204247605, -33.255534250644764 ], [ -70.807502574704117, -33.255533419122195 ], [ -70.807499962833845, -33.255532549169054 ], [ -70.807497369432411, -33.255531641050347 ], [ -70.807494795289813, -33.255530695042673 ], [ -70.807492241190118, -33.255529711434228 ], [ -70.807489707911358, -33.255528690524599 ], [ -70.80748719622521, -33.255527632624791 ], [ -70.80748470689673, -33.25552653805704 ], [ -70.807482240684223, -33.255525407154785 ], [ -70.807479798338903, -33.255524240262453 ], [ -70.807477380604738, -33.25552303773555 ], [ -70.807474988218189, -33.255521799940361 ], [ -70.807472621908019, -33.255520527253921 ], [ -70.807470282395016, -33.255519220063917 ], [ -70.807467970391826, -33.255517878768529 ], [ -70.807465686602725, -33.25551650377632 ], [ -70.807463431723349, -33.255515095506148 ], [ -70.807461206440578, -33.255513654386981 ], [ -70.807459011432243, -33.255512180857785 ], [ -70.807114694683875, -33.255276871390002 ], [ -70.80707162766997, -33.255247938557474 ], [ -70.807027990393635, -33.255219615325309 ], [ -70.806983795077457, -33.25519190962639 ], [ -70.806939054100269, -33.255164829220661 ], [ -70.806893779993743, -33.255138381692888 ], [ -70.806847985438765, -33.255112574450614 ], [ -70.806801683262009, -33.25508741472202 ], [ -70.806754886432273, -33.255062909553942 ], [ -70.806707608056854, -33.255039065809846 ], [ -70.806659861377952, -33.255015890167996 ], [ -70.805468183864718, -33.254448576201 ], [ -70.805466419701077, -33.254447719349699 ], [ -70.805464673403335, -33.254446837041904 ], [ -70.805462945491797, -33.254445929540495 ], [ -70.805461236481293, -33.25444499711584 ], [ -70.805459546881025, -33.254444040045811 ], [ -70.805457877194428, -33.254443058615529 ], [ -70.805456227918981, -33.254442053117423 ], [ -70.805454599546067, -33.254441023851086 ], [ -70.805452992560902, -33.254439971123176 ], [ -70.805451407442291, -33.254438895247368 ], [ -70.805449844662476, -33.254437796544245 ], [ -70.805448304687133, -33.25443667534114 ], [ -70.805446787975086, -33.254435531972128 ], [ -70.805445294978256, -33.254434366777872 ], [ -70.80544382614147, -33.254433180105529 ], [ -70.805442381902367, -33.254431972308716 ], [ -70.805440962691279, -33.254430743747264 ], [ -70.80543956893105, -33.254429494787246 ], [ -70.805438201036949, -33.254428225800787 ], [ -70.805436859416545, -33.254426937165967 ], [ -70.805435544469603, -33.254425629266755 ], [ -70.805434256587873, -33.254424302492851 ], [ -70.805432996155105, -33.254422957239541 ], [ -70.805431763546835, -33.254421593907679 ], [ -70.805430559130343, -33.254420212903447 ], [ -70.805429383264467, -33.254418814638349 ], [ -70.805428236299562, -33.254417399528982 ], [ -70.805427118577356, -33.25441596799697 ], [ -70.805426030430908, -33.25441452046887 ], [ -70.805424972184397, -33.254413057375956 ], [ -70.805423944153148, -33.254411579154159 ], [ -70.805422946643446, -33.254410086243936 ], [ -70.805421979952527, -33.254408579090089 ], [ -70.805421044368416, -33.254407058141688 ], [ -70.805420140169829, -33.254405523851872 ], [ -70.805419267626235, -33.254403976677843 ], [ -70.805418426997548, -33.254402417080534 ], [ -70.805417618534278, -33.25440084552465 ], [ -70.8054168424773, -33.254399262478458 ], [ -70.805416099057823, -33.254397668413596 ], [ -70.805415388497352, -33.254396063805032 ], [ -70.8054147110076, -33.254394449130871 ], [ -70.805414066790433, -33.25439282487222 ], [ -70.805413456037783, -33.254391191513001 ], [ -70.805412878931648, -33.254389549539894 ], [ -70.805412335643936, -33.254387899442115 ], [ -70.805411826336552, -33.254386241711337 ], [ -70.805411351161226, -33.254384576841467 ], [ -70.805410910259553, -33.254382905328569 ], [ -70.805410503762886, -33.254381227670656 ], [ -70.805410131792343, -33.254379544367616 ], [ -70.80540979445874, -33.254377855920964 ], [ -70.805409491862605, -33.254376162833793 ], [ -70.805409224094078, -33.25437446561056 ], [ -70.805408991232952, -33.254372764756951 ], [ -70.805408793348604, -33.254371060779739 ], [ -70.805408630499969, -33.254369354186643 ], [ -70.805408502735602, -33.254367645486127 ], [ -70.805408410093548, -33.254365935187288 ], [ -70.805408352601418, -33.254364223799783 ], [ -70.805408330276322, -33.254362511833435 ], [ -70.805408343124924, -33.254360799798377 ], [ -70.805408391143402, -33.254359088204708 ], [ -70.805408474317431, -33.254357377562386 ], [ -70.805408592622214, -33.254355668381123 ], [ -70.805408746022536, -33.254353961170146 ], [ -70.805408934472666, -33.254352256438146 ], [ -70.805409157916458, -33.254350554693026 ], [ -70.805409416287333, -33.254348856441858 ], [ -70.805409709508311, -33.254347162190605 ], [ -70.80541003749201, -33.254345472444093 ], [ -70.80541040014073, -33.254343787705778 ], [ -70.805410797346397, -33.254342108477637 ], [ -70.805411228990664, -33.254340435259984 ], [ -70.805411694944937, -33.254338768551364 ], [ -70.805412195070346, -33.254337108848382 ], [ -70.805412729217906, -33.254335456645549 ], [ -70.805413297228455, -33.254333812435135 ], [ -70.80541389893277, -33.254332176707045 ], [ -70.805414534151538, -33.254330549948634 ], [ -70.805415202695499, -33.254328932644604 ], [ -70.805415904365475, -33.254327325276833 ], [ -70.805416638952408, -33.254325728324247 ], [ -70.805417406237382, -33.254324142262647 ], [ -70.805418205991828, -33.254322567564607 ], [ -70.80541903797743, -33.254321004699314 ], [ -70.805419901946294, -33.254319454132421 ], [ -70.805420797641005, -33.254317916325917 ], [ -70.805421724794698, -33.254316391738016 ], [ -70.805422683131098, -33.254314880822946 ], [ -70.805423672364682, -33.254313384030915 ], [ -70.806307898564199, -33.253002246145606 ] ] ] ] } },
{ "type": "Feature", "properties": { "fid": "101", "Area": 28444.323 }, "geometry": { "type": "MultiPolygon", "coordinates": [ [ [ [ -70.804049445513357, -33.256851357018206 ], [ -70.804080014502958, -33.25674739245693 ], [ -70.804112699567938, -33.256643883292817 ], [ -70.804147491101233, -33.256540859926176 ], [ -70.80589070263126, -33.257185899647226 ], [ -70.804390172367448, -33.258554984824954 ], [ -70.803824090447861, -33.259139741520329 ], [ -70.803822300151722, -33.259141558269363 ], [ -70.803820472419986, -33.259143348514257 ], [ -70.803818607808424, -33.259145111710623 ], [ -70.803816706884064, -33.259146847322285 ], [ -70.803814770224974, -33.259148554821444 ], [ -70.803812798420054, -33.259150233688871 ], [ -70.803810792068944, -33.259151883414027 ], [ -70.80380875178173, -33.25915350349522 ], [ -70.803806678178887, -33.259155093439837 ], [ -70.80380457189095, -33.259156652764347 ], [ -70.803802433558445, -33.259158180994589 ], [ -70.803800263831633, -33.259159677665821 ], [ -70.803798063370294, -33.25916114232291 ], [ -70.803795832843591, -33.259162574520474 ], [ -70.803793572929806, -33.259163973823014 ], [ -70.803791284316162, -33.259165339804952 ], [ -70.803788967698594, -33.259166672050952 ], [ -70.803786623781619, -33.259167970155858 ], [ -70.803784253277968, -33.259169233724933 ], [ -70.803781856908529, -33.259170462373937 ], [ -70.803779435401992, -33.25917165572924 ], [ -70.803776989494722, -33.259172813427938 ], [ -70.803774519930542, -33.259173935118007 ], [ -70.803772027460383, -33.259175020458315 ], [ -70.803769512842237, -33.259176069118823 ], [ -70.803766976840762, -33.259177080780667 ], [ -70.803764420227125, -33.259178055136182 ], [ -70.803761843778815, -33.259178991889065 ], [ -70.803759248279292, -33.259179890754474 ], [ -70.803756634517825, -33.259180751459063 ], [ -70.803754003289271, -33.25918157374111 ], [ -70.803751355393757, -33.259182357350518 ], [ -70.803748691636471, -33.259183102049036 ], [ -70.803746012827489, -33.259183807610199 ], [ -70.80374331978139, -33.259184473819438 ], [ -70.803740613317132, -33.25918510047417 ], [ -70.803737894257736, -33.259185687383841 ], [ -70.803735163430034, -33.259186234369949 ], [ -70.803732421664492, -33.259186741266177 ], [ -70.803729669794834, -33.259187207918387 ], [ -70.803726908657879, -33.259187634184656 ], [ -70.803724139093319, -33.259188019935372 ], [ -70.803721361943317, -33.259188365053213 ], [ -70.803718578052425, -33.259188669433257 ], [ -70.803715788267183, -33.259188932982916 ], [ -70.803712993435965, -33.259189155622053 ], [ -70.803710194408666, -33.259189337282983 ], [ -70.803707392036458, -33.259189477910446 ], [ -70.803704587171509, -33.259189577461662 ], [ -70.803701780666785, -33.259189635906395 ], [ -70.803698973375703, -33.259189653226862 ], [ -70.803696166151965, -33.259189629417776 ], [ -70.803693359849234, -33.259189564486398 ], [ -70.803690555320884, -33.259189458452454 ], [ -70.803687753419766, -33.259189311348202 ], [ -70.803684954997905, -33.259189123218384 ], [ -70.803682160906305, -33.259188894120186 ], [ -70.803679371994619, -33.259188624123283 ], [ -70.803676589110964, -33.259188313309785 ], [ -70.803673813101582, -33.259187961774224 ], [ -70.803671044810642, -33.259187569623464 ], [ -70.803668285079965, -33.259187136976784 ], [ -70.803665534748788, -33.25918666396575 ], [ -70.803662794653476, -33.259186150734166 ], [ -70.803660065627227, -33.259185597438147 ], [ -70.803657348499968, -33.259185004245921 ], [ -70.803654644097961, -33.259184371337895 ], [ -70.803651953243588, -33.259183698906511 ], [ -70.803649276755124, -33.259182987156258 ], [ -70.803646615446496, -33.259182236303587 ], [ -70.803643970126956, -33.259181446576811 ], [ -70.803641341600937, -33.259180618216099 ], [ -70.803638730667785, -33.259179751473354 ], [ -70.803636138121462, -33.259178846612116 ], [ -70.803633564750342, -33.25917790390757 ], [ -70.803631011336975, -33.259176923646379 ], [ -70.803628478657828, -33.259175906126657 ], [ -70.803625967483086, -33.259174851657811 ], [ -70.803623478576398, -33.259173760560493 ], [ -70.803621012694592, -33.259172633166514 ], [ -70.803618570587545, -33.259171469818675 ], [ -70.80361615299789, -33.259170270870797 ], [ -70.803613760660809, -33.259169036687432 ], [ -70.803611394303772, -33.259167767643895 ], [ -70.803609054646401, -33.259166464126118 ], [ -70.803606742400163, -33.259165126530462 ], [ -70.803604458268197, -33.259163755263714 ], [ -70.803602202945086, -33.25916235074282 ], [ -70.803599977116676, -33.259160913394943 ], [ -70.803597781459814, -33.259159443657147 ], [ -70.803595616642184, -33.259157941976362 ], [ -70.803593483322118, -33.259156408809254 ], [ -70.803591382148312, -33.259154844622053 ], [ -70.803589313759744, -33.25915324989041 ], [ -70.803587278785386, -33.259151625099278 ], [ -70.803585277844064, -33.25914997074274 ], [ -70.803583311544259, -33.259148287323896 ], [ -70.803581380483877, -33.259146575354634 ], [ -70.803579485250182, -33.259144835355578 ], [ -70.803577626419482, -33.259143067855852 ], [ -70.803575804557028, -33.259141273392935 ], [ -70.803574020216857, -33.259139452512493 ], [ -70.803572273941555, -33.259137605768288 ], [ -70.803570566262152, -33.259135733721862 ], [ -70.803568897697971, -33.259133836942517 ], [ -70.803567268756368, -33.25913191600705 ], [ -70.803565679932703, -33.259129971499611 ], [ -70.803564131710147, -33.259128004011501 ], [ -70.80356262455949, -33.259126014141032 ], [ -70.803561158939047, -33.259124002493294 ], [ -70.803559735294485, -33.259121969680045 ], [ -70.803558354058751, -33.259119916319428 ], [ -70.803557015651833, -33.259117843035874 ], [ -70.803555720480759, -33.259115750459841 ], [ -70.803554468939367, -33.259113639227664 ], [ -70.803553261408268, -33.259111509981388 ], [ -70.803552098254613, -33.259109363368474 ], [ -70.803550979832139, -33.259107200041704 ], [ -70.803549906480924, -33.259105020658936 ], [ -70.803548878527408, -33.259102825882898 ], [ -70.803547896284144, -33.259100616381019 ], [ -70.803546960049829, -33.25909839282518 ], [ -70.803546070109164, -33.259096155891577 ], [ -70.80354522673278, -33.259093906260425 ], [ -70.803544430177141, -33.259091644615808 ], [ -70.803543680684456, -33.259089371645516 ], [ -70.803542978482639, -33.259087088040722 ], [ -70.803542323785237, -33.25908479449587 ], [ -70.803541716791315, -33.259082491708384 ], [ -70.803541157685473, -33.259080180378561 ], [ -70.803540646637714, -33.259077861209242 ], [ -70.803540183803435, -33.259075534905683 ], [ -70.803539769323393, -33.259073202175294 ], [ -70.803539403323612, -33.259070863727423 ], [ -70.803539085915403, -33.25906852027321 ], [ -70.803538817195275, -33.259066172525273 ], [ -70.803538597244938, -33.259063821197543 ], [ -70.803538426131254, -33.25906146700504 ], [ -70.803538303906294, -33.25905911066365 ], [ -70.803538230607188, -33.259056752889947 ], [ -70.803538206256249, -33.259054394400891 ], [ -70.803538230860866, -33.259052035913705 ], [ -70.803538304413536, -33.259049678145566 ], [ -70.803538426891919, -33.259047321813476 ], [ -70.80353859825874, -33.259044967633955 ], [ -70.803538818461888, -33.259042616322922 ], [ -70.803539087434416, -33.259040268595378 ], [ -70.803539405094511, -33.259037925165245 ], [ -70.803539771345569, -33.259035586745163 ], [ -70.803540186076233, -33.259033254046209 ], [ -70.80354064916034, -33.259030927777765 ], [ -70.803541160457115, -33.259028608647206 ], [ -70.803541719811037, -33.259026297359796 ], [ -70.803542327052028, -33.259023994618353 ], [ -70.803563278969818, -33.258944590376942 ], [ -70.803582604002258, -33.258864895435131 ], [ -70.804049445513357, -33.256851357018206 ] ] ] ] } },
{ "type": "Feature", "properties": { "fid": "102", "Area": 85778.961 }, "geometry": { "type": "MultiPolygon", "coordinates": [ [ [ [ -70.797578343252809, -33.260571875795229 ], [ -70.798289878487083, -33.26080138855302 ], [ -70.798298366528329, -33.260804196196553 ], [ -70.798306796536764, -33.260807124647968 ], [ -70.798315166076449, -33.260810173061088 ], [ -70.798323472728995, -33.26081334055506 ], [ -70.798331714094104, -33.260816626214613 ], [ -70.798339887790419, -33.260820029090326 ], [ -70.798347991456083, -33.260823548198928 ], [ -70.798356022749488, -33.260827182523563 ], [ -70.798363979349929, -33.260830931014048 ], [ -70.798371858958305, -33.260834792587247 ], [ -70.798379659297737, -33.260838766127328 ], [ -70.798387378114285, -33.260842850486128 ], [ -70.798395013177526, -33.260847044483427 ], [ -70.79840256228124, -33.260851346907359 ], [ -70.798410023244088, -33.260855756514701 ], [ -70.798417393910142, -33.260860272031294 ], [ -70.798424672149608, -33.26086489215232 ], [ -70.798431855859363, -33.260869615542774 ], [ -70.798438942963642, -33.260874440837824 ], [ -70.798445931414548, -33.260879366643152 ], [ -70.798452819192732, -33.26088439153542 ], [ -70.79845960430788, -33.26088951406264 ], [ -70.798466284799389, -33.260894732744667 ], [ -70.798472858736872, -33.260900046073488 ], [ -70.798479324220736, -33.260905452513789 ], [ -70.798485679382708, -33.260910950503366 ], [ -70.798491922386418, -33.260916538453515 ], [ -70.798498051427885, -33.260922214749563 ], [ -70.800292389827931, -33.262612612439085 ], [ -70.798941333245082, -33.263846462811806 ], [ -70.798928565298311, -33.26385829554463 ], [ -70.79891600488871, -33.26387028401674 ], [ -70.798903654707715, -33.263882425659375 ], [ -70.798891517401643, -33.263894717870947 ], [ -70.798879595571279, -33.263907158017638 ], [ -70.798867891771181, -33.26391974343386 ], [ -70.798619431381013, -33.264190987544396 ], [ -70.797272907693809, -33.263337097825215 ], [ -70.795914024638037, -33.262475338019598 ], [ -70.797578343252809, -33.260571875795229 ] ] ] ] } },
{ "type": "Feature", "properties": { "fid": "103", "Area": 35953.466 }, "geometry": { "type": "MultiPolygon", "coordinates": [ [ [ [ -70.785472771701052, -33.276641915822459 ], [ -70.787851660655434, -33.276006612679481 ], [ -70.787854334740913, -33.276005919943749 ], [ -70.787857022754565, -33.276005266347113 ], [ -70.787859723884551, -33.276004652086982 ], [ -70.78786243731507, -33.27600407734888 ], [ -70.787865162226552, -33.276003542306377 ], [ -70.787867897796019, -33.276003047121073 ], [ -70.787870643197266, -33.276002591942543 ], [ -70.787873397601103, -33.276002176908271 ], [ -70.787876160175614, -33.276001802143576 ], [ -70.78787893008645, -33.27600146776166 ], [ -70.787881706497004, -33.276001173863534 ], [ -70.78788448856875, -33.276000920537932 ], [ -70.787887275461401, -33.276000707861378 ], [ -70.787890066333262, -33.27600053589812 ], [ -70.787892860341415, -33.276000404700071 ], [ -70.787895656641979, -33.276000314306877 ], [ -70.787898454390387, -33.276000264745839 ], [ -70.787901252741676, -33.276000256031892 ], [ -70.787904050850656, -33.276000288167715 ], [ -70.787906847872236, -33.276000361143566 ], [ -70.787909642961608, -33.27600047493744 ], [ -70.78791243527462, -33.276000629514925 ], [ -70.787915223967886, -33.276000824829367 ], [ -70.787918008199171, -33.276001060821748 ], [ -70.787920787127547, -33.276001337420823 ], [ -70.787923559913722, -33.276001654543023 ], [ -70.787926325720221, -33.276002012092597 ], [ -70.787929083711703, -33.276002409961542 ], [ -70.787931833055183, -33.276002848029677 ], [ -70.787934572920278, -33.276003326164705 ], [ -70.787937302479506, -33.276003844222224 ], [ -70.787940020908422, -33.276004402045757 ], [ -70.787942727386024, -33.276004999466828 ], [ -70.787945421094875, -33.276005636304994 ], [ -70.787948101221389, -33.27600631236794 ], [ -70.787950766956101, -33.276007027451449 ], [ -70.78795341749391, -33.276007781339558 ], [ -70.787956052034232, -33.276008573804567 ], [ -70.787958669781418, -33.276009404607116 ], [ -70.78796126994483, -33.276010273496318 ], [ -70.787963851739136, -33.276011180209728 ], [ -70.787966414384542, -33.276012124473461 ], [ -70.787968957107097, -33.276013106002367 ], [ -70.787971479138818, -33.276014124499987 ], [ -70.787973979717989, -33.276015179658707 ], [ -70.787976458089361, -33.276016271159847 ], [ -70.787978913504375, -33.276017398673716 ], [ -70.787981345221482, -33.276018561859807 ], [ -70.787983752506193, -33.276019760366772 ], [ -70.787986134631467, -33.276020993832674 ], [ -70.787988490877822, -33.276022261884954 ], [ -70.787990820533622, -33.276023564140608 ], [ -70.78799312289523, -33.276024900206345 ], [ -70.787995397267281, -33.276026269678617 ], [ -70.787997642962864, -33.276027672143819 ], [ -70.787999859303696, -33.276029107178374 ], [ -70.788002045620374, -33.276030574348844 ], [ -70.788004201252605, -33.276032073212122 ], [ -70.788006325549304, -33.276033603315497 ], [ -70.78800841786888, -33.276035164196848 ], [ -70.788010477579391, -33.276036755384744 ], [ -70.788012504058742, -33.276038376398603 ], [ -70.788014496694899, -33.276040026748817 ], [ -70.788016454886019, -33.276041705936976 ], [ -70.78801837804069, -33.276043413455874 ], [ -70.788020265578027, -33.276045148789827 ], [ -70.788022116927976, -33.276046911414717 ], [ -70.78802393153137, -33.276048700798164 ], [ -70.788025708840124, -33.276050516399728 ], [ -70.788027448317479, -33.276052357671055 ], [ -70.788029149438017, -33.27605422405604 ], [ -70.788030811687989, -33.276056114990972 ], [ -70.788032434565352, -33.276058029904746 ], [ -70.788034017579918, -33.276059968218988 ], [ -70.78803556025359, -33.276061929348288 ], [ -70.788037062120438, -33.27606391270033 ], [ -70.78803852272685, -33.276065917676107 ], [ -70.788039941631681, -33.276067943670029 ], [ -70.788041318406371, -33.276069990070205 ], [ -70.788042652635099, -33.27607205625857 ], [ -70.788043943914914, -33.276074141611055 ], [ -70.788045191855787, -33.276076245497876 ], [ -70.788046396080787, -33.276078367283546 ], [ -70.788047556226232, -33.276080506327254 ], [ -70.788048671941709, -33.276082661982961 ], [ -70.788049742890223, -33.276084833599597 ], [ -70.788050768748363, -33.276087020521246 ], [ -70.788051749206247, -33.276089222087435 ], [ -70.788052683967749, -33.276091437633212 ], [ -70.788053572750556, -33.276093666489409 ], [ -70.788054415286226, -33.276095907982864 ], [ -70.78805521132027, -33.276098161436586 ], [ -70.788055960612269, -33.276100426169982 ], [ -70.788056662935929, -33.276102701499013 ], [ -70.788057318079126, -33.276104986736478 ], [ -70.788057925843944, -33.276107281192175 ], [ -70.788058486046864, -33.276109584173113 ], [ -70.78805899851865, -33.276111894983742 ], [ -70.788059463104545, -33.276114212926117 ], [ -70.788059879664203, -33.27611653730014 ], [ -70.788060248071844, -33.276118867403817 ], [ -70.788060568216153, -33.276121202533375 ], [ -70.788060840000469, -33.276123541983544 ], [ -70.788061063342667, -33.276125885047747 ], [ -70.788061238175317, -33.276128231018312 ], [ -70.78806136444561, -33.276130579186692 ], [ -70.788061442115378, -33.276132928843666 ], [ -70.788061471161171, -33.276135279279579 ], [ -70.788061451574222, -33.276137629784536 ], [ -70.788061383360443, -33.276139979648612 ], [ -70.788061266540424, -33.276142328162088 ], [ -70.788061101149452, -33.276144674615658 ], [ -70.788060887237464, -33.276147018300613 ], [ -70.788060624869075, -33.27614935850908 ], [ -70.788060314123513, -33.276151694534271 ], [ -70.788059955094639, -33.276154025670643 ], [ -70.788059547890882, -33.276156351214119 ], [ -70.788059092635223, -33.276158670462323 ], [ -70.788058589465152, -33.276160982714771 ], [ -70.788058038532668, -33.2761632872731 ], [ -70.788057440004124, -33.276165583441284 ], [ -70.788056794060296, -33.276167870525789 ], [ -70.788056100896299, -33.276170147835856 ], [ -70.788055360721458, -33.2761724146837 ], [ -70.788054573759325, -33.276174670384627 ], [ -70.788053740247605, -33.276176914257384 ], [ -70.788052860438029, -33.276179145624248 ], [ -70.788051934596297, -33.276181363811297 ], [ -70.788050963002078, -33.276183568148539 ], [ -70.788049945948771, -33.276185757970232 ], [ -70.788048883743585, -33.276187932614988 ], [ -70.788047776707316, -33.276190091425974 ], [ -70.788046625174331, -33.276192233751203 ], [ -70.788045429492399, -33.276194358943599 ], [ -70.788044190022688, -33.276196466361327 ], [ -70.788042907139499, -33.276198555367841 ], [ -70.788041581230345, -33.276200625332258 ], [ -70.788040212695634, -33.276202675629342 ], [ -70.788038801948744, -33.276204705639891 ], [ -70.788037349415745, -33.276206714750735 ], [ -70.788035855535327, -33.276208702355085 ], [ -70.788034320758698, -33.276210667852638 ], [ -70.788011999021151, -33.276238719392531 ], [ -70.787739231463107, -33.27657781849252 ], [ -70.787731504017714, -33.276587284744231 ], [ -70.787723623044869, -33.276596661268584 ], [ -70.786668281701992, -33.277834187044867 ], [ -70.784716203079796, -33.27786223591341 ], [ -70.784960100684032, -33.277093451161427 ], [ -70.784963652196822, -33.277082633070847 ], [ -70.784967425790086, -33.277071868158721 ], [ -70.784971420336277, -33.277061159641363 ], [ -70.78497563464181, -33.277050510718226 ], [ -70.784980067447506, -33.277039924570971 ], [ -70.784984717428841, -33.277029404362501 ], [ -70.784989583196406, -33.277018953236009 ], [ -70.784994663296388, -33.277008574314046 ], [ -70.784999956210854, -33.276998270697604 ], [ -70.785005460358363, -33.276988045465174 ], [ -70.785011174094308, -33.276977901671785 ], [ -70.785017095711481, -33.276967842348171 ], [ -70.785023223440589, -33.276957870499842 ], [ -70.785029555450706, -33.276947989106134 ], [ -70.785036089849953, -33.276938201119371 ], [ -70.785042824685902, -33.276928509463971 ], [ -70.785049757946311, -33.27691891703558 ], [ -70.785056887559605, -33.276909426700172 ], [ -70.78506421139555, -33.276900041293246 ], [ -70.785071727265915, -33.276890763618887 ], [ -70.785079432925059, -33.276881596449073 ], [ -70.785087326070695, -33.276872542522753 ], [ -70.78509540434446, -33.276863604544971 ], [ -70.785103665332713, -33.276854785186195 ], [ -70.785112106567212, -33.27684608708141 ], [ -70.785120725525886, -33.276837512829431 ], [ -70.785129519633543, -33.276829064992 ], [ -70.785138486262667, -33.276820746093144 ], [ -70.7851476227342, -33.276812558618303 ], [ -70.785156926318379, -33.276804505013715 ], [ -70.785166394235446, -33.276796587685574 ], [ -70.785176023656589, -33.276788808999399 ], [ -70.78518581170475, -33.276781171279225 ], [ -70.785195755455447, -33.276773676807053 ], [ -70.785205851937718, -33.276766327822003 ], [ -70.785216098134953, -33.276759126519785 ], [ -70.785226490985821, -33.276752075051938 ], [ -70.785237027385136, -33.276745175525271 ], [ -70.785247704184911, -33.276738430001181 ], [ -70.785258518195135, -33.276731840495053 ], [ -70.785269466184829, -33.276725408975658 ], [ -70.785280544882966, -33.276719137364573 ], [ -70.785291750979553, -33.276713027535564 ], [ -70.785303081126429, -33.2767070813141 ], [ -70.785314531938425, -33.276701300476766 ], [ -70.785326099994336, -33.276695686750699 ], [ -70.785337781837896, -33.276690241813142 ], [ -70.785349573978849, -33.276684967290905 ], [ -70.78536147289401, -33.276679864759849 ], [ -70.785373475028265, -33.276674935744495 ], [ -70.785385576795704, -33.276670181717499 ], [ -70.785397774580602, -33.276665604099207 ], [ -70.785410064738585, -33.276661204257309 ], [ -70.785422443597668, -33.276656983506371 ], [ -70.785434907459361, -33.276652943107401 ], [ -70.785447452599783, -33.276649084267568 ], [ -70.785460075270805, -33.276645408139828 ], [ -70.785472771701052, -33.276641915822459 ] ] ] ] } },
{ "type": "Feature", "properties": { "fid": "106", "Area": 46323.996 }, "geometry": { "type": "MultiPolygon", "coordinates": [ [ [ [ -70.785430489957363, -33.276530205831961 ], [ -70.785415501132604, -33.276534328700897 ], [ -70.785400599384275, -33.27653866856798 ], [ -70.785385789164593, -33.276543224136574 ], [ -70.785371074898492, -33.276547994045629 ], [ -70.785356460982158, -33.276552976870008 ], [ -70.785341951781874, -33.276558171121003 ], [ -70.785327551632605, -33.276563575246719 ], [ -70.785313264836702, -33.276569187632568 ], [ -70.785299095662694, -33.276575006601696 ], [ -70.785285048343994, -33.276581030415564 ], [ -70.78527112707755, -33.276587257274478 ], [ -70.785257336022681, -33.276593685317955 ], [ -70.785243679299839, -33.276600312625533 ], [ -70.785230160989258, -33.276607137217113 ], [ -70.785216785129904, -33.276614157053721 ], [ -70.785203555718155, -33.27662137003805 ], [ -70.785190476706632, -33.276628774014988 ], [ -70.78517755200302, -33.2766363667725 ], [ -70.785164785468936, -33.276644146042038 ], [ -70.785152180918701, -33.276652109499381 ], [ -70.785139742118261, -33.276660254765254 ], [ -70.785127472784055, -33.276668579406106 ], [ -70.785115376581885, -33.276677080934732 ], [ -70.7851034571258, -33.276685756811112 ], [ -70.78509171797711, -33.276694604443108 ], [ -70.785080162643197, -33.276703621187302 ], [ -70.785068794576546, -33.276712804349735 ], [ -70.785057617173706, -33.276722151186704 ], [ -70.785046633774243, -33.276731658905639 ], [ -70.785035847659813, -33.276741324665863 ], [ -70.785025262053054, -33.27675114557951 ], [ -70.785014880116762, -33.276761118712351 ], [ -70.785004704952868, -33.276771241084681 ], [ -70.784994739601487, -33.276781509672176 ], [ -70.784984987040133, -33.27679192140684 ], [ -70.784975450182685, -33.276802473177945 ], [ -70.784966131878605, -33.27681316183287 ], [ -70.784957034912011, -33.276823984178101 ], [ -70.784948162000973, -33.276834936980215 ], [ -70.78493951579658, -33.276846016966793 ], [ -70.784931098882168, -33.276857220827395 ], [ -70.784922913772604, -33.27686854521459 ], [ -70.78491496291349, -33.276879986744952 ], [ -70.78490724868044, -33.276891542000016 ], [ -70.784899773378385, -33.276903207527347 ], [ -70.784892539240857, -33.276914979841585 ], [ -70.78488554842933, -33.276926855425437 ], [ -70.784878803032598, -33.276938830730757 ], [ -70.784872305066116, -33.276950902179649 ], [ -70.784866056471458, -33.276963066165393 ], [ -70.784860059115616, -33.276975319053733 ], [ -70.784854314790593, -33.276987657183767 ], [ -70.784848825212777, -33.277000076869157 ], [ -70.784843592022426, -33.27701257439918 ], [ -70.784838616783205, -33.277025146039882 ], [ -70.78483390098171, -33.277037788035152 ], [ -70.784829446027032, -33.277050496607828 ], [ -70.784825253250318, -33.277063267960877 ], [ -70.784571117683711, -33.277864319380178 ], [ -70.783386307272281, -33.277881327247037 ], [ -70.78242827764609, -33.277895071430663 ], [ -70.784800488562752, -33.275183147960931 ], [ -70.786546756673971, -33.27623210385628 ], [ -70.785430489957363, -33.276530205831961 ] ] ] ] } },
{ "type": "Feature", "properties": { "fid": "107", "Area": 10729.257 }, "geometry": { "type": "MultiPolygon", "coordinates": [ [ [ [ -70.795596482010922, -33.268055028515533 ], [ -70.796235062071005, -33.267393746810306 ], [ -70.797211365995011, -33.268062456668694 ], [ -70.79657867356822, -33.268681254615579 ], [ -70.795596482010922, -33.268055028515533 ] ] ] ] } },
{ "type": "Feature", "properties": { "fid": "108", "Area": 11786.886 }, "geometry": { "type": "MultiPolygon", "coordinates": [ [ [ [ -70.796235062069968, -33.26739374681145 ], [ -70.797211343398047, -33.268062441191333 ], [ -70.797481229291947, -33.267777025211267 ], [ -70.797553477930634, -33.26771973833899 ], [ -70.797890363651902, -33.267362874061135 ], [ -70.79690724192892, -33.266690826190391 ], [ -70.796235062069968, -33.26739374681145 ] ] ] ] } },
{ "type": "Feature", "properties": { "fid": "109", "Area": 11941.48 }, "geometry": { "type": "MultiPolygon", "coordinates": [ [ [ [ -70.798571683871216, -33.266675429541813 ], [ -70.797890363651931, -33.267362874061099 ], [ -70.796907241929247, -33.266690826190043 ], [ -70.797562718029184, -33.265977324951798 ], [ -70.798571683871216, -33.266675429541813 ] ] ] ] } },
{ "type": "Feature", "properties": { "fid": "110", "Area": 20235.789 }, "geometry": { "type": "MultiPolygon", "coordinates": [ [ [ [ -70.802386498690566, -33.261240552085454 ], [ -70.804080267049741, -33.259490968388313 ], [ -70.804868089415663, -33.260055142764671 ], [ -70.803852690452672, -33.261094133331348 ], [ -70.803846706664359, -33.2611001486448 ], [ -70.803840599283546, -33.261106075639404 ], [ -70.803834370156821, -33.26111191252312 ], [ -70.803828021167561, -33.261117657531109 ], [ -70.803821554235384, -33.261123308926379 ], [ -70.80381497131556, -33.261128865000181 ], [ -70.803808274398463, -33.261134324072607 ], [ -70.803801465508897, -33.261139684493109 ], [ -70.803794546705561, -33.261144944640918 ], [ -70.803787520080334, -33.261150102925598 ], [ -70.80378038775774, -33.261155157787542 ], [ -70.803773151894262, -33.261160107698373 ], [ -70.803765814677689, -33.26116495116144 ], [ -70.803758378326421, -33.261169686712336 ], [ -70.803750845088885, -33.261174312919216 ], [ -70.80374321724274, -33.261178828383358 ], [ -70.803735497094337, -33.26118323173943 ], [ -70.803727686977837, -33.261187521656097 ], [ -70.803719789254686, -33.261191696836271 ], [ -70.803711806312791, -33.261195756017571 ], [ -70.803703740565808, -33.261199697972664 ], [ -70.803695594452449, -33.261203521509685 ], [ -70.803687370435725, -33.261207225472575 ], [ -70.803679071002207, -33.26121080874141 ], [ -70.803670698661264, -33.261214270232777 ], [ -70.803662255944303, -33.261217608900068 ], [ -70.803653745404006, -33.261220823733815 ], [ -70.803645169613588, -33.261223913762002 ], [ -70.803636531165978, -33.261226878050337 ], [ -70.803627832673044, -33.261229715702569 ], [ -70.803619076764832, -33.261232425860669 ], [ -70.803610266088711, -33.261235007705253 ], [ -70.803601403308676, -33.261237460455661 ], [ -70.803592491104368, -33.261239783370293 ], [ -70.803583532170506, -33.26124197574682 ], [ -70.803574529215837, -33.261244036922307 ], [ -70.803565484962448, -33.261245966273606 ], [ -70.803556402144935, -33.261247763217341 ], [ -70.803547283509531, -33.261249427210196 ], [ -70.803538131813298, -33.261250957749048 ], [ -70.803528949823317, -33.261252354371138 ], [ -70.803519740315807, -33.261253616654173 ], [ -70.803510506075298, -33.261254744216508 ], [ -70.803501249893856, -33.261255736717189 ], [ -70.803491974570107, -33.261256593856174 ], [ -70.803482682908523, -33.261257315374259 ], [ -70.803473377718461, -33.261257901053305 ], [ -70.803464061813443, -33.261258350716219 ], [ -70.803454738010146, -33.261258664227064 ], [ -70.803445409127718, -33.261258841491014 ], [ -70.80343607798676, -33.261258882454491 ], [ -70.803426747408622, -33.261258787105078 ], [ -70.802386498690566, -33.261240552085454 ] ] ] ] } },
{ "type": "Feature", "properties": { "fid": "111", "Area": 10407.433 }, "geometry": { "type": "MultiPolygon", "coordinates": [ [ [ [ -70.804080267049741, -33.259490968388313 ], [ -70.804818162179458, -33.258737970801086 ], [ -70.805602312949418, -33.259303840431429 ], [ -70.804868089415663, -33.260055142764671 ], [ -70.804080267049741, -33.259490968388313 ] ] ] ] } },
{ "type": "Feature", "properties": { "fid": "112", "Area": 10047.589 }, "geometry": { "type": "MultiPolygon", "coordinates": [ [ [ [ -70.804909131782864, -33.258799940931418 ], [ -70.804818162179458, -33.258737970801086 ], [ -70.805604778281349, -33.258020263938938 ], [ -70.80633565709168, -33.258553421208788 ], [ -70.805602312949418, -33.259303840431429 ], [ -70.804909131782864, -33.258799940931418 ] ] ] ] } },
{ "type": "Feature", "properties": { "fid": "113", "Area": 10058.307 }, "geometry": { "type": "MultiPolygon", "coordinates": [ [ [ [ -70.805604778281349, -33.258020263938938 ], [ -70.806338490151504, -33.257350812067806 ], [ -70.807339974051175, -33.257716108633211 ], [ -70.807329416122769, -33.257730334838463 ], [ -70.80708272619556, -33.257788940255672 ], [ -70.80633565709168, -33.258553421208788 ], [ -70.805604778281349, -33.258020263938938 ] ] ] ] } },
{ "type": "Feature", "properties": { "fid": "114", "Area": 12358.601 }, "geometry": { "type": "MultiPolygon", "coordinates": [ [ [ [ -70.798218956851414, -33.265262978781259 ], [ -70.79925480712771, -33.265971851577412 ], [ -70.798571683871202, -33.266675429541799 ], [ -70.797562718029184, -33.265977324951798 ], [ -70.798218956851414, -33.265262978781259 ] ] ] ] } },
{ "type": "Feature", "properties": { "fid": "115", "Area": 13901.178 }, "geometry": { "type": "MultiPolygon", "coordinates": [ [ [ [ -70.798951014098648, -33.264466083419407 ], [ -70.799898466416181, -33.265155920831695 ], [ -70.800000866408922, -33.265230671069553 ], [ -70.799912185422954, -33.265318681472564 ], [ -70.799396579230049, -33.265830966954333 ], [ -70.799313488916781, -33.26590823366729 ], [ -70.799255539284886, -33.265971097165782 ], [ -70.798219257859245, -33.265262651117006 ], [ -70.798951014098648, -33.264466083419407 ] ] ] ] } },
{ "type": "Feature", "properties": { "fid": "116", "Area": 16357.829 }, "geometry": { "type": "MultiPolygon", "coordinates": [ [ [ [ -70.799240113196973, -33.264151373852926 ], [ -70.799249052526562, -33.264141814527385 ], [ -70.799258187189764, -33.264132386427761 ], [ -70.799267514457554, -33.264123092370674 ], [ -70.799277031543383, -33.264113935132698 ], [ -70.799286735603971, -33.264104917449536 ], [ -70.799816003807777, -33.263621544871263 ], [ -70.800889073266859, -33.264344231413233 ], [ -70.799999519219298, -33.265228152627429 ], [ -70.798951199296056, -33.26446588181679 ], [ -70.799240113196973, -33.264151373852926 ] ] ] ] } },
{ "type": "Feature", "properties": { "fid": "117", "Area": 9546.3 }, "geometry": { "type": "MultiPolygon", "coordinates": [ [ [ [ -70.795596482010922, -33.268055028515533 ], [ -70.796578611674363, -33.268681215153812 ], [ -70.796455359316298, -33.268803410520292 ], [ -70.796330953071092, -33.268938391203662 ], [ -70.796221460567139, -33.269047927400578 ], [ -70.796107773811386, -33.269163636069131 ], [ -70.795954580462805, -33.269320003955045 ], [ -70.795948833126275, -33.26932570325598 ], [ -70.79593956358147, -33.269317705839917 ], [ -70.795930454590362, -33.269309579284851 ], [ -70.795921508702008, -33.269301325864987 ], [ -70.795912728419907, -33.26929294789003 ], [ -70.795904116201143, -33.269284447704578 ], [ -70.795895674455792, -33.269275827687359 ], [ -70.79570853494792, -33.269061940254097 ], [ -70.795697320141301, -33.269049640695293 ], [ -70.795685855565566, -33.269037504725354 ], [ -70.795674144601676, -33.269025535923092 ], [ -70.795662190703212, -33.269013737818085 ], [ -70.795649997395429, -33.269002113889513 ], [ -70.795637568274145, -33.268990667565213 ], [ -70.795624907004736, -33.268979402220651 ], [ -70.795612017321005, -33.268968321177908 ], [ -70.795598903024157, -33.268957427704727 ], [ -70.79558556798159, -33.268946725013556 ], [ -70.795572016125803, -33.268936216260535 ], [ -70.79555825145323, -33.268925904544652 ], [ -70.795544278023058, -33.268915792906739 ], [ -70.795530099956039, -33.268905884328717 ], [ -70.795515721433262, -33.268896181732494 ], [ -70.795501146694917, -33.268886687979382 ], [ -70.795486380039051, -33.26887740586897 ], [ -70.795471425820324, -33.268868338138539 ], [ -70.79545628844869, -33.268859487462073 ], [ -70.795440972388093, -33.26885085644961 ], [ -70.795425482155196, -33.268842447646364 ], [ -70.795409822317993, -33.268834263532042 ], [ -70.795393997494543, -33.268826306520076 ], [ -70.795378012351478, -33.268818578956974 ], [ -70.795361871602736, -33.268811083121498 ], [ -70.79534558000816, -33.268803821224139 ], [ -70.795329142372069, -33.268796795406395 ], [ -70.795312563541827, -33.268790007740115 ], [ -70.795081879634495, -33.268700283968279 ], [ -70.795080794361027, -33.268698391270178 ], [ -70.795079748132409, -33.268696483120401 ], [ -70.795078741260255, -33.268694560087297 ], [ -70.795077774044472, -33.268692622743664 ], [ -70.795076846773156, -33.268690671666519 ], [ -70.795075959722467, -33.268688707437008 ], [ -70.795075113156614, -33.268686730640169 ], [ -70.795074307327781, -33.26868474186481 ], [ -70.795073542475933, -33.26868274170328 ], [ -70.795072818828913, -33.268680730751328 ], [ -70.795072136602244, -33.268678709607933 ], [ -70.795071495999125, -33.268676678875089 ], [ -70.795070897210394, -33.268674639157659 ], [ -70.795070340414341, -33.268672591063172 ], [ -70.795069825776835, -33.268670535201643 ], [ -70.795069353451169, -33.268668472185439 ], [ -70.795068923577986, -33.268666402629016 ], [ -70.79506853628537, -33.268664327148798 ], [ -70.795068191688642, -33.268662246362965 ], [ -70.795067889890447, -33.268660160891322 ], [ -70.795067630980668, -33.268658071354977 ], [ -70.795067415036414, -33.268655978376323 ], [ -70.79506724212203, -33.268653882578754 ], [ -70.795067112288976, -33.26865178458651 ], [ -70.79506702557596, -33.268649685024492 ], [ -70.795066982008763, -33.268647584518021 ], [ -70.795066981600385, -33.268645483692779 ], [ -70.795067024350942, -33.268643383174499 ], [ -70.795067110247714, -33.268641283588792 ], [ -70.795067239265066, -33.268639185561035 ], [ -70.795067411364613, -33.268637089716137 ], [ -70.795067626495083, -33.268634996678337 ], [ -70.79506788459237, -33.268632907071066 ], [ -70.795068185579623, -33.268630821516695 ], [ -70.7950685293672, -33.268628740636437 ], [ -70.795068915852653, -33.268626665050036 ], [ -70.795069344920904, -33.268624595375769 ], [ -70.795069816444141, -33.268622532230054 ], [ -70.795070330281916, -33.268620476227419 ], [ -70.795070886281167, -33.268618427980229 ], [ -70.795071484276306, -33.268616388098565 ], [ -70.795072124089202, -33.268614357190003 ], [ -70.795072805529301, -33.268612335859473 ], [ -70.795073528393615, -33.268610324709009 ], [ -70.795074292466836, -33.268608324337642 ], [ -70.795075097521377, -33.268606335341183 ], [ -70.795075943317471, -33.268604358312061 ], [ -70.795076829603175, -33.268602393839124 ], [ -70.795077756114523, -33.268600442507498 ], [ -70.795078722575525, -33.268598504898414 ], [ -70.795079728698326, -33.268596581588966 ], [ -70.795080774183262, -33.268594673152002 ], [ -70.795081858718916, -33.268592780155977 ], [ -70.795082981982262, -33.268590903164707 ], [ -70.795084143638718, -33.268589042737261 ], [ -70.795085343342322, -33.268587199427763 ], [ -70.795086580735685, -33.268585373785264 ], [ -70.795087855450276, -33.268583566353506 ], [ -70.795089167106426, -33.268581777670867 ], [ -70.795090515313447, -33.268580008270071 ], [ -70.795091899669757, -33.268578258678154 ], [ -70.795093319763012, -33.268576529416229 ], [ -70.795094775170284, -33.268574820999369 ], [ -70.795096265458028, -33.268573133936414 ], [ -70.795097790182396, -33.268571468729874 ], [ -70.795099348889224, -33.268569825875701 ], [ -70.795596482010922, -33.268055028515533 ] ] ] ] } },
{ "type": "Feature", "properties": { "fid": "118", "Area": 89853.457 }, "geometry": { "type": "MultiPolygon", "coordinates": [ [ [ [ -70.786834910961673, -33.272857220957782 ], [ -70.789453176676119, -33.274430867134136 ], [ -70.789441919798023, -33.274443567526092 ], [ -70.789430883521334, -33.274456403801899 ], [ -70.789420070170493, -33.274469373258135 ], [ -70.789409482023004, -33.274482473163289 ], [ -70.788465342492756, -33.275669002286513 ], [ -70.788463795298924, -33.275670911187312 ], [ -70.788462209530493, -33.275672797621226 ], [ -70.788460585649716, -33.275674661038352 ], [ -70.788458924130026, -33.275676500895422 ], [ -70.788457225455758, -33.275678316656126 ], [ -70.788455490122118, -33.275680107791118 ], [ -70.788453718634997, -33.275681873778247 ], [ -70.788451911510791, -33.275683614102682 ], [ -70.788450069276323, -33.275685328257097 ], [ -70.788448192468636, -33.275687015741795 ], [ -70.788446281634862, -33.275688676064817 ], [ -70.788444337332024, -33.275690308742163 ], [ -70.788442360126936, -33.275691913297862 ], [ -70.788440350595991, -33.275693489264178 ], [ -70.788438309324988, -33.275695036181666 ], [ -70.788436236909021, -33.27569655359936 ], [ -70.788434133952236, -33.275698041074939 ], [ -70.788432001067662, -33.275699498174745 ], [ -70.788429838877079, -33.275700924474009 ], [ -70.788427648010824, -33.275702319556956 ], [ -70.788425429107562, -33.275703683016864 ], [ -70.788423182814157, -33.275705014456285 ], [ -70.788420909785444, -33.275706313487056 ], [ -70.788418610684033, -33.275707579730501 ], [ -70.78841628618018, -33.27570881281747 ], [ -70.788403543148931, -33.275715296215175 ], [ -70.788390675791319, -33.275721603981552 ], [ -70.788377687537803, -33.275727734434938 ], [ -70.788364581851127, -33.275733685940899 ], [ -70.788351362225313, -33.275739456912724 ], [ -70.788338032184768, -33.275745045811838 ], [ -70.788324595283328, -33.275750451148205 ], [ -70.78831105510335, -33.275755671480724 ], [ -70.788297415254718, -33.275760705417625 ], [ -70.788283679373876, -33.275765551616821 ], [ -70.788269851122863, -33.275770208786284 ], [ -70.788255934188399, -33.275774675684367 ], [ -70.788241932280798, -33.275778951120181 ], [ -70.788227849133023, -33.275783033953857 ], [ -70.788213688499752, -33.275786923096881 ], [ -70.786546756673957, -33.276232103856259 ], [ -70.784800488562752, -33.275183147960931 ], [ -70.786834910961673, -33.272857220957782 ] ] ] ] } },
{ "type": "Feature", "properties": { "fid": "131", "Area": 8353.104 }, "geometry": { "type": "MultiPolygon", "coordinates": [ [ [ [ -70.821643757397354, -33.247084443342473 ], [ -70.822576236703696, -33.247195592820859 ], [ -70.822033621492139, -33.248253875883606 ], [ -70.821480107430276, -33.248053590822053 ], [ -70.821643757397354, -33.247084443342473 ] ] ] ] } },
{ "type": "Feature", "properties": { "fid": "132", "Area": 16017.563 }, "geometry": { "type": "MultiPolygon", "coordinates": [ [ [ [ -70.822576236703696, -33.247195592820859 ], [ -70.823295370782674, -33.247771687567585 ], [ -70.82331599871911, -33.247788402422998 ], [ -70.823336280885414, -33.247805413404166 ], [ -70.823356211261199, -33.247822715461815 ], [ -70.823375783930459, -33.247840303460279 ], [ -70.823394993083355, -33.247858172179022 ], [ -70.823413833017909, -33.247876316314176 ], [ -70.823432298141782, -33.247894730480105 ], [ -70.823450382973846, -33.247913409211044 ], [ -70.823468082145823, -33.247932346962678 ], [ -70.823485390403945, -33.247951538113796 ], [ -70.823502302610436, -33.247970976967999 ], [ -70.823518813745068, -33.247990657755331 ], [ -70.82353491890666, -33.248010574634037 ], [ -70.823550613314524, -33.248030721692274 ], [ -70.823565892309873, -33.248051092949893 ], [ -70.823580751357241, -33.248071682360148 ], [ -70.823595186045779, -33.248092483811575 ], [ -70.823609192090601, -33.248113491129736 ], [ -70.823622765334022, -33.248134698079134 ], [ -70.823635901746854, -33.248156098364952 ], [ -70.823648597429539, -33.248177685635 ], [ -70.823660848613329, -33.248199453481611 ], [ -70.823672651661425, -33.248221395443487 ], [ -70.823684003070014, -33.248243505007636 ], [ -70.823694899469373, -33.248265775611337 ], [ -70.824034859235795, -33.248977980616345 ], [ -70.822033621492139, -33.248253875883606 ], [ -70.822576236703696, -33.247195592820859 ] ] ] ] } },
{ "type": "Feature", "properties": { "fid": "133", "Area": 9358.769 }, "geometry": { "type": "MultiPolygon", "coordinates": [ [ [ [ -70.820156830657055, -33.242195667366637 ], [ -70.821121925292942, -33.242490172182691 ], [ -70.821073880240235, -33.242559281688614 ], [ -70.820996635223921, -33.242642458477278 ], [ -70.820625903733017, -33.242987725395125 ], [ -70.82006179308668, -33.243513081607027 ], [ -70.819922506705979, -33.243414757812602 ], [ -70.819916961774013, -33.243410773786643 ], [ -70.819911500336048, -33.243406709142235 ], [ -70.819906124051883, -33.243402565114678 ], [ -70.819900834555398, -33.243398342963417 ], [ -70.819895633454138, -33.243394043971598 ], [ -70.819890522328777, -33.243389669445733 ], [ -70.819885502732632, -33.243385220715304 ], [ -70.819880576191196, -33.24338069913231 ], [ -70.81987574420171, -33.24337610607094 ], [ -70.819871008232639, -33.243371442927078 ], [ -70.819866369723272, -33.243366711117901 ], [ -70.81986183008334, -33.243361912081454 ], [ -70.819857390692448, -33.243357047276255 ], [ -70.819853052899759, -33.243352118180717 ], [ -70.819848818023587, -33.243347126292903 ], [ -70.819844687350923, -33.243342073129881 ], [ -70.819840662137111, -33.243336960227381 ], [ -70.819836743605435, -33.243331789139262 ], [ -70.819832932946795, -33.243326561437087 ], [ -70.819829231319247, -33.243321278709608 ], [ -70.81982563984775, -33.24331594256229 ], [ -70.819822159623769, -33.243310554616883 ], [ -70.819818791704961, -33.243305116510832 ], [ -70.819815537114863, -33.243299629896825 ], [ -70.819812396842565, -33.243294096442312 ], [ -70.819809371842396, -33.243288517828994 ], [ -70.819806463033672, -33.243282895752245 ], [ -70.819803671300377, -33.243277231920665 ], [ -70.819800997490958, -33.243271528055608 ], [ -70.819798442417977, -33.2432657858905 ], [ -70.819796006857914, -33.243260007170456 ], [ -70.819793691550942, -33.243254193651708 ], [ -70.819791497200711, -33.243248347101016 ], [ -70.819789424474052, -33.243242469295225 ], [ -70.819787474000876, -33.243236562020677 ], [ -70.81978564637393, -33.243230627072649 ], [ -70.819783942148632, -33.243224666254818 ], [ -70.819782361842869, -33.243218681378771 ], [ -70.819780905936895, -33.243212674263319 ], [ -70.819779574873166, -33.243206646734144 ], [ -70.819778369056152, -33.243200600623048 ], [ -70.819777288852322, -33.243194537767529 ], [ -70.819776334589903, -33.243188460010117 ], [ -70.819775506558884, -33.24318236919791 ], [ -70.819774805010908, -33.24317626718198 ], [ -70.81977423015914, -33.243170155816806 ], [ -70.819773782178274, -33.243164036959669 ], [ -70.819773461204392, -33.24315791247016 ], [ -70.819773267335037, -33.243151784209559 ], [ -70.819773200629115, -33.243145654040326 ], [ -70.819773261106846, -33.243139523825477 ], [ -70.819773448749842, -33.243133395428003 ], [ -70.819773763501047, -33.243127270710445 ], [ -70.819774205264778, -33.243121151534112 ], [ -70.81977477390673, -33.243115039758713 ], [ -70.819775469254097, -33.243108937241644 ], [ -70.819776291095508, -33.243102845837541 ], [ -70.819777239181178, -33.243096767397638 ], [ -70.81977831322294, -33.243090703769234 ], [ -70.819779512894385, -33.243084656795077 ], [ -70.819780837830848, -33.243078628312958 ], [ -70.819782287629678, -33.243072620154948 ], [ -70.81978386185024, -33.243066634147006 ], [ -70.819785560014083, -33.243060672108292 ], [ -70.819787381605082, -33.243054735850762 ], [ -70.819789326069625, -33.243048827178491 ], [ -70.819791392816754, -33.243042947887169 ], [ -70.819793581218349, -33.243037099763562 ], [ -70.819795890609285, -33.243031284584966 ], [ -70.819798320287703, -33.243025504118656 ], [ -70.820156830657055, -33.242195667366637 ] ] ] ] } },
{ "type": "Feature", "properties": { "fid": "134", "Area": 13244.654 }, "geometry": { "type": "MultiPolygon", "coordinates": [ [ [ [ -70.813137574036688, -33.242941083075792 ], [ -70.813557102566733, -33.242903480028019 ], [ -70.814157086620668, -33.24353412110576 ], [ -70.81415783162268, -33.24353492336332 ], [ -70.814158559988869, -33.243535736335595 ], [ -70.814159271500969, -33.243536559779045 ], [ -70.814159965945862, -33.243537393447021 ], [ -70.814160643115514, -33.243538237089737 ], [ -70.814161302807037, -33.243539090454476 ], [ -70.814161944822828, -33.243539953285577 ], [ -70.814162568970531, -33.243540825324565 ], [ -70.814163175063157, -33.243541706310211 ], [ -70.814163762919179, -33.24354259597856 ], [ -70.814164332362438, -33.243543494063118 ], [ -70.814164883222361, -33.243544400294802 ], [ -70.814165415333946, -33.243545314402169 ], [ -70.814165928537733, -33.243546236111342 ], [ -70.814166422680032, -33.243547165146211 ], [ -70.814166897612779, -33.243548101228448 ], [ -70.814167353193682, -33.243549044077646 ], [ -70.814167789286302, -33.243549993411342 ], [ -70.814168205759941, -33.243550948945121 ], [ -70.814168602489872, -33.243551910392739 ], [ -70.81416897935722, -33.243552877466172 ], [ -70.814169336249108, -33.243553849875688 ], [ -70.814169673058601, -33.243554827330016 ], [ -70.814169989684814, -33.243555809536261 ], [ -70.814170286032862, -33.243556796200259 ], [ -70.814170562013999, -33.243557787026376 ], [ -70.814170817545516, -33.243558781717802 ], [ -70.814171052550876, -33.243559779976543 ], [ -70.81417126695969, -33.24356078150354 ], [ -70.814171460707698, -33.243561785998779 ], [ -70.814171633736876, -33.243562793161317 ], [ -70.814171785995384, -33.243563802689422 ], [ -70.814171917437605, -33.243564814280681 ], [ -70.81417202802416, -33.243565827632047 ], [ -70.814172117721924, -33.243566842439932 ], [ -70.814172186504024, -33.243567858400326 ], [ -70.814172234349854, -33.243568875208858 ], [ -70.814172261245062, -33.243569892560934 ], [ -70.814172267181618, -33.243570910151782 ], [ -70.814172252157732, -33.24357192767652 ], [ -70.814172216177894, -33.243572944830376 ], [ -70.814172159252891, -33.243573961308584 ], [ -70.814172081399789, -33.243574976806649 ], [ -70.814171982641881, -33.243575991020357 ], [ -70.814171863008781, -33.243577003645868 ], [ -70.814171722536301, -33.243578014379807 ], [ -70.814171561266548, -33.243579022919405 ], [ -70.81417137924781, -33.243580028962512 ], [ -70.814171176534643, -33.24358103220775 ], [ -70.814170953187741, -33.243582032354553 ], [ -70.814170709274038, -33.24358302910332 ], [ -70.814170444866605, -33.243584022155432 ], [ -70.814170160044625, -33.243585011213398 ], [ -70.81416985489345, -33.243585995980915 ], [ -70.814169529504483, -33.24358697616298 ], [ -70.814169183975224, -33.243587951465948 ], [ -70.814168818409158, -33.243588921597627 ], [ -70.814168432915807, -33.243589886267408 ], [ -70.814168027610663, -33.243590845186276 ], [ -70.814167602615143, -33.243591798066987 ], [ -70.814167158056563, -33.243592744624053 ], [ -70.814166694068106, -33.243593684573909 ], [ -70.814166210788756, -33.243594617634983 ], [ -70.814165708363319, -33.243595543527753 ], [ -70.814165186942276, -33.243596461974846 ], [ -70.814164646681874, -33.243597372701082 ], [ -70.814164087743933, -33.243598275433634 ], [ -70.814163510295913, -33.243599169902112 ], [ -70.814162914510788, -33.243600055838485 ], [ -70.814162300567034, -33.243600932977408 ], [ -70.814161668648609, -33.243601801056073 ], [ -70.814161018944802, -33.243602659814442 ], [ -70.814160351650244, -33.243603508995221 ], [ -70.814159666964841, -33.243604348344057 ], [ -70.814158965093725, -33.243605177609453 ], [ -70.814158246247146, -33.243605996543018 ], [ -70.814157510640442, -33.2436068048994 ], [ -70.814156758494022, -33.243607602436448 ], [ -70.814155990033171, -33.243608388915213 ], [ -70.814155205488134, -33.243609164100107 ], [ -70.814154405093916, -33.243609927758882 ], [ -70.814153589090324, -33.243610679662787 ], [ -70.814152757721786, -33.243611419586543 ], [ -70.814151911237389, -33.243612147308497 ], [ -70.814151049890697, -33.243612862610632 ], [ -70.814150173939765, -33.243613565278686 ], [ -70.814149283646998, -33.243614255102102 ], [ -70.814148379279104, -33.243614931874291 ], [ -70.814147461107041, -33.243615595392463 ], [ -70.814146529405832, -33.243616245457858 ], [ -70.814145584454621, -33.243616881875717 ], [ -70.813581077151753, -33.243992782277708 ], [ -70.813559464962381, -33.244007418695531 ], [ -70.813538142676791, -33.24402235232666 ], [ -70.81351711608319, -33.244037579117254 ], [ -70.813496390889441, -33.24405309493401 ], [ -70.813475972721662, -33.244068895565078 ], [ -70.813455867122613, -33.244084976721332 ], [ -70.8134360795502, -33.244101334037495 ], [ -70.813416615376042, -33.2441179630733 ], [ -70.813397479883946, -33.244134859314755 ], [ -70.813378678268521, -33.244152018175278 ], [ -70.813360215633764, -33.244169434997062 ], [ -70.813342096991661, -33.244187105052184 ], [ -70.813324327260787, -33.244205023544083 ], [ -70.813306911265059, -33.244223185608668 ], [ -70.813289853732371, -33.244241586315745 ], [ -70.8124514184519, -33.243720247832712 ], [ -70.813137574036688, -33.242941083075792 ] ] ] ] } },
{ "type": "Feature", "properties": { "fid": "135", "Area": 13691.952 }, "geometry": { "type": "MultiPolygon", "coordinates": [ [ [ [ -70.821644432161648, -33.247084715063011 ], [ -70.821480782201718, -33.248053862543209 ], [ -70.820042918151671, -33.247533565783272 ], [ -70.819939808643113, -33.247496254311088 ], [ -70.819938356750299, -33.24749571629718 ], [ -70.819936916215823, -33.247495157142424 ], [ -70.819935487475618, -33.247494577016077 ], [ -70.819934070962077, -33.247493976093679 ], [ -70.819932667103927, -33.247493354557122 ], [ -70.819931276326002, -33.247492712594479 ], [ -70.819929899049214, -33.247492050400041 ], [ -70.81992853569038, -33.247491368174231 ], [ -70.819927186662142, -33.247490666123504 ], [ -70.819925852372705, -33.247489944460334 ], [ -70.81992453322593, -33.247489203403134 ], [ -70.81992322962104, -33.247488443176152 ], [ -70.819921941952529, -33.247487664009498 ], [ -70.819920670610131, -33.247486866138949 ], [ -70.819919415978589, -33.247486049805985 ], [ -70.819918178437604, -33.247485215257662 ], [ -70.819916958361702, -33.247484362746548 ], [ -70.819915756120139, -33.247483492530648 ], [ -70.819914572076769, -33.247482604873333 ], [ -70.819913406589905, -33.247481700043224 ], [ -70.819912260012288, -33.24748077831417 ], [ -70.819911132690905, -33.247479839965145 ], [ -70.819910024966944, -33.247478885280088 ], [ -70.81990893717564, -33.24747791454795 ], [ -70.819907869646201, -33.247476928062525 ], [ -70.819906822701711, -33.247475926122341 ], [ -70.819905796658986, -33.247474909030643 ], [ -70.819904791828606, -33.247473877095224 ], [ -70.81990380851461, -33.247472830628418 ], [ -70.819902847014646, -33.247471769946891 ], [ -70.819901907619666, -33.247470695371682 ], [ -70.819900990613959, -33.247469607227977 ], [ -70.819900096275063, -33.247468505845113 ], [ -70.819899224873652, -33.24746739155642 ], [ -70.81989837667345, -33.247466264699078 ], [ -70.81989755193112, -33.24746512561417 ], [ -70.819896750896277, -33.247463974646415 ], [ -70.81989597381137, -33.247462812144121 ], [ -70.819895220911548, -33.247461638459129 ], [ -70.81989449242468, -33.247460453946658 ], [ -70.819893788571221, -33.247459258965158 ], [ -70.819893109564205, -33.247458053876301 ], [ -70.819892455609107, -33.247456839044759 ], [ -70.819891826903842, -33.247455614838245 ], [ -70.819891223638706, -33.247454381627207 ], [ -70.819890645996253, -33.247453139784888 ], [ -70.819890094151276, -33.24745188968712 ], [ -70.81988956827081, -33.247450631712219 ], [ -70.819889068514016, -33.2474493662409 ], [ -70.819888595032097, -33.247448093656153 ], [ -70.819888147968399, -33.247446814343121 ], [ -70.819887727458195, -33.247445528688957 ], [ -70.819887333628742, -33.247444237082789 ], [ -70.819886966599242, -33.247442939915445 ], [ -70.819886626480752, -33.247441637579556 ], [ -70.81988631337623, -33.247440330469225 ], [ -70.819886027380406, -33.247439018980074 ], [ -70.819885768579837, -33.247437703508972 ], [ -70.819885537052883, -33.247436384454055 ], [ -70.819885332869561, -33.247435062214528 ], [ -70.819885156091686, -33.247433737190534 ], [ -70.819885006772765, -33.247432409783109 ], [ -70.819884884957972, -33.24743108039393 ], [ -70.819884790684185, -33.247429749425379 ], [ -70.819884723979925, -33.247428417280219 ], [ -70.819884684865372, -33.247427084361632 ], [ -70.819884673352377, -33.24742575107301 ], [ -70.819884689444407, -33.247424417817854 ], [ -70.819884733136618, -33.247423084999653 ], [ -70.81988480441575, -33.247421753021797 ], [ -70.819884903260245, -33.247420422287369 ], [ -70.819885029640204, -33.247419093199113 ], [ -70.819885183517357, -33.247417766159259 ], [ -70.819885364845149, -33.247416441569435 ], [ -70.819885573568669, -33.247415119830514 ], [ -70.819974764601625, -33.246885676089356 ], [ -70.821644432161648, -33.247084715063011 ] ] ] ] } },
{ "type": "Feature", "properties": { "fid": "136", "Area": 3758.636 }, "geometry": { "type": "MultiPolygon", "coordinates": [ [ [ [ -70.819836644663042, -33.246869209933735 ], [ -70.819759844454907, -33.247325096986494 ], [ -70.819759609160371, -33.247326411448476 ], [ -70.819759346770937, -33.247327722284005 ], [ -70.819759057365516, -33.247329029098772 ], [ -70.819758741031151, -33.24733033149969 ], [ -70.819758397862998, -33.247331629095029 ], [ -70.819758027964269, -33.247332921494468 ], [ -70.819757631446251, -33.247334208309269 ], [ -70.819757208428172, -33.24733548915237 ], [ -70.819756759037318, -33.247336763638486 ], [ -70.819756283408822, -33.247338031384281 ], [ -70.819755781685771, -33.247339292008427 ], [ -70.819755254019071, -33.247340545131728 ], [ -70.819754700567429, -33.247341790377256 ], [ -70.819754121497326, -33.247343027370434 ], [ -70.819753516982956, -33.247344255739215 ], [ -70.819752887206135, -33.247345475114095 ], [ -70.819752232356294, -33.247346685128313 ], [ -70.819751552630407, -33.247347885417888 ], [ -70.819750848232943, -33.247349075621784 ], [ -70.819750119375769, -33.247350255381996 ], [ -70.819749366278103, -33.247351424343663 ], [ -70.819748589166508, -33.24735258215518 ], [ -70.819747788274682, -33.247353728468276 ], [ -70.819746963843556, -33.247354862938138 ], [ -70.819746116121124, -33.24735598522355 ], [ -70.819745245362341, -33.247357094986924 ], [ -70.819744351829158, -33.247358191894442 ], [ -70.819743435790329, -33.247359275616191 ], [ -70.819742497521361, -33.247360345826152 ], [ -70.819741537304523, -33.247361402202444 ], [ -70.819740555428638, -33.247362444427338 ], [ -70.819739552189006, -33.247363472187288 ], [ -70.819738527887424, -33.247364485173179 ], [ -70.819737482831997, -33.247365483080323 ], [ -70.819736417337054, -33.247366465608536 ], [ -70.819735331723081, -33.247367432462276 ], [ -70.819734226316641, -33.247368383350754 ], [ -70.819733101450225, -33.247369317987918 ], [ -70.819731957462196, -33.247370236092635 ], [ -70.819730794696639, -33.247371137388782 ], [ -70.819729613503313, -33.247372021605209 ], [ -70.819728414237488, -33.247372888475979 ], [ -70.819727197259937, -33.247373737740347 ], [ -70.819725962936687, -33.247374569142828 ], [ -70.819724711639026, -33.247375382433383 ], [ -70.819723443743328, -33.247376177367343 ], [ -70.81972215963097, -33.247376953705619 ], [ -70.819720859688204, -33.247377711214696 ], [ -70.819719544306039, -33.247378449666712 ], [ -70.819718213880137, -33.247379168839551 ], [ -70.819716868810673, -33.247379868516887 ], [ -70.819715509502259, -33.247380548488273 ], [ -70.819714136363729, -33.247381208549157 ], [ -70.819712749808133, -33.247381848501014 ], [ -70.819711350252533, -33.247382468151336 ], [ -70.819709938117896, -33.247383067313763 ], [ -70.819708513828999, -33.247383645808043 ], [ -70.819707077814257, -33.247384203460193 ], [ -70.819705630505595, -33.24738474010244 ], [ -70.819704172338362, -33.247385255573406 ], [ -70.819702703751176, -33.247385749718021 ], [ -70.819701225185767, -33.247386222387647 ], [ -70.819699737086864, -33.247386673440126 ], [ -70.819698239902095, -33.247387102739758 ], [ -70.819696734081802, -33.247387510157438 ], [ -70.819695220078927, -33.247387895570597 ], [ -70.819693698348843, -33.247388258863324 ], [ -70.819692169349324, -33.247388599926332 ], [ -70.819690633540233, -33.24738891865703 ], [ -70.819689091383552, -33.247389214959547 ], [ -70.819687543343164, -33.247389488744766 ], [ -70.819685989884704, -33.247389739930327 ], [ -70.819684431475423, -33.247389968440672 ], [ -70.819682868584096, -33.247390174207084 ], [ -70.819681301680816, -33.247390357167639 ], [ -70.819679731236903, -33.247390517267334 ], [ -70.819678157724752, -33.247390654458002 ], [ -70.819676581617628, -33.247390768698374 ], [ -70.819675003389648, -33.247390859954066 ], [ -70.819673423515511, -33.24739092819766 ], [ -70.819671842470456, -33.247390973408621 ], [ -70.819670260730021, -33.247390995573362 ], [ -70.819668678769986, -33.247390994685198 ], [ -70.819667097066215, -33.247390970744391 ], [ -70.819665516094474, -33.247390923758154 ], [ -70.819663936330272, -33.247390853740619 ], [ -70.819662358248834, -33.247390760712854 ], [ -70.819660782324803, -33.247390644702811 ], [ -70.819659209032238, -33.247390505745436 ], [ -70.819657638844333, -33.247390343882465 ], [ -70.819656072233428, -33.247390159162634 ], [ -70.819654509670727, -33.247389951641487 ], [ -70.819652951626239, -33.247389721381438 ], [ -70.819651398568624, -33.247389468451765 ], [ -70.819649850965021, -33.247389192928537 ], [ -70.819648309280964, -33.247388894894627 ], [ -70.819646773980125, -33.247388574439697 ], [ -70.819645245524356, -33.247388231660118 ], [ -70.819643724373407, -33.247387866659004 ], [ -70.81964221098481, -33.247387479546127 ], [ -70.819640705813796, -33.247387070437952 ], [ -70.819639209313095, -33.247386639457545 ], [ -70.819637721932864, -33.247386186734516 ], [ -70.819636244120474, -33.247385712405041 ], [ -70.819634776320441, -33.247385216611825 ], [ -70.819633318974297, -33.247384699503968 ], [ -70.818990323606059, -33.247151003021926 ], [ -70.819081162637488, -33.246779141278523 ], [ -70.819836644663042, -33.246869209933735 ] ] ] ] } },
{ "type": "Feature", "properties": { "fid": "137", "Area": 26024.534 }, "geometry": { "type": "MultiPolygon", "coordinates": [ [ [ [ -70.816400775170123, -33.246367281560012 ], [ -70.81299006228808, -33.245129616672102 ], [ -70.813258300328627, -33.244606558409302 ], [ -70.813267894178111, -33.244588254267804 ], [ -70.813277834408566, -33.244570081097358 ], [ -70.81328811848843, -33.244552043525758 ], [ -70.813298743798683, -33.244534146146343 ], [ -70.813309707633351, -33.244516393516669 ], [ -70.813321007200273, -33.244498790157451 ], [ -70.813332639621805, -33.244481340551395 ], [ -70.81334460193554, -33.244464049142074 ], [ -70.813356891095069, -33.244446920332742 ], [ -70.813369503970776, -33.244429958485249 ], [ -70.813382437350569, -33.244413167918921 ], [ -70.813505859165133, -33.244478341311591 ], [ -70.813630580334632, -33.244541744224328 ], [ -70.813756564892742, -33.244603358372373 ], [ -70.813883776508632, -33.244663165986836 ], [ -70.814012178497293, -33.244721149819767 ], [ -70.814141733830255, -33.244777293149205 ], [ -70.814272405146212, -33.24483157978392 ], [ -70.814404154761803, -33.244883994068147 ], [ -70.814536944682501, -33.244934520886034 ], [ -70.81467073661355, -33.244983145666119 ], [ -70.814805491971043, -33.2450298543854 ], [ -70.814941171893025, -33.245074633573502 ], [ -70.815077737250775, -33.245117470316465 ], [ -70.815215148660002, -33.245158352260539 ], [ -70.815353366492246, -33.245197267615708 ], [ -70.815492350886373, -33.24523420515915 ], [ -70.815632061759985, -33.245269154238365 ], [ -70.815772458821058, -33.245302104774382 ], [ -70.81591350157953, -33.245333047264594 ], [ -70.816055149359002, -33.245361972785453 ], [ -70.816197361308483, -33.245388872995186 ], [ -70.816400775170123, -33.246367281560012 ] ] ] ] } },
{ "type": "Feature", "properties": { "fid": "138", "Area": 4965.831 }, "geometry": { "type": "MultiPolygon", "coordinates": [ [ [ [ -70.813138248743641, -33.242941354846423 ], [ -70.813557777274127, -33.242903751796369 ], [ -70.813796099968641, -33.243154253402089 ], [ -70.812938531788177, -33.243725734858629 ], [ -70.812621242561491, -33.243528443403186 ], [ -70.813138248743641, -33.242941354846423 ] ] ] ] } },
{ "type": "Feature", "properties": { "fid": "139", "Area": 8278.823 }, "geometry": { "type": "MultiPolygon", "coordinates": [ [ [ [ -70.812621242561491, -33.243528443403186 ], [ -70.812938531788177, -33.243725734858629 ], [ -70.813796099968641, -33.243154253402089 ], [ -70.814157761334684, -33.243534392870608 ], [ -70.814158506336724, -33.243535195128132 ], [ -70.814159234702899, -33.243536008100428 ], [ -70.814159946215014, -33.243536831543878 ], [ -70.814160640659921, -33.243537665211839 ], [ -70.814161317829573, -33.243538508854556 ], [ -70.81416197752111, -33.243539362219281 ], [ -70.814162619536901, -33.243540225050388 ], [ -70.814163243684618, -33.243541097089363 ], [ -70.814163849777259, -33.243541978075001 ], [ -70.814164437633281, -33.243542867743358 ], [ -70.814165007076554, -33.243543765827901 ], [ -70.814165557936491, -33.243544672059599 ], [ -70.814166090048076, -33.243545586166945 ], [ -70.814166603251877, -33.243546507876125 ], [ -70.814167097394176, -33.243547436910987 ], [ -70.814167572326937, -33.243548372993246 ], [ -70.814168027907854, -33.243549315842422 ], [ -70.81416846400046, -33.243550265176104 ], [ -70.814168880474128, -33.243551220709897 ], [ -70.814169277204059, -33.243552182157508 ], [ -70.814169654071435, -33.243553149230934 ], [ -70.814170010963338, -33.243554121640457 ], [ -70.81417034777283, -33.243555099094756 ], [ -70.814170664399043, -33.243556081301037 ], [ -70.814170960747091, -33.243557067965021 ], [ -70.814171236728242, -33.24355805879113 ], [ -70.814171492259774, -33.243559053482556 ], [ -70.814171727265148, -33.243560051741298 ], [ -70.814171941673962, -33.243561053268301 ], [ -70.814172135421984, -33.243562057763519 ], [ -70.814172308451163, -33.243563064926057 ], [ -70.814172460709685, -33.243564074454184 ], [ -70.814172592151905, -33.243565086045443 ], [ -70.814172702738475, -33.243566099396794 ], [ -70.814172792436253, -33.24356711420468 ], [ -70.814172861218353, -33.243568130165066 ], [ -70.814172909064183, -33.24356914697362 ], [ -70.814172935959419, -33.243570164325689 ], [ -70.814172941895976, -33.243571181916529 ], [ -70.814172926872104, -33.243572199441282 ], [ -70.814172890892266, -33.243573216595124 ], [ -70.814172833967277, -33.243574233073332 ], [ -70.814172756114175, -33.243575248571403 ], [ -70.814172657356281, -33.243576262785126 ], [ -70.814172537723181, -33.243577275410622 ], [ -70.814172397250715, -33.243578286144562 ], [ -70.814172235980962, -33.24357929468416 ], [ -70.814172053962238, -33.243580300727274 ], [ -70.814171851249071, -33.243581303972491 ], [ -70.814171627902184, -33.243582304119315 ], [ -70.81417138398848, -33.243583300868082 ], [ -70.814171119581047, -33.243584293920193 ], [ -70.814170834759096, -33.24358528297816 ], [ -70.814170529607921, -33.243586267745684 ], [ -70.814170204218968, -33.243587247927742 ], [ -70.814169858689709, -33.243588223230716 ], [ -70.814169493123643, -33.243589193362396 ], [ -70.814169107630306, -33.24359015803217 ], [ -70.814168702325162, -33.243591116951059 ], [ -70.814168277329657, -33.243592069831742 ], [ -70.814167832771076, -33.243593016388814 ], [ -70.814167368782634, -33.243593956338685 ], [ -70.814166885503283, -33.24359488939978 ], [ -70.814166383077847, -33.243595815292544 ], [ -70.814165861656832, -33.243596733739615 ], [ -70.81416532139643, -33.243597644465872 ], [ -70.814164762458489, -33.243598547198438 ], [ -70.814164185010455, -33.243599441666909 ], [ -70.814163589225345, -33.243600327603296 ], [ -70.814162975281619, -33.24360120474222 ], [ -70.814162343363179, -33.243602072820892 ], [ -70.814161693659372, -33.243602931579254 ], [ -70.814161026364829, -33.243603780760033 ], [ -70.814160341679425, -33.243604620108876 ], [ -70.81415963980831, -33.243605449374279 ], [ -70.814158920961731, -33.24360626830785 ], [ -70.814158185355041, -33.24360707666424 ], [ -70.814157433208621, -33.243607874201281 ], [ -70.814156664747784, -33.24360866068006 ], [ -70.814155880202748, -33.243609435864954 ], [ -70.814155079808543, -33.243610199523729 ], [ -70.814154263804937, -33.243610951427641 ], [ -70.814153432436413, -33.243611691351397 ], [ -70.814152585952016, -33.243612419073358 ], [ -70.814151724605324, -33.243613134375515 ], [ -70.814150848654393, -33.243613837043561 ], [ -70.814149958361639, -33.243614526867006 ], [ -70.814149053993745, -33.24361520363918 ], [ -70.814148135821682, -33.243615867157366 ], [ -70.814147204120474, -33.243616517222755 ], [ -70.814146259169263, -33.243617153640628 ], [ -70.813581751867744, -33.243993054045596 ], [ -70.813560139678415, -33.244007690463548 ], [ -70.813538817392896, -33.244022624094782 ], [ -70.813517790799338, -33.244037850885498 ], [ -70.813497065605659, -33.244053366702339 ], [ -70.813476647437952, -33.244069167333528 ], [ -70.81345654183896, -33.244085248489888 ], [ -70.813436754266633, -33.244101605806158 ], [ -70.813417290092545, -33.244118234842077 ], [ -70.813398154600534, -33.244135131083624 ], [ -70.813379352985194, -33.244152289944253 ], [ -70.813360890350523, -33.244169706766122 ], [ -70.813342771708491, -33.244187376821344 ], [ -70.813325001977717, -33.244205295313343 ], [ -70.813307585982088, -33.244223457377998 ], [ -70.8132905284495, -33.244241858085196 ], [ -70.812452093162548, -33.243720519606946 ], [ -70.812621242561491, -33.243528443403186 ] ] ] ] } },
{ "type": "Feature", "properties": { "fid": "140", "Area": 10851.066 }, "geometry": { "type": "MultiPolygon", "coordinates": [ [ [ [ -70.816400775170123, -33.246367281560019 ], [ -70.816190382566006, -33.245355305217338 ], [ -70.816320416932854, -33.245378220187703 ], [ -70.81645084855576, -33.24539948150413 ], [ -70.816581647649755, -33.245419084311699 ], [ -70.816712784345896, -33.245437024134205 ], [ -70.817705647748411, -33.245571557716659 ], [ -70.817706844405492, -33.245571728849278 ], [ -70.817708037337169, -33.245571917454207 ], [ -70.817709226182146, -33.245572123474346 ], [ -70.817710410580347, -33.245572346847311 ], [ -70.81771159017309, -33.245572587505421 ], [ -70.817712764603115, -33.245572845375804 ], [ -70.817713933514725, -33.245573120380385 ], [ -70.817715096553883, -33.245573412435839 ], [ -70.817716253368388, -33.245573721453724 ], [ -70.817717403607872, -33.245574047340476 ], [ -70.817718546923984, -33.245574389997365 ], [ -70.81771968297042, -33.245574749320618 ], [ -70.817720811403149, -33.245575125201434 ], [ -70.817721931880399, -33.245575517525943 ], [ -70.817723044062831, -33.245575926175349 ], [ -70.817724147613603, -33.245576351025868 ], [ -70.817725242198492, -33.245576791948849 ], [ -70.817726327485985, -33.245577248810733 ], [ -70.817727403147416, -33.245577721473168 ], [ -70.817728468856956, -33.24557820979301 ], [ -70.817729524291892, -33.245578713622344 ], [ -70.817730569132564, -33.245579232808588 ], [ -70.817731603062512, -33.245579767194506 ], [ -70.817732625768613, -33.245580316618266 ], [ -70.817733636941128, -33.245580880913451 ], [ -70.817734636273798, -33.24558145990914 ], [ -70.817735623463989, -33.245582053430006 ], [ -70.817736598212704, -33.245582661296297 ], [ -70.817737560224728, -33.245583283323896 ], [ -70.817738509208709, -33.245583919324424 ], [ -70.817739444877219, -33.245584569105269 ], [ -70.817740366946921, -33.245585232469601 ], [ -70.817741275138516, -33.245585909216572 ], [ -70.817742169176967, -33.245586599141177 ], [ -70.817743048791499, -33.245587302034473 ], [ -70.817743913715702, -33.245588017683595 ], [ -70.817744763687642, -33.245588745871785 ], [ -70.817745598449875, -33.245589486378513 ], [ -70.817746417749603, -33.245590238979489 ], [ -70.817747221338678, -33.245591003446798 ], [ -70.817748008973723, -33.245591779548924 ], [ -70.81774878041621, -33.245592567050785 ], [ -70.817749535432483, -33.245593365713908 ], [ -70.817750273793877, -33.245594175296382 ], [ -70.817750995276768, -33.245594995553027 ], [ -70.817751699662651, -33.245595826235416 ], [ -70.817752386738206, -33.245596667091981 ], [ -70.817753056295331, -33.245597517868049 ], [ -70.817753708131249, -33.245598378305949 ], [ -70.817754342048531, -33.245599248145091 ], [ -70.8177549578552, -33.245600127122025 ], [ -70.817755555364727, -33.245601014970553 ], [ -70.817756134396205, -33.245601911421787 ], [ -70.817756694774204, -33.245602816204233 ], [ -70.817757236329044, -33.245603729043836 ], [ -70.81775775889669, -33.245604649664145 ], [ -70.81775826231889, -33.245605577786364 ], [ -70.817758746443175, -33.245606513129367 ], [ -70.817759211122905, -33.245607455409875 ], [ -70.817759656217376, -33.245608404342534 ], [ -70.817760081591757, -33.245609359639936 ], [ -70.817760487117226, -33.245610321012769 ], [ -70.817760872670974, -33.24561128816984 ], [ -70.8177612381362, -33.245612260818262 ], [ -70.817761583402273, -33.245613238663445 ], [ -70.817761908364574, -33.245614221409248 ], [ -70.817762212924706, -33.245615208758032 ], [ -70.817762496990426, -33.245616200410751 ], [ -70.817762760475702, -33.24561719606708 ], [ -70.81776300330074, -33.245618195425507 ], [ -70.817763225391971, -33.245619198183299 ], [ -70.817763426682163, -33.245620204036818 ], [ -70.817763607110322, -33.245621212681385 ], [ -70.817763766621852, -33.245622223811566 ], [ -70.817763905168377, -33.245623237121087 ], [ -70.817764022707976, -33.245624252303081 ], [ -70.817764119205052, -33.24562526905008 ], [ -70.817764194630371, -33.245626287054144 ], [ -70.817764248961069, -33.245627306006966 ], [ -70.817764282180718, -33.245628325599952 ], [ -70.817764294279257, -33.245629345524293 ], [ -70.817764285252991, -33.245630365471094 ], [ -70.817764255104692, -33.245631385131468 ], [ -70.817764203843467, -33.245632404196577 ], [ -70.817764131484836, -33.245633422357791 ], [ -70.817764038050726, -33.24563443930677 ], [ -70.81776392356943, -33.245635454735485 ], [ -70.817763788075624, -33.245636468336414 ], [ -70.817763631610333, -33.245637479802596 ], [ -70.817763454220952, -33.245638488827673 ], [ -70.817763255961182, -33.245639495106055 ], [ -70.817763036891108, -33.245640498332996 ], [ -70.817762797077037, -33.245641498204627 ], [ -70.817762536591644, -33.245642494418142 ], [ -70.817762255513784, -33.245643486671817 ], [ -70.817761953928567, -33.245644474665156 ], [ -70.817761631927382, -33.245645458098913 ], [ -70.817761289607731, -33.245646436675258 ], [ -70.817760927073266, -33.245647410097803 ], [ -70.81776054443381, -33.245648378071742 ], [ -70.817760141805238, -33.245649340303935 ], [ -70.817759719309493, -33.245650296502923 ], [ -70.817759277074529, -33.245651246379119 ], [ -70.817758815234285, -33.245652189644865 ], [ -70.817758333928651, -33.245653126014446 ], [ -70.817757833303347, -33.245654055204298 ], [ -70.817757313510043, -33.245654976933004 ], [ -70.81775677470614, -33.245655890921377 ], [ -70.817756217054836, -33.245656796892639 ], [ -70.817755640724997, -33.245657694572401 ], [ -70.81775504589119, -33.245658583688765 ], [ -70.817754432733551, -33.245659463972487 ], [ -70.817753801437817, -33.245660335156941 ], [ -70.817753152195138, -33.24566119697829 ], [ -70.817752485202163, -33.245662049175493 ], [ -70.817751800660915, -33.24566289149049 ], [ -70.817751098778686, -33.245663723668152 ], [ -70.817750379768071, -33.245664545456449 ], [ -70.817749643846824, -33.245665356606487 ], [ -70.817748891237812, -33.245666156872623 ], [ -70.817748122168993, -33.245666946012456 ], [ -70.817747336873296, -33.245667723787015 ], [ -70.817746535588512, -33.245668489960707 ], [ -70.817745718557376, -33.245669244301517 ], [ -70.817744886027285, -33.245669986580964 ], [ -70.816788538331124, -33.246508102797954 ], [ -70.816400775170123, -33.246367281560019 ] ] ] ] } },
{ "type": "Feature", "properties": { "fid": "141", "Area": 10887.605 }, "geometry": { "type": "MultiPolygon", "coordinates": [ [ [ [ -70.813551341787104, -33.244235246100182 ], [ -70.813569098258185, -33.244219944371594 ], [ -70.813587162650919, -33.244204899280447 ], [ -70.813605529712689, -33.24419011520127 ], [ -70.813624194102871, -33.24417559643274 ], [ -70.813643150394412, -33.244161347196382 ], [ -70.813662393075361, -33.244147371635322 ], [ -70.813681916550536, -33.244133673813117 ], [ -70.813701715143111, -33.244120257712609 ], [ -70.814043969004715, -33.243892354583082 ], [ -70.814055389262208, -33.24388488240097 ], [ -70.814066959676637, -33.24387757514814 ], [ -70.814078676874985, -33.243870434954779 ], [ -70.814090537441473, -33.243863463902365 ], [ -70.814102537918529, -33.243856664023056 ], [ -70.814114674807797, -33.243850037299133 ], [ -70.814126944571143, -33.24384358566239 ], [ -70.814139343631709, -33.243837310993555 ], [ -70.814151868374964, -33.243831215121823 ], [ -70.814164515149713, -33.243825299824188 ], [ -70.814177280269192, -33.243819566825081 ], [ -70.81419016001216, -33.243814017795742 ], [ -70.814203150623982, -33.243808654353806 ], [ -70.814216248317635, -33.24380347806278 ], [ -70.814229449274947, -33.243798490431651 ], [ -70.814242749647633, -33.243793692914359 ], [ -70.814256145558389, -33.243789086909459 ], [ -70.8142696331021, -33.24378467375967 ], [ -70.81428320834695, -33.243780454751487 ], [ -70.814296867335528, -33.243776431114796 ], [ -70.814310606086039, -33.243772604022574 ], [ -70.814324420593394, -33.243768974590452 ], [ -70.814338306830479, -33.243765543876457 ], [ -70.814352260749232, -33.243762312880705 ], [ -70.814366278281895, -33.243759282545042 ], [ -70.814380355342109, -33.243756453752901 ], [ -70.814394487826235, -33.243753827328874 ], [ -70.814408671614416, -33.243751404038626 ], [ -70.814422902571906, -33.243749184588552 ], [ -70.814437176550129, -33.243747169625657 ], [ -70.814451489388048, -33.243745359737339 ], [ -70.814465836913243, -33.243743755451192 ], [ -70.814480214943202, -33.243742357234893 ], [ -70.814494619286521, -33.243741165496033 ], [ -70.814509045744146, -33.243740180582009 ], [ -70.814523490110545, -33.243739402779966 ], [ -70.814537948174959, -33.243738832316623 ], [ -70.814552415722702, -33.243738469358249 ], [ -70.814566888536234, -33.243738314010699 ], [ -70.814581362396538, -33.243738366319199 ], [ -70.814595833084283, -33.243738626268538 ], [ -70.814610296381076, -33.243739093782928 ], [ -70.814624748070628, -33.243739768726059 ], [ -70.814827388009263, -33.24375069140482 ], [ -70.815074368857424, -33.244938771132396 ], [ -70.814942981499158, -33.244896400153429 ], [ -70.814812457561516, -33.244852185236226 ], [ -70.81468283369469, -33.244806138796093 ], [ -70.814554146295905, -33.244758273762621 ], [ -70.814426431499299, -33.244708603576079 ], [ -70.814299725165739, -33.244657142183513 ], [ -70.814174062872723, -33.244603904035046 ], [ -70.814049479904412, -33.244548904079601 ], [ -70.813926011241676, -33.244492157760824 ], [ -70.813803691552351, -33.244433681012715 ], [ -70.813682555181401, -33.244373490255171 ], [ -70.813562636141356, -33.244311602389303 ], [ -70.813561769929379, -33.244311137976439 ], [ -70.813560913470539, -33.244310660962412 ], [ -70.813560067024412, -33.244310171491797 ], [ -70.813559230847574, -33.244309669712983 ], [ -70.813558405193461, -33.244309155778041 ], [ -70.813557590312342, -33.244308629842763 ], [ -70.813556786451201, -33.244308092066532 ], [ -70.813555993853711, -33.244307542612376 ], [ -70.813555212760079, -33.24430698164683 ], [ -70.813554443407099, -33.24430640933992 ], [ -70.81355368602793, -33.24430582586514 ], [ -70.813552940852148, -33.244305231399316 ], [ -70.813552208105634, -33.244304626122627 ], [ -70.813551488010461, -33.244304010218563 ], [ -70.813550780784922, -33.244303383873792 ], [ -70.813550086643346, -33.244302747278148 ], [ -70.813549405796152, -33.244302100624616 ], [ -70.813548738449711, -33.244301444109176 ], [ -70.813548084806285, -33.244300777930846 ], [ -70.813547445064017, -33.244300102291525 ], [ -70.813546819416786, -33.244299417396014 ], [ -70.813546208054234, -33.244298723451898 ], [ -70.813545611161686, -33.244298020669525 ], [ -70.813545028920061, -33.244297309261896 ], [ -70.813544461505813, -33.244296589444637 ], [ -70.813543909090953, -33.244295861435965 ], [ -70.813543371842925, -33.244295125456517 ], [ -70.813542849924531, -33.244294381729382 ], [ -70.813542343494007, -33.244293630479966 ], [ -70.813541852704844, -33.24429287193599 ], [ -70.813541377705789, -33.244292106327386 ], [ -70.813540918640825, -33.244291333886181 ], [ -70.813540475649106, -33.244290554846543 ], [ -70.813540048864866, -33.244289769444556 ], [ -70.813539638417524, -33.244288977918323 ], [ -70.813539244431453, -33.244288180507738 ], [ -70.813538867026054, -33.244287377454498 ], [ -70.813538506315766, -33.244286569002028 ], [ -70.813538162409884, -33.24428575539536 ], [ -70.813537835412646, -33.244284936881101 ], [ -70.8135375254232, -33.244284113707351 ], [ -70.813537232535467, -33.244283286123618 ], [ -70.813536956838263, -33.244282454380738 ], [ -70.813536698415092, -33.244281618730824 ], [ -70.813536457344341, -33.244280779427172 ], [ -70.813536233699068, -33.244279936724155 ], [ -70.81353602754703, -33.244279090877221 ], [ -70.813535838950742, -33.244278242142755 ], [ -70.813535667967358, -33.244277390777981 ], [ -70.813535514648692, -33.244276537040967 ], [ -70.813535379041241, -33.244275681190501 ], [ -70.813535261186075, -33.244274823485988 ], [ -70.813535161118935, -33.244273964187371 ], [ -70.81353507887016, -33.244273103555152 ], [ -70.813535014464662, -33.244272241850176 ], [ -70.813534967921981, -33.244271379333611 ], [ -70.813534939256201, -33.244270516266909 ], [ -70.813534928476017, -33.244269652911662 ], [ -70.813534935584684, -33.244268789529563 ], [ -70.8135349605801, -33.2442679263823 ], [ -70.813535003454618, -33.244267063731499 ], [ -70.813535064195307, -33.244266201838627 ], [ -70.813535142783692, -33.244265340964937 ], [ -70.813535239196, -33.244264481371353 ], [ -70.813535353402983, -33.244263623318446 ], [ -70.813535485370039, -33.24426276706626 ], [ -70.813535635057164, -33.244261912874357 ], [ -70.813535802418983, -33.244261061001616 ], [ -70.813535987404762, -33.244260211706276 ], [ -70.813536189958441, -33.244259365245739 ], [ -70.813536410018614, -33.244258521876588 ], [ -70.813536647518589, -33.244257681854442 ], [ -70.813536902386375, -33.244256845433917 ], [ -70.81353717454472, -33.244256012868519 ], [ -70.813537463911132, -33.24425518441064 ], [ -70.813537770397886, -33.244254360311345 ], [ -70.813538093912115, -33.244253540820452 ], [ -70.813538434355749, -33.244252726186353 ], [ -70.813538791625589, -33.244251916655941 ], [ -70.813539165613335, -33.244251112474615 ], [ -70.813539556205654, -33.244250313886106 ], [ -70.813539963284143, -33.244249521132474 ], [ -70.813540386725421, -33.244248734454018 ], [ -70.813540826401137, -33.244247954089168 ], [ -70.813541282178008, -33.244247180274463 ], [ -70.813541753917903, -33.244246413244454 ], [ -70.813542241477847, -33.24424565323163 ], [ -70.813542744710048, -33.244244900466349 ], [ -70.813543263461952, -33.244244155176759 ], [ -70.81354379757633, -33.244243417588791 ], [ -70.813544346891319, -33.244242687925997 ], [ -70.813544911240399, -33.24424196640954 ], [ -70.813545490452512, -33.244241253258117 ], [ -70.813546084352097, -33.244240548687877 ], [ -70.813546692759147, -33.244239852912408 ], [ -70.813547315489231, -33.244239166142577 ], [ -70.813547952353616, -33.244238488586539 ], [ -70.813548603159276, -33.244237820449676 ], [ -70.813549267708922, -33.244237161934514 ], [ -70.813549945801142, -33.244236513240629 ], [ -70.813550637230392, -33.244235874564666 ], [ -70.813551341787118, -33.244235246100189 ], [ -70.813551341787104, -33.244235246100182 ] ] ] ] } },
{ "type": "Feature", "properties": { "fid": "142", "Area": 12822.295 }, "geometry": { "type": "MultiPolygon", "coordinates": [ [ [ [ -70.815074368857438, -33.244938771132404 ], [ -70.814827388009249, -33.243750691404813 ], [ -70.815235609939933, -33.243772694330531 ], [ -70.81536697859957, -33.243780532112822 ], [ -70.815498207615875, -33.243789876848687 ], [ -70.815629272509995, -33.243800726794774 ], [ -70.815760148833604, -33.243813079926937 ], [ -70.81576106876598, -33.243813178890022 ], [ -70.815761986525203, -33.243813291199892 ], [ -70.815762901837047, -33.243813416822974 ], [ -70.815763814428024, -33.243813555721758 ], [ -70.815764724025428, -33.243813707854713 ], [ -70.81576563035749, -33.2438138731764 ], [ -70.815766533153393, -33.243814051637415 ], [ -70.815767432143389, -33.243814243184431 ], [ -70.815768327058848, -33.243814447760251 ], [ -70.815769217632393, -33.243814665303667 ], [ -70.815770103597913, -33.243814895749765 ], [ -70.815770984690644, -33.243815139029621 ], [ -70.815771860647374, -33.243815395070577 ], [ -70.815772731206351, -33.243815663796134 ], [ -70.815773596107434, -33.243815945125981 ], [ -70.815774455092196, -33.243816238976052 ], [ -70.815775307904005, -33.243816545258568 ], [ -70.815776154287988, -33.243816863882003 ], [ -70.815776993991292, -33.243817194751131 ], [ -70.815777826763011, -33.243817537767114 ], [ -70.815778652354282, -33.243817892827444 ], [ -70.81577947051845, -33.243818259826043 ], [ -70.81578028101103, -33.243818638653245 ], [ -70.81578108358984, -33.243819029195841 ], [ -70.815781878015116, -33.243819431337165 ], [ -70.815782664049436, -33.243819844957052 ], [ -70.815783441457953, -33.243820269931916 ], [ -70.815784210008374, -33.243820706134748 ], [ -70.815784969471054, -33.243821153435235 ], [ -70.815785719619072, -33.24382161169973 ], [ -70.815786460228281, -33.243822080791269 ], [ -70.815787191077405, -33.243822560569733 ], [ -70.81578791194805, -33.243823050891734 ], [ -70.815788622624808, -33.243823551610774 ], [ -70.815789322895355, -33.243824062577232 ], [ -70.815790012550437, -33.243824583638435 ], [ -70.815790691383981, -33.243825114638717 ], [ -70.81579135919317, -33.243825655419357 ], [ -70.815792015778456, -33.243826205818841 ], [ -70.815792660943629, -33.243826765672651 ], [ -70.815793294495947, -33.243827334813524 ], [ -70.815793916246093, -33.243827913071414 ], [ -70.815794526008276, -33.24382850027353 ], [ -70.815795123600324, -33.243829096244411 ], [ -70.815795708843652, -33.243829700805989 ], [ -70.815796281563408, -33.243830313777615 ], [ -70.815796841588465, -33.243830934976124 ], [ -70.815797388751463, -33.243831564215931 ], [ -70.815797922888919, -33.243832201309004 ], [ -70.81579844384126, -33.243832846064983 ], [ -70.815798951452805, -33.243833498291202 ], [ -70.815799445571869, -33.24383415779279 ], [ -70.815799926050843, -33.243834824372684 ], [ -70.815800392746112, -33.243835497831711 ], [ -70.815800845518268, -33.243836177968653 ], [ -70.815801284232009, -33.243836864580267 ], [ -70.81580170875624, -33.243837557461397 ], [ -70.815802118964115, -33.243838256405034 ], [ -70.815802514733079, -33.2438389612023 ], [ -70.81580289594487, -33.243839671642625 ], [ -70.815803262485574, -33.243840387513728 ], [ -70.815803614245667, -33.2438411086017 ], [ -70.81580395112006, -33.243841834691104 ], [ -70.815804273008084, -33.243842565564933 ], [ -70.815804579813559, -33.243843301004858 ], [ -70.815804871444797, -33.243844040791096 ], [ -70.815805147814686, -33.24384478470261 ], [ -70.815805408840632, -33.243845532517128 ], [ -70.815805654444645, -33.243846284011198 ], [ -70.815805884553328, -33.243847038960268 ], [ -70.815806099097927, -33.243847797138763 ], [ -70.815806298014351, -33.243848558320138 ], [ -70.815806481243158, -33.243849322276965 ], [ -70.815806648729577, -33.243850088780974 ], [ -70.816062616831559, -33.245081334100149 ], [ -70.816062872883606, -33.24508263127403 ], [ -70.816063102414276, -33.245083931948095 ], [ -70.816063305356025, -33.245085235739502 ], [ -70.816063481649124, -33.245086542264502 ], [ -70.816063631241647, -33.24508785113855 ], [ -70.816063754089612, -33.245089161976395 ], [ -70.816063850156809, -33.245090474392207 ], [ -70.816063919415001, -33.245091787999712 ], [ -70.816063961843795, -33.245093102412305 ], [ -70.816063977430687, -33.245094417243074 ], [ -70.8160639661711, -33.245095732105028 ], [ -70.816063928068345, -33.245097046611171 ], [ -70.816063863133621, -33.245098360374598 ], [ -70.816063771386069, -33.245099673008639 ], [ -70.816063652852662, -33.245100984126928 ], [ -70.816063507568316, -33.245102293343578 ], [ -70.816063335575762, -33.245103600273232 ], [ -70.816063136925635, -33.245104904531225 ], [ -70.816062911676411, -33.24510620573367 ], [ -70.816062659894357, -33.2451075034976 ], [ -70.816062381653623, -33.24510879744102 ], [ -70.816062077036065, -33.245110087183079 ], [ -70.816061746131354, -33.245111372344205 ], [ -70.816061389036889, -33.245112652546084 ], [ -70.81606100585779, -33.245113927411929 ], [ -70.816060596706791, -33.245115196566523 ], [ -70.816060161704371, -33.2451164596363 ], [ -70.816059700978499, -33.24511771624951 ], [ -70.816059214664847, -33.245118966036294 ], [ -70.816058702906517, -33.245120208628784 ], [ -70.816058165854116, -33.24512144366124 ], [ -70.816057603665755, -33.245122670770186 ], [ -70.816057016506875, -33.245123889594417 ], [ -70.816056404550324, -33.245125099775208 ], [ -70.816055767976181, -33.245126300956365 ], [ -70.816055106971831, -33.245127492784327 ], [ -70.81605442173182, -33.245128674908308 ], [ -70.816053712457844, -33.245129846980397 ], [ -70.816052979358659, -33.245131008655591 ], [ -70.816052222650029, -33.245132159591961 ], [ -70.816051442554681, -33.245133299450778 ], [ -70.816050639302233, -33.245134427896531 ], [ -70.816049813129098, -33.245135544597083 ], [ -70.816048964278437, -33.245136649223753 ], [ -70.816048093000106, -33.24513774145143 ], [ -70.816047199550539, -33.245138820958616 ], [ -70.816046284192694, -33.245139887427591 ], [ -70.816045347196024, -33.245140940544452 ], [ -70.816044388836289, -33.245141979999246 ], [ -70.816043392698688, -33.245143022658802 ], [ -70.81604237506626, -33.245144050557926 ], [ -70.816041336248702, -33.245145063383795 ], [ -70.816040276562177, -33.245146060828141 ], [ -70.816039196329186, -33.245147042587405 ], [ -70.816038095878483, -33.245148008362804 ], [ -70.816036975545003, -33.245148957860415 ], [ -70.816035835669695, -33.245149890791232 ], [ -70.816034676599457, -33.245150806871365 ], [ -70.816033498687077, -33.245151705821989 ], [ -70.816032302291021, -33.245152587369518 ], [ -70.816031087775414, -33.24515345124567 ], [ -70.816029855509868, -33.245154297187533 ], [ -70.81602860586942, -33.245155124937625 ], [ -70.816027339234395, -33.24515593424406 ], [ -70.816026055990292, -33.245156724860493 ], [ -70.816024756527625, -33.245157496546327 ], [ -70.81602344124191, -33.245158249066712 ], [ -70.816022110533424, -33.245158982192628 ], [ -70.816020764807178, -33.245159695700913 ], [ -70.816019404472712, -33.245160389374469 ], [ -70.816018029944033, -33.245161063002136 ], [ -70.816016641639479, -33.245161716378952 ], [ -70.816015239981581, -33.245162349306014 ], [ -70.816013825396894, -33.245162961590701 ], [ -70.816012398315962, -33.245163553046709 ], [ -70.816010959173099, -33.245164123494 ], [ -70.816009508406296, -33.24516467275896 ], [ -70.816008046457085, -33.245165200674442 ], [ -70.816006573770395, -33.245165707079771 ], [ -70.816005090794434, -33.245166191820836 ], [ -70.816003597980526, -33.245166654750086 ], [ -70.816002095783006, -33.24516709572665 ], [ -70.816000584659065, -33.245167514616313 ], [ -70.815999065068581, -33.245167911291588 ], [ -70.815997537474033, -33.24516828563177 ], [ -70.815996002340356, -33.245168637522887 ], [ -70.815994460134732, -33.245168966857896 ], [ -70.815992911326546, -33.245169273536511 ], [ -70.815991356387144, -33.245169557465445 ], [ -70.815989795789775, -33.245169818558267 ], [ -70.815988230009381, -33.245170056735518 ], [ -70.815986659522508, -33.2451702719247 ], [ -70.815985084807124, -33.245170464060323 ], [ -70.815983506342477, -33.245170633083923 ], [ -70.815981924608963, -33.245170778944058 ], [ -70.815980340087961, -33.245170901596346 ], [ -70.815978753261732, -33.24517100100342 ], [ -70.815977164613187, -33.245171077135055 ], [ -70.815975574625838, -33.245171129968085 ], [ -70.815973983783593, -33.245171159486425 ], [ -70.8159723925706, -33.245171165681079 ], [ -70.815970801471138, -33.245171148550178 ], [ -70.815969210969442, -33.245171108098916 ], [ -70.815967621549575, -33.245171044339628 ], [ -70.815966033695261, -33.245170957291712 ], [ -70.815964447889755, -33.245170846981651 ], [ -70.815962864615699, -33.245170713443024 ], [ -70.815961284354927, -33.245170556716467 ], [ -70.815959707588391, -33.245170376849686 ], [ -70.815958134795991, -33.245170173897407 ], [ -70.81595656645635, -33.245169947921433 ], [ -70.81595500304681, -33.24516969899048 ], [ -70.815953445043178, -33.245169427180372 ], [ -70.815951892919642, -33.245169132573785 ], [ -70.815950347148529, -33.245168815260399 ], [ -70.81582346169246, -33.245140867379497 ], [ -70.815697107656547, -33.245111268439217 ], [ -70.815571315468517, -33.245080025567233 ], [ -70.815446115420684, -33.245047146287064 ], [ -70.815321537662641, -33.245012638516343 ], [ -70.815197612194055, -33.244976510564797 ], [ -70.815074368857438, -33.244938771132389 ], [ -70.815074368857438, -33.244938771132404 ] ] ] ] } },
{ "type": "Feature", "properties": { "fid": "143", "Area": 16756.667 }, "geometry": { "type": "MultiPolygon", "coordinates": [ [ [ [ -70.818989262257986, -33.24323613195039 ], [ -70.819009834961548, -33.243226937309664 ], [ -70.819030585965365, -33.243218030074729 ], [ -70.819051509583531, -33.243209412686184 ], [ -70.819072600082876, -33.243201087505213 ], [ -70.819093851684471, -33.243193056812935 ], [ -70.819115258565319, -33.243185322809765 ], [ -70.819136814859775, -33.243177887614848 ], [ -70.819158514661368, -33.243170753265424 ], [ -70.819180352024233, -33.243163921716338 ], [ -70.819219814226955, -33.243290425362119 ], [ -70.819694593602364, -33.243627853591349 ], [ -70.819694161273745, -33.243634544754244 ], [ -70.819693591560679, -33.243641228649615 ], [ -70.819692884632886, -33.243647903285897 ], [ -70.819692040700986, -33.243654566674238 ], [ -70.819691060016396, -33.243661216829189 ], [ -70.819689942871321, -33.243667851769189 ], [ -70.819688689598578, -33.243674469517252 ], [ -70.819687300571587, -33.243681068101502 ], [ -70.819685776204196, -33.24368764555576 ], [ -70.819684116950597, -33.243694199920185 ], [ -70.819682323305145, -33.243700729241738 ], [ -70.81968039580228, -33.243707231574902 ], [ -70.819678335016292, -33.243713704982206 ], [ -70.819676141561217, -33.243720147534759 ], [ -70.819673816090599, -33.24372655731289 ], [ -70.819671359297317, -33.243732932406679 ], [ -70.819668771913413, -33.243739270916556 ], [ -70.819666054709785, -33.243745570953848 ], [ -70.819663208496067, -33.243751830641308 ], [ -70.81966023412032, -33.24375804811379 ], [ -70.819657132468777, -33.243764221518639 ], [ -70.819653904465625, -33.243770349016408 ], [ -70.819650551072655, -33.24377642878126 ], [ -70.819647073289048, -33.243782459001622 ], [ -70.819643472151085, -33.243788437880667 ], [ -70.819639748731731, -33.243794363636901 ], [ -70.819635904140455, -33.24380023450459 ], [ -70.819631939522793, -33.24380604873442 ], [ -70.819627856060038, -33.243811804593932 ], [ -70.81962365496895, -33.243817500368031 ], [ -70.819619337501265, -33.243823134359566 ], [ -70.819614904943464, -33.243828704889779 ], [ -70.819610358616274, -33.243834210298829 ], [ -70.819605699874359, -33.243839648946242 ], [ -70.81960093010585, -33.243845019211477 ], [ -70.819596050731974, -33.243850319494364 ], [ -70.819591063206616, -33.243855548215578 ], [ -70.81958596901589, -33.243860703817099 ], [ -70.818611821016205, -33.244828509397912 ], [ -70.818391863799746, -33.244310888588551 ], [ -70.818391544705932, -33.244310157679195 ], [ -70.81839121063993, -33.244309431508711 ], [ -70.81839086170136, -33.244308710293573 ], [ -70.818390497994258, -33.244307994248885 ], [ -70.818390119627097, -33.244307283588149 ], [ -70.818389726712681, -33.244306578523265 ], [ -70.81838931936818, -33.244305879264452 ], [ -70.818388897715039, -33.244305186020249 ], [ -70.81838846187901, -33.244304498997337 ], [ -70.818388011990052, -33.244303818400624 ], [ -70.818387548182301, -33.24430314443299 ], [ -70.818387070594071, -33.244302477295449 ], [ -70.818386579367754, -33.244301817186916 ], [ -70.818386074649837, -33.244301164304218 ], [ -70.818385556590826, -33.244300518842024 ], [ -70.818385025345179, -33.244299880992827 ], [ -70.818384481071305, -33.244299250946803 ], [ -70.818383923931506, -33.244298628891819 ], [ -70.818383354091935, -33.244298015013392 ], [ -70.818382771722455, -33.244297409494521 ], [ -70.818382176996778, -33.244296812515799 ], [ -70.818381570092185, -33.244296224255216 ], [ -70.818380951189695, -33.244295644888176 ], [ -70.818380320473793, -33.244295074587455 ], [ -70.818379678132629, -33.244294513523108 ], [ -70.818379024357668, -33.244293961862418 ], [ -70.818378359343896, -33.244293419769889 ], [ -70.818377683289583, -33.244292887407163 ], [ -70.818376996396339, -33.244292364932981 ], [ -70.818376298868969, -33.244291852503139 ], [ -70.818375590915451, -33.244291350270423 ], [ -70.818374872746915, -33.244290858384609 ], [ -70.818374144577504, -33.244290376992367 ], [ -70.818373406624318, -33.244289906237199 ], [ -70.818372659107425, -33.244289446259522 ], [ -70.818371902249709, -33.244288997196477 ], [ -70.818371136276866, -33.244288559181989 ], [ -70.81837036141728, -33.244288132346647 ], [ -70.818369577902018, -33.244287716817702 ], [ -70.818368785964694, -33.244287312719095 ], [ -70.818367985841462, -33.244286920171319 ], [ -70.818367177770895, -33.24428653929138 ], [ -70.818366361993952, -33.2442861701929 ], [ -70.818365538753881, -33.244285812985929 ], [ -70.818364708296173, -33.244285467776969 ], [ -70.818363870868424, -33.244285134668964 ], [ -70.818363026720377, -33.244284813761219 ], [ -70.818362176103719, -33.244284505149444 ], [ -70.818361319272086, -33.24428420892567 ], [ -70.818360456480988, -33.244283925178202 ], [ -70.818359587987672, -33.244283653991651 ], [ -70.818358714051129, -33.244283395446899 ], [ -70.818357834931959, -33.244283149621033 ], [ -70.818356950892266, -33.244282916587338 ], [ -70.818356062195676, -33.244282696415318 ], [ -70.818355169107178, -33.244282489170622 ], [ -70.818354271893085, -33.244282294915045 ], [ -70.81835337082093, -33.244282113706511 ], [ -70.818352466159396, -33.244281945599042 ], [ -70.818351558178222, -33.244281790642788 ], [ -70.818350647148151, -33.244281648883934 ], [ -70.818349733340852, -33.244281520364758 ], [ -70.81834881702882, -33.244281405123566 ], [ -70.818347898485243, -33.244281303194754 ], [ -70.818346977984049, -33.244281214608691 ], [ -70.818346055799694, -33.244281139391795 ], [ -70.81834513220717, -33.244281077566498 ], [ -70.8183442074819, -33.244281029151246 ], [ -70.81789099435413, -33.244258799879304 ], [ -70.81788912572317, -33.244258694466488 ], [ -70.81788725956622, -33.244258561666264 ], [ -70.817885396451729, -33.244258401519104 ], [ -70.817883536947193, -33.244258214073788 ], [ -70.817881681619056, -33.244257999387429 ], [ -70.817879831032471, -33.244257757525375 ], [ -70.817877985751124, -33.244257488561345 ], [ -70.817876146337142, -33.244257192577251 ], [ -70.817874313350799, -33.244256869663253 ], [ -70.817872487350471, -33.24425651991772 ], [ -70.817870668892354, -33.244256143447181 ], [ -70.817868858530389, -33.24425574036632 ], [ -70.817867056815999, -33.244255310797897 ], [ -70.817865264298035, -33.2442548548728 ], [ -70.817863481522508, -33.244254372729877 ], [ -70.817861709032471, -33.244253864516018 ], [ -70.81785994736785, -33.244253330386016 ], [ -70.817858197065249, -33.24425277050257 ], [ -70.817856458657829, -33.244252185036245 ], [ -70.817854732675158, -33.244251574165347 ], [ -70.817853019642939, -33.244250938075986 ], [ -70.817851320083037, -33.244250276961914 ], [ -70.817849634513109, -33.244249591024499 ], [ -70.81784796344661, -33.244248880472703 ], [ -70.817846307392571, -33.244248145522953 ], [ -70.81784466685545, -33.244247386399124 ], [ -70.817843042334943, -33.244246603332471 ], [ -70.817841434325928, -33.244245796561501 ], [ -70.817839843318211, -33.244244966331983 ], [ -70.817838269796411, -33.244244112896794 ], [ -70.817836714239846, -33.244243236515906 ], [ -70.81783517712239, -33.244242337456285 ], [ -70.817833658912221, -33.244241415991794 ], [ -70.817832160071802, -33.244240472403099 ], [ -70.817830681057742, -33.244239506977657 ], [ -70.817829222320512, -33.244238520009517 ], [ -70.817827784304455, -33.244237511799348 ], [ -70.817826367447651, -33.244236482654237 ], [ -70.817824972181654, -33.24423543288767 ], [ -70.817823598931497, -33.244234362819455 ], [ -70.817822248115462, -33.244233272775496 ], [ -70.817820920145039, -33.244232163087865 ], [ -70.817819615424739, -33.244231034094575 ], [ -70.817818334351983, -33.24422988613955 ], [ -70.817817077317002, -33.244228719572419 ], [ -70.817815844702693, -33.244227534748568 ], [ -70.817814636884549, -33.244226332028909 ], [ -70.81781345423046, -33.244225111779784 ], [ -70.817812297100687, -33.244223874372899 ], [ -70.817811165847672, -33.244222620185184 ], [ -70.817810060816043, -33.244221349598682 ], [ -70.817808982342385, -33.244220063000412 ], [ -70.817807930755222, -33.244218760782303 ], [ -70.817806906374855, -33.244217443341007 ], [ -70.817805909513339, -33.244216111077833 ], [ -70.817804940474318, -33.244214764398635 ], [ -70.817803999552979, -33.244213403713559 ], [ -70.817803087035927, -33.244212029437151 ], [ -70.817802203201111, -33.244210641987991 ], [ -70.817801348317786, -33.244209241788717 ], [ -70.817800522646337, -33.244207829265854 ], [ -70.817799726438267, -33.244206404849656 ], [ -70.817798959936113, -33.244204968974032 ], [ -70.817798223373359, -33.244203522076326 ], [ -70.81779751697438, -33.244202064597339 ], [ -70.81779684095433, -33.244200596980974 ], [ -70.817796195519122, -33.244199119674327 ], [ -70.817795580865393, -33.244197633127371 ], [ -70.817794997180357, -33.244196137792947 ], [ -70.817794444641791, -33.244194634126529 ], [ -70.817793923418037, -33.24419312258614 ], [ -70.817793433667831, -33.244191603632231 ], [ -70.817792975540357, -33.244190077727495 ], [ -70.817792549175181, -33.244188545336733 ], [ -70.81779215470219, -33.244187006926708 ], [ -70.817791792241493, -33.244185462966044 ], [ -70.817791461903553, -33.244183913925063 ], [ -70.817791163788939, -33.244182360275609 ], [ -70.817790897988488, -33.244180802490924 ], [ -70.817790664583185, -33.244179241045536 ], [ -70.817790463644087, -33.244177676415084 ], [ -70.817790295232399, -33.244176109076164 ], [ -70.817790159399451, -33.244174539506204 ], [ -70.817790056186595, -33.244172968183307 ], [ -70.817789985625282, -33.2441713955861 ], [ -70.817789947736998, -33.244169822193655 ], [ -70.817789942533267, -33.244168248485188 ], [ -70.817789970015696, -33.244166674940097 ], [ -70.8177900301759, -33.244165102037698 ], [ -70.817790122995561, -33.244163530257104 ], [ -70.817817436688003, -33.243770353880706 ], [ -70.818140900127716, -33.243622892322698 ], [ -70.818989262257986, -33.24323613195039 ] ] ] ] } },
{ "type": "Feature", "properties": { "fid": "144", "Area": 18765.289 }, "geometry": { "type": "MultiPolygon", "coordinates": [ [ [ [ -70.817949732813219, -33.243499745909894 ], [ -70.817648805459115, -33.243636933264391 ], [ -70.817627352050849, -33.243646512748462 ], [ -70.81760570482416, -33.243655779255796 ], [ -70.817583870244931, -33.243664730018523 ], [ -70.817561854835077, -33.243673362363062 ], [ -70.817539665170472, -33.243681673710945 ], [ -70.817517307879058, -33.24368966157958 ], [ -70.817494789638886, -33.243697323582978 ], [ -70.817472117176038, -33.243704657432552 ], [ -70.817449297262712, -33.24371166093767 ], [ -70.817426336715144, -33.24371833200636 ], [ -70.817403242391549, -33.243724668646031 ], [ -70.817380021190161, -33.24373066896387 ], [ -70.81735668004707, -33.243736331167639 ], [ -70.817333225934206, -33.243741653565998 ], [ -70.81730966585728, -33.243746634569177 ], [ -70.817286006853621, -33.243751272689323 ], [ -70.817262255990116, -33.243755566541026 ], [ -70.817238420361122, -33.243759514841749 ], [ -70.817214507086263, -33.243763116412083 ], [ -70.81719052330844, -33.243766370176246 ], [ -70.817166476191545, -33.24376927516235 ], [ -70.817142372918397, -33.243771830502645 ], [ -70.81711822068867, -33.243774035433894 ], [ -70.817094026716546, -33.243775889297417 ], [ -70.817069798228772, -33.243777391539489 ], [ -70.817045542462353, -33.243778541711372 ], [ -70.817021266662479, -33.243779339469498 ], [ -70.816996978080297, -33.243779784575572 ], [ -70.816972683970775, -33.243779876896639 ], [ -70.816948391590557, -33.243779616405106 ], [ -70.816924108195749, -33.243779003178773 ], [ -70.816899841039785, -33.243778037400801 ], [ -70.816875597371236, -33.243776719359651 ], [ -70.816851384431658, -33.243775049449013 ], [ -70.816827209453436, -33.243773028167681 ], [ -70.816803079657632, -33.243770656119402 ], [ -70.816779002251764, -33.243767934012681 ], [ -70.816754984427732, -33.243764862660619 ], [ -70.816731033359645, -33.243761442980599 ], [ -70.81670715620163, -33.243757675994068 ], [ -70.816521988591845, -33.243727068561917 ], [ -70.816401043522859, -33.243707734825009 ], [ -70.816202126639254, -33.242987979403502 ], [ -70.815703230836988, -33.242759036657688 ], [ -70.815697254260257, -33.242711964433084 ], [ -70.81762288562966, -33.242539314581194 ], [ -70.817949732813219, -33.243499745909894 ] ] ] ] } },
{ "type": "Feature", "properties": { "fid": "145", "Area": 13030.222 }, "geometry": { "type": "MultiPolygon", "coordinates": [ [ [ [ -70.817949732813219, -33.243499745909887 ], [ -70.81762288562966, -33.242539314581194 ], [ -70.819433968524422, -33.242376907282896 ], [ -70.819495075870293, -33.242858032485323 ], [ -70.819488806356716, -33.242862408040125 ], [ -70.819482449852529, -33.242866694057163 ], [ -70.819476008168479, -33.242870889315505 ], [ -70.819469483139599, -33.242874992620038 ], [ -70.819462876624669, -33.242879002801864 ], [ -70.819456190505633, -33.242882918718607 ], [ -70.819449426687157, -33.24288673925475 ], [ -70.819442587096049, -33.242890463321928 ], [ -70.819435673680658, -33.24289408985927 ], [ -70.819428688410412, -33.242897617833698 ], [ -70.819421633275184, -33.242901046240206 ], [ -70.819414510284744, -33.242904374102139 ], [ -70.819407321468191, -33.24290760047149 ], [ -70.819400068873421, -33.242910724429173 ], [ -70.819392754566451, -33.242913745085254 ], [ -70.819385380630891, -33.242916661579244 ], [ -70.819377949167347, -33.242919473080349 ], [ -70.819370462292795, -33.24292217878763 ], [ -70.819362922140016, -33.242924777930327 ], [ -70.819355330856965, -33.242927269768018 ], [ -70.819347690606151, -33.242929653590856 ], [ -70.819340003564051, -33.242931928719763 ], [ -70.819332271920459, -33.242934094506623 ], [ -70.819324497877872, -33.242936150334479 ], [ -70.819316683650882, -33.242938095617674 ], [ -70.819308831465506, -33.242939929802056 ], [ -70.819300943558616, -33.242941652365133 ], [ -70.819293022177206, -33.24294326281619 ], [ -70.81926636498747, -33.242948680933452 ], [ -70.819239819599304, -33.242954473690389 ], [ -70.819213393468772, -33.242960639459938 ], [ -70.819187094018488, -33.24296717651027 ], [ -70.819160928635441, -33.242974083005286 ], [ -70.819134904669014, -33.242981357005078 ], [ -70.819109029428844, -33.242988996466551 ], [ -70.819083310182805, -33.242996999243928 ], [ -70.819057754154983, -33.243005363089416 ], [ -70.819032368523608, -33.24301408565379 ], [ -70.819007160419019, -33.243023164487042 ], [ -70.818982136921804, -33.243032597039132 ], [ -70.818957305060579, -33.24304238066064 ], [ -70.818932671810231, -33.243052512603569 ], [ -70.818908244089826, -33.243062990022032 ], [ -70.818884028760721, -33.243073809973147 ], [ -70.817949732813219, -33.243499745909887 ] ] ] ] } },
{ "type": "Feature", "properties": { "fid": "146", "Area": 12021.693 }, "geometry": { "type": "MultiPolygon", "coordinates": [ [ [ [ -70.813290528449485, -33.244241858085175 ], [ -70.813273866875647, -33.24426045512115 ], [ -70.813257571456631, -33.244279279847333 ], [ -70.81324164659857, -33.244298327173951 ], [ -70.813226096607423, -33.244317591951052 ], [ -70.81321092568777, -33.244337068969926 ], [ -70.813196137941773, -33.244356752964414 ], [ -70.813181737367927, -33.244376638612458 ], [ -70.813167727860119, -33.244396720537395 ], [ -70.813154113206437, -33.244416993309535 ], [ -70.813140897088289, -33.244437451447631 ], [ -70.813128083079292, -33.244458089420199 ], [ -70.813115674644365, -33.244478901647241 ], [ -70.813103675138763, -33.24449988250155 ], [ -70.813092087807192, -33.244521026310395 ], [ -70.813080915782905, -33.244542327356925 ], [ -70.812812835442941, -33.245065061411374 ], [ -70.811641537673751, -33.244640924757263 ], [ -70.812452093162548, -33.243720519606946 ], [ -70.813290528449485, -33.244241858085175 ] ] ] ] } },
{ "type": "Feature", "properties": { "fid": "147", "Area": 1025.698 }, "geometry": { "type": "MultiPolygon", "coordinates": [ [ [ [ -70.819784688611719, -33.242345453654714 ], [ -70.819637322955188, -33.242686555592599 ], [ -70.819634392896006, -33.242693158345602 ], [ -70.819631326818424, -33.242699717344152 ], [ -70.819628125647185, -33.242706230609912 ], [ -70.819624790347831, -33.242712696178337 ], [ -70.81962132192632, -33.24271911209928 ], [ -70.81961772142877, -33.242725476437563 ], [ -70.819613989941118, -33.242731787273563 ], [ -70.819610128588863, -33.242738042703778 ], [ -70.819606138536628, -33.242744240841454 ], [ -70.819602020987887, -33.242750379817082 ], [ -70.819597777184541, -33.242756457779045 ], [ -70.819593408406575, -33.242762472894057 ], [ -70.819588915971735, -33.242768423347869 ], [ -70.81958430123494, -33.242774307345648 ], [ -70.819579565588128, -33.242780123112681 ], [ -70.819574710459619, -33.242785868894785 ], [ -70.819569737313827, -33.242791542958919 ], [ -70.819564647650736, -33.242797143593663 ], [ -70.819559443005446, -33.242802669109714 ], [ -70.8195541249478, -33.242808117840482 ], [ -70.819548695081835, -33.242813488142495 ], [ -70.819543155045267, -33.242818778395929 ], [ -70.819537506509093, -33.242823987005167 ], [ -70.819531751177024, -33.242829112399136 ], [ -70.819525890784973, -33.242834153031929 ], [ -70.819519927100544, -33.242839107383148 ], [ -70.819513861922516, -33.242843973958465 ], [ -70.819507697080255, -33.242848751290026 ], [ -70.819501434433207, -33.242853437936837 ], [ -70.819495075870293, -33.24285803248533 ], [ -70.819433968524635, -33.24237690728453 ], [ -70.819784688611719, -33.242345453654714 ] ] ] ] } },
{ "type": "Feature", "properties": { "fid": "148", "Area": 992.597 }, "geometry": { "type": "MultiPolygon", "coordinates": [ [ [ [ -70.819442635536888, -33.243212495700426 ], [ -70.819589994840953, -33.243363990214483 ], [ -70.819594944733353, -33.243369134228736 ], [ -70.819599789430598, -33.243374348478518 ], [ -70.819604527521506, -33.24337963144503 ], [ -70.819609157625948, -33.243384981589443 ], [ -70.819613678395285, -33.243390397353387 ], [ -70.819618088512684, -33.243395877159379 ], [ -70.819622386693553, -33.243401419411271 ], [ -70.819626571685887, -33.243407022494729 ], [ -70.819630642270681, -33.24341268477766 ], [ -70.819634597262237, -33.243418404610786 ], [ -70.819638435508551, -33.243424180328056 ], [ -70.819642155891572, -33.24343001024711 ], [ -70.819645757327621, -33.243435892669822 ], [ -70.819649238767639, -33.243441825882755 ], [ -70.819652599197568, -33.243447808157704 ], [ -70.819655837638535, -33.243453837752156 ], [ -70.819658953147226, -33.243459912909827 ], [ -70.819661944816119, -33.243466031861139 ], [ -70.819664811773819, -33.243472192823759 ], [ -70.819667553185184, -33.243478394003155 ], [ -70.81967016825169, -33.243484633593056 ], [ -70.81967265621158, -33.243490909775964 ], [ -70.819675016340156, -33.243497220723775 ], [ -70.819677247949912, -33.24350356459825 ], [ -70.819679350390814, -33.243509939551537 ], [ -70.819681323050418, -33.243516343726746 ], [ -70.819683165354135, -33.243522775258484 ], [ -70.81968487676528, -33.24352923227336 ], [ -70.819686456785334, -33.243535712890598 ], [ -70.819687904954037, -33.243542215222497 ], [ -70.819689220849568, -33.243548737375086 ], [ -70.819690404088547, -33.243555277448571 ], [ -70.819691454326346, -33.243561833538003 ], [ -70.819692371256977, -33.243568403733676 ], [ -70.819693154613361, -33.243574986121864 ], [ -70.819693804167272, -33.243581578785196 ], [ -70.819694319729507, -33.243588179803417 ], [ -70.819694701149814, -33.243594787253741 ], [ -70.819694948317107, -33.243601399211585 ], [ -70.819695061159337, -33.243608013750979 ], [ -70.819695039643605, -33.243614628945267 ], [ -70.819694883776151, -33.243621242867555 ], [ -70.819694593602378, -33.243627853591342 ], [ -70.819219814226955, -33.243290425362119 ], [ -70.819180352024233, -33.243163921716345 ], [ -70.819212676991526, -33.243154436667467 ], [ -70.819216212413011, -33.243153539792587 ], [ -70.81921976567692, -33.243152694169829 ], [ -70.819223335731138, -33.243151900049575 ], [ -70.819226921518478, -33.243151157666979 ], [ -70.819230521977175, -33.243150467241868 ], [ -70.819234136041061, -33.243149828978694 ], [ -70.81923776264, -33.243149243066433 ], [ -70.819241400700108, -33.2431487096786 ], [ -70.819245049144087, -33.243148228973126 ], [ -70.819248706891614, -33.243147801092363 ], [ -70.819252372859552, -33.243147426163006 ], [ -70.819256045962405, -33.243147104296092 ], [ -70.819259725112502, -33.243146835586906 ], [ -70.819263409220412, -33.243146620115013 ], [ -70.819267097195223, -33.243146457944249 ], [ -70.819270787944859, -33.243146349122604 ], [ -70.819274480376478, -33.243146293682294 ], [ -70.819278173396683, -33.243146291639782 ], [ -70.819281865911933, -33.243146342995622 ], [ -70.819285556828831, -33.243146447734638 ], [ -70.819289245054463, -33.2431466058258 ], [ -70.819292929496683, -33.243146817222289 ], [ -70.819296609064509, -33.243147081861537 ], [ -70.819300282668323, -33.243147399665141 ], [ -70.819303949220384, -33.243147770539039 ], [ -70.819307607634983, -33.243148194373369 ], [ -70.819311256828769, -33.243148671042668 ], [ -70.819314895721206, -33.24314920040576 ], [ -70.81931852323477, -33.243149782305899 ], [ -70.819322138295306, -33.243150416570771 ], [ -70.819325739832351, -33.243151103012586 ], [ -70.819329326779439, -33.243151841428059 ], [ -70.81933289807445, -33.243152631598548 ], [ -70.819336452659883, -33.243153473290043 ], [ -70.819339989483154, -33.243154366253371 ], [ -70.819343507496981, -33.243155310224054 ], [ -70.819347005659637, -33.243156304922607 ], [ -70.819350482935292, -33.243157350054467 ], [ -70.819353938294256, -33.243158445310165 ], [ -70.819357370713348, -33.24315959036538 ], [ -70.819360779176222, -33.243160784881049 ], [ -70.819364162673551, -33.243162028503463 ], [ -70.819367520203471, -33.243163320864383 ], [ -70.819370850771762, -33.243164661581091 ], [ -70.819374153392189, -33.243166050256612 ], [ -70.819377427086835, -33.243167486479727 ], [ -70.819380670886275, -33.243168969825177 ], [ -70.819383883830014, -33.243170499853683 ], [ -70.819387064966648, -33.243172076112224 ], [ -70.819390213354211, -33.243173698134036 ], [ -70.8193933280604, -33.24317536543883 ], [ -70.81939640816293, -33.243177077532877 ], [ -70.819399452749764, -33.243178833909191 ], [ -70.819402460919306, -33.243180634047725 ], [ -70.819405431780822, -33.243182477415424 ], [ -70.819408364454631, -33.243184363466426 ], [ -70.819411258072293, -33.243186291642267 ], [ -70.819414111776993, -33.243188261371984 ], [ -70.819416924723683, -33.243190272072312 ], [ -70.819419696079436, -33.243192323147866 ], [ -70.819422425023603, -33.24319441399129 ], [ -70.819425110748128, -33.243196543983458 ], [ -70.819427752457713, -33.243198712493658 ], [ -70.819430349370094, -33.243200918879765 ], [ -70.819432900716336, -33.243203162488442 ], [ -70.819435405740904, -33.243205442655331 ], [ -70.819437863702063, -33.243207758705218 ], [ -70.819440273871948, -33.243210109952322 ], [ -70.819442635536888, -33.243212495700426 ] ] ] ] } },
{ "type": "Feature", "properties": { "fid": "149", "Area": 16116.906 }, "geometry": { "type": "MultiPolygon", "coordinates": [ [ [ [ -70.816453054939444, -33.243904094072498 ], [ -70.816664697403098, -33.243939045382263 ], [ -70.816690126915617, -33.243943072375046 ], [ -70.816715629489607, -33.243946758734928 ], [ -70.816741198663195, -33.243950103527858 ], [ -70.816766827957665, -33.243953105906336 ], [ -70.816919258608522, -33.244178894739029 ], [ -70.816919817920066, -33.244179706733135 ], [ -70.816920393904653, -33.244180510455209 ], [ -70.816920986389036, -33.244181305663581 ], [ -70.816921595195083, -33.24418209211909 ], [ -70.816922220139659, -33.244182869585217 ], [ -70.816922861034868, -33.244183637828165 ], [ -70.81692351768794, -33.244184396616909 ], [ -70.8169241899014, -33.244185145723229 ], [ -70.816924877473113, -33.244185884921855 ], [ -70.816925580196283, -33.244186613990514 ], [ -70.816926297859595, -33.244187332709927 ], [ -70.816927030247243, -33.244188040863939 ], [ -70.816927777138929, -33.244188738239622 ], [ -70.81692853831008, -33.24418942462723 ], [ -70.816929313531759, -33.244190099820351 ], [ -70.816930102570851, -33.244190763615926 ], [ -70.816930905190063, -33.244191415814328 ], [ -70.816931721148009, -33.244192056219433 ], [ -70.81693255019934, -33.244192684638655 ], [ -70.816933392094697, -33.244193300882991 ], [ -70.816934246580914, -33.244193904767116 ], [ -70.816935113401016, -33.244194496109458 ], [ -70.816935992294319, -33.244195074732147 ], [ -70.816936882996529, -33.244195640461172 ], [ -70.816937785239759, -33.24419619312642 ], [ -70.816938698752693, -33.244196732561662 ], [ -70.816939623260609, -33.244197258604714 ], [ -70.81694055848547, -33.24419777109734 ], [ -70.81694150414603, -33.244198269885416 ], [ -70.8169424599579, -33.244198754818967 ], [ -70.816943425633639, -33.244199225752155 ], [ -70.816944400882832, -33.244199682543325 ], [ -70.816945385412197, -33.244200125055137 ], [ -70.816946378925635, -33.244200553154506 ], [ -70.816947381124393, -33.244200966712683 ], [ -70.816948391707072, -33.244201365605306 ], [ -70.816949410369745, -33.244201749712403 ], [ -70.816950436806067, -33.244202118918473 ], [ -70.816951470707366, -33.244202473112473 ], [ -70.816952511762722, -33.244202812187908 ], [ -70.816953559659055, -33.244203136042771 ], [ -70.816954614081212, -33.244203444579703 ], [ -70.816955674712105, -33.244203737705902 ], [ -70.816956741232772, -33.24420401533321 ], [ -70.81695781332246, -33.244204277378152 ], [ -70.816958890658782, -33.244204523761901 ], [ -70.816959972917743, -33.244204754410383 ], [ -70.81696105977386, -33.244204969254227 ], [ -70.816962150900309, -33.24420516822881 ], [ -70.816963245968907, -33.24420535127431 ], [ -70.816964344650373, -33.244205518335697 ], [ -70.81696544661429, -33.244205669362671 ], [ -70.816966551529262, -33.244205804309871 ], [ -70.816967659062996, -33.244205923136711 ], [ -70.816968768882404, -33.244206025807408 ], [ -70.816969880653787, -33.244206112291124 ], [ -70.816970994042734, -33.244206182561854 ], [ -70.816972108714467, -33.244206236598444 ], [ -70.816973224333736, -33.244206274384659 ], [ -70.816974340565039, -33.244206295909123 ], [ -70.817231576587474, -33.244209381075649 ], [ -70.817234342673231, -33.244209434231742 ], [ -70.817237107262969, -33.244209527331655 ], [ -70.817239869539861, -33.244209660347877 ], [ -70.817242628687694, -33.244209833241094 ], [ -70.817245383891233, -33.24421004596023 ], [ -70.817248134336381, -33.244210298442461 ], [ -70.817250879210462, -33.244210590613164 ], [ -70.817253617702448, -33.244210922385989 ], [ -70.817256349003173, -33.244211293662929 ], [ -70.817259072305603, -33.244211704334283 ], [ -70.817261786805105, -33.244212154278699 ], [ -70.817264491699603, -33.244212643363241 ], [ -70.817267186189866, -33.244213171443377 ], [ -70.817269869479745, -33.244213738363086 ], [ -70.817272540776415, -33.244214343954866 ], [ -70.817275199290577, -33.244214988039772 ], [ -70.817277844236713, -33.244215670427501 ], [ -70.817280474833282, -33.244216390916428 ], [ -70.81728309030305, -33.24421714929364 ], [ -70.817285689873202, -33.244217945335102 ], [ -70.817288272775627, -33.244218778805561 ], [ -70.81729083824716, -33.244219649458771 ], [ -70.817293385529766, -33.244220557037487 ], [ -70.817295913870794, -33.244221501273529 ], [ -70.817298422523194, -33.244222481887888 ], [ -70.817300910745715, -33.244223498590856 ], [ -70.817303377803142, -33.244224551081992 ], [ -70.81730582296656, -33.244225639050313 ], [ -70.817308245513445, -33.244226762174378 ], [ -70.817310644728025, -33.24422792012232 ], [ -70.817313019901405, -33.244229112551999 ], [ -70.817315370331755, -33.24423033911107 ], [ -70.817317695324604, -33.244231599437136 ], [ -70.817319994192985, -33.244232893157793 ], [ -70.817322266257619, -33.244234219890792 ], [ -70.8173245108472, -33.244235579244105 ], [ -70.817326727298493, -33.24423697081609 ], [ -70.817328914956576, -33.244238394195563 ], [ -70.817331073175097, -33.244239848961982 ], [ -70.81733320131633, -33.244241334685455 ], [ -70.817335298751473, -33.244242850927051 ], [ -70.817337364860762, -33.244244397238703 ], [ -70.817339399033756, -33.244245973163551 ], [ -70.817341400669406, -33.244247578235935 ], [ -70.817343369176257, -33.244249211981611 ], [ -70.817345303972672, -33.244250873917842 ], [ -70.817347204486978, -33.24425256355358 ], [ -70.817349070157604, -33.244254280389569 ], [ -70.817350900433311, -33.244256023918517 ], [ -70.817352694773291, -33.244257793625309 ], [ -70.817354452647365, -33.244259588987006 ], [ -70.817356173536126, -33.244261409473111 ], [ -70.817357856931082, -33.244263254545757 ], [ -70.817359502334853, -33.244265123659751 ], [ -70.817484741070118, -33.24440997723935 ], [ -70.817486360530324, -33.244411817390194 ], [ -70.81748801681384, -33.244413634251742 ], [ -70.817489709446392, -33.244415427303814 ], [ -70.817491437943318, -33.244417196032956 ], [ -70.817493201809725, -33.244418939932743 ], [ -70.817495000540546, -33.244420658503842 ], [ -70.817496833620737, -33.244422351254165 ], [ -70.817498700525448, -33.244424017699011 ], [ -70.817500600720109, -33.244425657361241 ], [ -70.817502533660644, -33.244427269771364 ], [ -70.817504498793596, -33.244428854467678 ], [ -70.817506495556273, -33.244430410996429 ], [ -70.817508523376915, -33.244431938911958 ], [ -70.817510581674938, -33.244433437776756 ], [ -70.81751266986096, -33.24443490716164 ], [ -70.817514787337061, -33.244436346645898 ], [ -70.817516933496961, -33.244437755817344 ], [ -70.817519107726127, -33.244439134272504 ], [ -70.817521309401997, -33.244440481616635 ], [ -70.817523537894175, -33.244441797463999 ], [ -70.817525792564581, -33.244443081437815 ], [ -70.817528072767601, -33.244444333170414 ], [ -70.817530377850375, -33.244445552303411 ], [ -70.817532707152836, -33.244446738487703 ], [ -70.817535060008069, -33.244447891383665 ], [ -70.817537435742352, -33.244449010661164 ], [ -70.817539833675454, -33.244450095999753 ], [ -70.817542253120735, -33.244451147088625 ], [ -70.817544693385472, -33.244452163626839 ], [ -70.817547153770903, -33.244453145323305 ], [ -70.818094688279601, -33.244666859043022 ], [ -70.818095693456314, -33.24466726029091 ], [ -70.818096690229723, -33.244667676077071 ], [ -70.81809767830201, -33.244668106277281 ], [ -70.818098657378002, -33.244668550763045 ], [ -70.818099627165211, -33.244669009401541 ], [ -70.81810058737392, -33.24466948205577 ], [ -70.818101537717254, -33.244669968584532 ], [ -70.818102477911324, -33.244670468842479 ], [ -70.818103407675252, -33.244670982680155 ], [ -70.818104326731273, -33.244671509944048 ], [ -70.818105234804833, -33.244672050476666 ], [ -70.818106131624617, -33.244672604116516 ], [ -70.818107016922752, -33.244673170698192 ], [ -70.818107890434732, -33.244673750052449 ], [ -70.818108751899615, -33.244674342006199 ], [ -70.81810960106003, -33.244674946382588 ], [ -70.818110437662298, -33.244675563001074 ], [ -70.818111261456494, -33.244676191677449 ], [ -70.818112072196527, -33.244676832223909 ], [ -70.818112869640174, -33.244677484449078 ], [ -70.818113653549204, -33.244678148158123 ], [ -70.818114423689451, -33.244678823152732 ], [ -70.818115179830812, -33.244679509231283 ], [ -70.818115921747406, -33.244680206188818 ], [ -70.818116649217586, -33.244680913817128 ], [ -70.818117362024054, -33.24468163190479 ], [ -70.818118059953804, -33.244682360237285 ], [ -70.81811874279839, -33.244683098597058 ], [ -70.818119410353788, -33.244683846763493 ], [ -70.818120062420576, -33.244684604513104 ], [ -70.818120698803966, -33.244685371619475 ], [ -70.818121319313803, -33.244686147853507 ], [ -70.818121923764764, -33.24468693298325 ], [ -70.818122511976242, -33.244687726774181 ], [ -70.818123083772505, -33.24468852898913 ], [ -70.818123638982755, -33.244689339388486 ], [ -70.818124177441121, -33.244690157730098 ], [ -70.818124698986736, -33.24469098376953 ], [ -70.818125203463779, -33.244691817259984 ], [ -70.818125690721558, -33.244692657952477 ], [ -70.818126160614497, -33.244693505595841 ], [ -70.818126613002235, -33.244694359936851 ], [ -70.818127047749613, -33.244695220720303 ], [ -70.818127464726743, -33.244696087689007 ], [ -70.818127863809067, -33.244696960583973 ], [ -70.818128244877357, -33.244697839144436 ], [ -70.818128607817769, -33.244698723107945 ], [ -70.818128952521874, -33.244699612210383 ], [ -70.818129278886715, -33.244700506186163 ], [ -70.818129586814763, -33.244701404768229 ], [ -70.81812987621403, -33.244702307688108 ], [ -70.818130146998072, -33.244703214676065 ], [ -70.818130399085987, -33.244704125461148 ], [ -70.818130632402472, -33.244705039771254 ], [ -70.818130846877821, -33.244705957333252 ], [ -70.818131042447931, -33.244706877873043 ], [ -70.818131219054436, -33.244707801115574 ], [ -70.81813137664453, -33.244708726785063 ], [ -70.818131515171146, -33.244709654604975 ], [ -70.818131634592888, -33.244710584298119 ], [ -70.8181317348741, -33.244711515586758 ], [ -70.818131815984813, -33.244712448192658 ], [ -70.818131877900782, -33.244713381837244 ], [ -70.818131920603534, -33.24471431624157 ], [ -70.818131944080307, -33.244715251126486 ], [ -70.818131948324051, -33.24471618621272 ], [ -70.818130485555059, -33.244970732248277 ], [ -70.818130496040368, -33.244973061550134 ], [ -70.818130554262879, -33.244975390354803 ], [ -70.818130660205313, -33.244977717971608 ], [ -70.818130813836248, -33.244980043710164 ], [ -70.818131015110126, -33.244982366880663 ], [ -70.818131263967274, -33.244984686794055 ], [ -70.818131560333853, -33.244987002762272 ], [ -70.818131904121984, -33.244989314098397 ], [ -70.818132295229688, -33.244991620116913 ], [ -70.818132733540978, -33.244993920133815 ], [ -70.81813321892588, -33.244996213466948 ], [ -70.818133751240396, -33.244998499436136 ], [ -70.818134330326657, -33.245000777363344 ], [ -70.818134956012912, -33.245003046572947 ], [ -70.818135628113595, -33.245005306391882 ], [ -70.818136346429355, -33.245007556149922 ], [ -70.818137110747159, -33.245009795179783 ], [ -70.8181379208403, -33.245012022817384 ], [ -70.818138776468516, -33.245014238401993 ], [ -70.818139677378042, -33.245016441276476 ], [ -70.818140623301659, -33.245018630787492 ], [ -70.818141613958801, -33.245020806285602 ], [ -70.818142649055687, -33.245022967125578 ], [ -70.818143728285278, -33.245025112666525 ], [ -70.818144851327474, -33.245027242272037 ], [ -70.818146017849216, -33.245029355310535 ], [ -70.818147227504497, -33.245031451155263 ], [ -70.818148479934564, -33.245033529184603 ], [ -70.818149774767917, -33.245035588782223 ], [ -70.818151111620509, -33.245037629337254 ], [ -70.818152490095883, -33.245039650244443 ], [ -70.818153909785153, -33.245041650904419 ], [ -70.818155370267249, -33.245043630723778 ], [ -70.818156871109011, -33.245045589115335 ], [ -70.818158411865284, -33.245047525498201 ], [ -70.818159992079075, -33.245049439298057 ], [ -70.81816161128171, -33.245051329947287 ], [ -70.818163268992961, -33.245053196885124 ], [ -70.818164964721106, -33.245055039557826 ], [ -70.818166697963235, -33.245056857418852 ], [ -70.818168468205258, -33.245058649929057 ], [ -70.818170274922139, -33.24506041655679 ], [ -70.818172117578001, -33.245062156778026 ], [ -70.818173995626324, -33.24506387007667 ], [ -70.818175908510071, -33.245065555944514 ], [ -70.818177855661887, -33.245067213881569 ], [ -70.818179836504285, -33.245068843396076 ], [ -70.818181850449704, -33.245070444004725 ], [ -70.818183896900848, -33.245072015232786 ], [ -70.818185975250728, -33.245073556614216 ], [ -70.818289333913313, -33.245148890658207 ], [ -70.81805118986955, -33.245385477628787 ], [ -70.817029182663632, -33.245246997458295 ], [ -70.817026461891714, -33.245246608648991 ], [ -70.817023749453142, -33.245246180699475 ], [ -70.817021046145314, -33.245245713735549 ], [ -70.817018352762972, -33.245245207894463 ], [ -70.817015670097888, -33.245244663324968 ], [ -70.817012998938736, -33.245244080187135 ], [ -70.817010340070794, -33.245243458652403 ], [ -70.817007694275702, -33.245242798903497 ], [ -70.817005062331305, -33.245242101134352 ], [ -70.817002445011312, -33.245241365550108 ], [ -70.816999843085185, -33.245240592367033 ], [ -70.816997257317851, -33.245239781812401 ], [ -70.81699468846945, -33.245238934124508 ], [ -70.816992137295188, -33.245238049552562 ], [ -70.816989604545071, -33.245237128356607 ], [ -70.816987090963693, -33.245236170807459 ], [ -70.816984597289974, -33.245235177186629 ], [ -70.816982124257024, -33.245234147786221 ], [ -70.816979672591827, -33.245233082908833 ], [ -70.816977243015188, -33.245231982867551 ], [ -70.816974836241343, -33.245230847985766 ], [ -70.816972452977808, -33.245229678597077 ], [ -70.816970093925235, -33.245228475045309 ], [ -70.816967759777157, -33.245227237684254 ], [ -70.816965451219744, -33.24522596687769 ], [ -70.816963168931665, -33.245224662999192 ], [ -70.816960913583898, -33.245223326432082 ], [ -70.816958685839452, -33.245221957569299 ], [ -70.816956486353249, -33.245220556813265 ], [ -70.816954315771881, -33.245219124575748 ], [ -70.816952174733487, -33.245217661277827 ], [ -70.816950063867466, -33.245216167349668 ], [ -70.816947983794378, -33.245214643230462 ], [ -70.81694593512573, -33.245213089368292 ], [ -70.816943918463778, -33.245211506219924 ], [ -70.816941934401413, -33.245209894250806 ], [ -70.816939983521863, -33.24520825393482 ], [ -70.816938066398691, -33.245206585754175 ], [ -70.816936183595459, -33.245204890199311 ], [ -70.816934335665707, -33.245203167768665 ], [ -70.816932523152659, -33.245201418968605 ], [ -70.816930746589179, -33.245199644313253 ], [ -70.816929006497546, -33.245197844324331 ], [ -70.816527802131688, -33.244775479056756 ], [ -70.816524597374951, -33.244771654623982 ], [ -70.816521471794047, -33.244767784201052 ], [ -70.816518426323469, -33.244763868945164 ], [ -70.816515461873763, -33.244759910026957 ], [ -70.816512579331274, -33.244755908630111 ], [ -70.816509779557862, -33.244751865951002 ], [ -70.816507063390574, -33.244747783198378 ], [ -70.816504431641562, -33.244743661592892 ], [ -70.816501885097651, -33.244739502366905 ], [ -70.816499424520217, -33.244735306763964 ], [ -70.816497050644969, -33.244731076038526 ], [ -70.816494764181613, -33.244726811455536 ], [ -70.816492565813803, -33.244722514290068 ], [ -70.816490456198807, -33.244718185826912 ], [ -70.816488435967344, -33.244713827360258 ], [ -70.816486505723475, -33.244709440193219 ], [ -70.816484666044275, -33.244705025637543 ], [ -70.816482917479775, -33.244700585013135 ], [ -70.816481260552791, -33.244696119647678 ], [ -70.816479695758701, -33.244691630876282 ], [ -70.816478223565355, -33.244687120041036 ], [ -70.81647684441289, -33.244682588490647 ], [ -70.816475558713648, -33.244678037580016 ], [ -70.816474366852063, -33.244673468669774 ], [ -70.816473269184414, -33.244668883126003 ], [ -70.816472266038943, -33.244664282319739 ], [ -70.8164713577155, -33.2446596676266 ], [ -70.816470544485696, -33.244655040426267 ], [ -70.816469826592638, -33.244650402102273 ], [ -70.816469204250978, -33.244645754041422 ], [ -70.816468677646753, -33.244641097633412 ], [ -70.816468246937404, -33.24463643427049 ], [ -70.816467912251696, -33.244631765346924 ], [ -70.816467673689672, -33.244627092258703 ], [ -70.816467531322658, -33.244622416403011 ], [ -70.816453054939444, -33.243904094072498 ] ] ] ] } },
{ "type": "Feature", "properties": { "fid": "150", "Area": 10292.367 }, "geometry": { "type": "MultiPolygon", "coordinates": [ [ [ [ -70.815608333924047, -33.243612871870987 ], [ -70.815609630563358, -33.243612972333111 ], [ -70.81561092908035, -33.243613053892972 ], [ -70.815612229084749, -33.243613116526099 ], [ -70.815613530185914, -33.243613160213627 ], [ -70.815614831992818, -33.243613184942468 ], [ -70.815616134114265, -33.243613190705133 ], [ -70.815617436158931, -33.243613177499959 ], [ -70.815618737735548, -33.243613145330876 ], [ -70.815620038452948, -33.243613094207554 ], [ -70.815621337920263, -33.243613024145368 ], [ -70.815622635746962, -33.243612935165352 ], [ -70.81562393154303, -33.243612827294271 ], [ -70.815625224919089, -33.243612700564519 ], [ -70.8156265154864, -33.243612555014209 ], [ -70.815627802857179, -33.243612390687055 ], [ -70.81562908664452, -33.243612207632438 ], [ -70.815630366462642, -33.243612005905391 ], [ -70.815631641926913, -33.243611785566536 ], [ -70.815632912654053, -33.243611546682061 ], [ -70.815634178262172, -33.243611289323781 ], [ -70.815635438370961, -33.243611013569023 ], [ -70.8156366926017, -33.243610719500658 ], [ -70.815637940577489, -33.243610407207086 ], [ -70.815639181923302, -33.243610076782105 ], [ -70.815640416266064, -33.243609728325055 ], [ -70.815641643234869, -33.243609361940628 ], [ -70.815642862460962, -33.243608977738944 ], [ -70.815644073577971, -33.243608575835466 ], [ -70.815645276221915, -33.243608156350959 ], [ -70.815646470031382, -33.243607719411486 ], [ -70.81564765464762, -33.24360726514837 ], [ -70.815648829714618, -33.243606793698113 ], [ -70.81564999487928, -33.243606305202384 ], [ -70.815651149791421, -33.243605799808002 ], [ -70.81565229410397, -33.243605277666852 ], [ -70.815653427473066, -33.243604738935815 ], [ -70.815654549558076, -33.243604183776831 ], [ -70.815655660021861, -33.243603612356679 ], [ -70.815656758530636, -33.24360302484714 ], [ -70.815657844754313, -33.243602421424733 ], [ -70.815658918366466, -33.243601802270824 ], [ -70.815659979044455, -33.243601167571455 ], [ -70.815661026469513, -33.243600517517372 ], [ -70.8156620603269, -33.243599852303916 ], [ -70.815663080305896, -33.243599172131027 ], [ -70.8156640861, -33.243598477203065 ], [ -70.815665077406933, -33.243597767728907 ], [ -70.815666053928823, -33.243597043921739 ], [ -70.815667015372185, -33.243596305999091 ], [ -70.815667961448085, -33.243595554182711 ], [ -70.815668891872235, -33.24359478869853 ], [ -70.815669806365008, -33.243594009776594 ], [ -70.815670704651581, -33.243593217650989 ], [ -70.815671586462017, -33.24359241255975 ], [ -70.815672451531327, -33.243591594744835 ], [ -70.815673299599524, -33.243590764452009 ], [ -70.81567413041175, -33.243589921930756 ], [ -70.815674943718349, -33.243589067434314 ], [ -70.815675739274894, -33.243588201219453 ], [ -70.815676516842316, -33.243587323546492 ], [ -70.815677276186932, -33.243586434679159 ], [ -70.815678017080558, -33.243585534884609 ], [ -70.815678739300537, -33.243584624433232 ], [ -70.815679442629829, -33.243583703598631 ], [ -70.815680126857089, -33.243582772657525 ], [ -70.815680791776671, -33.243581831889699 ], [ -70.815681437188786, -33.243580881577863 ], [ -70.815682062899441, -33.243579922007591 ], [ -70.815682668720626, -33.243578953467249 ], [ -70.815683254470272, -33.24357797624792 ], [ -70.815683819972364, -33.243576990643227 ], [ -70.815684365056953, -33.243575996949424 ], [ -70.815684889560231, -33.243574995465103 ], [ -70.815685393324571, -33.243573986491207 ], [ -70.8156858761986, -33.243572970330987 ], [ -70.815686338037182, -33.243571947289801 ], [ -70.815686778701547, -33.243570917675065 ], [ -70.81568719805928, -33.243569881796248 ], [ -70.815687595984329, -33.243568839964595 ], [ -70.815687972357125, -33.243567792493216 ], [ -70.815688327064564, -33.243566739696902 ], [ -70.815688660000049, -33.243565681892022 ], [ -70.815688971063523, -33.243564619396473 ], [ -70.815689260161534, -33.243563552529551 ], [ -70.815689527207169, -33.243562481611868 ], [ -70.815689772120194, -33.243561406965249 ], [ -70.815689994827011, -33.243560328912643 ], [ -70.815690195260686, -33.24355924777803 ], [ -70.815690373360979, -33.243558163886284 ], [ -70.815690529074388, -33.243557077563167 ], [ -70.815690662354115, -33.24355598913511 ], [ -70.8156907731601, -33.24355489892924 ], [ -70.815690861459046, -33.24355380727313 ], [ -70.815690927224423, -33.243552714494882 ], [ -70.815690970436478, -33.243551620922858 ], [ -70.815690991082207, -33.243550526885741 ], [ -70.815690989155414, -33.243549432712271 ], [ -70.815690964656667, -33.243548338731273 ], [ -70.815690917593344, -33.243547245271515 ], [ -70.815690847979596, -33.243546152661587 ], [ -70.815690755836329, -33.243545061229845 ], [ -70.815690641191253, -33.243543971304284 ], [ -70.815690504078788, -33.243542883212427 ], [ -70.815690344540172, -33.243541797281281 ], [ -70.815690162623326, -33.243540713837184 ], [ -70.815689958382947, -33.243539633205721 ], [ -70.815689731880383, -33.243538555711659 ], [ -70.815689483183732, -33.243537481678771 ], [ -70.815689212367715, -33.243536411429858 ], [ -70.81568891951369, -33.243535345286517 ], [ -70.815688604709734, -33.243534283569147 ], [ -70.815688268050394, -33.243533226596831 ], [ -70.815687909636864, -33.243532174687182 ], [ -70.815687529576849, -33.24353112815632 ], [ -70.81568712798456, -33.243530087318767 ], [ -70.815686704980692, -33.243529052487283 ], [ -70.81568626069236, -33.243528023972864 ], [ -70.815685795253088, -33.243527002084591 ], [ -70.815685308802728, -33.243525987129566 ], [ -70.815684801487507, -33.24352497941279 ], [ -70.815684273459851, -33.243523979237111 ], [ -70.815683724878426, -33.243522986903095 ], [ -70.815673140694315, -33.243504658898935 ], [ -70.815662198264604, -33.243486480051864 ], [ -70.815650900565402, -33.243468455305795 ], [ -70.815639250669449, -33.243450589562755 ], [ -70.815627251745269, -33.2434328876815 ], [ -70.815614907056286, -33.243415354476227 ], [ -70.815602219959928, -33.243397994715252 ], [ -70.815589193906817, -33.243380813119749 ], [ -70.815575832439634, -33.243363814362404 ], [ -70.815562139192394, -33.243347003066177 ], [ -70.81554811788925, -33.243330383803048 ], [ -70.815533772343599, -33.243313961092781 ], [ -70.815519106457018, -33.243297739401676 ], [ -70.81550412421818, -33.243281723141379 ], [ -70.815019537179708, -33.242772388277309 ], [ -70.814769883881311, -33.242794768287943 ], [ -70.813784957258761, -33.24288305642439 ], [ -70.814347553764421, -33.243474397451301 ], [ -70.814350137511141, -33.243477065424266 ], [ -70.814352775922771, -33.243479695350793 ], [ -70.814355468206017, -33.243482286440141 ], [ -70.814358213551373, -33.243484837913201 ], [ -70.8143610111334, -33.243487349002834 ], [ -70.81436386011093, -33.243489818954018 ], [ -70.814366759627347, -33.243492247024115 ], [ -70.814369708810887, -33.243494632483035 ], [ -70.814372706774734, -33.243496974613571 ], [ -70.814375752617565, -33.243499272711468 ], [ -70.814378845423519, -33.243501526085758 ], [ -70.814381984262681, -33.243503734058919 ], [ -70.814385168191293, -33.243505895967061 ], [ -70.814388396252028, -33.243508011160159 ], [ -70.814391667474297, -33.243510079002228 ], [ -70.814394980874539, -33.24351209887152 ], [ -70.814398335456488, -33.2435140701607 ], [ -70.814401730211529, -33.243515992277075 ], [ -70.814405164118895, -33.243517864642691 ], [ -70.814408636146155, -33.243519686694583 ], [ -70.814412145249349, -33.24352145788491 ], [ -70.814415690373352, -33.243523177681119 ], [ -70.814419270452262, -33.243524845566107 ], [ -70.814422884409638, -33.243526461038392 ], [ -70.814426531158858, -33.243528023612235 ], [ -70.814430209603415, -33.243529532817824 ], [ -70.814433918637334, -33.243530988201357 ], [ -70.814437657145376, -33.243532389325232 ], [ -70.814441424003491, -33.243533735768189 ], [ -70.814445218079044, -33.24353502712539 ], [ -70.814449038231274, -33.243536263008544 ], [ -70.81445288331156, -33.243537443046044 ], [ -70.814456752163807, -33.243538566883103 ], [ -70.814460643624685, -33.243539634181793 ], [ -70.814464556524186, -33.243540644621213 ], [ -70.81446848968578, -33.243541597897561 ], [ -70.814472441926867, -33.243542493724192 ], [ -70.814476412059108, -33.243543331831759 ], [ -70.81448039888879, -33.243544111968269 ], [ -70.814484401217172, -33.243544833899158 ], [ -70.814488417840835, -33.243545497407347 ], [ -70.814492447552112, -33.243546102293337 ], [ -70.814496489139344, -33.243546648375286 ], [ -70.814500541387332, -33.243547135488953 ], [ -70.814504603077694, -33.243547563487901 ], [ -70.814508672989135, -33.243547932243445 ], [ -70.814512749897972, -33.243548241644696 ], [ -70.814516832578377, -33.243548491598638 ], [ -70.81524901598101, -33.243587956572547 ], [ -70.815368906106755, -33.243595034955725 ], [ -70.815488684683146, -33.243603340466358 ], [ -70.815608333924047, -33.243612871870987 ] ] ] ] } },
{ "type": "Feature", "properties": { "fid": "151", "Area": 94365.601 }, "geometry": { "type": "MultiPolygon", "coordinates": [ [ [ [ -70.799847229476256, -33.257976812192467 ], [ -70.802949276356287, -33.259952384095371 ], [ -70.802915778630137, -33.260009477027403 ], [ -70.802881337925925, -33.260066172583166 ], [ -70.8028459609191, -33.260122459770635 ], [ -70.80283638011008, -33.260137144031809 ], [ -70.802826498783233, -33.260151687051462 ], [ -70.802816319887569, -33.260166084489157 ], [ -70.802805846460913, -33.260180332047867 ], [ -70.802795081628972, -33.260194425475284 ], [ -70.802784028604435, -33.26020836056518 ], [ -70.802772690686027, -33.260222133158479 ], [ -70.802761071257493, -33.260235739144676 ], [ -70.802749173786609, -33.260249174462935 ], [ -70.802737001824113, -33.260262435103414 ], [ -70.802724559002726, -33.26027551710834 ], [ -70.80211700449297, -33.260903082240389 ], [ -70.801777242932118, -33.261229868097772 ], [ -70.800095518154052, -33.261200361625335 ], [ -70.800086388186116, -33.261200136056246 ], [ -70.800077264110485, -33.261199779972316 ], [ -70.800068148570361, -33.261199293476686 ], [ -70.800059044206563, -33.261198676710322 ], [ -70.800049953656611, -33.261197929851868 ], [ -70.800040879554075, -33.261197053117698 ], [ -70.800031824527721, -33.26119604676181 ], [ -70.800022791200817, -33.261194911075755 ], [ -70.800013782190319, -33.261193646388506 ], [ -70.800004800106123, -33.261192253066483 ], [ -70.799995847550392, -33.26119073151331 ], [ -70.799986927116677, -33.261189082169793 ], [ -70.799978041389238, -33.261187305513722 ], [ -70.799969192942271, -33.261185402059837 ], [ -70.799960384339201, -33.261183372359532 ], [ -70.799951618131871, -33.261181217000825 ], [ -70.799942896859861, -33.261178936608111 ], [ -70.799934223049718, -33.261176531842068 ], [ -70.799925599214276, -33.261174003399319 ], [ -70.799917027851876, -33.261171352012354 ], [ -70.799908511445622, -33.261168578449286 ], [ -70.799900052462718, -33.261165683513639 ], [ -70.799891653353768, -33.261162668044044 ], [ -70.799883316551956, -33.261159532914121 ], [ -70.7998750444725, -33.261156279032086 ], [ -70.799866839511793, -33.261152907340616 ], [ -70.799858704046812, -33.261149418816473 ], [ -70.799850640434414, -33.261145814470304 ], [ -70.799842651010621, -33.261142095346266 ], [ -70.799834738089984, -33.261138262521818 ], [ -70.799826903964842, -33.261134317107306 ], [ -70.799819150904767, -33.261130260245729 ], [ -70.7998114811558, -33.261126093112367 ], [ -70.799803896939864, -33.261121816914446 ], [ -70.799796400454099, -33.261117432890771 ], [ -70.799788993870251, -33.261112942311385 ], [ -70.798394384552225, -33.260252121768517 ], [ -70.798386900844605, -33.260247417515423 ], [ -70.798379515795077, -33.26024260447366 ], [ -70.798372231643938, -33.26023768410333 ], [ -70.798365050600864, -33.260232657897042 ], [ -70.798357974844279, -33.260227527379534 ], [ -70.798351006520619, -33.260222294107209 ], [ -70.798344147743776, -33.260216959667588 ], [ -70.798337400594406, -33.260211525678926 ], [ -70.798330767119282, -33.260205993789668 ], [ -70.798324249330676, -33.260200365677939 ], [ -70.798317849205816, -33.260194643051086 ], [ -70.798311568686188, -33.260188827645102 ], [ -70.798305409677013, -33.260182921224121 ], [ -70.798299374046636, -33.260176925579913 ], [ -70.79829346362601, -33.260170842531281 ], [ -70.798287680208063, -33.260164673923583 ], [ -70.798282025547209, -33.260158421628084 ], [ -70.798276501358799, -33.260152087541492 ], [ -70.798271109318605, -33.260145673585271 ], [ -70.798265851062325, -33.260139181705149 ], [ -70.798260728185042, -33.260132613870461 ], [ -70.798255742240798, -33.260125972073631 ], [ -70.798250894742083, -33.260119258329475 ], [ -70.798246187159364, -33.260112474674663 ], [ -70.798241620920706, -33.26010562316705 ], [ -70.798237197411282, -33.260098705885085 ], [ -70.798232917972925, -33.260091724927172 ], [ -70.798228783903838, -33.260084682411019 ], [ -70.798224796458044, -33.260077580473045 ], [ -70.798220956845142, -33.260070421267628 ], [ -70.798217266229884, -33.260063206966585 ], [ -70.798213725731756, -33.260055939758416 ], [ -70.798210336424802, -33.260048621847652 ], [ -70.798207099337134, -33.260041255454226 ], [ -70.798204015450693, -33.260033842812796 ], [ -70.798201085700967, -33.260026386172015 ], [ -70.798198310976673, -33.260018887793912 ], [ -70.798195692119478, -33.260011349953139 ], [ -70.798193229923825, -33.260003774936351 ], [ -70.798162008347589, -33.259904320524598 ], [ -70.799847229476256, -33.257976812192467 ] ] ] ] } },
{ "type": "Feature", "properties": { "fid": "152", "Area": 101486.264 }, "geometry": { "type": "MultiPolygon", "coordinates": [ [ [ [ -70.801846892997006, -33.255689517875311 ], [ -70.803969236157613, -33.256474898389875 ], [ -70.803939966598705, -33.256559958098691 ], [ -70.803912098010329, -33.256645349314489 ], [ -70.80388563571222, -33.256731055749903 ], [ -70.803860584755952, -33.256817061057419 ], [ -70.803392982191923, -33.258833863099348 ], [ -70.803374251383943, -33.258911094922546 ], [ -70.803353938458301, -33.258988043958254 ], [ -70.803332049449168, -33.25906468733217 ], [ -70.803308590859217, -33.259141002260854 ], [ -70.803283569657765, -33.25921696605841 ], [ -70.803256993278723, -33.259292556143293 ], [ -70.803228869618337, -33.25936775004493 ], [ -70.803199207032918, -33.259442525410499 ], [ -70.803168014336237, -33.259516860011558 ], [ -70.803135300797067, -33.259590731750606 ], [ -70.803101076136301, -33.259664118667686 ], [ -70.803065350524136, -33.259736998946899 ], [ -70.803028134577062, -33.259809350922907 ], [ -70.802989439354633, -33.259881153087392 ], [ -70.802949276356287, -33.259952384095371 ], [ -70.799847229476256, -33.257976812192467 ], [ -70.801846892997006, -33.255689517875311 ] ] ] ] } },
{ "type": "Feature", "properties": { "fid": "153", "Area": 12199.247 }, "geometry": { "type": "MultiPolygon", "coordinates": [ [ [ [ -70.800601684473662, -33.262903981048922 ], [ -70.801475626561967, -33.263727256261177 ], [ -70.801379535004102, -33.263830255111266 ], [ -70.800889073266859, -33.264344231413233 ], [ -70.799816003807777, -33.263621544871263 ], [ -70.800601684473662, -33.262903981048922 ] ] ] ] } },
{ "type": "Feature", "properties": { "fid": "154", "Area": 97970.438 }, "geometry": { "type": "MultiPolygon", "coordinates": [ [ [ [ -70.795914024638037, -33.262475338019598 ], [ -70.795926409928427, -33.26248319251858 ], [ -70.798619431381013, -33.264190987544396 ], [ -70.796592036744187, -33.266404214385531 ], [ -70.793911582754077, -33.264793260953077 ], [ -70.79389559739505, -33.264783653389102 ], [ -70.795914024638037, -33.262475338019598 ] ] ] ] } },
{ "type": "Feature", "properties": { "fid": "155", "Area": 103078.842 }, "geometry": { "type": "MultiPolygon", "coordinates": [ [ [ [ -70.792708715473708, -33.266140926193927 ], [ -70.79389559739505, -33.264783653389102 ], [ -70.793911582754077, -33.264793260953077 ], [ -70.796592036744187, -33.266404214385531 ], [ -70.796424256025929, -33.266587367671534 ], [ -70.796415279850649, -33.266597038454719 ], [ -70.796406158079549, -33.266606612613643 ], [ -70.794625530120044, -33.268451350867103 ], [ -70.794623926155097, -33.268452983316998 ], [ -70.794622288642657, -33.268454592091196 ], [ -70.794620618077843, -33.268456176703253 ], [ -70.794618914965795, -33.26845773667403 ], [ -70.794617179821458, -33.268459271531853 ], [ -70.79461541316951, -33.26846078081261 ], [ -70.794613615544122, -33.268462264059956 ], [ -70.794611787488847, -33.268463720825402 ], [ -70.794609929556415, -33.268465150668455 ], [ -70.79460804230861, -33.26846655315677 ], [ -70.794606126316097, -33.268467927866297 ], [ -70.794604182158196, -33.268469274381339 ], [ -70.794602210422767, -33.268470592294783 ], [ -70.794600211705998, -33.2684718812081 ], [ -70.79459818661222, -33.268473140731587 ], [ -70.794596135753793, -33.268474370484384 ], [ -70.794594059750807, -33.268475570094658 ], [ -70.794591959230999, -33.268476739199684 ], [ -70.794589834829495, -33.26847787744596 ], [ -70.794587687188653, -33.268478984489313 ], [ -70.794585516957838, -33.268480059995021 ], [ -70.79458332479328, -33.268481103637846 ], [ -70.7945811113578, -33.268482115102273 ], [ -70.794578877320703, -33.268483094082413 ], [ -70.794576623357472, -33.268484040282303 ], [ -70.794574350149631, -33.268484953415793 ], [ -70.79457205838456, -33.268485833206803 ], [ -70.794569748755194, -33.268486679389333 ], [ -70.794567421959911, -33.268487491707482 ], [ -70.79456507870222, -33.26848826991565 ], [ -70.794562719690703, -33.268489013778513 ], [ -70.794560345638644, -33.268489723071184 ], [ -70.794557957263862, -33.268490397579178 ], [ -70.794555555288539, -33.268491037098514 ], [ -70.794553140438964, -33.268491641435851 ], [ -70.794550713445318, -33.268492210408454 ], [ -70.79454827504145, -33.268492743844291 ], [ -70.793439138252836, -33.26806135071724 ], [ -70.793422832894933, -33.268055152601072 ], [ -70.793406401855307, -33.268049193309238 ], [ -70.793389850090406, -33.26804347463937 ], [ -70.793373182593172, -33.268037998316515 ], [ -70.793356404391332, -33.268032765992608 ], [ -70.793339520546112, -33.268027779246005 ], [ -70.793322536150555, -33.268023039580967 ], [ -70.793305456328042, -33.268018548427214 ], [ -70.793288286230762, -33.268014307139545 ], [ -70.79327103103806, -33.268010316997334 ], [ -70.793253695955016, -33.268006579204226 ], [ -70.793236286210814, -33.268003094887725 ], [ -70.793218807057087, -33.267999865098879 ], [ -70.793201263766477, -33.267996890811986 ], [ -70.793183661630948, -33.267994172924226 ], [ -70.793166005960174, -33.267991712255501 ], [ -70.793148302080056, -33.267989509548023 ], [ -70.793130555330947, -33.267987565466271 ], [ -70.793112771066205, -33.267985880596697 ], [ -70.793094954650485, -33.267984455447539 ], [ -70.793077111458075, -33.267983290448697 ], [ -70.793059246871437, -33.267982385951598 ], [ -70.793041366279439, -33.267981742229104 ], [ -70.793023475075771, -33.267981359475378 ], [ -70.793005578657329, -33.267981237805913 ], [ -70.792987682422591, -33.267981377257385 ], [ -70.792969791769991, -33.267981777787753 ], [ -70.792951912096228, -33.267982439276196 ], [ -70.792631783566463, -33.267996623436787 ], [ -70.792618002341342, -33.267997133266192 ], [ -70.792604212654624, -33.267997441966379 ], [ -70.792590418665625, -33.26799754944426 ], [ -70.792576624534902, -33.267997455667405 ], [ -70.792562834423109, -33.267997160664095 ], [ -70.792549052489676, -33.267996664523302 ], [ -70.792535282891535, -33.267995967394683 ], [ -70.792521529781922, -33.267995069488478 ], [ -70.792507797309099, -33.267993971075541 ], [ -70.792494089615076, -33.267992672487168 ], [ -70.792480410834472, -33.267991174115046 ], [ -70.792466765093067, -33.267989476411095 ], [ -70.792453156506753, -33.267987579887404 ], [ -70.792439589180205, -33.267985485115979 ], [ -70.792426067205625, -33.267983192728671 ], [ -70.79241259466157, -33.267980703416903 ], [ -70.792399175611664, -33.267978017931512 ], [ -70.792385814103397, -33.267975137082509 ], [ -70.7923725141669, -33.267972061738796 ], [ -70.792359279813724, -33.267968792827972 ], [ -70.79234611503567, -33.267965331336043 ], [ -70.79233302380355, -33.267961678307024 ], [ -70.792320010065936, -33.267957834842782 ], [ -70.792307077748077, -33.267953802102589 ], [ -70.792294230750656, -33.267949581302787 ], [ -70.792281472948588, -33.267945173716491 ], [ -70.792268808189917, -33.267940580673105 ], [ -70.792256240294634, -33.267935803558018 ], [ -70.791436849255987, -33.267617115659704 ], [ -70.791422630375322, -33.267611585403927 ], [ -70.792708715473708, -33.266140926193927 ] ] ] ] } },
{ "type": "Feature", "properties": { "fid": "156", "Area": 86135.796 }, "geometry": { "type": "MultiPolygon", "coordinates": [ [ [ [ -70.788773988529812, -33.270640158515846 ], [ -70.789151958199483, -33.270751381144336 ], [ -70.789160733924575, -33.270754035641694 ], [ -70.789169453409301, -33.270756817847456 ], [ -70.789178114020174, -33.270759726921312 ], [ -70.789186713141461, -33.270762761984685 ], [ -70.789195248176057, -33.270765922120894 ], [ -70.789203716546155, -33.270769206375512 ], [ -70.789212115694141, -33.270772613756613 ], [ -70.789220443083238, -33.270776143235089 ], [ -70.789228696198379, -33.270779793744936 ], [ -70.789236872546923, -33.270783564183674 ], [ -70.789244969659435, -33.270787453412474 ], [ -70.789252985090357, -33.270791460256731 ], [ -70.789260916418868, -33.270795583506278 ], [ -70.789268761249488, -33.27079982191578 ], [ -70.789276517212883, -33.270804174205182 ], [ -70.789284181966565, -33.270808639059943 ], [ -70.789291753195585, -33.270813215131589 ], [ -70.789299228613231, -33.27081790103805 ], [ -70.789306605961755, -33.27082269536406 ], [ -70.789313883013008, -33.270827596661611 ], [ -70.789321057569126, -33.270832603450394 ], [ -70.789328127463193, -33.27083771421826 ], [ -70.789335090559931, -33.270842927421612 ], [ -70.789341944756316, -33.270848241485957 ], [ -70.789348687982155, -33.270853654806324 ], [ -70.789355318200862, -33.270859165747737 ], [ -70.789361833409913, -33.270864772645744 ], [ -70.789368231641518, -33.270870473807001 ], [ -70.78937451096327, -33.270876267509543 ], [ -70.789380669478604, -33.270882152003566 ], [ -70.789386705327516, -33.27088812551181 ], [ -70.789392616686982, -33.270894186230109 ], [ -70.789398401771606, -33.270900332328011 ], [ -70.789404058834137, -33.270906561949232 ], [ -70.789409586165959, -33.270912873212261 ], [ -70.789414982097682, -33.270919264210946 ], [ -70.789420244999562, -33.270925733015069 ], [ -70.789425373282043, -33.270932277670866 ], [ -70.789430365396214, -33.270938896201706 ], [ -70.789435219834317, -33.270945586608626 ], [ -70.789439935130162, -33.270952346870942 ], [ -70.789444509859592, -33.270959174946896 ], [ -70.789448942640874, -33.270966068774264 ], [ -70.789453232135187, -33.27097302627088 ], [ -70.79002031848367, -33.271912726868734 ], [ -70.790024567152727, -33.271919619348502 ], [ -70.790028956446932, -33.271926449366454 ], [ -70.790033485065408, -33.271933214898276 ], [ -70.790038151665925, -33.271939913938709 ], [ -70.790042954865427, -33.271946544502264 ], [ -70.790047893240299, -33.271953104623712 ], [ -70.790052965326922, -33.271959592358705 ], [ -70.790058169621986, -33.271966005784364 ], [ -70.790063504583046, -33.271972342999817 ], [ -70.790068968628901, -33.271978602126765 ], [ -70.790074560140084, -33.271984781310124 ], [ -70.790080277459381, -33.271990878718391 ], [ -70.790086118892276, -33.271996892544422 ], [ -70.790092082707417, -33.272002821005749 ], [ -70.790098167137259, -33.272008662345264 ], [ -70.790104370378444, -33.272014414831638 ], [ -70.790110690592428, -33.272020076759922 ], [ -70.790117125905994, -33.272025646451972 ], [ -70.790123674411788, -33.272031122256976 ], [ -70.790130334168936, -33.272036502551991 ], [ -70.790137103203591, -33.272041785742339 ], [ -70.790143979509494, -33.272046970262146 ], [ -70.790150961048568, -33.272052054574793 ], [ -70.79015804575161, -33.272057037173312 ], [ -70.790165231518813, -33.272061916580924 ], [ -70.79017251622038, -33.272066691351448 ], [ -70.790179897697229, -33.27207136006966 ], [ -70.790187373761569, -33.272075921351814 ], [ -70.790194942197616, -33.272080373846002 ], [ -70.790202600762129, -33.272084716232555 ], [ -70.790210347185237, -33.272088947224418 ], [ -70.790218179170978, -33.272093065567574 ], [ -70.790226094398065, -33.272097070041411 ], [ -70.790234090520471, -33.272100959459024 ], [ -70.79024216516828, -33.272104732667628 ], [ -70.790250315948228, -33.27210838854888 ], [ -70.79025854044454, -33.272111926019242 ], [ -70.79026683621953, -33.272115344030205 ], [ -70.790275200814435, -33.272118641568746 ], [ -70.790283631750086, -33.272121817657478 ], [ -70.790292126527646, -33.272124871355054 ], [ -70.790300682629351, -33.272127801756383 ], [ -70.790309297519244, -33.272130607992935 ], [ -70.790317968644004, -33.272133289232976 ], [ -70.790326693433542, -33.272135844681785 ], [ -70.790335469301965, -33.27213827358198 ], [ -70.790344293648175, -33.272140575213641 ], [ -70.790353163856707, -33.272142748894602 ], [ -70.790362077298568, -33.272144793980615 ], [ -70.790371031331844, -33.27214670986551 ], [ -70.790380023302703, -33.272148495981462 ], [ -70.791366157623429, -33.272336857707678 ], [ -70.789458932092757, -33.274424519482565 ], [ -70.789453176676119, -33.274430867134129 ], [ -70.786834910961673, -33.272857220957782 ], [ -70.788773988529812, -33.270640158515846 ] ] ] ] } },
{ "type": "Feature", "properties": { "fid": "203", "Area": 5307.84 }, "geometry": { "type": "MultiPolygon", "coordinates": [ [ [ [ -70.783746460231058, -33.279927964532448 ], [ -70.78409313138134, -33.279532332473593 ], [ -70.784094473247706, -33.279530828929509 ], [ -70.784095845997285, -33.279529345184798 ], [ -70.784097249216074, -33.279527881686981 ], [ -70.784098682480916, -33.279526438877419 ], [ -70.784100145359488, -33.279525017191247 ], [ -70.784101637410657, -33.27952361705723 ], [ -70.784103158184394, -33.279522238897648 ], [ -70.78410470722207, -33.279520883128122 ], [ -70.784106284056492, -33.279519550157545 ], [ -70.784107888212134, -33.279518240387922 ], [ -70.784109519205174, -33.279516954214273 ], [ -70.784111176543703, -33.279515692024482 ], [ -70.784112859727927, -33.279514454199251 ], [ -70.784114568250189, -33.279513241111836 ], [ -70.784116301595205, -33.279512053128144 ], [ -70.784118059240242, -33.279510890606417 ], [ -70.784119840655208, -33.279509753897287 ], [ -70.784121645302818, -33.279508643343547 ], [ -70.784123472638839, -33.279507559280169 ], [ -70.78412532211216, -33.27950650203406 ], [ -70.784127193164991, -33.279505471924075 ], [ -70.784129085233047, -33.2795044692609 ], [ -70.784130997745677, -33.279503494346933 ], [ -70.784132930126134, -33.279502547476177 ], [ -70.784134881791587, -33.279501628934199 ], [ -70.784136852153452, -33.279500738998046 ], [ -70.784138840617501, -33.279499877936082 ], [ -70.784140846584009, -33.279499046008027 ], [ -70.784142869448004, -33.279498243464744 ], [ -70.78414490859943, -33.2794974705483 ], [ -70.784146963423282, -33.279496727491782 ], [ -70.784149033299855, -33.279496014519303 ], [ -70.784151117604893, -33.279495331845865 ], [ -70.784153215709793, -33.279494679677377 ], [ -70.784155326981789, -33.279494058210531 ], [ -70.78415745078415, -33.279493467632719 ], [ -70.784159586476335, -33.279492908122087 ], [ -70.784161733414265, -33.279492379847369 ], [ -70.784163890950452, -33.279491882967868 ], [ -70.784166058434195, -33.27949141763348 ], [ -70.784168235211794, -33.279490983984481 ], [ -70.784170420626779, -33.279490582151716 ], [ -70.784172614020036, -33.279490212256341 ], [ -70.784174814730065, -33.279489874409919 ], [ -70.784177022093147, -33.279489568714339 ], [ -70.784179235443602, -33.279489295261811 ], [ -70.784181454113863, -33.279489054134793 ], [ -70.784183677434811, -33.279488845406 ], [ -70.784185904735949, -33.279488669138381 ], [ -70.784188135345502, -33.279488525385105 ], [ -70.784190368590785, -33.27948841418953 ], [ -70.784192603798246, -33.279488335585185 ], [ -70.784194840293779, -33.279488289595776 ], [ -70.784197077402879, -33.27948827623517 ], [ -70.784199314450873, -33.279488295507406 ], [ -70.784201550763058, -33.279488347406662 ], [ -70.784203785665028, -33.279488431917287 ], [ -70.784206018482735, -33.279488549013799 ], [ -70.784208248542797, -33.279488698660877 ], [ -70.784210475172642, -33.279488880813403 ], [ -70.784212697700752, -33.279489095416409 ], [ -70.784214915456829, -33.279489342405213 ], [ -70.784217127772024, -33.279489621705302 ], [ -70.784219333979138, -33.279489933232441 ], [ -70.784221533412776, -33.279490276892695 ], [ -70.784223725409646, -33.279490652582396 ], [ -70.784225909308645, -33.279491060188256 ], [ -70.784228084451144, -33.279491499587337 ], [ -70.78423025018111, -33.279491970647143 ], [ -70.78423240584543, -33.279492473225567 ], [ -70.784234550793968, -33.279493007171062 ], [ -70.784236684379806, -33.279493572322608 ], [ -70.78423880595949, -33.279494168509721 ], [ -70.784240914893175, -33.279494795552644 ], [ -70.784243010544827, -33.279495453262236 ], [ -70.784245092282433, -33.279496141440156 ], [ -70.784247159478156, -33.279496859878847 ], [ -70.784249211508552, -33.279497608361631 ], [ -70.784251247754725, -33.279498386662802 ], [ -70.784253267602608, -33.27949919454759 ], [ -70.784255270443012, -33.279500031772379 ], [ -70.784257255671903, -33.279500898084663 ], [ -70.784259222690551, -33.279501793223147 ], [ -70.784261170905751, -33.279502716917904 ], [ -70.784263099729898, -33.279503668890342 ], [ -70.784265008581315, -33.27950464885334 ], [ -70.784266896884304, -33.279505656511375 ], [ -70.784268764069381, -33.279506691560542 ], [ -70.784270609573383, -33.279507753688684 ], [ -70.784272432839757, -33.279508842575467 ], [ -70.784274233318641, -33.279509957892493 ], [ -70.784276010466982, -33.279511099303399 ], [ -70.784277763748861, -33.279512266463946 ], [ -70.784279492635463, -33.279513459022141 ], [ -70.784281196605392, -33.279514676618277 ], [ -70.784282875144754, -33.279515918885217 ], [ -70.784851881710992, -33.279944459339845 ], [ -70.784472801641698, -33.280376990990852 ], [ -70.783746460231058, -33.279927964532448 ] ] ] ] } },
{ "type": "Feature", "properties": { "fid": "204", "Area": 3164.034 }, "geometry": { "type": "MultiPolygon", "coordinates": [ [ [ [ -70.783746436061165, -33.279927949590373 ], [ -70.783506821816005, -33.280201436655609 ], [ -70.784233136384429, -33.280650447143572 ], [ -70.784472801641698, -33.280376990990852 ], [ -70.783746436061165, -33.279927949590373 ] ] ] ] } },
{ "type": "Feature", "properties": { "fid": "205", "Area": 14495.511 }, "geometry": { "type": "MultiPolygon", "coordinates": [ [ [ [ -70.784233136384444, -33.280650447143572 ], [ -70.783506821816019, -33.280201436655609 ], [ -70.783167659389022, -33.280588479249062 ], [ -70.783165249119648, -33.280591180339407 ], [ -70.783162783223304, -33.280593845771712 ], [ -70.783160262447595, -33.280596474737884 ], [ -70.783157687556752, -33.280599066440871 ], [ -70.783155059331435, -33.280601620094913 ], [ -70.78315237856846, -33.280604134925809 ], [ -70.783149646080545, -33.280606610171112 ], [ -70.783146862696157, -33.280609045080396 ], [ -70.78314402925912, -33.280611438915422 ], [ -70.783141146628495, -33.280613790950454 ], [ -70.783138215678207, -33.280616100472386 ], [ -70.783135237296875, -33.28061836678102 ], [ -70.783132212387471, -33.280620589189262 ], [ -70.783129141867079, -33.28062276702336 ], [ -70.783126026666608, -33.280624899622993 ], [ -70.783122867730512, -33.280626986341609 ], [ -70.783119666016532, -33.280629026546578 ], [ -70.78311642249534, -33.280631019619342 ], [ -70.783113138150284, -33.280632964955643 ], [ -70.783109813977148, -33.280634861965687 ], [ -70.783106450983723, -33.280636710074376 ], [ -70.783103050189609, -33.28063850872136 ], [ -70.783099612625819, -33.280640257361355 ], [ -70.783096139334575, -33.280641955464176 ], [ -70.783092631368916, -33.280643602515028 ], [ -70.783089089792369, -33.280645198014547 ], [ -70.783085515678664, -33.280646741479003 ], [ -70.783081910111378, -33.280648232440463 ], [ -70.783078274183666, -33.280649670446891 ], [ -70.78307460899785, -33.280651055062314 ], [ -70.783070915665149, -33.280652385866951 ], [ -70.783067195305307, -33.280653662457333 ], [ -70.783063449046239, -33.280654884446392 ], [ -70.783059678023733, -33.280656051463687 ], [ -70.78305588338111, -33.280657163155382 ], [ -70.783052066268795, -33.280658219184438 ], [ -70.783048227844077, -33.280659219230671 ], [ -70.783044369270669, -33.280660162990927 ], [ -70.783040491718438, -33.280661050179063 ], [ -70.783036596362933, -33.280661880526075 ], [ -70.783032684385176, -33.28066265378024 ], [ -70.783028756971206, -33.280663369707128 ], [ -70.783024815311705, -33.280664028089667 ], [ -70.783020860601724, -33.280664628728267 ], [ -70.78301689404023, -33.280665171440823 ], [ -70.783012916829819, -33.280665656062787 ], [ -70.783008930176308, -33.280666082447233 ], [ -70.783004935288332, -33.280666450464892 ], [ -70.783000933377096, -33.280666760004195 ], [ -70.782996925655866, -33.280667010971278 ], [ -70.782992913339726, -33.280667203290072 ], [ -70.782988897645112, -33.280667336902269 ], [ -70.782984879789495, -33.28066741176734 ], [ -70.782980860991032, -33.28066742786261 ], [ -70.7827533626009, -33.280666675182928 ], [ -70.782751771208495, -33.280666681572285 ], [ -70.78275018019076, -33.280666711271223 ], [ -70.782748590031616, -33.280666764270713 ], [ -70.78274700121473, -33.28066684055463 ], [ -70.782745414223328, -33.280666940099763 ], [ -70.782743829540138, -33.280667062875843 ], [ -70.782742247647136, -33.280667208845536 ], [ -70.782740669025443, -33.280667377964434 ], [ -70.782739094155247, -33.280667570181102 ], [ -70.782737523515536, -33.280667785437061 ], [ -70.782735957583995, -33.28066802366687 ], [ -70.782734396836972, -33.280668284798054 ], [ -70.782732841749151, -33.280668568751203 ], [ -70.782731292793514, -33.280668875439908 ], [ -70.782729750441192, -33.280669204770916 ], [ -70.782728215161299, -33.280669556644071 ], [ -70.782726687420819, -33.280669930952342 ], [ -70.782725167684404, -33.280670327581852 ], [ -70.782723656414277, -33.280670746412 ], [ -70.782722154070143, -33.280671187315392 ], [ -70.782720661108911, -33.280671650157899 ], [ -70.782719177984703, -33.28067213479877 ], [ -70.782717705148613, -33.280672641090597 ], [ -70.782716243048597, -33.28067316887936 ], [ -70.782714792129369, -33.280673718004557 ], [ -70.782713352832246, -33.280674288299174 ], [ -70.782711925595024, -33.280674879589732 ], [ -70.782710510851743, -33.280675491696385 ], [ -70.782709109032751, -33.280676124432965 ], [ -70.782707720564403, -33.280676777607027 ], [ -70.78270634586903, -33.280677451019891 ], [ -70.782704985364731, -33.280678144466741 ], [ -70.782703639465325, -33.28067885773666 ], [ -70.782702308580184, -33.280679590612714 ], [ -70.782700993114105, -33.280680342871975 ], [ -70.78269969346718, -33.280681114285649 ], [ -70.782698410034712, -33.280681904619094 ], [ -70.782697143207074, -33.280682713631947 ], [ -70.782695893369564, -33.280683541078126 ], [ -70.782694660902351, -33.280684386705936 ], [ -70.782693446180275, -33.280685250258223 ], [ -70.782692249572818, -33.280686131472308 ], [ -70.782691071443921, -33.280687030080159 ], [ -70.782689912151952, -33.280687945808459 ], [ -70.782688772049482, -33.280688878378676 ], [ -70.7826876514833, -33.280689827507203 ], [ -70.782686550794239, -33.280690792905311 ], [ -70.782685470317048, -33.280691774279383 ], [ -70.782684410380412, -33.280692771330926 ], [ -70.782683371306675, -33.280693783756682 ], [ -70.782682353411914, -33.280694811248736 ], [ -70.782681357005714, -33.280695853494521 ], [ -70.782680382391135, -33.280696910177085 ], [ -70.782679429864601, -33.280697980974985 ], [ -70.782678499715857, -33.280699065562558 ], [ -70.782677592227799, -33.280700163609907 ], [ -70.782676707676458, -33.280701274783063 ], [ -70.782675846330861, -33.280702398744062 ], [ -70.782675008452998, -33.280703535151012 ], [ -70.782674194297726, -33.280704683658307 ], [ -70.782673404112671, -33.2807058439166 ], [ -70.78267263813818, -33.280707015572986 ], [ -70.782671896607226, -33.280708198271093 ], [ -70.782671179745336, -33.280709391651236 ], [ -70.782670487770559, -33.280710595350392 ], [ -70.782669820893389, -33.280711809002476 ], [ -70.782669179316628, -33.280713032238332 ], [ -70.782668563235433, -33.280714264685905 ], [ -70.782667972837189, -33.280715505970356 ], [ -70.782667408301464, -33.280716755714117 ], [ -70.782666869799982, -33.28071801353709 ], [ -70.78266635749651, -33.280719279056683 ], [ -70.782665871546911, -33.280720551887981 ], [ -70.782665412098936, -33.280721831643859 ], [ -70.782664979292377, -33.280723117935047 ], [ -70.782664573258856, -33.28072441037034 ], [ -70.782664194121864, -33.280725708556616 ], [ -70.782663841996722, -33.280727012099021 ], [ -70.782663516990553, -33.280728320601078 ], [ -70.782663219202192, -33.280729633664805 ], [ -70.782662948722233, -33.280730950890806 ], [ -70.782662705632916, -33.280732271878456 ], [ -70.782662490008207, -33.28073359622595 ], [ -70.782662301913675, -33.280734923530495 ], [ -70.782662141406533, -33.280736253388376 ], [ -70.78266200853561, -33.280737585395102 ], [ -70.782661903341321, -33.280738919145548 ], [ -70.782661825855655, -33.280740254234018 ], [ -70.782661776102174, -33.280741590254458 ], [ -70.782661754096026, -33.280742926800514 ], [ -70.782657839273, -33.281386620580733 ], [ -70.78265772775481, -33.281392904303509 ], [ -70.782657493569374, -33.281399185645355 ], [ -70.782657136779648, -33.281405462917036 ], [ -70.782656657481553, -33.281411734430392 ], [ -70.78265605580394, -33.281417998498839 ], [ -70.782655331908614, -33.281424253437805 ], [ -70.782654485990236, -33.281430497565125 ], [ -70.782653518276248, -33.281436729201587 ], [ -70.783002350385033, -33.281774549358971 ], [ -70.783243174602561, -33.281780113057088 ], [ -70.784233136384444, -33.280650447143572 ] ] ] ] } },
{ "type": "Feature", "properties": { "fid": "206", "Area": 7953.164 }, "geometry": { "type": "MultiPolygon", "coordinates": [ [ [ [ -70.783169247975124, -33.279410747856666 ], [ -70.783600601088196, -33.279896591174762 ], [ -70.783055261037433, -33.280518996796573 ], [ -70.783054308139555, -33.280520064668679 ], [ -70.783053333249697, -33.280521118443396 ], [ -70.783052336663431, -33.280522157801272 ], [ -70.783051318682851, -33.280523182427174 ], [ -70.783050279616646, -33.280524192010461 ], [ -70.783049219779798, -33.280525186245072 ], [ -70.78304813949363, -33.280526164829567 ], [ -70.783047039085687, -33.280527127467231 ], [ -70.783045918889556, -33.28052807386625 ], [ -70.783044779244847, -33.280529003739687 ], [ -70.783043620497125, -33.280529916805612 ], [ -70.783042442997655, -33.280530812787212 ], [ -70.783041247103441, -33.280531691412847 ], [ -70.783040033177031, -33.280532552416133 ], [ -70.7830388015865, -33.280533395536047 ], [ -70.78303755270521, -33.280534220516955 ], [ -70.783036286911795, -33.280535027108755 ], [ -70.783035004590033, -33.280535815066884 ], [ -70.783033706128663, -33.280536584152486 ], [ -70.783032391921381, -33.280537334132354 ], [ -70.783031062366618, -33.280538064779137 ], [ -70.783029717867464, -33.2805387758713 ], [ -70.78302835883153, -33.280539467193272 ], [ -70.783026985670858, -33.280540138535457 ], [ -70.783025598801743, -33.2805407896943 ], [ -70.783024198644682, -33.28054142047241 ], [ -70.783022785624141, -33.280542030678532 ], [ -70.783021360168561, -33.280542620127676 ], [ -70.783019922710054, -33.280543188641126 ], [ -70.78301847368445, -33.280543736046525 ], [ -70.783017013531051, -33.280544262177884 ], [ -70.783015542692581, -33.280544766875728 ], [ -70.783014061614921, -33.280545249987043 ], [ -70.783012570747132, -33.280545711365363 ], [ -70.783011070541178, -33.280546150870769 ], [ -70.783009561451934, -33.280546568370049 ], [ -70.783008043936874, -33.280546963736612 ], [ -70.783006518456119, -33.280547336850596 ], [ -70.783004985472147, -33.280547687598876 ], [ -70.783003445449708, -33.280548015875134 ], [ -70.783001898855716, -33.280548321579808 ], [ -70.783000346159056, -33.280548604620236 ], [ -70.782998787830493, -33.280548864910621 ], [ -70.782997224342466, -33.280549102372007 ], [ -70.782995656168978, -33.280549316932429 ], [ -70.782994083785482, -33.280549508526846 ], [ -70.782992507668681, -33.280549677097156 ], [ -70.782990928296428, -33.280549822592256 ], [ -70.782989346147545, -33.280549944968008 ], [ -70.782987761701705, -33.280550044187358 ], [ -70.782986175439277, -33.280550120220205 ], [ -70.782984587841199, -33.280550173043494 ], [ -70.782982999388778, -33.280550202641194 ], [ -70.782981410563593, -33.28055020900436 ], [ -70.782754295295632, -33.280549462265078 ], [ -70.78275271908123, -33.28054944571219 ], [ -70.782751143442454, -33.280549406292103 ], [ -70.782749568849525, -33.280549344016592 ], [ -70.782747995772311, -33.280549258904223 ], [ -70.782746424680255, -33.280549150980413 ], [ -70.782744856042243, -33.280549020277377 ], [ -70.782743290326366, -33.280548866834081 ], [ -70.782741727999877, -33.280548690696349 ], [ -70.782740169529035, -33.280548491916733 ], [ -70.782738615378889, -33.280548270554576 ], [ -70.782737066013254, -33.280548026675902 ], [ -70.782735521894509, -33.280547760353514 ], [ -70.782733983483439, -33.280547471666871 ], [ -70.782732451239141, -33.280547160702163 ], [ -70.782730925618893, -33.280546827552122 ], [ -70.782729407077966, -33.28054647231626 ], [ -70.782727896069517, -33.280546095100483 ], [ -70.782726393044484, -33.280545696017441 ], [ -70.78272489845142, -33.280545275186206 ], [ -70.782723412736303, -33.28054483273236 ], [ -70.782721936342554, -33.280544368787929 ], [ -70.782720469710739, -33.280543883491404 ], [ -70.782719013278538, -33.280543376987552 ], [ -70.782717567480589, -33.28054284942759 ], [ -70.782716132748362, -33.280542300968918 ], [ -70.782714709510003, -33.280541731775195 ], [ -70.782713298190231, -33.280541142016311 ], [ -70.782711899210241, -33.280540531868262 ], [ -70.782710512987521, -33.28053990151313 ], [ -70.782709139935733, -33.280539251139025 ], [ -70.782707780464634, -33.280538580940018 ], [ -70.782706434979943, -33.280537891116126 ], [ -70.782705103883174, -33.280537181873207 ], [ -70.782703787571549, -33.280536453422918 ], [ -70.782702486437898, -33.280535705982672 ], [ -70.782701200870491, -33.280534939775478 ], [ -70.782699931252992, -33.280534155030018 ], [ -70.782698677964291, -33.280533351980466 ], [ -70.782697441378389, -33.280532530866488 ], [ -70.782696221864313, -33.280531691933099 ], [ -70.78269501978599, -33.280530835430675 ], [ -70.78269383550213, -33.280529961614818 ], [ -70.782692669366199, -33.280529070746312 ], [ -70.782691521726164, -33.280528163090963 ], [ -70.782690392924536, -33.280527238919682 ], [ -70.78268928329814, -33.280526298508249 ], [ -70.782688193178146, -33.280525342137295 ], [ -70.782687122889854, -33.280524370092238 ], [ -70.782686072752668, -33.280523382663155 ], [ -70.782685043079965, -33.280522380144731 ], [ -70.782684034179042, -33.280521362836126 ], [ -70.782683046350968, -33.280520331040933 ], [ -70.782682079890535, -33.280519285067065 ], [ -70.782681135086165, -33.280518225226665 ], [ -70.782680212219788, -33.280517151836023 ], [ -70.782679311566824, -33.280516065215444 ], [ -70.782678433396043, -33.280514965689221 ], [ -70.782677577969537, -33.280513853585489 ], [ -70.782676745542545, -33.280512729236108 ], [ -70.782675936363489, -33.280511592976602 ], [ -70.782675150673882, -33.280510445146071 ], [ -70.782674388708159, -33.28050928608706 ], [ -70.782673650693724, -33.280508116145441 ], [ -70.782672936850801, -33.280506935670367 ], [ -70.782672247392426, -33.280505745014139 ], [ -70.782671582524358, -33.280504544532036 ], [ -70.782670942444994, -33.280503334582342 ], [ -70.782670327345343, -33.280502115526126 ], [ -70.782669737408995, -33.280500887727165 ], [ -70.782669172811964, -33.280499651551906 ], [ -70.78266863372275, -33.280498407369201 ], [ -70.782668120302247, -33.280497155550385 ], [ -70.782667632703649, -33.280495896469013 ], [ -70.782667171072461, -33.280494630500833 ], [ -70.782666735546485, -33.280493358023627 ], [ -70.782666326255651, -33.280492079417144 ], [ -70.782665943322101, -33.280490795062931 ], [ -70.782665586860119, -33.28048950534432 ], [ -70.782665256976102, -33.280488210646126 ], [ -70.78266495376846, -33.280486911354778 ], [ -70.782664677327702, -33.280485607857969 ], [ -70.782664427736293, -33.280484300544707 ], [ -70.782664205068755, -33.280482989805144 ], [ -70.782664009391496, -33.280481676030433 ], [ -70.782663840762964, -33.280480359612596 ], [ -70.78266369923341, -33.280479040944535 ], [ -70.782663584845125, -33.280477720419725 ], [ -70.782663497632214, -33.280476398432292 ], [ -70.782663437620712, -33.280475075376721 ], [ -70.782663404828526, -33.280473751647826 ], [ -70.782663399265431, -33.280472427640674 ], [ -70.78266970542856, -33.279435611386724 ], [ -70.782669726120233, -33.279434324527962 ], [ -70.782669772534277, -33.27943303814245 ], [ -70.782669844657605, -33.279431752592899 ], [ -70.782669942469866, -33.279430468241777 ], [ -70.782670065943478, -33.279429185451235 ], [ -70.782670215043638, -33.279427904582931 ], [ -70.782670389728295, -33.27942662599807 ], [ -70.782670589948211, -33.27942535005711 ], [ -70.782670815646895, -33.279424077119856 ], [ -70.782671066760741, -33.27942280754521 ], [ -70.782671343218936, -33.279421541691129 ], [ -70.782671644943534, -33.279420279914554 ], [ -70.782671971849439, -33.279419022571254 ], [ -70.782672323844494, -33.279417770015741 ], [ -70.782672700829423, -33.279416522601174 ], [ -70.782673102697984, -33.279415280679302 ], [ -70.782673529336805, -33.279414044600287 ], [ -70.783169247975124, -33.279410747856666 ] ] ] ] } },
{ "type": "Feature", "properties": { "fid": "207", "Area": 27559.557 }, "geometry": { "type": "MultiPolygon", "coordinates": [ [ [ [ -70.781207444065885, -33.279299692899848 ], [ -70.781804307737261, -33.279668309331406 ], [ -70.780967466740563, -33.280625146785667 ], [ -70.78096081167773, -33.280632895648822 ], [ -70.780954317869913, -33.280640740439274 ], [ -70.780947987276662, -33.280648678789881 ], [ -70.780941821808284, -33.280656708305216 ], [ -70.780935823325251, -33.280664826562408 ], [ -70.780929993637656, -33.280673031111732 ], [ -70.780924334504647, -33.28068131947753 ], [ -70.780918847633927, -33.280689689158741 ], [ -70.780913534681204, -33.280698137629827 ], [ -70.780908397249704, -33.280706662341473 ], [ -70.780903436889716, -33.280715260721315 ], [ -70.780898655098071, -33.280723930174823 ], [ -70.780894053317738, -33.280732668085975 ], [ -70.78088963293736, -33.280741471818089 ], [ -70.780885395290838, -33.280750338714661 ], [ -70.780881341656965, -33.280759266100084 ], [ -70.780877473258954, -33.280768251280513 ], [ -70.780873791264156, -33.280777291544652 ], [ -70.780870296783704, -33.280786384164621 ], [ -70.780866990872099, -33.280795526396695 ], [ -70.780863874526958, -33.280804715482191 ], [ -70.780860948688726, -33.280813948648316 ], [ -70.780858214240311, -33.280823223108897 ], [ -70.780855672006922, -33.280832536065418 ], [ -70.780853322755746, -33.280841884707634 ], [ -70.780851167195706, -33.280851266214597 ], [ -70.780849205977319, -33.280860677755413 ], [ -70.780847439692479, -33.280870116490163 ], [ -70.780845868874195, -33.280879579570644 ], [ -70.78084449399654, -33.280889064141377 ], [ -70.780843315474442, -33.280898567340373 ], [ -70.780842333663614, -33.280908086300023 ], [ -70.780841548860352, -33.280917618147953 ], [ -70.78084096130155, -33.280927160007906 ], [ -70.780840571164575, -33.280936709000606 ], [ -70.780840378567206, -33.280946262244619 ], [ -70.780840383567636, -33.280955816857237 ], [ -70.780840586164402, -33.280965369955304 ], [ -70.78084098629644, -33.280974918656177 ], [ -70.780841583843099, -33.280984460078486 ], [ -70.780842378624115, -33.280993991343081 ], [ -70.780843370399708, -33.281003509573871 ], [ -70.780844558870683, -33.281013011898715 ], [ -70.7808459436785, -33.281022495450237 ], [ -70.780847524405317, -33.281031957366743 ], [ -70.780849300574218, -33.281041394793085 ], [ -70.780851271649311, -33.281050804881474 ], [ -70.780853437035873, -33.281060184792359 ], [ -70.780855796080544, -33.281069531695358 ], [ -70.780998643707747, -33.281612233773068 ], [ -70.780998758722802, -33.281612695592578 ], [ -70.780998864156359, -33.281613159022584 ], [ -70.780998959976486, -33.281613623922858 ], [ -70.780999046154221, -33.281614090152708 ], [ -70.780999122663459, -33.281614557571089 ], [ -70.780999189481065, -33.281615026036555 ], [ -70.780999246586816, -33.281615495407344 ], [ -70.780999293963433, -33.28161596554142 ], [ -70.78099933159659, -33.281616436296545 ], [ -70.780999359474876, -33.281616907530264 ], [ -70.780999377589879, -33.281617379099984 ], [ -70.780999385936099, -33.281617850863029 ], [ -70.78099938451102, -33.281618322676628 ], [ -70.780999373315098, -33.281618794398021 ], [ -70.780999352351657, -33.281619265884487 ], [ -70.780999321627093, -33.281619736993335 ], [ -70.780999281150699, -33.281620207582023 ], [ -70.780999230934697, -33.281620677508144 ], [ -70.780999170994292, -33.281621146629526 ], [ -70.780999101347646, -33.281621614804202 ], [ -70.780999022015791, -33.281622081890518 ], [ -70.780998933022772, -33.281622547747133 ], [ -70.780998834395476, -33.281623012233062 ], [ -70.780998726163787, -33.281623475207788 ], [ -70.780998608360434, -33.281623936531197 ], [ -70.780998481021044, -33.281624396063727 ], [ -70.780998344184198, -33.28162485366628 ], [ -70.780998197891265, -33.28162530920045 ], [ -70.780998042186511, -33.281625762528343 ], [ -70.780997877117073, -33.281626213512823 ], [ -70.780997702732861, -33.281626662017395 ], [ -70.780997519086696, -33.281627107906395 ], [ -70.7809973262341, -33.281627551044835 ], [ -70.780997124233451, -33.28162799129867 ], [ -70.78099691314587, -33.281628428534695 ], [ -70.78099669303522, -33.281628862620565 ], [ -70.780996463968108, -33.281629293424963 ], [ -70.780996226013855, -33.281629720817506 ], [ -70.780995979244466, -33.281630144668895 ], [ -70.780995723734591, -33.281630564850865 ], [ -70.780995459561566, -33.281630981236262 ], [ -70.780995186805313, -33.281631393699136 ], [ -70.780994905548383, -33.281631802114617 ], [ -70.780994615875855, -33.281632206359156 ], [ -70.780994317875397, -33.281632606310446 ], [ -70.780994011637176, -33.281633001847425 ], [ -70.780993697253862, -33.281633392850445 ], [ -70.780993374820582, -33.281633779201172 ], [ -70.780993044434894, -33.281634160782716 ], [ -70.780992706196784, -33.281634537479611 ], [ -70.780992360208586, -33.281634909177875 ], [ -70.780992006575005, -33.281635275764998 ], [ -70.78099164540302, -33.281635637130115 ], [ -70.780991276801942, -33.281635993163817 ], [ -70.78099090088331, -33.281636343758422 ], [ -70.78099051776087, -33.281636688807829 ], [ -70.780990127550524, -33.281637028207619 ], [ -70.780989730370379, -33.281637361855118 ], [ -70.780989326340602, -33.281637689649315 ], [ -70.78098891558345, -33.28163801149109 ], [ -70.780988498223223, -33.281638327283012 ], [ -70.780988074386201, -33.281638636929543 ], [ -70.780987644200636, -33.281638940336983 ], [ -70.780987207796684, -33.281639237413508 ], [ -70.780986765306423, -33.281639528069256 ], [ -70.780986316863718, -33.28163981221627 ], [ -70.780985862604282, -33.281640089768544 ], [ -70.780985402665564, -33.281640360642122 ], [ -70.78098493718673, -33.28164062475502 ], [ -70.780984466308652, -33.28164088202734 ], [ -70.780983990173794, -33.281641132381218 ], [ -70.780983508926226, -33.281641375740918 ], [ -70.780983022711567, -33.281641612032764 ], [ -70.780982531676955, -33.281641841185319 ], [ -70.780982035970965, -33.281642063129169 ], [ -70.780981535743607, -33.281642277797218 ], [ -70.780981031146226, -33.281642485124465 ], [ -70.780980522331504, -33.281642685048212 ], [ -70.78098000945343, -33.281642877507949 ], [ -70.780979492667157, -33.281643062445411 ], [ -70.780978972129091, -33.28164323980468 ], [ -70.780978447996745, -33.281643409532087 ], [ -70.780977920428697, -33.281643571576247 ], [ -70.780977389584592, -33.281643725888138 ], [ -70.780976855625042, -33.281643872421078 ], [ -70.780976318711637, -33.281644011130709 ], [ -70.780975779006837, -33.281644141975079 ], [ -70.780975236673953, -33.281644264914576 ], [ -70.780974691877091, -33.281644379912002 ], [ -70.780974144781084, -33.281644486932571 ], [ -70.779419702602581, -33.281932933619061 ], [ -70.779418336530341, -33.281933176686351 ], [ -70.779416965644756, -33.281933399818698 ], [ -70.77941559035817, -33.281933602948925 ], [ -70.779414211084259, -33.281933786015991 ], [ -70.779412828237838, -33.281933948964806 ], [ -70.779411442234874, -33.281934091746372 ], [ -70.779410053492256, -33.281934214317722 ], [ -70.779408662427656, -33.281934316642023 ], [ -70.779407269459512, -33.281934398688456 ], [ -70.779405875006788, -33.281934460432375 ], [ -70.779404479488889, -33.281934501855183 ], [ -70.77940308332559, -33.281934522944468 ], [ -70.779401686936808, -33.281934523693828 ], [ -70.779400290742544, -33.28193450410307 ], [ -70.779398895162771, -33.281934464178079 ], [ -70.779397500617236, -33.281934403930876 ], [ -70.7793961075254, -33.281934323379559 ], [ -70.779394716306257, -33.281934222548379 ], [ -70.779393327378273, -33.281934101467641 ], [ -70.779391941159204, -33.281933960173795 ], [ -70.779390558066012, -33.281933798709296 ], [ -70.779389178514677, -33.28193361712276 ], [ -70.779387802920155, -33.281933415468757 ], [ -70.77938643169621, -33.281933193807966 ], [ -70.779385065255255, -33.281932952207057 ], [ -70.779383704008296, -33.281932690738707 ], [ -70.779382348364791, -33.281932409481527 ], [ -70.779380998732449, -33.281932108520152 ], [ -70.779379655517261, -33.281931787945084 ], [ -70.779378319123182, -33.281931447852756 ], [ -70.779376989952226, -33.281931088345452 ], [ -70.779375668404143, -33.281930709531295 ], [ -70.779374354876467, -33.281930311524242 ], [ -70.779373049764246, -33.281929894444005 ], [ -70.77937175346004, -33.281929458416037 ], [ -70.77937046635374, -33.281929003571477 ], [ -70.779369188832518, -33.281928530047125 ], [ -70.77936792128061, -33.281928037985423 ], [ -70.779366664079248, -33.281927527534364 ], [ -70.779365417606584, -33.281926998847482 ], [ -70.779364182237558, -33.281926452083809 ], [ -70.779362958343697, -33.28192588740778 ], [ -70.779361746293176, -33.281925304989265 ], [ -70.779360546450533, -33.281924705003412 ], [ -70.779359359176624, -33.281924087630706 ], [ -70.77935818482861, -33.281923453056834 ], [ -70.779357023759673, -33.281922801472668 ], [ -70.779355876319059, -33.281922133074175 ], [ -70.779354742851893, -33.28192144806242 ], [ -70.779069469295322, -33.281745868689654 ], [ -70.781207444065885, -33.279299692899848 ] ] ] ] } },
{ "type": "Feature", "properties": { "fid": "208", "Area": 12928.697 }, "geometry": { "type": "MultiPolygon", "coordinates": [ [ [ [ -70.782007652852514, -33.27979379221901 ], [ -70.782182641368237, -33.279901739835601 ], [ -70.782226697010799, -33.280594205047358 ], [ -70.78201907990119, -33.280831643198965 ], [ -70.782162955939299, -33.281378236109212 ], [ -70.781240592236756, -33.281549821931137 ], [ -70.781101663103513, -33.281021997344958 ], [ -70.781100258622786, -33.281016281507753 ], [ -70.781098971806259, -33.281010546161383 ], [ -70.781097803037284, -33.281004793014532 ], [ -70.781096752664041, -33.280999023781199 ], [ -70.781095820999411, -33.280993240180081 ], [ -70.781095008320946, -33.280987443934251 ], [ -70.781094314870728, -33.280981636770569 ], [ -70.78109374085534, -33.28097582041903 ], [ -70.781093286445767, -33.280969996612455 ], [ -70.781092951777325, -33.280964167085884 ], [ -70.781092736949759, -33.280958333576017 ], [ -70.781092642026991, -33.280952497820763 ], [ -70.781092667037299, -33.280946661558708 ], [ -70.781092811973195, -33.2809408265286 ], [ -70.781093076791493, -33.280934994468801 ], [ -70.781093461413263, -33.280929167116724 ], [ -70.781093965723912, -33.280923346208525 ], [ -70.781094589573144, -33.280917533478309 ], [ -70.781095332775109, -33.28091173065782 ], [ -70.781096195108347, -33.280905939475801 ], [ -70.781097176315939, -33.280900161657563 ], [ -70.781098276105553, -33.280894398924431 ], [ -70.781099494149501, -33.280888652993184 ], [ -70.781100830084895, -33.280882925575682 ], [ -70.781102283513704, -33.280877218378215 ], [ -70.781103854002907, -33.280871533101028 ], [ -70.7811055410846, -33.280865871437889 ], [ -70.781107344256156, -33.280860235075522 ], [ -70.781109262980351, -33.280854625693067 ], [ -70.781111296685552, -33.280849044961677 ], [ -70.78111344476585, -33.280843494543944 ], [ -70.781115706581275, -33.280837976093423 ], [ -70.781118081457961, -33.280832491254174 ], [ -70.781120568688394, -33.28082704166021 ], [ -70.781123167531547, -33.280821628935058 ], [ -70.781125877213157, -33.28081625469126 ], [ -70.781128696925947, -33.280810920529923 ], [ -70.781131625829858, -33.280805628040149 ], [ -70.781134663052313, -33.280800378798673 ], [ -70.781137807688438, -33.280795174369338 ], [ -70.781141058801381, -33.280790016302625 ], [ -70.781144415422546, -33.280784906135196 ], [ -70.781147876551927, -33.280779845389475 ], [ -70.7811514411584, -33.280774835573133 ], [ -70.781155108179959, -33.280769878178688 ], [ -70.781158876524145, -33.280764974683002 ], [ -70.781162745068272, -33.280760126546937 ], [ -70.781166712659825, -33.280755335214835 ], [ -70.781170778116788, -33.280750602114068 ], [ -70.782007652852514, -33.27979379221901 ] ] ] ] } },
{ "type": "Feature", "properties": { "fid": "209", "Area": 6010.915 }, "geometry": { "type": "MultiPolygon", "coordinates": [ [ [ [ -70.781281719498665, -33.283995093595578 ], [ -70.780512126983794, -33.283519359326924 ], [ -70.780137872906508, -33.283946344095867 ], [ -70.7801315540936, -33.283953422020126 ], [ -70.780125104812043, -33.283960416438447 ], [ -70.780118526625984, -33.283967325654494 ], [ -70.780111821130774, -33.283974147992559 ], [ -70.780104989952676, -33.283980881798009 ], [ -70.780098034748406, -33.28398752543773 ], [ -70.780733404965574, -33.28450520514928 ], [ -70.781281719498665, -33.283995093595578 ] ] ] ] } },
{ "type": "Feature", "properties": { "fid": "210", "Area": 5837.353 }, "geometry": { "type": "MultiPolygon", "coordinates": [ [ [ [ -70.780107953198311, -33.284943480263024 ], [ -70.779558056545284, -33.284354307550835 ], [ -70.780010868577392, -33.28405618101479 ], [ -70.780019375098632, -33.284050487031074 ], [ -70.780027771491476, -33.284044678882474 ], [ -70.780036055584191, -33.284038758071297 ], [ -70.78004422523405, -33.284032726129027 ], [ -70.780052278327972, -33.284026584615852 ], [ -70.780060212782971, -33.28402033512031 ], [ -70.7800680265468, -33.284013979258894 ], [ -70.780075717598379, -33.28400751867558 ], [ -70.780083283948414, -33.284000955041421 ], [ -70.780090723639859, -33.28399429005416 ], [ -70.780098034748406, -33.28398752543773 ], [ -70.780733404965574, -33.28450520514928 ], [ -70.78061340229543, -33.28461069371663 ], [ -70.780107953198311, -33.284943480263024 ] ] ] ] } },
{ "type": "Feature", "properties": { "fid": "211", "Area": 3155.297 }, "geometry": { "type": "MultiPolygon", "coordinates": [ [ [ [ -70.779786881930406, -33.285154869079797 ], [ -70.780107953034118, -33.284943480087136 ], [ -70.779558056545284, -33.284354307550835 ], [ -70.779236986675969, -33.284565694286975 ], [ -70.779786881930406, -33.285154869079797 ] ] ] ] } },
{ "type": "Feature", "properties": { "fid": "212", "Area": 10099.817 }, "geometry": { "type": "MultiPolygon", "coordinates": [ [ [ [ -70.781423206260399, -33.282491229155106 ], [ -70.781425602164234, -33.282481927204635 ], [ -70.78142781070386, -33.282472592597962 ], [ -70.781429831249483, -33.282463227997255 ], [ -70.781431663224893, -33.282453836073216 ], [ -70.781433306107715, -33.282444419504323 ], [ -70.781434759429459, -33.282434980976156 ], [ -70.781436022775708, -33.282425523180486 ], [ -70.781437095786259, -33.282416048814596 ], [ -70.781437978155097, -33.28240656058054 ], [ -70.781438669630703, -33.282397061184248 ], [ -70.781439170015886, -33.282387553334871 ], [ -70.781439479168043, -33.282378039743996 ], [ -70.78143959699905, -33.282368523124809 ], [ -70.781439523475356, -33.282359006191342 ], [ -70.781439258618008, -33.282349491657783 ], [ -70.781438802502592, -33.282339982237581 ], [ -70.781438155259252, -33.282330480642749 ], [ -70.781437317072658, -33.282320989583042 ], [ -70.781436288181879, -33.282311511765222 ], [ -70.781435068880441, -33.282302049892316 ], [ -70.781433659516125, -33.282292606662715 ], [ -70.781432060490928, -33.282283184769597 ], [ -70.781430272260934, -33.28227378689995 ], [ -70.781428295336198, -33.28226441573397 ], [ -70.781426130280579, -33.282255073944256 ], [ -70.781423777711595, -33.282245764194968 ], [ -70.781345596727363, -33.281948750792012 ], [ -70.781878484338449, -33.281842384858678 ], [ -70.781888194258741, -33.281840522469729 ], [ -70.781897941168893, -33.281838801782925 ], [ -70.781907722137873, -33.281837223315684 ], [ -70.781917534224348, -33.281835787542697 ], [ -70.781927374477647, -33.281834494895733 ], [ -70.781937239938628, -33.281833345763488 ], [ -70.781947127640578, -33.281832340491526 ], [ -70.781957034610102, -33.281831479382177 ], [ -70.781966957867965, -33.281830762694369 ], [ -70.781976894430116, -33.281830190643603 ], [ -70.781986841308424, -33.281829763401944 ], [ -70.781996795511674, -33.281829481097844 ], [ -70.782006754046506, -33.281829343816192 ], [ -70.782016713918182, -33.281829351598276 ], [ -70.782026672131593, -33.28182950444176 ], [ -70.782036625692129, -33.281829802300663 ], [ -70.782046571606614, -33.281830245085452 ], [ -70.782056506884089, -33.281830832662934 ], [ -70.782066428536879, -33.281831564856404 ], [ -70.782076333581358, -33.281832441445715 ], [ -70.782086219038888, -33.281833462167235 ], [ -70.782096081936757, -33.281834626714009 ], [ -70.782105919309004, -33.281835934735867 ], [ -70.782115728197368, -33.281837385839417 ], [ -70.782125505652147, -33.281838979588308 ], [ -70.78213524873307, -33.281840715503286 ], [ -70.78214495451023, -33.281842593062301 ], [ -70.782154620064929, -33.281844611700748 ], [ -70.782164242490552, -33.28184677081159 ], [ -70.782173818893469, -33.281849069745533 ], [ -70.782183346393879, -33.281851507811261 ], [ -70.782192822126703, -33.281854084275587 ], [ -70.782202243242395, -33.281856798363727 ], [ -70.782211606907879, -33.281859649259502 ], [ -70.782220910307302, -33.281862636105579 ], [ -70.782230150642974, -33.281865758003796 ], [ -70.782239325136175, -33.281869014015328 ], [ -70.782248431027909, -33.281872403161003 ], [ -70.782257465579931, -33.281875924421676 ], [ -70.782266426075338, -33.281879576738426 ], [ -70.782275309819553, -33.281883359012959 ], [ -70.782284114141063, -33.281887270107831 ], [ -70.78229283639223, -33.28189130884693 ], [ -70.782301473950113, -33.281895474015741 ], [ -70.782310024217253, -33.28189976436169 ], [ -70.78231848462238, -33.28190417859463 ], [ -70.78232685262131, -33.281908715387061 ], [ -70.782335125697585, -33.281913373374763 ], [ -70.782343301363369, -33.28191815115693 ], [ -70.782351377160055, -33.281923047296821 ], [ -70.782359350659078, -33.281928060322073 ], [ -70.782367219462657, -33.281933188725169 ], [ -70.78237498120447, -33.281938430963919 ], [ -70.782382633550398, -33.281943785461863 ], [ -70.78239017419925, -33.281949250608832 ], [ -70.782397600883343, -33.281954824761293 ], [ -70.782404911369326, -33.28196050624306 ], [ -70.782412103458825, -33.281966293345562 ], [ -70.782800991913959, -33.282284486934017 ], [ -70.782203981974774, -33.282965611664309 ], [ -70.781898578176992, -33.28265362869125 ], [ -70.781423206260399, -33.282491229155106 ] ] ] ] } },
{ "type": "Feature", "properties": { "fid": "213", "Area": 4195.741 }, "geometry": { "type": "MultiPolygon", "coordinates": [ [ [ [ -70.781423206260399, -33.282491229155113 ], [ -70.781420572181759, -33.28250067365142 ], [ -70.781417744952989, -33.282510078669397 ], [ -70.781414725411679, -33.282519441422643 ], [ -70.78141151445233, -33.282528759137264 ], [ -70.781408113026217, -33.282538029052724 ], [ -70.781404522140988, -33.282547248422645 ], [ -70.781400742860455, -33.282556414515604 ], [ -70.781396776304248, -33.282565524616011 ], [ -70.781392623647463, -33.282574576024786 ], [ -70.781388286120333, -33.282583566060318 ], [ -70.781383765007917, -33.282592492059109 ], [ -70.78137906164956, -33.282601351376684 ], [ -70.781374177438721, -33.282610141388311 ], [ -70.781369113822365, -33.282618859489766 ], [ -70.781363872300616, -33.282627503098134 ], [ -70.781358454426339, -33.282636069652618 ], [ -70.781352861804621, -33.282644556615168 ], [ -70.781347096092347, -33.282652961471378 ], [ -70.781341158997648, -33.282661281731144 ], [ -70.781335052279488, -33.282669514929438 ], [ -70.781328777747021, -33.282677658627001 ], [ -70.781322337259155, -33.282685710411087 ], [ -70.781315732723996, -33.282693667896233 ], [ -70.781308966098194, -33.282701528724843 ], [ -70.781196833264985, -33.282829460376547 ], [ -70.781927457298693, -33.28328110089614 ], [ -70.782203981974774, -33.282965611664309 ], [ -70.781898578176992, -33.28265362869125 ], [ -70.781423206260399, -33.282491229155113 ] ] ] ] } },
{ "type": "Feature", "properties": { "fid": "214", "Area": 4870.836 }, "geometry": { "type": "MultiPolygon", "coordinates": [ [ [ [ -70.779236986675969, -33.284565694286975 ], [ -70.778861306434166, -33.284813033229838 ], [ -70.778860064901764, -33.284813865374026 ], [ -70.778858840802599, -33.284814715541955 ], [ -70.778857634507546, -33.284815583476018 ], [ -70.778856446382093, -33.284816468913256 ], [ -70.778855276786203, -33.284817371585397 ], [ -70.778854126074265, -33.284818291218961 ], [ -70.778852994594914, -33.284819227535294 ], [ -70.778851882690958, -33.284820180250705 ], [ -70.778850790699295, -33.284821149076585 ], [ -70.778849718950781, -33.284822133719366 ], [ -70.77884866777012, -33.284823133880728 ], [ -70.778847637475806, -33.284824149257624 ], [ -70.778846628380023, -33.284825179542452 ], [ -70.778845640788475, -33.284826224423014 ], [ -70.778844675000386, -33.284827283582743 ], [ -70.778843731308399, -33.28482835670075 ], [ -70.778842809998409, -33.284829443451905 ], [ -70.778841911349588, -33.284830543506914 ], [ -70.778841035634173, -33.284831656532511 ], [ -70.778840183117509, -33.284832782191444 ], [ -70.77883935405788, -33.28483392014266 ], [ -70.778838548706489, -33.28483507004141 ], [ -70.778837767307351, -33.284836231539281 ], [ -70.778837010097192, -33.284837404284367 ], [ -70.778836277305459, -33.284838587921328 ], [ -70.77883556915414, -33.284839782091574 ], [ -70.778834885857833, -33.284840986433274 ], [ -70.778834227623534, -33.284842200581537 ], [ -70.778833594650706, -33.284843424168507 ], [ -70.778832987131111, -33.284844656823459 ], [ -70.778832405248792, -33.284845898172904 ], [ -70.778831849180108, -33.284847147840765 ], [ -70.778831319093484, -33.284848405448408 ], [ -70.778830815149547, -33.28484967061479 ], [ -70.778830337501006, -33.284850942956595 ], [ -70.778829886292542, -33.28485222208834 ], [ -70.778829461660877, -33.284853507622458 ], [ -70.77882906373469, -33.284854799169459 ], [ -70.778828692634519, -33.284856096338032 ], [ -70.778828348472814, -33.284857398735149 ], [ -70.778828031353854, -33.284858705966222 ], [ -70.778827741373703, -33.284860017635189 ], [ -70.778827478620229, -33.284861333344608 ], [ -70.778827243173069, -33.284862652695892 ], [ -70.778827035103518, -33.284863975289262 ], [ -70.778826854474644, -33.284865300724029 ], [ -70.77882670134116, -33.284866628598564 ], [ -70.778826575749491, -33.284867958510581 ], [ -70.778826477737653, -33.284869290057152 ], [ -70.778826407335387, -33.284870622834809 ], [ -70.778826364563983, -33.284871956439773 ], [ -70.778826349436414, -33.284873290467985 ], [ -70.778826361957272, -33.284874624515233 ], [ -70.778826402122775, -33.284875958177359 ], [ -70.77882646992073, -33.284877291050279 ], [ -70.778826565330618, -33.28487862273014 ], [ -70.77882668832352, -33.284879952813476 ], [ -70.778826838862159, -33.284881280897302 ], [ -70.778827016900962, -33.284882606579238 ], [ -70.778827222385971, -33.284883929457614 ], [ -70.778827455254927, -33.284885249131641 ], [ -70.778827715437259, -33.284886565201454 ], [ -70.778828002854169, -33.284887877268332 ], [ -70.778828317418558, -33.284889184934762 ], [ -70.778828659035128, -33.284890487804475 ], [ -70.778829027600352, -33.284891785482806 ], [ -70.778829423002605, -33.284893077576527 ], [ -70.778829845122061, -33.284894363694185 ], [ -70.778830293830836, -33.284895643446092 ], [ -70.778830768992975, -33.284896916444538 ], [ -70.778831270464522, -33.284898182303792 ], [ -70.778831798093535, -33.284899440640338 ], [ -70.778832351720141, -33.284900691072913 ], [ -70.778832931176623, -33.284901933222692 ], [ -70.778833536287408, -33.284903166713285 ], [ -70.778834166869174, -33.28490439117099 ], [ -70.778834822730843, -33.284905606224811 ], [ -70.778835503673719, -33.284906811506623 ], [ -70.778836209491487, -33.284908006651222 ], [ -70.779080825979591, -33.285313127127033 ], [ -70.77908630013448, -33.285321000294289 ], [ -70.779091934502233, -33.285328793325377 ], [ -70.779097727420321, -33.285336503920774 ], [ -70.779103677179435, -33.285344129805232 ], [ -70.779109782023966, -33.285351668728595 ], [ -70.779116040152601, -33.285359118466275 ], [ -70.779122449718699, -33.285366476820037 ], [ -70.779129008831021, -33.285373741618585 ], [ -70.779135715554148, -33.285380910718288 ], [ -70.779142567909119, -33.285387982003684 ], [ -70.779149563874, -33.285394953388206 ], [ -70.779156701384494, -33.285401822814769 ], [ -70.779163978334481, -33.28540858825636 ], [ -70.779171392576771, -33.285415247716671 ], [ -70.77917894192359, -33.285421799230619 ], [ -70.779186624147357, -33.285428240865038 ], [ -70.779194436981228, -33.285434570719133 ], [ -70.779202378119876, -33.285440786925115 ], [ -70.779210445220045, -33.285446887648718 ], [ -70.779219625183103, -33.285453498456299 ], [ -70.779228939696651, -33.285459975139645 ], [ -70.779238385983049, -33.285466315767358 ], [ -70.779247961225352, -33.285472518448586 ], [ -70.779257662568156, -33.285478581333635 ], [ -70.779267487118446, -33.285484502614501 ], [ -70.77927743194644, -33.285490280525408 ], [ -70.779786881930406, -33.285154869079797 ], [ -70.779236986675983, -33.284565694286989 ], [ -70.779236986675969, -33.284565694286975 ] ] ] ] } },
{ "type": "Feature", "properties": { "fid": "215", "Area": 19492.929 }, "geometry": { "type": "MultiPolygon", "coordinates": [ [ [ [ -70.784387803672772, -33.278442307865255 ], [ -70.784137924818509, -33.279229918128173 ], [ -70.784110404288981, -33.279224945129549 ], [ -70.784082790984641, -33.279220349263809 ], [ -70.784055092230275, -33.279216131750061 ], [ -70.784027315373308, -33.279212293707097 ], [ -70.783999467781939, -33.279208836153011 ], [ -70.783971556843042, -33.279205760004949 ], [ -70.783943589960387, -33.279203066078935 ], [ -70.783915574552509, -33.279200755089569 ], [ -70.783887518050832, -33.279198827649871 ], [ -70.783859427897724, -33.279197284271156 ], [ -70.783831311544418, -33.279196125362823 ], [ -70.783803176449126, -33.279195351232296 ], [ -70.783775030075034, -33.279194962084937 ], [ -70.783746879888312, -33.279194958023979 ], [ -70.782537589413252, -33.279203049551327 ], [ -70.782526485227606, -33.279203202898543 ], [ -70.782515385734868, -33.279203514394887 ], [ -70.782504294127364, -33.279203983950765 ], [ -70.782493213595217, -33.279204611431169 ], [ -70.782482147325325, -33.279205396655591 ], [ -70.78247109850048, -33.279206339398179 ], [ -70.782460070298484, -33.279207439387839 ], [ -70.782449065891186, -33.279208696308167 ], [ -70.782438088443612, -33.27921010979766 ], [ -70.782427141113018, -33.279211679449809 ], [ -70.782416227048003, -33.279213404813106 ], [ -70.782405349387588, -33.279215285391359 ], [ -70.782394511260364, -33.279217320643717 ], [ -70.782383715783496, -33.279219509984756 ], [ -70.782372966061928, -33.279221852784815 ], [ -70.782362265187402, -33.279224348370079 ], [ -70.782351616237662, -33.2792269960228 ], [ -70.782341022275503, -33.279229794981461 ], [ -70.782330486347874, -33.279232744441046 ], [ -70.782320011485069, -33.279235843553259 ], [ -70.782309600699804, -33.279239091426753 ], [ -70.782299256986377, -33.279242487127405 ], [ -70.782288983319773, -33.279246029678546 ], [ -70.78227878265487, -33.279249718061308 ], [ -70.782268657925499, -33.279253551214858 ], [ -70.782258612043719, -33.27925752803673 ], [ -70.782248647898825, -33.279261647383144 ], [ -70.78223876835672, -33.279265908069313 ], [ -70.782228976258864, -33.279270308869812 ], [ -70.782219274421621, -33.279274848518888 ], [ -70.782209665635392, -33.279279525710912 ], [ -70.781571173010249, -33.278883519789943 ], [ -70.781951398797275, -33.278447621463535 ], [ -70.784387803672772, -33.278442307865255 ] ] ] ] } },
{ "type": "Feature", "properties": { "fid": "216", "Area": 5718.173 }, "geometry": { "type": "MultiPolygon", "coordinates": [ [ [ [ -70.780716635471293, -33.283282683727649 ], [ -70.780726854918058, -33.283278051755715 ], [ -70.780736977391314, -33.283273271930831 ], [ -70.780746999859034, -33.283268345684704 ], [ -70.780756919319202, -33.283263274492917 ], [ -70.7807667328006, -33.28325805987447 ], [ -70.780776437363798, -33.283252703391305 ], [ -70.78078603010195, -33.283247206647886 ], [ -70.780795508141765, -33.283241571290652 ], [ -70.780804868644267, -33.283235799007613 ], [ -70.780814108805671, -33.283229891527732 ], [ -70.780823225858285, -33.28322385062053 ], [ -70.780832217071278, -33.283217678095433 ], [ -70.780841079751497, -33.283211375801308 ], [ -70.780849811244323, -33.283204945625947 ], [ -70.780858408934421, -33.283198389495375 ], [ -70.780866870246484, -33.283191709373348 ], [ -70.780875192646164, -33.283184907260825 ], [ -70.780883373640634, -33.283177985195231 ], [ -70.780891410779418, -33.283170945249971 ], [ -70.780899301655239, -33.283163789533759 ], [ -70.780907043904506, -33.28315652018992 ], [ -70.780914635208205, -33.283149139395881 ], [ -70.780922073292558, -33.283141649362435 ], [ -70.780929355929629, -33.283134052333089 ], [ -70.780936480938109, -33.283126350583416 ], [ -70.780943446183841, -33.283118546420297 ], [ -70.781196833264971, -33.282829460376547 ], [ -70.781927457298693, -33.283281100896147 ], [ -70.781500907788981, -33.283767749163893 ], [ -70.780716635471293, -33.283282683727649 ] ] ] ] } },
{ "type": "Feature", "properties": { "fid": "217", "Area": 14029.752 }, "geometry": { "type": "MultiPolygon", "coordinates": [ [ [ [ -70.78617180007528, -33.278438386815594 ], [ -70.785133408085784, -33.279623233372263 ], [ -70.784591664451426, -33.279373722766444 ], [ -70.784566196060794, -33.279362224392095 ], [ -70.784540502231906, -33.279351085483789 ], [ -70.784514590155553, -33.279340309158862 ], [ -70.784488467083548, -33.279329898433218 ], [ -70.784462140326752, -33.279319856220376 ], [ -70.784435617253038, -33.279310185330779 ], [ -70.78440890528519, -33.279300888470935 ], [ -70.784382011898856, -33.279291968242688 ], [ -70.784354944620475, -33.27928342714241 ], [ -70.784327711025114, -33.279275267560472 ], [ -70.784300318734367, -33.279267491780388 ], [ -70.784272775414294, -33.279260101978316 ], [ -70.784532329491668, -33.278441991434605 ], [ -70.78617180007528, -33.278438386815594 ] ] ] ] } },
{ "type": "Feature", "properties": { "fid": "218", "Area": 15841.564 }, "geometry": { "type": "MultiPolygon", "coordinates": [ [ [ [ -70.775921588310098, -33.285342116817439 ], [ -70.776825408887603, -33.285900570631362 ], [ -70.776820826829223, -33.285905151807484 ], [ -70.77681615242777, -33.285909666696625 ], [ -70.776811387042429, -33.285914113985946 ], [ -70.77680653205887, -33.285918492382272 ], [ -70.776801588888802, -33.285922800612454 ], [ -70.776796558969593, -33.285927037423747 ], [ -70.776791443763827, -33.285931201584184 ], [ -70.776786244758853, -33.285935291882915 ], [ -70.776780963466436, -33.285939307130569 ], [ -70.776775601422273, -33.285943246159597 ], [ -70.776770160185507, -33.285947107824576 ], [ -70.776764641338318, -33.28595089100267 ], [ -70.776759046485466, -33.285954594593775 ], [ -70.776753377253812, -33.285958217520978 ], [ -70.776432623031823, -33.286159763868433 ], [ -70.774937862448169, -33.287099308743286 ], [ -70.774929216695369, -33.28710483801693 ], [ -70.774920682292375, -33.287110487996259 ], [ -70.774912261627989, -33.287116257099811 ], [ -70.774903957059195, -33.287122143712828 ], [ -70.77489577091049, -33.287128146187619 ], [ -70.774887705473247, -33.28713426284407 ], [ -70.774879763005018, -33.287140491970121 ], [ -70.774871945728947, -33.287146831822206 ], [ -70.774864255833151, -33.287153280625809 ], [ -70.774856695470078, -33.287159836575874 ], [ -70.774849266755936, -33.287166497837354 ], [ -70.774841971770059, -33.287173262545785 ], [ -70.774834812554388, -33.287180128807663 ], [ -70.774827791112827, -33.287187094701117 ], [ -70.774820909410764, -33.287194158276371 ], [ -70.774814169374409, -33.287201317556288 ], [ -70.774807572890396, -33.28720857053699 ], [ -70.774801121805112, -33.28721591518832 ], [ -70.774794817924288, -33.287223349454486 ], [ -70.774788663012444, -33.287230871254629 ], [ -70.774782658792418, -33.287238478483332 ], [ -70.774776806944814, -33.287246169011347 ], [ -70.774771109107675, -33.287253940686028 ], [ -70.774640082886151, -33.2868033311834 ], [ -70.775921588310098, -33.285342116817439 ] ] ] ] } },
{ "type": "Feature", "properties": { "fid": "219", "Area": 5182.191 }, "geometry": { "type": "MultiPolygon", "coordinates": [ [ [ [ -70.775768832777217, -33.28684169535169 ], [ -70.776353532563178, -33.286474193723002 ], [ -70.77683929131527, -33.287019340057576 ], [ -70.776827982325358, -33.287026558733395 ], [ -70.776751379173248, -33.287075749699014 ], [ -70.776695489381098, -33.287113319599143 ], [ -70.776567137673453, -33.287195708165683 ], [ -70.776506974270887, -33.287237086206204 ], [ -70.776448890844875, -33.287275368694701 ], [ -70.776343420195531, -33.287344826285917 ], [ -70.776264340151826, -33.287397787351132 ], [ -70.776263154816931, -33.2873964569945 ], [ -70.775768832777217, -33.28684169535169 ] ] ] ] } },
{ "type": "Feature", "properties": { "fid": "220", "Area": 5392.174 }, "geometry": { "type": "MultiPolygon", "coordinates": [ [ [ [ -70.775261021935492, -33.288100845114194 ], [ -70.775481425401523, -33.287940762658017 ], [ -70.775614864017541, -33.287846572963083 ], [ -70.775763370924551, -33.287741985014762 ], [ -70.775948089187622, -33.287614740400386 ], [ -70.775442197662642, -33.287046990622891 ], [ -70.775162524645793, -33.287222768261508 ], [ -70.775158059188087, -33.287225626169317 ], [ -70.775153653720295, -33.287228549012958 ], [ -70.775149309580968, -33.287231535904411 ], [ -70.775145028090009, -33.287234585936147 ], [ -70.77514081054828, -33.28723769818145 ], [ -70.775136658237244, -33.287240871694735 ], [ -70.775132572418514, -33.287244105511753 ], [ -70.775128554333492, -33.287247398649967 ], [ -70.775124605203033, -33.287250750108839 ], [ -70.775120726227044, -33.287254158870034 ], [ -70.775116918584075, -33.287257623897879 ], [ -70.775113183431031, -33.287261144139585 ], [ -70.77510952190282, -33.287264718525549 ], [ -70.77510593511191, -33.287268345969792 ], [ -70.775102424148116, -33.287272025370129 ], [ -70.77509899007822, -33.287275755608654 ], [ -70.775095633945597, -33.287279535551974 ], [ -70.775092356769974, -33.287283364051646 ], [ -70.775089159547107, -33.287287239944419 ], [ -70.775086043248393, -33.287291162052639 ], [ -70.775083008820687, -33.287295129184656 ], [ -70.775080057186017, -33.287299140135111 ], [ -70.775077189241145, -33.287303193685332 ], [ -70.775074405857509, -33.287307288603735 ], [ -70.77507170788077, -33.287311423646109 ], [ -70.775069096130721, -33.287315597556088 ], [ -70.775066571400885, -33.287319809065501 ], [ -70.775064134458404, -33.287324056894739 ], [ -70.775061786043693, -33.287328339753145 ], [ -70.775059526870322, -33.28733265633948 ], [ -70.775057357624689, -33.28733700534216 ], [ -70.775055278965937, -33.287341385439845 ], [ -70.775053291525637, -33.287345795301675 ], [ -70.775051395907639, -33.287350233587802 ], [ -70.775049592687964, -33.287354698949692 ], [ -70.775047882414441, -33.287359190030635 ], [ -70.775046265606761, -33.28736370546607 ], [ -70.775044742756208, -33.287368243884032 ], [ -70.77504331432543, -33.287372803905605 ], [ -70.775041980748512, -33.28737738414528 ], [ -70.775040742430619, -33.287381983211432 ], [ -70.775039599748041, -33.287386599706686 ], [ -70.775038553047963, -33.287391232228394 ], [ -70.77503760264841, -33.287395879369008 ], [ -70.775036748838204, -33.287400539716593 ], [ -70.775035991876734, -33.28740521185513 ], [ -70.775035331994061, -33.287409894365084 ], [ -70.775034769390643, -33.287414585823733 ], [ -70.775034304237451, -33.287419284805623 ], [ -70.775033936675854, -33.28742398988306 ], [ -70.775033666817521, -33.287428699626446 ], [ -70.775033494744463, -33.287433412604805 ], [ -70.775033420509004, -33.28743812738616 ], [ -70.775033444133683, -33.287442842537992 ], [ -70.775033565611366, -33.287447556627647 ], [ -70.775033784905119, -33.287452268222822 ], [ -70.775034101948378, -33.287456975891978 ], [ -70.775034516644794, -33.28746167820475 ], [ -70.775035028868388, -33.287466373732364 ], [ -70.775035638463564, -33.287471061048208 ], [ -70.775036345245084, -33.287475738728041 ], [ -70.775037148998251, -33.287480405350642 ], [ -70.775038049478852, -33.287485059498131 ], [ -70.775039046413312, -33.287489699756371 ], [ -70.775040139498742, -33.28749432471551 ], [ -70.775041328403034, -33.287498932970308 ], [ -70.775042612764949, -33.287503523120598 ], [ -70.775074154926202, -33.287611996737695 ], [ -70.775076267112638, -33.287619142326605 ], [ -70.775078521609814, -33.28762625717772 ], [ -70.775080917784337, -33.287633339291993 ], [ -70.775083454962996, -33.287640386679612 ], [ -70.775086132432975, -33.287647397360459 ], [ -70.775088949441994, -33.287654369364773 ], [ -70.775091905198622, -33.28766130073366 ], [ -70.775094998872419, -33.287668189519643 ], [ -70.775098229594192, -33.287675033787153 ], [ -70.775101596456253, -33.28768183161322 ], [ -70.77510509851264, -33.287688581087842 ], [ -70.775108734779423, -33.287695280314679 ], [ -70.775112504234954, -33.287701927411426 ], [ -70.775116405820185, -33.287708520510485 ], [ -70.775120438438918, -33.287715057759399 ], [ -70.775124600958137, -33.287721537321417 ], [ -70.775128892208343, -33.287727957375985 ], [ -70.775144386664394, -33.287753178661603 ], [ -70.775159236097025, -33.287779581931481 ], [ -70.775172092230846, -33.28780696286136 ], [ -70.775182503278771, -33.287834605008292 ], [ -70.775190993046962, -33.287861795072537 ], [ -70.775258201071821, -33.288092920825392 ], [ -70.775258604173132, -33.288094257681436 ], [ -70.775259034264835, -33.288095588591545 ], [ -70.775259491222741, -33.288096913171408 ], [ -70.775259974914889, -33.288098231038504 ], [ -70.775260485201585, -33.288099541812279 ], [ -70.775261021935492, -33.28810084511418 ], [ -70.775261021935492, -33.288100845114194 ] ] ] ] } },
{ "type": "Feature", "properties": { "fid": "221", "Area": 2957.004 }, "geometry": { "type": "MultiPolygon", "coordinates": [ [ [ [ -70.775948089187622, -33.287614740400379 ], [ -70.775983202552439, -33.287590612221116 ], [ -70.776115962483601, -33.287498963496112 ], [ -70.776238375770333, -33.287415176053798 ], [ -70.776264340151826, -33.287397787351132 ], [ -70.775768832777217, -33.28684169535169 ], [ -70.775442197662642, -33.287046990622891 ], [ -70.775948089187622, -33.287614740400379 ] ] ] ] } },
{ "type": "Feature", "properties": { "fid": "222", "Area": 14159.439 }, "geometry": { "type": "MultiPolygon", "coordinates": [ [ [ [ -70.779381802004536, -33.282442993793708 ], [ -70.778276587812542, -33.282652843011959 ], [ -70.777979275015014, -33.282992539861702 ], [ -70.777772886348743, -33.283228828791351 ], [ -70.777861573968778, -33.283565804016042 ], [ -70.777861763137111, -33.283566494140459 ], [ -70.777861966616783, -33.283567181386886 ], [ -70.777862184345835, -33.283567865545962 ], [ -70.777862416257918, -33.283568546409299 ], [ -70.777862662282402, -33.283569223769511 ], [ -70.77786292234434, -33.28356989742025 ], [ -70.777863196364521, -33.283570567156325 ], [ -70.77786348425947, -33.283571232773717 ], [ -70.777863785941491, -33.283571894069695 ], [ -70.777864101318698, -33.283572550842806 ], [ -70.777864430295011, -33.283573202893002 ], [ -70.777864772770243, -33.283573850021632 ], [ -70.777865128640045, -33.283574492031619 ], [ -70.777865497796029, -33.283575128727357 ], [ -70.777865880125773, -33.283575759914939 ], [ -70.777866275512778, -33.283576385402071 ], [ -70.777866683836606, -33.283577004998243 ], [ -70.777867104972898, -33.283577618514705 ], [ -70.777867538793373, -33.283578225764586 ], [ -70.777867985165869, -33.283578826562909 ], [ -70.777868443954418, -33.283579420726674 ], [ -70.777868915019297, -33.283580008074871 ], [ -70.777869398216978, -33.283580588428606 ], [ -70.777869893400293, -33.283581161611096 ], [ -70.777870400418422, -33.283581727447739 ], [ -70.777870919116879, -33.28358228576618 ], [ -70.777871449337709, -33.283582836396349 ], [ -70.777871990919365, -33.283583379170508 ], [ -70.777872543696915, -33.283583913923337 ], [ -70.777873107501932, -33.283584440491943 ], [ -70.777873682162706, -33.283584958715927 ], [ -70.777874267504188, -33.28358546843743 ], [ -70.777874863348075, -33.283585969501189 ], [ -70.777875469512864, -33.283586461754574 ], [ -70.777876085813901, -33.283586945047624 ], [ -70.777876712063488, -33.283587419233172 ], [ -70.777877348070831, -33.283587884166714 ], [ -70.777877993642221, -33.283588339706675 ], [ -70.77787864858098, -33.283588785714258 ], [ -70.777879312687631, -33.283589222053635 ], [ -70.777879985759881, -33.283589648591885 ], [ -70.777880667592697, -33.283590065199064 ], [ -70.777881357978387, -33.283590471748283 ], [ -70.777882056706659, -33.283590868115702 ], [ -70.777882763564676, -33.283591254180585 ], [ -70.777883478337102, -33.283591629825338 ], [ -70.777884200806241, -33.283591994935513 ], [ -70.777884930752009, -33.283592349399918 ], [ -70.777885667952035, -33.283592693110556 ], [ -70.7778864121818, -33.283593025962759 ], [ -70.777887163214572, -33.283593347855124 ], [ -70.777887920821598, -33.283593658689604 ], [ -70.777888684772108, -33.283593958371497 ], [ -70.777889454833371, -33.283594246809521 ], [ -70.777890230770851, -33.283594523915838 ], [ -70.77789101234815, -33.283594789606035 ], [ -70.777891799327236, -33.28359504379916 ], [ -70.777892591468358, -33.283595286417793 ], [ -70.777893388530245, -33.283595517388022 ], [ -70.777894190270075, -33.283595736639526 ], [ -70.777894996443649, -33.283595944105457 ], [ -70.777895806805404, -33.283596139722675 ], [ -70.777896621108482, -33.283596323431574 ], [ -70.777897439104819, -33.283596495176191 ], [ -70.777898260545314, -33.283596654904215 ], [ -70.777899085179683, -33.28359680256699 ], [ -70.777899912756752, -33.283596938119537 ], [ -70.777900743024446, -33.283597061520553 ], [ -70.777901575729842, -33.28359717273247 ], [ -70.777902410619319, -33.283597271721405 ], [ -70.777903247438516, -33.283597358457186 ], [ -70.777904085932562, -33.283597432913425 ], [ -70.77790492584603, -33.283597495067404 ], [ -70.777905766923084, -33.283597544900239 ], [ -70.777906608907514, -33.283597582396702 ], [ -70.777907451542859, -33.283597607545417 ], [ -70.777908294572427, -33.283597620338696 ], [ -70.777909137739428, -33.283597620772618 ], [ -70.777909980787044, -33.283597608847096 ], [ -70.777910823458441, -33.283597584565747 ], [ -70.777911665496944, -33.28359754793594 ], [ -70.777912506646075, -33.283597498968895 ], [ -70.777913346649598, -33.283597437679461 ], [ -70.77791418525166, -33.283597364086354 ], [ -70.77791502219678, -33.283597278211971 ], [ -70.777915857230056, -33.283597180082459 ], [ -70.777916690097086, -33.283597069727755 ], [ -70.777917520544221, -33.283596947181415 ], [ -70.777918348318451, -33.283596812480809 ], [ -70.777919173167646, -33.283596665666941 ], [ -70.779603083887011, -33.283284015353367 ], [ -70.779381802004536, -33.282442993793708 ] ] ] ] } },
{ "type": "Feature", "properties": { "fid": "223", "Area": 14017.15 }, "geometry": { "type": "MultiPolygon", "coordinates": [ [ [ [ -70.779381802004522, -33.282442993793708 ], [ -70.781129941423572, -33.282111049129604 ], [ -70.781177441783399, -33.282291506969877 ], [ -70.781178951763167, -33.2822974898518 ], [ -70.781180337637451, -33.282303493884712 ], [ -70.781181598987061, -33.282309517252635 ], [ -70.781182735430448, -33.282315558133746 ], [ -70.781183746623853, -33.28232161470094 ], [ -70.781184632261443, -33.282327685122368 ], [ -70.781185392075301, -33.28233376756198 ], [ -70.781186025835581, -33.282339860180087 ], [ -70.781186533350578, -33.282345961133935 ], [ -70.781186914466772, -33.282352068578227 ], [ -70.781187169068843, -33.282358180665739 ], [ -70.781187297079796, -33.282364295547787 ], [ -70.78118729846085, -33.282370411374913 ], [ -70.781187173211578, -33.282376526297298 ], [ -70.781186921369823, -33.282382638465464 ], [ -70.781186543011756, -33.282388746030698 ], [ -70.781186038251775, -33.282394847145753 ], [ -70.781185407242504, -33.282400939965278 ], [ -70.781184650174808, -33.282407022646424 ], [ -70.781183767277597, -33.282413093349454 ], [ -70.781182758817906, -33.282419150238248 ], [ -70.781181625100743, -33.282425191480804 ], [ -70.781180366468973, -33.282431215249922 ], [ -70.781178983303249, -33.282437219723668 ], [ -70.781177476021909, -33.282443203085897 ], [ -70.781175845080796, -33.282449163526927 ], [ -70.781174090973195, -33.282455099243933 ], [ -70.781172214229628, -33.282461008441629 ], [ -70.781170215417703, -33.28246688933271 ], [ -70.78116809514195, -33.282472740138438 ], [ -70.781165854043664, -33.282478559089206 ], [ -70.78116349280063, -33.282484344424994 ], [ -70.781161012127015, -33.282490094395982 ], [ -70.781158412773124, -33.282495807263047 ], [ -70.781155695525101, -33.282501481298233 ], [ -70.781152861204788, -33.282507114785432 ], [ -70.781149910669441, -33.282512706020704 ], [ -70.781146844811445, -33.282518253312922 ], [ -70.781143664558087, -33.28252375498429 ], [ -70.781140370871242, -33.282529209370701 ], [ -70.781136964747091, -33.282534614822502 ], [ -70.781133447215836, -33.282539969704708 ], [ -70.781129819341359, -33.282545272397705 ], [ -70.78112608222095, -33.282550521297615 ], [ -70.781122236984899, -33.282555714816873 ], [ -70.781118284796221, -33.282560851384645 ], [ -70.781114226850278, -33.282565929447316 ], [ -70.781110064374431, -33.28257094746899 ], [ -70.781105798627635, -33.282575903931878 ], [ -70.780749825276899, -33.282982029004273 ], [ -70.780745529084683, -33.282986843622595 ], [ -70.780741135446974, -33.282991595800091 ], [ -70.780736645649966, -33.282996284145668 ], [ -70.780732061007967, -33.283000907286819 ], [ -70.780727382863063, -33.28300546387019 ], [ -70.780722612584711, -33.283009952561891 ], [ -70.780717751569355, -33.283014372047887 ], [ -70.78071280124, -33.283018721034459 ], [ -70.780707763045768, -33.283022998248448 ], [ -70.780702638461534, -33.283027202437744 ], [ -70.780697428987452, -33.283031332371642 ], [ -70.780692136148517, -33.283035386841142 ], [ -70.780686761494152, -33.283039364659331 ], [ -70.780681306597714, -33.28304326466175 ], [ -70.780675773056061, -33.283047085706713 ], [ -70.780670162489074, -33.283050826675641 ], [ -70.780664476539172, -33.283054486473404 ], [ -70.780658716870818, -33.283058064028637 ], [ -70.780652885170142, -33.283061558294065 ], [ -70.78064698314428, -33.283064968246755 ], [ -70.780641012520974, -33.28306829288848 ], [ -70.780634975048059, -33.283071531245987 ], [ -70.780628872492926, -33.283074682371286 ], [ -70.780622706642049, -33.283077745341913 ], [ -70.780616479300406, -33.283080719261228 ], [ -70.780610192290979, -33.283083603258596 ], [ -70.780603847454216, -33.283086396489793 ], [ -70.780597446647505, -33.283089098137147 ], [ -70.780590991744617, -33.283091707409739 ], [ -70.780584484635142, -33.283094223543756 ], [ -70.780577927223973, -33.283096645802587 ], [ -70.780571321430742, -33.283098973477209 ], [ -70.780564669189189, -33.28310120588614 ], [ -70.780557972446715, -33.283103342375902 ], [ -70.780551233163735, -33.283105382321061 ], [ -70.780544453313055, -33.283107325124419 ], [ -70.780537634879451, -33.283109170217273 ], [ -70.780530779858935, -33.283110917059453 ], [ -70.780523890258252, -33.283112565139611 ], [ -70.780516968094261, -33.283114113975287 ], [ -70.780510015393347, -33.283115563113057 ], [ -70.780503034190858, -33.283116912128712 ], [ -70.779603083887011, -33.283284015353367 ], [ -70.779381802004522, -33.282442993793708 ] ] ] ] } },
{ "type": "Feature", "properties": { "fid": "224", "Area": 2878.485 }, "geometry": { "type": "MultiPolygon", "coordinates": [ [ [ [ -70.77683929131527, -33.287019340057576 ], [ -70.776869559660227, -33.287000019367333 ], [ -70.776912022106458, -33.286975858563295 ], [ -70.777001787360518, -33.28691990008538 ], [ -70.77706857608257, -33.286878791064332 ], [ -70.777168142040637, -33.28681653169258 ], [ -70.776680163357412, -33.286268896179493 ], [ -70.776353532563178, -33.286474193723002 ], [ -70.77683929131527, -33.287019340057576 ] ] ] ] } },
{ "type": "Feature", "properties": { "fid": "225", "Area": 14934.355 }, "geometry": { "type": "MultiPolygon", "coordinates": [ [ [ [ -70.776924974258591, -33.286114502700478 ], [ -70.776933738715414, -33.286108433297926 ], [ -70.776942379579737, -33.286102240151756 ], [ -70.776950894375076, -33.286095925036932 ], [ -70.776959280661131, -33.286089489763384 ], [ -70.776967536034348, -33.286082936175482 ], [ -70.776975658128791, -33.286076266151525 ], [ -70.776983644616664, -33.286069481603121 ], [ -70.776991493209024, -33.286062584474777 ], [ -70.776999201656494, -33.286055576743188 ], [ -70.777006767749853, -33.286048460416843 ], [ -70.777014189320667, -33.286041237535258 ], [ -70.77702146424194, -33.286033910168562 ], [ -70.777028590428714, -33.286026480416766 ], [ -70.777035565838602, -33.286018950409265 ], [ -70.777042388472523, -33.286011322304169 ], [ -70.77704905637512, -33.286003598287742 ], [ -70.777055567635372, -33.285995780573671 ], [ -70.777061920387226, -33.28598787140254 ], [ -70.777068112809999, -33.285979873041121 ], [ -70.777074143128971, -33.285971787781783 ], [ -70.777080009615901, -33.285963617941761 ], [ -70.777085710589475, -33.285955365862556 ], [ -70.777091244415828, -33.285947033909203 ], [ -70.77709660950903, -33.285938624469686 ], [ -70.77710180433148, -33.285930139954139 ], [ -70.777106827394377, -33.285921582794238 ], [ -70.777594361229447, -33.28507298762311 ], [ -70.778189889924434, -33.285314333945365 ], [ -70.778681364274277, -33.285865890967742 ], [ -70.777413451770784, -33.286662491276246 ], [ -70.776924974258591, -33.286114502700485 ], [ -70.776924974258591, -33.286114502700478 ] ] ] ] } },
{ "type": "Feature", "properties": { "fid": "226", "Area": 16329.669 }, "geometry": { "type": "MultiPolygon", "coordinates": [ [ [ [ -70.777222881042391, -33.283857168255132 ], [ -70.777613887460816, -33.284551407543375 ], [ -70.776879602454713, -33.285829495485231 ], [ -70.77687642337203, -33.285834916774299 ], [ -70.776873133590627, -33.285840291273715 ], [ -70.776869734086375, -33.28584561738915 ], [ -70.776866225867693, -33.285850893540626 ], [ -70.776862609975282, -33.28585611816299 ], [ -70.776858887481737, -33.285861289706411 ], [ -70.776855059491325, -33.285866406636735 ], [ -70.776851127139579, -33.285871467436053 ], [ -70.776847091592984, -33.285876470603107 ], [ -70.776842954048661, -33.285881414653723 ], [ -70.776838715733987, -33.285886298121298 ], [ -70.776834377906198, -33.285891119557121 ], [ -70.7768299418521, -33.285895877530947 ], [ -70.776825408887589, -33.28590057063137 ], [ -70.775921588315555, -33.285342116811314 ], [ -70.777222881042391, -33.283857168255132 ] ] ] ] } },
{ "type": "Feature", "properties": { "fid": "227", "Area": 23050.281 }, "geometry": { "type": "MultiPolygon", "coordinates": [ [ [ [ -70.774564125262827, -33.286890883718229 ], [ -70.77459042613313, -33.287087508325449 ], [ -70.774590708387109, -33.287089618442884 ], [ -70.774640411232284, -33.287474192656489 ], [ -70.774683350698936, -33.287621864106455 ], [ -70.774728010935178, -33.287775452795508 ], [ -70.774737454771028, -33.287809571153311 ], [ -70.774745196080687, -33.287842380582077 ], [ -70.774751097034141, -33.287875193603121 ], [ -70.774755398042046, -33.287909111997479 ], [ -70.774758900749219, -33.28794470838838 ], [ -70.774762560265359, -33.287981898317568 ], [ -70.774767436502827, -33.288020352951129 ], [ -70.774774414302911, -33.288059153758269 ], [ -70.77478338466949, -33.288097172004008 ], [ -70.774791669684305, -33.28812740252193 ], [ -70.774828123653634, -33.288252768089563 ], [ -70.774868239901551, -33.288390727804796 ], [ -70.774843325487225, -33.288409397877665 ], [ -70.774768878550859, -33.288467622289339 ], [ -70.774300988960334, -33.288838807864785 ], [ -70.774263293856848, -33.288856449710153 ], [ -70.774250217237039, -33.288861721744055 ], [ -70.774241492542785, -33.288864503026609 ], [ -70.774228913868996, -33.288867803753483 ], [ -70.774221840142118, -33.288874368731122 ], [ -70.774219934100699, -33.288875705884323 ], [ -70.774199346958511, -33.288877825736328 ], [ -70.774182868617899, -33.288878071527819 ], [ -70.77417136173321, -33.288877372902199 ], [ -70.774156024089351, -33.288875243107135 ], [ -70.774144084210604, -33.288872713849059 ], [ -70.774135995663173, -33.288871178735377 ], [ -70.774127907114206, -33.288869643620828 ], [ -70.77411487008429, -33.288867886628694 ], [ -70.774101833053422, -33.288866129635032 ], [ -70.774075343998803, -33.288864714671085 ], [ -70.774048786520126, -33.288865525831383 ], [ -70.774022132513281, -33.288868599177498 ], [ -70.773996501448579, -33.288873815703163 ], [ -70.773971514090249, -33.288881171955346 ], [ -70.773947358394921, -33.288890657118479 ], [ -70.773924577678926, -33.288902059582369 ], [ -70.773903211795115, -33.288915358272398 ], [ -70.773883529970163, -33.288931078171601 ], [ -70.773869132906881, -33.288946547619915 ], [ -70.773854795641441, -33.288960140333202 ], [ -70.773842462672533, -33.288969387138991 ], [ -70.773828731922777, -33.288977903501916 ], [ -70.773812528984095, -33.288986064275264 ], [ -70.773804602150065, -33.288989275024477 ], [ -70.773794410614826, -33.288992595859519 ], [ -70.773785595556191, -33.288994912222797 ], [ -70.773774720160006, -33.288997069728246 ], [ -70.773751756880117, -33.2889986697786 ], [ -70.773737092950256, -33.288999575487686 ], [ -70.773718790953865, -33.28899983674458 ], [ -70.773692059264135, -33.288999690633723 ], [ -70.773667360476452, -33.288999996335171 ], [ -70.773652141113104, -33.289001361126139 ], [ -70.773641138101709, -33.289002512218083 ], [ -70.773630062863106, -33.289003893082302 ], [ -70.773589759674238, -33.289009812368221 ], [ -70.773543602890982, -33.289020721146834 ], [ -70.773520061686611, -33.289026075246312 ], [ -70.773496935962044, -33.289031974031644 ], [ -70.773463065584551, -33.289041702277885 ], [ -70.773440948863652, -33.28904859431708 ], [ -70.773408106505173, -33.289058828683189 ], [ -70.773366474364266, -33.289074495111265 ], [ -70.773315659504732, -33.289093228227259 ], [ -70.773285979460283, -33.289104320613397 ], [ -70.773246859626028, -33.289118940937321 ], [ -70.773208301779022, -33.289133719041871 ], [ -70.773169698333319, -33.289147657149215 ], [ -70.77313627107381, -33.289159532660804 ], [ -70.773093337326316, -33.28917423448766 ], [ -70.773041404343573, -33.289190903561462 ], [ -70.773017866092516, -33.28919822197247 ], [ -70.772979983490842, -33.289208061161027 ], [ -70.772941781889884, -33.289215596615861 ], [ -70.772904072992688, -33.289222269064986 ], [ -70.772867547678317, -33.289229959603723 ], [ -70.772830874007425, -33.289235221317895 ], [ -70.772793974005097, -33.289238316941294 ], [ -70.772757479724632, -33.289241382196806 ], [ -70.772720730682693, -33.289242840228191 ], [ -70.772684105101305, -33.289242115234728 ], [ -70.772647722208561, -33.289240005574918 ], [ -70.772611627040064, -33.289238501159929 ], [ -70.772575834997411, -33.289234084646402 ], [ -70.772540496105066, -33.289228145077885 ], [ -70.772508045796414, -33.289221167707069 ], [ -70.773188450987334, -33.288441086529112 ], [ -70.773612869330449, -33.287958015768311 ], [ -70.773891694646593, -33.287649715434277 ], [ -70.774333955352716, -33.287160697143584 ], [ -70.774564125262827, -33.286890883718229 ] ] ] ] } },
{ "type": "Feature", "properties": { "fid": "228", "Area": 14063.692 }, "geometry": { "type": "MultiPolygon", "coordinates": [ [ [ [ -70.778032839536152, -33.28419564452151 ], [ -70.778224122898393, -33.283862687711888 ], [ -70.778226598919289, -33.28385847180796 ], [ -70.778229161792964, -33.28385429267891 ], [ -70.77823181074541, -33.283850151586861 ], [ -70.778234544976627, -33.283846049782404 ], [ -70.778237363660892, -33.283841988504285 ], [ -70.778240265946934, -33.283837968978993 ], [ -70.778243250958283, -33.283833992420412 ], [ -70.778246317793432, -33.283830060029473 ], [ -70.778249465526187, -33.283826172993741 ], [ -70.778252693205943, -33.283822332487098 ], [ -70.778255999857947, -33.283818539669369 ], [ -70.778259384483562, -33.283814795685977 ], [ -70.778262846060642, -33.283811101667574 ], [ -70.778266383543794, -33.28380745872979 ], [ -70.778269995864676, -33.283803867972757 ], [ -70.778273681932362, -33.283800330480872 ], [ -70.778277440633701, -33.283796847322471 ], [ -70.778281270833517, -33.283793419549447 ], [ -70.778285171375103, -33.283790048196991 ], [ -70.778289141080506, -33.283786734283211 ], [ -70.778293178750872, -33.283783478808942 ], [ -70.778297283166808, -33.283780282757299 ], [ -70.778301453088815, -33.28377714709351 ], [ -70.778305687257571, -33.283774072764508 ], [ -70.77830998439434, -33.283771060698754 ], [ -70.778314343201401, -33.28376811180587 ], [ -70.778318762362389, -33.283765226976435 ], [ -70.778323240542747, -33.283762407081646 ], [ -70.778327776390057, -33.283759652973082 ], [ -70.778332368534507, -33.283756965482517 ], [ -70.778337015589258, -33.283754345421535 ], [ -70.778341716150919, -33.283751793581409 ], [ -70.77834646879991, -33.283749310732787 ], [ -70.778351272100977, -33.283746897625463 ], [ -70.778356124603491, -33.283744554988196 ], [ -70.778361024842042, -33.283742283528461 ], [ -70.778365971336726, -33.283740083932237 ], [ -70.778370962593741, -33.283737956863781 ], [ -70.778375997105755, -33.283735902965475 ], [ -70.778381073352307, -33.283733922857593 ], [ -70.778386189800415, -33.283732017138099 ], [ -70.778391344904918, -33.283730186382527 ], [ -70.778396537108989, -33.283728431143757 ], [ -70.778401764844588, -33.283726751951882 ], [ -70.778407026532946, -33.283725149313987 ], [ -70.778412320585076, -33.283723623714096 ], [ -70.778417645402143, -33.283722175612908 ], [ -70.778422999376119, -33.283720805447736 ], [ -70.778428380890077, -33.283719513632398 ], [ -70.778433788318836, -33.283718300556984 ], [ -70.778439220029355, -33.283717166587884 ], [ -70.778444674381291, -33.283716112067495 ], [ -70.779338459201995, -33.283550163094326 ], [ -70.779962934292371, -33.283936269840773 ], [ -70.779956791441762, -33.283941085396158 ], [ -70.779950559593829, -33.283945819599005 ], [ -70.779944240275668, -33.283950471289238 ], [ -70.77993783503581, -33.283955039326941 ], [ -70.779931345443842, -33.283959522592724 ], [ -70.77992477309003, -33.283963919987968 ], [ -70.778762113051059, -33.284729397905828 ], [ -70.778760861476442, -33.284730207317963 ], [ -70.778759593408125, -33.284730998413501 ], [ -70.778758309226049, -33.284731770955389 ], [ -70.778757009314987, -33.284732524712126 ], [ -70.778755694064458, -33.284733259457909 ], [ -70.778754363868572, -33.284733974972553 ], [ -70.778753019125858, -33.284734671041655 ], [ -70.77875166023928, -33.284735347456639 ], [ -70.77875028761602, -33.28473600401486 ], [ -70.778748901667342, -33.284736640519576 ], [ -70.778747502808542, -33.284737256780062 ], [ -70.778746091458743, -33.284737852611649 ], [ -70.778744668040872, -33.284738427835826 ], [ -70.778743232981427, -33.28473898228026 ], [ -70.77874178671037, -33.284739515778753 ], [ -70.778740329661105, -33.284740028171498 ], [ -70.778738862270174, -33.284740519304954 ], [ -70.778737384977291, -33.284740989031945 ], [ -70.778735898225108, -33.28474143721175 ], [ -70.778734402459079, -33.28474186371006 ], [ -70.778732898127402, -33.284742268399079 ], [ -70.778731385680857, -33.284742651157558 ], [ -70.7787298655726, -33.284743011870795 ], [ -70.778728338258105, -33.284743350430723 ], [ -70.778726804195031, -33.284743666735899 ], [ -70.778725263843043, -33.284743960691507 ], [ -70.778723717663652, -33.284744232209512 ], [ -70.778722166120176, -33.284744481208548 ], [ -70.778720609677507, -33.284744707613996 ], [ -70.778719048802031, -33.284744911358025 ], [ -70.778717483961415, -33.28474509237958 ], [ -70.778715915624545, -33.284745250624411 ], [ -70.778714344261374, -33.284745386045124 ], [ -70.778712770342722, -33.284745498601133 ], [ -70.77871119434019, -33.284745588258694 ], [ -70.778709616726019, -33.284745654990978 ], [ -70.778708037972905, -33.284745698777968 ], [ -70.778706458553913, -33.284745719606519 ], [ -70.778704878942278, -33.284745717470443 ], [ -70.778703299611323, -33.28474569237035 ], [ -70.778701721034281, -33.284745644313759 ], [ -70.778700143684119, -33.284745573315085 ], [ -70.778698568033505, -33.284745479395575 ], [ -70.778696994554551, -33.284745362583401 ], [ -70.778695423718716, -33.284745222913543 ], [ -70.778693855996679, -33.284745060427859 ], [ -70.778692291858192, -33.284744875175036 ], [ -70.778690731771945, -33.284744667210596 ], [ -70.778689176205376, -33.284744436596803 ], [ -70.778687625624585, -33.284744183402815 ], [ -70.778686080494182, -33.284743907704488 ], [ -70.778684541277173, -33.284743609584396 ], [ -70.77868300843474, -33.284743289131889 ], [ -70.778681482426194, -33.284742946442996 ], [ -70.778679963708754, -33.284742581620399 ], [ -70.778678452737509, -33.284742194773393 ], [ -70.778676949965174, -33.284741786017904 ], [ -70.778675455842077, -33.284741355476406 ], [ -70.778673970815873, -33.2847409032779 ], [ -70.778672495331548, -33.284740429557885 ], [ -70.778671029831202, -33.284739934458308 ], [ -70.778669574753962, -33.284739418127529 ], [ -70.778668130535806, -33.284738880720248 ], [ -70.778666697609481, -33.284738322397473 ], [ -70.778665276404368, -33.284737743326524 ], [ -70.778663867346268, -33.284737143680914 ], [ -70.778662470857427, -33.284736523640298 ], [ -70.778661087356241, -33.284735883390468 ], [ -70.778659717257298, -33.284735223123292 ], [ -70.778658360971093, -33.284734543036571 ], [ -70.778657018904056, -33.284733843334102 ], [ -70.778655691458283, -33.284733124225539 ], [ -70.778654379031551, -33.284732385926368 ], [ -70.778653082017101, -33.284731628657788 ], [ -70.778651800803559, -33.284730852646717 ], [ -70.778650535774815, -33.284730058125675 ], [ -70.778649287309932, -33.284729245332713 ], [ -70.778648055783009, -33.284728414511399 ], [ -70.778646841563031, -33.284727565910657 ], [ -70.778645645013825, -33.284726699784777 ], [ -70.778632249425058, -33.284717001010556 ], [ -70.778618658666176, -33.284707495705888 ], [ -70.778604876697827, -33.284698186640817 ], [ -70.778590907536397, -33.284689076528167 ], [ -70.778576755252786, -33.284680168022781 ], [ -70.778562423971294, -33.284671463720755 ], [ -70.778547917868337, -33.284662966158713 ], [ -70.778533241171331, -33.284654677812973 ], [ -70.778518398157331, -33.284646601098913 ], [ -70.778503393151922, -33.284638738370241 ], [ -70.778488230527856, -33.284631091918278 ], [ -70.778472914703812, -33.284623663971374 ], [ -70.778457450143151, -33.284616456694138 ], [ -70.778441841352503, -33.284609472186908 ], [ -70.778426092880608, -33.284602712485089 ], [ -70.778410209316846, -33.284596179558569 ], [ -70.778216842281026, -33.284518358869654 ], [ -70.778212893227689, -33.284516733872039 ], [ -70.77820897849692, -33.284515051310436 ], [ -70.778205099278097, -33.284513311696116 ], [ -70.77820125674981, -33.284511515557568 ], [ -70.778197452079496, -33.284509663440502 ], [ -70.778193686423066, -33.284507755907647 ], [ -70.778189960924649, -33.284505793538528 ], [ -70.778186276716099, -33.284503776929355 ], [ -70.778182634916746, -33.284501706692851 ], [ -70.778179036633063, -33.284499583457951 ], [ -70.778175482958289, -33.28449740786975 ], [ -70.778171974972082, -33.284495180589261 ], [ -70.778168513740241, -33.284492902293159 ], [ -70.778165100314368, -33.284490573673651 ], [ -70.77816173573153, -33.284488195438207 ], [ -70.778158421013941, -33.284485768309381 ], [ -70.778155157168669, -33.284483293024621 ], [ -70.778151945187375, -33.284480770335918 ], [ -70.77814878604589, -33.28447820100974 ], [ -70.778145680704029, -33.284475585826726 ], [ -70.778142630105236, -33.284472925581383 ], [ -70.778139635176402, -33.284470221081982 ], [ -70.778136696827374, -33.28446747315018 ], [ -70.778133815950923, -33.284464682620872 ], [ -70.77813099342228, -33.284461850341877 ], [ -70.778128230099028, -33.284458977173692 ], [ -70.778125526820673, -33.284456063989253 ], [ -70.778122884408532, -33.284453111673642 ], [ -70.778120303665432, -33.284450121123818 ], [ -70.778117785375443, -33.28444709324841 ], [ -70.778115330303677, -33.284444028967307 ], [ -70.778112939195992, -33.284440929211542 ], [ -70.778110612778889, -33.284437794922859 ], [ -70.778108351759158, -33.284434627053507 ], [ -70.778106156823739, -33.284431426565959 ], [ -70.77810402863949, -33.284428194432621 ], [ -70.77810196785299, -33.284424931635428 ], [ -70.778099975090342, -33.284421639165721 ], [ -70.77809805095697, -33.28441831802381 ], [ -70.778096196037481, -33.284414969218709 ], [ -70.778094410895406, -33.284411593767892 ], [ -70.778092696073116, -33.28440819269683 ], [ -70.778091052091582, -33.284404767038907 ], [ -70.778089479450287, -33.284401317834856 ], [ -70.778087978627013, -33.284397846132634 ], [ -70.778086550077731, -33.284394352987 ], [ -70.778085194236468, -33.28439083945927 ], [ -70.778083911515125, -33.284387306616892 ], [ -70.778082702303436, -33.284383755533227 ], [ -70.778081566968766, -33.284380187287162 ], [ -70.778080505856011, -33.284376602962809 ], [ -70.778079519287616, -33.284373003649172 ], [ -70.778032839536152, -33.28419564452151 ] ] ] ] } },
{ "type": "Feature", "properties": { "fid": "229", "Area": 14987.976 }, "geometry": { "type": "MultiPolygon", "coordinates": [ [ [ [ -70.779354742851865, -33.281921448062405 ], [ -70.779069469295266, -33.281745868689619 ], [ -70.780018397900463, -33.280660167525944 ], [ -70.780296771609585, -33.280831815790577 ], [ -70.780847631457647, -33.280869037678585 ], [ -70.780846099331299, -33.280878112569184 ], [ -70.780844747454196, -33.280887207643417 ], [ -70.780843576201775, -33.280896320375717 ], [ -70.78084258589935, -33.280905448235622 ], [ -70.780841776821944, -33.280914588688439 ], [ -70.780841149194316, -33.28092373919602 ], [ -70.780840703190776, -33.280932897217369 ], [ -70.780840438935257, -33.280942060209448 ], [ -70.780840356501187, -33.280951225627824 ], [ -70.780840455911502, -33.280960390927362 ], [ -70.780840737138661, -33.280969553563004 ], [ -70.780841200104632, -33.280978710990418 ], [ -70.780841844680907, -33.280987860666698 ], [ -70.780842670688557, -33.280997000051094 ], [ -70.780843677898275, -33.281006126605753 ], [ -70.780844866030407, -33.281015237796318 ], [ -70.780846234755103, -33.281024331092731 ], [ -70.780847783692323, -33.281033403969936 ], [ -70.780849512412018, -33.281042453908491 ], [ -70.780851420434189, -33.281051478395341 ], [ -70.780853507229068, -33.281060474924509 ], [ -70.780855772217222, -33.281069440997783 ], [ -70.781005482582273, -33.281638671583693 ], [ -70.779419702602496, -33.281932933619039 ], [ -70.779418336530256, -33.28193317668633 ], [ -70.779416965644671, -33.281933399818662 ], [ -70.779415590358084, -33.281933602948904 ], [ -70.779414211084173, -33.281933786015962 ], [ -70.779412828237767, -33.281933948964777 ], [ -70.779411442234803, -33.281934091746344 ], [ -70.779410053492185, -33.281934214317694 ], [ -70.779408662427585, -33.281934316641987 ], [ -70.77940726945944, -33.281934398688428 ], [ -70.779405875006717, -33.281934460432332 ], [ -70.779404479488818, -33.281934501855169 ], [ -70.779403083325519, -33.281934522944425 ], [ -70.779401686936737, -33.281934523693806 ], [ -70.779400290742487, -33.281934504103035 ], [ -70.779398895162714, -33.28193446417805 ], [ -70.779397500617179, -33.28193440393084 ], [ -70.779396107525329, -33.281934323379538 ], [ -70.7793947163062, -33.281934222548344 ], [ -70.779393327378216, -33.281934101467613 ], [ -70.779391941159147, -33.281933960173752 ], [ -70.779390558065955, -33.281933798709268 ], [ -70.77938917851462, -33.281933617122725 ], [ -70.779387802920112, -33.281933415468728 ], [ -70.779386431696153, -33.28193319380793 ], [ -70.779385065255212, -33.281932952207029 ], [ -70.779383704008254, -33.281932690738678 ], [ -70.779382348364734, -33.281932409481492 ], [ -70.779380998732407, -33.281932108520117 ], [ -70.779379655517204, -33.281931787945048 ], [ -70.779378319123154, -33.28193144785272 ], [ -70.779376989952183, -33.281931088345416 ], [ -70.779375668404114, -33.28193070953126 ], [ -70.779374354876424, -33.281930311524214 ], [ -70.779373049764203, -33.281929894443969 ], [ -70.779371753459998, -33.281929458416016 ], [ -70.779370466353711, -33.281929003571449 ], [ -70.779369188832476, -33.281928530047104 ], [ -70.779367921280567, -33.281928037985402 ], [ -70.779366664079205, -33.28192752753435 ], [ -70.779365417606556, -33.281926998847474 ], [ -70.779364182237529, -33.281926452083795 ], [ -70.779362958343683, -33.28192588740778 ], [ -70.779361746293148, -33.281925304989251 ], [ -70.779360546450491, -33.281924705003398 ], [ -70.779359359176595, -33.281924087630685 ], [ -70.779358184828581, -33.28192345305682 ], [ -70.779357023759644, -33.281922801472653 ], [ -70.779355876319045, -33.281922133074161 ], [ -70.779354742851865, -33.281921448062405 ] ] ] ] } },
{ "type": "Feature", "properties": { "fid": "230", "Area": 12573.176 }, "geometry": { "type": "MultiPolygon", "coordinates": [ [ [ [ -70.780018397900463, -33.280660167525944 ], [ -70.781207444065842, -33.279299692899819 ], [ -70.781804307737204, -33.27966830933137 ], [ -70.780967453445371, -33.28062516198645 ], [ -70.780960825968776, -33.280632878701205 ], [ -70.780954358408096, -33.28064069055425 ], [ -70.78094805269879, -33.280648595207865 ], [ -70.780941910727876, -33.280656590296601 ], [ -70.780935934333399, -33.2806646734279 ], [ -70.780930125303883, -33.280672842182859 ], [ -70.780924485377724, -33.280681094116986 ], [ -70.78091901624272, -33.280689426760858 ], [ -70.78091371953559, -33.28069783762092 ], [ -70.780908596841414, -33.28070632418018 ], [ -70.780903649693244, -33.280714883899044 ], [ -70.780898879571566, -33.280723514215971 ], [ -70.780894287903905, -33.280732212548365 ], [ -70.780889876064393, -33.280740976293174 ], [ -70.780885645373317, -33.280749802827842 ], [ -70.780881597096808, -33.280758689511018 ], [ -70.78087773244637, -33.280767633683332 ], [ -70.780874052578554, -33.280776632668193 ], [ -70.780870558594643, -33.280785683772649 ], [ -70.780867251540272, -33.280794784288126 ], [ -70.780864132405171, -33.28080393149127 ], [ -70.780861202122793, -33.280813122644723 ], [ -70.780858461570077, -33.280822354998037 ], [ -70.780855911567244, -33.28083162578838 ], [ -70.780853552877417, -33.280840932241425 ], [ -70.780851386206535, -33.280850271572199 ], [ -70.780849412202997, -33.280859640985859 ], [ -70.780847631457647, -33.280869037678585 ], [ -70.780296771609585, -33.280831815790577 ], [ -70.780018397900463, -33.280660167525944 ] ] ] ] } },
{ "type": "Feature", "properties": { "fid": "1", "Area": 10434.664 }, "geometry": { "type": "MultiPolygon", "coordinates": [ [ [ [ -70.832437858647225, -33.254441956161457 ], [ -70.832393819151832, -33.254365361362616 ], [ -70.832300942836184, -33.254210290124853 ], [ -70.83404189927208, -33.253165932484876 ], [ -70.834126054777428, -33.253262570930445 ], [ -70.834222782635493, -33.253396379190782 ], [ -70.834334737053908, -33.253561041358509 ], [ -70.833008205476247, -33.254356801336712 ], [ -70.832544346603925, -33.254635054448052 ], [ -70.832498490589629, -33.254550310612068 ], [ -70.832437858647609, -33.254441956162147 ], [ -70.832437858647225, -33.254441956161457 ] ] ] ] } },
{ "type": "Feature", "properties": { "fid": "2", "Area": 29646.376 }, "geometry": { "type": "MultiPolygon", "coordinates": [ [ [ [ -70.833115575231943, -33.256013331562706 ], [ -70.833071238806269, -33.255872036841957 ], [ -70.833024019824236, -33.255731402913895 ], [ -70.832973932236357, -33.255591471287254 ], [ -70.832920990839654, -33.25545228326331 ], [ -70.832865211273173, -33.255313879923655 ], [ -70.832806610013478, -33.255176302118109 ], [ -70.832745204369658, -33.255039590452647 ], [ -70.83268101247829, -33.254903785277456 ], [ -70.832614053298002, -33.254768926674963 ], [ -70.832544346603925, -33.254635054448052 ], [ -70.834334289303996, -33.253561309959537 ], [ -70.834412867852606, -33.253676936718762 ], [ -70.834461698436499, -33.253760741005642 ], [ -70.834510890352945, -33.253860951977465 ], [ -70.834549106690233, -33.253961032097287 ], [ -70.834569878533742, -33.254036419496259 ], [ -70.834583883626237, -33.254103280088358 ], [ -70.834592811038092, -33.254180714810204 ], [ -70.834590585360573, -33.254251372897663 ], [ -70.834579350196904, -33.254376501982286 ], [ -70.834563692633992, -33.254507166221742 ], [ -70.834555300098472, -33.254581321315769 ], [ -70.834548518022743, -33.254637999645524 ], [ -70.834540337313143, -33.254701991982458 ], [ -70.834527894124562, -33.254797190508874 ], [ -70.8345153192803, -33.254888197625029 ], [ -70.834503786546435, -33.254983826176804 ], [ -70.834487088594742, -33.255097117174202 ], [ -70.834479204148053, -33.255158924091923 ], [ -70.834474175188063, -33.255198346544233 ], [ -70.833115575231943, -33.256013331562713 ], [ -70.833115575231943, -33.256013331562706 ] ] ] ] } },
{ "type": "Feature", "properties": { "fid": "3", "Area": 179230.609 }, "geometry": { "type": "MultiPolygon", "coordinates": [ [ [ [ -70.824277364625672, -33.249203616489794 ], [ -70.823781303658691, -33.247808792167362 ], [ -70.82360335358166, -33.247313305527797 ], [ -70.823674140499293, -33.247321628706707 ], [ -70.823921052138374, -33.247350421910959 ], [ -70.8244989557693, -33.247414231543928 ], [ -70.824979423423756, -33.247468242935625 ], [ -70.825292502906095, -33.247502581694633 ], [ -70.825853807509162, -33.247566273867285 ], [ -70.826276770161954, -33.247612852223533 ], [ -70.826586383682738, -33.247646909700194 ], [ -70.826754914591689, -33.247667741773768 ], [ -70.827068673395956, -33.247701761144377 ], [ -70.827933997174796, -33.247796856158956 ], [ -70.828817754257685, -33.24789436947102 ], [ -70.828915973935111, -33.247905817745071 ], [ -70.829145009389052, -33.247929510928358 ], [ -70.829232990744032, -33.247933382986616 ], [ -70.82931375654519, -33.247949671776134 ], [ -70.829398628646487, -33.247959001982956 ], [ -70.829432294386336, -33.247960952278447 ], [ -70.829733506009504, -33.247994561050021 ], [ -70.829966316468841, -33.248020333682966 ], [ -70.830205857881296, -33.248049124499261 ], [ -70.830327992419228, -33.248062128109439 ], [ -70.830328476109713, -33.248085324912502 ], [ -70.830209749803188, -33.250003181278693 ], [ -70.831234740057013, -33.250122644247682 ], [ -70.83123397249085, -33.250126681473688 ], [ -70.831203607078663, -33.250240221592982 ], [ -70.831158745521222, -33.250447722130595 ], [ -70.831151344205296, -33.250484401801167 ], [ -70.83113992453309, -33.250577986155058 ], [ -70.831137545923355, -33.250599694740295 ], [ -70.831129328401872, -33.250617226762486 ], [ -70.83113092888334, -33.250693941371352 ], [ -70.831128374376618, -33.250748362996823 ], [ -70.831129194954556, -33.250787694968913 ], [ -70.831146529037227, -33.250841371697391 ], [ -70.831172122183091, -33.250942055857621 ], [ -70.831199894797976, -33.251028163613675 ], [ -70.831216012914481, -33.251065981472344 ], [ -70.831231560997452, -33.251115500306099 ], [ -70.831246182987584, -33.251140759476364 ], [ -70.831114988009801, -33.251679176767993 ], [ -70.827862456267709, -33.250516061126248 ], [ -70.827745085893042, -33.250467138107702 ], [ -70.82762697183216, -33.250419495510066 ], [ -70.827508133869401, -33.250373141313382 ], [ -70.824277364625672, -33.249203616489794 ] ] ] ] } },
{ "type": "Feature", "properties": { "fid": "4", "Area": 17304.525 }, "geometry": { "type": "MultiPolygon", "coordinates": [ [ [ [ -70.833115575231943, -33.256013331562713 ], [ -70.834474175188063, -33.255198346544233 ], [ -70.834504865562906, -33.255187226019942 ], [ -70.834503347709557, -33.255198603500467 ], [ -70.834492802487702, -33.255300632478765 ], [ -70.834482574813364, -33.255393727599156 ], [ -70.834467893775184, -33.255516677904005 ], [ -70.834454590908408, -33.255608123199472 ], [ -70.834446855681335, -33.255699485099257 ], [ -70.8344394761274, -33.255752371183355 ], [ -70.834421536249167, -33.255869308275862 ], [ -70.834418548180423, -33.255948222643582 ], [ -70.834378557753766, -33.256114616571367 ], [ -70.834362329982923, -33.256209307611364 ], [ -70.834342367153553, -33.25626222266623 ], [ -70.834315691348138, -33.256345290426943 ], [ -70.834260154729392, -33.25645113485735 ], [ -70.834129934389154, -33.256675162331241 ], [ -70.83404498791262, -33.256858883171006 ], [ -70.833870497189736, -33.257210614748701 ], [ -70.833795375767039, -33.257336743160813 ], [ -70.833748618717763, -33.257432823472236 ], [ -70.833705235273172, -33.257519560192264 ], [ -70.833671489072387, -33.257595365566026 ], [ -70.833656147890736, -33.257622473157006 ], [ -70.833606694370999, -33.257518620323545 ], [ -70.833559391047189, -33.257414062877842 ], [ -70.833514252126591, -33.257308832239957 ], [ -70.833471291166006, -33.257202960032117 ], [ -70.833430521067569, -33.257096478069329 ], [ -70.833391954074898, -33.256989418349633 ], [ -70.833355601769469, -33.256881813044593 ], [ -70.833321475067109, -33.256773694489638 ], [ -70.833289584214683, -33.256665095174313 ], [ -70.833259938787137, -33.256556047732488 ], [ -70.833232547684503, -33.256446584932569 ], [ -70.833196552129266, -33.256301603978827 ], [ -70.833157557365695, -33.25615717159117 ], [ -70.833115575231943, -33.256013331562713 ] ] ] ] } },
{ "type": "Feature", "properties": { "fid": "5", "Area": 34628.666 }, "geometry": { "type": "MultiPolygon", "coordinates": [ [ [ [ -70.830721352553667, -33.252321620785374 ], [ -70.831706830780078, -33.252678297301955 ], [ -70.831918253255665, -33.251810610499618 ], [ -70.831995298187366, -33.251869321597056 ], [ -70.832130777774765, -33.251934264020846 ], [ -70.832152936348763, -33.25194395826756 ], [ -70.83224573031859, -33.25199397869109 ], [ -70.832354027243767, -33.252072777528504 ], [ -70.832676191390235, -33.252246720354655 ], [ -70.832724575926136, -33.252271486842531 ], [ -70.833033205347633, -33.25243939992626 ], [ -70.833126387543004, -33.252489633277335 ], [ -70.833168077034443, -33.252515001702882 ], [ -70.833239397542329, -33.25255267514828 ], [ -70.833536054707935, -33.252731042981146 ], [ -70.833608760574705, -33.252778636902846 ], [ -70.83375997991449, -33.252872127818556 ], [ -70.833853334367817, -33.252944221140375 ], [ -70.833943920249538, -33.253036183281083 ], [ -70.834061106278739, -33.253146373652925 ], [ -70.83406194479582, -33.25314724713926 ], [ -70.83404189927208, -33.253165932484876 ], [ -70.832300942836184, -33.254210290124853 ], [ -70.832220653325791, -33.254082258396032 ], [ -70.832137782882853, -33.253955392927523 ], [ -70.832052355507784, -33.253829730444799 ], [ -70.831964395940872, -33.253705307324942 ], [ -70.831873929655032, -33.253582159586088 ], [ -70.831780982848571, -33.253460322877082 ], [ -70.831685582437458, -33.253339832467091 ], [ -70.831587756047611, -33.253220723235437 ], [ -70.831487532006889, -33.253103029661496 ], [ -70.831384939336786, -33.252986785814713 ], [ -70.831280007744184, -33.252872025344772 ], [ -70.831172767612614, -33.252758781471819 ], [ -70.831063249993505, -33.252647086976879 ], [ -70.830951486597215, -33.252536974192402 ], [ -70.830837509783791, -33.252428474992804 ], [ -70.830721352553667, -33.252321620785374 ] ] ] ] } }
]
}
