{
"type": "FeatureCollection",
"name": "vial-nuevo",
"crs": { "type": "name", "properties": { "name": "urn:ogc:def:crs:OGC:1.3:CRS84" } },
"features": [
{ "type": "Feature", "properties": { "fid": 249, "Area": 3869.682 }, "geometry": { "type": "MultiPolygon", "coordinates": [ [ [ [ -70.818883185957034, -33.243071062580242 ], [ -70.818907395469651, -33.243060233443735 ], [ -70.818931817557569, -33.243049746759255 ], [ -70.81895644536101, -33.24303960547234 ], [ -70.818981271962443, -33.243029812431431 ], [ -70.819006290388486, -33.243020370387214 ], [ -70.81903149361186, -33.243011281991762 ], [ -70.819056874553468, -33.243002549797815 ], [ -70.819082426084194, -33.242994176258073 ], [ -70.819108141027115, -33.242986163724474 ], [ -70.819134012159338, -33.242978514447572 ], [ -70.819160032214171, -33.242971230575883 ], [ -70.819186193883041, -33.242964314155302 ], [ -70.819212489817602, -33.242957767128487 ], [ -70.819238912631889, -33.242951591334382 ], [ -70.819265454904212, -33.242945788507583 ], [ -70.819292109179344, -33.242940360278006 ], [ -70.819300029694432, -33.242938746822013 ], [ -70.819307916674788, -33.242937021266705 ], [ -70.819315767873647, -33.242935184103651 ], [ -70.819323581054434, -33.242933235856192 ], [ -70.81933135399143, -33.242931177079342 ], [ -70.819339084470371, -33.242929008359582 ], [ -70.819346770289073, -33.242926730314693 ], [ -70.819354409258096, -33.242924343593621 ], [ -70.819361999201334, -33.242921848876307 ], [ -70.819369537956646, -33.242919246873399 ], [ -70.819377023376489, -33.242916538326114 ], [ -70.819384453328496, -33.242913724006051 ], [ -70.819391825696115, -33.24291080471491 ], [ -70.819399138379197, -33.242907781284345 ], [ -70.819406389294571, -33.24290465457559 ], [ -70.819413576376704, -33.242901425479367 ], [ -70.819420697578209, -33.242898094915532 ], [ -70.819427750870517, -33.242894663832907 ], [ -70.819434734244325, -33.242891133208843 ], [ -70.819441645710342, -33.242887504049136 ], [ -70.819448483299695, -33.242883777387625 ], [ -70.819455245064589, -33.242879954285911 ], [ -70.819461929078813, -33.242876035833071 ], [ -70.819468533438311, -33.24287202314536 ], [ -70.819475056261723, -33.242867917365857 ], [ -70.819481495690894, -33.242863719664172 ], [ -70.819487849891473, -33.24285943123612 ], [ -70.819494117053353, -33.242855053303316 ], [ -70.819549742794138, -33.243047638448694 ], [ -70.819413205668596, -33.24318522541936 ], [ -70.819410351314986, -33.243183260063951 ], [ -70.819407457167941, -33.243181336239438 ], [ -70.81940452408314, -33.243179454514596 ], [ -70.819401552927843, -33.243177615445809 ], [ -70.819398544580466, -33.243175819576813 ], [ -70.819395499930508, -33.243174067438574 ], [ -70.819392419878142, -33.243172359549135 ], [ -70.819389305334028, -33.243170696413465 ], [ -70.819386157219014, -33.243169078523287 ], [ -70.819382976463928, -33.243167506356976 ], [ -70.819379764009156, -33.243165980379324 ], [ -70.819376520804511, -33.243164501041534 ], [ -70.819373247808926, -33.24316306878098 ], [ -70.819369945990076, -33.243161684021146 ], [ -70.819366616324189, -33.243160347171418 ], [ -70.81936325979575, -33.243159058627107 ], [ -70.819359877397147, -33.243157818769134 ], [ -70.819356470128412, -33.243156627964119 ], [ -70.819353038996994, -33.243155486564127 ], [ -70.819349585017321, -33.243154394906625 ], [ -70.819346109210613, -33.243153353314376 ], [ -70.819342612604544, -33.243152362095358 ], [ -70.819339096232937, -33.243151421542613 ], [ -70.819335561135446, -33.243150531934241 ], [ -70.819332008357264, -33.243149693533255 ], [ -70.81932843894883, -33.24314890658755 ], [ -70.819324853965497, -33.243148171329807 ], [ -70.819321254467198, -33.243147487977389 ], [ -70.819317641518154, -33.243146856732359 ], [ -70.81931401618661, -33.243146277781364 ], [ -70.819310379544433, -33.243145751295543 ], [ -70.819306732666846, -33.243145277430578 ], [ -70.81930307663211, -33.243144856326587 ], [ -70.819299412521147, -33.243144488108044 ], [ -70.819295741417335, -33.243144172883838 ], [ -70.819292064406056, -33.243143910747179 ], [ -70.81928838257447, -33.243143701775566 ], [ -70.81928469701117, -33.243143546030758 ], [ -70.819281008805859, -33.243143443558836 ], [ -70.819277319048965, -33.243143394390067 ], [ -70.819273628831439, -33.24314339853904 ], [ -70.819269939244336, -33.243143456004468 ], [ -70.819266251378522, -33.243143566769398 ], [ -70.819262566324369, -33.243143730801066 ], [ -70.819258885171422, -33.243143948050978 ], [ -70.819255209008048, -33.243144218454901 ], [ -70.819251538921165, -33.243144541932899 ], [ -70.81924787599587, -33.243144918389298 ], [ -70.819244221315174, -33.243145347712833 ], [ -70.819240575959611, -33.243145829776545 ], [ -70.819236941006992, -33.243146364437926 ], [ -70.819233317532024, -33.243146951538883 ], [ -70.819229706606066, -33.243147590905814 ], [ -70.819226109296693, -33.243148282349715 ], [ -70.819222526667545, -33.243149025666128 ], [ -70.819218959777828, -33.243149820635303 ], [ -70.819215409682187, -33.243150667022192 ], [ -70.819211877430206, -33.243151564576522 ], [ -70.819188857014439, -33.24315825310255 ], [ -70.819165977767696, -33.243165275328963 ], [ -70.819143246540108, -33.243172629153321 ], [ -70.819120670137451, -33.243180312373873 ], [ -70.819098255319204, -33.243188322690258 ], [ -70.819076008796429, -33.243196657704196 ], [ -70.819053937229825, -33.243205314920175 ], [ -70.819032047227708, -33.243214291746199 ], [ -70.819010345344068, -33.243223585494633 ], [ -70.818988838076521, -33.243233193382878 ], [ -70.818140352398643, -33.243620426780858 ], [ -70.818054107202343, -33.243659787008831 ], [ -70.817816968263273, -33.24376801101959 ], [ -70.817711980333527, -33.243605576714849 ], [ -70.817949118982526, -33.243497352912271 ], [ -70.818883185957034, -33.243071062580242 ] ] ] ] } },
{ "type": "Feature", "properties": { "fid": 250, "Area": 1956.016 }, "geometry": { "type": "MultiPolygon", "coordinates": [ [ [ [ -70.816794998347689, -33.243767878787416 ], [ -70.816819317854694, -33.243770371787122 ], [ -70.816843685375304, -33.243772508254082 ], [ -70.81686809350731, -33.243774287539296 ], [ -70.8168925348362, -33.243775709102295 ], [ -70.816917001937355, -33.243776772511254 ], [ -70.816941487378372, -33.243777477443125 ], [ -70.816965983721232, -33.243777823683807 ], [ -70.81699048352462, -33.243777811128119 ], [ -70.817014979346169, -33.243777439779883 ], [ -70.817039463744734, -33.243776709751941 ], [ -70.817063929282625, -33.243775621266046 ], [ -70.817088368527877, -33.243774174652842 ], [ -70.81711277405654, -33.243772370351806 ], [ -70.817137138454882, -33.243770208911037 ], [ -70.817161454321678, -33.243767690987134 ], [ -70.817185714270451, -33.243764817344974 ], [ -70.817209910931695, -33.24376158885751 ], [ -70.817234036955156, -33.243758006505473 ], [ -70.817258085012028, -33.243754071377076 ], [ -70.817282047797207, -33.243749784667735 ], [ -70.817305918031465, -33.243745147679626 ], [ -70.817329688463715, -33.243740161821343 ], [ -70.817353351873194, -33.243734828607472 ], [ -70.817376901071626, -33.243729149658087 ], [ -70.817400328905464, -33.243723126698313 ], [ -70.817423628258041, -33.243716761557778 ], [ -70.817446792051669, -33.243710056170009 ], [ -70.817469813249915, -33.243703012571942 ], [ -70.817492684859602, -33.243695632903218 ], [ -70.817515399933058, -33.243687919405581 ], [ -70.817537951570102, -33.243679874422178 ], [ -70.817560332920294, -33.243671500396857 ], [ -70.817582537184833, -33.24366279987342 ], [ -70.817604557618793, -33.24365377549482 ], [ -70.817626387533053, -33.243644430002426 ], [ -70.817648020296389, -33.243634766235132 ], [ -70.817711980320325, -33.243605576694428 ], [ -70.817816968263273, -33.24376801101959 ], [ -70.817753253202397, -33.24379708878655 ], [ -70.817728229822066, -33.243808272491329 ], [ -70.817702978208487, -33.243819087918581 ], [ -70.817677506037157, -33.243829531780833 ], [ -70.817651821050632, -33.243839600903492 ], [ -70.81762593105617, -33.243849292225882 ], [ -70.817599843923361, -33.24385860280217 ], [ -70.817573567581704, -33.243867529802273 ], [ -70.817547110018253, -33.243876070512663 ], [ -70.817520479275103, -33.243884222337257 ], [ -70.817493683447054, -33.243891982798196 ], [ -70.817466730679044, -33.243899349536512 ], [ -70.817439629163758, -33.243906320312966 ], [ -70.817412387139086, -33.243912893008719 ], [ -70.817385012885637, -33.243919065625825 ], [ -70.817357514724222, -33.243924836288024 ], [ -70.817329901013309, -33.243930203241241 ], [ -70.817302180146498, -33.243935164854072 ], [ -70.817274360550002, -33.243939719618346 ], [ -70.817246450679988, -33.243943866149557 ], [ -70.817218459020111, -33.243947603187301 ], [ -70.817190394078864, -33.243950929595627 ], [ -70.817162264387036, -33.243953844363396 ], [ -70.817134078495116, -33.243956346604598 ], [ -70.817105844970641, -33.243958435558632 ], [ -70.817077572395661, -33.243960110590514 ], [ -70.817049269364091, -33.243961371191091 ], [ -70.817020944479069, -33.243962216977138 ], [ -70.816992606350453, -33.243962647691582 ], [ -70.816964263592041, -33.243962663203462 ], [ -70.816935924819106, -33.243962263508067 ], [ -70.816907598645699, -33.243961448726878 ], [ -70.816879293682007, -33.243960219107514 ], [ -70.816851018531793, -33.243958575023775 ], [ -70.816822781789767, -33.243956516975359 ], [ -70.816794592038931, -33.243954045587834 ], [ -70.816766457848033, -33.243951161612408 ], [ -70.816794998347689, -33.243767878787416 ] ] ] ] } },
{ "type": "Feature", "properties": { "fid": 251, "Area": 1903.322 }, "geometry": { "type": "MultiPolygon", "coordinates": [ [ [ [ -70.815683798642183, -33.243521725042925 ], [ -70.81567320474619, -33.243503401283981 ], [ -70.815662252693727, -33.243485226814229 ], [ -70.815650945463432, -33.243467206576241 ], [ -70.815639286130562, -33.243449345470729 ], [ -70.815627277866128, -33.243431648355049 ], [ -70.815614923935996, -33.24341412004199 ], [ -70.815602227700083, -33.243396765298407 ], [ -70.815589192611313, -33.243379588843993 ], [ -70.815575822214825, -33.243362595349915 ], [ -70.815562120146922, -33.243345789437591 ], [ -70.815548090134072, -33.243329175677417 ], [ -70.815533735991949, -33.243312758587571 ], [ -70.815519061624371, -33.243296542632699 ], [ -70.815504071022204, -33.243280532222727 ], [ -70.814880015799986, -33.242625211864528 ], [ -70.815044568765359, -33.242610397369845 ], [ -70.815612986472686, -33.243207291502934 ], [ -70.815629590405024, -33.243225028405959 ], [ -70.815645839859997, -33.243242995620797 ], [ -70.815661730313892, -33.243261188145738 ], [ -70.815677257342912, -33.243279600916367 ], [ -70.815692416624444, -33.243298228806957 ], [ -70.815707203938231, -33.243317066631874 ], [ -70.815721615167561, -33.243336109147045 ], [ -70.815735646300382, -33.243355351051434 ], [ -70.815749293430457, -33.243374786988468 ], [ -70.815762552758486, -33.243394411547555 ], [ -70.815775420593056, -33.24341421926561 ], [ -70.815787893351768, -33.243434204628564 ], [ -70.815799967562157, -33.24345436207286 ], [ -70.815811639862744, -33.243474685987046 ], [ -70.815822907003906, -33.243495170713359 ], [ -70.815833765848808, -33.243515810549198 ], [ -70.815844213374262, -33.243536599748815 ], [ -70.815854246671591, -33.243557532524925 ], [ -70.815863862947396, -33.243578603050175 ], [ -70.815873059524407, -33.243599805458942 ], [ -70.815873540178714, -33.243600912321781 ], [ -70.8158740437094, -33.243602011979945 ], [ -70.815874569963597, -33.243603104099641 ], [ -70.815875118781562, -33.243604188349323 ], [ -70.815875689996702, -33.243605264399861 ], [ -70.815876283435614, -33.243606331924624 ], [ -70.815876898918162, -33.243607390599536 ], [ -70.815877536257503, -33.243608440103252 ], [ -70.815878195260183, -33.243609480117165 ], [ -70.815878875726128, -33.243610510325567 ], [ -70.815879577448797, -33.243611530415748 ], [ -70.815880300215184, -33.243612540078026 ], [ -70.815881043805874, -33.243613539005928 ], [ -70.81588180799514, -33.243614526896209 ], [ -70.81588259255102, -33.243615503449 ], [ -70.815883397235339, -33.243616468367847 ], [ -70.815884221803856, -33.243617421359843 ], [ -70.815885066006231, -33.243618362135678 ], [ -70.815885929586216, -33.243619290409818 ], [ -70.815886812281676, -33.243620205900427 ], [ -70.815887713824623, -33.243621108329634 ], [ -70.815888633941427, -33.243621997423475 ], [ -70.815889572352759, -33.243622872912063 ], [ -70.815890528773778, -33.24362373452967 ], [ -70.815891502914113, -33.243624582014675 ], [ -70.815892494478078, -33.243625415109875 ], [ -70.815893503164673, -33.243626233562345 ], [ -70.815894528667712, -33.243627037123652 ], [ -70.815895570675877, -33.243627825549865 ], [ -70.815896628872878, -33.243628598601653 ], [ -70.815897702937463, -33.243629356044323 ], [ -70.815898792543607, -33.24363009764798 ], [ -70.815899897360552, -33.243630823187502 ], [ -70.815901017052909, -33.243631532442606 ], [ -70.815902151280795, -33.243632225198034 ], [ -70.815830688958044, -33.243716371147599 ], [ -70.815671011311863, -33.243591784783142 ], [ -70.815671886261157, -33.243590979136179 ], [ -70.815672744512653, -33.243590160905384 ], [ -70.815673585810075, -33.243589330335077 ], [ -70.815674409902215, -33.243588487673293 ], [ -70.815675216542985, -33.243587633171629 ], [ -70.815676005491525, -33.243586767085255 ], [ -70.815676776512248, -33.243585889672786 ], [ -70.815677529374923, -33.243585001196223 ], [ -70.81567826385475, -33.243584101920867 ], [ -70.815678979732397, -33.24358319211526 ], [ -70.815679676794105, -33.243582272051057 ], [ -70.815680354831741, -33.243581342002997 ], [ -70.815681013642816, -33.243580402248817 ], [ -70.815681653030623, -33.243579453069103 ], [ -70.815682272804239, -33.243578494747325 ], [ -70.815682872778595, -33.243577527569578 ], [ -70.815683452774522, -33.243576551824731 ], [ -70.81568401261886, -33.243575567804108 ], [ -70.815684552144404, -33.243574575801567 ], [ -70.815685071190074, -33.243573576113306 ], [ -70.815685569600859, -33.243572569037838 ], [ -70.81568604722797, -33.243571554875885 ], [ -70.815686503928745, -33.243570533930303 ], [ -70.815686939566831, -33.243569506505914 ], [ -70.815687354012141, -33.24356847290953 ], [ -70.815687747140927, -33.243567433449783 ], [ -70.81568811883578, -33.243566388437095 ], [ -70.815688468985741, -33.243565338183444 ], [ -70.815688797486231, -33.243564283002499 ], [ -70.815689104239169, -33.243563223209314 ], [ -70.815689389152951, -33.243562159120359 ], [ -70.81568965214251, -33.243561091053387 ], [ -70.815689893129303, -33.243560019327298 ], [ -70.815690112041395, -33.243558944262126 ], [ -70.815690308813387, -33.243557866178911 ], [ -70.815690483386561, -33.243556785399569 ], [ -70.815690635708734, -33.243555702246795 ], [ -70.815690765734487, -33.243554617044062 ], [ -70.815690873424941, -33.243553530115385 ], [ -70.815690958747979, -33.243552441785347 ], [ -70.815691021678106, -33.24355135237893 ], [ -70.815691062196535, -33.243550262221426 ], [ -70.815691080291145, -33.243549171638357 ], [ -70.815691075956579, -33.243548080955385 ], [ -70.815691049194086, -33.243546990498203 ], [ -70.815691000011697, -33.243545900592402 ], [ -70.815690928424075, -33.243544811563446 ], [ -70.815690834452624, -33.243543723736529 ], [ -70.815690718125353, -33.243542637436491 ], [ -70.815690579477049, -33.243541552987672 ], [ -70.81569041854911, -33.243540470713924 ], [ -70.815690235389553, -33.243539390938402 ], [ -70.815690030053105, -33.243538313983549 ], [ -70.815689802601071, -33.243537240170937 ], [ -70.815689553101365, -33.243536169821205 ], [ -70.81568928162848, -33.243535103253983 ], [ -70.815688988263517, -33.243534040787736 ], [ -70.815688673094058, -33.24353298273973 ], [ -70.815688336214194, -33.243531929425913 ], [ -70.815687977724551, -33.243530881160773 ], [ -70.81568759773215, -33.243529838257366 ], [ -70.815687196350481, -33.24352880102709 ], [ -70.815686773699397, -33.243527769779682 ], [ -70.815686329905077, -33.243526744823043 ], [ -70.815685865100065, -33.243525726463275 ], [ -70.815685379423158, -33.243524715004419 ], [ -70.815684873019379, -33.243523710748548 ], [ -70.815684346039944, -33.243522713995496 ], [ -70.815683798642183, -33.243521725042925 ] ] ] ] } },
{ "type": "Feature", "properties": { "fid": 252, "Area": 2866.873 }, "geometry": { "type": "MultiPolygon", "coordinates": [ [ [ [ -70.81985468753544, -33.242177250406087 ], [ -70.820047960834842, -33.242159842203954 ], [ -70.820156190749287, -33.24219270867993 ], [ -70.819798126246866, -33.243022681344939 ], [ -70.819795709363419, -33.243028438985931 ], [ -70.819793411801257, -33.243034231017823 ], [ -70.819791234252946, -33.243040055694713 ], [ -70.819789177374901, -33.243045911260865 ], [ -70.819787241787154, -33.243051795951224 ], [ -70.819785428073189, -33.243057707991966 ], [ -70.819783736779712, -33.243063645601005 ], [ -70.819782168416566, -33.24306960698857 ], [ -70.81978072345656, -33.243075590357684 ], [ -70.819779402335243, -33.243081593904797 ], [ -70.819549742794138, -33.243047638448694 ], [ -70.819494117049302, -33.242855053271555 ], [ -70.819500473141474, -33.242850456311579 ], [ -70.819506733268355, -33.242845767289701 ], [ -70.819512895541749, -33.242840987620241 ], [ -70.819518958103018, -33.242836118744847 ], [ -70.819524919123538, -33.242831162132106 ], [ -70.819530776805365, -33.242826119277026 ], [ -70.819536529381722, -33.242820991700661 ], [ -70.819542175117505, -33.242815780949584 ], [ -70.81954771230987, -33.242810488595495 ], [ -70.819553139288658, -33.242805116234656 ], [ -70.81955845441702, -33.242799665487546 ], [ -70.81956365609183, -33.242794137998175 ], [ -70.819568742744138, -33.242788535433789 ], [ -70.819573712839741, -33.242782859484237 ], [ -70.819578564879563, -33.242777111861528 ], [ -70.819583297400143, -33.242771294299246 ], [ -70.819587908974086, -33.242765408552103 ], [ -70.819592398210446, -33.242759456395397 ], [ -70.819596763755214, -33.242753439624394 ], [ -70.819601004291655, -33.242747360053897 ], [ -70.819605118540778, -33.242741219517619 ], [ -70.819609105261648, -33.242735019867723 ], [ -70.819612963251814, -33.242728762974124 ], [ -70.819616691347662, -33.242722450724052 ], [ -70.81962028842473, -33.242716085021399 ], [ -70.819623753398105, -33.242709667786215 ], [ -70.819627085222692, -33.242703200954068 ], [ -70.819630282893598, -33.242696686475497 ], [ -70.819633345446334, -33.242690126315388 ], [ -70.819636271957222, -33.242683522452445 ], [ -70.819854687528874, -33.242177250421321 ], [ -70.81985468753544, -33.242177250406087 ] ] ] ] } },
{ "type": "Feature", "properties": { "fid": 253, "Area": 720.786 }, "geometry": { "type": "MultiPolygon", "coordinates": [ [ [ [ -70.820625689314369, -33.242984588674958 ], [ -70.820996235249709, -33.242639181146956 ], [ -70.821073435566461, -33.242555975062125 ], [ -70.821079565776785, -33.242549367899365 ], [ -70.821075247717005, -33.242555948509484 ], [ -70.820607344492586, -33.24306653064756 ], [ -70.820274102477143, -33.243445396990587 ], [ -70.820147692351014, -33.243571102979963 ], [ -70.820061861003254, -33.243510158847776 ], [ -70.820625689314369, -33.242984588674958 ] ] ] ] } },
{ "type": "Feature", "properties": { "fid": 254, "Area": 3653.16 }, "geometry": { "type": "MultiPolygon", "coordinates": [ [ [ [ -70.820147692351, -33.243571102979963 ], [ -70.818771748873303, -33.24493935129734 ], [ -70.818611921021699, -33.244825865093325 ], [ -70.819156209674219, -33.244291983736609 ], [ -70.820010625712982, -33.243474024476335 ], [ -70.820147692351014, -33.243571102979963 ], [ -70.820147692351, -33.243571102979963 ] ] ] ] } },
{ "type": "Feature", "properties": { "fid": 255, "Area": 1898.185 }, "geometry": { "type": "MultiPolygon", "coordinates": [ [ [ [ -70.820010622006578, -33.24347402185122 ], [ -70.819911149556376, -33.243403569485508 ], [ -70.819905779152194, -33.243399424104119 ], [ -70.819900495523939, -33.24339520071976 ], [ -70.819895300275959, -33.243390900614799 ], [ -70.819890194985732, -33.243386525094941 ], [ -70.819885181203432, -33.243382075488775 ], [ -70.819880260451413, -33.24337755314739 ], [ -70.819875434223846, -33.24337295944396 ], [ -70.81987070398614, -33.243368295773315 ], [ -70.819866071174587, -33.243363563551554 ], [ -70.819861537195877, -33.243358764215557 ], [ -70.819857103426699, -33.24335389922264 ], [ -70.819852771213334, -33.243348970049986 ], [ -70.81984854187121, -33.243343978194304 ], [ -70.819844416684489, -33.243338925171336 ], [ -70.819840396905732, -33.243333812515381 ], [ -70.819836483755509, -33.243328641778866 ], [ -70.819832678422003, -33.243323414531844 ], [ -70.819828982060628, -33.243318132361495 ], [ -70.819825395793757, -33.243312796871727 ], [ -70.819821920710297, -33.243307409682636 ], [ -70.819818557865403, -33.243301972429947 ], [ -70.81981530828017, -33.24329648676467 ], [ -70.819812172941269, -33.243290954352474 ], [ -70.819809152800701, -33.24328537687321 ], [ -70.819806248775478, -33.243279756020442 ], [ -70.81980346174737, -33.243274093500901 ], [ -70.819800792562617, -33.243268391033936 ], [ -70.819798242031666, -33.243262650351085 ], [ -70.819795810928923, -33.243256873195399 ], [ -70.819793499992556, -33.243251061321125 ], [ -70.819791309924241, -33.243245216492951 ], [ -70.819789241388932, -33.243239340485594 ], [ -70.819787295014734, -33.243233435083255 ], [ -70.819785471392578, -33.24322750207908 ], [ -70.819783771076203, -33.243221543274522 ], [ -70.819782194581833, -33.24321556047898 ], [ -70.819780742388147, -33.243209555509004 ], [ -70.819779414936065, -33.243203530187991 ], [ -70.81977821262862, -33.243197486345444 ], [ -70.81977713583089, -33.243191425816541 ], [ -70.819776184869752, -33.243185350441493 ], [ -70.819775360033972, -33.24317926206502 ], [ -70.819774661573973, -33.243173162535811 ], [ -70.819774089701795, -33.243167053705918 ], [ -70.819773644591052, -33.243160937430211 ], [ -70.81977332637689, -33.243154815565873 ], [ -70.819773135155884, -33.243148689971697 ], [ -70.819773070986088, -33.2431425625077 ], [ -70.819773133886954, -33.243136435034408 ], [ -70.819773323839343, -33.243130309412358 ], [ -70.819773640785584, -33.24312418750155 ], [ -70.819774084629358, -33.243118071160801 ], [ -70.819774655235932, -33.243111962247319 ], [ -70.819775352431989, -33.243105862615984 ], [ -70.819776176005803, -33.243099774118882 ], [ -70.81977712570729, -33.243093698604739 ], [ -70.819778201248056, -33.243087637918279 ], [ -70.819779402301478, -33.243081593899817 ], [ -70.819549742794138, -33.243047638448694 ], [ -70.819413205668596, -33.24318522541936 ], [ -70.819416032697092, -33.243187241384213 ], [ -70.819418817856103, -33.24318929808841 ], [ -70.819421560314282, -33.243191394918021 ], [ -70.81942425925304, -33.243193531247186 ], [ -70.819426913866764, -33.243195706438222 ], [ -70.819429523363084, -33.243197919841855 ], [ -70.819432086963104, -33.243200170797429 ], [ -70.819434603901584, -33.243202458633064 ], [ -70.819437073427267, -33.243204782665821 ], [ -70.819439494803021, -33.243207142202046 ], [ -70.819441867306082, -33.243209536537414 ], [ -70.819591165948381, -33.243362883471704 ], [ -70.819596147404326, -33.243368125316621 ], [ -70.819601020193403, -33.243373438794158 ], [ -70.819605782857082, -33.243378822313836 ], [ -70.819610433969771, -33.243384274264258 ], [ -70.819614972139249, -33.24338979301352 ], [ -70.819619396007113, -33.243395376909731 ], [ -70.819623704249182, -33.243401024281511 ], [ -70.819627895575877, -33.243406733438469 ], [ -70.819631968732608, -33.243412502671703 ], [ -70.819635922500169, -33.243418330254357 ], [ -70.819639755695064, -33.243424214442065 ], [ -70.819643467169925, -33.243430153473611 ], [ -70.819647055813775, -33.243436145571259 ], [ -70.819650520552429, -33.24344218894143 ], [ -70.81965386034878, -33.243448281775208 ], [ -70.819657074203135, -33.243454422248867 ], [ -70.819660161153465, -33.243460608524408 ], [ -70.819663120275749, -33.24346683875013 ], [ -70.819665950684239, -33.243473111061178 ], [ -70.819668651531686, -33.243479423580084 ], [ -70.819671222009632, -33.24348577441738 ], [ -70.819673661348645, -33.243492161672087 ], [ -70.819675968818544, -33.243498583432348 ], [ -70.819678143728609, -33.243505037775982 ], [ -70.819680185427814, -33.243511522771044 ], [ -70.819682093305019, -33.243518036476409 ], [ -70.819683866789077, -33.243524576942349 ], [ -70.819685505349142, -33.243531142211168 ], [ -70.819687008494725, -33.243537730317698 ], [ -70.81968837577584, -33.243544339289969 ], [ -70.819689606783214, -33.24355096714973 ], [ -70.819690701148332, -33.243557611913126 ], [ -70.819691658543618, -33.243564271591197 ], [ -70.819692478682455, -33.24357094419053 ], [ -70.819693161319307, -33.243577627713847 ], [ -70.819693706249836, -33.243584320160629 ], [ -70.819694113310888, -33.243591019527599 ], [ -70.819694382380575, -33.243597723809515 ], [ -70.819694513378352, -33.243604430999596 ], [ -70.819694506264966, -33.243611139090227 ], [ -70.819694361042508, -33.243617846073469 ], [ -70.81969407775442, -33.243624549941785 ], [ -70.819693656485455, -33.243631248688502 ], [ -70.819693097361707, -33.243637940308545 ], [ -70.81969240055048, -33.243644622798925 ], [ -70.819691566260317, -33.243651294159392 ], [ -70.819690594740919, -33.243657952393043 ], [ -70.819689486283053, -33.243664595506871 ], [ -70.819688241218486, -33.243671221512457 ], [ -70.819686859919855, -33.243677828426456 ], [ -70.819685342800597, -33.243684414271208 ], [ -70.81968369031479, -33.243690977075438 ], [ -70.819681902957043, -33.243697514874711 ], [ -70.819679981262311, -33.24370402571207 ], [ -70.819677925805792, -33.243710507638696 ], [ -70.819675737202715, -33.24371695871433 ], [ -70.819673416108145, -33.243723377008003 ], [ -70.819670963216822, -33.243729760598555 ], [ -70.81966837926295, -33.243736107575216 ], [ -70.819665665019926, -33.243742416038131 ], [ -70.81966282130017, -33.243748684099039 ], [ -70.819659848954856, -33.24375490988173 ], [ -70.819656748873669, -33.243761091522664 ], [ -70.81965352198452, -33.243767227171503 ], [ -70.819650169253265, -33.243773314991664 ], [ -70.819646691683459, -33.243779353160932 ], [ -70.819643090315992, -33.243785339871877 ], [ -70.819639366228827, -33.243791273332548 ], [ -70.819635520536679, -33.243797151766884 ], [ -70.819631554390625, -33.243802973415285 ], [ -70.819627468977842, -33.243808736535193 ], [ -70.819623265521145, -33.243814439401554 ], [ -70.819618945278748, -33.243820080307316 ], [ -70.819614509543797, -33.243825657564031 ], [ -70.819609959643998, -33.243831169502251 ], [ -70.819605296941248, -33.243836614472094 ], [ -70.819600522831195, -33.243841990843734 ], [ -70.819595638742854, -33.243847297007875 ], [ -70.819590646138153, -33.243852531376234 ], [ -70.819585546511476, -33.243857692382015 ], [ -70.819156209674219, -33.244291983736609 ], [ -70.820010625713067, -33.243474024476392 ], [ -70.820010622006578, -33.24347402185122 ] ] ] ] } },
{ "type": "Feature", "properties": { "fid": 256, "Area": 1746.003 }, "geometry": { "type": "MultiPolygon", "coordinates": [ [ [ [ -70.816794998347689, -33.243767878787416 ], [ -70.816772835689846, -33.243765291082468 ], [ -70.816750724858565, -33.243762407275561 ], [ -70.816728671456303, -33.243759228097403 ], [ -70.816706681071011, -33.243755754353522 ], [ -70.816400541627772, -33.243705929323305 ], [ -70.816246809255446, -33.243683304113461 ], [ -70.816092670077964, -33.24366272594289 ], [ -70.815938162693229, -33.243644199964969 ], [ -70.815936779998296, -33.243644033266982 ], [ -70.815935400954743, -33.243643846428867 ], [ -70.815934025978009, -33.243643639506885 ], [ -70.815932655482285, -33.243643412563394 ], [ -70.815931289880453, -33.243643165666754 ], [ -70.815929929583902, -33.243642898891338 ], [ -70.815928575002417, -33.243642612317522 ], [ -70.815927226544076, -33.243642306031617 ], [ -70.815925884615098, -33.243641980125901 ], [ -70.815924549619737, -33.243641634698577 ], [ -70.815923221960162, -33.243641269853676 ], [ -70.815921902036365, -33.243640885701112 ], [ -70.815920590245923, -33.243640482356625 ], [ -70.815919286984055, -33.243640059941704 ], [ -70.81591799264335, -33.243639618583629 ], [ -70.815916707613738, -33.243639158415341 ], [ -70.815915432282338, -33.243638679575461 ], [ -70.815914167033341, -33.243638182208265 ], [ -70.81591291224791, -33.243637666463556 ], [ -70.815911668304039, -33.24363713249673 ], [ -70.81591043557647, -33.243636580468618 ], [ -70.815909214436587, -33.243636010545544 ], [ -70.81590800525224, -33.243635422899182 ], [ -70.815906808387695, -33.243634817706578 ], [ -70.815905624203523, -33.243634195150022 ], [ -70.815904453056447, -33.243633555417077 ], [ -70.815903295299279, -33.243632898700469 ], [ -70.81590215128081, -33.243632225198034 ], [ -70.815830688958044, -33.243716371147599 ], [ -70.81598939541017, -33.243854487356089 ], [ -70.815990067186178, -33.243853951648944 ], [ -70.815990749866373, -33.24385342576506 ], [ -70.815991443247313, -33.243852909861175 ], [ -70.815992147122429, -33.243852404090958 ], [ -70.815992861281984, -33.243851908605144 ], [ -70.815993585513183, -33.243851423551341 ], [ -70.81599431960025, -33.243850949074101 ], [ -70.815995063324451, -33.243850485314773 ], [ -70.815995816464195, -33.243850032411551 ], [ -70.815996578795037, -33.243849590499373 ], [ -70.815997350089901, -33.243849159709924 ], [ -70.815998130118928, -33.243848740171543 ], [ -70.815998918649711, -33.243848332009243 ], [ -70.815999715447305, -33.243847935344647 ], [ -70.816000520274301, -33.243847550295925 ], [ -70.816001332890892, -33.24384717697783 ], [ -70.816002153054953, -33.24384681550157 ], [ -70.8160029805221, -33.24384646597489 ], [ -70.816003815045775, -33.243846128501872 ], [ -70.816004656377359, -33.24384580318312 ], [ -70.816005504266158, -33.243845490115554 ], [ -70.816006358459518, -33.243845189392431 ], [ -70.816007218702936, -33.24384490110338 ], [ -70.816008084740119, -33.243844625334283 ], [ -70.81600895631297, -33.243844362167337 ], [ -70.816009833161857, -33.243844111680914 ], [ -70.816010715025485, -33.243843873949686 ], [ -70.816011601641094, -33.243843649044443 ], [ -70.816012492744505, -33.243843437032247 ], [ -70.816013388070232, -33.243843237976229 ], [ -70.816014287351493, -33.243843051935713 ], [ -70.816015190320343, -33.243842878966142 ], [ -70.816016096707713, -33.24384271911903 ], [ -70.81601700624357, -33.243842572442041 ], [ -70.816017918656883, -33.243842438978831 ], [ -70.816018833675827, -33.24384231876919 ], [ -70.816019751027724, -33.243842211848957 ], [ -70.816020670439272, -33.243842118249965 ], [ -70.816021591636499, -33.243842038000111 ], [ -70.816022514344965, -33.243841971123302 ], [ -70.816023438289704, -33.243841917639443 ], [ -70.816024363195439, -33.243841877564513 ], [ -70.816025288786577, -33.243841850910428 ], [ -70.816026214787357, -33.243841837685125 ], [ -70.816027140921847, -33.243841837892575 ], [ -70.816028066914072, -33.243841851532665 ], [ -70.816028992488185, -33.24384187860138 ], [ -70.816029917368354, -33.243841919090606 ], [ -70.816030841279044, -33.243841972988328 ], [ -70.816031763944935, -33.243842040278473 ], [ -70.81603268509113, -33.243842120940982 ], [ -70.816033604443163, -33.243842214951812 ], [ -70.81603452172709, -33.243842322282966 ], [ -70.816146003096463, -33.243856752300765 ], [ -70.816257275969974, -33.243872277135075 ], [ -70.816355059150482, -33.243886850246319 ], [ -70.8164526585403, -33.243902268820101 ], [ -70.816664354780812, -33.24393714561262 ], [ -70.816689777776119, -33.243941161165331 ], [ -70.816715273593275, -33.243944836290133 ], [ -70.816740835776514, -33.243948170056456 ], [ -70.816766457853291, -33.243951161620181 ], [ -70.816794998049602, -33.243767878746503 ], [ -70.816794998347689, -33.243767878787416 ] ] ] ] } },
{ "type": "Feature", "properties": { "fid": 257, "Area": 2180.351 }, "geometry": { "type": "MultiPolygon", "coordinates": [ [ [ [ -70.813645497266577, -33.24273634690902 ], [ -70.81341765391808, -33.242756856699501 ], [ -70.814157166539246, -33.243533438409521 ], [ -70.814157917137535, -33.24353424604152 ], [ -70.814158650870297, -33.243535064543586 ], [ -70.814159367514648, -33.243535893667122 ], [ -70.814160066852878, -33.243536733160212 ], [ -70.814160748672521, -33.243537582767821 ], [ -70.814161412766452, -33.243538442231873 ], [ -70.814162058932936, -33.243539311291251 ], [ -70.814162686975649, -33.243540189681973 ], [ -70.814163296703839, -33.243541077137174 ], [ -70.814163887932239, -33.243541973387231 ], [ -70.814164460481251, -33.243542878159914 ], [ -70.81416501417695, -33.243543791180343 ], [ -70.814165548851108, -33.243544712171129 ], [ -70.814166064341308, -33.243545640852538 ], [ -70.814166560490946, -33.2435465769424 ], [ -70.814167037149303, -33.243547520156362 ], [ -70.814167494171585, -33.243548470207884 ], [ -70.814167931418922, -33.243549426808336 ], [ -70.8141683487585, -33.243550389667128 ], [ -70.814168746063544, -33.243551358491743 ], [ -70.814169123213318, -33.243552332987875 ], [ -70.814169480093298, -33.243553312859468 ], [ -70.814169816595026, -33.243554297808849 ], [ -70.814170132616312, -33.243555287536822 ], [ -70.814170428061118, -33.243556281742691 ], [ -70.814170702839704, -33.243557280124442 ], [ -70.814170956868608, -33.24355828237875 ], [ -70.814171190070624, -33.243559288201183 ], [ -70.814171402374939, -33.243560297286137 ], [ -70.814171593717049, -33.243561309327106 ], [ -70.814171764038804, -33.243562324016615 ], [ -70.81417191328849, -33.243563341046418 ], [ -70.814172041420747, -33.243564360107563 ], [ -70.814172148396665, -33.243565380890452 ], [ -70.814172234183744, -33.243566403084984 ], [ -70.814172298755892, -33.243567426380629 ], [ -70.814172342093514, -33.243568450466533 ], [ -70.814172364183463, -33.243569475031556 ], [ -70.81417236501899, -33.243570499764481 ], [ -70.814172344599868, -33.243571524353989 ], [ -70.814172302932292, -33.243572548488828 ], [ -70.81417224002891, -33.243573571857851 ], [ -70.814172155908835, -33.243574594150218 ], [ -70.814172050597648, -33.243575615055306 ], [ -70.814171924127294, -33.243576634263022 ], [ -70.814171776536213, -33.243577651463717 ], [ -70.814171607869255, -33.243578666348391 ], [ -70.814171418177636, -33.243579678608725 ], [ -70.81417120751901, -33.24358068793719 ], [ -70.814170975957339, -33.243581694027185 ], [ -70.814170723562995, -33.24358269657305 ], [ -70.814170450412632, -33.243583695270246 ], [ -70.814170156589256, -33.24358468981535 ], [ -70.814169842182096, -33.243585679906239 ], [ -70.814169507286678, -33.243586665242155 ], [ -70.814169152004752, -33.243587645523732 ], [ -70.81416877644422, -33.243588620453174 ], [ -70.814168380719209, -33.243589589734349 ], [ -70.814167964949903, -33.243590553072728 ], [ -70.814167529262619, -33.243591510175726 ], [ -70.814167073789733, -33.243592460752538 ], [ -70.814166598669587, -33.243593404514399 ], [ -70.814166104046521, -33.243594341174621 ], [ -70.814165590070814, -33.243595270448651 ], [ -70.814165056898574, -33.243596192054163 ], [ -70.814164504691803, -33.243597105711203 ], [ -70.814163933618232, -33.243598011142211 ], [ -70.814163343851376, -33.243598908072116 ], [ -70.814162735570378, -33.243599796228445 ], [ -70.814162108960033, -33.243600675341362 ], [ -70.814161464210713, -33.243601545143846 ], [ -70.814160801518256, -33.243602405371632 ], [ -70.814160121083987, -33.243603255763389 ], [ -70.814159423114646, -33.243604096060785 ], [ -70.81415870782223, -33.243604926008551 ], [ -70.814157975424052, -33.243605745354536 ], [ -70.814157226142612, -33.243606553849851 ], [ -70.814156460205538, -33.243607351248883 ], [ -70.814155677845505, -33.243608137309359 ], [ -70.81415487930019, -33.243608911792521 ], [ -70.814154064812172, -33.243609674463066 ], [ -70.814153234628904, -33.243610425089315 ], [ -70.814152389002558, -33.243611163443212 ], [ -70.814151528190067, -33.243611889300482 ], [ -70.814150652452895, -33.243612602440614 ], [ -70.814149762057127, -33.243613302646935 ], [ -70.81414885727321, -33.243613989706738 ], [ -70.814147938376038, -33.243614663411321 ], [ -70.814147005644756, -33.243615323556007 ], [ -70.814146059362713, -33.243615969940251 ], [ -70.81451692014042, -33.243547672431042 ], [ -70.814512837327726, -33.243547424025074 ], [ -70.814508760254668, -33.243547116169623 ], [ -70.814504690147118, -33.2435467489573 ], [ -70.81450062822887, -33.243546322498496 ], [ -70.814496575721193, -33.243545836921442 ], [ -70.814492533842625, -33.243545292372133 ], [ -70.814488503808448, -33.243544689014307 ], [ -70.814484486830366, -33.243544027029365 ], [ -70.814480484116189, -33.243543306616374 ], [ -70.814476496869446, -33.243542527991906 ], [ -70.814472526288981, -33.243541691390107 ], [ -70.814468573568675, -33.243540797062515 ], [ -70.814464639896997, -33.243539845278008 ], [ -70.814460726456687, -33.243538836322791 ], [ -70.814456834424448, -33.243537770500218 ], [ -70.814452964970471, -33.243536648130757 ], [ -70.814449119258256, -33.243535469551887 ], [ -70.814445298444056, -33.243534235117963 ], [ -70.814441503676719, -33.243532945200151 ], [ -70.814437736097261, -33.24353160018628 ], [ -70.814433996838432, -33.243530200480791 ], [ -70.814430287024578, -33.243528746504523 ], [ -70.814426607771139, -33.243527238694654 ], [ -70.814422960184373, -33.24352567750455 ], [ -70.814419345360989, -33.243524063403612 ], [ -70.814415764387903, -33.24352239687714 ], [ -70.814412218341815, -33.243520678426243 ], [ -70.814408708288909, -33.243518908567623 ], [ -70.814405235284568, -33.243517087833396 ], [ -70.814401800373048, -33.243515216771044 ], [ -70.814398404587138, -33.243513295943124 ], [ -70.814395048947858, -33.243511325927187 ], [ -70.814391734464152, -33.243509307315584 ], [ -70.814388462132598, -33.243507240715225 ], [ -70.814385232937113, -33.243505126747507 ], [ -70.814382047848625, -33.243502966048062 ], [ -70.814378907824818, -33.243500759266503 ], [ -70.814375813809761, -33.243498507066398 ], [ -70.814372766733811, -33.243496210124924 ], [ -70.814369767513099, -33.243493869132692 ], [ -70.814366817049418, -33.243491484793587 ], [ -70.814363916229894, -33.243489057824512 ], [ -70.814361065926718, -33.2434865889552 ], [ -70.814358266996919, -33.24348407892797 ], [ -70.814355520282035, -33.243481528497547 ], [ -70.814352826607944, -33.243478938430741 ], [ -70.814350186784566, -33.243476309506342 ], [ -70.814347601605576, -33.2434736425148 ], [ -70.81364549727941, -33.242736346922484 ], [ -70.813645497266577, -33.24273634690902 ] ] ] ] } },
{ "type": "Feature", "properties": { "fid": 258, "Area": 1852.698 }, "geometry": { "type": "MultiPolygon", "coordinates": [ [ [ [ -70.81484089199985, -33.243565011762733 ], [ -70.814826909467754, -33.243749483305528 ], [ -70.815235143087975, -33.243771330956427 ], [ -70.815366515934798, -33.243779118902069 ], [ -70.81549774994815, -33.24378841385132 ], [ -70.815628820648286, -33.243799214070158 ], [ -70.81575970358594, -33.243811517543719 ], [ -70.815760623571379, -33.243811616157792 ], [ -70.815761541390842, -33.243811728119482 ], [ -70.815762456770074, -33.243811853395322 ], [ -70.815763369435558, -33.243811991947872 ], [ -70.815764279114603, -33.243812143735745 ], [ -70.815765185535369, -33.243812308713593 ], [ -70.815766088427068, -33.243812486832091 ], [ -70.815766987519865, -33.243812678038047 ], [ -70.815767882545131, -33.243812882274327 ], [ -70.815768773235462, -33.24381309947988 ], [ -70.815769659324673, -33.243813329589827 ], [ -70.81577054054803, -33.243813572535437 ], [ -70.815771416642207, -33.243813828244043 ], [ -70.815772287345467, -33.243814096639305 ], [ -70.815773152397597, -33.243814377641016 ], [ -70.815774011540157, -33.243814671165183 ], [ -70.815774864516413, -33.243814977124146 ], [ -70.815775711071495, -33.243815295426437 ], [ -70.815776550952464, -33.243815625976985 ], [ -70.815777383908355, -33.243815968677005 ], [ -70.815778209690308, -33.243816323424113 ], [ -70.815779028051566, -33.243816690112268 ], [ -70.815779838747574, -33.243817068631969 ], [ -70.815780641536136, -33.243817458870062 ], [ -70.815781436177375, -33.243817860709967 ], [ -70.815782222433825, -33.243818274031625 ], [ -70.815783000070567, -33.2438186987115 ], [ -70.815783768855269, -33.243819134622733 ], [ -70.815784528558197, -33.243819581635066 ], [ -70.815785278952333, -33.24382003961491 ], [ -70.815786019813501, -33.243820508425465 ], [ -70.81578675092031, -33.243820987926611 ], [ -70.815787472054311, -33.243821477975089 ], [ -70.815788183, -33.243821978424464 ], [ -70.815788883545011, -33.243822489125222 ], [ -70.815789573479961, -33.243823009924739 ], [ -70.815790252598731, -33.243823540667421 ], [ -70.815799352315508, -33.243815545198046 ], [ -70.815830688958044, -33.243716371147599 ], [ -70.815671011311863, -33.243591784783142 ], [ -70.815670113308272, -33.243592583390026 ], [ -70.815669198897567, -33.243593368741138 ], [ -70.815668268356774, -33.24359414059851 ], [ -70.815667321967908, -33.243594898728261 ], [ -70.815666360017701, -33.243595642900658 ], [ -70.815665382797675, -33.243596372890195 ], [ -70.815664390603914, -33.243597088475696 ], [ -70.815663383737075, -33.243597789440322 ], [ -70.815662362502252, -33.243598475571673 ], [ -70.8156613272089, -33.243599146661836 ], [ -70.815660278170725, -33.243599802507454 ], [ -70.815659215705594, -33.243600442909809 ], [ -70.815658140135454, -33.243601067674838 ], [ -70.815657051786218, -33.243601676613238 ], [ -70.81565595098769, -33.243602269540489 ], [ -70.815654838073399, -33.243602846276929 ], [ -70.815653713380584, -33.243603406647779 ], [ -70.815652577250049, -33.243603950483262 ], [ -70.815651430026051, -33.243604477618568 ], [ -70.815650272056217, -33.243604987894003 ], [ -70.815649103691442, -33.243605481154908 ], [ -70.815647925285731, -33.243605957251816 ], [ -70.81564673719619, -33.243606416040485 ], [ -70.815645539782807, -33.243606857381884 ], [ -70.815644333408429, -33.243607281142289 ], [ -70.815643118438572, -33.243607687193283 ], [ -70.815641895241441, -33.243608075411835 ], [ -70.81564066418764, -33.243608445680302 ], [ -70.815639425650218, -33.24360879788648 ], [ -70.81563818000447, -33.243609131923677 ], [ -70.815636927627835, -33.243609447690645 ], [ -70.815635668899816, -33.24360974509171 ], [ -70.815634404201802, -33.243610024036755 ], [ -70.815633133917046, -33.243610284441253 ], [ -70.815631858430436, -33.243610526226298 ], [ -70.815630578128477, -33.243610749318641 ], [ -70.815629293399127, -33.243610953650659 ], [ -70.815628004631662, -33.24361113916045 ], [ -70.815626712216599, -33.243611305791788 ], [ -70.815625416545586, -33.243611453494211 ], [ -70.815624118011186, -33.243611582222918 ], [ -70.815622817006911, -33.243611691938938 ], [ -70.815621513926956, -33.243611782609001 ], [ -70.815620209166212, -33.243611854205668 ], [ -70.815618903119997, -33.243611906707216 ], [ -70.815617596184097, -33.243611940097736 ], [ -70.815616288754512, -33.243611954367118 ], [ -70.815614981227426, -33.243611949511049 ], [ -70.815613673999025, -33.243611925530963 ], [ -70.815612367465434, -33.243611882434159 ], [ -70.815611062022541, -33.243611820233717 ], [ -70.815609758065918, -33.243611738948417 ], [ -70.815608455990699, -33.243611638602957 ], [ -70.815488801641536, -33.24360215259918 ], [ -70.815369018616394, -33.24359389253047 ], [ -70.815249124701822, -33.243586859623555 ], [ -70.81484089199985, -33.243565011762712 ], [ -70.81484089199985, -33.243565011762733 ] ] ] ] } },
{ "type": "Feature", "properties": { "fid": 259, "Area": 1794.018 }, "geometry": { "type": "MultiPolygon", "coordinates": [ [ [ [ -70.813080862688352, -33.244541781325239 ], [ -70.813092023224598, -33.244520476120826 ], [ -70.813103599149528, -33.244499327995364 ], [ -70.813115587333002, -33.24447834266681 ], [ -70.813127984533395, -33.244457525809082 ], [ -70.813140787398481, -33.244436883050547 ], [ -70.813153992466411, -33.244416419972524 ], [ -70.813167596166565, -33.244396142107725 ], [ -70.813181594820549, -33.244376054938783 ], [ -70.813195984643201, -33.244356163896782 ], [ -70.813210761743605, -33.244336474359741 ], [ -70.813225922126136, -33.24431699165121 ], [ -70.813241461691547, -33.244297721038848 ], [ -70.813257376238084, -33.244278667732893 ], [ -70.813273661462617, -33.244259836884922 ], [ -70.813290312961797, -33.244241233586237 ], [ -70.81344592317167, -33.244345441298705 ], [ -70.813382314585652, -33.244412507767912 ], [ -70.813369405336374, -33.244429283268325 ], [ -70.813356815921267, -33.244446229528542 ], [ -70.813344549538826, -33.244463342243407 ], [ -70.813332609305476, -33.244480617065463 ], [ -70.813320998254824, -33.244498049606101 ], [ -70.813309719336843, -33.244515635436585 ], [ -70.813298775417124, -33.244533370089265 ], [ -70.813288169276163, -33.244551249058688 ], [ -70.81327790360865, -33.244569267802717 ], [ -70.81326798102279, -33.244587421743709 ], [ -70.813258404039615, -33.244605706269681 ], [ -70.812990324751866, -33.245129105047411 ], [ -70.812812920164689, -33.245064896357867 ], [ -70.813080862688352, -33.244541781325239 ] ] ] ] } },
{ "type": "Feature", "properties": { "fid": 260, "Area": 1856.195 }, "geometry": { "type": "MultiPolygon", "coordinates": [ [ [ [ -70.813290411355482, -33.244241125531239 ], [ -70.813307454441869, -33.244222726758508 ], [ -70.81332485581909, -33.244204566335874 ], [ -70.813342610766824, -33.244186649189267 ], [ -70.813360714468857, -33.244168980178664 ], [ -70.813379162014442, -33.244151564096732 ], [ -70.813397948399484, -33.244134405667531 ], [ -70.813417068528054, -33.244117509545234 ], [ -70.813436517213688, -33.244100880312814 ], [ -70.813456289180792, -33.244084522480911 ], [ -70.813476379066117, -33.244068440486529 ], [ -70.813496781420184, -33.244052638691826 ], [ -70.813517490708762, -33.244037121382981 ], [ -70.813538501314369, -33.244021892768977 ], [ -70.813559807537814, -33.244006956980535 ], [ -70.813581403599727, -33.243992318068884 ], [ -70.813863556846812, -33.243804261109986 ], [ -70.814145708871322, -33.24361620354766 ], [ -70.81423708542907, -33.243795708416805 ], [ -70.814223364682078, -33.24380081982801 ], [ -70.814209745529638, -33.243806119615726 ], [ -70.81419623163427, -33.24381160635474 ], [ -70.814182826630258, -33.24381727856953 ], [ -70.814169534122527, -33.243823134734669 ], [ -70.814156357685789, -33.243829173275344 ], [ -70.814143300863563, -33.243835392567597 ], [ -70.814130367167152, -33.243841790938937 ], [ -70.81411756007482, -33.243848366668658 ], [ -70.814104883030708, -33.243855117988396 ], [ -70.814092339444045, -33.243862043082572 ], [ -70.814079932688145, -33.243869140088833 ], [ -70.814067666099547, -33.243876407098625 ], [ -70.814055542977073, -33.243883842157665 ], [ -70.814043566580978, -33.243891443266463 ], [ -70.813701433517537, -33.244119478310381 ], [ -70.813681642255318, -33.244132901560725 ], [ -70.813662126285536, -33.244146606457868 ], [ -70.81364289128409, -33.244160589016069 ], [ -70.813623942845197, -33.244174845168793 ], [ -70.813605286479728, -33.244189370769973 ], [ -70.813586927613642, -33.244204161595178 ], [ -70.813568871586355, -33.244219213342809 ], [ -70.813551123649233, -33.244234521635406 ], [ -70.81344592317167, -33.244345441298712 ], [ -70.813289057135478, -33.244242614616162 ], [ -70.813290411355482, -33.244241125531239 ] ] ] ] } },
{ "type": "Feature", "properties": { "fid": 261, "Area": 3086.742 }, "geometry": { "type": "MultiPolygon", "coordinates": [ [ [ [ -70.815074528545992, -33.244937468809368 ], [ -70.81500513549679, -33.245093621141159 ], [ -70.814874572816095, -33.245051633390325 ], [ -70.814744841271661, -33.24500786455723 ], [ -70.814615975273909, -33.24496232625134 ], [ -70.814488009003469, -33.244915030551446 ], [ -70.814360976402227, -33.244865990002523 ], [ -70.814234911164178, -33.244815217612292 ], [ -70.814109846726623, -33.244762726847846 ], [ -70.813985816261251, -33.244708531632078 ], [ -70.813862852665224, -33.244652646339965 ], [ -70.813740988552624, -33.244595085794707 ], [ -70.813620256245684, -33.244535865263899 ], [ -70.813500687766265, -33.244475000455381 ], [ -70.813382314827294, -33.244412507513132 ], [ -70.81344592317167, -33.244345441298705 ], [ -70.813551117277328, -33.244234528353708 ], [ -70.813550413331953, -33.244235166203332 ], [ -70.813549722730116, -33.244235814270425 ], [ -70.813549045681825, -33.24423647235794 ], [ -70.813548382392966, -33.244237140265739 ], [ -70.813547733065235, -33.244237817790754 ], [ -70.813547097896077, -33.244238504726937 ], [ -70.813546477078631, -33.244239200865387 ], [ -70.813545870801704, -33.244239905994448 ], [ -70.813545279249624, -33.244240619899671 ], [ -70.8135447026023, -33.244241342364006 ], [ -70.813544141035081, -33.244242073167719 ], [ -70.813543594718723, -33.244242812088615 ], [ -70.813543063819353, -33.244243558901985 ], [ -70.813542548498418, -33.244244313380733 ], [ -70.813542048912609, -33.244245075295431 ], [ -70.813541565213853, -33.244245844414408 ], [ -70.813541097549233, -33.244246620503759 ], [ -70.813540646060943, -33.244247403327506 ], [ -70.813540210886316, -33.244248192647618 ], [ -70.813539792157641, -33.244248988224037 ], [ -70.813539390002276, -33.244249789814852 ], [ -70.813539004542491, -33.244250597176318 ], [ -70.813538635895497, -33.244251410062937 ], [ -70.813538284173418, -33.244252228227509 ], [ -70.813537949483205, -33.244253051421232 ], [ -70.813537631926607, -33.24425387939381 ], [ -70.813537331600216, -33.244254711893447 ], [ -70.81353704859535, -33.244255548666999 ], [ -70.813536782998057, -33.24425638946002 ], [ -70.813536534889124, -33.244257234016821 ], [ -70.81353630434397, -33.244258082080584 ], [ -70.813536091432709, -33.244258933393461 ], [ -70.813535896220102, -33.244259787696542 ], [ -70.813535718765493, -33.244260644730062 ], [ -70.813535559122855, -33.244261504233393 ], [ -70.813535417340731, -33.24426236594519 ], [ -70.813535293462223, -33.244263229603405 ], [ -70.813535187525019, -33.244264094945436 ], [ -70.813535099561335, -33.244264961708133 ], [ -70.813535029597901, -33.244265829627885 ], [ -70.813534977656005, -33.244266698440839 ], [ -70.813534943751435, -33.244267567882751 ], [ -70.813534927894523, -33.244268437689257 ], [ -70.813534930090057, -33.244269307595857 ], [ -70.813534950337385, -33.244270177338024 ], [ -70.813534988630366, -33.244271046651285 ], [ -70.813535044957334, -33.244271915271277 ], [ -70.813535119301193, -33.244272782933891 ], [ -70.813535211639291, -33.244273649375252 ], [ -70.813535321943576, -33.244274514331927 ], [ -70.81353545018051, -33.244275377540859 ], [ -70.813535596311084, -33.244276238739587 ], [ -70.813535760290875, -33.244277097666227 ], [ -70.813535942070018, -33.244277954059548 ], [ -70.813536141593246, -33.244278807659185 ], [ -70.813536358799865, -33.244279658205556 ], [ -70.813536593623823, -33.24428050544001 ], [ -70.813536845993738, -33.244281349104909 ], [ -70.813537115832858, -33.24428218894375 ], [ -70.813537403059129, -33.244283024701105 ], [ -70.813537707585212, -33.244283856122841 ], [ -70.813538029318494, -33.244284682956149 ], [ -70.813538368161161, -33.244285504949588 ], [ -70.813538724010144, -33.24428632185321 ], [ -70.813539096757282, -33.244287133418581 ], [ -70.813539486289187, -33.244287939398944 ], [ -70.813539892487427, -33.244288739549198 ], [ -70.813540315228479, -33.244289533626045 ], [ -70.813540754383794, -33.244290321388 ], [ -70.813541209819832, -33.244291102595511 ], [ -70.813541681398092, -33.244291877011044 ], [ -70.813542168975189, -33.244292644399088 ], [ -70.81354267240286, -33.244293404526296 ], [ -70.813543191527998, -33.244294157161541 ], [ -70.813543726192776, -33.244294902075936 ], [ -70.81354427623458, -33.244295639042981 ], [ -70.813544841486163, -33.244296367838551 ], [ -70.813545421775643, -33.244297088241055 ], [ -70.813546016926551, -33.244297800031418 ], [ -70.813546626757926, -33.244298502993196 ], [ -70.81354725108433, -33.244299196912614 ], [ -70.813547889715878, -33.244299881578662 ], [ -70.81354854245842, -33.244300556783173 ], [ -70.813549209113432, -33.2443012223208 ], [ -70.813549889478196, -33.244301877989166 ], [ -70.813550583345844, -33.244302523588892 ], [ -70.813551290505359, -33.244303158923664 ], [ -70.813552010741716, -33.24430378380027 ], [ -70.813552743835899, -33.244304398028717 ], [ -70.813553489564981, -33.244305001422219 ], [ -70.8135542477022, -33.244305593797279 ], [ -70.813555018017013, -33.244306174973779 ], [ -70.813555800275182, -33.244306744774988 ], [ -70.813556594238833, -33.244307303027625 ], [ -70.813557399666522, -33.244307849561949 ], [ -70.813558216313353, -33.24430838421177 ], [ -70.813559043930965, -33.244308906814489 ], [ -70.813559882267711, -33.244309417211198 ], [ -70.813560731068677, -33.244309915246681 ], [ -70.813561590075722, -33.244310400769535 ], [ -70.813562459027651, -33.244310873632053 ], [ -70.813667060218862, -33.244364937977394 ], [ -70.813772592541426, -33.244417709276895 ], [ -70.81387903335893, -33.244469176210679 ], [ -70.81398635983993, -33.244519327738608 ], [ -70.814094548962856, -33.244568153102755 ], [ -70.814203577521042, -33.244615641829597 ], [ -70.814325259123862, -33.244666666316 ], [ -70.81444790804747, -33.244716028570586 ], [ -70.814571492134093, -33.244763715650564 ], [ -70.814695978980538, -33.244809715052348 ], [ -70.814821335946831, -33.24485401471491 ], [ -70.814947530164645, -33.244896603022788 ], [ -70.815074528545992, -33.244937468809368 ], [ -70.815074528545992, -33.244937468809368 ] ] ] ] } },
{ "type": "Feature", "properties": { "fid": 262, "Area": 1983.133 }, "geometry": { "type": "MultiPolygon", "coordinates": [ [ [ [ -70.815074528545992, -33.244937468809333 ], [ -70.815005135498154, -33.245093621140057 ], [ -70.815134989077222, -33.245133367462735 ], [ -70.815265587399978, -33.245171351992973 ], [ -70.815396896612938, -33.245207564884552 ], [ -70.815528882678237, -33.245241996750458 ], [ -70.815661511382402, -33.2452746386654 ], [ -70.815794748345269, -33.245305482168057 ], [ -70.815928559028919, -33.245334519263309 ], [ -70.816062908746616, -33.245361742424272 ], [ -70.816197762671763, -33.245387144594311 ], [ -70.816190765892813, -33.245353579461344 ], [ -70.816025409398961, -33.245155613562673 ], [ -70.816024100952632, -33.245156370885688 ], [ -70.816022777011483, -33.245157108950082 ], [ -70.816021437976943, -33.245157827532076 ], [ -70.81602008425503, -33.24515852641381 ], [ -70.816018716256153, -33.245159205383359 ], [ -70.816017334395127, -33.245159864234871 ], [ -70.816015939090946, -33.24516050276857 ], [ -70.816014530766651, -33.245161120790854 ], [ -70.816013109849251, -33.245161718114339 ], [ -70.816011676769577, -33.2451622945579 ], [ -70.816010231962167, -33.245162849946787 ], [ -70.816008775865043, -33.245163384112573 ], [ -70.816007308919751, -33.245163896893317 ], [ -70.816005831571047, -33.245164388133517 ], [ -70.816004344266872, -33.245164857684259 ], [ -70.816002847458194, -33.245165305403162 ], [ -70.81600134159882, -33.245165731154465 ], [ -70.815999827145376, -33.245166134809068 ], [ -70.815998304557013, -33.24516651624463 ], [ -70.8159967742954, -33.24516687534544 ], [ -70.815995236824534, -33.24516721200267 ], [ -70.815993692610576, -33.245167526114201 ], [ -70.815992142121715, -33.2451678175848 ], [ -70.815990585828075, -33.245168086326117 ], [ -70.815989024201556, -33.245168332256647 ], [ -70.815987457715622, -33.245168555301831 ], [ -70.815985886845226, -33.245168755394033 ], [ -70.815984312066703, -33.245168932472595 ], [ -70.81598273385751, -33.24516908648382 ], [ -70.815981152696168, -33.245169217381012 ], [ -70.815979569062094, -33.245169325124493 ], [ -70.815977983435445, -33.245169409681566 ], [ -70.815976396297003, -33.245169471026628 ], [ -70.815974808127976, -33.24516950914105 ], [ -70.815973219409912, -33.245169524013292 ], [ -70.815971630624531, -33.245169515638835 ], [ -70.815970042253525, -33.245169484020224 ], [ -70.815968454778542, -33.245169429167049 ], [ -70.815966868680874, -33.245169351095939 ], [ -70.815965284441432, -33.245169249830553 ], [ -70.815963702540586, -33.245169125401624 ], [ -70.815962123457979, -33.245168977846859 ], [ -70.815960547672361, -33.245168807210987 ], [ -70.815958975661545, -33.245168613545758 ], [ -70.815957407902161, -33.245168396909904 ], [ -70.815955844869563, -33.245168157369093 ], [ -70.815954287037655, -33.245167894995959 ], [ -70.815952734878806, -33.245167609870052 ], [ -70.815951188863622, -33.245167302077839 ], [ -70.815949649460848, -33.245166971712614 ], [ -70.815822873498405, -33.245139110597719 ], [ -70.815696631182817, -33.245109588237355 ], [ -70.81557095334496, -33.245078411841291 ], [ -70.815445870677721, -33.245045589023277 ], [ -70.815321413728597, -33.245011127799138 ], [ -70.815197612892135, -33.244975036584819 ], [ -70.815074498402552, -33.24493732419436 ], [ -70.815074528545992, -33.244937468809333 ] ] ] ] } },
{ "type": "Feature", "properties": { "fid": 263, "Area": 2516.594 }, "geometry": { "type": "MultiPolygon", "coordinates": [ [ [ [ -70.816108087551271, -33.245254596543447 ], [ -70.816330242513047, -33.245123578833166 ], [ -70.816323231648084, -33.245117241660225 ], [ -70.816316352223126, -33.245110803582641 ], [ -70.816309606294666, -33.245104266525033 ], [ -70.81630299587934, -33.245097632441571 ], [ -70.816296522953223, -33.245090903315472 ], [ -70.816290189451294, -33.245084081158339 ], [ -70.816283997266879, -33.24507716800958 ], [ -70.816277948251056, -33.245070165935829 ], [ -70.816272044212056, -33.245063077030281 ], [ -70.816266286914825, -33.245055903412116 ], [ -70.816260678080397, -33.245048647225794 ], [ -70.816255219385468, -33.245041310640488 ], [ -70.816249912461799, -33.245033895849403 ], [ -70.816244758895806, -33.245026405069105 ], [ -70.8162397602281, -33.245018840538926 ], [ -70.816234917952897, -33.245011204520132 ], [ -70.816230233517715, -33.245003499295521 ], [ -70.816225708322889, -33.244995727168437 ], [ -70.816221343721153, -33.244987890462284 ], [ -70.816217141017177, -33.244979991519784 ], [ -70.816213101467312, -33.244972032702243 ], [ -70.816209226279071, -33.244964016388828 ], [ -70.816205516610864, -33.244955944975978 ], [ -70.816201973571623, -33.244947820876526 ], [ -70.816198598220424, -33.244939646519107 ], [ -70.816195391566282, -33.244931424347357 ], [ -70.816192354567733, -33.244923156819162 ], [ -70.816189488132608, -33.244914846406061 ], [ -70.816186793117737, -33.244906495592346 ], [ -70.816184270328733, -33.244898106874395 ], [ -70.816181920519696, -33.244889682759926 ], [ -70.816179744393025, -33.24488122576723 ], [ -70.816177742599194, -33.244872738424412 ], [ -70.815973814786759, -33.243894698641192 ], [ -70.815973661442726, -33.243893923278094 ], [ -70.815973524208331, -33.243893145786494 ], [ -70.815973403125312, -33.243892366402712 ], [ -70.815973298230446, -33.24389158536362 ], [ -70.815973209555636, -33.24389080290662 ], [ -70.815973137127799, -33.24389001926955 ], [ -70.815973080968988, -33.24388923469057 ], [ -70.815973041096242, -33.243888449408153 ], [ -70.815973017521685, -33.243887663660971 ], [ -70.815973010252492, -33.243886877687864 ], [ -70.81597301929088, -33.243886091727717 ], [ -70.815973044634077, -33.243885306019422 ], [ -70.815973086274397, -33.243884520801778 ], [ -70.815973144199177, -33.24388373631345 ], [ -70.815973218390809, -33.243882952792887 ], [ -70.815973308826742, -33.24388217047823 ], [ -70.81597341547949, -33.243881389607267 ], [ -70.815973538316641, -33.2438806104173 ], [ -70.815973677300846, -33.243879833145222 ], [ -70.815973832389886, -33.243879058027225 ], [ -70.81597400353661, -33.243878285298919 ], [ -70.815974190688976, -33.243877515195187 ], [ -70.815974393790128, -33.243876747950068 ], [ -70.815974612778334, -33.243875983796784 ], [ -70.815974847587015, -33.243875222967581 ], [ -70.815975098144818, -33.243874465693715 ], [ -70.815975364375575, -33.243873712205357 ], [ -70.815975646198368, -33.243872962731508 ], [ -70.815975943527562, -33.243872217499977 ], [ -70.815976256272748, -33.243871476737283 ], [ -70.815976584338898, -33.243870740668548 ], [ -70.815976927626295, -33.243870009517536 ], [ -70.815977286030588, -33.243869283506434 ], [ -70.815977659442822, -33.243868562855923 ], [ -70.815978047749553, -33.243867847785054 ], [ -70.815978450832716, -33.243867138511163 ], [ -70.815978868569815, -33.243866435249807 ], [ -70.815979300833874, -33.243865738214751 ], [ -70.8159797474935, -33.243865047617867 ], [ -70.815980208412952, -33.243864363669033 ], [ -70.815980683452125, -33.243863686576169 ], [ -70.815981172466635, -33.243863016545021 ], [ -70.815981675307853, -33.243862353779271 ], [ -70.81598219182294, -33.243861698480366 ], [ -70.815982721854908, -33.243861050847471 ], [ -70.81598326524265, -33.243860411077435 ], [ -70.815983821821021, -33.243859779364698 ], [ -70.815984391420841, -33.243859155901283 ], [ -70.815984973868979, -33.243858540876658 ], [ -70.81598556898841, -33.243857934477802 ], [ -70.815986176598258, -33.243857336888986 ], [ -70.815986796513826, -33.243856748291861 ], [ -70.81598742854672, -33.243856168865314 ], [ -70.815988072504808, -33.243855598785466 ], [ -70.815988728192394, -33.24385503822559 ], [ -70.815989395410156, -33.243854487356089 ], [ -70.815830688958044, -33.243716371147599 ], [ -70.815799352315508, -33.243815545198046 ], [ -70.815790293010608, -33.243823572835211 ], [ -70.815790959368883, -33.243824113059034 ], [ -70.815791614533268, -33.243824662865244 ], [ -70.815792258308647, -33.243825222090081 ], [ -70.815792890503261, -33.243825790567008 ], [ -70.815793510928856, -33.243826368126683 ], [ -70.815794119400607, -33.243826954597132 ], [ -70.815794715737326, -33.243827549803655 ], [ -70.815795299761405, -33.243828153568984 ], [ -70.815795871298889, -33.24382876571331 ], [ -70.815796430179546, -33.24382938605433 ], [ -70.815796976236953, -33.243830014407258 ], [ -70.815797509308467, -33.243830650584982 ], [ -70.81579802923531, -33.243831294397992 ], [ -70.815798535862655, -33.243831945654577 ], [ -70.815799029039567, -33.243832604160751 ], [ -70.815799508619236, -33.243833269720412 ], [ -70.815799974458756, -33.243833942135296 ], [ -70.815800426419429, -33.243834621205181 ], [ -70.815800864366622, -33.243835306727789 ], [ -70.815801288169936, -33.243835998498987 ], [ -70.815801697703108, -33.243836696312691 ], [ -70.815802092844194, -33.243837399961116 ], [ -70.8158024734755, -33.243838109234687 ], [ -70.815802839483638, -33.243838823922133 ], [ -70.815803190759652, -33.243839543810623 ], [ -70.815803527198881, -33.243840268685751 ], [ -70.815803848701123, -33.243840998331621 ], [ -70.815804155170639, -33.243841732530917 ], [ -70.815804446516154, -33.24384247106498 ], [ -70.815804722650896, -33.243843213713866 ], [ -70.815804983492598, -33.243843960256363 ], [ -70.815805228963612, -33.243844710470142 ], [ -70.815805458990795, -33.243845464131773 ], [ -70.815805673505665, -33.243846221016796 ], [ -70.815805872444301, -33.243846980899747 ], [ -70.815806055747487, -33.24384774355434 ], [ -70.815806223360596, -33.243848508753459 ], [ -70.816062853001355, -33.245079656853783 ], [ -70.816063113503986, -33.245080973796064 ], [ -70.816063346667846, -33.245082294351334 ], [ -70.816063552422165, -33.245083618118898 ], [ -70.816063730704528, -33.245084944697062 ], [ -70.816063881460849, -33.24508627368337 ], [ -70.816064004645355, -33.245087604674524 ], [ -70.8160641002207, -33.245088937266736 ], [ -70.816064168157865, -33.245090271055631 ], [ -70.816064208436231, -33.245091605636496 ], [ -70.81606422104359, -33.245092940604415 ], [ -70.816064205976105, -33.245094275554351 ], [ -70.816064163238366, -33.245095610081222 ], [ -70.816064092843305, -33.245096943780112 ], [ -70.816063994812311, -33.245098276246345 ], [ -70.816063869175096, -33.24509960707563 ], [ -70.816063715969818, -33.245100935864173 ], [ -70.816063535242947, -33.245102262208782 ], [ -70.816063327049292, -33.245103585707035 ], [ -70.816063091452051, -33.245104905957312 ], [ -70.816062828522703, -33.245106222559059 ], [ -70.816062538341015, -33.245107535112801 ], [ -70.81606222099505, -33.245108843220251 ], [ -70.816061876581074, -33.245110146484507 ], [ -70.816061505203606, -33.245111444510144 ], [ -70.816061106975326, -33.245112736903309 ], [ -70.816060682017053, -33.245114023271867 ], [ -70.816060230457737, -33.245115303225489 ], [ -70.816059752434398, -33.245116576375857 ], [ -70.81605924809206, -33.245117842336619 ], [ -70.816058717583743, -33.245119100723691 ], [ -70.816058161070416, -33.245120351155222 ], [ -70.816057578720958, -33.245121593251817 ], [ -70.816056970712054, -33.24512282663661 ], [ -70.816056337228176, -33.245124050935352 ], [ -70.816055678461552, -33.245125265776586 ], [ -70.81605499461206, -33.245126470791682 ], [ -70.816054285887176, -33.245127665615016 ], [ -70.816053552501955, -33.245128849884061 ], [ -70.81605279467891, -33.245130023239476 ], [ -70.816052012648001, -33.245131185325249 ], [ -70.816051206646478, -33.245132335788796 ], [ -70.816050376918938, -33.245133474281005 ], [ -70.816049523717098, -33.245134600456453 ], [ -70.816048647299866, -33.245135713973433 ], [ -70.816047747933155, -33.245136814494082 ], [ -70.816046825889842, -33.245137901684494 ], [ -70.81604588144971, -33.245138975214751 ], [ -70.816044914899308, -33.245140034759167 ], [ -70.816043926531904, -33.245141079996216 ], [ -70.81604291664739, -33.245142110608768 ], [ -70.816041885552195, -33.245143126284127 ], [ -70.816040833559185, -33.245144126714102 ], [ -70.816039760987522, -33.245145111595157 ], [ -70.816038668162676, -33.245146080628423 ], [ -70.816037555416216, -33.245147033519892 ], [ -70.816036423085777, -33.245147969980458 ], [ -70.81603527151492, -33.24514888972594 ], [ -70.816034101053091, -33.245149792477292 ], [ -70.816032912055391, -33.245150677960609 ], [ -70.816031704882604, -33.245151545907213 ], [ -70.816030479901016, -33.245152396053726 ], [ -70.816029237482311, -33.245153228142229 ], [ -70.816027978003447, -33.245154041920216 ], [ -70.81602670184661, -33.245154837140802 ], [ -70.816025409398961, -33.245155613562673 ], [ -70.816108087551271, -33.245254596543447 ], [ -70.816108087551271, -33.245254596543447 ] ] ] ] } },
{ "type": "Feature", "properties": { "fid": 264, "Area": 2957.991 }, "geometry": { "type": "MultiPolygon", "coordinates": [ [ [ [ -70.816190765925171, -33.245353579473019 ], [ -70.816108087551271, -33.245254596543447 ], [ -70.816330242513047, -33.245123578833166 ], [ -70.816337347194917, -33.245129782716241 ], [ -70.816344577845413, -33.245135882975305 ], [ -70.816351932324295, -33.245141877804684 ], [ -70.816359408454659, -33.245147765429934 ], [ -70.816367004023618, -33.245153544108291 ], [ -70.81637471678286, -33.245159212129288 ], [ -70.816382544449468, -33.245164767815169 ], [ -70.816390484706446, -33.245170209521476 ], [ -70.816398535203504, -33.245175535637429 ], [ -70.816406693557724, -33.24518074458652 ], [ -70.816414957354226, -33.245185834826906 ], [ -70.816423324146953, -33.245190804851866 ], [ -70.816431791459351, -33.245195653190279 ], [ -70.81644035678508, -33.245200378407013 ], [ -70.816449017588852, -33.24520497910342 ], [ -70.816457771307043, -33.245209453917688 ], [ -70.816466615348602, -33.245213801525288 ], [ -70.816475547095649, -33.245218020639307 ], [ -70.816484563904424, -33.245222110010893 ], [ -70.816493663105931, -33.245226068429595 ], [ -70.816502842006841, -33.245229894723707 ], [ -70.816512097890183, -33.245233587760637 ], [ -70.816521428016202, -33.245237146447266 ], [ -70.816530829623218, -33.245240569730221 ], [ -70.81654029992832, -33.245243856596197 ], [ -70.816549836128303, -33.24524700607229 ], [ -70.816559435400464, -33.24525001722624 ], [ -70.8165690949034, -33.245252889166757 ], [ -70.816578811777873, -33.245255621043732 ], [ -70.816588583147734, -33.24525821204854 ], [ -70.816598406120605, -33.245260661414235 ], [ -70.816608277788887, -33.245262968415808 ], [ -70.816618195230589, -33.245265132370392 ], [ -70.816628155510102, -33.245267152637432 ], [ -70.816638155679186, -33.245269028618985 ], [ -70.816648192777777, -33.245270759759684 ], [ -70.81665826383491, -33.245272345547143 ], [ -70.816668365869518, -33.245273785511998 ], [ -70.817934969447563, -33.245444917481549 ], [ -70.817762985774991, -33.245640492909082 ], [ -70.817763250552261, -33.245639504947142 ], [ -70.817763494974855, -33.245638513288561 ], [ -70.8177637189698, -33.24563751822938 ], [ -70.81776392247022, -33.245636520066718 ], [ -70.817764105415364, -33.24563551909857 ], [ -70.817764267750604, -33.24563451562377 ], [ -70.817764409427483, -33.245633509941946 ], [ -70.817764530403693, -33.245632502353303 ], [ -70.817764630643126, -33.245631493158704 ], [ -70.817764710115867, -33.245630482659458 ], [ -70.817764768798156, -33.245629471157237 ], [ -70.817764806672486, -33.245628458954045 ], [ -70.817764823727572, -33.245627446352081 ], [ -70.817764819958285, -33.245626433653655 ], [ -70.81776479536579, -33.245625421161137 ], [ -70.817764749957419, -33.245624409176799 ], [ -70.817764683746702, -33.245623398002785 ], [ -70.817764596753435, -33.245622387940998 ], [ -70.817764489003594, -33.245621379292992 ], [ -70.817764360529324, -33.245620372359895 ], [ -70.81776421136901, -33.245619367442359 ], [ -70.817764041567173, -33.245618364840404 ], [ -70.817763851174519, -33.245617364853345 ], [ -70.817763640247861, -33.24561636777976 ], [ -70.817763408850226, -33.245615373917339 ], [ -70.817763157050663, -33.245614383562788 ], [ -70.817762884924349, -33.245613397011788 ], [ -70.81776259255254, -33.245612414558892 ], [ -70.817762280022521, -33.24561143649742 ], [ -70.817761947427627, -33.24561046311937 ], [ -70.817761594867122, -33.245609494715374 ], [ -70.817761222446293, -33.245608531574533 ], [ -70.817760830276299, -33.245607573984408 ], [ -70.817760418474265, -33.245606622230902 ], [ -70.817759987163114, -33.245605676598167 ], [ -70.817759536471613, -33.245604737368531 ], [ -70.81775906653435, -33.245603804822409 ], [ -70.817758577491588, -33.245602879238199 ], [ -70.817758069489386, -33.245601960892266 ], [ -70.81775754267936, -33.245601050058788 ], [ -70.817756997218822, -33.245600147009718 ], [ -70.817756433270631, -33.245599252014614 ], [ -70.817755851003156, -33.245598365340747 ], [ -70.81775525059021, -33.245597487252795 ], [ -70.817754632211106, -33.245596618012947 ], [ -70.817753996050413, -33.245595757880714 ], [ -70.817753342298076, -33.245594907112888 ], [ -70.817752671149307, -33.245594065963473 ], [ -70.817751982804452, -33.245593234683625 ], [ -70.817751277469043, -33.2455924135215 ], [ -70.817750555353641, -33.245591602722278 ], [ -70.817749816673867, -33.245590802528028 ], [ -70.817749061650247, -33.245590013177647 ], [ -70.817748290508192, -33.245589234906817 ], [ -70.81774750347796, -33.245588467947876 ], [ -70.817746700794487, -33.245587712529833 ], [ -70.817745882697452, -33.2455869688782 ], [ -70.817745049431096, -33.245586237215008 ], [ -70.817744201244196, -33.24558551775872 ], [ -70.817743338389988, -33.245584810724097 ], [ -70.817742461126088, -33.245584116322256 ], [ -70.8177415697144, -33.245583434760526 ], [ -70.817740664421066, -33.245582766242372 ], [ -70.817739745516377, -33.245582110967398 ], [ -70.817738813274687, -33.24558146913121 ], [ -70.817737867974287, -33.245580840925491 ], [ -70.817736909897448, -33.245580226537761 ], [ -70.817735939330191, -33.245579626151454 ], [ -70.81773495656229, -33.24557903994581 ], [ -70.817733961887157, -33.245578468095871 ], [ -70.817732955601755, -33.245577910772354 ], [ -70.817731938006531, -33.245577368141646 ], [ -70.817730909405299, -33.245576840365771 ], [ -70.817729870105154, -33.245576327602279 ], [ -70.817728820416377, -33.245575830004277 ], [ -70.81772776065236, -33.245575347720319 ], [ -70.817726691129522, -33.245574880894402 ], [ -70.817725612167166, -33.245574429665886 ], [ -70.817724524087424, -33.245573994169504 ], [ -70.817723427215157, -33.245573574535278 ], [ -70.817722321877838, -33.245573170888477 ], [ -70.817721208405487, -33.24557278334963 ], [ -70.817720087130539, -33.245572412034427 ], [ -70.817718958387729, -33.245572057053749 ], [ -70.817717822514098, -33.245571718513538 ], [ -70.817716679848743, -33.245571396514919 ], [ -70.817715530732812, -33.245571091153977 ], [ -70.817714375509425, -33.245570802521925 ], [ -70.817713214523422, -33.24557053070491 ], [ -70.817712048121464, -33.245570275784075 ], [ -70.817710876651788, -33.24557003783557 ], [ -70.817709700464121, -33.245569816930384 ], [ -70.817708519909658, -33.245569613134506 ], [ -70.817707335340842, -33.245569426508766 ], [ -70.817706147111338, -33.245569257108905 ], [ -70.816713211549143, -33.245435100199657 ], [ -70.816582065235735, -33.245417210119456 ], [ -70.816451255628536, -33.245397656937946 ], [ -70.816320812598462, -33.245376445119966 ], [ -70.816190765932689, -33.245353579509072 ], [ -70.816190765925171, -33.245353579473019 ] ] ] ] } },
{ "type": "Feature", "properties": { "fid": 265, "Area": 1824.516 }, "geometry": { "type": "MultiPolygon", "coordinates": [ [ [ [ -70.818771748873303, -33.24493935129734 ], [ -70.818194305742651, -33.245513548186608 ], [ -70.818126533524705, -33.245580938754443 ], [ -70.817952320682053, -33.245457237864628 ], [ -70.817934555978724, -33.245444860749615 ], [ -70.817936016735402, -33.245445053409426 ], [ -70.817937481224476, -33.245445224899896 ], [ -70.817938949011449, -33.245445375170121 ], [ -70.817940419660871, -33.245445504175535 ], [ -70.817941892736457, -33.245445611877848 ], [ -70.817943367801163, -33.245445698245149 ], [ -70.817944844417411, -33.245445763251766 ], [ -70.81794632214708, -33.245445806878443 ], [ -70.817947800551792, -33.245445829112242 ], [ -70.817949279192931, -33.24544582994654 ], [ -70.817950757631863, -33.24544580938111 ], [ -70.817952235429914, -33.245445767422027 ], [ -70.817953712148707, -33.245445704081789 ], [ -70.817955187350123, -33.245445619379133 ], [ -70.817956660596508, -33.245445513339234 ], [ -70.81795813145078, -33.24544538599352 ], [ -70.817959599476595, -33.245445237379776 ], [ -70.817961064238418, -33.245445067542121 ], [ -70.817962525301681, -33.245444876530883 ], [ -70.817963982232953, -33.245444664402775 ], [ -70.817965434599984, -33.245444431220726 ], [ -70.817966881971898, -33.245444177053912 ], [ -70.817968323919288, -33.245443901977723 ], [ -70.817969760014392, -33.245443606073785 ], [ -70.817971189831113, -33.245443289429872 ], [ -70.817972612945326, -33.245442952139932 ], [ -70.817974028934771, -33.245442594304038 ], [ -70.817975437379403, -33.245442216028337 ], [ -70.817976837861337, -33.245441817425039 ], [ -70.817978229965135, -33.245441398612421 ], [ -70.817979613277757, -33.245440959714742 ], [ -70.817980987388822, -33.24544050086218 ], [ -70.817982351890677, -33.245440022190905 ], [ -70.817983706378499, -33.24543952384289 ], [ -70.817985050450446, -33.245439005965999 ], [ -70.81798638370779, -33.245438468713857 ], [ -70.817987705754959, -33.24543791224589 ], [ -70.81798901619976, -33.24543733672715 ], [ -70.817990314653414, -33.24543674232838 ], [ -70.817991600730679, -33.245436129225936 ], [ -70.817992874050049, -33.245435497601704 ], [ -70.817994134233743, -33.245434847643075 ], [ -70.817995380907902, -33.245434179542869 ], [ -70.817996613702675, -33.245433493499306 ], [ -70.817997832252331, -33.245432789715899 ], [ -70.817999036195332, -33.245432068401435 ], [ -70.818000225174529, -33.245431329769943 ], [ -70.818001398837168, -33.245430574040533 ], [ -70.818002556835069, -33.24542980143741 ], [ -70.818003698824668, -33.245429012189781 ], [ -70.818004824467181, -33.245428206531805 ], [ -70.818005933428651, -33.245427384702495 ], [ -70.818007025380098, -33.245426546945659 ], [ -70.818008099997542, -33.245425693509844 ], [ -70.818009156962191, -33.245424824648254 ], [ -70.818010195960468, -33.245423940618643 ], [ -70.818011216684127, -33.245423041683274 ], [ -70.818012218830347, -33.245422128108842 ], [ -70.818013202101838, -33.245421200166383 ], [ -70.818014166206865, -33.245420258131197 ], [ -70.818051589167581, -33.245383045947548 ], [ -70.818051589206405, -33.245383045952792 ], [ -70.818289606100763, -33.245146368662326 ], [ -70.818611921018373, -33.244825865091663 ], [ -70.818771748873303, -33.24493935129734 ] ] ] ] } },
{ "type": "Feature", "properties": { "fid": 266, "Area": 2958.641 }, "geometry": { "type": "MultiPolygon", "coordinates": [ [ [ [ -70.818126533524705, -33.245580938754443 ], [ -70.81807684922272, -33.245630343179023 ], [ -70.817228134952146, -33.246375610805529 ], [ -70.81722687078053, -33.246376740158283 ], [ -70.817225629905337, -33.246377887608205 ], [ -70.817224412693434, -33.246379052816067 ], [ -70.817223219504712, -33.246380235437321 ], [ -70.817222050691939, -33.246381435122352 ], [ -70.817220906600681, -33.246382651516448 ], [ -70.817219787569215, -33.246383884259998 ], [ -70.817218693928353, -33.246385132988514 ], [ -70.817217626001465, -33.246386397332813 ], [ -70.817216584104287, -33.246387676919085 ], [ -70.817215568544867, -33.246388971369001 ], [ -70.817214579623439, -33.246390280299842 ], [ -70.817213617632419, -33.246391603324653 ], [ -70.817212682856194, -33.246392940052232 ], [ -70.817211775571167, -33.24639429008738 ], [ -70.817210896045566, -33.246395653030952 ], [ -70.817210044539422, -33.246397028480004 ], [ -70.817209221304523, -33.246398416027851 ], [ -70.81720842658423, -33.246399815264276 ], [ -70.817207660613519, -33.246401225775564 ], [ -70.817206923618855, -33.246402647144706 ], [ -70.81720621581816, -33.246404078951457 ], [ -70.817205537420662, -33.246405520772491 ], [ -70.817204888626961, -33.246406972181532 ], [ -70.81720426962886, -33.246408432749469 ], [ -70.817203680609396, -33.246409902044462 ], [ -70.817203121742679, -33.246411379632107 ], [ -70.817202593193997, -33.24641286507557 ], [ -70.817202095119569, -33.24641435793562 ], [ -70.817201627666691, -33.246415857770927 ], [ -70.817201190973535, -33.24641736413804 ], [ -70.817200785169263, -33.246418876591591 ], [ -70.817200410373815, -33.246420394684414 ], [ -70.817200066698007, -33.246421917967687 ], [ -70.817199754243475, -33.246423445991006 ], [ -70.817199473102576, -33.24642497830267 ], [ -70.817199223358443, -33.246426514449567 ], [ -70.817199005084902, -33.246428053977574 ], [ -70.817198818346498, -33.246429596431476 ], [ -70.817198663198454, -33.246431141355288 ], [ -70.817198539686643, -33.246432688292195 ], [ -70.817198447847574, -33.246434236784879 ], [ -70.817198387708373, -33.246435786375478 ], [ -70.817198359286877, -33.246437336605872 ], [ -70.817198362591469, -33.246438887017717 ], [ -70.817198397621169, -33.246440437152629 ], [ -70.817198464365603, -33.246441986552298 ], [ -70.817198562805061, -33.246443534758619 ], [ -70.817198692910452, -33.24644508131388 ], [ -70.81719885464328, -33.246446625760811 ], [ -70.817199047955768, -33.246448167642768 ], [ -70.817199272790731, -33.246449706503952 ], [ -70.817199529081705, -33.246451241889325 ], [ -70.817199816752918, -33.246452773344949 ], [ -70.817200135719332, -33.246454300418073 ], [ -70.81720048588663, -33.246455822657168 ], [ -70.816789540972422, -33.246506150022171 ], [ -70.817267491895592, -33.246086911389334 ], [ -70.817745443525155, -33.245667666469672 ], [ -70.817746266811, -33.245666931744992 ], [ -70.817747074919765, -33.245666185218333 ], [ -70.817747867611885, -33.245665427111 ], [ -70.817748644652369, -33.245664657647758 ], [ -70.817749405810829, -33.245663877056721 ], [ -70.817750150861585, -33.245663085569312 ], [ -70.817750879583784, -33.245662283420188 ], [ -70.817751591761379, -33.245661470847189 ], [ -70.817752287183211, -33.24566064809116 ], [ -70.817752965643109, -33.245659815396088 ], [ -70.817753626939933, -33.245658973008808 ], [ -70.817754270877643, -33.245658121179069 ], [ -70.817754897265317, -33.245657260159419 ], [ -70.817755505917262, -33.245656390205127 ], [ -70.817756096653, -33.2456555115741 ], [ -70.817756669297424, -33.245654624526821 ], [ -70.817757223680744, -33.2456537293263 ], [ -70.81775775963861, -33.245652826237936 ], [ -70.817758277012146, -33.245651915529457 ], [ -70.817758775647931, -33.245650997470854 ], [ -70.817759255398144, -33.245650072334321 ], [ -70.817759716120563, -33.245649140394107 ], [ -70.817760157678606, -33.245648201926549 ], [ -70.817760579941336, -33.245647257209839 ], [ -70.817760982783597, -33.245646306524094 ], [ -70.817761366085932, -33.245645350151122 ], [ -70.817761729734713, -33.245644388374501 ], [ -70.817762073622134, -33.245643421479343 ], [ -70.817762397646248, -33.245642449752317 ], [ -70.817762701710961, -33.245641473481498 ], [ -70.817762985726162, -33.245640492956348 ], [ -70.817934843300065, -33.245445060933669 ], [ -70.818126396807514, -33.245581074701583 ], [ -70.818126533524705, -33.245580938754443 ] ] ] ] } },
{ "type": "Feature", "properties": { "fid": 267, "Area": 3283.909 }, "geometry": { "type": "MultiPolygon", "coordinates": [ [ [ [ -70.81678992076445, -33.246506103510676 ], [ -70.818923578307576, -33.247280653661392 ], [ -70.818991671457553, -33.247148214892 ], [ -70.817263301824383, -33.246520794412938 ], [ -70.81726160848217, -33.246520168441606 ], [ -70.817259928234094, -33.246519518034908 ], [ -70.817258261579539, -33.246518843386148 ], [ -70.817256609013825, -33.246518144695827 ], [ -70.817254971028106, -33.246517422171614 ], [ -70.81725334810919, -33.246516676028222 ], [ -70.817251740739422, -33.246515906487424 ], [ -70.8172501493965, -33.246515113777939 ], [ -70.817248574553389, -33.24651429813531 ], [ -70.817247016678124, -33.24651345980201 ], [ -70.817245476233708, -33.24651259902717 ], [ -70.817243953677973, -33.246511716066593 ], [ -70.817242449463407, -33.246510811182731 ], [ -70.817240964037083, -33.246509884644482 ], [ -70.817239497840475, -33.246508936727245 ], [ -70.817238051309332, -33.246507967712745 ], [ -70.817236624873559, -33.246506977888956 ], [ -70.817235218957109, -33.24650596755005 ], [ -70.817233833977809, -33.246504936996317 ], [ -70.817232470347278, -33.24650388653405 ], [ -70.817231128470794, -33.246502816475427 ], [ -70.817229808747157, -33.246501727138465 ], [ -70.817228511568615, -33.246500618846945 ], [ -70.817227237320665, -33.246499491930237 ], [ -70.817225986382013, -33.246498346723257 ], [ -70.817224759124457, -33.246497183566383 ], [ -70.817223555912733, -33.246496002805294 ], [ -70.817222377104443, -33.24649480479092 ], [ -70.817221223049927, -33.246493589879293 ], [ -70.81722009409215, -33.246492358431517 ], [ -70.817218990566658, -33.246491110813551 ], [ -70.817217912801425, -33.246489847396219 ], [ -70.817216861116762, -33.246488568554994 ], [ -70.817215835825223, -33.246487274669953 ], [ -70.817214837231532, -33.246485966125633 ], [ -70.817213865632453, -33.24648464331095 ], [ -70.817212921316781, -33.246483306619041 ], [ -70.817212004565135, -33.24648195644717 ], [ -70.817211115649982, -33.246480593196615 ], [ -70.817210254835516, -33.246479217272544 ], [ -70.817209422377559, -33.246477829083851 ], [ -70.817208618523537, -33.246476429043149 ], [ -70.81720784351235, -33.24647501756651 ], [ -70.817207097574311, -33.246473595073425 ], [ -70.81720638093114, -33.246472161986681 ], [ -70.817205693795799, -33.246470718732176 ], [ -70.817205036372499, -33.246469265738845 ], [ -70.817204408856682, -33.246467803438534 ], [ -70.817203811434766, -33.246466332265854 ], [ -70.817203244284372, -33.246464852657986 ], [ -70.817202707574026, -33.246463365054737 ], [ -70.817202201463232, -33.246461869898177 ], [ -70.817201726102411, -33.2464603676327 ], [ -70.817201281632848, -33.246458858704763 ], [ -70.817200868186632, -33.246457343562817 ], [ -70.81720048588663, -33.246455822657168 ], [ -70.816789689649553, -33.246506019609697 ], [ -70.81678992076445, -33.246506103510676 ] ] ] ] } },
{ "type": "Feature", "properties": { "fid": 268, "Area": 868.427 }, "geometry": { "type": "MultiPolygon", "coordinates": [ [ [ [ -70.819975969752932, -33.24688251452254 ], [ -70.819887063214964, -33.247411992045784 ], [ -70.819886855832621, -33.247413309568131 ], [ -70.819886675669778, -33.247414629913884 ], [ -70.819886522780621, -33.247415952686012 ], [ -70.819886397211121, -33.247417277486797 ], [ -70.819886298999037, -33.247418603917879 ], [ -70.8198862281739, -33.247419931580467 ], [ -70.819886184756996, -33.247421260075335 ], [ -70.8198861687614, -33.247422589003044 ], [ -70.819886180191915, -33.247423917963999 ], [ -70.819886219045102, -33.247425246558635 ], [ -70.819886285309266, -33.247426574387454 ], [ -70.819886378964526, -33.247427901051218 ], [ -70.819886499982672, -33.24742922615102 ], [ -70.819886648327355, -33.247430549288431 ], [ -70.819886823953951, -33.247431870065604 ], [ -70.819887026809667, -33.247433188085445 ], [ -70.819887256833496, -33.247434502951599 ], [ -70.819887513956303, -33.247435814268755 ], [ -70.819887798100737, -33.247437121642612 ], [ -70.819888109181406, -33.247438424680077 ], [ -70.819888447104745, -33.247439722989355 ], [ -70.819888811769161, -33.247441016180062 ], [ -70.819889203065017, -33.24744230386338 ], [ -70.819889620874633, -33.247443585652121 ], [ -70.819890065072414, -33.247444861160872 ], [ -70.819890535524777, -33.247446130006118 ], [ -70.819891032090297, -33.247447391806354 ], [ -70.81989155461963, -33.247448646182164 ], [ -70.819892102955691, -33.247449892756414 ], [ -70.819892676933605, -33.247451131154264 ], [ -70.819893276380782, -33.247452361003354 ], [ -70.81989390111697, -33.247453581933904 ], [ -70.819894550954373, -33.247454793578804 ], [ -70.819895225697536, -33.247455995573731 ], [ -70.819895925143626, -33.247457187557259 ], [ -70.81989664908231, -33.247458369171035 ], [ -70.819897397295946, -33.247459540059708 ], [ -70.819898169559522, -33.247460699871262 ], [ -70.81989896564086, -33.24746184825694 ], [ -70.819899785300606, -33.247462984871461 ], [ -70.819900628292274, -33.24746410937307 ], [ -70.819901494362426, -33.247465221423653 ], [ -70.81990238325065, -33.247466320688829 ], [ -70.819903294689652, -33.247467406838076 ], [ -70.81990422840542, -33.247468479544821 ], [ -70.819905184117161, -33.247469538486513 ], [ -70.81990616153756, -33.247470583344743 ], [ -70.819907160372694, -33.247471613805388 ], [ -70.81990818032223, -33.247472629558558 ], [ -70.819909221079541, -33.247473630298856 ], [ -70.819910282331634, -33.247474615725395 ], [ -70.819911363759473, -33.247475585541864 ], [ -70.819912465037831, -33.247476539456649 ], [ -70.819913585835636, -33.24747747718294 ], [ -70.819914725815849, -33.247478398438808 ], [ -70.819915884635719, -33.247479302947198 ], [ -70.819917061946811, -33.247480190436164 ], [ -70.81991825739513, -33.247481060638876 ], [ -70.81991947062123, -33.247481913293683 ], [ -70.81992070126033, -33.247482748144186 ], [ -70.819921948942394, -33.247483564939373 ], [ -70.81992321329227, -33.247484363433649 ], [ -70.819924493929804, -33.247485143386918 ], [ -70.81992579046991, -33.247485904564698 ], [ -70.819927102522783, -33.247486646738075 ], [ -70.819928429693903, -33.247487369683903 ], [ -70.819929771584185, -33.24748807318484 ], [ -70.819931127790213, -33.247488757029309 ], [ -70.819932497904148, -33.247489421011736 ], [ -70.819933881514061, -33.24749006493245 ], [ -70.819935278203914, -33.247490688597843 ], [ -70.819936687553749, -33.247491291820381 ], [ -70.819938109139812, -33.247491874418706 ], [ -70.819939542534669, -33.247492436217648 ], [ -70.819940987307305, -33.247492977048253 ], [ -70.819634582838731, -33.247381591120643 ], [ -70.819636040222875, -33.247382111193559 ], [ -70.819637508131265, -33.247382609931762 ], [ -70.819638986121575, -33.247383087184971 ], [ -70.81964047374845, -33.247383542809366 ], [ -70.819641970563623, -33.247383976667656 ], [ -70.819643476116042, -33.247384388629115 ], [ -70.819644989952067, -33.247384778569597 ], [ -70.819646511615503, -33.247385146371613 ], [ -70.819648040647834, -33.247385491924319 ], [ -70.819649576588333, -33.2473858151236 ], [ -70.819651118974193, -33.247386115872075 ], [ -70.819652667340591, -33.247386394079093 ], [ -70.819654221221001, -33.247386649660839 ], [ -70.819655780147187, -33.247386882540297 ], [ -70.819657343649382, -33.247387092647294 ], [ -70.819658911256468, -33.247387279918513 ], [ -70.819660482496076, -33.247387444297537 ], [ -70.819662056894742, -33.247387585734828 ], [ -70.819663633978053, -33.247387704187751 ], [ -70.81966521327081, -33.247387799620647 ], [ -70.819666794297078, -33.247387872004708 ], [ -70.819668376580481, -33.247387921318172 ], [ -70.819669959644216, -33.247387947546152 ], [ -70.819671543011268, -33.247387950680746 ], [ -70.81967312620452, -33.247387930721032 ], [ -70.819674708746916, -33.247387887673014 ], [ -70.819676290161553, -33.247387821549644 ], [ -70.81967786997194, -33.247387732370854 ], [ -70.819679447702029, -33.247387620163536 ], [ -70.819681022876395, -33.247387484961479 ], [ -70.819682595020367, -33.247387326805438 ], [ -70.819684163660256, -33.247387145743062 ], [ -70.81968572832335, -33.247386941828935 ], [ -70.819687288538205, -33.247386715124456 ], [ -70.819688843834641, -33.247386465697971 ], [ -70.819690393744025, -33.247386193624635 ], [ -70.81969193779932, -33.247385898986437 ], [ -70.819693475535246, -33.247385581872152 ], [ -70.819695006488445, -33.247385242377305 ], [ -70.819696530197604, -33.247384880604258 ], [ -70.81969804620357, -33.247384496661986 ], [ -70.819699554049521, -33.247384090666188 ], [ -70.819701053281122, -33.247383662739203 ], [ -70.819702543446581, -33.247383213009982 ], [ -70.819704024096893, -33.247382741614032 ], [ -70.819705494785879, -33.247382248693427 ], [ -70.819706955070373, -33.247381734396654 ], [ -70.819708404510365, -33.24738119887872 ], [ -70.819709842669084, -33.247380642300975 ], [ -70.819711269113171, -33.247380064831148 ], [ -70.819712683412803, -33.247379466643231 ], [ -70.819714085141783, -33.247378847917503 ], [ -70.819715473877764, -33.247378208840367 ], [ -70.819716849202251, -33.24737754960443 ], [ -70.819718210700842, -33.247376870408317 ], [ -70.819719557963282, -33.247376171456693 ], [ -70.819720890583568, -33.247375452960178 ], [ -70.819722208160158, -33.24737471513528 ], [ -70.819723510296029, -33.247373958204321 ], [ -70.819724796598805, -33.2473731823954 ], [ -70.819726066680914, -33.247372387942278 ], [ -70.8197273201596, -33.24737157508433 ], [ -70.819728556657168, -33.247370744066529 ], [ -70.819729775801036, -33.247369895139258 ], [ -70.819730977223827, -33.247369028558353 ], [ -70.819732160563532, -33.247368144584911 ], [ -70.819733325463559, -33.247367243485328 ], [ -70.8197344715729, -33.247366325531104 ], [ -70.819735598546217, -33.247365390998866 ], [ -70.819736706043869, -33.247364440170202 ], [ -70.819737793732187, -33.247363473331639 ], [ -70.819738861283398, -33.247362490774499 ], [ -70.819739908375794, -33.24736149279488 ], [ -70.819740934693911, -33.247360479693462 ], [ -70.819741939928448, -33.247359451775566 ], [ -70.819742923776502, -33.247358409350888 ], [ -70.81974388594162, -33.247357352733594 ], [ -70.819744826133871, -33.247356282242038 ], [ -70.819745744069976, -33.247355198198804 ], [ -70.81974663947328, -33.247354100930551 ], [ -70.819747512074017, -33.247352990767887 ], [ -70.819748361609214, -33.247351868045378 ], [ -70.819749187822907, -33.247350733101307 ], [ -70.819749990466136, -33.247349586277672 ], [ -70.819750769297016, -33.247348427920052 ], [ -70.8197515240809, -33.247347258377495 ], [ -70.819752254590313, -33.247346078002408 ], [ -70.819752960605172, -33.247344887150483 ], [ -70.819753641912683, -33.247343686180542 ], [ -70.8197542983076, -33.247342475454488 ], [ -70.819754929592094, -33.247341255337147 ], [ -70.819755535575979, -33.247340026196177 ], [ -70.819756116076618, -33.247338788401947 ], [ -70.819756670919119, -33.247337542327443 ], [ -70.819757199936276, -33.247336288348151 ], [ -70.819757702968687, -33.247335026841917 ], [ -70.819758179864778, -33.24733375818888 ], [ -70.819758630480834, -33.247332482771334 ], [ -70.8197590546811, -33.247331200973584 ], [ -70.819759452337721, -33.247329913181872 ], [ -70.819759823330884, -33.247328619784248 ], [ -70.819760167548822, -33.247327321170459 ], [ -70.81976048488778, -33.247326017731808 ], [ -70.819760775252149, -33.247324709861061 ], [ -70.819761038554432, -33.247323397952314 ], [ -70.819761274715319, -33.247322082400892 ], [ -70.819837840952189, -33.246866100762659 ], [ -70.819975969752932, -33.24688251452254 ] ] ] ] } },
{ "type": "Feature", "properties": { "fid": 269, "Area": 1293.702 }, "geometry": { "type": "MultiPolygon", "coordinates": [ [ [ [ -70.818923578382112, -33.247280653516398 ], [ -70.818991671457553, -33.247148214892 ], [ -70.81963479227727, -33.247381667407531 ], [ -70.819788127137031, -33.247437408640508 ], [ -70.819720070370465, -33.247569779025113 ], [ -70.818923578382112, -33.247280653516398 ] ] ] ] } },
{ "type": "Feature", "properties": { "fid": 270, "Area": 2746.677 }, "geometry": { "type": "MultiPolygon", "coordinates": [ [ [ [ -70.819720070257659, -33.247569779244508 ], [ -70.821414949606918, -33.248182318440485 ], [ -70.821482614838061, -33.24805012952514 ], [ -70.819788127169517, -33.247437408577333 ], [ -70.819720070256764, -33.247569779244195 ], [ -70.819720070257659, -33.247569779244508 ] ] ] ] } },
{ "type": "Feature", "properties": { "fid": 271, "Area": 1730.3 }, "geometry": { "type": "MultiPolygon", "coordinates": [ [ [ [ -70.821414774824177, -33.248182659890652 ], [ -70.821482614838061, -33.24805012952514 ], [ -70.822210248257306, -33.248313090546276 ], [ -70.822211725552179, -33.24831149701815 ], [ -70.822213235658111, -33.24830992535378 ], [ -70.822214778116816, -33.248308376030089 ], [ -70.822216352460302, -33.248306849517199 ], [ -70.822217958210786, -33.248305346278329 ], [ -70.822219594881048, -33.248303866769611 ], [ -70.822221261974434, -33.248302411440008 ], [ -70.82222295898508, -33.248300980731123 ], [ -70.822224685398027, -33.248299575077105 ], [ -70.822226440689434, -33.248298194904493 ], [ -70.822228224326622, -33.248296840632058 ], [ -70.822230035768399, -33.248295512670794 ], [ -70.822231874465061, -33.24829421142362 ], [ -70.822233739858675, -33.248292937285413 ], [ -70.822235631383222, -33.248291690642809 ], [ -70.822237548464699, -33.248290471874085 ], [ -70.822239490521397, -33.248289281349059 ], [ -70.822241456963994, -33.248288119428985 ], [ -70.822243447195788, -33.248286986466461 ], [ -70.822245460612891, -33.248285882805263 ], [ -70.822247496604291, -33.248284808780312 ], [ -70.822249554552201, -33.248283764717485 ], [ -70.822251633832167, -33.248282750933591 ], [ -70.822253733813213, -33.248281767736295 ], [ -70.822255853858124, -33.248280815423904 ], [ -70.822257993323603, -33.248279894285403 ], [ -70.822260151560428, -33.24827900460032 ], [ -70.822262327913677, -33.248278146638597 ], [ -70.822264521722985, -33.248277320660591 ], [ -70.822266732322646, -33.248276526916953 ], [ -70.82226895904185, -33.248275765648515 ], [ -70.822271201204927, -33.248275037086295 ], [ -70.822273458131505, -33.248274341451364 ], [ -70.82227572913672, -33.248273678954803 ], [ -70.822278013531474, -33.248273049797668 ], [ -70.822280310622574, -33.248272454170831 ], [ -70.822282619712979, -33.248271892255048 ], [ -70.822284940101994, -33.248271364220848 ], [ -70.822287271085557, -33.248270870228431 ], [ -70.822289611956307, -33.248270410427729 ], [ -70.822291962003931, -33.248269984958227 ], [ -70.822294320515326, -33.248269593949054 ], [ -70.82229668677482, -33.248269237518848 ], [ -70.822299060064381, -33.248268915775782 ], [ -70.82230143966386, -33.24826862881747 ], [ -70.822303824851176, -33.248268376730991 ], [ -70.822306214902568, -33.248268159592847 ], [ -70.822308609092772, -33.24826797746892 ], [ -70.822311006695315, -33.248267830414477 ], [ -70.82231340698263, -33.248267718474125 ], [ -70.822315809226382, -33.248267641681849 ], [ -70.822318212697624, -33.248267600060956 ], [ -70.822320616667042, -33.248267593624057 ], [ -70.822323020405179, -33.248267622373142 ], [ -70.822325423182605, -33.248267686299435 ], [ -70.822327824270232, -33.248267785383554 ], [ -70.822330222939485, -33.248267919595463 ], [ -70.822332618462468, -33.248268088894406 ], [ -70.822335010112283, -33.248268293229017 ], [ -70.822337397163224, -33.248268532537303 ], [ -70.822339778890949, -33.248268806746637 ], [ -70.822342154572723, -33.248269115773809 ], [ -70.822344523487672, -33.248269459525048 ], [ -70.822346884916968, -33.248269837896046 ], [ -70.822349238144028, -33.248270250772002 ], [ -70.8223515824548, -33.248270698027603 ], [ -70.822353917137946, -33.248271179527165 ], [ -70.822356241484968, -33.248271695124558 ], [ -70.822358554790583, -33.248272244663333 ], [ -70.82236085635283, -33.248272827976741 ], [ -70.822363145473332, -33.248273444887765 ], [ -70.822365421457462, -33.248274095209233 ], [ -70.822367683614573, -33.248274778743784 ], [ -70.822369931258237, -33.24827549528402 ], [ -70.822372163706433, -33.248276244612484 ], [ -70.822374380281715, -33.248277026501825 ], [ -70.822376580311499, -33.248277840714806 ], [ -70.822378763128185, -33.248278687004301 ], [ -70.822380928069421, -33.248279565113542 ], [ -70.822383074478282, -33.248280474776074 ], [ -70.822385201703426, -33.248281415715851 ], [ -70.822387309099383, -33.248282387647393 ], [ -70.822389396026651, -33.248283390275709 ], [ -70.822391461851979, -33.248284423296603 ], [ -70.822393505948526, -33.24828548639659 ], [ -70.822395527695988, -33.24828657925309 ], [ -70.822397526480913, -33.248287701534487 ], [ -70.822399501696751, -33.248288852900231 ], [ -70.822401452744145, -33.248290033000934 ], [ -70.822403379031073, -33.248291241478512 ], [ -70.822405279973012, -33.248292477966253 ], [ -70.822407154993115, -33.248293742088961 ], [ -70.822409003522438, -33.248295033463052 ], [ -70.822410825000048, -33.248296351696638 ], [ -70.822412618873216, -33.248297696389749 ], [ -70.822414384597622, -33.248299067134326 ], [ -70.822416121637445, -33.248300463514425 ], [ -70.822417829465621, -33.248301885106322 ], [ -70.822419507563907, -33.248303331478645 ], [ -70.822421155423072, -33.248304802192507 ], [ -70.822422772543106, -33.248306296801637 ], [ -70.822424358433281, -33.248307814852467 ], [ -70.822425912612402, -33.248309355884402 ], [ -70.822427434608827, -33.248310919429791 ], [ -70.822428923960729, -33.248312505014212 ], [ -70.822430380216176, -33.248314112156514 ], [ -70.822431802933266, -33.248315740369023 ], [ -70.82243319168029, -33.24831738915767 ], [ -70.822434546035822, -33.24831905802214 ], [ -70.822435865588915, -33.24832074645601 ], [ -70.822437149939148, -33.248322453946962 ], [ -70.822438398696775, -33.248324179976862 ], [ -70.822439611482892, -33.248325924021941 ], [ -70.822440787929466, -33.248327685552979 ], [ -70.82244192767952, -33.248329464035479 ], [ -70.822443030387177, -33.248331258929746 ], [ -70.822444095717856, -33.248333069691157 ], [ -70.822445123348274, -33.248334895770192 ], [ -70.822446112966617, -33.248336736612799 ], [ -70.822447064272552, -33.248338591660364 ], [ -70.822447976977429, -33.248340460349958 ], [ -70.822448850804307, -33.248342342114576 ], [ -70.822449685487996, -33.24834423638319 ], [ -70.822450480775231, -33.248346142580992 ], [ -70.822451236424698, -33.248348060129572 ], [ -70.822451952207061, -33.24834998844706 ], [ -70.822452627905136, -33.248351926948295 ], [ -70.822453263313903, -33.24835387504509 ], [ -70.822453858240522, -33.248355832146274 ], [ -70.822454412504456, -33.248357797657974 ], [ -70.822454925937549, -33.248359770983789 ], [ -70.82245539838398, -33.248361751524932 ], [ -70.822455829700374, -33.248363738680375 ], [ -70.822456219755878, -33.248365731847166 ], [ -70.822456568432088, -33.248367730420483 ], [ -70.822456875623246, -33.248369733793865 ], [ -70.822457141236086, -33.248371741359406 ], [ -70.822457365190033, -33.248373752507902 ], [ -70.82245754741713, -33.24837576662911 ], [ -70.82245768786207, -33.248377783111842 ], [ -70.822457786482218, -33.2483798013442 ], [ -70.822457843247662, -33.248381820713767 ], [ -70.822457858141192, -33.248383840607801 ], [ -70.822457831158246, -33.24838586041335 ], [ -70.822457762307039, -33.248387879517502 ], [ -70.82245765160846, -33.248389897307604 ], [ -70.822457499096075, -33.248391913171353 ], [ -70.822457304816169, -33.248393926497059 ], [ -70.822457068827703, -33.248395936673759 ], [ -70.822456791202271, -33.248397943091518 ], [ -70.822456472024143, -33.248399945141458 ], [ -70.822456111390125, -33.248401942216098 ], [ -70.822455708905281, -33.248403936082561 ], [ -70.822455265097659, -33.248405923747903 ], [ -70.822454780102291, -33.248407904607539 ], [ -70.822454254066642, -33.248409878058965 ], [ -70.822453687150755, -33.248411843501906 ], [ -70.822453079527051, -33.248413800338533 ], [ -70.822452431380327, -33.24841574797366 ], [ -70.822451742907759, -33.248417685814836 ], [ -70.822451014318744, -33.248419613272652 ], [ -70.822450245834901, -33.248421529760833 ], [ -70.822449437689954, -33.248423434696434 ], [ -70.822448590129724, -33.248425327500044 ], [ -70.822447703412038, -33.24842720759591 ], [ -70.822446777806562, -33.248429074412201 ], [ -70.822445813594868, -33.248430927381051 ], [ -70.822444811070213, -33.248432765938858 ], [ -70.822443770537546, -33.248434589526397 ], [ -70.822442692313373, -33.248436397588961 ], [ -70.822441576725623, -33.248438189576625 ], [ -70.822440424113651, -33.248439964944282 ], [ -70.822439234828039, -33.248441723151977 ], [ -70.822438009230524, -33.248443463664849 ], [ -70.822436747693885, -33.24844518595355 ], [ -70.822435450601859, -33.248446889494154 ], [ -70.822434118348966, -33.248448573768535 ], [ -70.822432751340443, -33.248450238264368 ], [ -70.822431349992087, -33.248451882475386 ], [ -70.822429914730137, -33.248453505901452 ], [ -70.822428445991179, -33.248455108048752 ], [ -70.822426944221945, -33.248456688429997 ], [ -70.822425409879202, -33.248458246564461 ], [ -70.822423843429675, -33.248459781978205 ], [ -70.822422245349841, -33.248461294204219 ], [ -70.822420616125754, -33.248462782782511 ], [ -70.822418956252974, -33.248464247260308 ], [ -70.822417266236414, -33.248465687192173 ], [ -70.822415546590108, -33.248467102140083 ], [ -70.822413797837115, -33.248468491673698 ], [ -70.822412020509347, -33.248469855370345 ], [ -70.822410215147428, -33.248471192815231 ], [ -70.822408382300495, -33.248472503601519 ], [ -70.822406522526038, -33.248473787330553 ], [ -70.822404636389734, -33.24847504361184 ], [ -70.822402724465292, -33.248476272063243 ], [ -70.82240078733426, -33.248477472311109 ], [ -70.822398825585864, -33.248478643990374 ], [ -70.822396839816804, -33.248479786744639 ], [ -70.822394830631083, -33.248480900226312 ], [ -70.822392798639854, -33.248481984096706 ], [ -70.82239074446116, -33.248483038026144 ], [ -70.822388668719839, -33.248484061694036 ], [ -70.822386572047265, -33.24848505478905 ], [ -70.822384455081178, -33.248486017009043 ], [ -70.8223823184655, -33.248486948061426 ], [ -70.822380162850123, -33.248487847662929 ], [ -70.822377988890722, -33.248488715539963 ], [ -70.82237579724854, -33.248489551428548 ], [ -70.822373588590253, -33.248490355074395 ], [ -70.822371363587592, -33.248491126233084 ], [ -70.822369122917394, -33.248491864670051 ], [ -70.822366867261195, -33.248492570160671 ], [ -70.822364597305082, -33.248493242490362 ], [ -70.822362313739532, -33.248493881454628 ], [ -70.822360017259101, -33.248494486859116 ], [ -70.82235770856235, -33.248495058519666 ], [ -70.822355388351482, -33.248495596262408 ], [ -70.822353057332265, -33.248496099923763 ], [ -70.822350716213691, -33.248496569350564 ], [ -70.822348365707896, -33.248497004399979 ], [ -70.822346006529813, -33.248497404939712 ], [ -70.822343639397033, -33.248497770847912 ], [ -70.822341265029578, -33.248498102013315 ], [ -70.822338884149659, -33.248498398335151 ], [ -70.822336497481459, -33.248498659723296 ], [ -70.82233410575094, -33.248498886098247 ], [ -70.822331709685585, -33.248499077391159 ], [ -70.822329310014226, -33.248499233543832 ], [ -70.822326907466746, -33.248499354508766 ], [ -70.822324502773952, -33.248499440249191 ], [ -70.822322096667278, -33.248499490738986 ], [ -70.822319689878569, -33.248499505962833 ], [ -70.822317283139924, -33.248499485916099 ], [ -70.822314877183373, -33.248499430604838 ], [ -70.822312472740762, -33.248499340045946 ], [ -70.822310070543452, -33.248499214266886 ], [ -70.822307671322108, -33.248499053305984 ], [ -70.822305275806514, -33.248498857212141 ], [ -70.822302884725289, -33.24849862604507 ], [ -70.822300498805745, -33.248498359875036 ], [ -70.822298118773631, -33.248498058783021 ], [ -70.822295745352847, -33.248497722860591 ], [ -70.822293379265332, -33.248497352209924 ], [ -70.822291021230782, -33.248496946943781 ], [ -70.822288671966433, -33.248496507185422 ], [ -70.822286332186863, -33.248496033068605 ], [ -70.82228400260378, -33.248495524737542 ], [ -70.822281683925752, -33.248494982346855 ], [ -70.822279376858063, -33.248494406061525 ], [ -70.822277082102445, -33.248493796056835 ], [ -70.822274800356908, -33.248493152518336 ], [ -70.82227253231548, -33.248492475641768 ], [ -70.822270278668043, -33.248491765632998 ], [ -70.82226804010007, -33.248491022708045 ], [ -70.821414774824177, -33.248182659890652 ] ] ] ] } },
{ "type": "Feature", "properties": { "fid": 272, "Area": 1557.233 }, "geometry": { "type": "MultiPolygon", "coordinates": [ [ [ [ -70.786364322134972, -33.278502583105173 ], [ -70.78627924205432, -33.278713628263802 ], [ -70.786159351927239, -33.278984235090512 ], [ -70.786156227107398, -33.278991476839479 ], [ -70.786153250039831, -33.278998762372694 ], [ -70.786150421593575, -33.279006089563538 ], [ -70.786147742594281, -33.279013456273205 ], [ -70.786145213824, -33.279020860351338 ], [ -70.786142836020915, -33.279028299636735 ], [ -70.786140609879141, -33.279035771957865 ], [ -70.786138536048512, -33.279043275133553 ], [ -70.78613661513441, -33.279050806973608 ], [ -70.786134847697639, -33.279058365279553 ], [ -70.786133234254081, -33.279065947845076 ], [ -70.786131775274796, -33.279073552456857 ], [ -70.786130471185686, -33.27908117689509 ], [ -70.786129322367429, -33.27908881893422 ], [ -70.786128329155432, -33.279096476343547 ], [ -70.78612749183965, -33.279104146887853 ], [ -70.786126810664527, -33.279111828328141 ], [ -70.785943995145715, -33.279363818384418 ], [ -70.785958422294939, -33.279138595189693 ], [ -70.785959138907614, -33.279128913721934 ], [ -70.785960047657653, -33.27911924363957 ], [ -70.785961148292159, -33.279109587632583 ], [ -70.785962440504917, -33.279099948387113 ], [ -70.785963923936379, -33.279090328584559 ], [ -70.785965598173831, -33.279080730900958 ], [ -70.785967462751486, -33.279071158006175 ], [ -70.78596951715059, -33.279061612563183 ], [ -70.785971760799569, -33.2790520972273 ], [ -70.785974193074239, -33.279042614645498 ], [ -70.786005981754499, -33.278923285261406 ], [ -70.786046739416548, -33.278775672504857 ], [ -70.786115038472133, -33.278610604623687 ], [ -70.786171150626259, -33.278475667376298 ], [ -70.78617157677084, -33.278474645754812 ], [ -70.786171981993562, -33.278473618144936 ], [ -70.786172366175208, -33.278472584848927 ], [ -70.786172729202804, -33.278471546170707 ], [ -70.786173070969554, -33.278470502415814 ], [ -70.78617339137493, -33.27846945389124 ], [ -70.786173690324688, -33.278468400905403 ], [ -70.786173967730903, -33.278467343768028 ], [ -70.786174223511978, -33.278466282790085 ], [ -70.786174457592665, -33.278465218283607 ], [ -70.786174669904142, -33.278464150561739 ], [ -70.786174860383937, -33.278463079938554 ], [ -70.786175028976018, -33.278462006728944 ], [ -70.786175175630788, -33.278460931248581 ], [ -70.786175300305146, -33.278459853813821 ], [ -70.786175402962414, -33.278458774741559 ], [ -70.786175483572379, -33.278457694349221 ], [ -70.786175542111323, -33.278456612954585 ], [ -70.786175578562052, -33.278455530875725 ], [ -70.786175592913835, -33.278454448430935 ], [ -70.786175585162454, -33.278453365938596 ], [ -70.786175555310194, -33.278452283717122 ], [ -70.786175503365826, -33.278451202084838 ], [ -70.786175429344624, -33.278450121359889 ], [ -70.786175333268389, -33.278449041860171 ], [ -70.786175215165372, -33.27844796390319 ], [ -70.78617507507029, -33.278446887806034 ], [ -70.786174913024368, -33.278445813885227 ], [ -70.78617472907527, -33.278444742456642 ], [ -70.786174523277111, -33.27844367383544 ], [ -70.786174295690401, -33.278442608335936 ], [ -70.786174046382115, -33.278441546271544 ], [ -70.786173775425567, -33.27844048795464 ], [ -70.786173482900466, -33.278439433696555 ], [ -70.786173168892844, -33.278438383807348 ], [ -70.786390396341233, -33.278437904601851 ], [ -70.786364322134972, -33.278502583105173 ] ] ] ] } },
{ "type": "Feature", "properties": { "fid": 273, "Area": 1198.476 }, "geometry": { "type": "MultiPolygon", "coordinates": [ [ [ [ -70.784387758592501, -33.2784423579971 ], [ -70.784532284497004, -33.278442041296906 ], [ -70.784272639927096, -33.27926043706735 ], [ -70.784137789330828, -33.279230253217072 ], [ -70.784387758592501, -33.2784423579971 ] ] ] ] } },
{ "type": "Feature", "properties": { "fid": 274, "Area": 1225.735 }, "geometry": { "type": "MultiPolygon", "coordinates": [ [ [ [ -70.78428278337725, -33.279515919086194 ], [ -70.784281151365718, -33.279514710672061 ], [ -70.784279495290505, -33.279513525580086 ], [ -70.784277815623966, -33.279512364148324 ], [ -70.784276112845163, -33.279511226707996 ], [ -70.784274387439794, -33.279510113583541 ], [ -70.784272639899967, -33.279509025092473 ], [ -70.784270870724114, -33.279507961545228 ], [ -70.784269080416834, -33.279506923245151 ], [ -70.784267269488794, -33.279505910488382 ], [ -70.784265438456487, -33.279504923563799 ], [ -70.784263587842162, -33.279503962752898 ], [ -70.784261718173667, -33.2795030283297 ], [ -70.784259768628459, -33.279502091656724 ], [ -70.784257799937905, -33.279501183674164 ], [ -70.784255812700394, -33.279500304658079 ], [ -70.784253807519988, -33.279499454875612 ], [ -70.784251785006191, -33.279498634585067 ], [ -70.784249745773764, -33.279497844035816 ], [ -70.784247690442555, -33.279497083468101 ], [ -70.784245619637346, -33.279496353113174 ], [ -70.784243533987549, -33.279495653192996 ], [ -70.784241434127139, -33.279494983920301 ], [ -70.784239320694397, -33.27949434549857 ], [ -70.784237194331737, -33.27949373812185 ], [ -70.784235055685485, -33.279493161974727 ], [ -70.78423290540573, -33.279492617232357 ], [ -70.784230744146072, -33.279492104060317 ], [ -70.784228572563421, -33.2794916226146 ], [ -70.784226391317915, -33.279491173041528 ], [ -70.784224201072547, -33.279490755477759 ], [ -70.784222002493067, -33.279490370050254 ], [ -70.784219796247783, -33.279490016876132 ], [ -70.78421758300729, -33.279489696062733 ], [ -70.78421536344436, -33.279489407707594 ], [ -70.784213138233625, -33.279489151898396 ], [ -70.784210908051492, -33.279488928712851 ], [ -70.784208673575861, -33.279488738218802 ], [ -70.784206435485913, -33.279488580474172 ], [ -70.784204194461964, -33.279488455526895 ], [ -70.784201951185182, -33.279488363414963 ], [ -70.784199706337461, -33.279488304166357 ], [ -70.784197460601135, -33.279488277799111 ], [ -70.784195214658851, -33.279488284321218 ], [ -70.784192969193271, -33.279488323730696 ], [ -70.784190724886969, -33.279488396015601 ], [ -70.784188482422081, -33.279488501153899 ], [ -70.784186242480274, -33.279488639113673 ], [ -70.784184005742389, -33.279488809853014 ], [ -70.784181772888331, -33.279489013319974 ], [ -70.784179544596796, -33.279489249452716 ], [ -70.784177321545101, -33.279489518179467 ], [ -70.784175104408973, -33.279489819418565 ], [ -70.784172893862376, -33.27949015307842 ], [ -70.78417069057717, -33.279490519057624 ], [ -70.784168495223128, -33.279490917244921 ], [ -70.784166308467533, -33.279491347519297 ], [ -70.784164130975086, -33.279491809749949 ], [ -70.784161963407669, -33.27949230379636 ], [ -70.784159806424157, -33.279492829508392 ], [ -70.784157660680165, -33.279493386726251 ], [ -70.784155526827931, -33.279493975280516 ], [ -70.784153405516079, -33.279494594992315 ], [ -70.784151297389414, -33.279495245673296 ], [ -70.784149203088717, -33.279495927125659 ], [ -70.784147123250591, -33.279496639142238 ], [ -70.784145058507221, -33.279497381506651 ], [ -70.784143009486229, -33.279498153993238 ], [ -70.78414097681042, -33.279498956367171 ], [ -70.784138961097682, -33.27949978838457 ], [ -70.784136962960702, -33.279500649792546 ], [ -70.784134983006865, -33.279501540329235 ], [ -70.784133021837974, -33.279502459723965 ], [ -70.784131080050173, -33.279503407697263 ], [ -70.784129158233696, -33.279504383960976 ], [ -70.784127256972695, -33.279505388218361 ], [ -70.784125376845097, -33.279506420164175 ], [ -70.78412351842239, -33.279507479484714 ], [ -70.784121682269458, -33.279508565858002 ], [ -70.784119868944444, -33.279509678953829 ], [ -70.784118078998532, -33.279510818433842 ], [ -70.784116312975797, -33.279511983951657 ], [ -70.784114571413042, -33.279513175153049 ], [ -70.784112854839634, -33.279514391675896 ], [ -70.784111163777396, -33.279515633150432 ], [ -70.784109498740293, -33.279516899199294 ], [ -70.784107860234471, -33.279518189437653 ], [ -70.784106248757951, -33.279519503473303 ], [ -70.784104664800594, -33.279520840906862 ], [ -70.784103108843865, -33.279522201331744 ], [ -70.784101581360702, -33.279523584334477 ], [ -70.784100082815428, -33.279524989494668 ], [ -70.784098613663517, -33.279526416385181 ], [ -70.784097174351587, -33.279527864572302 ], [ -70.78409576531709, -33.279529333615848 ], [ -70.784094386988357, -33.279530823069258 ], [ -70.784093039784338, -33.279532332479818 ], [ -70.784221690925634, -33.279385510613885 ], [ -70.784592800039476, -33.279665008512715 ], [ -70.784882809007144, -33.279854480807565 ], [ -70.785017632301987, -33.279942564730106 ], [ -70.7850908125681, -33.279997678885316 ], [ -70.785337403605851, -33.280183700683814 ], [ -70.785276578824138, -33.280265309123216 ], [ -70.785213907974963, -33.28021755997257 ], [ -70.785024689886626, -33.280075054900657 ], [ -70.784823889346669, -33.279923446705538 ], [ -70.78428278337725, -33.279515919086194 ] ] ] ] } },
{ "type": "Feature", "properties": { "fid": 275, "Area": 0.0 }, "geometry": { "type": "MultiPolygon", "coordinates": [ ] } },
{ "type": "Feature", "properties": { "fid": 276, "Area": 0.0 }, "geometry": { "type": "MultiPolygon", "coordinates": [ ] } },
{ "type": "Feature", "properties": { "fid": 277, "Area": 0.0 }, "geometry": { "type": "MultiPolygon", "coordinates": [ ] } },
{ "type": "Feature", "properties": { "fid": 278, "Area": 0.0 }, "geometry": { "type": "MultiPolygon", "coordinates": [ ] } },
{ "type": "Feature", "properties": { "fid": 279, "Area": 0.0 }, "geometry": { "type": "MultiPolygon", "coordinates": [ ] } },
{ "type": "Feature", "properties": { "fid": 280, "Area": 1762.011 }, "geometry": { "type": "MultiPolygon", "coordinates": [ [ [ [ -70.784616105607469, -33.279501135927333 ], [ -70.784592387927773, -33.279488878848241 ], [ -70.784568421449094, -33.279476968097889 ], [ -70.784544213338833, -33.279465407238256 ], [ -70.784519770836624, -33.279454199726707 ], [ -70.784495101252261, -33.279443348914945 ], [ -70.784470211963367, -33.27943285804794 ], [ -70.784445110413301, -33.279422730263079 ], [ -70.784419804108893, -33.279412968589121 ], [ -70.784394300618203, -33.279403575945395 ], [ -70.784368607568197, -33.279394555140797 ], [ -70.784342732642614, -33.279385908873088 ], [ -70.78431668357949, -33.279377639727969 ], [ -70.784290468169004, -33.27936975017839 ], [ -70.784264094251014, -33.279362242583765 ], [ -70.784237569712843, -33.279355119189312 ], [ -70.784272547775842, -33.279260416441019 ], [ -70.784272639926883, -33.2792604370673 ], [ -70.784300183247083, -33.279267826869393 ], [ -70.784327575537958, -33.279275602649513 ], [ -70.784354809133447, -33.279283762231493 ], [ -70.78438187641197, -33.279292303331793 ], [ -70.784408769798404, -33.279301223560076 ], [ -70.784435481766366, -33.279310520419962 ], [ -70.784462004840222, -33.27932019130958 ], [ -70.784488331597117, -33.279330233522458 ], [ -70.78451445466925, -33.279340644248151 ], [ -70.784540366745702, -33.279351420573114 ], [ -70.78456606057469, -33.279362559481449 ], [ -70.784591528965436, -33.27937405785584 ], [ -70.785094651074601, -33.27960578069186 ], [ -70.78517937472877, -33.279644801518593 ], [ -70.785567945340617, -33.279848276222133 ], [ -70.785568428130134, -33.27984852372979 ], [ -70.785568915886927, -33.279848764268458 ], [ -70.785569408468419, -33.279848997767878 ], [ -70.785569905730625, -33.279849224159769 ], [ -70.785570407528184, -33.279849443377955 ], [ -70.785570913714437, -33.279849655358376 ], [ -70.785571424141438, -33.279849860039036 ], [ -70.785571938659942, -33.279850057360136 ], [ -70.785572457119571, -33.279850247263994 ], [ -70.78557297936878, -33.279850429695088 ], [ -70.785573505254931, -33.279850604600092 ], [ -70.785574034624261, -33.279850771927883 ], [ -70.785574567322072, -33.279850931629575 ], [ -70.785575103192627, -33.279851083658457 ], [ -70.785575642079323, -33.279851227970084 ], [ -70.785576183824602, -33.279851364522294 ], [ -70.785576728270115, -33.279851493275181 ], [ -70.785577275256728, -33.279851614191081 ], [ -70.785577824624554, -33.279851727234657 ], [ -70.78557837621301, -33.279851832372877 ], [ -70.785578929860861, -33.279851929575017 ], [ -70.785579485406274, -33.279852018812626 ], [ -70.78558004268686, -33.279852100059664 ], [ -70.785580601539721, -33.279852173292348 ], [ -70.785581161801503, -33.279852238489283 ], [ -70.785581723308425, -33.279852295631414 ], [ -70.785582285896382, -33.279852344702043 ], [ -70.785582849400896, -33.279852385686816 ], [ -70.785583413657292, -33.279852418573768 ], [ -70.785583978500597, -33.279852443353271 ], [ -70.785499314027149, -33.279966461509794 ], [ -70.785463495636975, -33.279947583813026 ], [ -70.785007941936087, -33.279707576417124 ], [ -70.784616105607469, -33.279501135927333 ] ] ] ] } },
{ "type": "Feature", "properties": { "fid": 281, "Area": 4279.151 }, "geometry": { "type": "MultiPolygon", "coordinates": [ [ [ [ -70.78220957386803, -33.279279525910347 ], [ -70.782219524671802, -33.279274731718829 ], [ -70.782229572380928, -33.279270082308095 ], [ -70.782239714009918, -33.279265579059611 ], [ -70.782249946545321, -33.279261223311451 ], [ -70.782260266946707, -33.279257016357867 ], [ -70.782270672147519, -33.279252959448861 ], [ -70.782281159056026, -33.279249053789876 ], [ -70.782291724556217, -33.279245300541419 ], [ -70.782302365508698, -33.279241700818694 ], [ -70.782313078751713, -33.279238255691311 ], [ -70.782323861101972, -33.279234966182898 ], [ -70.782334709355695, -33.279231833270913 ], [ -70.782345620289476, -33.279228857886203 ], [ -70.782356590661337, -33.279226040912889 ], [ -70.782367617211591, -33.279223383187961 ], [ -70.782378696663912, -33.279220885501132 ], [ -70.782389825726213, -33.279218548594528 ], [ -70.782401001091685, -33.279216373162527 ], [ -70.782412219439763, -33.279214359851522 ], [ -70.782423477437078, -33.279212509259693 ], [ -70.782434771738551, -33.279210821936971 ], [ -70.78244609898826, -33.279209298384693 ], [ -70.782457455820492, -33.279207939055524 ], [ -70.782468838860765, -33.279206744353381 ], [ -70.782480244726841, -33.279205714633257 ], [ -70.782491670029614, -33.27920485020109 ], [ -70.782503111374297, -33.279204151313778 ], [ -70.782514565361282, -33.279203618178911 ], [ -70.782526028587213, -33.27920325095495 ], [ -70.782537497645976, -33.27920304975099 ], [ -70.783747313669181, -33.27919528937943 ], [ -70.783775423191031, -33.279195300933502 ], [ -70.783803528771458, -33.279195696461301 ], [ -70.783831622976592, -33.279196475858214 ], [ -70.783859698375636, -33.279197638918049 ], [ -70.783887747542764, -33.279199185333191 ], [ -70.783915763059042, -33.279201114694608 ], [ -70.783943737514477, -33.279203426491968 ], [ -70.783971663509917, -33.279206120113791 ], [ -70.783999533659028, -33.279209194847624 ], [ -70.784027340590256, -33.279212649880186 ], [ -70.784055076948746, -33.279216484297628 ], [ -70.784082735398314, -33.279220697085748 ], [ -70.784110308623411, -33.279225287130259 ], [ -70.78413778933097, -33.279230253217094 ], [ -70.784272558571303, -33.279260387212425 ], [ -70.784237569712843, -33.279355119189312 ], [ -70.784222064073788, -33.279351179960393 ], [ -70.784221795090318, -33.279351114583747 ], [ -70.784221524794589, -33.279351053144019 ], [ -70.784221253268271, -33.27935099565979 ], [ -70.784220980593417, -33.279350942148405 ], [ -70.784220706852381, -33.279350892626034 ], [ -70.784220432127896, -33.279350847107665 ], [ -70.784220156502982, -33.279350805607031 ], [ -70.784219880060888, -33.279350768136688 ], [ -70.784219602885159, -33.279350734707918 ], [ -70.784219325059539, -33.279350705330863 ], [ -70.784219046667957, -33.279350680014389 ], [ -70.784218767794528, -33.279350658766134 ], [ -70.784218488523535, -33.279350641592508 ], [ -70.784218208939336, -33.27935062849874 ], [ -70.784217929126427, -33.279350619488753 ], [ -70.784217649169321, -33.279350614565274 ], [ -70.784217369152643, -33.279350613729811 ], [ -70.784217089160961, -33.279350616982576 ], [ -70.784216809278902, -33.279350624322632 ], [ -70.784216529591006, -33.279350635747726 ], [ -70.784216250181814, -33.27935065125444 ], [ -70.784215971135708, -33.279350670838049 ], [ -70.784215692537018, -33.279350694492656 ], [ -70.784215414469926, -33.279350722211134 ], [ -70.78421513701845, -33.279350753985057 ], [ -70.784214860266403, -33.27935078980488 ], [ -70.784214584297416, -33.279350829659748 ], [ -70.784214309194866, -33.279350873537631 ], [ -70.784214035041884, -33.279350921425255 ], [ -70.784213761921308, -33.27935097330819 ], [ -70.784213489915629, -33.279351029170712 ], [ -70.784213219107059, -33.279351088995959 ], [ -70.784212949577409, -33.279351152765862 ], [ -70.784212681408135, -33.279351220461152 ], [ -70.78421241468024, -33.279351292061392 ], [ -70.784212149474314, -33.279351367544919 ], [ -70.784211885870505, -33.279351446888931 ], [ -70.784211623948437, -33.279351530069469 ], [ -70.784211363787293, -33.27935161706138 ], [ -70.784211105465616, -33.279351707838416 ], [ -70.784210849061495, -33.279351802373114 ], [ -70.784210594652393, -33.279351900636932 ], [ -70.784210342315191, -33.279352002600156 ], [ -70.784210092126102, -33.279352108232004 ], [ -70.78420984416077, -33.279352217500552 ], [ -70.784209598494044, -33.279352330372767 ], [ -70.784209355200218, -33.279352446814578 ], [ -70.784209114352748, -33.279352566790791 ], [ -70.784208876024451, -33.279352690265142 ], [ -70.784208640287289, -33.279352817200319 ], [ -70.784208407212546, -33.279352947558003 ], [ -70.784208176870592, -33.279353081298787 ], [ -70.784207949331048, -33.279353218382248 ], [ -70.784207724662679, -33.279353358766983 ], [ -70.784207502933313, -33.279353502410594 ], [ -70.784207284210012, -33.279353649269659 ], [ -70.784207068558814, -33.279353799299784 ], [ -70.784206856044889, -33.279353952455679 ], [ -70.784206646732457, -33.279354108691045 ], [ -70.784206440684756, -33.279354267958695 ], [ -70.784206237964042, -33.279354430210461 ], [ -70.784206038631552, -33.279354595397372 ], [ -70.784205842747539, -33.279354763469499 ], [ -70.784205650371163, -33.279354934376066 ], [ -70.78420546156056, -33.279355108065424 ], [ -70.784205276372788, -33.279355284485085 ], [ -70.784205094863779, -33.27935546358178 ], [ -70.784204917088388, -33.279355645301358 ], [ -70.784204743100332, -33.279355829588951 ], [ -70.784204572952177, -33.279356016388824 ], [ -70.784204406695338, -33.279356205644589 ], [ -70.784204244380021, -33.27935639729904 ], [ -70.784204086055311, -33.279356591294267 ], [ -70.784203931769014, -33.279356787571672 ], [ -70.784203781567754, -33.279356986071939 ], [ -70.784203635496908, -33.279357186735098 ], [ -70.784203493600643, -33.27935738950049 ], [ -70.784203355921775, -33.279357594306887 ], [ -70.784203222501958, -33.279357801092416 ], [ -70.784203093381478, -33.279358009794564 ], [ -70.784202968599359, -33.279358220350304 ], [ -70.784202848193274, -33.279358432695972 ], [ -70.784202732199631, -33.279358646767456 ], [ -70.784202620653474, -33.279358862500054 ], [ -70.784202513588497, -33.279359079828609 ], [ -70.784202411037057, -33.279359298687403 ], [ -70.784202313030136, -33.279359519010377 ], [ -70.784202219597347, -33.279359740730904 ], [ -70.784202130766928, -33.279359963782007 ], [ -70.784202046565696, -33.279360188096312 ], [ -70.784201967019129, -33.279360413606035 ], [ -70.784201892151216, -33.27936064024302 ], [ -70.78420182198461, -33.279360867938827 ], [ -70.784201756540497, -33.279361096624633 ], [ -70.784201695838675, -33.279361326231339 ], [ -70.784201639897447, -33.279361556689587 ], [ -70.784201588733737, -33.27936178792973 ], [ -70.784201542363007, -33.279362019881916 ], [ -70.784201500799242, -33.279362252476055 ], [ -70.784201464055045, -33.279362485641862 ], [ -70.784201432141472, -33.279362719308907 ], [ -70.784201405068217, -33.279362953406554 ], [ -70.784201382843406, -33.279363187864114 ], [ -70.784201365473777, -33.279363422610714 ], [ -70.784201352964587, -33.279363657575445 ], [ -70.784201345319602, -33.279363892687314 ], [ -70.784201342541138, -33.279364127875262 ], [ -70.784201344630034, -33.279364363068268 ], [ -70.784201351585665, -33.279364598195222 ], [ -70.784201363405927, -33.27936483318512 ], [ -70.784201380087239, -33.279365067966935 ], [ -70.784201401624557, -33.279365302469756 ], [ -70.784201428011386, -33.279365536622706 ], [ -70.784201459239767, -33.279365770355042 ], [ -70.784201495300238, -33.279366003596159 ], [ -70.784201536181911, -33.279366236275557 ], [ -70.784201581872438, -33.279366468322948 ], [ -70.78420163235802, -33.27936669966823 ], [ -70.78420168762338, -33.279366930241494 ], [ -70.784201747651849, -33.27936715997307 ], [ -70.78420181242528, -33.279367388793553 ], [ -70.784201881924091, -33.279367616633806 ], [ -70.784201956127305, -33.279367843424971 ], [ -70.78420203501247, -33.279368069098538 ], [ -70.784202118555768, -33.27936829358633 ], [ -70.784202206731976, -33.279368516820512 ], [ -70.784202299514419, -33.279368738733631 ], [ -70.784202396875088, -33.27936895925864 ], [ -70.784202498784552, -33.27936917832892 ], [ -70.78420260521203, -33.279369395878263 ], [ -70.784202716125364, -33.279369611840927 ], [ -70.784202831491029, -33.279369826151694 ], [ -70.784202951274168, -33.279370038745782 ], [ -70.784203075438612, -33.279370249558987 ], [ -70.784203203946831, -33.27937045852758 ], [ -70.784203336760001, -33.279370665588452 ], [ -70.784203473837977, -33.279370870679017 ], [ -70.784203615139376, -33.279371073737302 ], [ -70.78420376062148, -33.279371274701994 ], [ -70.784203910240322, -33.279371473512342 ], [ -70.784204063950725, -33.279371670108276 ], [ -70.784204221706219, -33.279371864430402 ], [ -70.784204383459155, -33.279372056420009 ], [ -70.784204549160663, -33.279372246019093 ], [ -70.784204718760662, -33.279372433170359 ], [ -70.784204892207924, -33.279372617817252 ], [ -70.784205069450024, -33.279372799904003 ], [ -70.78420525043343, -33.279372979375587 ], [ -70.784205435103459, -33.279373156177769 ], [ -70.78420562340429, -33.27937333025713 ], [ -70.784205815279051, -33.279373501561096 ], [ -70.784206010669763, -33.279373670037877 ], [ -70.784206209517393, -33.279373835636598 ], [ -70.784206411761843, -33.2793739983072 ], [ -70.784206617342022, -33.279374158000543 ], [ -70.784221690925634, -33.279385510613885 ], [ -70.78416192177194, -33.279453721655848 ], [ -70.784151838655035, -33.279449812902008 ], [ -70.78414167626029, -33.279446051784511 ], [ -70.784131437651453, -33.279442439437233 ], [ -70.784121125915249, -33.279438976949237 ], [ -70.784110744160429, -33.279435665364367 ], [ -70.784100295516879, -33.279432505681008 ], [ -70.784089783134633, -33.279429498851741 ], [ -70.784079210182938, -33.27942664578304 ], [ -70.784068579849333, -33.279423947335076 ], [ -70.784057895338606, -33.279421404321333 ], [ -70.784047159871903, -33.279419017508488 ], [ -70.784036376685734, -33.279416787616142 ], [ -70.784025549030972, -33.279414715316513 ], [ -70.784014680171936, -33.279412801234379 ], [ -70.784003773385351, -33.279411045946802 ], [ -70.783992831959324, -33.279409449982943 ], [ -70.783981859192494, -33.279408013823975 ], [ -70.783970858392877, -33.279406737902839 ], [ -70.783959832876988, -33.279405622604237 ], [ -70.783949023061211, -33.279404690624084 ], [ -70.78393819607507, -33.279403911853763 ], [ -70.783927354996237, -33.279403286514665 ], [ -70.783916502906393, -33.279402814784511 ], [ -70.783905642890318, -33.279402496797438 ], [ -70.783894778035091, -33.279402332643812 ], [ -70.783883911429129, -33.279402322370323 ], [ -70.783873046161389, -33.279402465979864 ], [ -70.78386218532043, -33.279402763431641 ], [ -70.783851331993503, -33.279403214641071 ], [ -70.783840489265813, -33.279403819479917 ], [ -70.783829660219482, -33.279404577776255 ], [ -70.78381884793275, -33.279405489314513 ], [ -70.783808055479142, -33.279406553835614 ], [ -70.782673393843211, -33.279414379687786 ], [ -70.782544649898739, -33.279415268664742 ], [ -70.782537658392158, -33.279415284907927 ], [ -70.782530668280785, -33.279415403340678 ], [ -70.782523681681525, -33.279415623927129 ], [ -70.782516700710275, -33.279415946600501 ], [ -70.782509727481226, -33.279416371263032 ], [ -70.782502764106155, -33.279416897786156 ], [ -70.782495812693966, -33.279417526010377 ], [ -70.782488875349827, -33.279418255745469 ], [ -70.782481954174756, -33.279419086770432 ], [ -70.782475051264768, -33.279420018833584 ], [ -70.782468168710423, -33.279421051652633 ], [ -70.782461308596083, -33.279422184914843 ], [ -70.782454472999333, -33.279423418276956 ], [ -70.782447663990325, -33.279424751365482 ], [ -70.782440883631125, -33.279426183776685 ], [ -70.782434133975187, -33.279427715076778 ], [ -70.782427417066614, -33.27942934480199 ], [ -70.782420734939606, -33.279431072458799 ], [ -70.782414089617873, -33.279432897523918 ], [ -70.7824074831139, -33.279434819444702 ], [ -70.78240091742849, -33.279436837639061 ], [ -70.782394394550039, -33.279438951495806 ], [ -70.782387916453985, -33.279441160374752 ], [ -70.782381485102206, -33.279443463606945 ], [ -70.782375102442458, -33.279445860494846 ], [ -70.782368770407714, -33.279448350312578 ], [ -70.782362490915631, -33.279450932306112 ], [ -70.782356265867918, -33.279453605693462 ], [ -70.782350097149873, -33.279456369665041 ], [ -70.782343986629641, -33.279459223383753 ], [ -70.78233793615783, -33.27946216598535 ], [ -70.78220957386803, -33.279279525910347 ] ] ] ] } },
{ "type": "Feature", "properties": { "fid": 282, "Area": 2596.5 }, "geometry": { "type": "MultiPolygon", "coordinates": [ [ [ [ -70.782663363646336, -33.280693413199394 ], [ -70.782663372296241, -33.280692941978927 ], [ -70.782663390718611, -33.280692470956545 ], [ -70.782663418907831, -33.280692000275209 ], [ -70.782663456855346, -33.280691530077775 ], [ -70.782663504549632, -33.280691060506996 ], [ -70.782663561976207, -33.280690591705358 ], [ -70.782663629117678, -33.280690123815177 ], [ -70.782663705953638, -33.28068965697846 ], [ -70.782663792460752, -33.280689191336911 ], [ -70.782663888612802, -33.280688727031865 ], [ -70.782663994380556, -33.280688264204223 ], [ -70.782664109731954, -33.280687802994507 ], [ -70.782664234631966, -33.280687343542681 ], [ -70.782664369042678, -33.280686885988189 ], [ -70.782664512923276, -33.280686430469927 ], [ -70.782664666230133, -33.280685977126161 ], [ -70.78266482891668, -33.28068552609448 ], [ -70.782665000933562, -33.280685077511784 ], [ -70.782665182228541, -33.280684631514241 ], [ -70.782665372746607, -33.28068418823721 ], [ -70.782665572429934, -33.280683747815246 ], [ -70.782665781217901, -33.280683310382003 ], [ -70.782665999047168, -33.280682876070273 ], [ -70.782666225851557, -33.280682445011898 ], [ -70.782666461562286, -33.280682017337689 ], [ -70.78266670610779, -33.280681593177448 ], [ -70.782666959413831, -33.280681172659939 ], [ -70.782667221403543, -33.280680755912783 ], [ -70.782667491997387, -33.2806803430625 ], [ -70.782667771113239, -33.280679934234364 ], [ -70.782668058666388, -33.280679529552501 ], [ -70.782668354569566, -33.280679129139706 ], [ -70.782668658732931, -33.280678733117554 ], [ -70.782668971064155, -33.280678341606205 ], [ -70.78266929146848, -33.280677954724531 ], [ -70.782669619848619, -33.280677572589923 ], [ -70.782669956104925, -33.280677195318397 ], [ -70.782670300135308, -33.28067682302445 ], [ -70.78267065183536, -33.280676455821094 ], [ -70.782671011098358, -33.280676093819764 ], [ -70.782671377815205, -33.280675737130359 ], [ -70.782671751874645, -33.28067538586113 ], [ -70.782672133163103, -33.280675040118687 ], [ -70.782672521564848, -33.280674700007992 ], [ -70.782672916962042, -33.280674365632265 ], [ -70.782673319234604, -33.280674037092993 ], [ -70.782673728260463, -33.280673714489907 ], [ -70.7826741439155, -33.280673397920928 ], [ -70.78267456607351, -33.280673087482135 ], [ -70.782674994606381, -33.280672783267754 ], [ -70.782675429384014, -33.280672485370104 ], [ -70.782675870274488, -33.280672193879631 ], [ -70.782676317143952, -33.280671908884806 ], [ -70.782676769856778, -33.280671630472114 ], [ -70.782677228275546, -33.280671358726089 ], [ -70.782677692261132, -33.280671093729168 ], [ -70.782678161672706, -33.280670835561821 ], [ -70.782678636367763, -33.280670584302413 ], [ -70.782679116202246, -33.280670340027193 ], [ -70.782679601030509, -33.280670102810284 ], [ -70.782680090705384, -33.28066987272372 ], [ -70.782680585078253, -33.280669649837321 ], [ -70.78268108399908, -33.280669434218744 ], [ -70.782681587316389, -33.28066922593343 ], [ -70.782682094877444, -33.280669025044595 ], [ -70.782682606528169, -33.280668831613241 ], [ -70.782683122113269, -33.280668645698043 ], [ -70.782683641476268, -33.28066846735544 ], [ -70.782684164459511, -33.280668296639583 ], [ -70.782684690904262, -33.280668133602276 ], [ -70.78268522065072, -33.280667978292996 ], [ -70.782685753538118, -33.280667830758894 ], [ -70.782686289404694, -33.280667691044741 ], [ -70.782686828087819, -33.280667559192956 ], [ -70.782687369423954, -33.280667435243558 ], [ -70.782687913248836, -33.280667319234148 ], [ -70.782688459397363, -33.280667211199962 ], [ -70.78268900770378, -33.280667111173791 ], [ -70.782689558001678, -33.280667019185962 ], [ -70.782690110123994, -33.280666935264456 ], [ -70.782690663903182, -33.280666859434675 ], [ -70.782691219171127, -33.280666791719696 ], [ -70.782691775759304, -33.280666732140027 ], [ -70.782692333498773, -33.280666680713779 ], [ -70.782692892220254, -33.280666637456541 ], [ -70.782693451754156, -33.280666602381466 ], [ -70.782694011930644, -33.28066657549919 ], [ -70.782694572579686, -33.28066655681787 ], [ -70.782695133531135, -33.280666546343177 ], [ -70.782695694614688, -33.280666544078279 ], [ -70.783020398435312, -33.280667608720165 ], [ -70.783023061743904, -33.280667598055082 ], [ -70.783025724427773, -33.280667548447141 ], [ -70.783028385679884, -33.280667459911328 ], [ -70.783031044693573, -33.280667332474522 ], [ -70.783033700662884, -33.280667166175334 ], [ -70.783036352782759, -33.280666961064156 ], [ -70.783039000249332, -33.280666717203182 ], [ -70.783041642260144, -33.280666434666315 ], [ -70.783044278014358, -33.280666113539198 ], [ -70.783046906713082, -33.280665753919166 ], [ -70.783049527559527, -33.280665355915232 ], [ -70.783052139759306, -33.280664919648011 ], [ -70.783054742520619, -33.280664445249762 ], [ -70.783057335054565, -33.280663932864272 ], [ -70.78305991657534, -33.280663382646836 ], [ -70.783062486300452, -33.280662794764247 ], [ -70.783065043451003, -33.280662169394695 ], [ -70.783067587251892, -33.280661506727732 ], [ -70.783070116932095, -33.280660806964214 ], [ -70.783072631724821, -33.28066007031623 ], [ -70.783075130867843, -33.280659297007091 ], [ -70.783077613603652, -33.280658487271175 ], [ -70.783080079179697, -33.280657641353919 ], [ -70.783082526848659, -33.280656759511743 ], [ -70.783084955868631, -33.280655842011925 ], [ -70.783087365503363, -33.280654889132556 ], [ -70.783089755022445, -33.280653901162481 ], [ -70.78309212370165, -33.280652878401163 ], [ -70.783094470822974, -33.280651821158592 ], [ -70.783096795675007, -33.280650729755237 ], [ -70.783099097553077, -33.280649604521905 ], [ -70.783101375759458, -33.280648445799656 ], [ -70.783103629603602, -33.280647253939712 ], [ -70.783105858402365, -33.280646029303341 ], [ -70.783108061480178, -33.280644772261738 ], [ -70.7831102381693, -33.280643483195917 ], [ -70.783112387809936, -33.280642162496612 ], [ -70.783114509750504, -33.280640810564108 ], [ -70.783116603347864, -33.280639427808232 ], [ -70.783118667967415, -33.280638014648055 ], [ -70.783120702983354, -33.280636571511955 ], [ -70.783122707778858, -33.280635098837337 ], [ -70.783124681746273, -33.280633597070597 ], [ -70.783126624287263, -33.280632066666897 ], [ -70.783128534813045, -33.280630508090141 ], [ -70.783130412744512, -33.280628921812749 ], [ -70.783132257512463, -33.280627308315509 ], [ -70.783134068557729, -33.280625668087509 ], [ -70.783135845331387, -33.280624001625881 ], [ -70.78313758729486, -33.280622309435785 ], [ -70.783139293920186, -33.28062059203009 ], [ -70.783140964690062, -33.28061884992939 ], [ -70.783142599098042, -33.280617083661703 ], [ -70.783144196648763, -33.280615293762402 ], [ -70.783815643079194, -33.279849189862745 ], [ -70.783815681528253, -33.279849145981736 ], [ -70.784135168134526, -33.279484418540044 ], [ -70.784140243645311, -33.279478305018543 ], [ -70.784145209038186, -33.279472128028623 ], [ -70.784150063188392, -33.279465888969504 ], [ -70.784154804996419, -33.279459589254458 ], [ -70.784159433388155, -33.279453230310502 ], [ -70.784149945481289, -33.279449507202067 ], [ -70.784140383603855, -33.279445920087461 ], [ -70.7841307505185, -33.279442470003097 ], [ -70.784121049008476, -33.279439157945788 ], [ -70.784111281876832, -33.279435984872492 ], [ -70.784101451945517, -33.279432951699995 ], [ -70.78409156205467, -33.279430059304651 ], [ -70.784081615061723, -33.279427308522123 ], [ -70.784071613840638, -33.279424700147224 ], [ -70.784061561281021, -33.279422234933577 ], [ -70.784051460287301, -33.279419913593401 ], [ -70.784041313777934, -33.279417736797456 ], [ -70.784031124684503, -33.279415705174628 ], [ -70.784020895950889, -33.279413819311927 ], [ -70.784010630532435, -33.279412079754231 ], [ -70.784000331395092, -33.279410487004121 ], [ -70.783990001514525, -33.279409041521816 ], [ -70.783979643875313, -33.279407743724931 ], [ -70.783955817213581, -33.279406538215092 ], [ -70.784004020869261, -33.279436328494938 ], [ -70.783037467228894, -33.280539341736763 ], [ -70.783037130908482, -33.280539718644462 ], [ -70.78303678682596, -33.280540090576572 ], [ -70.783036435085634, -33.280540457420315 ], [ -70.783036075794158, -33.280540819064505 ], [ -70.783035709060442, -33.280541175399456 ], [ -70.783035334995702, -33.280541526317165 ], [ -70.783034953713312, -33.280541871711229 ], [ -70.78303456532889, -33.280542211476956 ], [ -70.78303416996016, -33.280542545511288 ], [ -70.783033767727019, -33.28054287371301 ], [ -70.783033358751396, -33.280543195982588 ], [ -70.783032943157295, -33.280543512222302 ], [ -70.783032521070709, -33.280543822336305 ], [ -70.783032092619607, -33.280544126230573 ], [ -70.783031657933876, -33.280544423812955 ], [ -70.783031217145322, -33.280544714993248 ], [ -70.783030770387569, -33.280544999683158 ], [ -70.783030317796062, -33.280545277796392 ], [ -70.783029859508019, -33.280545549248608 ], [ -70.783029395662396, -33.280545813957538 ], [ -70.783028926399794, -33.280546071842892 ], [ -70.783028451862506, -33.280546322826524 ], [ -70.78302797219439, -33.280546566832307 ], [ -70.783027487540878, -33.280546803786279 ], [ -70.783026998048911, -33.280547033616607 ], [ -70.783026503866864, -33.280547256253605 ], [ -70.783026005144578, -33.280547471629774 ], [ -70.783025502033269, -33.28054767967982 ], [ -70.783024994685462, -33.280547880340649 ], [ -70.783024483254948, -33.280548073551458 ], [ -70.78302396789681, -33.280548259253642 ], [ -70.783023448767295, -33.280548437390927 ], [ -70.783022926023776, -33.280548607909267 ], [ -70.783022399824745, -33.280548770756994 ], [ -70.783021870329719, -33.280548925884723 ], [ -70.783021337699253, -33.280549073245446 ], [ -70.783020802094811, -33.28054921279444 ], [ -70.783020263678779, -33.280549344489458 ], [ -70.783019722614412, -33.280549468290516 ], [ -70.783019179065718, -33.280549584160127 ], [ -70.7830186331975, -33.280549692063126 ], [ -70.783018085175257, -33.28054979196682 ], [ -70.783017535165143, -33.280549883840912 ], [ -70.783016983333894, -33.280549967657542 ], [ -70.783016429848828, -33.280550043391308 ], [ -70.783015874877748, -33.280550111019259 ], [ -70.783015318588895, -33.280550170520875 ], [ -70.783014761150923, -33.280550221878109 ], [ -70.783014202732858, -33.280550265075419 ], [ -70.783013643503992, -33.280550300099691 ], [ -70.783013083633847, -33.280550326940308 ], [ -70.783012523292186, -33.28055034558912 ], [ -70.783011962648871, -33.280550356040486 ], [ -70.783011401873921, -33.280550358291244 ], [ -70.782696433221673, -33.280549325776263 ], [ -70.782695871160684, -33.280549319848525 ], [ -70.782695309308494, -33.280549305682555 ], [ -70.782694747836203, -33.280549283282681 ], [ -70.782694186914867, -33.280549252655725 ], [ -70.782693626715329, -33.280549213811 ], [ -70.782693067408246, -33.280549166760345 ], [ -70.782692509163979, -33.280549111518098 ], [ -70.782691952152589, -33.280549048101086 ], [ -70.782691396543711, -33.280548976528614 ], [ -70.782690842506625, -33.280548896822509 ], [ -70.78269029021007, -33.280548809007044 ], [ -70.782689739822288, -33.280548713108949 ], [ -70.782689191510954, -33.280548609157442 ], [ -70.782688645443045, -33.280548497184178 ], [ -70.782688101784927, -33.280548377223312 ], [ -70.7826875607022, -33.280548249311316 ], [ -70.782687022359667, -33.280548113487207 ], [ -70.782686486921335, -33.280547969792323 ], [ -70.782685954550288, -33.280547818270456 ], [ -70.782685425408701, -33.28054765896777 ], [ -70.782684899657724, -33.280547491932758 ], [ -70.782684377457542, -33.280547317216332 ], [ -70.782683858967204, -33.280547134871689 ], [ -70.782683344344662, -33.280546944954388 ], [ -70.782682833746648, -33.280546747522258 ], [ -70.7826823273287, -33.280546542635463 ], [ -70.782681825245092, -33.280546330356408 ], [ -70.78268132764876, -33.280546110749754 ], [ -70.782680834691277, -33.280545883882368 ], [ -70.782680346522781, -33.280545649823388 ], [ -70.782679863291989, -33.280545408644109 ], [ -70.782679385146096, -33.280545160417986 ], [ -70.78267891223075, -33.280544905220637 ], [ -70.782678444690006, -33.28054464312978 ], [ -70.782677982666272, -33.280544374225286 ], [ -70.78267752630029, -33.280544098588997 ], [ -70.782677075731073, -33.280543816304956 ], [ -70.782676631095853, -33.280543527459109 ], [ -70.782676192530104, -33.280543232139443 ], [ -70.782675760167379, -33.280542930435914 ], [ -70.782675334139412, -33.280542622440421 ], [ -70.782674914575949, -33.280542308246773 ], [ -70.782674501604802, -33.280541987950706 ], [ -70.782674095351766, -33.280541661649757 ], [ -70.782673695940588, -33.280541329443345 ], [ -70.782673303492928, -33.280540991432638 ], [ -70.782672918128327, -33.28054064772062 ], [ -70.782672539964182, -33.280540298411957 ], [ -70.782672169115685, -33.280539943613078 ], [ -70.782671805695784, -33.280539583432038 ], [ -70.782671449815183, -33.280539217978571 ], [ -70.782671101582295, -33.280538847363992 ], [ -70.782670761103191, -33.280538471701192 ], [ -70.782670428481595, -33.280538091104582 ], [ -70.782670103818802, -33.280537705690129 ], [ -70.78266978721372, -33.280537315575209 ], [ -70.782669478762784, -33.280536920878653 ], [ -70.782669178559956, -33.280536521720698 ], [ -70.782668886696683, -33.280536118222926 ], [ -70.782668603261854, -33.280535710508261 ], [ -70.782668328341813, -33.280535298700862 ], [ -70.782668062020321, -33.280534882926197 ], [ -70.782667804378477, -33.280534463310936 ], [ -70.782667555494768, -33.28053403998284 ], [ -70.782667315445011, -33.280533613070887 ], [ -70.782667084302318, -33.280533182705121 ], [ -70.782666862137106, -33.28053274901665 ], [ -70.782666649017031, -33.280532312137531 ], [ -70.782666445007052, -33.280531872200882 ], [ -70.782666250169257, -33.280531429340698 ], [ -70.782666064563031, -33.280530983691889 ], [ -70.782665888244907, -33.280530535390177 ], [ -70.782665721268572, -33.280530084572135 ], [ -70.78266556368493, -33.280529631375096 ], [ -70.782665415541928, -33.28052917593709 ], [ -70.782665276884728, -33.280528718396845 ], [ -70.782665147755552, -33.280528258893767 ], [ -70.782665028193762, -33.280527797567778 ], [ -70.782664918235724, -33.280527334559409 ], [ -70.782664817914991, -33.280526870009716 ], [ -70.782664727262073, -33.280526404060197 ], [ -70.782664646304596, -33.28052593685279 ], [ -70.782664575067244, -33.280525468529802 ], [ -70.782664513571689, -33.280524999233876 ], [ -70.782664461836674, -33.280524529107979 ], [ -70.78266441987796, -33.28052405829532 ], [ -70.782664387708323, -33.280523586939289 ], [ -70.782664365337567, -33.280523115183506 ], [ -70.7826643527725, -33.280522643171622 ], [ -70.782664350016944, -33.280522171047451 ], [ -70.782663363646336, -33.280693413199394 ] ] ] ] } },
{ "type": "Feature", "properties": { "fid": 283, "Area": 1718.043 }, "geometry": { "type": "MultiPolygon", "coordinates": [ [ [ [ -70.782530089204613, -33.279415377646032 ], [ -70.782669557324127, -33.279414406180877 ], [ -70.782662293920765, -33.280608609223314 ], [ -70.782523093908139, -33.280608033331951 ], [ -70.782530089204613, -33.279415377646032 ] ] ] ] } },
{ "type": "Feature", "properties": { "fid": 284, "Area": 2005.544 }, "geometry": { "type": "MultiPolygon", "coordinates": [ [ [ [ -70.782523175554729, -33.280608033669779 ], [ -70.782662293920765, -33.280608609223314 ], [ -70.782662479236265, -33.280608610018447 ], [ -70.782661662327129, -33.280742927000325 ], [ -70.78265774750345, -33.281386620780559 ], [ -70.782657635985245, -33.281392904503349 ], [ -70.78265740179981, -33.281399185845196 ], [ -70.782657045010069, -33.281405463116869 ], [ -70.78265656571196, -33.281411734630225 ], [ -70.782655964034362, -33.281417998698686 ], [ -70.782655240139036, -33.281424253637638 ], [ -70.782654394220643, -33.281430497764966 ], [ -70.782653426506641, -33.281436729401442 ], [ -70.782652287721632, -33.281443265271676 ], [ -70.782651014592332, -33.281449783631011 ], [ -70.782649607499152, -33.281456282531487 ], [ -70.782648066862592, -33.28146276003099 ], [ -70.782646393143011, -33.281469214193727 ], [ -70.782644586840547, -33.281475643090943 ], [ -70.782642648495013, -33.281482044801429 ], [ -70.782640578685601, -33.281488417412035 ], [ -70.782638378030825, -33.281494759018393 ], [ -70.782636047188333, -33.281501067725344 ], [ -70.782633586854629, -33.281507341647568 ], [ -70.782630997764969, -33.281513578910179 ], [ -70.782628280693018, -33.281519777649194 ], [ -70.782625436450743, -33.281525936012152 ], [ -70.78262246588811, -33.28153205215871 ], [ -70.782619369892799, -33.281538124261068 ], [ -70.782616149390023, -33.281544150504644 ], [ -70.782612805342168, -33.281550129088508 ], [ -70.782609338748543, -33.28155605822603 ], [ -70.782605750645132, -33.281561936145302 ], [ -70.782602042104159, -33.281567761089754 ], [ -70.782598214233857, -33.281573531318656 ], [ -70.782594268178173, -33.281579245107594 ], [ -70.782590205116321, -33.28158490074906 ], [ -70.782586026262479, -33.281590496552873 ], [ -70.782581732865481, -33.281596030846785 ], [ -70.782577326208354, -33.281601501976908 ], [ -70.782572807607949, -33.28160690830822 ], [ -70.782568178414621, -33.28161224822508 ], [ -70.782563440011756, -33.281617520131661 ], [ -70.782558593815381, -33.281622722452539 ], [ -70.782440827601889, -33.281746886604431 ], [ -70.782440019776061, -33.281747758986171 ], [ -70.782439230143765, -33.281748643041134 ], [ -70.782438458944071, -33.281749538501643 ], [ -70.782437706410462, -33.28175044509662 ], [ -70.782436972770753, -33.281751362551603 ], [ -70.782436258247031, -33.281752290588841 ], [ -70.782435563055643, -33.281753228927379 ], [ -70.782434887407021, -33.281754177283133 ], [ -70.782434231505746, -33.281755135368996 ], [ -70.782433595550373, -33.281756102894938 ], [ -70.782432979733414, -33.281757079568017 ], [ -70.782432384241332, -33.281758065092582 ], [ -70.782431809254405, -33.281759059170234 ], [ -70.782431254946673, -33.281760061500066 ], [ -70.782430721485994, -33.281761071778625 ], [ -70.782430209033848, -33.281762089700038 ], [ -70.782429717745373, -33.281763114956121 ], [ -70.782429247769301, -33.281764147236544 ], [ -70.782428799247938, -33.281765186228746 ], [ -70.782428372317042, -33.281766231618192 ], [ -70.782427967105889, -33.281767283088392 ], [ -70.782427583737146, -33.281768340321044 ], [ -70.782427222326859, -33.281769402996055 ], [ -70.782426882984439, -33.28177047079172 ], [ -70.782426565812656, -33.281771543384771 ], [ -70.782426270907521, -33.281772620450489 ], [ -70.782425998358292, -33.281773701662793 ], [ -70.782425748247505, -33.281774786694371 ], [ -70.782425520650861, -33.281775875216738 ], [ -70.782425315637298, -33.281776966900331 ], [ -70.782425133268831, -33.281778061414663 ], [ -70.782424973600712, -33.281779158428385 ], [ -70.782424836681272, -33.281780257609377 ], [ -70.782424722551966, -33.281781358624869 ], [ -70.782424631247324, -33.281782461141553 ], [ -70.782424562795001, -33.281783564825631 ], [ -70.782424517215745, -33.281784669342962 ], [ -70.782424494523326, -33.281785774359207 ], [ -70.782424494724623, -33.281786879539787 ], [ -70.782424517819578, -33.281787984550135 ], [ -70.7824245638012, -33.281789089055721 ], [ -70.782424632655562, -33.281790192722156 ], [ -70.782424724361832, -33.281791295215314 ], [ -70.78242483889224, -33.281792396201418 ], [ -70.782424976212113, -33.281793495347173 ], [ -70.782425136279898, -33.281794592319812 ], [ -70.782425319047093, -33.28179568678722 ], [ -70.782425524458418, -33.281796778418077 ], [ -70.782425752451658, -33.281797866881881 ], [ -70.782426002957791, -33.281798951849119 ], [ -70.782426275900974, -33.281800032991327 ], [ -70.782426571198613, -33.281801109981203 ], [ -70.782426888761265, -33.281802182492669 ], [ -70.782427228492821, -33.281803250201072 ], [ -70.782427590290411, -33.281804312783137 ], [ -70.782427974044523, -33.28180536991718 ], [ -70.782428379638958, -33.281806421283179 ], [ -70.782428806950932, -33.281807466562817 ], [ -70.782429255851099, -33.281808505439678 ], [ -70.782429726203532, -33.281809537599216 ], [ -70.782430217865866, -33.281810562728957 ], [ -70.782430730689228, -33.281811580518571 ], [ -70.782431264518365, -33.281812590659918 ], [ -70.782431819191686, -33.281813592847186 ], [ -70.78243239454126, -33.281814586776953 ], [ -70.782432990392891, -33.281815572148339 ], [ -70.782433606566201, -33.281816548663016 ], [ -70.782434242874658, -33.281817516025377 ], [ -70.782434899125619, -33.281818473942543 ], [ -70.782435575120402, -33.281819422124478 ], [ -70.782436270654358, -33.281820360284172 ], [ -70.78243698551691, -33.2818212881376 ], [ -70.782437719491682, -33.281822205403842 ], [ -70.782438472356404, -33.281823111805224 ], [ -70.782439243883204, -33.281824007067307 ], [ -70.782440033838483, -33.281824890919104 ], [ -70.782440841983103, -33.281825763092996 ], [ -70.782441668072408, -33.281826623324939 ], [ -70.782442511856289, -33.281827471354525 ], [ -70.782443373079289, -33.281828306925014 ], [ -70.782444251480698, -33.281829129783439 ], [ -70.782445146794601, -33.281829939680691 ], [ -70.782446058749912, -33.281830736371575 ], [ -70.782446987070571, -33.281831519614897 ], [ -70.782447931475531, -33.281832289173543 ], [ -70.782448891678868, -33.281833044814526 ], [ -70.7824498673899, -33.281833786309079 ], [ -70.78245085831324, -33.281834513432734 ], [ -70.782451864148896, -33.281835225965352 ], [ -70.782441910477004, -33.281828957369221 ], [ -70.782431828936723, -33.28182283462624 ], [ -70.782421622557251, -33.281816859576054 ], [ -70.78241129440525, -33.28181103401397 ], [ -70.782400847584, -33.281805359690374 ], [ -70.782390285232438, -33.281799838310206 ], [ -70.78237961052416, -33.281794471532436 ], [ -70.782368826666598, -33.281789260969603 ], [ -70.782357936899913, -33.281784208187283 ], [ -70.782346944496126, -33.281779314703691 ], [ -70.782335852758095, -33.281774581989112 ], [ -70.782324665018464, -33.281770011465589 ], [ -70.782313384638812, -33.281765604506404 ], [ -70.782302015008483, -33.281761362435667 ], [ -70.782290559543654, -33.281757286527998 ], [ -70.782279021686321, -33.281753378008062 ], [ -70.78226740490318, -33.281749638050222 ], [ -70.782255712684673, -33.281746067778222 ], [ -70.782243948543922, -33.281742668264783 ], [ -70.782232116015606, -33.281739440531339 ], [ -70.782220218655013, -33.281736385547738 ], [ -70.782208260036867, -33.281733504231873 ], [ -70.782196243754314, -33.281730797449477 ], [ -70.782184173417832, -33.281728266013872 ], [ -70.78217205265409, -33.281725910685637 ], [ -70.782159885104988, -33.281723732172459 ], [ -70.782147674426426, -33.281721731128933 ], [ -70.782135424287247, -33.28171990815629 ], [ -70.78212313836822, -33.281718263802276 ], [ -70.782110820360813, -33.281716798560964 ], [ -70.782098473966144, -33.281715512872601 ], [ -70.782086102893842, -33.281714407123502 ], [ -70.782073710860999, -33.281713481645873 ], [ -70.782061301590957, -33.281712736717843 ], [ -70.782048878812276, -33.281712172563211 ], [ -70.782036446257536, -33.281711789351505 ], [ -70.782024007662258, -33.281711587197819 ], [ -70.782011566763813, -33.281711566162954 ], [ -70.781999127300253, -33.281711726253207 ], [ -70.781986693009159, -33.281712067420493 ], [ -70.781974267626623, -33.281712589562268 ], [ -70.781961854885992, -33.281713292521701 ], [ -70.781949458516877, -33.28171417608754 ], [ -70.781937082243928, -33.281715239994327 ], [ -70.781924729785757, -33.281716483922416 ], [ -70.78191240485387, -33.281717907497999 ], [ -70.781900111151458, -33.281719510293406 ], [ -70.781887852372321, -33.281721291827004 ], [ -70.781875632199785, -33.281723251563562 ], [ -70.781863454305608, -33.281725388914218 ], [ -70.7818513223488, -33.281727703236776 ], [ -70.78227468508787, -33.281642849751101 ], [ -70.782280030656551, -33.281641740131619 ], [ -70.782285352473508, -33.281640552698271 ], [ -70.782290648933269, -33.281639287809284 ], [ -70.782295918437995, -33.281637945846263 ], [ -70.782301159397932, -33.281636527214062 ], [ -70.782306370232007, -33.281635032340645 ], [ -70.782311549368202, -33.281633461676996 ], [ -70.782316695244063, -33.281631815696954 ], [ -70.782321806307166, -33.281630094897075 ], [ -70.782326881015621, -33.281628299796502 ], [ -70.782331917838448, -33.281626430936768 ], [ -70.782336915256153, -33.281624488881718 ], [ -70.782341871761091, -33.281622474217194 ], [ -70.782346785857996, -33.281620387551008 ], [ -70.78235165606435, -33.281618229512645 ], [ -70.78235648091092, -33.281616000753175 ], [ -70.78236125894216, -33.281613701944956 ], [ -70.782365988716592, -33.281611333781512 ], [ -70.782370668807346, -33.281608896977261 ], [ -70.782375297802531, -33.281606392267356 ], [ -70.782379874305676, -33.281603820407398 ], [ -70.782384396936109, -33.281601182173318 ], [ -70.782388864329462, -33.281598478360976 ], [ -70.78239327513802, -33.281595709786096 ], [ -70.782397628031092, -33.281592877283884 ], [ -70.782401921695524, -33.281589981708862 ], [ -70.782406154835996, -33.281587023934584 ], [ -70.782410326175466, -33.281584004853343 ], [ -70.78241443445549, -33.281580925375948 ], [ -70.782418478436696, -33.281577786431406 ], [ -70.782422456899113, -33.281574588966691 ], [ -70.782426368642518, -33.281571333946438 ], [ -70.782430212486801, -33.281568022352594 ], [ -70.78243398727237, -33.281564655184233 ], [ -70.782437691860423, -33.281561233457133 ], [ -70.782441325133391, -33.281557758203604 ], [ -70.78244488599519, -33.28155423047204 ], [ -70.782448373371565, -33.281550651326704 ], [ -70.782451786210473, -33.281547021847366 ], [ -70.782455123482308, -33.281543343128931 ], [ -70.782458384180316, -33.281539616281265 ], [ -70.782461567320794, -33.281535842428617 ], [ -70.782464671943472, -33.281532022709534 ], [ -70.782467697111727, -33.281528158276359 ], [ -70.78247064191298, -33.281524250294879 ], [ -70.78247350545881, -33.281520299944091 ], [ -70.78247628688537, -33.281516308415718 ], [ -70.782478985353563, -33.281512276913951 ], [ -70.782481600049337, -33.281508206654998 ], [ -70.782484130183875, -33.281504098866797 ], [ -70.782486574993925, -33.281499954788579 ], [ -70.782488933741931, -33.281495775670514 ], [ -70.782491205716312, -33.281491562773397 ], [ -70.782493390231679, -33.281487317368153 ], [ -70.782495486629017, -33.281483040735552 ], [ -70.782497494275887, -33.281478734165766 ], [ -70.782499412566665, -33.28147439895799 ], [ -70.782501240922613, -33.281470036420089 ], [ -70.782502978792195, -33.28146564786816 ], [ -70.782504625651143, -33.281461234626128 ], [ -70.782506181002617, -33.281456798025381 ], [ -70.782507644377446, -33.281452339404382 ], [ -70.782509015334142, -33.28144786010818 ], [ -70.78251029345914, -33.28144336148808 ], [ -70.782511478366899, -33.281438844901267 ], [ -70.782512569699932, -33.281434311710278 ], [ -70.78251356712903, -33.281429763282702 ], [ -70.78251447035332, -33.281425200990682 ], [ -70.782515279100309, -33.281420626210597 ], [ -70.782515948149708, -33.281416313655669 ], [ -70.782516533165179, -33.281411992489694 ], [ -70.782517033990388, -33.28140766386781 ], [ -70.782517450491454, -33.281403328947093 ], [ -70.782517782557051, -33.281398988886345 ], [ -70.782518030098416, -33.281394644845726 ], [ -70.782518193049398, -33.281390297986469 ], [ -70.782518271366456, -33.28138594947054 ], [ -70.782519497828901, -33.281235103216225 ], [ -70.782523175554729, -33.280608033669779 ] ] ] ] } },
{ "type": "Feature", "properties": { "fid": 285, "Area": 3201.598 }, "geometry": { "type": "MultiPolygon", "coordinates": [ [ [ [ -70.783268813449041, -33.282619454315331 ], [ -70.78334323886655, -33.282559195998132 ], [ -70.783478678561295, -33.282440019870705 ], [ -70.783474647145439, -33.282440491598187 ], [ -70.783470606649317, -33.282440904902856 ], [ -70.783466558273034, -33.282441259662001 ], [ -70.783462503218985, -33.282441555770205 ], [ -70.783458442691554, -33.282441793139554 ], [ -70.783454377896788, -33.282441971699541 ], [ -70.783450310041943, -33.28244209139713 ], [ -70.783446240335223, -33.282442152196751 ], [ -70.783442169985406, -33.282442154080378 ], [ -70.78343810020138, -33.282442097047422 ], [ -70.783434032191948, -33.282441981114843 ], [ -70.783429967165333, -33.282441806317046 ], [ -70.783425906328901, -33.282441572705991 ], [ -70.783421850888772, -33.282441280351023 ], [ -70.783417802049428, -33.282440929338989 ], [ -70.783413761013435, -33.282440519774163 ], [ -70.783409728981042, -33.282440051778153 ], [ -70.783405707149768, -33.282439525489977 ], [ -70.783401696714165, -33.282438941065955 ], [ -70.783397698865372, -33.282438298679644 ], [ -70.783393714790776, -33.282437598521867 ], [ -70.783389745673702, -33.282436840800564 ], [ -70.783385792693025, -33.282436025740786 ], [ -70.783381857022817, -33.282435153584608 ], [ -70.783377939832008, -33.282434224591093 ], [ -70.783374042284038, -33.282433239036123 ], [ -70.783370165536539, -33.282432197212458 ], [ -70.783366310740931, -33.282431099429509 ], [ -70.78336247904214, -33.282429946013337 ], [ -70.783358671578213, -33.282428737306503 ], [ -70.783354889479995, -33.282427473668015 ], [ -70.783351133870823, -33.282426155473189 ], [ -70.783347405866138, -33.282424783113541 ], [ -70.78334370657322, -33.282423356996688 ], [ -70.783340037090781, -33.282421877546177 ], [ -70.783336398508681, -33.282420345201437 ], [ -70.78333279190764, -33.282418760417599 ], [ -70.78332921835883, -33.282417123665319 ], [ -70.783325678923646, -33.282415435430785 ], [ -70.78332217465335, -33.282413696215379 ], [ -70.783318706588716, -33.282411906535664 ], [ -70.783265320266523, -33.282383825465466 ], [ -70.783240805673969, -33.282370571158978 ], [ -70.783216025186078, -33.28235767038796 ], [ -70.783190986029368, -33.282345126914493 ], [ -70.783165695505787, -33.282332944396479 ], [ -70.783140160990513, -33.282321126386563 ], [ -70.783114389929949, -33.282309676331067 ], [ -70.783088389839406, -33.282298597569017 ], [ -70.783062168301043, -33.282287893331173 ], [ -70.783049955797836, -33.282282512726887 ], [ -70.78303785228708, -33.28227696110234 ], [ -70.783025861163324, -33.282271240014566 ], [ -70.783013985789566, -33.282265351068091 ], [ -70.78300222949639, -33.282259295914542 ], [ -70.782990595580955, -33.282253076252147 ], [ -70.782979087306074, -33.282246693825279 ], [ -70.782967707899346, -33.282240150423924 ], [ -70.782956460552228, -33.2822334478833 ], [ -70.782945348419119, -33.282226588083176 ], [ -70.782934374616502, -33.282219572947454 ], [ -70.782923542222093, -33.282212404443584 ], [ -70.782912854273889, -33.282205084582081 ], [ -70.782902313769384, -33.282197615415846 ], [ -70.782891923664792, -33.282189999039694 ], [ -70.782881686874035, -33.282182237589701 ], [ -70.78251462521763, -33.281881716555965 ], [ -70.782505685165461, -33.281874523162472 ], [ -70.782496597946377, -33.281867461059718 ], [ -70.782487366293083, -33.281860532371397 ], [ -70.782477992981768, -33.281853739181102 ], [ -70.782468480831142, -33.281847083531652 ], [ -70.782458832701749, -33.281840567424524 ], [ -70.782449051494936, -33.28183419281924 ], [ -70.78243914015215, -33.281827961632729 ], [ -70.782429101653904, -33.281821875738849 ], [ -70.782418939018967, -33.281815936967725 ], [ -70.78240865530347, -33.281810147105254 ], [ -70.782398253599908, -33.281804507892538 ], [ -70.782387737036288, -33.2817990210254 ], [ -70.782377108775137, -33.281793688153833 ], [ -70.782366372012561, -33.281788510881526 ], [ -70.782355529977309, -33.281783490765363 ], [ -70.782344585929792, -33.281778629315006 ], [ -70.782333543161073, -33.281773927992354 ], [ -70.782322404991916, -33.281769388211174 ], [ -70.782311174771777, -33.281765011336688 ], [ -70.782299855877781, -33.281760798685077 ], [ -70.782288451713711, -33.281756751523154 ], [ -70.782276965709016, -33.281752871067972 ], [ -70.782265401317744, -33.28174915848647 ], [ -70.78225376201749, -33.281745614895065 ], [ -70.782242051308387, -33.281742241359382 ], [ -70.78223027271207, -33.28173903889391 ], [ -70.782218429770566, -33.281736008461664 ], [ -70.782206526045215, -33.281733150973984 ], [ -70.782194565115717, -33.281730467290124 ], [ -70.782182550578881, -33.281727958217147 ], [ -70.78217048604769, -33.281725624509555 ], [ -70.782158375150175, -33.281723466869167 ], [ -70.782146221528265, -33.281721485944779 ], [ -70.782134028836751, -33.281719682332117 ], [ -70.782121800742203, -33.28171805657356 ], [ -70.782109540921766, -33.281716609157989 ], [ -70.782097253062204, -33.281715340520677 ], [ -70.782084940858681, -33.281714251043113 ], [ -70.782072608013664, -33.281713341052956 ], [ -70.782060258235845, -33.281712610823817 ], [ -70.782047895239003, -33.28171206057533 ], [ -70.782035522740884, -33.281711690472932 ], [ -70.782023144462116, -33.281711500627949 ], [ -70.782010764125047, -33.281711491097454 ], [ -70.781998385452638, -33.281711661884316 ], [ -70.781986012167366, -33.281712012937192 ], [ -70.7819736479901, -33.281712544150515 ], [ -70.781961296638897, -33.281713255364537 ], [ -70.781948961828064, -33.281714146365395 ], [ -70.781936647266861, -33.281715216885118 ], [ -70.78192435665845, -33.281716466601843 ], [ -70.781912093698892, -33.281717895139714 ], [ -70.781899862075804, -33.28171950206918 ], [ -70.781887665467437, -33.281721286906993 ], [ -70.781875507541557, -33.281723249116446 ], [ -70.781863391954218, -33.281725388107439 ], [ -70.7818513223488, -33.281727703236776 ], [ -70.781315332142412, -33.281834623406496 ], [ -70.781345479503216, -33.281949155317712 ], [ -70.781883590045297, -33.281841746860465 ], [ -70.78189329996539, -33.281839884471133 ], [ -70.781903046875357, -33.281838163783931 ], [ -70.781912827844167, -33.281836585316299 ], [ -70.781922639930457, -33.281835149542907 ], [ -70.781932480183585, -33.281833856895538 ], [ -70.781942345644424, -33.281832707762909 ], [ -70.781952233346217, -33.281831702490543 ], [ -70.781962140315599, -33.281830841380781 ], [ -70.781972063573349, -33.281830124692569 ], [ -70.781982000135358, -33.281829552641405 ], [ -70.781991947013537, -33.281829125399327 ], [ -70.782001901216688, -33.281828843094821 ], [ -70.782011859751407, -33.281828705812771 ], [ -70.782021819622997, -33.281828713594457 ], [ -70.782031777836323, -33.281828866437536 ], [ -70.782041731396802, -33.281829164296035 ], [ -70.782051677311216, -33.281829607080397 ], [ -70.782061612588635, -33.281830194657473 ], [ -70.782071534241382, -33.281830926850553 ], [ -70.782081439285804, -33.281831803439445 ], [ -70.782091324743305, -33.281832824160553 ], [ -70.782101187641146, -33.281833988706929 ], [ -70.782111025013378, -33.281835296728367 ], [ -70.782120833901743, -33.281836747831512 ], [ -70.782130611356521, -33.281838341580027 ], [ -70.782140354437459, -33.281840077494586 ], [ -70.782150060214633, -33.281841955053203 ], [ -70.782159725769361, -33.281843973691259 ], [ -70.782169348195012, -33.281846132801704 ], [ -70.782178924597986, -33.281848431735249 ], [ -70.782188452098438, -33.281850869800572 ], [ -70.782197927831334, -33.281853446264506 ], [ -70.782207348947097, -33.281856160352255 ], [ -70.782216712612652, -33.28185901124764 ], [ -70.782226016012174, -33.281861998093348 ], [ -70.782235256347946, -33.281865119991181 ], [ -70.782244430841217, -33.281868376002315 ], [ -70.782253536733094, -33.281871765147621 ], [ -70.78226257128523, -33.281875286407924 ], [ -70.782271531780765, -33.281878938724311 ], [ -70.782280415525108, -33.281882720998453 ], [ -70.78228921984676, -33.281886632092963 ], [ -70.782297942098097, -33.281890670831714 ], [ -70.782306579656137, -33.281894836000141 ], [ -70.782315129923433, -33.281899126345749 ], [ -70.782323590328744, -33.28190354057832 ], [ -70.782331958327859, -33.281908077370417 ], [ -70.782340231404334, -33.281912735357771 ], [ -70.782348407070316, -33.281917513139582 ], [ -70.782356482867215, -33.28192240927914 ], [ -70.782364456366452, -33.281927422304065 ], [ -70.782372325170257, -33.281932550706834 ], [ -70.782380086912298, -33.281937792945243 ], [ -70.782387739258468, -33.281943147442874 ], [ -70.782395279907561, -33.281948612589517 ], [ -70.78240270659191, -33.281954186741679 ], [ -70.782410017078163, -33.281959868223126 ], [ -70.782417209167917, -33.28196565532533 ], [ -70.782785183677618, -33.282266923974454 ], [ -70.782818631771505, -33.282294143866316 ], [ -70.782851595841834, -33.282321777177387 ], [ -70.782884068645743, -33.282349817836391 ], [ -70.782916043048246, -33.282378259682602 ], [ -70.782947512023895, -33.282407096467139 ], [ -70.782959334026572, -33.282417508848177 ], [ -70.78297136576947, -33.282427750344645 ], [ -70.782983603751774, -33.282437817976458 ], [ -70.782996044412599, -33.282447708814253 ], [ -70.783008684132056, -33.28245741998002 ], [ -70.78302151923242, -33.282466948648072 ], [ -70.783034545979021, -33.282476292045786 ], [ -70.783047760581468, -33.282485447454484 ], [ -70.783061159194702, -33.282494412210184 ], [ -70.783074737920117, -33.282503183704357 ], [ -70.783088492806669, -33.282511759384711 ], [ -70.783102419852085, -33.282520136755956 ], [ -70.783116515003982, -33.282528313380467 ], [ -70.783130774161052, -33.282536286879065 ], [ -70.783145193174278, -33.282544054931648 ], [ -70.783241953609902, -33.282594957865157 ], [ -70.783243044570582, -33.282595542834656 ], [ -70.783244123374402, -33.282596143498751 ], [ -70.783245189701347, -33.282596759679322 ], [ -70.783246243235055, -33.282597391193562 ], [ -70.78324728366303, -33.282598037854108 ], [ -70.783248310676612, -33.282598699469169 ], [ -70.783249323971162, -33.28259937584243 ], [ -70.783250323246094, -33.282600066773298 ], [ -70.783251308204967, -33.282600772056796 ], [ -70.783252278555594, -33.282601491483696 ], [ -70.783253234010118, -33.282602224840595 ], [ -70.783254174285133, -33.282602971909931 ], [ -70.783255099101709, -33.282603732470101 ], [ -70.783256008185461, -33.282604506295485 ], [ -70.783256901266753, -33.282605293156536 ], [ -70.783257778080639, -33.282606092819826 ], [ -70.78325863836703, -33.282606905048141 ], [ -70.783259481870715, -33.282607729600542 ], [ -70.783260308341454, -33.282608566232433 ], [ -70.783261117534124, -33.282609414695621 ], [ -70.783261909208647, -33.282610274738403 ], [ -70.783262683130175, -33.282611146105687 ], [ -70.783263439069131, -33.282612028538949 ], [ -70.783264176801282, -33.282612921776426 ], [ -70.783264896107781, -33.282613825553177 ], [ -70.783265596775237, -33.282614739601051 ], [ -70.783266278595789, -33.282615663648933 ], [ -70.783266941367202, -33.282616597422695 ], [ -70.783267584892855, -33.282617540645333 ], [ -70.783268208981852, -33.282618493037049 ], [ -70.783268813449041, -33.282619454315331 ] ] ] ] } },
{ "type": "Feature", "properties": { "fid": 286, "Area": 1245.422 }, "geometry": { "type": "MultiPolygon", "coordinates": [ [ [ [ -70.782014924784718, -33.279427753626756 ], [ -70.782021523268753, -33.279420340892898 ], [ -70.782028269318943, -33.279413022468241 ], [ -70.78203516102505, -33.279405800425018 ], [ -70.782042196435626, -33.279398676808235 ], [ -70.782049373558436, -33.279391653634988 ], [ -70.78205669036123, -33.27938473289398 ], [ -70.782064144772164, -33.279377916544853 ], [ -70.782071734680386, -33.279371206517673 ], [ -70.782079457936774, -33.279364604712505 ], [ -70.782087312354349, -33.279358112998672 ], [ -70.782095295709055, -33.279351733214348 ], [ -70.78210340574033, -33.279345467166038 ], [ -70.782111640151697, -33.279339316628004 ], [ -70.782119996611499, -33.279333283341813 ], [ -70.782128472753527, -33.27932736901586 ], [ -70.782137066177668, -33.279321575324822 ], [ -70.782145774450598, -33.279315903909222 ], [ -70.782154595106476, -33.279310356374964 ], [ -70.782163525647661, -33.279304934292867 ], [ -70.782172563545373, -33.279299639198243 ], [ -70.782181706240436, -33.279294472590436 ], [ -70.782190951144017, -33.279289435932398 ], [ -70.782200295638333, -33.279284530650308 ], [ -70.782209737077409, -33.279279758133136 ], [ -70.78233793615783, -33.27946216598535 ], [ -70.782332130903725, -33.27946510006776 ], [ -70.782326385259637, -33.279468115795581 ], [ -70.782320700852949, -33.27947121231459 ], [ -70.782315079293753, -33.279474388747744 ], [ -70.782309522174359, -33.279477644195346 ], [ -70.782304031068776, -33.27948097773529 ], [ -70.78229860753234, -33.27948438842337 ], [ -70.782293253101258, -33.27948787529354 ], [ -70.782287969292142, -33.279491437358139 ], [ -70.782282757601607, -33.279495073608253 ], [ -70.782277619505848, -33.279498783013942 ], [ -70.782272556460228, -33.27950256452452 ], [ -70.782267569898835, -33.27950641706888 ], [ -70.782262661234071, -33.279510339555856 ], [ -70.782257831856342, -33.279514330874363 ], [ -70.782253083133511, -33.27951838989393 ], [ -70.782248416410653, -33.279522515464848 ], [ -70.78224383300963, -33.279526706418558 ], [ -70.782239334228677, -33.279530961568 ], [ -70.782234921342024, -33.27953527970795 ], [ -70.782230595599671, -33.279539659615274 ], [ -70.782226358226822, -33.279544100049414 ], [ -70.78222221042374, -33.279548599752623 ], [ -70.782218153365264, -33.279553157450373 ], [ -70.782007645897465, -33.27979383746851 ], [ -70.781804416831847, -33.279668433537303 ], [ -70.782014924784718, -33.279427753626756 ] ] ] ] } },
{ "type": "Feature", "properties": { "fid": 287, "Area": 3653.344 }, "geometry": { "type": "MultiPolygon", "coordinates": [ [ [ [ -70.781804416831847, -33.279668433537303 ], [ -70.782007565222344, -33.279793787687517 ], [ -70.781170561259955, -33.280750887343181 ], [ -70.781166491014147, -33.280755626121952 ], [ -70.781162518868669, -33.280760423269314 ], [ -70.781158646009729, -33.280765277352721 ], [ -70.781154873593849, -33.280770186922624 ], [ -70.781151202747637, -33.280775150512852 ], [ -70.781147634567304, -33.280780166641179 ], [ -70.781144170118438, -33.280785233809631 ], [ -70.781140810435616, -33.280790350505036 ], [ -70.781137556522168, -33.280795515199365 ], [ -70.781134409349804, -33.28080072635035 ], [ -70.7811313698584, -33.280805982401773 ], [ -70.781128438955648, -33.280811281784025 ], [ -70.781125617516793, -33.280816622914585 ], [ -70.781122906384425, -33.280822004198406 ], [ -70.781120306368209, -33.280827424028523 ], [ -70.781117818244581, -33.28083288078642 ], [ -70.781115442756573, -33.280838372842538 ], [ -70.781113180613616, -33.28084389855681 ], [ -70.781111032491282, -33.280849456279093 ], [ -70.781108999031048, -33.280855044349707 ], [ -70.781107080840215, -33.280860661099886 ], [ -70.781105278491594, -33.280866304852324 ], [ -70.781103592523479, -33.280871973921634 ], [ -70.78110202343936, -33.280877666614849 ], [ -70.781100571707825, -33.28088338123198 ], [ -70.781099237762419, -33.280889116066504 ], [ -70.781098022001544, -33.28089486940582 ], [ -70.781096924788258, -33.280900639531794 ], [ -70.78084755564953, -33.280869039899649 ], [ -70.780849340994081, -33.280859655314487 ], [ -70.780851319116891, -33.280850298039105 ], [ -70.780853489427344, -33.280840970867047 ], [ -70.780855851277465, -33.280831676582828 ], [ -70.780858403962085, -33.280822417961176 ], [ -70.780861146719076, -33.280813197766172 ], [ -70.780864078729522, -33.280804018750402 ], [ -70.780867199118077, -33.280794883654181 ], [ -70.780870506953093, -33.2807857952047 ], [ -70.780874001247, -33.280776756115195 ], [ -70.78087768095655, -33.280767769084235 ], [ -70.78088154498316, -33.280758836794782 ], [ -70.780885592173206, -33.280749961913472 ], [ -70.780889821318368, -33.280741147089813 ], [ -70.780894231156026, -33.2807323949554 ], [ -70.780898820369643, -33.280723708123041 ], [ -70.78090358758908, -33.280715089186145 ], [ -70.780908531391091, -33.280706540717766 ], [ -70.780913650299709, -33.280698065269981 ], [ -70.78091894278667, -33.280689665373025 ], [ -70.780924407271925, -33.280681343534596 ], [ -70.780930042124069, -33.280673102239078 ], [ -70.780935845660835, -33.280664943946839 ], [ -70.780941816149578, -33.280656871093413 ], [ -70.780947951807832, -33.28064888608889 ], [ -70.780954250803831, -33.280640991317071 ], [ -70.780960711257038, -33.280633189134875 ], [ -70.780967331238713, -33.280625481871525 ], [ -70.781804416831847, -33.279668433537303 ] ] ] ] } },
{ "type": "Feature", "properties": { "fid": 288, "Area": 1376.662 }, "geometry": { "type": "MultiPolygon", "coordinates": [ [ [ [ -70.781375735103737, -33.282064357322888 ], [ -70.781240500489943, -33.28154982221718 ], [ -70.780993779152993, -33.2815955680652 ], [ -70.781129378460577, -33.282111138804161 ], [ -70.781375735103211, -33.28206435732092 ], [ -70.781375735103737, -33.282064357322888 ] ] ] ] } },
{ "type": "Feature", "properties": { "fid": 289, "Area": 1827.634 }, "geometry": { "type": "MultiPolygon", "coordinates": [ [ [ [ -70.781240077614214, -33.281549900790829 ], [ -70.781101536965366, -33.281022793335424 ], [ -70.781100123910477, -33.281017063304965 ], [ -70.781098828767682, -33.281011313650318 ], [ -70.781097651922508, -33.281005546083108 ], [ -70.781096593725266, -33.280999762320327 ], [ -70.78109565449094, -33.28099396408372 ], [ -70.781094834499143, -33.280988153099401 ], [ -70.781094133993932, -33.280982331097213 ], [ -70.781093553183808, -33.28097649981035 ], [ -70.781093092241662, -33.280970660974724 ], [ -70.781092751304698, -33.280964816328513 ], [ -70.781092530474368, -33.280958967611582 ], [ -70.781092429816397, -33.280953116565108 ], [ -70.781092449360727, -33.280947264930838 ], [ -70.781092589101505, -33.280941414450794 ], [ -70.781092848997119, -33.280935566866596 ], [ -70.781093228970178, -33.280929723919002 ], [ -70.781093728907535, -33.280923887347427 ], [ -70.781094348660332, -33.280918058889348 ], [ -70.781095088044069, -33.280912240279875 ], [ -70.781095946838605, -33.280906433251118 ], [ -70.781096924788258, -33.280900639531794 ], [ -70.780847467346845, -33.280869028710008 ], [ -70.780845878829865, -33.280878630738229 ], [ -70.780844487587302, -33.280888254336723 ], [ -70.780843294032593, -33.28089789664643 ], [ -70.780842298520369, -33.280907554802631 ], [ -70.780841501346472, -33.28091722593598 ], [ -70.780840902747798, -33.28092690717321 ], [ -70.780840502902265, -33.28093659563811 ], [ -70.780840301928706, -33.280946288452299 ], [ -70.780840299886904, -33.280955982736089 ], [ -70.780840496777557, -33.280965675609366 ], [ -70.780840892542187, -33.280975364192429 ], [ -70.780841487063327, -33.280985045606855 ], [ -70.780842280164393, -33.280994716976359 ], [ -70.780843271609825, -33.281004375427607 ], [ -70.780844461105133, -33.281014018091142 ], [ -70.780845848296991, -33.281023642102191 ], [ -70.780847432773342, -33.281033244601481 ], [ -70.780849214063522, -33.281042822736183 ], [ -70.780851191638348, -33.281052373660657 ], [ -70.780993779152993, -33.2815955680652 ], [ -70.781240483648318, -33.281549758232288 ], [ -70.781240077614214, -33.281549900790829 ] ] ] ] } },
{ "type": "Feature", "properties": { "fid": 290, "Area": 2954.669 }, "geometry": { "type": "MultiPolygon", "coordinates": [ [ [ [ -70.781005483170091, -33.281638981415234 ], [ -70.781040223310825, -33.281771050111992 ], [ -70.779454305002218, -33.282065337913558 ], [ -70.779450206779657, -33.282066067116737 ], [ -70.779446094117006, -33.282066736514921 ], [ -70.779441968251248, -33.282067345906761 ], [ -70.77943783042339, -33.282067895108973 ], [ -70.779433681878004, -33.282068383956357 ], [ -70.779429523862902, -33.282068812301887 ], [ -70.779425357628739, -33.28206918001672 ], [ -70.779421184428628, -33.282069486990267 ], [ -70.779417005517786, -33.282069733130164 ], [ -70.779412822153176, -33.28206991836241 ], [ -70.779408635593072, -33.282070042631275 ], [ -70.779404447096681, -33.282070105899372 ], [ -70.779400257923854, -33.282070108147693 ], [ -70.779396069334624, -33.282070049375541 ], [ -70.779391882588811, -33.282069929600603 ], [ -70.779387698945726, -33.282069748858916 ], [ -70.779383519663739, -33.282069507204824 ], [ -70.779379345999899, -33.282069204711014 ], [ -70.779375179209552, -33.282068841468465 ], [ -70.779371020545994, -33.282068417586459 ], [ -70.779366871260095, -33.282067933192472 ], [ -70.77936273259985, -33.28206738843221 ], [ -70.779358605810117, -33.282066783469503 ], [ -70.779354492132157, -33.282066118486348 ], [ -70.779350392803266, -33.282065393682743 ], [ -70.779346309056464, -33.282064609276688 ], [ -70.779342242120066, -33.282063765504127 ], [ -70.779338193217313, -33.282062862618844 ], [ -70.779334163566048, -33.282061900892401 ], [ -70.779330154378329, -33.28206088061409 ], [ -70.779326166860031, -33.282059802090771 ], [ -70.779322202210523, -33.282058665646872 ], [ -70.779318261622308, -33.282057471624178 ], [ -70.779314346280628, -33.282056220381854 ], [ -70.779310457363138, -33.282054912296239 ], [ -70.779306596039575, -33.282053547760768 ], [ -70.779302763471321, -33.282052127185885 ], [ -70.779298960811161, -33.282050650998883 ], [ -70.77929518920287, -33.282049119643744 ], [ -70.779291449780857, -33.282047533581093 ], [ -70.779287743669869, -33.282045893287972 ], [ -70.779284071984634, -33.282044199257747 ], [ -70.779280435829534, -33.28204245199997 ], [ -70.779276836298251, -33.282040652040166 ], [ -70.779273274473454, -33.282038799919746 ], [ -70.779269751426455, -33.282036896195777 ], [ -70.779266268216944, -33.28203494144087 ], [ -70.779262825892587, -33.282032936242963 ], [ -70.77925942548876, -33.282030881205223 ], [ -70.778974331382884, -33.281855412184818 ], [ -70.779069602752003, -33.281746369317652 ], [ -70.779354607342015, -33.281921783146714 ], [ -70.779355740809194, -33.281922468158477 ], [ -70.779356888249808, -33.281923136556969 ], [ -70.779358049318759, -33.281923788141128 ], [ -70.779359223666773, -33.281924422715022 ], [ -70.779360410940669, -33.281925040087721 ], [ -70.779361610783326, -33.281925640073574 ], [ -70.77936282283386, -33.281926222492096 ], [ -70.779364046727707, -33.281926787168118 ], [ -70.779365282096748, -33.281927333931797 ], [ -70.779366528569412, -33.281927862618673 ], [ -70.779367785770773, -33.281928373069732 ], [ -70.779369053322682, -33.281928865131441 ], [ -70.779370330843918, -33.281929338655779 ], [ -70.779371617950204, -33.281929793500353 ], [ -70.779372914254424, -33.281930229528321 ], [ -70.779374219366645, -33.281930646608558 ], [ -70.779375532894335, -33.281931044615604 ], [ -70.779376854442418, -33.281931423429754 ], [ -70.779378183613375, -33.281931782937072 ], [ -70.779379520007453, -33.281932123029399 ], [ -70.779380863222656, -33.281932443604468 ], [ -70.779382212854998, -33.28193274456585 ], [ -70.779383568498503, -33.281933025823015 ], [ -70.779384929745461, -33.281933287291373 ], [ -70.779386296186416, -33.281933528892296 ], [ -70.779387667410376, -33.28193375055308 ], [ -70.779389043004898, -33.281933952207083 ], [ -70.779390422556233, -33.281934133793634 ], [ -70.779391805649439, -33.281934295258118 ], [ -70.779393191868508, -33.281934436551971 ], [ -70.779394580796492, -33.281934557632709 ], [ -70.779395972015635, -33.281934658463882 ], [ -70.779397365107485, -33.281934739015206 ], [ -70.779398759653034, -33.281934799262416 ], [ -70.779400155232807, -33.281934839187414 ], [ -70.779401551427057, -33.28193485877815 ], [ -70.779402947815839, -33.281934858028805 ], [ -70.779404343979166, -33.281934836939527 ], [ -70.779405739497051, -33.281934795516719 ], [ -70.779407133949789, -33.281934733772808 ], [ -70.779408526917933, -33.281934651726367 ], [ -70.779409917982534, -33.281934549402074 ], [ -70.77941130672518, -33.281934426830709 ], [ -70.77941269272813, -33.281934284049157 ], [ -70.77941407557455, -33.281934121100342 ], [ -70.779415454848476, -33.281933938033283 ], [ -70.779416830135062, -33.281933734903035 ], [ -70.779418201020647, -33.281933511770717 ], [ -70.779419567092887, -33.281933268703419 ], [ -70.781005483170091, -33.281638981415234 ] ] ] ] } },
{ "type": "Feature", "properties": { "fid": 291, "Area": 1000.099 }, "geometry": { "type": "MultiPolygon", "coordinates": [ [ [ [ -70.781129849653198, -33.282111049328343 ], [ -70.781375735103737, -33.282064357322888 ], [ -70.781423560852161, -33.282246049424479 ], [ -70.781425910663984, -33.282255347791192 ], [ -70.781428073420656, -33.282264678123404 ], [ -70.78143004850682, -33.282274037766683 ], [ -70.781431835360507, -33.282283424058299 ], [ -70.78143343347331, -33.282292834327855 ], [ -70.781434842390524, -33.282302265898188 ], [ -70.781436061711233, -33.28231171608607 ], [ -70.781437091088506, -33.282321182202978 ], [ -70.78143793022943, -33.282330661555804 ], [ -70.781438578895205, -33.282340151447748 ], [ -70.781439036901219, -33.282349649178983 ], [ -70.781439304117114, -33.28235915204742 ], [ -70.781439380466807, -33.282368657349551 ], [ -70.781439265928526, -33.282378162381164 ], [ -70.781438960534757, -33.282387664438104 ], [ -70.781438464372386, -33.282397160817055 ], [ -70.781437777582454, -33.282406648816369 ], [ -70.781436900360291, -33.282416125736738 ], [ -70.781435832955424, -33.282425588881992 ], [ -70.781434575671454, -33.282435035559921 ], [ -70.781433128866013, -33.282444463082967 ], [ -70.781431492950659, -33.282453868769039 ], [ -70.781429668390729, -33.282463249942253 ], [ -70.781427655705244, -33.282472603933691 ], [ -70.781425455466746, -33.28248192808217 ], [ -70.781423068301152, -33.282491219735007 ], [ -70.781178153378718, -33.282440214355752 ], [ -70.781179570968362, -33.282434340298096 ], [ -70.781180869159897, -33.282428446801404 ], [ -70.781182047576237, -33.282422535577652 ], [ -70.781183105875101, -33.282416608343929 ], [ -70.781184043749093, -33.282410666822003 ], [ -70.781184860925805, -33.282404712737772 ], [ -70.781185557167888, -33.282398747820785 ], [ -70.78118613227312, -33.282392773803757 ], [ -70.781186586074455, -33.282386792421981 ], [ -70.781186918440113, -33.282380805413005 ], [ -70.78118712927359, -33.282374814515912 ], [ -70.781187218513637, -33.282368821470932 ], [ -70.781187186134346, -33.282362828018968 ], [ -70.781187032145183, -33.282356835900963 ], [ -70.781186756590898, -33.282350846857561 ], [ -70.781186359551555, -33.282344862628428 ], [ -70.781185841142488, -33.282338884951898 ], [ -70.781185201514319, -33.282332915564353 ], [ -70.781184440852911, -33.282326956199796 ], [ -70.781183559379201, -33.2823210085893 ], [ -70.781182557349268, -33.282315074460541 ], [ -70.781181435054251, -33.282309155537277 ], [ -70.781180192820116, -33.282303253538828 ], [ -70.781178831007779, -33.282297370179627 ], [ -70.781177350012825, -33.28229150716863 ], [ -70.781129849653198, -33.282111049328343 ] ] ] ] } },
{ "type": "Feature", "properties": { "fid": 292, "Area": 2312.365 }, "geometry": { "type": "MultiPolygon", "coordinates": [ [ [ [ -70.780502942419403, -33.283116912327017 ], [ -70.780509663234227, -33.2831156155275 ], [ -70.780516357708464, -33.283114225934867 ], [ -70.780523024026124, -33.283112743926047 ], [ -70.780529660378789, -33.283111169903052 ], [ -70.780536264966258, -33.283109504292895 ], [ -70.780542835996883, -33.283107747547383 ], [ -70.780549371688153, -33.283105900143092 ], [ -70.780555870267136, -33.283103962581151 ], [ -70.780562329970934, -33.28310193538718 ], [ -70.780568749047262, -33.283099819111079 ], [ -70.780575125754808, -33.283097614326927 ], [ -70.78058145836377, -33.28309532163285 ], [ -70.780587745156296, -33.283092941650757 ], [ -70.780593984426972, -33.283090475026277 ], [ -70.780600174483283, -33.283087922428521 ], [ -70.780716321160256, -33.28328254628596 ], [ -70.780495843362189, -33.283336364494801 ], [ -70.780488780279313, -33.283337276316182 ], [ -70.780481707088441, -33.283338131078899 ], [ -70.77965751592069, -33.283491167115692 ], [ -70.779603057790425, -33.283284265158223 ], [ -70.779602992115343, -33.283284015551004 ], [ -70.780502942419403, -33.283116912327017 ] ] ] ] } },
{ "type": "Feature", "properties": { "fid": 293, "Area": 912.444 }, "geometry": { "type": "MultiPolygon", "coordinates": [ [ [ [ -70.780993554652213, -33.282703857531416 ], [ -70.781196741493858, -33.28282946057535 ], [ -70.781318408604108, -33.282690651305252 ], [ -70.781324817601856, -33.282682781058369 ], [ -70.781331068650175, -33.282674821697128 ], [ -70.781337159993029, -33.282666775457521 ], [ -70.781343089919289, -33.282658644599934 ], [ -70.781348856763131, -33.28265043140852 ], [ -70.781354458904516, -33.282642138190553 ], [ -70.781359894769778, -33.282633767275811 ], [ -70.781365162831875, -33.282625321015878 ], [ -70.781370261610917, -33.282616801783512 ], [ -70.781375189674577, -33.282608211971976 ], [ -70.781379945638548, -33.282599553994366 ], [ -70.781384528166768, -33.282590830282871 ], [ -70.781388935971975, -33.28258204328823 ], [ -70.781393167815963, -33.282573195478903 ], [ -70.781397222509938, -33.282564289340428 ], [ -70.781401098914941, -33.28255532737478 ], [ -70.781404795942024, -33.282546312099555 ], [ -70.781408312552657, -33.282537246047376 ], [ -70.781411647759029, -33.282528131765091 ], [ -70.781414800624233, -33.282518971813111 ], [ -70.781417770262621, -33.282509768764704 ], [ -70.781420555840029, -33.282500525205187 ], [ -70.781423156573965, -33.282491243731286 ], [ -70.781178153378718, -33.282440214355752 ], [ -70.781176609899163, -33.282446078663675 ], [ -70.781174948361539, -33.282451920168555 ], [ -70.781173169242649, -33.28245773719388 ], [ -70.781171273053118, -33.282463528070139 ], [ -70.781169260337137, -33.282469291135349 ], [ -70.781167131672305, -33.282475024735497 ], [ -70.781164887669547, -33.282480727225007 ], [ -70.781162528972871, -33.282486396967279 ], [ -70.781160056259225, -33.282492032335057 ], [ -70.781157470238242, -33.282497631710974 ], [ -70.781154771652083, -33.282503193488019 ], [ -70.781151961275256, -33.282508716069934 ], [ -70.781149039914311, -33.28251419787172 ], [ -70.781146008407674, -33.282519637320085 ], [ -70.781142867625363, -33.282525032853897 ], [ -70.781139618468785, -33.282530382924612 ], [ -70.781136261870429, -33.282535685996748 ], [ -70.781132798793621, -33.282540940548316 ], [ -70.781129230232267, -33.28254614507123 ], [ -70.781125557210544, -33.282551298071787 ], [ -70.781121780782598, -33.282556398071065 ], [ -70.781117902032236, -33.282561443605317 ], [ -70.781113922072677, -33.282566433226485 ], [ -70.781109842046163, -33.282571365502534 ], [ -70.78110566312364, -33.282576239017864 ], [ -70.78099373620654, -33.282703969762309 ], [ -70.780993554652213, -33.282703857531416 ] ] ] ] } },
{ "type": "Feature", "properties": { "fid": 294, "Area": 1462.117 }, "geometry": { "type": "MultiPolygon", "coordinates": [ [ [ [ -70.780993716666472, -33.282703957683275 ], [ -70.781196741493858, -33.28282946057535 ], [ -70.780945812290852, -33.283115742468546 ], [ -70.780938824159918, -33.283123298871814 ], [ -70.780931684293392, -33.28313075453849 ], [ -70.780924394749363, -33.283138107319395 ], [ -70.780916957629088, -33.283145355095002 ], [ -70.780909375076305, -33.283152495776115 ], [ -70.780901649276757, -33.283159527304313 ], [ -70.780893782457412, -33.283166447652754 ], [ -70.780885776885924, -33.283173254826565 ], [ -70.780877634869938, -33.283179946863513 ], [ -70.780869358756448, -33.283186521834523 ], [ -70.780860950931057, -33.283192977844365 ], [ -70.780852413817385, -33.283199313031986 ], [ -70.780843749876311, -33.283205525571226 ], [ -70.780834961605251, -33.283211613671241 ], [ -70.780826051537517, -33.283217575577119 ], [ -70.780817022241436, -33.283223409570233 ], [ -70.780807876319827, -33.283229113968908 ], [ -70.780798616409029, -33.283234687128804 ], [ -70.780789245178283, -33.283240127443385 ], [ -70.780779765328916, -33.283245433344419 ], [ -70.780770179593588, -33.283250603302434 ], [ -70.780760490735432, -33.28325563582716 ], [ -70.780750701547348, -33.283260529467888 ], [ -70.780740814851157, -33.283265282813986 ], [ -70.780730833496776, -33.283269894495277 ], [ -70.780725214210818, -33.283272400423414 ], [ -70.780719286090374, -33.283274990101965 ], [ -70.780713330499168, -33.283277534928573 ], [ -70.780600325399845, -33.28308817531601 ], [ -70.780606824748318, -33.283085375727957 ], [ -70.780613264959968, -33.283082481336926 ], [ -70.780619644074747, -33.28307949302382 ], [ -70.780625960151184, -33.28307641169814 ], [ -70.78063221126699, -33.283073238297654 ], [ -70.780638395519645, -33.283069973788223 ], [ -70.78064451102702, -33.283066619163357 ], [ -70.780650555927863, -33.283063175444049 ], [ -70.780656528382423, -33.283059643678399 ], [ -70.780662426573002, -33.283056024941281 ], [ -70.780668248704515, -33.283052320334058 ], [ -70.78067399300501, -33.283048530984217 ], [ -70.780679657726225, -33.283044658045036 ], [ -70.780685241144127, -33.283040702695253 ], [ -70.78069074155944, -33.283036666138656 ], [ -70.780696157298095, -33.283032549603782 ], [ -70.780701486711891, -33.283028354343472 ], [ -70.780706728178799, -33.283024081634558 ], [ -70.780711880103624, -33.283019732777419 ], [ -70.780716940918396, -33.283015309095624 ], [ -70.780721909082871, -33.283010811935526 ], [ -70.780726783085044, -33.283006242665806 ], [ -70.780731561441499, -33.283001602677132 ], [ -70.780736242698012, -33.28299689338165 ], [ -70.780740825429845, -33.28299211621264 ], [ -70.78074530824226, -33.28298727262402 ], [ -70.780749689770957, -33.282982364089925 ], [ -70.780993716666472, -33.282703957683275 ] ] ] ] } },
{ "type": "Feature", "properties": { "fid": 295, "Area": 3157.884 }, "geometry": { "type": "MultiPolygon", "coordinates": [ [ [ [ -70.779923277103961, -33.283961902229812 ], [ -70.779930393406872, -33.283957134516641 ], [ -70.779937412424374, -33.283952266132637 ], [ -70.77994433213793, -33.283947298477919 ], [ -70.77995115055748, -33.283942232981111 ], [ -70.779957865722153, -33.283937071099025 ], [ -70.779964475700766, -33.283931814316134 ], [ -70.779970978592388, -33.283926464144272 ], [ -70.779977372526844, -33.283921022122058 ], [ -70.779983655665347, -33.283915489814568 ], [ -70.779989826200975, -33.283909868812835 ], [ -70.77999588235916, -33.2839041607334 ], [ -70.780001822398219, -33.28389836721783 ], [ -70.78000764460991, -33.283892489932313 ], [ -70.780013347319837, -33.283886530567059 ], [ -70.780018928888026, -33.283880490835919 ], [ -70.780024387709261, -33.283874372475857 ], [ -70.780498448392251, -33.283333535171046 ], [ -70.78051116402618, -33.283331687745708 ], [ -70.780523839569568, -33.283329655241587 ], [ -70.780536471204016, -33.28332743827098 ], [ -70.780549055124311, -33.28332503750174 ], [ -70.780561587539651, -33.283322453657043 ], [ -70.780574064674681, -33.283319687515309 ], [ -70.780586482770815, -33.283316739909814 ], [ -70.780598838087116, -33.283313611728495 ], [ -70.78061112690169, -33.283310303913687 ], [ -70.780623345512581, -33.283306817461877 ], [ -70.780635490239035, -33.283303153423347 ], [ -70.780647557422526, -33.283299312901832 ], [ -70.78065954342793, -33.283295297054288 ], [ -70.780671444644526, -33.28329110709047 ], [ -70.780683257487183, -33.283286744272552 ], [ -70.780694978397378, -33.28328220991483 ], [ -70.780706603844266, -33.283277505383246 ], [ -70.780718130325781, -33.28327263209502 ], [ -70.780729554369643, -33.283267591518182 ], [ -70.78013677293319, -33.283943875009435 ], [ -70.780129894775271, -33.283951584201979 ], [ -70.7801228619536, -33.283959194320765 ], [ -70.780115676490723, -33.283966703177164 ], [ -70.780108340453097, -33.28397410861173 ], [ -70.780100855950465, -33.28398140849464 ], [ -70.780093225135317, -33.283988600726524 ], [ -70.780085450202165, -33.283995683238949 ], [ -70.780077533387015, -33.28400265399501 ], [ -70.780069476966617, -33.284009510989975 ], [ -70.780061283257965, -33.284016252251796 ], [ -70.78005295461746, -33.28402287584175 ], [ -70.780044493440343, -33.284029379854914 ], [ -70.780035902159966, -33.284035762420757 ], [ -70.780027183247114, -33.284042021703719 ], [ -70.780018339209249, -33.284048155903655 ], [ -70.780009372589859, -33.284054163256393 ], [ -70.778859810456851, -33.284811015458608 ], [ -70.778858568294993, -33.284811848032291 ], [ -70.778857343584377, -33.284812698647954 ], [ -70.778856136696433, -33.284813567047649 ], [ -70.778854947997175, -33.284814452967993 ], [ -70.778853777847175, -33.284815356140271 ], [ -70.778852626601292, -33.28481627629062 ], [ -70.778851494608702, -33.284817213139902 ], [ -70.778850382212724, -33.284818166404015 ], [ -70.778849289750738, -33.284819135793818 ], [ -70.778848217554057, -33.284820121015329 ], [ -70.778847165947923, -33.284821121769738 ], [ -70.778846135251214, -33.284822137753515 ], [ -70.77884512577657, -33.284823168658519 ], [ -70.778844137830163, -33.284824214172104 ], [ -70.778843171711586, -33.284825273977162 ], [ -70.778842227713895, -33.284826347752279 ], [ -70.778841306123383, -33.284827435171771 ], [ -70.778840407219548, -33.284828535905838 ], [ -70.77883953127504, -33.284829649620647 ], [ -70.778838678555516, -33.284830775978421 ], [ -70.778837849319586, -33.284831914637536 ], [ -70.778837043818768, -33.284833065252656 ], [ -70.778836262297375, -33.284834227474789 ], [ -70.778835504992387, -33.284835400951479 ], [ -70.77883477213355, -33.284836585326794 ], [ -70.77883406394308, -33.284837780241553 ], [ -70.778833380635817, -33.284838985333323 ], [ -70.778832722418954, -33.284840200236594 ], [ -70.778832089492141, -33.28484142458295 ], [ -70.778831482047352, -33.284842658001033 ], [ -70.778830900268801, -33.284843900116755 ], [ -70.77883034433296, -33.284845150553387 ], [ -70.778829814408425, -33.284846408931706 ], [ -70.778829310655922, -33.284847674870043 ], [ -70.778828833228232, -33.284848947984464 ], [ -70.778828382270149, -33.284850227888811 ], [ -70.778827957918452, -33.284851514194955 ], [ -70.778827560301863, -33.284852806512717 ], [ -70.778827189540948, -33.284854104450183 ], [ -70.778826845748171, -33.284855407613684 ], [ -70.778826529027796, -33.284856715608001 ], [ -70.77882623947589, -33.284858028036425 ], [ -70.778825977180261, -33.284859344500902 ], [ -70.778825742220477, -33.284860664602164 ], [ -70.778825534667774, -33.284861987939834 ], [ -70.778825354585138, -33.284863314112556 ], [ -70.778825202027178, -33.284864642718112 ], [ -70.778825077040139, -33.284865973353568 ], [ -70.778824979661948, -33.284867305615329 ], [ -70.778824909922164, -33.284868639099351 ], [ -70.778824867841891, -33.284869973401186 ], [ -70.778824853433932, -33.284871308116159 ], [ -70.778824866702635, -33.28487264283946 ], [ -70.77882490764398, -33.284873977166292 ], [ -70.778824976245559, -33.284875310691959 ], [ -70.778825072486569, -33.284876643012019 ], [ -70.77882519633782, -33.284877973722367 ], [ -70.778825347761739, -33.284879302419448 ], [ -70.778825526712424, -33.284880628700272 ], [ -70.778825733135591, -33.28488195216255 ], [ -70.778825966968611, -33.284883272404926 ], [ -70.778826228140602, -33.284884589026987 ], [ -70.778826516572352, -33.284885901629401 ], [ -70.77882683217635, -33.284887209814073 ], [ -70.7788271748569, -33.284888513184214 ], [ -70.778827544510094, -33.28488981134457 ], [ -70.778827941023778, -33.284891103901401 ], [ -70.7788283642777, -33.284892390462673 ], [ -70.778828814143523, -33.284893670638191 ], [ -70.778829290484794, -33.284894944039706 ], [ -70.77882979315703, -33.284896210280984 ], [ -70.778830322007792, -33.284897468977995 ], [ -70.778830876876683, -33.284898719748995 ], [ -70.778831457595402, -33.284899962214617 ], [ -70.778832063987835, -33.284901195998053 ], [ -70.778832695870079, -33.284902420725096 ], [ -70.778833353050473, -33.284903636024296 ], [ -70.778829255764222, -33.284896753205274 ], [ -70.778825017955683, -33.284889930671362 ], [ -70.778820640881889, -33.284883170446214 ], [ -70.778816125841132, -33.284876474534933 ], [ -70.778811474172656, -33.284869844923612 ], [ -70.778806687256193, -33.284863283578602 ], [ -70.778801766511606, -33.284856792446071 ], [ -70.778796713398464, -33.284850373451327 ], [ -70.778791529415585, -33.28484402849832 ], [ -70.778786216100585, -33.284837759468971 ], [ -70.778780775029475, -33.284831568222735 ], [ -70.778775207816139, -33.284825456595996 ], [ -70.778769516111879, -33.284819426401477 ], [ -70.778763701604916, -33.28481347942779 ], [ -70.778757766019879, -33.284807617438858 ], [ -70.778751711117366, -33.284801842173358 ], [ -70.778745538693286, -33.28479615534431 ], [ -70.778739250578468, -33.284790558638448 ], [ -70.778732848638015, -33.284785053715794 ], [ -70.778726334770809, -33.284779642209152 ], [ -70.778719710908931, -33.284774325723617 ], [ -70.778712979017072, -33.284769105836077 ], [ -70.778706141091988, -33.284763984094781 ], [ -70.778699199161849, -33.284758962018891 ], [ -70.778692155285697, -33.284754041097962 ], [ -70.778685011552824, -33.284749222791596 ], [ -70.778677770082112, -33.284744508528931 ], [ -70.778670433021404, -33.284739899708249 ], [ -70.778663002546992, -33.284735397696544 ], [ -70.77866440744927, -33.284735984179044 ], [ -70.778665824148561, -33.284736550289381 ], [ -70.778667252226143, -33.284737095860194 ], [ -70.778668691259924, -33.284737620730255 ], [ -70.778670140824531, -33.284738124744386 ], [ -70.778671600491535, -33.284738607753674 ], [ -70.77867306982948, -33.284739069615306 ], [ -70.778674548404084, -33.284739510192786 ], [ -70.778676035778304, -33.284739929355879 ], [ -70.778677531512528, -33.28474032698071 ], [ -70.778679035164643, -33.28474070294974 ], [ -70.778680546290204, -33.284741057151834 ], [ -70.778682064442577, -33.284741389482313 ], [ -70.778683589173028, -33.284741699842947 ], [ -70.778685120030886, -33.284741988141988 ], [ -70.778686656563664, -33.284742254294244 ], [ -70.778688198317198, -33.284742498221021 ], [ -70.778689744835816, -33.284742719850257 ], [ -70.778691295662384, -33.284742919116404 ], [ -70.778692850338501, -33.2847430959606 ], [ -70.778694408404675, -33.284743250330543 ], [ -70.77869596940036, -33.284743382180615 ], [ -70.778697532864186, -33.284743491471872 ], [ -70.778699098334016, -33.28474357817197 ], [ -70.778700665347159, -33.2847436422553 ], [ -70.778702233440413, -33.284743683702921 ], [ -70.778703802150332, -33.284743702502581 ], [ -70.778705371013203, -33.284743698648725 ], [ -70.778706939565339, -33.284743672142511 ], [ -70.778708507343111, -33.284743622991726 ], [ -70.778710073883119, -33.284743551210944 ], [ -70.778711638722342, -33.284743456821353 ], [ -70.778713201398247, -33.28474333985087 ], [ -70.778714761448953, -33.284743200334056 ], [ -70.778716318413345, -33.284743038312143 ], [ -70.778717871831205, -33.284742853833052 ], [ -70.778719421243437, -33.284742646951287 ], [ -70.778720966192026, -33.28474241772799 ], [ -70.778722506220333, -33.284742166230934 ], [ -70.778724040873186, -33.284741892534434 ], [ -70.778725569696959, -33.2847415967194 ], [ -70.778727092239777, -33.284741278873263 ], [ -70.778728608051637, -33.284740939089978 ], [ -70.778730116684471, -33.284740577469975 ], [ -70.778731617692387, -33.284740194120118 ], [ -70.778733110631734, -33.284739789153733 ], [ -70.778734595061209, -33.28473936269053 ], [ -70.778736070542067, -33.28473891485654 ], [ -70.778737536638204, -33.284738445784143 ], [ -70.778738992916274, -33.284737955611966 ], [ -70.778740438945817, -33.284737444484925 ], [ -70.77874187429947, -33.284736912554067 ], [ -70.778743298552953, -33.284736359976634 ], [ -70.778744711285285, -33.284735786915938 ], [ -70.778746112078906, -33.284735193541358 ], [ -70.778747500519799, -33.284734580028314 ], [ -70.778748876197554, -33.284733946558113 ], [ -70.778750238705541, -33.284733293317998 ], [ -70.778751587641082, -33.284732620501046 ], [ -70.778752922605449, -33.284731928306151 ], [ -70.778754243204048, -33.284731216937871 ], [ -70.778755549046551, -33.284730486606477 ], [ -70.778756839747004, -33.284729737527869 ], [ -70.778758114923875, -33.284728969923407 ], [ -70.778759374200277, -33.284728184020011 ], [ -70.778760617204014, -33.284727380049965 ], [ -70.779923277103961, -33.283961902229812 ] ] ] ] } },
{ "type": "Feature", "properties": { "fid": 296, "Area": 4404.911 }, "geometry": { "type": "MultiPolygon", "coordinates": [ [ [ [ -70.779657532223027, -33.283491229052771 ], [ -70.779603074087191, -33.283284327096332 ], [ -70.778191503318226, -33.283546087195766 ], [ -70.777798623828403, -33.28422726965205 ], [ -70.778032661862866, -33.284196078693327 ], [ -70.778224031126101, -33.283862687908531 ], [ -70.778226499822566, -33.283858473318695 ], [ -70.778229055681564, -33.283854295541595 ], [ -70.778231697925264, -33.283850155848739 ], [ -70.778234425749417, -33.283846055500028 ], [ -70.778237238323854, -33.283841995743408 ], [ -70.778240134792526, -33.283837977814478 ], [ -70.778243114273891, -33.283834002936075 ], [ -70.778246175861142, -33.283830072317969 ], [ -70.778249318622471, -33.283826187156414 ], [ -70.778252541601361, -33.283822348633876 ], [ -70.778255843816908, -33.2838185579186 ], [ -70.778259224264033, -33.283814816164309 ], [ -70.778262681913944, -33.283811124509761 ], [ -70.778266215714268, -33.283807484078558 ], [ -70.778269824589486, -33.283803895978608 ], [ -70.778273507441227, -33.283800361301992 ], [ -70.778277263148624, -33.283796881124466 ], [ -70.778281090568626, -33.283793456505208 ], [ -70.778284988536342, -33.283790088486526 ], [ -70.778288955865406, -33.283786778093443 ], [ -70.77829299134838, -33.283783526333494 ], [ -70.778297093757047, -33.283780334196344 ], [ -70.778301261842842, -33.283777202653518 ], [ -70.778305494337204, -33.283774132658081 ], [ -70.778309789951976, -33.283771125144405 ], [ -70.778314147379788, -33.28376818102781 ], [ -70.778318565294455, -33.283765301204333 ], [ -70.77832304235136, -33.283762486550451 ], [ -70.778327577187952, -33.283759737922786 ], [ -70.778332168424015, -33.28375705615791 ], [ -70.778336814662239, -33.283754442071967 ], [ -70.778341514488517, -33.283751896460608 ], [ -70.778346266472482, -33.283749420098538 ], [ -70.77835106916784, -33.283747013739458 ], [ -70.778355921112919, -33.283744678115738 ], [ -70.778360820831026, -33.283742413938192 ], [ -70.778365766830944, -33.283740221895968 ], [ -70.778370757607334, -33.283738102656166 ], [ -70.778375791641281, -33.283736056863809 ], [ -70.778380867400685, -33.283734085141496 ], [ -70.778385983340726, -33.283732188089353 ], [ -70.778391137904379, -33.283730366284722 ], [ -70.778396329522877, -33.283728620282055 ], [ -70.778401556616132, -33.283726950612767 ], [ -70.778406817593293, -33.283725357785016 ], [ -70.778412110853182, -33.283723842283557 ], [ -70.778417434784828, -33.283722404569659 ], [ -70.778422787767866, -33.283721045080874 ], [ -70.77842816817315, -33.283719764230945 ], [ -70.778433574363163, -33.28371856240971 ], [ -70.77843900469253, -33.283717439982937 ], [ -70.778444457508527, -33.283716397292245 ], [ -70.779657532223027, -33.283491229052771 ] ] ] ] } },
{ "type": "Feature", "properties": { "fid": 297, "Area": 4154.63 }, "geometry": { "type": "MultiPolygon", "coordinates": [ [ [ [ -70.778410073664716, -33.284596514587626 ], [ -70.778425957240003, -33.284603047516562 ], [ -70.778441705723267, -33.284609807221152 ], [ -70.778457314525127, -33.28461679173143 ], [ -70.778472779096887, -33.28462399901202 ], [ -70.778488094931816, -33.284631426962598 ], [ -70.778503257566612, -33.284639073418504 ], [ -70.778518262582551, -33.284646936151432 ], [ -70.778533105606883, -33.284655012870026 ], [ -70.778547782314035, -33.284663301220597 ], [ -70.778562288426897, -33.284671798787741 ], [ -70.778576619718095, -33.284680503095117 ], [ -70.778590772011157, -33.284689411606159 ], [ -70.778604741181837, -33.284698521724742 ], [ -70.778618523159167, -33.284707830795988 ], [ -70.778632113926776, -33.284717336107065 ], [ -70.778645509524011, -33.284727034887965 ], [ -70.778646701018886, -33.284727897417881 ], [ -70.778647910038117, -33.284728742570373 ], [ -70.778649136222526, -33.284729570094328 ], [ -70.778650379207747, -33.284730379743856 ], [ -70.778651638624453, -33.284731171278409 ], [ -70.778652914098444, -33.284731944462777 ], [ -70.778654205250731, -33.284732699067249 ], [ -70.778655511697693, -33.284733434867583 ], [ -70.77865683305113, -33.284734151645168 ], [ -70.778658168918426, -33.284734849187025 ], [ -70.778659518902685, -33.284735527285882 ], [ -70.778660882602779, -33.2847361857403 ], [ -70.778662259613483, -33.284736824354582 ], [ -70.778663649525697, -33.28473744293899 ], [ -70.77866505192641, -33.284738041309737 ], [ -70.778672212420773, -33.284742350022725 ], [ -70.778679285336793, -33.28474675959631 ], [ -70.778686268660678, -33.284751268775075 ], [ -70.778693160404217, -33.284755876275163 ], [ -70.778699958605188, -33.284760580784798 ], [ -70.778706661328044, -33.28476538096448 ], [ -70.778713266664425, -33.284770275447585 ], [ -70.77871977273368, -33.284775262840583 ], [ -70.778726177683453, -33.284780341723469 ], [ -70.77873247969012, -33.284785510650238 ], [ -70.778738676959435, -33.284790768149222 ], [ -70.778744767726891, -33.284796112723541 ], [ -70.778750750258382, -33.284801542851525 ], [ -70.778756622850551, -33.284807056987141 ], [ -70.778762383831392, -33.284812653560408 ], [ -70.778768031560645, -33.284818330977949 ], [ -70.778773564430296, -33.284824087623306 ], [ -70.77877898086507, -33.284829921857487 ], [ -70.778784279322778, -33.284835832019397 ], [ -70.778789458294852, -33.284841816426329 ], [ -70.778794516306775, -33.284847873374467 ], [ -70.778799451918388, -33.284854001139273 ], [ -70.778804263724481, -33.284860197976101 ], [ -70.778808950355, -33.284866462120625 ], [ -70.778813510475587, -33.284872791789361 ], [ -70.778817942787882, -33.284879185180145 ], [ -70.778822246029904, -33.284885640472709 ], [ -70.778826418976436, -33.28489215582912 ], [ -70.77883046043938, -33.284898729394364 ], [ -70.778834369267997, -33.284905359296886 ], [ -70.778834920451459, -33.284906360276246 ], [ -70.778835488726529, -33.284907354490905 ], [ -70.778836073975512, -33.284908341735012 ], [ -70.779080690464014, -33.285313462211079 ], [ -70.779084881260175, -33.285320261015656 ], [ -70.779089208909141, -33.285326999071835 ], [ -70.779093672163057, -33.285333674436608 ], [ -70.779098269734874, -33.285340285185043 ], [ -70.779103000298875, -33.285346829410855 ], [ -70.77910786249096, -33.285353305226913 ], [ -70.779112854909059, -33.285359710765846 ], [ -70.779117976113625, -33.285366044180549 ], [ -70.779123224627881, -33.285372303644685 ], [ -70.779128598938385, -33.285378487353256 ], [ -70.779134097495401, -33.285384593523091 ], [ -70.779139718713381, -33.285390620393436 ], [ -70.779145460971392, -33.285396566226332 ], [ -70.779151322613615, -33.285402429307226 ], [ -70.77915730194978, -33.285408207945444 ], [ -70.779163397255672, -33.285413900474587 ], [ -70.779169606773664, -33.285419505253209 ], [ -70.779175928713187, -33.285425020665031 ], [ -70.779182361251216, -33.285430445119637 ], [ -70.779188902532894, -33.285435777052818 ], [ -70.779195550671943, -33.285441014927038 ], [ -70.779202303751319, -33.285446157231867 ], [ -70.779209159823694, -33.285451202484467 ], [ -70.779216116912025, -33.285456149229972 ], [ -70.779223173010166, -33.28546099604192 ], [ -70.779230326083407, -33.285465741522643 ], [ -70.779341091416583, -33.285537950958641 ], [ -70.779153696089836, -33.285656029908907 ], [ -70.779153231244734, -33.285655009065785 ], [ -70.779152745423318, -33.28565399513586 ], [ -70.779152238771246, -33.285652988423131 ], [ -70.779151711440434, -33.285651989229429 ], [ -70.77915116358902, -33.28565099785439 ], [ -70.779150595381267, -33.285650014595255 ], [ -70.779150006987535, -33.285649039746851 ], [ -70.779149398584252, -33.28564807360145 ], [ -70.779148770353856, -33.285647116448779 ], [ -70.779148122484685, -33.285646168575802 ], [ -70.779147455171042, -33.285645230266752 ], [ -70.779146768612975, -33.285644301802954 ], [ -70.779146063016356, -33.285643383462798 ], [ -70.77914533859277, -33.285642475521648 ], [ -70.779144595559416, -33.285641578251749 ], [ -70.779143834139063, -33.285640691922126 ], [ -70.779143054560038, -33.285639816798536 ], [ -70.779142257056094, -33.28563895314339 ], [ -70.779141441866358, -33.285638101215632 ], [ -70.779140609235242, -33.285637261270715 ], [ -70.779139759412416, -33.28563643356047 ], [ -70.779138892652682, -33.285635618333103 ], [ -70.779138009215941, -33.285634815833035 ], [ -70.77913710936707, -33.285634026300905 ], [ -70.779136193375891, -33.285633249973408 ], [ -70.779135261517041, -33.285632487083355 ], [ -70.77913431406995, -33.285631737859497 ], [ -70.779133351318677, -33.285631002526451 ], [ -70.779132373551931, -33.285630281304712 ], [ -70.77913138106284, -33.285629574410535 ], [ -70.77913037414902, -33.285628882055882 ], [ -70.779129353112381, -33.285628204448329 ], [ -70.779098668748972, -33.285608200853197 ], [ -70.779088559420572, -33.285601493014035 ], [ -70.779078588492425, -33.28559464060654 ], [ -70.779068758894994, -33.285587645644611 ], [ -70.779059073517161, -33.285580510184118 ], [ -70.779049535205431, -33.285573236322158 ], [ -70.779040146763109, -33.28556582619651 ], [ -70.779030910949388, -33.285558281985026 ], [ -70.779021830478698, -33.285550605904973 ], [ -70.779012908019723, -33.285542800212319 ], [ -70.779004146194751, -33.285534867201193 ], [ -70.77899554757883, -33.285526809203091 ], [ -70.778987114699078, -33.285518628586296 ], [ -70.778978850033866, -33.285510327755034 ], [ -70.778970756012114, -33.285501909148969 ], [ -70.778963556560825, -33.28549415124639 ], [ -70.778956518120367, -33.285486289811807 ], [ -70.77894964280091, -33.285478327202192 ], [ -70.778942932663725, -33.285470265804811 ], [ -70.778936389720556, -33.285462108036562 ], [ -70.778930015932985, -33.285453856343246 ], [ -70.778923813211904, -33.285445513198802 ], [ -70.778917783416929, -33.285437081104632 ], [ -70.778911928355797, -33.285428562588727 ], [ -70.778906249783887, -33.285419960205076 ], [ -70.778900749403618, -33.285411276532741 ], [ -70.778895428864047, -33.285402514175189 ], [ -70.778890289760241, -33.285393675759487 ], [ -70.778885333632942, -33.285384763935461 ], [ -70.778880561967966, -33.285375781374988 ], [ -70.778875976195877, -33.285366730771131 ], [ -70.778871577691461, -33.285357614837373 ], [ -70.778867367773401, -33.285348436306741 ], [ -70.778863347703805, -33.285339197931059 ], [ -70.778859518687867, -33.285329902480107 ], [ -70.778855881873511, -33.285320552740735 ], [ -70.778852438351024, -33.285311151516112 ], [ -70.778849189152751, -33.28530170162481 ], [ -70.778846135252792, -33.285292205899985 ], [ -70.778843277566637, -33.285282667188582 ], [ -70.778840616951001, -33.285273088350358 ], [ -70.778838154203498, -33.285263472257164 ], [ -70.778814803777749, -33.285168296987479 ], [ -70.778812623034128, -33.285159774637151 ], [ -70.778810270515038, -33.285151284575313 ], [ -70.778807746897172, -33.285142829244101 ], [ -70.77880505290652, -33.285134411075703 ], [ -70.778802189318057, -33.285126032491554 ], [ -70.778799156955529, -33.285117695901768 ], [ -70.778795956691212, -33.285109403704318 ], [ -70.778792589445715, -33.285101158284434 ], [ -70.778789056187691, -33.285092962013891 ], [ -70.778785357933472, -33.285084817250336 ], [ -70.778781495746927, -33.285076726336577 ], [ -70.77877747073903, -33.285068691599946 ], [ -70.778773284067626, -33.285060715351605 ], [ -70.778768936937027, -33.285052799885911 ], [ -70.778764430597704, -33.285044947479697 ], [ -70.778759766345956, -33.285037160391717 ], [ -70.778752649927199, -33.285025766726811 ], [ -70.778745302738756, -33.285014476859843 ], [ -70.778737726926209, -33.285003294087694 ], [ -70.778729924701906, -33.2849922216759 ], [ -70.778721898344344, -33.284981262857812 ], [ -70.778713650197389, -33.284970420833581 ], [ -70.778705182669768, -33.284959698769278 ], [ -70.778696498234183, -33.284949099795895 ], [ -70.778687599426718, -33.284938627008543 ], [ -70.778678488846055, -33.28492828346544 ], [ -70.778669169152693, -33.284918072187075 ], [ -70.778659643068224, -33.284907996155312 ], [ -70.778649913374466, -33.284898058312493 ], [ -70.778639982912722, -33.284888261560667 ], [ -70.778629854582931, -33.284878608760629 ], [ -70.778619531342756, -33.284869102731143 ], [ -70.778609016206815, -33.284859746248152 ], [ -70.778598312245776, -33.284850542043856 ], [ -70.778587422585403, -33.284841492806059 ], [ -70.7785763504057, -33.284832601177293 ], [ -70.77856509893995, -33.284823869754021 ], [ -70.778553671473844, -33.284815301085992 ], [ -70.778542071344418, -33.284806897675352 ], [ -70.778530301939114, -33.284798661976062 ], [ -70.778518366694826, -33.284790596393059 ], [ -70.77850626909688, -33.284782703281614 ], [ -70.778494012677996, -33.28477498494663 ], [ -70.778481601017262, -33.284767443642018 ], [ -70.778469037739114, -33.2847600815699 ], [ -70.778456326512242, -33.28475290088015 ], [ -70.778443471048561, -33.284745903669652 ], [ -70.778430475102056, -33.284739091981663 ], [ -70.778417342467804, -33.284732467805306 ], [ -70.778404076980721, -33.284726033074939 ], [ -70.778390682514569, -33.284719789669623 ], [ -70.778377162980732, -33.28471373941251 ], [ -70.778363522327169, -33.28470788407035 ], [ -70.778349764537111, -33.284702225353023 ], [ -70.77823626812247, -33.284656548695288 ], [ -70.778228401945384, -33.284653451787783 ], [ -70.778220474096273, -33.284650467877313 ], [ -70.778212486875987, -33.284647597829867 ], [ -70.778204442602572, -33.284644842478428 ], [ -70.778196343610659, -33.284642202622628 ], [ -70.778188192250738, -33.284639679028629 ], [ -70.778179990888518, -33.28463727242881 ], [ -70.778171741904202, -33.28463498352162 ], [ -70.778163447691824, -33.284632812971381 ], [ -70.778155110658545, -33.28463076140801 ], [ -70.778146733223934, -33.284628829426893 ], [ -70.778138317819298, -33.284627017588761 ], [ -70.778129866886971, -33.284625326419444 ], [ -70.77812138287959, -33.284623756409751 ], [ -70.778112868259385, -33.284622308015337 ], [ -70.77810432549748, -33.284620981656545 ], [ -70.77809575707316, -33.284619777718333 ], [ -70.778087165473167, -33.284618696550105 ], [ -70.778078553190952, -33.284617738465606 ], [ -70.778069922725976, -33.284616903742929 ], [ -70.778061276583003, -33.284616192624341 ], [ -70.778052617271285, -33.284615605316183 ], [ -70.778043947303942, -33.284615141988937 ], [ -70.77803526919719, -33.284614802777071 ], [ -70.77802658546959, -33.284614587778989 ], [ -70.778017898641338, -33.284614497057149 ], [ -70.778009211233524, -33.284614530637853 ], [ -70.778000525767425, -33.284614688511347 ], [ -70.777991844763733, -33.284614970631822 ], [ -70.777983170741848, -33.284615376917408 ], [ -70.777974506219167, -33.284615907250213 ], [ -70.777965853710313, -33.284616561476284 ], [ -70.777957215726403, -33.284617339405777 ], [ -70.777948594774358, -33.284618240812911 ], [ -70.777939993356199, -33.284619265436085 ], [ -70.77793141396819, -33.28462041297793 ], [ -70.777922859100258, -33.284621683105428 ], [ -70.777914331235237, -33.284623075449936 ], [ -70.777905832848049, -33.284624589607361 ], [ -70.7778456029084, -33.284635771874989 ], [ -70.777613918718629, -33.284551452329566 ], [ -70.777800291669934, -33.284227047375374 ], [ -70.778032704018059, -33.284195979604519 ], [ -70.778079383769452, -33.28437333873223 ], [ -70.778080370337875, -33.284376938045881 ], [ -70.778081431450602, -33.284380522370228 ], [ -70.778082566785287, -33.284384090616285 ], [ -70.778083775996976, -33.284387641699944 ], [ -70.778085058718318, -33.284391174542336 ], [ -70.778086414559581, -33.28439468807008 ], [ -70.778087843108864, -33.284398181215707 ], [ -70.778089343932137, -33.284401652917921 ], [ -70.778090916573433, -33.28440510212198 ], [ -70.778092560554967, -33.284408527779902 ], [ -70.778094275377271, -33.284411928850957 ], [ -70.778096060519346, -33.284415304301781 ], [ -70.778097915438835, -33.284418653106883 ], [ -70.778099839572207, -33.284421974248808 ], [ -70.778101832334841, -33.284425266718515 ], [ -70.778103893121354, -33.284428529515687 ], [ -70.778106021305618, -33.28443176164906 ], [ -70.778108216241023, -33.284434962136586 ], [ -70.778110477260753, -33.284438130005938 ], [ -70.778112803677871, -33.284441264294635 ], [ -70.778115194785542, -33.284444364050408 ], [ -70.778117649857322, -33.284447428331504 ], [ -70.778120168147325, -33.284450456206926 ], [ -70.778122748890425, -33.284453446756729 ], [ -70.778125391302567, -33.284456399072347 ], [ -70.778128094580936, -33.284459312256793 ], [ -70.778130857904202, -33.284462185424971 ], [ -70.778133680432845, -33.28446501770398 ], [ -70.778136561309296, -33.284467808233288 ], [ -70.778139499658323, -33.28447055616509 ], [ -70.778142494587186, -33.284473260664498 ], [ -70.778145545185964, -33.284475920909841 ], [ -70.778148650527854, -33.28447853609287 ], [ -70.778151809669339, -33.28448110541904 ], [ -70.778155021650647, -33.284483628107736 ], [ -70.77815828549592, -33.284486103392517 ], [ -70.778161600213522, -33.284488530521337 ], [ -70.778164964796389, -33.284490908756787 ], [ -70.778168378222261, -33.284493237376289 ], [ -70.778171839454103, -33.284495515672397 ], [ -70.778175347440325, -33.284497742952901 ], [ -70.778178901115126, -33.284499918541087 ], [ -70.77818249939881, -33.284502041775987 ], [ -70.778186141198177, -33.284504112012506 ], [ -70.778189825406727, -33.284506128621679 ], [ -70.778193550905172, -33.284508090990798 ], [ -70.778197316561588, -33.284509998523674 ], [ -70.77820112123193, -33.284511850640726 ], [ -70.778204963760246, -33.284513646779281 ], [ -70.778208842979069, -33.284515386393601 ], [ -70.778212757709852, -33.284517068955189 ], [ -70.778216706763203, -33.284518693952819 ], [ -70.778410073664716, -33.284596514587626 ] ] ] ] } },
{ "type": "Feature", "properties": { "fid": 298, "Area": 1253.758 }, "geometry": { "type": "MultiPolygon", "coordinates": [ [ [ [ -70.777613918718615, -33.284551452329566 ], [ -70.777845511929101, -33.284635738763939 ], [ -70.777594300803671, -33.285073000523596 ], [ -70.777367166863783, -33.284980950199277 ], [ -70.777613918718615, -33.284551452329566 ] ] ] ] } },
{ "type": "Feature", "properties": { "fid": 299, "Area": 2889.514 }, "geometry": { "type": "MultiPolygon", "coordinates": [ [ [ [ -70.777367166863797, -33.284980950199277 ], [ -70.777594269455847, -33.285072987819341 ], [ -70.777106735619853, -33.285921582990149 ], [ -70.777101713451998, -33.285930138657228 ], [ -70.777096519584532, -33.285938621705839 ], [ -70.777091155505417, -33.285947029705575 ], [ -70.777085622751443, -33.285955360247542 ], [ -70.777079922907674, -33.285963610945018 ], [ -70.777074057607095, -33.285971779434185 ], [ -70.777068028530067, -33.285979863374742 ], [ -70.777061837403892, -33.285987860450639 ], [ -70.777055486002268, -33.285995768370711 ], [ -70.777048976144869, -33.286003584869292 ], [ -70.777042309696725, -33.286011307706971 ], [ -70.777035488567719, -33.286018934671155 ], [ -70.777028514712114, -33.286026463576654 ], [ -70.777021390127871, -33.286033892266474 ], [ -70.777014116856151, -33.286041218612247 ], [ -70.777006696980735, -33.286048440514996 ], [ -70.776999132627395, -33.286055555905605 ], [ -70.776991425963288, -33.286062562745485 ], [ -70.776983579196369, -33.286069459027182 ], [ -70.776975594574694, -33.28607624277489 ], [ -70.776967474385899, -33.286082912045046 ], [ -70.776959220956343, -33.286089464926881 ], [ -70.776950836650641, -33.286095899543 ], [ -70.776942323870927, -33.286102214049848 ], [ -70.776933685056051, -33.28610840663832 ], [ -70.776924922681076, -33.286114475534184 ], [ -70.776825406232788, -33.285900770476196 ], [ -70.776829906657554, -33.285896106847993 ], [ -70.776834311424565, -33.285891379235537 ], [ -70.776838619244458, -33.285886589022688 ], [ -70.776842828856275, -33.285881737611625 ], [ -70.776846939027763, -33.285876826422509 ], [ -70.776850948555847, -33.285871856892925 ], [ -70.776854856266823, -33.285866830477573 ], [ -70.77685866101686, -33.285861748647768 ], [ -70.776862361692224, -33.285856612891109 ], [ -70.776865957209708, -33.285851424710913 ], [ -70.776869446516812, -33.2858461856259 ], [ -70.776872828592161, -33.285840897169642 ], [ -70.776876102445783, -33.28583556089017 ], [ -70.776879267119369, -33.285830178349563 ], [ -70.777367166863797, -33.284980950199277 ] ] ] ] } },
{ "type": "Feature", "properties": { "fid": 300, "Area": 1640.471 }, "geometry": { "type": "MultiPolygon", "coordinates": [ [ [ [ -70.77635361839377, -33.286474393239317 ], [ -70.776202452462172, -33.286304741676162 ], [ -70.77675361185851, -33.285958012601732 ], [ -70.776759242558867, -33.28595439303367 ], [ -70.776764802095087, -33.285950696682868 ], [ -70.776770288982974, -33.285946924536162 ], [ -70.776775701757771, -33.285943077600535 ], [ -70.776781038974477, -33.28593915690297 ], [ -70.776786299208283, -33.285935163490151 ], [ -70.776791481054914, -33.285931098428158 ], [ -70.776796583131059, -33.285926962802193 ], [ -70.776801604074649, -33.285922757716328 ], [ -70.776806542545302, -33.28591848429312 ], [ -70.776811397224677, -33.285914143673438 ], [ -70.776816166816758, -33.285909737016041 ], [ -70.776820850048281, -33.285905265497334 ], [ -70.776825445669004, -33.285900730311035 ], [ -70.776925051721364, -33.286114692753472 ], [ -70.776353312321703, -33.286474050208483 ], [ -70.77635361839377, -33.286474393239317 ] ] ] ] } },
{ "type": "Feature", "properties": { "fid": 301, "Area": 2488.959 }, "geometry": { "type": "MultiPolygon", "coordinates": [ [ [ [ -70.776202452194312, -33.286304741844532 ], [ -70.776353440521959, -33.286474194085621 ], [ -70.775768741001684, -33.286841695546627 ], [ -70.77544210588691, -33.287046990817586 ], [ -70.775291110137104, -33.286877538979482 ], [ -70.776202452194312, -33.286304741844532 ] ] ] ] } },
{ "type": "Feature", "properties": { "fid": 302, "Area": 3751.487 }, "geometry": { "type": "MultiPolygon", "coordinates": [ [ [ [ -70.775291110137104, -33.286877538979482 ], [ -70.77544210588691, -33.287046990817586 ], [ -70.775162307753916, -33.287223053480993 ], [ -70.775157842296167, -33.287225911388774 ], [ -70.775153436828347, -33.287228834232423 ], [ -70.77514909268902, -33.287231821123889 ], [ -70.775144811198032, -33.287234871155597 ], [ -70.775140593656289, -33.287237983400907 ], [ -70.775136441345225, -33.287241156914163 ], [ -70.775132355526466, -33.287244390731182 ], [ -70.77512833744143, -33.287247683869403 ], [ -70.775124388310957, -33.287251035328261 ], [ -70.77512050933494, -33.287254444089449 ], [ -70.775116701691957, -33.287257909117294 ], [ -70.775112966538885, -33.287261429358985 ], [ -70.775109305010645, -33.287265003744956 ], [ -70.77510571821972, -33.287268631189185 ], [ -70.775102207255912, -33.287272310589515 ], [ -70.775098773185988, -33.287276040828033 ], [ -70.775095417053336, -33.287279820771367 ], [ -70.775092139877714, -33.287283649271018 ], [ -70.775088942654804, -33.287287525163777 ], [ -70.775085826356076, -33.287291447271997 ], [ -70.775082791928369, -33.287295414404014 ], [ -70.775079840293657, -33.287299425354469 ], [ -70.775076972348785, -33.287303478904697 ], [ -70.775074188965107, -33.287307573823078 ], [ -70.775071490988367, -33.287311708865445 ], [ -70.775068879238304, -33.287315882775424 ], [ -70.775066354508454, -33.287320094284837 ], [ -70.77506391756593, -33.287324342114061 ], [ -70.775061569151219, -33.287328624972496 ], [ -70.77505930997782, -33.287332941558816 ], [ -70.775057140732187, -33.287337290561481 ], [ -70.775055062073406, -33.287341670659153 ], [ -70.775053074633078, -33.287346080520997 ], [ -70.775051179015094, -33.287350518807109 ], [ -70.775049375795376, -33.287354984169014 ], [ -70.775047665521839, -33.287359475249943 ], [ -70.775046048714159, -33.287363990685371 ], [ -70.775044525863564, -33.287368529103325 ], [ -70.775043097432786, -33.287373089124912 ], [ -70.775041763855853, -33.287377669364595 ], [ -70.775040525537946, -33.28738226843074 ], [ -70.775039382855354, -33.287386884925979 ], [ -70.775038336155248, -33.287391517447688 ], [ -70.775037385755695, -33.287396164588316 ], [ -70.775036531945474, -33.287400824935887 ], [ -70.775035774983991, -33.287405497074431 ], [ -70.775035115101289, -33.287410179584384 ], [ -70.775034552497857, -33.287414871043012 ], [ -70.775034087344665, -33.287419570024909 ], [ -70.775033719783053, -33.287424275102353 ], [ -70.77503344992472, -33.287428984845739 ], [ -70.775033277851662, -33.287433697824099 ], [ -70.775033203616175, -33.287438412605468 ], [ -70.77503322724084, -33.287443127757278 ], [ -70.775033348718509, -33.287447841846934 ], [ -70.775033568012262, -33.287452553442137 ], [ -70.775033885055493, -33.287457261111278 ], [ -70.775034299751908, -33.287461963424036 ], [ -70.775034811975502, -33.287466658951665 ], [ -70.775035421570649, -33.287471346267488 ], [ -70.77503612835217, -33.287476023947342 ], [ -70.775036932105323, -33.287480690569943 ], [ -70.775037832585923, -33.287485344717439 ], [ -70.775038829520383, -33.287489984975686 ], [ -70.775039922605799, -33.287494609934825 ], [ -70.775041111510077, -33.287499218189616 ], [ -70.775042395872006, -33.287503808339906 ], [ -70.775073938033131, -33.287612281957067 ], [ -70.775212326597625, -33.287955174135618 ], [ -70.775263223592447, -33.288129976717144 ], [ -70.775263542205636, -33.28813103278182 ], [ -70.77526388247415, -33.288132084070689 ], [ -70.775264244296622, -33.288133130270566 ], [ -70.775264627565249, -33.288134171069778 ], [ -70.775265032165834, -33.288135206158238 ], [ -70.775265457977866, -33.288136235227597 ], [ -70.775265904874473, -33.288137257971258 ], [ -70.775266372722541, -33.288138274084545 ], [ -70.775266861382676, -33.288139283264719 ], [ -70.775267370709287, -33.288140285211163 ], [ -70.775267900550645, -33.288141279625357 ], [ -70.775268450748925, -33.288142266211068 ], [ -70.775269021140204, -33.288143244674359 ], [ -70.775269611554535, -33.288144214723744 ], [ -70.775270221816044, -33.288145176070209 ], [ -70.775270851742917, -33.288146128427378 ], [ -70.775271501147486, -33.288147071511517 ], [ -70.775272169836313, -33.288148005041656 ], [ -70.775272857610133, -33.28814892873973 ], [ -70.775273564264097, -33.288149842330476 ], [ -70.775274289587642, -33.288150745541792 ], [ -70.775275033364721, -33.288151638104544 ], [ -70.775275795373744, -33.288152519752877 ], [ -70.775276575387664, -33.288153390224082 ], [ -70.775277373174148, -33.288154249258859 ], [ -70.775278188495491, -33.288155096601301 ], [ -70.775279021108801, -33.288155931998929 ], [ -70.775279870766042, -33.28815675520292 ], [ -70.775280737214075, -33.288157565967964 ], [ -70.775281620194789, -33.288158364052563 ], [ -70.775282519445113, -33.28815914921897 ], [ -70.775283434697158, -33.288159921233238 ], [ -70.77528436567826, -33.288160679865364 ], [ -70.775285312111038, -33.288161424889367 ], [ -70.775286273713562, -33.288162156083303 ], [ -70.775287250199355, -33.288162873229297 ], [ -70.77528824127748, -33.288163576113732 ], [ -70.775289246652719, -33.288164264527182 ], [ -70.775290266025522, -33.288164938264579 ], [ -70.775291299092217, -33.2881655971252 ], [ -70.77529234554504, -33.288166240912787 ], [ -70.775293405072219, -33.288166869435472 ], [ -70.775294477358131, -33.288167482506083 ], [ -70.775295562083301, -33.288168079941926 ], [ -70.77523467521047, -33.288212302851406 ], [ -70.775186801503054, -33.288247231042284 ], [ -70.774980793521905, -33.287538768720573 ], [ -70.774978782132081, -33.287531597361607 ], [ -70.774976910544623, -33.287524399355014 ], [ -70.774975179259243, -33.287517176623041 ], [ -70.774973588738305, -33.287509931094576 ], [ -70.774972139406515, -33.28750266470454 ], [ -70.77497083165089, -33.287495379393491 ], [ -70.774969665820635, -33.287488077107 ], [ -70.774968642227066, -33.28748075979518 ], [ -70.774967761143486, -33.287473429412167 ], [ -70.774967022805171, -33.287466087915568 ], [ -70.774966427409268, -33.287458737265979 ], [ -70.774965975114725, -33.287451379426408 ], [ -70.774965666042306, -33.28744401636181 ], [ -70.774965633504124, -33.287420666753597 ], [ -70.774965935056215, -33.287412954031431 ], [ -70.774966393743554, -33.287405246773872 ], [ -70.774967009431734, -33.287397547238918 ], [ -70.774967781940319, -33.287389857682335 ], [ -70.774968711042931, -33.287382180356929 ], [ -70.77496979646736, -33.28737451751195 ], [ -70.77497103789554, -33.287366871392422 ], [ -70.774972434963757, -33.287359244238395 ], [ -70.774973987262626, -33.287351638284463 ], [ -70.774975694337357, -33.287344055758915 ], [ -70.774977555687769, -33.287336498883228 ], [ -70.774979570768522, -33.287328969871361 ], [ -70.774981738989183, -33.287321470929101 ], [ -70.774984059714512, -33.287314004253403 ], [ -70.774986532264535, -33.287306572031831 ], [ -70.774989155914867, -33.287299176441763 ], [ -70.774991929896771, -33.287291819649944 ], [ -70.774994853397558, -33.287284503811641 ], [ -70.774997925560655, -33.287277231070235 ], [ -70.775001145485973, -33.287270003556408 ], [ -70.775004512230154, -33.287262823387614 ], [ -70.77500802480678, -33.287255692667436 ], [ -70.775011682186729, -33.287248613484969 ], [ -70.775015483298489, -33.287241587914195 ], [ -70.775015715024779, -33.287241159946369 ], [ -70.775015937860161, -33.287240728660841 ], [ -70.775016151737333, -33.287240294187875 ], [ -70.775016356591649, -33.287239856658701 ], [ -70.775016552361265, -33.287239416205495 ], [ -70.775016738987034, -33.287238972961312 ], [ -70.775016916412582, -33.287238527060012 ], [ -70.77501708458432, -33.287238078636314 ], [ -70.775017243451458, -33.28723762782564 ], [ -70.775017392965992, -33.287237174764194 ], [ -70.77501753308276, -33.287236719588812 ], [ -70.775017663759456, -33.287236262436984 ], [ -70.775017784956589, -33.287235803446819 ], [ -70.775017896637536, -33.287235342756937 ], [ -70.775017998768604, -33.287234880506503 ], [ -70.775018091318927, -33.287234416835155 ], [ -70.775018174260524, -33.287233951882925 ], [ -70.775018247568383, -33.287233485790296 ], [ -70.775018311220322, -33.287233018698032 ], [ -70.775018365197141, -33.28723255074722 ], [ -70.775018409482513, -33.287232082079242 ], [ -70.775018444063079, -33.28723161283564 ], [ -70.775018468928394, -33.287231143158145 ], [ -70.775018484070941, -33.28723067318866 ], [ -70.775018489486143, -33.287230203069129 ], [ -70.775018485172367, -33.287229732941555 ], [ -70.77501847113092, -33.287229262947953 ], [ -70.775018447366037, -33.287228793230263 ], [ -70.775018413884908, -33.287228323930428 ], [ -70.775018370697637, -33.28722785519016 ], [ -70.77501831781727, -33.287227387151056 ], [ -70.775018255259781, -33.287226919954506 ], [ -70.775018183044068, -33.287226453741638 ], [ -70.775018101191947, -33.287225988653248 ], [ -70.775018009728143, -33.287225524829843 ], [ -70.775017908680283, -33.287225062411515 ], [ -70.775017798078878, -33.287224601537972 ], [ -70.775017677957351, -33.287224142348393 ], [ -70.775017548351983, -33.287223684981484 ], [ -70.775017409301924, -33.287223229575432 ], [ -70.775017260849168, -33.287222776267761 ], [ -70.775017103038579, -33.28722232519543 ], [ -70.77501693591779, -33.287221876494669 ], [ -70.775016759537323, -33.287221430301038 ], [ -70.77501657395041, -33.287220986749276 ], [ -70.775016379213156, -33.287220545973376 ], [ -70.775016175384366, -33.287220108106517 ], [ -70.7750159625256, -33.28721967328093 ], [ -70.775015740701164, -33.287219241627952 ], [ -70.775015509978061, -33.287218813278002 ], [ -70.775015270425996, -33.287218388360444 ], [ -70.775015022117302, -33.287217967003627 ], [ -70.775014765127011, -33.287217549334855 ], [ -70.77501449953273, -33.287217135480262 ], [ -70.775014225414694, -33.287216725564861 ], [ -70.775013942855722, -33.287216319712492 ], [ -70.775013651941123, -33.287215918045732 ], [ -70.775013352758805, -33.287215520685905 ], [ -70.775013045399135, -33.287215127753058 ], [ -70.775012729954952, -33.287214739365858 ], [ -70.77501240652154, -33.287214355641645 ], [ -70.775012075196585, -33.287213976696314 ], [ -70.775011736080202, -33.287213602644343 ], [ -70.775011389274781, -33.287213233598685 ], [ -70.775011034885111, -33.28721286967086 ], [ -70.775010673018215, -33.287212510970789 ], [ -70.775010303783446, -33.287212157606795 ], [ -70.775009927292274, -33.287211809685644 ], [ -70.77500954365847, -33.287211467312403 ], [ -70.775009152997896, -33.287211130590514 ], [ -70.775008755428559, -33.287210799621676 ], [ -70.775008351070554, -33.287210474505869 ], [ -70.775007940046009, -33.287210155341292 ], [ -70.775007522479115, -33.287209842224371 ], [ -70.775007098495962, -33.287209535249652 ], [ -70.775006668224634, -33.287209234509895 ], [ -70.775006231795103, -33.28720894009593 ], [ -70.775005789339218, -33.28720865209668 ], [ -70.775005340990589, -33.287208370599146 ], [ -70.775004886884673, -33.287208095688364 ], [ -70.775004427158621, -33.287207827447368 ], [ -70.775003961951313, -33.287207565957182 ], [ -70.775003491403282, -33.287207311296804 ], [ -70.775003015656637, -33.287207063543136 ], [ -70.775002534855091, -33.287206822771033 ], [ -70.775002049143893, -33.287206589053234 ], [ -70.775001558669743, -33.287206362460296 ], [ -70.775001063580774, -33.2872061430607 ], [ -70.775000564026584, -33.287205930920713 ], [ -70.775000060158035, -33.287205726104403 ], [ -70.774999552127355, -33.287205528673645 ], [ -70.774999040087962, -33.287205338688061 ], [ -70.774998524194544, -33.287205156205069 ], [ -70.774998004602949, -33.287204981279778 ], [ -70.774997481470109, -33.287204813964998 ], [ -70.774996954954034, -33.287204654311324 ], [ -70.774996425213786, -33.287204502366926 ], [ -70.774995892409365, -33.287204358177739 ], [ -70.774995356701723, -33.287204221787285 ], [ -70.774994818252665, -33.287204093236795 ], [ -70.774994277224849, -33.287203972565081 ], [ -70.774993733781699, -33.287203859808592 ], [ -70.77499318808735, -33.287203755001407 ], [ -70.77499264030665, -33.287203658175159 ], [ -70.774992090605082, -33.287203569359114 ], [ -70.774991539148658, -33.287203488580083 ], [ -70.774990986103973, -33.287203415862464 ], [ -70.774990431638074, -33.287203351228257 ], [ -70.77498987591845, -33.287203294696965 ], [ -70.774989319112947, -33.287203246285657 ], [ -70.774988761389764, -33.287203206008954 ], [ -70.774988202917385, -33.287203173879035 ], [ -70.774987643864478, -33.287203149905608 ], [ -70.774987084399939, -33.287203134095897 ], [ -70.774986524692736, -33.287203126454692 ], [ -70.774985964911963, -33.287203126984274 ], [ -70.774985405226673, -33.287203135684543 ], [ -70.77498484580596, -33.287203152552799 ], [ -70.774984286818793, -33.28720317758399 ], [ -70.774983728434009, -33.287203210770549 ], [ -70.774983170820292, -33.287203252102458 ], [ -70.774982614146069, -33.28720330156721 ], [ -70.774982058579482, -33.287203359149892 ], [ -70.774981504288377, -33.287203424833066 ], [ -70.774980951440156, -33.287203498596952 ], [ -70.774980400201812, -33.287203580419209 ], [ -70.774979850739882, -33.287203670275176 ], [ -70.774979303220306, -33.287203768137658 ], [ -70.774978757808498, -33.287203873977141 ], [ -70.77497821466919, -33.287203987761622 ], [ -70.774977673966447, -33.287204109456745 ], [ -70.77497713586358, -33.287204239025741 ], [ -70.774976600523161, -33.2872043764295 ], [ -70.774976068106881, -33.287204521626485 ], [ -70.774975538775564, -33.287204674572841 ], [ -70.774975012689097, -33.28720483522239 ], [ -70.774974490006386, -33.287205003526587 ], [ -70.774973970885341, -33.287205179434594 ], [ -70.774973455482737, -33.287205362893289 ], [ -70.774972943954282, -33.287205553847244 ], [ -70.774972436454476, -33.287205752238783 ], [ -70.774971933136626, -33.287205958007988 ], [ -70.774971434152761, -33.287206171092677 ], [ -70.774970939653599, -33.287206391428519 ], [ -70.774970449788512, -33.287206618948922 ], [ -70.774969964705477, -33.287206853585204 ], [ -70.774969484551036, -33.287207095266453 ], [ -70.774969009470183, -33.287207343919683 ], [ -70.774968539606462, -33.287207599469781 ], [ -70.774968075101782, -33.287207861839555 ], [ -70.774967616096447, -33.28720813094975 ], [ -70.774967162729126, -33.287208406719088 ], [ -70.774966715136742, -33.287208689064265 ], [ -70.77496627345451, -33.287208977899986 ], [ -70.77496583781587, -33.287209273139005 ], [ -70.774965408352358, -33.287209574692156 ], [ -70.774964985193733, -33.287209882468325 ], [ -70.774964568467809, -33.287210196374595 ], [ -70.774964158300477, -33.287210516316087 ], [ -70.774957418886871, -33.287215959703964 ], [ -70.774950793382203, -33.287221500852631 ], [ -70.7749442837966, -33.287227138080944 ], [ -70.774937892105029, -33.287232869678618 ], [ -70.77493162024669, -33.287238693906751 ], [ -70.774925470124444, -33.287244608998336 ], [ -70.774919443604205, -33.287250613158768 ], [ -70.774913542514355, -33.287256704566467 ], [ -70.774907768645292, -33.287262881373344 ], [ -70.77490212374876, -33.287269141705416 ], [ -70.774896609537407, -33.287275483663358 ], [ -70.774891227684236, -33.287281905323077 ], [ -70.774885979822045, -33.287288404736309 ], [ -70.774880867543061, -33.287294979931175 ], [ -70.774875892398313, -33.287301628912822 ], [ -70.774871055897236, -33.287308349664031 ], [ -70.774866359507257, -33.287315140145772 ], [ -70.774861804653213, -33.287321998297863 ], [ -70.774857392717038, -33.287328922039606 ], [ -70.774853125037339, -33.287335909270404 ], [ -70.774849002908908, -33.287342957870401 ], [ -70.774845027582415, -33.287350065701084 ], [ -70.774841200263964, -33.287357230606027 ], [ -70.774837522114765, -33.287364450411417 ], [ -70.774833994250798, -33.287371722926871 ], [ -70.774830617742396, -33.28737904594594 ], [ -70.774827393614032, -33.2873864172469 ], [ -70.774824322843898, -33.287393834593324 ], [ -70.774821406363685, -33.287401295734881 ], [ -70.774818645058289, -33.287408798407903 ], [ -70.774816039765483, -33.287416340336144 ], [ -70.774813591275745, -33.287423919231443 ], [ -70.774811300331976, -33.287431532794407 ], [ -70.774809167629257, -33.287439178715161 ], [ -70.774807193814695, -33.287446854673966 ], [ -70.774805379487148, -33.287454558342013 ], [ -70.774803725197131, -33.287462287382048 ], [ -70.774802231446586, -33.287470039449154 ], [ -70.774800898688753, -33.287477812191398 ], [ -70.774799727328002, -33.287485603250595 ], [ -70.77479871771979, -33.287493410262989 ], [ -70.774797870170431, -33.287501230859966 ], [ -70.774797184937142, -33.287509062668839 ], [ -70.774796662227843, -33.287516903313481 ], [ -70.774796302201167, -33.287524750415081 ], [ -70.774796306022992, -33.287524748013055 ], [ -70.774796345171211, -33.287552878839101 ], [ -70.774796348845314, -33.287552876529908 ], [ -70.7747967302425, -33.287560644504161 ], [ -70.77479727107233, -33.28756840579986 ], [ -70.77479797117401, -33.287576158109047 ], [ -70.774798830339392, -33.287583899126403 ], [ -70.774799848313052, -33.287591626549982 ], [ -70.774801024792282, -33.287599338081897 ], [ -70.774802359427298, -33.287607031428927 ], [ -70.774803851821247, -33.287614704303337 ], [ -70.774805501530395, -33.287622354423419 ], [ -70.774807308064183, -33.287629979514264 ], [ -70.774809270885456, -33.287637577308374 ], [ -70.774811389410573, -33.287645145546414 ], [ -70.774996215183279, -33.288280762710414 ], [ -70.775022067940029, -33.28836943976961 ], [ -70.77500492854918, -33.288382252773928 ], [ -70.774919476548547, -33.288445257393413 ], [ -70.774890572029122, -33.288467864295541 ], [ -70.774868143173833, -33.288390731708901 ], [ -70.774868148124384, -33.288390727999115 ], [ -70.774828031876609, -33.28825276828384 ], [ -70.774791577907422, -33.288127402716178 ], [ -70.774774584739944, -33.288034387546325 ], [ -70.774747511455118, -33.287886196564862 ], [ -70.77472619854484, -33.28776953572762 ], [ -70.774692869859649, -33.287654916824181 ], [ -70.77469051289782, -33.287645642506966 ], [ -70.774688348247665, -33.287636335180856 ], [ -70.774686376563267, -33.287626997658485 ], [ -70.774684598440388, -33.287617632761588 ], [ -70.774683014416325, -33.287608243320186 ], [ -70.774681624969674, -33.287598832171703 ], [ -70.774680430520277, -33.287589402160137 ], [ -70.774679431429007, -33.28757995613519 ], [ -70.77467862799773, -33.287570496951361 ], [ -70.774678020469182, -33.287561027467149 ], [ -70.774677609026881, -33.287551550544201 ], [ -70.774677393795088, -33.287542069046381 ], [ -70.774677374838802, -33.28753258583891 ], [ -70.774677552163666, -33.287523103787557 ], [ -70.774677925716048, -33.287513625757711 ], [ -70.774678495382986, -33.2875041546136 ], [ -70.774679260992286, -33.287494693217305 ], [ -70.774680222312512, -33.287485244428005 ], [ -70.774681379053078, -33.287475811101061 ], [ -70.774682730864399, -33.287466396087154 ], [ -70.774684277337883, -33.287457002231413 ], [ -70.774686018006122, -33.287447632372583 ], [ -70.774687952343058, -33.287438289342205 ], [ -70.774690079764099, -33.2874289759636 ], [ -70.774692399626261, -33.287419695051263 ], [ -70.774694911228451, -33.287410449409791 ], [ -70.774697613811625, -33.287401241833109 ], [ -70.774700506559043, -33.287392075103696 ], [ -70.774703588596452, -33.287382951991667 ], [ -70.774706858992431, -33.287373875253941 ], [ -70.774710316758657, -33.287364847633448 ], [ -70.774713960850136, -33.287355871858203 ], [ -70.774717790165624, -33.287346950640661 ], [ -70.774721803547848, -33.287338086676712 ], [ -70.774725999783968, -33.287329282644983 ], [ -70.774730377605863, -33.287320541205951 ], [ -70.774734935690532, -33.2873118650012 ], [ -70.774739672660502, -33.287303256652613 ], [ -70.774744587084285, -33.287294718761551 ], [ -70.774749677476692, -33.287286253908078 ], [ -70.774754942299424, -33.287277864650179 ], [ -70.774760379961464, -33.287269553523032 ], [ -70.774765988819524, -33.28726132303818 ], [ -70.774771767178635, -33.287253175682771 ], [ -70.774777713292593, -33.287245113918864 ], [ -70.774783825364452, -33.287237140182633 ], [ -70.774790101547211, -33.287229256883698 ], [ -70.774796539944191, -33.287221466404283 ], [ -70.774803138609755, -33.287213771098592 ], [ -70.77480989554978, -33.287206173292077 ], [ -70.774816808722377, -33.287198675280706 ], [ -70.774823876038397, -33.287191279330294 ], [ -70.774831095362146, -33.287183987675853 ], [ -70.774838464511959, -33.287176802520797 ], [ -70.774845981260952, -33.287169726036424 ], [ -70.774853643337579, -33.28716276036117 ], [ -70.774861448426421, -33.287155907599995 ], [ -70.774869394168832, -33.287149169823707 ], [ -70.77487747816366, -33.287142549068406 ], [ -70.774885697967974, -33.287136047334812 ], [ -70.774894051097817, -33.287129666587667 ], [ -70.774902535028929, -33.28712340875515 ], [ -70.774911147197557, -33.287117275728328 ], [ -70.774919885001125, -33.287111269360523 ], [ -70.774928745799187, -33.287105391466774 ], [ -70.774937726914075, -33.287099643823339 ], [ -70.775291110137104, -33.286877538979482 ] ] ] ] } },
{ "type": "Feature", "properties": { "fid": 303, "Area": 0.0 }, "geometry": { "type": "MultiPolygon", "coordinates": [ ] } },
{ "type": "Feature", "properties": { "fid": 304, "Area": 0.0 }, "geometry": { "type": "MultiPolygon", "coordinates": [ ] } },
{ "type": "Feature", "properties": { "fid": 305, "Area": 4476.332 }, "geometry": { "type": "MultiPolygon", "coordinates": [ [ [ [ -70.818698972447024, -33.249198805989437 ], [ -70.819045996165144, -33.248522137739947 ], [ -70.81904719184891, -33.248519750958373 ], [ -70.819048339374902, -33.248517347545224 ], [ -70.819049438415618, -33.248514928186452 ], [ -70.819050488657382, -33.248512493572576 ], [ -70.819051489800458, -33.248510044398436 ], [ -70.819052441559123, -33.24850758136305 ], [ -70.819053343661707, -33.248505105169379 ], [ -70.819054195850796, -33.248502616524128 ], [ -70.819054997883143, -33.248500116137606 ], [ -70.819055749529852, -33.248497604723426 ], [ -70.819056450576412, -33.248495082998367 ], [ -70.819057100822747, -33.248492551682126 ], [ -70.819057700083249, -33.248490011497182 ], [ -70.819058248186906, -33.248487463168509 ], [ -70.819058744977312, -33.248484907423396 ], [ -70.819059190312672, -33.248482344991309 ], [ -70.819059584065855, -33.248479776603546 ], [ -70.819059926124538, -33.248477202993186 ], [ -70.819060216391065, -33.248474624894698 ], [ -70.819060454782615, -33.248472043043932 ], [ -70.819255102487205, -33.248524527793855 ], [ -70.818898734639092, -33.249219420003918 ], [ -70.818767890207909, -33.249474554548364 ], [ -70.818653920219703, -33.249696784227218 ], [ -70.818342633571504, -33.250303754980337 ], [ -70.8183145940027, -33.250360295667797 ], [ -70.818285812181031, -33.250416572438517 ], [ -70.81828501020189, -33.250418154210678 ], [ -70.818284240975174, -33.250419747425425 ], [ -70.818283504732065, -33.250421351604075 ], [ -70.818282801693741, -33.250422966264573 ], [ -70.818282132071502, -33.25042459092171 ], [ -70.818281496066547, -33.250426225087352 ], [ -70.818280893869954, -33.250427868270421 ], [ -70.818280325662741, -33.250429519977168 ], [ -70.818279791615595, -33.250431179711313 ], [ -70.818279291888999, -33.250432846974107 ], [ -70.818278826633133, -33.250434521264573 ], [ -70.818278395987775, -33.250436202079612 ], [ -70.818278000082358, -33.250437888914171 ], [ -70.818277639035827, -33.250439581261375 ], [ -70.818277312956681, -33.250441278612691 ], [ -70.818277021942905, -33.250442980458111 ], [ -70.818276766081937, -33.250444686286265 ], [ -70.818276545450672, -33.250446395584547 ], [ -70.818276360115405, -33.250448107839375 ], [ -70.818276210131813, -33.250449822536211 ], [ -70.818276095544988, -33.250451539159847 ], [ -70.818276016389362, -33.250453257194437 ], [ -70.81827597268871, -33.250454976123756 ], [ -70.818275964456149, -33.250456695431282 ], [ -70.818275991694208, -33.250458414600402 ], [ -70.818276054394659, -33.250460133114522 ], [ -70.818276152538672, -33.250461850457278 ], [ -70.818276286096776, -33.250463566112593 ], [ -70.818276455028808, -33.25046527956497 ], [ -70.818276659284066, -33.250466990299557 ], [ -70.818276898801116, -33.250468697802276 ], [ -70.818277173508008, -33.250470401560051 ], [ -70.818277483322206, -33.250472101060943 ], [ -70.818277828150613, -33.250473795794285 ], [ -70.818278207889634, -33.250475485250817 ], [ -70.818278622425126, -33.250477168922885 ], [ -70.818279071632574, -33.250478846304581 ], [ -70.818279555376975, -33.250480516891884 ], [ -70.818280073512966, -33.250482180182793 ], [ -70.818280625884881, -33.250483835677528 ], [ -70.818281212326724, -33.250485482878609 ], [ -70.818281832662279, -33.250487121291123 ], [ -70.818282486705172, -33.250488750422718 ], [ -70.818283174258838, -33.250490369783897 ], [ -70.818283895116693, -33.250491978888036 ], [ -70.818284649062164, -33.250493577251625 ], [ -70.81828543586866, -33.250495164394401 ], [ -70.818286255299782, -33.250496739839448 ], [ -70.818287107109299, -33.250498303113353 ], [ -70.818083470120797, -33.250571786199814 ], [ -70.818006737333874, -33.250451430525352 ], [ -70.818009318315674, -33.25045053301217 ], [ -70.818011880373689, -33.250449598004444 ], [ -70.818014422736454, -33.250448625783726 ], [ -70.818016944638387, -33.250447616642774 ], [ -70.818019445320118, -33.250446570885423 ], [ -70.81802192402867, -33.250445488826607 ], [ -70.818024380017647, -33.250444370792124 ], [ -70.818026812547501, -33.250443217118658 ], [ -70.818029220885791, -33.250442028153557 ], [ -70.818031604307279, -33.250440804254886 ], [ -70.818033962094333, -33.250439545791153 ], [ -70.818036293536949, -33.250438253141319 ], [ -70.818038597933111, -33.250436926694626 ], [ -70.818040874588903, -33.250435566850456 ], [ -70.818043122818821, -33.250434174018295 ], [ -70.818045341945876, -33.250432748617563 ], [ -70.818047531301843, -33.250431291077462 ], [ -70.818049690227483, -33.250429801836887 ], [ -70.818051818072703, -33.250428281344256 ], [ -70.818053914196796, -33.250426730057434 ], [ -70.818055977968555, -33.250425148443526 ], [ -70.818058008766585, -33.250423536978772 ], [ -70.818060005979333, -33.250421896148431 ], [ -70.818061969005456, -33.250420226446586 ], [ -70.818063897253822, -33.250418528376002 ], [ -70.81806579014382, -33.250416802447987 ], [ -70.81806764710548, -33.250415049182259 ], [ -70.818069467579633, -33.250413269106737 ], [ -70.818071251018111, -33.250411462757441 ], [ -70.818072996883885, -33.250409630678305 ], [ -70.818074704651266, -33.250407773420982 ], [ -70.818076373806008, -33.250405891544737 ], [ -70.818078003845514, -33.250403985616209 ], [ -70.818079594278942, -33.250402056209332 ], [ -70.818081144627413, -33.250400103905051 ], [ -70.81808265442406, -33.250398129291256 ], [ -70.818084123214291, -33.250396132962521 ], [ -70.818085550555821, -33.250394115520017 ], [ -70.818086936018858, -33.250392077571156 ], [ -70.818088279186227, -33.25039001972965 ], [ -70.818089579653474, -33.25038794261512 ], [ -70.818090837029004, -33.250385846853035 ], [ -70.818092050934212, -33.250383733074464 ], [ -70.818093221003593, -33.250381601915883 ], [ -70.818094346884806, -33.250379454019033 ], [ -70.818106090160271, -33.250356108739375 ], [ -70.818117482077554, -33.250332640873388 ], [ -70.818464443180034, -33.249656112968246 ], [ -70.818560758689046, -33.249468308632281 ], [ -70.818698972447024, -33.249198805989437 ] ] ] ] } },
{ "type": "Feature", "properties": { "fid": 306, "Area": 4984.221 }, "geometry": { "type": "MultiPolygon", "coordinates": [ [ [ [ -70.823162871039031, -33.249785104225509 ], [ -70.823340963350901, -33.249850294929296 ], [ -70.821980144692233, -33.251860891693724 ], [ -70.821978805094631, -33.251862910848047 ], [ -70.821977506764824, -33.251864948944039 ], [ -70.82197625008213, -33.251867005386345 ], [ -70.821975035413615, -33.251869079574227 ], [ -70.821973863114152, -33.251871170901765 ], [ -70.821972733526152, -33.251873278758033 ], [ -70.821971646979648, -33.251875402527297 ], [ -70.82197060379201, -33.251877541589153 ], [ -70.821969604267977, -33.251879695318728 ], [ -70.821968648699581, -33.251881863086858 ], [ -70.82196773736591, -33.251884044260315 ], [ -70.821966870533203, -33.251886238201919 ], [ -70.821966048454712, -33.251888444270776 ], [ -70.821965271370573, -33.251890661822443 ], [ -70.821964539507775, -33.251892890209142 ], [ -70.821963853080135, -33.251895128779871 ], [ -70.821963212288153, -33.251897376880741 ], [ -70.821962617319059, -33.251899633854997 ], [ -70.821962068346622, -33.251901899043354 ], [ -70.821961565531254, -33.251904171784084 ], [ -70.821961109019796, -33.251906451413269 ], [ -70.821960698945645, -33.251908737264976 ], [ -70.821960335428571, -33.251911028671479 ], [ -70.821960018574785, -33.251913324963404 ], [ -70.821959748476843, -33.251915625469927 ], [ -70.821959525213671, -33.251917929519045 ], [ -70.821959348850456, -33.25192023643767 ], [ -70.821959219438739, -33.251922545551928 ], [ -70.82195913701635, -33.251924856187259 ], [ -70.821959101607334, -33.25192716766869 ], [ -70.821959113222036, -33.251929479320971 ], [ -70.821959171857117, -33.251931790468817 ], [ -70.821959277495395, -33.25193410043709 ], [ -70.821959430106062, -33.251936408551025 ], [ -70.82195962964451, -33.251938714136323 ], [ -70.821959876052446, -33.25194101651951 ], [ -70.82196016925792, -33.25194331502798 ], [ -70.821960509175284, -33.251945608990304 ], [ -70.821960895705203, -33.251947897736365 ], [ -70.821961328734801, -33.251950180597561 ], [ -70.821961808137587, -33.251952456907034 ], [ -70.821962333773527, -33.251954725999795 ], [ -70.821962905489031, -33.251956987213021 ], [ -70.82196352311712, -33.251959239886148 ], [ -70.821964186477388, -33.2519614833611 ], [ -70.821964895376041, -33.251963716982537 ], [ -70.821965649605986, -33.251965940097953 ], [ -70.821782801347823, -33.252011156281263 ], [ -70.821720612241549, -33.251868496344244 ], [ -70.821722505779064, -33.251867898112749 ], [ -70.821724386837445, -33.25186727270578 ], [ -70.821726254864231, -33.251866620306949 ], [ -70.821728109310854, -33.251865941107894 ], [ -70.821729949632712, -33.25186523530806 ], [ -70.821731775289336, -33.251864503114739 ], [ -70.821733585744596, -33.251863744742955 ], [ -70.821735380466777, -33.251862960415409 ], [ -70.82173715892884, -33.251862150362449 ], [ -70.821738920608482, -33.251861314821952 ], [ -70.821740664988354, -33.251860454039331 ], [ -70.821742391556185, -33.251859568267342 ], [ -70.821744099804889, -33.251858657766121 ], [ -70.821745789232821, -33.251857722803074 ], [ -70.82174745934384, -33.251856763652761 ], [ -70.82174910964747, -33.25185578059687 ], [ -70.821750739659066, -33.251854773924094 ], [ -70.821752348899921, -33.25185374393007 ], [ -70.821753936897466, -33.251852690917275 ], [ -70.821755503185315, -33.251851615194973 ], [ -70.821757047303521, -33.251850517079042 ], [ -70.8217585687986, -33.251849396892005 ], [ -70.821760067223735, -33.251848254962816 ], [ -70.821761542138873, -33.251847091626829 ], [ -70.821762993110852, -33.2518459072257 ], [ -70.821764419713588, -33.251844702107242 ], [ -70.821765821528118, -33.251843476625389 ], [ -70.821767198142751, -33.251842231140003 ], [ -70.821768549153219, -33.251840966016879 ], [ -70.821769874162783, -33.251839681627544 ], [ -70.821771172782292, -33.251838378349184 ], [ -70.821772444630383, -33.251837056564554 ], [ -70.821773689333554, -33.251835716661809 ], [ -70.821774906526286, -33.25183435903444 ], [ -70.821776095851106, -33.251832984081183 ], [ -70.821777256958711, -33.251831592205811 ], [ -70.821778389508154, -33.251830183817063 ], [ -70.821779493166844, -33.251828759328568 ], [ -70.821780567610631, -33.25182731915865 ], [ -70.821781612523978, -33.251825863730261 ], [ -70.821782627600058, -33.25182439347082 ], [ -70.823162871039031, -33.249785104225509 ] ] ] ] } },
{ "type": "Feature", "properties": { "fid": 307, "Area": 6737.826 }, "geometry": { "type": "MultiPolygon", "coordinates": [ [ [ [ -70.819470709108572, -33.25110097984674 ], [ -70.819378312625091, -33.251061245519111 ], [ -70.819285152143621, -33.251022791252531 ], [ -70.819191252781764, -33.250985627414693 ], [ -70.819096639856269, -33.250949764025385 ], [ -70.81900133887612, -33.250915210753774 ], [ -70.818905375535749, -33.250881976915778 ], [ -70.818808775708106, -33.250850071471604 ], [ -70.818711565437582, -33.25081950302328 ], [ -70.818613770933155, -33.250790279812392 ], [ -70.818515418561191, -33.250762409717872 ], [ -70.818416534838391, -33.250735900253737 ], [ -70.818317146424661, -33.250710758567287 ], [ -70.818217280115888, -33.25068699143695 ], [ -70.818215304622356, -33.250686551383097 ], [ -70.818213320357813, -33.250686140131137 ], [ -70.818211327916984, -33.250685757804362 ], [ -70.818209327897122, -33.250685404517355 ], [ -70.818207320897713, -33.250685080376002 ], [ -70.818205307520302, -33.250684785477496 ], [ -70.818203288368395, -33.250684519910166 ], [ -70.818201264047218, -33.250684283753678 ], [ -70.818199235163533, -33.250684077078787 ], [ -70.818197202325479, -33.250683899947447 ], [ -70.818195166142388, -33.250683752412762 ], [ -70.818193127224575, -33.250683634518928 ], [ -70.818191086183205, -33.250683546301303 ], [ -70.818189043630028, -33.250683487786333 ], [ -70.818187000177304, -33.250683458991553 ], [ -70.818184956437534, -33.25068345992559 ], [ -70.818182913023279, -33.250683490588138 ], [ -70.818180870547081, -33.250683550970052 ], [ -70.818178829621104, -33.2506836410532 ], [ -70.818176790857137, -33.250683760810631 ], [ -70.818174754866249, -33.250683910206369 ], [ -70.818172722258723, -33.250684089195701 ], [ -70.818170693643793, -33.250684297724959 ], [ -70.818168669629557, -33.250684535731622 ], [ -70.818166650822647, -33.250684803144352 ], [ -70.818164637828204, -33.250685099883015 ], [ -70.818162631249621, -33.250685425858649 ], [ -70.818160631688315, -33.250685780973562 ], [ -70.818158639743629, -33.250686165121294 ], [ -70.818156656012661, -33.250686578186709 ], [ -70.818083470120797, -33.250571786199814 ], [ -70.818287107109299, -33.250498303113353 ], [ -70.818287991041245, -33.250499853746398 ], [ -70.818288906830048, -33.250501391272614 ], [ -70.818289854200501, -33.250502915230022 ], [ -70.818290832867945, -33.250504425160685 ], [ -70.818291842538287, -33.250505920610905 ], [ -70.818292882908182, -33.250507401131287 ], [ -70.818293953664963, -33.250508866277016 ], [ -70.818295054486939, -33.250510315607791 ], [ -70.81829618504328, -33.250511748688126 ], [ -70.818297344994306, -33.250513165087391 ], [ -70.818298533991467, -33.250514564379991 ], [ -70.818299751677472, -33.250515946145462 ], [ -70.81830099768645, -33.250517309968593 ], [ -70.818302271643972, -33.250518655439592 ], [ -70.818303573167256, -33.250519982154145 ], [ -70.81830490186519, -33.25052128971361 ], [ -70.818306257338548, -33.250522577725086 ], [ -70.81830763918002, -33.250523845801531 ], [ -70.818309046974377, -33.250525093561933 ], [ -70.818310480298607, -33.25052632063133 ], [ -70.818311938722019, -33.250527526641008 ], [ -70.818313421806394, -33.250528711228618 ], [ -70.818314929106052, -33.250529874038158 ], [ -70.818316460168106, -33.250531014720252 ], [ -70.81831801453248, -33.250532132932143 ], [ -70.81831959173212, -33.250533228337794 ], [ -70.81832119129308, -33.250534300608088 ], [ -70.818322812734763, -33.250535349420815 ], [ -70.818324455569922, -33.250536374460815 ], [ -70.818326119304885, -33.25053737542008 ], [ -70.818327803439757, -33.250538351997839 ], [ -70.818329507468491, -33.250539303900652 ], [ -70.818331230879039, -33.250540230842468 ], [ -70.818332973153531, -33.250541132544775 ], [ -70.818334733768438, -33.250542008736616 ], [ -70.818336512194747, -33.250542859154713 ], [ -70.81833830789806, -33.250543683543512 ], [ -70.818340120338775, -33.250544481655311 ], [ -70.818341948972304, -33.250545253250301 ], [ -70.81834379324917, -33.250545998096605 ], [ -70.818345652615179, -33.250546715970415 ], [ -70.81834752651163, -33.250547406656032 ], [ -70.818349414375447, -33.250548069945907 ], [ -70.818351315639347, -33.250548705640732 ], [ -70.818353229732026, -33.25054931354947 ], [ -70.818355156078354, -33.250549893489499 ], [ -70.818357094099454, -33.250550445286507 ], [ -70.818359043213007, -33.250550968774732 ], [ -70.818361002833328, -33.250551463796839 ], [ -70.818463891643731, -33.250577414879366 ], [ -70.818566257188976, -33.250604787965401 ], [ -70.818668071633866, -33.250633575611623 ], [ -70.818769307293024, -33.250663769990048 ], [ -70.818869936638336, -33.250695362890156 ], [ -70.818969932306516, -33.250728345721178 ], [ -70.819069267106485, -33.250762709514326 ], [ -70.819167914026764, -33.25079844492538 ], [ -70.819265846242814, -33.250835542237084 ], [ -70.81936303712439, -33.250873991361885 ], [ -70.819459460242712, -33.250913781844623 ], [ -70.81955508937763, -33.250954902865381 ], [ -70.821625369983934, -33.251863281216238 ], [ -70.821627192606769, -33.251864064083293 ], [ -70.821629031111812, -33.251864820279025 ], [ -70.821630884946231, -33.251865549576046 ], [ -70.821632753552635, -33.251866251755075 ], [ -70.821634636369168, -33.25186692660499 ], [ -70.821636532829672, -33.251867573922866 ], [ -70.821638442363934, -33.251868193514049 ], [ -70.821640364397766, -33.251868785192265 ], [ -70.821642298353254, -33.251869348779593 ], [ -70.821644243648876, -33.25186988410654 ], [ -70.821646199699714, -33.251870391012197 ], [ -70.821648165917622, -33.25187086934411 ], [ -70.821650141711388, -33.25187131895845 ], [ -70.82165212648691, -33.251871739720059 ], [ -70.821654119647405, -33.251872131502367 ], [ -70.821656120593545, -33.251872494187623 ], [ -70.821658128723683, -33.251872827666745 ], [ -70.82166014343403, -33.251873131839453 ], [ -70.821662164118749, -33.251873406614308 ], [ -70.821664190170281, -33.251873651908696 ], [ -70.821666220979409, -33.25187386764884 ], [ -70.821668255935521, -33.251874053769868 ], [ -70.82167029442671, -33.251874210215824 ], [ -70.821672335840034, -33.251874336939679 ], [ -70.821674379561685, -33.251874433903303 ], [ -70.821676424977142, -33.251874501077559 ], [ -70.821678471471373, -33.251874538442259 ], [ -70.821680518429019, -33.251874545986141 ], [ -70.821682565234624, -33.25187452370696 ], [ -70.821684611272715, -33.251874471611401 ], [ -70.82168665592809, -33.25187438971512 ], [ -70.821688698585959, -33.251874278042763 ], [ -70.821690738632114, -33.251874136627919 ], [ -70.82169277545313, -33.251873965513063 ], [ -70.821694808436604, -33.251873764749689 ], [ -70.821696836971213, -33.251873534398143 ], [ -70.821698860447015, -33.251873274527703 ], [ -70.821700878255598, -33.25187298521648 ], [ -70.821702889790217, -33.251872666551499 ], [ -70.821704894446043, -33.251872318628557 ], [ -70.821706891620323, -33.251871941552295 ], [ -70.821708880712507, -33.251871535436052 ], [ -70.821710861124515, -33.251871100401978 ], [ -70.821712832260886, -33.251870636580861 ], [ -70.821714793528898, -33.251870144112161 ], [ -70.821716744338858, -33.251869623143982 ], [ -70.821718684104155, -33.251869073832964 ], [ -70.821720612241549, -33.251868496344244 ], [ -70.821782801347823, -33.252011156281263 ], [ -70.821580916432097, -33.252061079638942 ], [ -70.821580330255088, -33.252059457532937 ], [ -70.8215797111679, -33.252057844081349 ], [ -70.821579059351379, -33.252056239755461 ], [ -70.82157837499598, -33.252054645023968 ], [ -70.821577658301564, -33.252053060352715 ], [ -70.821576909477514, -33.252051486204607 ], [ -70.821576128742606, -33.252049923039493 ], [ -70.821575316324882, -33.252048371314032 ], [ -70.821574472461663, -33.252046831481486 ], [ -70.821573597399492, -33.252045303991686 ], [ -70.821572691393982, -33.252043789290845 ], [ -70.82157175470978, -33.252042287821432 ], [ -70.82157078762053, -33.252040800022058 ], [ -70.821569790408745, -33.252039326327363 ], [ -70.821568763365732, -33.252037867167822 ], [ -70.821567706791512, -33.252036422969702 ], [ -70.821566620994716, -33.252034994154862 ], [ -70.821565506292558, -33.252033581140729 ], [ -70.821564363010651, -33.252032184340031 ], [ -70.82156319148298, -33.252030804160825 ], [ -70.821561992051784, -33.252029441006293 ], [ -70.821560765067417, -33.252028095274653 ], [ -70.821559510888335, -33.252026767358991 ], [ -70.821558229880893, -33.252025457647235 ], [ -70.821556922419319, -33.252024166521977 ], [ -70.821555588885545, -33.252022894360408 ], [ -70.821554229669132, -33.252021641534121 ], [ -70.821552845167119, -33.252020408409102 ], [ -70.82155143578396, -33.252019195345575 ], [ -70.821550001931371, -33.252018002697916 ], [ -70.821548544028218, -33.252016830814512 ], [ -70.821547062500358, -33.252015680037672 ], [ -70.82154555778061, -33.252014550703592 ], [ -70.821544030308516, -33.252013443142182 ], [ -70.821542480530297, -33.252012357676954 ], [ -70.821540908898669, -33.252011294625007 ], [ -70.821539315872741, -33.252010254296898 ], [ -70.821537701917862, -33.252009236996514 ], [ -70.821536067505534, -33.252008243021031 ], [ -70.82153441311317, -33.252007272660812 ], [ -70.821532739224068, -33.252006326199329 ], [ -70.821531046327209, -33.252005403913039 ], [ -70.821529334917116, -33.252004506071373 ], [ -70.821527605493742, -33.252003632936621 ], [ -70.821525858562268, -33.252002784763846 ], [ -70.821524094633048, -33.252001961800786 ], [ -70.821522314221326, -33.252001164287897 ], [ -70.819470709108572, -33.25110097984674 ] ] ] ] } },
{ "type": "Feature", "properties": { "fid": 308, "Area": 6445.132 }, "geometry": { "type": "MultiPolygon", "coordinates": [ [ [ [ -70.821903067394302, -33.252168221794371 ], [ -70.82190126000377, -33.252167445339801 ], [ -70.821899436989995, -33.252166695112372 ], [ -70.821897598891994, -33.252165971333952 ], [ -70.821895746253318, -33.252165274218527 ], [ -70.821893879621769, -33.252164603972268 ], [ -70.821891999549308, -33.252163960793332 ], [ -70.821890106591894, -33.252163344871924 ], [ -70.821888201309235, -33.25216275639017 ], [ -70.821886284264735, -33.252162195522054 ], [ -70.821884356025251, -33.252161662433465 ], [ -70.821882417160964, -33.252161157281996 ], [ -70.821880468245197, -33.252160680217067 ], [ -70.821878509854216, -33.252160231379705 ], [ -70.821876542567125, -33.25215981090264 ], [ -70.821874566965661, -33.25215941891021 ], [ -70.82187258363399, -33.252159055518327 ], [ -70.821870593158579, -33.252158720834437 ], [ -70.821868596127999, -33.252158414957528 ], [ -70.821866593132754, -33.252158137978007 ], [ -70.821864584765166, -33.252157889977809 ], [ -70.821862571619064, -33.252157671030247 ], [ -70.821860554289756, -33.252157481200094 ], [ -70.821858533373742, -33.252157320543432 ], [ -70.821856509468603, -33.25215718910782 ], [ -70.821854483172814, -33.252157086932094 ], [ -70.821852455085548, -33.252157014046475 ], [ -70.821850425806488, -33.252156970472498 ], [ -70.821848395935675, -33.252156956223075 ], [ -70.821846366073373, -33.252156971302398 ], [ -70.821782801347823, -33.252011156281263 ], [ -70.821965649605986, -33.251965940097953 ], [ -70.821966448940685, -33.251968152041201 ], [ -70.821967293152184, -33.251970352183029 ], [ -70.821968181993881, -33.251972539880754 ], [ -70.821969115206116, -33.251974714495262 ], [ -70.821970092516295, -33.251976875391357 ], [ -70.821971113638938, -33.251979021937771 ], [ -70.821972178275729, -33.251981153507472 ], [ -70.821973286115721, -33.251983269477797 ], [ -70.821974436835262, -33.251985369230631 ], [ -70.821975630098223, -33.251987452152584 ], [ -70.821976865556024, -33.251989517635195 ], [ -70.821978142847769, -33.251991565075095 ], [ -70.821979461600336, -33.251993593874218 ], [ -70.821980821428497, -33.251995603439887 ], [ -70.821982221935045, -33.251997593185095 ], [ -70.821983662710863, -33.251999562528574 ], [ -70.821985143335041, -33.252001510895063 ], [ -70.8219866633751, -33.252003437715402 ], [ -70.821988222387006, -33.25200534242672 ], [ -70.821989819915331, -33.252007224472642 ], [ -70.821991455493418, -33.252009083303363 ], [ -70.821993128643484, -33.252010918375888 ], [ -70.821994838876776, -33.252012729154167 ], [ -70.821996585693711, -33.252014515109224 ], [ -70.821998368584005, -33.25201627571937 ], [ -70.822000187026845, -33.25201801047028 ], [ -70.822002040491043, -33.252019718855195 ], [ -70.822003928435151, -33.252021400375106 ], [ -70.822005850307676, -33.252023054538761 ], [ -70.822007805547202, -33.252024680862959 ], [ -70.822009793582595, -33.252026278872641 ], [ -70.822011813833058, -33.252027848100973 ], [ -70.822013865708485, -33.252029388089575 ], [ -70.82201594860949, -33.252030898388568 ], [ -70.822018061927594, -33.252032378556798 ], [ -70.822020205045476, -33.252033828161842 ], [ -70.822022377337063, -33.25203524678026 ], [ -70.822024578167827, -33.252036633997648 ], [ -70.822026806894854, -33.252037989408777 ], [ -70.822029062867088, -33.252039312617704 ], [ -70.822031345425501, -33.252040603237873 ], [ -70.822033653903347, -33.252041860892319 ], [ -70.822035987626265, -33.252043085213607 ], [ -70.822038345912517, -33.252044275844106 ], [ -70.822040728073219, -33.252045432436027 ], [ -70.822043133412507, -33.252046554651493 ], [ -70.822045561227711, -33.252047642162673 ], [ -70.824876306028472, -33.25328958681785 ], [ -70.824878793775198, -33.253290655251803 ], [ -70.824881303217254, -33.253291687248634 ], [ -70.824883833598676, -33.253292682497488 ], [ -70.824886384157253, -33.253293640698551 ], [ -70.824888954124674, -33.25329456156318 ], [ -70.824891542726775, -33.253295444813993 ], [ -70.824894149183763, -33.253296290184934 ], [ -70.824896772710517, -33.25329709742131 ], [ -70.824899412516729, -33.253297866279986 ], [ -70.824902067807187, -33.253298596529362 ], [ -70.824904737782063, -33.253299287949446 ], [ -70.82490742163705, -33.253299940331956 ], [ -70.824910118563679, -33.253300553480379 ], [ -70.824912827749557, -33.253301127210015 ], [ -70.824915548378598, -33.253301661348047 ], [ -70.824918279631234, -33.25330215573355 ], [ -70.824921020684712, -33.253302610217624 ], [ -70.824923770713355, -33.25330302466336 ], [ -70.824926528888767, -33.253303398945903 ], [ -70.824929294380084, -33.253303732952503 ], [ -70.824932066354251, -33.253304026582555 ], [ -70.824934843976251, -33.25330427974761 ], [ -70.82493762640938, -33.253304492371406 ], [ -70.824940412815479, -33.253304664389887 ], [ -70.824943202355172, -33.253304795751234 ], [ -70.824945994188155, -33.25330488641589 ], [ -70.82494878747346, -33.253304936356542 ], [ -70.824951581369646, -33.253304945558128 ], [ -70.824954375035077, -33.253304914017882 ], [ -70.824957167628241, -33.253304841745333 ], [ -70.824959958307886, -33.25330472876221 ], [ -70.824962746233382, -33.253304575102582 ], [ -70.824965530564896, -33.253304380812715 ], [ -70.824968310463717, -33.253304145951169 ], [ -70.824971085092443, -33.253303870588624 ], [ -70.824973853615262, -33.253303554808092 ], [ -70.824976615198182, -33.253303198704678 ], [ -70.824979369009341, -33.253302802385633 ], [ -70.82498211421921, -33.253302365970384 ], [ -70.824984850000803, -33.253301889590361 ], [ -70.824987575530059, -33.253301373389078 ], [ -70.824990289985905, -33.253300817522025 ], [ -70.824992992550705, -33.253300222156632 ], [ -70.824995682410318, -33.253299587472277 ], [ -70.824998358754513, -33.253298913660139 ], [ -70.825001020777037, -33.253298200923162 ], [ -70.825003667676043, -33.253297449476094 ], [ -70.825006298654159, -33.253296659545271 ], [ -70.825008912918875, -33.253295831368639 ], [ -70.825011509682682, -33.253294965195693 ], [ -70.825014088163329, -33.253294061287342 ], [ -70.825016647584121, -33.253293119915874 ], [ -70.825019187174064, -33.253292141364852 ], [ -70.825021706168144, -33.253291125929046 ], [ -70.825024203807573, -33.253290073914378 ], [ -70.825259327137715, -33.253457623485794 ], [ -70.825017811323747, -33.253556620308181 ], [ -70.825016906417687, -33.253555095261859 ], [ -70.825015970461536, -33.25355358350253 ], [ -70.825015003731565, -33.253552085476379 ], [ -70.825014006513101, -33.253550601625619 ], [ -70.825012979100549, -33.253549132388244 ], [ -70.825011921797142, -33.253547678197911 ], [ -70.825010834914977, -33.253546239483882 ], [ -70.825009718774879, -33.253544816670818 ], [ -70.825008573706313, -33.253543410178708 ], [ -70.825007400047269, -33.253542020422699 ], [ -70.825006198144166, -33.253540647813018 ], [ -70.825004968351777, -33.253539292754809 ], [ -70.825003711033148, -33.253537955648092 ], [ -70.825002426559351, -33.253536636887496 ], [ -70.825001115309576, -33.253535336862321 ], [ -70.82499977767084, -33.25353405595628 ], [ -70.824998414038006, -33.253532794547468 ], [ -70.82499702481357, -33.253531553008216 ], [ -70.824995610407598, -33.253530331705015 ], [ -70.824994171237577, -33.253529130998338 ], [ -70.824992707728327, -33.253527951242624 ], [ -70.82499122031183, -33.253526792786076 ], [ -70.824989709427157, -33.253525655970677 ], [ -70.824988175520247, -33.253524541131952 ], [ -70.824986619043898, -33.253523448599019 ], [ -70.82498504045752, -33.253522378694306 ], [ -70.824983440227086, -33.253521331733644 ], [ -70.824981818824952, -33.253520308026104 ], [ -70.824980176729696, -33.253519307873788 ], [ -70.824978514426036, -33.253518331571982 ], [ -70.82497683240463, -33.253517379408841 ], [ -70.824975131161978, -33.253516451665398 ], [ -70.824973411200233, -33.253515548615532 ], [ -70.824971673027079, -33.253514670525789 ], [ -70.824969917155599, -33.253513817655339 ], [ -70.824968144104076, -33.253512990255949 ], [ -70.824966354395855, -33.25351218857184 ], [ -70.821903067394302, -33.252168221794371 ] ] ] ] } },
{ "type": "Feature", "properties": { "fid": 309, "Area": 5760.575 }, "geometry": { "type": "MultiPolygon", "coordinates": [ [ [ [ -70.82500209203171, -33.250449750602876 ], [ -70.825288381935152, -33.250554540934139 ], [ -70.825304065715457, -33.25057558976949 ], [ -70.825319318679774, -33.250596860942196 ], [ -70.825334136364418, -33.250618348227725 ], [ -70.825348514433031, -33.250640045338365 ], [ -70.825362448677879, -33.250661945924961 ], [ -70.825375935021128, -33.250684043578836 ], [ -70.825388969515998, -33.250706331833619 ], [ -70.825401548347884, -33.25072880416716 ], [ -70.825413667835548, -33.250751454003471 ], [ -70.825425324432146, -33.250774274714566 ], [ -70.825436514726292, -33.250797259622495 ], [ -70.825447235443022, -33.250820402001239 ], [ -70.825457483444822, -33.250843695078665 ], [ -70.82546725573242, -33.2508671320386 ], [ -70.825476549445824, -33.250890706022709 ], [ -70.825485361865063, -33.250914410132573 ], [ -70.825493690410937, -33.250938237431662 ], [ -70.825501532645916, -33.250962180947489 ], [ -70.825508886274733, -33.250986233673395 ], [ -70.825515749145097, -33.251010388570897 ], [ -70.825522119248333, -33.251034638571532 ], [ -70.825527994719948, -33.251058976579053 ], [ -70.825533373840202, -33.251083395471376 ], [ -70.825538255034573, -33.251107888102837 ], [ -70.825542636874275, -33.251132447306126 ], [ -70.825546518076607, -33.251157065894461 ], [ -70.825549897505411, -33.251181736663668 ], [ -70.825552774171356, -33.251206452394314 ], [ -70.825555147232166, -33.25123120585382 ], [ -70.825557015993013, -33.251255989798501 ], [ -70.82555837990661, -33.251280796975784 ], [ -70.825559238573419, -33.251305620126296 ], [ -70.825559591741694, -33.251330451985993 ], [ -70.825559439307696, -33.251355285288227 ], [ -70.825558781315593, -33.251380112765979 ], [ -70.825557617957486, -33.251404927153871 ], [ -70.825555949573413, -33.251429721190419 ], [ -70.825529526983757, -33.251770624066744 ], [ -70.825510150611947, -33.251968147258737 ], [ -70.825482011221027, -33.252140321015162 ], [ -70.825484469423685, -33.252142155585126 ], [ -70.825259327137715, -33.253457623485794 ], [ -70.825024203807573, -33.253290073914378 ], [ -70.825026679339956, -33.253288985637717 ], [ -70.825029132019594, -33.253287861426884 ], [ -70.825031561107664, -33.253286701620553 ], [ -70.825033965872436, -33.253285506568062 ], [ -70.825036345589524, -33.253284276629422 ], [ -70.825038699542077, -33.253283012175146 ], [ -70.825041027021001, -33.253281713586112 ], [ -70.82504332732519, -33.253280381253497 ], [ -70.825045599761737, -33.253279015578642 ], [ -70.825047843646061, -33.253277616972944 ], [ -70.825050058302267, -33.2532761858577 ], [ -70.825052243063226, -33.25327472266401 ], [ -70.825054397270804, -33.253273227832651 ], [ -70.825056520276092, -33.253271701813887 ], [ -70.825058611439587, -33.25327014506744 ], [ -70.825060670131336, -33.253268558062238 ], [ -70.825062695731205, -33.253266941276323 ], [ -70.825064687629023, -33.253265295196741 ], [ -70.825066645224766, -33.253263620319359 ], [ -70.825068567928753, -33.25326191714867 ], [ -70.825070455161764, -33.253260186197764 ], [ -70.825072306355366, -33.25325842798803 ], [ -70.825074120951868, -33.253256643049113 ], [ -70.825075898404691, -33.253254831918689 ], [ -70.825077638178385, -33.25325299514234 ], [ -70.825079339748896, -33.253251133273359 ], [ -70.825081002603625, -33.253249246872585 ], [ -70.825082626241709, -33.253247336508302 ], [ -70.82508421017404, -33.253245402755951 ], [ -70.825085753923474, -33.25324344619802 ], [ -70.825087257025018, -33.253241467423933 ], [ -70.825088719025871, -33.253239467029736 ], [ -70.825090139485624, -33.253237445618012 ], [ -70.825091517976404, -33.253235403797682 ], [ -70.825092854082982, -33.253233342183805 ], [ -70.825094147402851, -33.253231261397417 ], [ -70.825095397546434, -33.253229162065303 ], [ -70.825096604137158, -33.253227044819859 ], [ -70.825097766811567, -33.253224910298883 ], [ -70.825098885219418, -33.253222759145338 ], [ -70.825099959023817, -33.253220592007239 ], [ -70.825100987901294, -33.253218409537382 ], [ -70.82510197154194, -33.253216212393205 ], [ -70.825102909649431, -33.253214001236564 ], [ -70.825103801941196, -33.253211776733529 ], [ -70.825104648148454, -33.253209539554199 ], [ -70.825105448016302, -33.253207290372472 ], [ -70.825106201303797, -33.253205029865875 ], [ -70.825106907784019, -33.253202758715346 ], [ -70.82510756724416, -33.253200477605041 ], [ -70.825108179485568, -33.253198187222097 ], [ -70.825108744323842, -33.253195888256464 ], [ -70.825109261588807, -33.253193581400637 ], [ -70.825109731124684, -33.253191267349521 ], [ -70.825110152790018, -33.253188946800201 ], [ -70.825293266793537, -33.252119054060685 ], [ -70.825304101309399, -33.252052054564686 ], [ -70.8253136939462, -33.251984921555128 ], [ -70.825322042384968, -33.251917671281149 ], [ -70.825329144607906, -33.251850320020182 ], [ -70.825334998898839, -33.251782884074125 ], [ -70.825366899825084, -33.251371311600657 ], [ -70.825368385747865, -33.251349219126801 ], [ -70.825369420233528, -33.251327108481171 ], [ -70.825370002977749, -33.251304986175526 ], [ -70.825370133809244, -33.251282858725055 ], [ -70.825369812689814, -33.251260732646443 ], [ -70.825369039714388, -33.251238614456007 ], [ -70.825367815110965, -33.25121651066766 ], [ -70.825366139240501, -33.251194427791148 ], [ -70.825364012596921, -33.251172372330011 ], [ -70.825361435806855, -33.25115035077971 ], [ -70.82535840962953, -33.251128369625732 ], [ -70.825354934956508, -33.25110643534164 ], [ -70.825351012811439, -33.251084554387226 ], [ -70.825346644349736, -33.251062733206524 ], [ -70.825341830858264, -33.251040978225994 ], [ -70.825336573754967, -33.251019295852593 ], [ -70.825330874588388, -33.250997692471849 ], [ -70.825324735037285, -33.250976174446095 ], [ -70.8253181569101, -33.250954748112449 ], [ -70.825311142144457, -33.250933419781092 ], [ -70.825303692806514, -33.250912195733243 ], [ -70.825295811090456, -33.250891082219518 ], [ -70.825287499317781, -33.250870085457883 ], [ -70.825278759936637, -33.250849211631966 ], [ -70.825269595521078, -33.250828466889175 ], [ -70.825260008770371, -33.250807857338884 ], [ -70.825250002508128, -33.250787389050679 ], [ -70.82523957968148, -33.250767068052504 ], [ -70.825228743360285, -33.250746900328942 ], [ -70.825217496736116, -33.250726891819447 ], [ -70.82520584312141, -33.250707048416544 ], [ -70.825193785948443, -33.250687375964141 ], [ -70.825181328768309, -33.250667880255826 ], [ -70.825168475249967, -33.250648567033103 ], [ -70.825155229179018, -33.25062944198374 ], [ -70.825141594456682, -33.250610510740103 ], [ -70.825127575098634, -33.250591778877421 ], [ -70.825113175233838, -33.25057325191225 ], [ -70.825098399103297, -33.250554935300791 ], [ -70.825083251058786, -33.250536834437327 ], [ -70.825067735561632, -33.25051895465252 ], [ -70.825051857181364, -33.250501301211976 ], [ -70.825035620594349, -33.250483879314658 ], [ -70.825019030582496, -33.250466694091266 ], [ -70.82500209203171, -33.250449750602876 ] ] ] ] } },
{ "type": "Feature", "properties": { "fid": 310, "Area": 11450.083 }, "geometry": { "type": "MultiPolygon", "coordinates": [ [ [ [ -70.828166340269249, -33.251484399829835 ], [ -70.828284602443247, -33.251546685479866 ], [ -70.828401734494335, -33.251610460999444 ], [ -70.828387171547007, -33.251623178678479 ], [ -70.828384386150859, -33.251623080020103 ], [ -70.828381599138922, -33.251623021906596 ], [ -70.828378811347122, -33.251623004355395 ], [ -70.828376023611668, -33.251623027371757 ], [ -70.82837323676867, -33.251623090948783 ], [ -70.828370451654052, -33.251623195067403 ], [ -70.828367669103159, -33.251623339696387 ], [ -70.82836488995062, -33.25162352479235 ], [ -70.828362115029975, -33.251623750299792 ], [ -70.828359345173553, -33.251624016151077 ], [ -70.828356581212148, -33.251624322266444 ], [ -70.828353823974766, -33.251624668554065 ], [ -70.828351074288449, -33.251625054910093 ], [ -70.82834833297791, -33.25162548121866 ], [ -70.82834560086539, -33.251625947351897 ], [ -70.828342878770371, -33.251626453169969 ], [ -70.828340167509296, -33.251626998521161 ], [ -70.828337467895381, -33.251627583241913 ], [ -70.828334780738373, -33.251628207156848 ], [ -70.828332106844243, -33.251628870078825 ], [ -70.828329447015008, -33.251629571808998 ], [ -70.828326802048451, -33.251630312136903 ], [ -70.828324172737922, -33.251631090840476 ], [ -70.828321559872023, -33.251631907686154 ], [ -70.828318964234484, -33.251632762428933 ], [ -70.828316386603859, -33.251633654812437 ], [ -70.828313827753234, -33.251634584569011 ], [ -70.82831128845018, -33.251635551419788 ], [ -70.828308769456257, -33.251636555074761 ], [ -70.828306271527083, -33.2516375952329 ], [ -70.828303795411856, -33.251638671582199 ], [ -70.828301341853276, -33.251639783799853 ], [ -70.828298911587254, -33.251640931552238 ], [ -70.828296505342735, -33.251642114495091 ], [ -70.828294123841459, -33.25164333227363 ], [ -70.828291767797708, -33.251644584522559 ], [ -70.828289437918187, -33.251645870866305 ], [ -70.828287134901686, -33.251647190919023 ], [ -70.828284859439023, -33.251648544284784 ], [ -70.828282612212661, -33.251649930557669 ], [ -70.828280393896662, -33.251651349321847 ], [ -70.82827820515638, -33.251652800151803 ], [ -70.828276046648298, -33.251654282612364 ], [ -70.828273919019864, -33.251655796258888 ], [ -70.82827182290923, -33.251657340637351 ], [ -70.828269758945112, -33.251658915284544 ], [ -70.828267727746578, -33.251660519728183 ], [ -70.828265729922848, -33.251662153486997 ], [ -70.828263766073178, -33.251663816070959 ], [ -70.828261836786609, -33.251665506981439 ], [ -70.828259942641807, -33.251667225711209 ], [ -70.828258084206908, -33.251668971744749 ], [ -70.828256262039318, -33.251670744558403 ], [ -70.828254476685615, -33.251672543620394 ], [ -70.828252728681264, -33.251674368391122 ], [ -70.828251018550603, -33.251676218323269 ], [ -70.82824934680653, -33.251678092861944 ], [ -70.828247713950518, -33.251679991444924 ], [ -70.828246120472301, -33.251681913502722 ], [ -70.828244566849847, -33.25168385845884 ], [ -70.82824305354913, -33.251685825729908 ], [ -70.82697282827101, -33.253368857060856 ], [ -70.82695899670864, -33.253387533647491 ], [ -70.826945546360704, -33.25340640576394 ], [ -70.826932481141938, -33.253425467917772 ], [ -70.826919804855009, -33.25344471456129 ], [ -70.826907521189412, -33.253464140093101 ], [ -70.826895633720355, -33.253483738859721 ], [ -70.826884145907741, -33.253503505157276 ], [ -70.826873061095228, -33.253523433233106 ], [ -70.826862382509091, -33.253543517287476 ], [ -70.826852113257488, -33.253563751475234 ], [ -70.826842256329385, -33.253584129907559 ], [ -70.8268328145938, -33.253604646653642 ], [ -70.826823790798883, -33.253625295742374 ], [ -70.826815187571171, -33.253646071164184 ], [ -70.8268070074148, -33.253666966872707 ], [ -70.826799252710813, -33.253687976786523 ], [ -70.826791925716407, -33.253709094791041 ], [ -70.826785028564288, -33.253730314740153 ], [ -70.82677856326211, -33.253751630458119 ], [ -70.826772531691816, -33.253773035741283 ], [ -70.826767613320428, -33.253791825725088 ], [ -70.82676302917551, -33.253810675274103 ], [ -70.826758780277871, -33.253829580191827 ], [ -70.826754867573641, -33.253848536269395 ], [ -70.826751291934158, -33.253867539286603 ], [ -70.826740634848179, -33.253927052512552 ], [ -70.826740634847951, -33.253927052513632 ], [ -70.826669070366478, -33.254327023732259 ], [ -70.826257685488656, -33.25662395111312 ], [ -70.826257299165718, -33.256626240569311 ], [ -70.826256959486017, -33.256628535239798 ], [ -70.826256666548858, -33.256630834453915 ], [ -70.826256420439847, -33.256633137539566 ], [ -70.826256221230949, -33.256635443823612 ], [ -70.826256068980399, -33.256637752631917 ], [ -70.826255963732677, -33.256640063289652 ], [ -70.826255905518551, -33.256642375121402 ], [ -70.826255894355057, -33.25664468745142 ], [ -70.826255930245452, -33.256646999603852 ], [ -70.826256013179261, -33.25664931090288 ], [ -70.826256143132241, -33.256651620672883 ], [ -70.826256320066392, -33.256653928238748 ], [ -70.826256543930029, -33.256656232925991 ], [ -70.826256814657711, -33.256658534060961 ], [ -70.826257132170312, -33.256660830971036 ], [ -70.826257496375021, -33.256663122984847 ], [ -70.826257907165385, -33.256665409432472 ], [ -70.826258364421349, -33.256667689645568 ], [ -70.826258868009248, -33.256669962957666 ], [ -70.826259417781898, -33.256672228704254 ], [ -70.826260013578604, -33.256674486223098 ], [ -70.826260655225227, -33.256676734854317 ], [ -70.826261342534224, -33.256678973940652 ], [ -70.826262075304669, -33.256681202827643 ], [ -70.826262853322433, -33.256683420863787 ], [ -70.826263676360057, -33.256685627400756 ], [ -70.826264544177008, -33.256687821793598 ], [ -70.826265456519636, -33.256690003400919 ], [ -70.826266413121232, -33.256692171585016 ], [ -70.82626741370224, -33.256694325712154 ], [ -70.826268457970158, -33.256696465152693 ], [ -70.826269545619752, -33.256698589281299 ], [ -70.826270676333152, -33.256700697477079 ], [ -70.826271849779815, -33.256702789123807 ], [ -70.826273065616789, -33.256704863610132 ], [ -70.826274323488661, -33.256706920329698 ], [ -70.826275623027797, -33.256708958681294 ], [ -70.826276963854312, -33.256710978069172 ], [ -70.826278345576341, -33.256712977903049 ], [ -70.826279767789956, -33.256714957598355 ], [ -70.826281230079488, -33.256716916576487 ], [ -70.826120691053276, -33.256871645822521 ], [ -70.826002664217256, -33.256657874104775 ], [ -70.826004511326232, -33.256657137847341 ], [ -70.826006342982652, -33.256656374826136 ], [ -70.826008158637151, -33.256655585270003 ], [ -70.826009957745228, -33.256654769415732 ], [ -70.82601173976731, -33.256653927507998 ], [ -70.826013504168941, -33.256653059799305 ], [ -70.826015250420966, -33.256652166549884 ], [ -70.826016977999657, -33.256651248027637 ], [ -70.826018686386902, -33.256650304508035 ], [ -70.826020375070357, -33.256649336274037 ], [ -70.82602204354356, -33.256648343616057 ], [ -70.826023691306091, -33.256647326831768 ], [ -70.82602531786381, -33.256646286226122 ], [ -70.826026922728886, -33.256645222111217 ], [ -70.826028505419984, -33.256644134806194 ], [ -70.826030065462461, -33.256643024637128 ], [ -70.826031602388454, -33.256641891936994 ], [ -70.826033115737005, -33.256640737045487 ], [ -70.826034605054261, -33.256639560308948 ], [ -70.826036069893547, -33.256638362080338 ], [ -70.826037509815563, -33.256637142718986 ], [ -70.826038924388456, -33.25663590259061 ], [ -70.826040313187974, -33.256634642067098 ], [ -70.826041675797597, -33.256633361526546 ], [ -70.826043011808693, -33.256632061352953 ], [ -70.826044320820571, -33.256630741936291 ], [ -70.826045602440644, -33.25662940367225 ], [ -70.82604685628452, -33.256628046962192 ], [ -70.826048081976211, -33.256626672212995 ], [ -70.826049279148066, -33.256625279836982 ], [ -70.826050447441077, -33.256623870251708 ], [ -70.826051586504875, -33.256622443879948 ], [ -70.826052695997816, -33.256621001149483 ], [ -70.826053775587155, -33.256619542493006 ], [ -70.826054824949139, -33.25661806834794 ], [ -70.826055843769026, -33.25661657915645 ], [ -70.826056831741283, -33.25661507536514 ], [ -70.826057788569614, -33.256613557424977 ], [ -70.826058713967029, -33.25661202579127 ], [ -70.82605960765602, -33.256610480923328 ], [ -70.826060469368571, -33.25660892328446 ], [ -70.826061298846227, -33.256607353341856 ], [ -70.826062095840228, -33.256605771566335 ], [ -70.826062860111549, -33.256604178432276 ], [ -70.826063591430994, -33.256602574417506 ], [ -70.826064289579207, -33.256600960003048 ], [ -70.826064954346819, -33.256599335673108 ], [ -70.826065585534479, -33.256597701914828 ], [ -70.826066182952886, -33.25659605921819 ], [ -70.826066746422839, -33.256594408075841 ], [ -70.826067275775387, -33.256592748982982 ], [ -70.826067770851765, -33.256591082437204 ], [ -70.826068231503484, -33.256589408938304 ], [ -70.826068657592415, -33.256587728988194 ], [ -70.826069048990746, -33.256586043090671 ], [ -70.826069405581094, -33.256584351751393 ], [ -70.826069727256566, -33.25658265547758 ], [ -70.826560268771985, -33.253843391965674 ], [ -70.826564978734055, -33.253818554409349 ], [ -70.826570200127207, -33.253793789137667 ], [ -70.826575931383772, -33.253769103584069 ], [ -70.826582170783055, -33.253744505158011 ], [ -70.826588916451854, -33.253720001242861 ], [ -70.826596166364965, -33.253695599193584 ], [ -70.826603918345896, -33.253671306334539 ], [ -70.826612170067449, -33.253647129957344 ], [ -70.826620919052402, -33.253623077318593 ], [ -70.826630162674292, -33.253599155637801 ], [ -70.82663989815822, -33.253575372095163 ], [ -70.826650122581668, -33.253551733829319 ], [ -70.826660832875319, -33.253528247935421 ], [ -70.826672025824067, -33.253504921462778 ], [ -70.826683698067924, -33.253481761412885 ], [ -70.826695846103064, -33.253458774737304 ], [ -70.826708466282867, -33.253435968335509 ], [ -70.826721554818988, -33.253413349052877 ], [ -70.826735107782497, -33.253390923678602 ], [ -70.826749121105109, -33.253368698943717 ], [ -70.826763590580356, -33.253346681518956 ], [ -70.826778511864859, -33.253324878012883 ], [ -70.82679388047967, -33.253303294969839 ], [ -70.826809691811533, -33.253281938867929 ], [ -70.828166340269249, -33.251484399829835 ] ] ] ] } },
{ "type": "Feature", "properties": { "fid": 311, "Area": 18163.499 }, "geometry": { "type": "MultiPolygon", "coordinates": [ [ [ [ -70.830333340505945, -33.254591434626043 ], [ -70.830355085378514, -33.254566003359464 ], [ -70.830377334972312, -33.254540882164157 ], [ -70.830400083024742, -33.254516078110477 ], [ -70.830423323132905, -33.254491598179563 ], [ -70.830447048755488, -33.25446744926127 ], [ -70.830471253214441, -33.254443638152303 ], [ -70.830495929697079, -33.25442017155428 ], [ -70.83052107125782, -33.254397056071859 ], [ -70.830546670820198, -33.254374298210884 ], [ -70.830572721178868, -33.254351904376513 ], [ -70.830599215001669, -33.254329880871452 ], [ -70.830626144831555, -33.2543082338942 ], [ -70.830653503088897, -33.254286969537212 ], [ -70.8306812820734, -33.254266093785333 ], [ -70.830709473966422, -33.254245612513976 ], [ -70.830738070833135, -33.254225531487528 ], [ -70.830767064624723, -33.254205856357736 ], [ -70.830796447180703, -33.254186592662109 ], [ -70.830826210231137, -33.25416774582235 ], [ -70.83085634539907, -33.254149321142833 ], [ -70.830886844202823, -33.254131323809098 ], [ -70.830917698058386, -33.254113758886426 ], [ -70.83094889828179, -33.254096631318397 ], [ -70.830980436091679, -33.254079945925476 ], [ -70.83101230261164, -33.254063707403695 ], [ -70.831186420994612, -33.254291458584667 ], [ -70.831158701729464, -33.254305403523873 ], [ -70.831131268752344, -33.25431974254321 ], [ -70.831104129999119, -33.254334471494708 ], [ -70.831077293320561, -33.254349586117655 ], [ -70.831050766480061, -33.254365082039747 ], [ -70.831024557151437, -33.254380954778377 ], [ -70.830998672916621, -33.254397199741923 ], [ -70.830973121263526, -33.254413812231086 ], [ -70.830947909583884, -33.254430787440263 ], [ -70.83092304517109, -33.254448120458896 ], [ -70.830898535218083, -33.254465806272933 ], [ -70.830874386815267, -33.254483839766287 ], [ -70.830850606948545, -33.254502215722219 ], [ -70.830827202497119, -33.254520928825009 ], [ -70.830804180231681, -33.254539973661316 ], [ -70.830781546812347, -33.254559344721912 ], [ -70.830759308786739, -33.25457903640315 ], [ -70.830737472588154, -33.254599043008618 ], [ -70.830716044533673, -33.254619358750823 ], [ -70.830695030822255, -33.254639977752866 ], [ -70.830674437533077, -33.254660894050048 ], [ -70.830654270623668, -33.254682101591719 ], [ -70.830634535928255, -33.254703594242947 ], [ -70.830615239156032, -33.254725365786328 ], [ -70.830596385889507, -33.254747409923802 ], [ -70.829252337621739, -33.256347440597885 ], [ -70.829228276806063, -33.256375565944211 ], [ -70.82920364291914, -33.256403338906949 ], [ -70.829178443270223, -33.256430751244828 ], [ -70.829152685336425, -33.256457794823561 ], [ -70.829126376760556, -33.256484461618335 ], [ -70.829099525348852, -33.256510743716056 ], [ -70.829072139068657, -33.25653663331785 ], [ -70.829044226046037, -33.256562122741265 ], [ -70.829015794563375, -33.256587204422587 ], [ -70.828986853056975, -33.256611870919087 ], [ -70.828957410114427, -33.256636114911281 ], [ -70.828927474472223, -33.256659929204986 ], [ -70.828897055013002, -33.256683306733535 ], [ -70.828866160763056, -33.256706240559886 ], [ -70.828834800889553, -33.256728723878652 ], [ -70.828802984697859, -33.256750750018099 ], [ -70.828770721628786, -33.256772312442159 ], [ -70.828738021255731, -33.256793404752379 ], [ -70.828704893281952, -33.256814020689788 ], [ -70.828671347537536, -33.256834154136769 ], [ -70.828637393976621, -33.256853799118893 ], [ -70.828603042674331, -33.256872949806628 ], [ -70.8285683038239, -33.256891600517172 ], [ -70.828533187733527, -33.256909745716051 ], [ -70.828497704823391, -33.256927380018809 ], [ -70.828461865622572, -33.256944498192574 ], [ -70.828425680765832, -33.256961095157614 ], [ -70.828389160990611, -33.256977165988907 ], [ -70.828352317133664, -33.256992705917511 ], [ -70.828315160127985, -33.257007710332054 ], [ -70.828277700999507, -33.257022174780019 ], [ -70.828239950863818, -33.257036094969209 ], [ -70.828201920922908, -33.257049466768848 ], [ -70.828163622461759, -33.257062286210896 ], [ -70.828125066845104, -33.257074549491243 ], [ -70.82808626551396, -33.257086252970836 ], [ -70.828047229982332, -33.257097393176693 ], [ -70.828007971833671, -33.257107966803005 ], [ -70.827968502717525, -33.257117970712081 ], [ -70.827928834346082, -33.257127401935286 ], [ -70.827888978490648, -33.25713625767392 ], [ -70.827848946978165, -33.257144535300085 ], [ -70.827808751687755, -33.257152232357399 ], [ -70.827768404547115, -33.257159346561771 ], [ -70.827727917529032, -33.257165875802073 ], [ -70.82768730264776, -33.257171818140762 ], [ -70.827646571955583, -33.257177171814426 ], [ -70.827605737539116, -33.257181935234406 ], [ -70.827564811515771, -33.257186106987106 ], [ -70.827523806030129, -33.257189685834589 ], [ -70.827482733250392, -33.257192670714794 ], [ -70.827441605364712, -33.25719506074195 ], [ -70.827400434577584, -33.257196855206786 ], [ -70.827359233106293, -33.257198053576793 ], [ -70.827318013177191, -33.257198655496325 ], [ -70.827276787022114, -33.257198660786734 ], [ -70.827235566874748, -33.257198069446432 ], [ -70.827194364966985, -33.257196881650835 ], [ -70.827153193525334, -33.257195097752444 ], [ -70.827112064767235, -33.257192718280535 ], [ -70.827070990897496, -33.257189743941218 ], [ -70.827029984104598, -33.257186175617043 ], [ -70.826989056557125, -33.257182014366926 ], [ -70.826948220400141, -33.257177261425632 ], [ -70.826907487751598, -33.257171918203547 ], [ -70.826866870698709, -33.257165986286225 ], [ -70.826826381294396, -33.257159467433901 ], [ -70.826786031553695, -33.257152363581 ], [ -70.826745833450175, -33.257144676835523 ], [ -70.826705798912386, -33.257136409478441 ], [ -70.826665939820373, -33.257127563963039 ], [ -70.826626268002101, -33.257118142914138 ], [ -70.826318142160716, -33.257042556960592 ], [ -70.826316165035678, -33.257042087599089 ], [ -70.826314178487991, -33.257041647216141 ], [ -70.826312183119285, -33.257041235945124 ], [ -70.82631017953392, -33.25704085391061 ], [ -70.826308168338727, -33.257040501228303 ], [ -70.826306150142841, -33.257040178005042 ], [ -70.826304125557513, -33.257039884338688 ], [ -70.826302095195942, -33.257039620318203 ], [ -70.826300059673073, -33.257039386023543 ], [ -70.826298019605417, -33.257039181525677 ], [ -70.826295975610833, -33.257039006886551 ], [ -70.826293928308417, -33.25703886215905 ], [ -70.826291878318244, -33.257038747387007 ], [ -70.82628982626116, -33.257038662605176 ], [ -70.826287772758732, -33.257038607839242 ], [ -70.826285718432885, -33.257038583105803 ], [ -70.826283663905826, -33.257038588412343 ], [ -70.826281609799807, -33.257038623757232 ], [ -70.826279556736964, -33.257038689129807 ], [ -70.826277505339121, -33.257038784510229 ], [ -70.826275456227592, -33.25703890986965 ], [ -70.826273410022992, -33.257039065170048 ], [ -70.826271367345072, -33.257039250364436 ], [ -70.826269328812486, -33.257039465396723 ], [ -70.826267295042669, -33.257039710201738 ], [ -70.826265266651589, -33.257039984705365 ], [ -70.826263244253582, -33.25704028882447 ], [ -70.826261228461206, -33.257040622466931 ], [ -70.82625921988496, -33.25704098553171 ], [ -70.826257219133211, -33.257041377908827 ], [ -70.826255226811909, -33.25704179947946 ], [ -70.826253243524519, -33.257042250115909 ], [ -70.826251269871676, -33.257042729681693 ], [ -70.826249306451174, -33.257043238031571 ], [ -70.826247353857667, -33.257043775011574 ], [ -70.826245412682567, -33.257044340459053 ], [ -70.826243483513778, -33.257044934202781 ], [ -70.826241566935607, -33.257045556062891 ], [ -70.82623966352854, -33.257046205851076 ], [ -70.826237773869053, -33.257046883370499 ], [ -70.82623589852949, -33.257047588415972 ], [ -70.826234038077828, -33.257048320773954 ], [ -70.826232193077558, -33.257049080222629 ], [ -70.826230364087479, -33.257049866531993 ], [ -70.826228551661558, -33.257050679463873 ], [ -70.826226756348717, -33.25705151877208 ], [ -70.826224978692693, -33.257052384202396 ], [ -70.82622321923192, -33.257053275492709 ], [ -70.826221478499278, -33.25705419237304 ], [ -70.826120691053276, -33.256871645822521 ], [ -70.826281230079488, -33.256716916576487 ], [ -70.826282731928018, -33.256718854151465 ], [ -70.826284272981439, -33.256720769872857 ], [ -70.826285852789397, -33.25672266318081 ], [ -70.826287470890136, -33.256724533521954 ], [ -70.826289126810778, -33.256726380349662 ], [ -70.826290820067356, -33.25672820312419 ], [ -70.826292550164993, -33.256730001312818 ], [ -70.82629431659808, -33.256731774389991 ], [ -70.826296118850308, -33.256733521837504 ], [ -70.82629795639501, -33.256735243144647 ], [ -70.826299828695099, -33.25673693780837 ], [ -70.826301735203401, -33.256738605333382 ], [ -70.826303675362723, -33.256740245232315 ], [ -70.826305648606009, -33.256741857025915 ], [ -70.826307654356597, -33.256743440243078 ], [ -70.826309692028232, -33.256744994421133 ], [ -70.826311761025437, -33.256746519105832 ], [ -70.826313860743497, -33.256748013851563 ], [ -70.826315990568744, -33.256749478221501 ], [ -70.82631814987873, -33.256750911787648 ], [ -70.826320338042379, -33.256752314131013 ], [ -70.826322554420159, -33.256753684841755 ], [ -70.826324798364297, -33.256755023519304 ], [ -70.826327069219019, -33.256756329772358 ], [ -70.826329366320621, -33.256757603219192 ], [ -70.82633168899774, -33.256758843487617 ], [ -70.826334036571566, -33.256760050215135 ], [ -70.826336408355985, -33.256761223049089 ], [ -70.826338803657805, -33.256762361646679 ], [ -70.826341221777, -33.256763465675171 ], [ -70.826343662006835, -33.256764534811879 ], [ -70.826346123634124, -33.256765568744342 ], [ -70.826348605939444, -33.256766567170374 ], [ -70.826351108197287, -33.256767529798182 ], [ -70.826353629676362, -33.256768456346414 ], [ -70.826356169639723, -33.256769346544296 ], [ -70.826358727345053, -33.256770200131641 ], [ -70.826361302044816, -33.256771016858984 ], [ -70.826363892986564, -33.256771796487634 ], [ -70.826366499413012, -33.25677253878974 ], [ -70.826369120562433, -33.256773243548324 ], [ -70.826371755668788, -33.256773910557442 ], [ -70.826716510014194, -33.256858481882304 ], [ -70.826750844668197, -33.256866635452262 ], [ -70.826785341398988, -33.256874290917871 ], [ -70.826819989970005, -33.256881446007476 ], [ -70.826854780099566, -33.256888098597877 ], [ -70.826889701464069, -33.256894246715007 ], [ -70.826924743700872, -33.256899888534463 ], [ -70.826959896411509, -33.256905022382121 ], [ -70.826995149164716, -33.256909646734584 ], [ -70.827030491499528, -33.256913760219604 ], [ -70.827065912928433, -33.256917361616587 ], [ -70.8271014029404, -33.256920449856864 ], [ -70.82713695100405, -33.256923024024047 ], [ -70.827172546570793, -33.256925083354297 ], [ -70.827208179077914, -33.256926627236531 ], [ -70.827243837951784, -33.256927655212678 ], [ -70.8272795126109, -33.256928166977644 ], [ -70.827315192469115, -33.256928162379658 ], [ -70.827350866938701, -33.256927641420077 ], [ -70.827386525433539, -33.256926604253501 ], [ -70.827422157372283, -33.25692505118775 ], [ -70.827457752181459, -33.256922982683676 ], [ -70.827493299298567, -33.256920399355145 ], [ -70.827528788175314, -33.25691730196872 ], [ -70.827564208280677, -33.256913691443572 ], [ -70.82759954910405, -33.256909568851107 ], [ -70.82763480015835, -33.256904935414717 ], [ -70.82766995098315, -33.256899792509287 ], [ -70.827704991147769, -33.256894141661043 ], [ -70.827739910254337, -33.256887984546772 ], [ -70.827774697940953, -33.256881322993586 ], [ -70.827809343884724, -33.25687415897827 ], [ -70.827843837804792, -33.256866494626685 ], [ -70.82787816946545, -33.256858332213199 ], [ -70.827912328679147, -33.256849674159938 ], [ -70.827946305309482, -33.256840523036132 ], [ -70.827980089274277, -33.256830881557313 ], [ -70.828013670548529, -33.256820752584488 ], [ -70.828047039167387, -33.256810139123374 ], [ -70.828080185229112, -33.256799044323444 ], [ -70.828113098898044, -33.256787471476969 ], [ -70.828145770407446, -33.256775424018088 ], [ -70.828178190062502, -33.256762905521811 ], [ -70.828210348243104, -33.256749919702884 ], [ -70.82824223540679, -33.256736470414694 ], [ -70.828273842091477, -33.256722561648246 ], [ -70.828305158918397, -33.256708197530799 ], [ -70.828336176594732, -33.256693382324784 ], [ -70.828366885916523, -33.256678120426457 ], [ -70.828397277771245, -33.256662416364641 ], [ -70.82842734314066, -33.256646274799365 ], [ -70.828457073103408, -33.256629700520449 ], [ -70.828486458837645, -33.256612698446141 ], [ -70.828515491623733, -33.25659527362162 ], [ -70.82854416284674, -33.256577431217508 ], [ -70.828572463999066, -33.256559176528327 ], [ -70.82860038668295, -33.256540514970972 ], [ -70.828627922612924, -33.256521452083007 ], [ -70.828655063618314, -33.256501993521127 ], [ -70.828681801645644, -33.256482145059429 ], [ -70.82870812876105, -33.256461912587682 ], [ -70.828734037152628, -33.256441302109621 ], [ -70.82875951913266, -33.256420319741132 ], [ -70.828784567140104, -33.256398971708457 ], [ -70.828809173742613, -33.256377264346334 ], [ -70.828833331638862, -33.256355204096124 ], [ -70.828857033660711, -33.256332797503909 ], [ -70.82888027277528, -33.256310051218506 ], [ -70.828903042087092, -33.256286971989553 ], [ -70.828925334840079, -33.256263566665467 ], [ -70.828947144419601, -33.256239842191448 ], [ -70.828968464354404, -33.256215805607333 ], [ -70.828989288318567, -33.256191464045635 ], [ -70.830333340505945, -33.254591434626043 ] ] ] ] } },
{ "type": "Feature", "properties": { "fid": 312, "Area": 8587.72 }, "geometry": { "type": "MultiPolygon", "coordinates": [ [ [ [ -70.825932007194865, -33.257351679630695 ], [ -70.825986065391461, -33.257049821908744 ], [ -70.825986354008279, -33.25704810886586 ], [ -70.82598660701629, -33.25704639185399 ], [ -70.8259868243385, -33.25704467139559 ], [ -70.8259870059088, -33.257042948014153 ], [ -70.825987151671924, -33.257041222234037 ], [ -70.825987261583535, -33.257039494580354 ], [ -70.825987335610165, -33.257037765578787 ], [ -70.825987373729347, -33.257036035755441 ], [ -70.825987375929415, -33.25703430563663 ], [ -70.825987342209771, -33.257032575748788 ], [ -70.825987272580633, -33.257030846618271 ], [ -70.82598716706319, -33.257029118771221 ], [ -70.825987025689571, -33.257027392733363 ], [ -70.825986848502794, -33.257025669029893 ], [ -70.82598663555676, -33.257023948185264 ], [ -70.825986386916256, -33.257022230723123 ], [ -70.825986102656969, -33.257020517165998 ], [ -70.825985782865359, -33.257018808035291 ], [ -70.825985427638784, -33.257017103851084 ], [ -70.82598503708526, -33.257015405131874 ], [ -70.82598461132369, -33.257013712394532 ], [ -70.825984150483578, -33.257012026154136 ], [ -70.825983654705155, -33.257010346923742 ], [ -70.825983124139299, -33.257008675214315 ], [ -70.825982558947416, -33.25700701153449 ], [ -70.825981959301515, -33.257005356390493 ], [ -70.826120691053276, -33.256871645822521 ], [ -70.826221478499278, -33.25705419237304 ], [ -70.826219757021988, -33.257055134565746 ], [ -70.826218055321448, -33.257056101785423 ], [ -70.82621637391307, -33.257057093739135 ], [ -70.826214713306072, -33.257058110126451 ], [ -70.826213074003434, -33.25705915063952 ], [ -70.826211456501667, -33.257060214963225 ], [ -70.82620986129065, -33.257061302775185 ], [ -70.82620828885355, -33.257062413745942 ], [ -70.826206739666603, -33.257063547539005 ], [ -70.826205214199007, -33.257064703810975 ], [ -70.826203712912829, -33.257065882211677 ], [ -70.826202236262731, -33.257067082384161 ], [ -70.826200784695956, -33.25706830396495 ], [ -70.826199358652161, -33.257069546584077 ], [ -70.826197958563256, -33.257070809865155 ], [ -70.826196584853278, -33.25707209342557 ], [ -70.826195237938308, -33.257073396876599 ], [ -70.826193918226281, -33.257074719823422 ], [ -70.826192626116892, -33.257076061865369 ], [ -70.826191362001538, -33.257077422595984 ], [ -70.826190126263015, -33.2570788016031 ], [ -70.826188919275651, -33.257080198469104 ], [ -70.826187741405008, -33.257081612770882 ], [ -70.826186593007805, -33.25708304408009 ], [ -70.826185474431881, -33.257084491963234 ], [ -70.826184386016024, -33.257085955981758 ], [ -70.826183328089897, -33.257087435692277 ], [ -70.826182300973912, -33.257088930646617 ], [ -70.82618130497913, -33.257090440392005 ], [ -70.826180340407248, -33.257091964471165 ], [ -70.826179407550427, -33.257093502422492 ], [ -70.826178506691164, -33.257095053780198 ], [ -70.826177638102322, -33.257096618074399 ], [ -70.826176802046973, -33.257098194831315 ], [ -70.826175998778368, -33.257099783573381 ], [ -70.826175228539753, -33.257101383819432 ], [ -70.826174491564444, -33.257102995084765 ], [ -70.82617378807565, -33.257104616881399 ], [ -70.826173118286434, -33.257106248718124 ], [ -70.82617248239967, -33.257107890100684 ], [ -70.82617188060793, -33.257109540531957 ], [ -70.826171313093511, -33.257111199512082 ], [ -70.826170780028278, -33.25711286653857 ], [ -70.82617028157371, -33.25711454110656 ], [ -70.826169817880753, -33.257116222708817 ], [ -70.826169389089856, -33.257117910836079 ], [ -70.826168995330903, -33.257119604977028 ], [ -70.826168636723153, -33.257121304618558 ], [ -70.826168313375206, -33.25712300924588 ], [ -70.826123037917739, -33.257375827648666 ], [ -70.826110590079921, -33.257449305339811 ], [ -70.826099644903948, -33.2575229516804 ], [ -70.826090205617135, -33.257596744980489 ], [ -70.82608227500333, -33.257670663506801 ], [ -70.826075855402053, -33.257744685489136 ], [ -70.826070948707809, -33.257818789126766 ], [ -70.826067556369594, -33.257892952594815 ], [ -70.826065679390311, -33.25796715405081 ], [ -70.826065318326641, -33.258041371640971 ], [ -70.826066473288776, -33.258115583506751 ], [ -70.826069143940401, -33.258189767791208 ], [ -70.826072895803478, -33.258258069339206 ], [ -70.826077965247279, -33.25832631080349 ], [ -70.82608435094221, -33.258394474244675 ], [ -70.826092051212626, -33.258462541743889 ], [ -70.826149232458235, -33.258936219772529 ], [ -70.826345187964193, -33.260552419037104 ], [ -70.826344930600143, -33.26055253943688 ], [ -70.826425503968693, -33.261220136241519 ], [ -70.826261203212752, -33.261194586098085 ], [ -70.826228222623484, -33.261189288154412 ], [ -70.825899860843805, -33.258478976445488 ], [ -70.82589152306879, -33.258403931525415 ], [ -70.825884679731828, -33.258328779986442 ], [ -70.825879332741778, -33.258253542833046 ], [ -70.825875483589243, -33.25817824109361 ], [ -70.825873133346178, -33.258102895814503 ], [ -70.825872282665628, -33.258027528054214 ], [ -70.825872931781447, -33.257952158877458 ], [ -70.825875080508382, -33.257876809349305 ], [ -70.825878728241989, -33.257801500529233 ], [ -70.825883873958944, -33.257726253465364 ], [ -70.825890516217129, -33.257651089188435 ], [ -70.825898653156329, -33.257576028706048 ], [ -70.825908282498474, -33.257501092996698 ], [ -70.825919401548475, -33.257426303003967 ], [ -70.825932007194865, -33.257351679630695 ] ] ] ] } },
{ "type": "Feature", "properties": { "fid": 313, "Area": 8621.76 }, "geometry": { "type": "MultiPolygon", "coordinates": [ [ [ [ -70.823132912590367, -33.256258848719476 ], [ -70.823130987181955, -33.256258390095418 ], [ -70.82312905279673, -33.25625795895958 ], [ -70.82312710999058, -33.256257555435816 ], [ -70.823125159321819, -33.25625717964013 ], [ -70.823123201351066, -33.256256831680503 ], [ -70.823121236640986, -33.25625651165695 ], [ -70.823119265756219, -33.256256219661402 ], [ -70.823117289263166, -33.25625595577781 ], [ -70.823115307729836, -33.256255720081995 ], [ -70.823113321725671, -33.256255512641701 ], [ -70.823111331821423, -33.256255333516528 ], [ -70.823109338588964, -33.256255182757982 ], [ -70.823107342601105, -33.256255060409345 ], [ -70.823105344431482, -33.256254966505821 ], [ -70.823103344654314, -33.256254901074357 ], [ -70.8231013438443, -33.256254864133794 ], [ -70.823099342576455, -33.256254855694728 ], [ -70.823097341425893, -33.256254875759588 ], [ -70.823095340967726, -33.256254924322604 ], [ -70.82309334177684, -33.256255001369823 ], [ -70.82309134442778, -33.256255106879109 ], [ -70.823089349494552, -33.256255240820138 ], [ -70.823087357550435, -33.256255403154398 ], [ -70.823085369167913, -33.25625559383527 ], [ -70.823083384918419, -33.256255812807936 ], [ -70.823081405372164, -33.256256060009463 ], [ -70.823079431098051, -33.256256335368811 ], [ -70.823077462663463, -33.256256638806867 ], [ -70.823075500634076, -33.256256970236414 ], [ -70.823073545573749, -33.256257329562196 ], [ -70.823071598044336, -33.256257716680956 ], [ -70.823069658605533, -33.256258131481445 ], [ -70.823067727814689, -33.256258573844462 ], [ -70.82306580622668, -33.256259043642871 ], [ -70.823062523956537, -33.256101053955774 ], [ -70.823380711712232, -33.255991712105271 ], [ -70.82338132107364, -33.255993364948132 ], [ -70.823381964660882, -33.255995008608323 ], [ -70.823382642278091, -33.255996642585657 ], [ -70.823383353719052, -33.255998266382825 ], [ -70.823384098767249, -33.255999879505602 ], [ -70.823384877195906, -33.256001481463109 ], [ -70.823385688768127, -33.256003071767751 ], [ -70.823386533236942, -33.256004649935555 ], [ -70.823387410345319, -33.256006215486209 ], [ -70.823388319826336, -33.256007767943267 ], [ -70.823389261403179, -33.25600930683423 ], [ -70.823390234789301, -33.256010831690759 ], [ -70.823391239688462, -33.256012342048784 ], [ -70.823392275794831, -33.256013837448613 ], [ -70.823393342793082, -33.256015317435157 ], [ -70.82339444035847, -33.256016781557967 ], [ -70.823395568156968, -33.256018229371477 ], [ -70.823396725845356, -33.256019660435065 ], [ -70.823397913071261, -33.256021074313146 ], [ -70.823399129473415, -33.256022470575466 ], [ -70.823400374681569, -33.256023848797064 ], [ -70.823401648316789, -33.256025208558469 ], [ -70.823402949991433, -33.256026549445906 ], [ -70.823404279309344, -33.256027871051224 ], [ -70.823405635865981, -33.256029172972227 ], [ -70.823407019248464, -33.256030454812695 ], [ -70.82340842903578, -33.256031716182484 ], [ -70.823409864798876, -33.25603295669773 ], [ -70.823411326100782, -33.256034175980879 ], [ -70.82341281249677, -33.256035373660865 ], [ -70.82341432353445, -33.256036549373164 ], [ -70.823415858753975, -33.256037702759961 ], [ -70.823417417688091, -33.256038833470242 ], [ -70.823418999862369, -33.256039941159877 ], [ -70.823420604795274, -33.256041025491754 ], [ -70.823422231998364, -33.256042086135849 ], [ -70.823423880976407, -33.256043122769377 ], [ -70.823425551227544, -33.256044135076849 ], [ -70.82342724224344, -33.256045122750173 ], [ -70.823428953509477, -33.256046085488748 ], [ -70.823430684504842, -33.256047022999574 ], [ -70.823432434702681, -33.256047934997348 ], [ -70.823434203570372, -33.256048821204473 ], [ -70.82343599056955, -33.256049681351278 ], [ -70.82343779515638, -33.256050515175957 ], [ -70.823439616781613, -33.256051322424746 ], [ -70.823441454890897, -33.256052102851967 ], [ -70.82344330892478, -33.256052856220101 ], [ -70.82344517831902, -33.256053582299877 ], [ -70.823447062504684, -33.256054280870309 ], [ -70.823448960908308, -33.256054951718788 ], [ -70.823450872952151, -33.256055594641161 ], [ -70.823452798054277, -33.256056209441738 ], [ -70.823454735628815, -33.256056795933425 ], [ -70.823456685086086, -33.256057353937713 ], [ -70.823458645832758, -33.256057883284804 ], [ -70.82346061727209, -33.256058383813567 ], [ -70.825919828444356, -33.25666309012307 ], [ -70.825921772916445, -33.256663553090767 ], [ -70.825923726536956, -33.256663988023668 ], [ -70.825925688733321, -33.256664394794313 ], [ -70.825927658930453, -33.256664773283489 ], [ -70.825929636550896, -33.256665123380259 ], [ -70.825931621015101, -33.256665444981998 ], [ -70.825933611741377, -33.256665737994474 ], [ -70.825935608146352, -33.256666002331805 ], [ -70.825937609644853, -33.256666237916505 ], [ -70.825939615650299, -33.256666444679546 ], [ -70.825941625574771, -33.256666622560331 ], [ -70.825943638829159, -33.256666771506708 ], [ -70.825945654823457, -33.256666891475035 ], [ -70.825947672966777, -33.256666982430133 ], [ -70.825949692667635, -33.256667044345377 ], [ -70.825951713334106, -33.256667077202586 ], [ -70.825953734373954, -33.256667080992166 ], [ -70.825955755194869, -33.256667055712974 ], [ -70.825957775204529, -33.256667001372442 ], [ -70.825959793810966, -33.256666917986486 ], [ -70.825961810422513, -33.256666805579556 ], [ -70.825963824448152, -33.256666664184564 ], [ -70.825965835297609, -33.256666493842999 ], [ -70.825967842381516, -33.256666294604742 ], [ -70.825969845111658, -33.256666066528211 ], [ -70.825971842901055, -33.256665809680243 ], [ -70.825973835164177, -33.256665524136132 ], [ -70.825975821317144, -33.256665209979538 ], [ -70.825977800777821, -33.256664867302547 ], [ -70.825979772966093, -33.256664496205595 ], [ -70.82598173730392, -33.256664096797458 ], [ -70.825983693215591, -33.256663669195177 ], [ -70.825985640127868, -33.256663213524071 ], [ -70.825987577470158, -33.256662729917714 ], [ -70.825989504674624, -33.256662218517832 ], [ -70.82599142117644, -33.256661679474291 ], [ -70.825993326413936, -33.256661112945089 ], [ -70.825995219828698, -33.256660519096265 ], [ -70.825997100865791, -33.25665989810188 ], [ -70.825998968973934, -33.256659250143919 ], [ -70.826000823605625, -33.256658575412303 ], [ -70.826002664217256, -33.256657874104775 ], [ -70.826120691053276, -33.256871645822521 ], [ -70.825981959301515, -33.257005356390493 ], [ -70.825981325384035, -33.257003710285936 ], [ -70.825980657387859, -33.257002073721672 ], [ -70.825979955516246, -33.257000447195679 ], [ -70.825979219982756, -33.25699883120285 ], [ -70.825978451011196, -33.256997226234887 ], [ -70.825977648835547, -33.256995632780153 ], [ -70.825976813699882, -33.256994051323488 ], [ -70.825975945858318, -33.256992482346064 ], [ -70.825975045574921, -33.256990926325322 ], [ -70.825974113123621, -33.256989383734663 ], [ -70.825973148788137, -33.256987855043484 ], [ -70.82597215286188, -33.256986340716928 ], [ -70.825971125647897, -33.256984841215768 ], [ -70.825970067458755, -33.25698335699623 ], [ -70.825968978616402, -33.256981888509941 ], [ -70.825967859452177, -33.256980436203733 ], [ -70.825966710306588, -33.256979000519458 ], [ -70.825965531529292, -33.256977581894006 ], [ -70.825964323478985, -33.256976180759011 ], [ -70.825963086523203, -33.256974797540771 ], [ -70.825961821038348, -33.256973432660196 ], [ -70.825960527409478, -33.256972086532578 ], [ -70.825959206030191, -33.256970759567473 ], [ -70.825957857302541, -33.25696945216869 ], [ -70.825956481636922, -33.256968164733991 ], [ -70.82595507945193, -33.256966897655118 ], [ -70.825953684203412, -33.256965679652161 ], [ -70.825952264449967, -33.256964481804388 ], [ -70.825950820603964, -33.256963304459774 ], [ -70.825949353084866, -33.256962147960309 ], [ -70.825947862318912, -33.256961012641931 ], [ -70.825946348739208, -33.256959898834445 ], [ -70.825944812785352, -33.256958806861363 ], [ -70.825943254903578, -33.256957737039912 ], [ -70.825941675546375, -33.256956689680848 ], [ -70.825940075172568, -33.256955665088412 ], [ -70.825938454246995, -33.256954663560229 ], [ -70.825936813240517, -33.256953685387238 ], [ -70.825935152629839, -33.256952730853541 ], [ -70.825933472897304, -33.256951800236465 ], [ -70.825931774530886, -33.256950893806298 ], [ -70.825930058023928, -33.256950011826369 ], [ -70.825928323875004, -33.256949154552871 ], [ -70.825926572587903, -33.25694832223482 ], [ -70.825924804671303, -33.256947515114 ], [ -70.825923020638783, -33.256946733424854 ], [ -70.825921221008571, -33.256945977394452 ], [ -70.825919406303413, -33.256945247242413 ], [ -70.825917577050461, -33.256944543180843 ], [ -70.825915733781073, -33.256943865414229 ], [ -70.8259138770307, -33.256943214139483 ], [ -70.825912007338687, -33.256942589545787 ], [ -70.825910125248157, -33.256941991814536 ], [ -70.825908231305803, -33.2569414211194 ], [ -70.825906326061812, -33.256940877626135 ], [ -70.825904410069583, -33.256940361492646 ], [ -70.825902483885727, -33.25693987286882 ], [ -70.823132912590367, -33.256258848719476 ] ] ] ] } },
{ "type": "Feature", "properties": { "fid": 314, "Area": 6275.01 }, "geometry": { "type": "MultiPolygon", "coordinates": [ [ [ [ -70.825026842017948, -33.253622040351026 ], [ -70.825027277666763, -33.253620358388005 ], [ -70.82502767850913, -33.253618670326176 ], [ -70.8250280444243, -33.253616976673939 ], [ -70.825028375302068, -33.253615277941414 ], [ -70.825028671042801, -33.253613574640241 ], [ -70.825028931557412, -33.253611867283439 ], [ -70.825029156767428, -33.253610156385236 ], [ -70.825029346605021, -33.253608442460937 ], [ -70.825029501013049, -33.253606726026746 ], [ -70.825029619944971, -33.25360500759966 ], [ -70.82502970336499, -33.253603287697238 ], [ -70.825029751247968, -33.253601566837489 ], [ -70.825029763579479, -33.253599845538709 ], [ -70.825029740355845, -33.253598124319332 ], [ -70.825029681584041, -33.253596403697792 ], [ -70.825029587281762, -33.253594684192315 ], [ -70.825029457477427, -33.253592966320788 ], [ -70.825029292210118, -33.253591250600607 ], [ -70.825029091529643, -33.253589537548542 ], [ -70.825028855496413, -33.253587827680533 ], [ -70.825028584181553, -33.253586121511567 ], [ -70.82502827766676, -33.253584419555558 ], [ -70.82502793604435, -33.253582722325056 ], [ -70.825027559417236, -33.253581030331311 ], [ -70.825027147898837, -33.253579344083889 ], [ -70.825026701613126, -33.253577664090692 ], [ -70.825026220694483, -33.253575990857676 ], [ -70.825025705287786, -33.253574324888845 ], [ -70.825025155548275, -33.253572666685933 ], [ -70.825024571641507, -33.25357101674841 ], [ -70.825023953743354, -33.253569375573178 ], [ -70.825023302039938, -33.253567743654564 ], [ -70.825022616727523, -33.253566121484084 ], [ -70.825021898012537, -33.253564509550294 ], [ -70.825021146111439, -33.253562908338701 ], [ -70.825020361250694, -33.253561318331577 ], [ -70.825019543666713, -33.253559740007816 ], [ -70.825018693605713, -33.253558173842777 ], [ -70.825017811323747, -33.253556620308181 ], [ -70.825259327137715, -33.253457623485794 ], [ -70.825251668205723, -33.253499851954288 ], [ -70.82524316604291, -33.253541966364587 ], [ -70.825233823047512, -33.253583954831313 ], [ -70.825223641855075, -33.25362580550464 ], [ -70.825212625337699, -33.253667506573571 ], [ -70.825200776603225, -33.253709046269321 ], [ -70.825188098994388, -33.253750412868641 ], [ -70.825174596087876, -33.253791594697113 ], [ -70.825160271693278, -33.25383258013246 ], [ -70.825145129852075, -33.25387335760778 ], [ -70.825129174836405, -33.253913915614874 ], [ -70.825112411147998, -33.253954242707465 ], [ -70.825094843516752, -33.253994327504408 ], [ -70.825076476899511, -33.254034158692953 ], [ -70.825057316478635, -33.254073725031873 ], [ -70.825037367660499, -33.254113015354683 ], [ -70.82503166079853, -33.254112901570615 ], [ -70.82501351903808, -33.254148749468008 ], [ -70.824994669096014, -33.254184338500004 ], [ -70.824975116201784, -33.254219658791598 ], [ -70.824954865779958, -33.254254700542319 ], [ -70.824933923448626, -33.254289454029006 ], [ -70.824912295017953, -33.254323909608452 ], [ -70.824889986488429, -33.254358057720097 ], [ -70.82486700404931, -33.254391888888684 ], [ -70.824843354076876, -33.254425393726919 ], [ -70.824816178842823, -33.254461911563254 ], [ -70.824788271329538, -33.254498037444272 ], [ -70.824759639542734, -33.254533761005518 ], [ -70.824730291695943, -33.254569071997906 ], [ -70.824700236208145, -33.254603960290744 ], [ -70.824669481701378, -33.254638415874588 ], [ -70.824638036998294, -33.254672428864133 ], [ -70.824605911119519, -33.254705989501012 ], [ -70.824573113281218, -33.254739088156654 ], [ -70.824282538298732, -33.255027327079816 ], [ -70.823403697141245, -33.255899087585135 ], [ -70.823402379802317, -33.255900417645883 ], [ -70.82340109028047, -33.255901766812016 ], [ -70.823399828968221, -33.255903134672913 ], [ -70.823398596249405, -33.255904520812287 ], [ -70.823397392499203, -33.255905924808246 ], [ -70.823396218084, -33.255907346233506 ], [ -70.823395073361183, -33.25590878465546 ], [ -70.823393958679176, -33.255910239636329 ], [ -70.823392874377234, -33.255911710733308 ], [ -70.823391820785318, -33.255913197498664 ], [ -70.823390798224139, -33.255914699479888 ], [ -70.823389807004887, -33.25591621621988 ], [ -70.823388847429243, -33.255917747257023 ], [ -70.823387919789226, -33.255919292125348 ], [ -70.823387024367193, -33.255920850354684 ], [ -70.82338616143565, -33.255922421470792 ], [ -70.823385331257242, -33.255924004995506 ], [ -70.82338453408461, -33.255925600446872 ], [ -70.82338377016039, -33.255927207339347 ], [ -70.823383039717058, -33.255928825183879 ], [ -70.82338234297697, -33.255930453488055 ], [ -70.823381680152139, -33.255932091756335 ], [ -70.823381051444301, -33.255933739490111 ], [ -70.823380457044792, -33.255935396187894 ], [ -70.823379897134558, -33.255937061345463 ], [ -70.823379371883959, -33.255938734456073 ], [ -70.823378881452882, -33.255940415010478 ], [ -70.823378425990583, -33.255942102497237 ], [ -70.823378005635689, -33.255943796402761 ], [ -70.82337762051614, -33.255945496211496 ], [ -70.823377270749134, -33.255947201406144 ], [ -70.823376956441123, -33.255948911467719 ], [ -70.823376677687776, -33.255950625875769 ], [ -70.823376434573916, -33.255952344108529 ], [ -70.823376227173554, -33.255954065643046 ], [ -70.823376055549829, -33.255955789955394 ], [ -70.823375919754938, -33.255957516520759 ], [ -70.823375819830233, -33.255959244813702 ], [ -70.823375755806126, -33.255960974308202 ], [ -70.8233757277021, -33.255962704477902 ], [ -70.82337573552671, -33.255964434796219 ], [ -70.823375779277583, -33.255966164736549 ], [ -70.823375858941404, -33.2559678937724 ], [ -70.823375974493942, -33.25596962137751 ], [ -70.823376125899998, -33.255971347026112 ], [ -70.823376313113528, -33.255973070193015 ], [ -70.823376536077532, -33.255974790353783 ], [ -70.823376794724169, -33.255976506984886 ], [ -70.823377088974709, -33.255978219563843 ], [ -70.823377418739625, -33.255979927569491 ], [ -70.823377783918531, -33.255981630481962 ], [ -70.823378184400298, -33.255983327782999 ], [ -70.823378620063039, -33.255985018956032 ], [ -70.823379090774168, -33.255986703486336 ], [ -70.823379596390424, -33.255988380861268 ], [ -70.823380136757933, -33.255990050570311 ], [ -70.823380711712232, -33.255991712105271 ], [ -70.823062523956537, -33.256101053955774 ], [ -70.823059258038143, -33.255943850120751 ], [ -70.823061983836141, -33.255943379844467 ], [ -70.82306469955175, -33.255942870053325 ], [ -70.82306740437356, -33.255942320899692 ], [ -70.823070097493371, -33.255941732547662 ], [ -70.823072778106507, -33.255941105172994 ], [ -70.823075445411973, -33.255940438963165 ], [ -70.823078098612825, -33.255939734117234 ], [ -70.823080736916282, -33.255938990845813 ], [ -70.823083359534039, -33.255938209370974 ], [ -70.823085965682466, -33.255937389926238 ], [ -70.823088554582853, -33.255936532756429 ], [ -70.823091125461673, -33.255935638117677 ], [ -70.823093677550716, -33.255934706277294 ], [ -70.823096210087471, -33.255933737513722 ], [ -70.823098722315208, -33.255932732116413 ], [ -70.823101213483284, -33.255931690385765 ], [ -70.823103682847361, -33.255930612633044 ], [ -70.823106129669597, -33.255929499180304 ], [ -70.823108553218901, -33.255928350360207 ], [ -70.823110952771117, -33.255927166516059 ], [ -70.823113327609278, -33.255925948001526 ], [ -70.823115677023779, -33.255924695180745 ], [ -70.823118000312661, -33.255923408428032 ], [ -70.823120296781696, -33.255922088127868 ], [ -70.82312256574474, -33.255920734674753 ], [ -70.823124806523836, -33.255919348473086 ], [ -70.823127018449441, -33.255917929937063 ], [ -70.823129200860649, -33.255916479490544 ], [ -70.823131353105353, -33.255914997566897 ], [ -70.823133474540498, -33.255913484608925 ], [ -70.823135564532194, -33.255911941068703 ], [ -70.823137622455974, -33.255910367407409 ], [ -70.823139647696919, -33.255908764095281 ], [ -70.823141639649933, -33.25590713161133 ], [ -70.82314359771982, -33.255905470443388 ], [ -70.823145521321493, -33.255903781087774 ], [ -70.823147409880221, -33.255902064049266 ], [ -70.823149262831706, -33.255900319840897 ], [ -70.823151079622306, -33.255898548983858 ], [ -70.824159802959102, -33.254897955691888 ], [ -70.824425706762611, -33.254634189969352 ], [ -70.824456764874483, -33.254602840767937 ], [ -70.824487179086518, -33.254571049052394 ], [ -70.824516940469309, -33.254538824157308 ], [ -70.824546040285142, -33.254506175544492 ], [ -70.824574469990566, -33.254473112800142 ], [ -70.824602221238948, -33.254439645632047 ], [ -70.82462928588285, -33.254405783866737 ], [ -70.824655655976471, -33.254371537446566 ], [ -70.824681323777995, -33.254336916426823 ], [ -70.824706281751801, -33.254301930972801 ], [ -70.824730522570732, -33.254266591356739 ], [ -70.824754039118218, -33.25423090795487 ], [ -70.824776824490371, -33.254194891244381 ], [ -70.824798871998013, -33.254158551800259 ], [ -70.824820175168625, -33.25412190029229 ], [ -70.824840727748295, -33.254084947481815 ], [ -70.824860523703464, -33.254047704218678 ], [ -70.824879557222786, -33.254010181437948 ], [ -70.82489782271881, -33.25397239015679 ], [ -70.824915314829553, -33.253934341471151 ], [ -70.824932028420179, -33.253896046552569 ], [ -70.824947958584417, -33.253857516644835 ], [ -70.824963100646073, -33.25381876306075 ], [ -70.824977450160333, -33.253779797178751 ], [ -70.824991002915112, -33.253740630439601 ], [ -70.825003754932283, -33.253701274343044 ], [ -70.825015702468832, -33.25366174044435 ], [ -70.825026842017948, -33.253622040351026 ] ] ] ] } },
{ "type": "Feature", "properties": { "fid": 315, "Area": 7766.471 }, "geometry": { "type": "MultiPolygon", "coordinates": [ [ [ [ -70.82202538699363, -33.257015133140548 ], [ -70.822739014198561, -33.256307284573097 ], [ -70.822740321974877, -33.256305964362205 ], [ -70.822741602344138, -33.256304625322528 ], [ -70.822742854922424, -33.25630326785565 ], [ -70.822744079334086, -33.256301892368661 ], [ -70.822745275211901, -33.256300499274055 ], [ -70.822746442197285, -33.256299088989614 ], [ -70.822747579940241, -33.256297661938248 ], [ -70.822748688099608, -33.256296218547952 ], [ -70.822749766343009, -33.256294759251539 ], [ -70.822750814347131, -33.256293284486681 ], [ -70.822751831797646, -33.256291794695635 ], [ -70.822752818389489, -33.256290290325154 ], [ -70.822753773826747, -33.256288771826419 ], [ -70.822754697822916, -33.256287239654796 ], [ -70.822755590100897, -33.256285694269764 ], [ -70.822756450393086, -33.256284136134781 ], [ -70.822757278441514, -33.256282565717108 ], [ -70.822758073997861, -33.256280983487706 ], [ -70.822758836823539, -33.256279389921069 ], [ -70.822759566689768, -33.25627778549508 ], [ -70.822760263377702, -33.256276170690924 ], [ -70.822760926678413, -33.256274545992824 ], [ -70.822761556392948, -33.256272911888033 ], [ -70.822762152332501, -33.256271268866612 ], [ -70.822762714318344, -33.25626961742126 ], [ -70.822763242181949, -33.256267958047275 ], [ -70.82276373576498, -33.256266291242248 ], [ -70.822764194919472, -33.256264617506048 ], [ -70.822764619507709, -33.256262937340608 ], [ -70.822765009402374, -33.256261251249825 ], [ -70.8227653644865, -33.256259559739291 ], [ -70.82276568465366, -33.256257863316314 ], [ -70.822765969807818, -33.256256162489628 ], [ -70.822766219863439, -33.256254457769273 ], [ -70.822766434745574, -33.256252749666501 ], [ -70.822766614389749, -33.256251038693534 ], [ -70.822766758742119, -33.256249325363513 ], [ -70.822766867759384, -33.256247610190222 ], [ -70.822766941408844, -33.256245893688018 ], [ -70.822766979668444, -33.256244176371688 ], [ -70.822766982526673, -33.256242458756212 ], [ -70.822766949982707, -33.256240741356706 ], [ -70.822766882046295, -33.256239024688192 ], [ -70.822766778737829, -33.256237309265479 ], [ -70.822766640088261, -33.256235595603023 ], [ -70.822766466139186, -33.256233884214716 ], [ -70.822766256942799, -33.25623217561381 ], [ -70.822766012561786, -33.256230470312666 ], [ -70.822765733069488, -33.256228768822702 ], [ -70.822765418549693, -33.256227071654173 ], [ -70.822765069096718, -33.256225379316071 ], [ -70.822764684815397, -33.256223692315864 ], [ -70.822764265820936, -33.256222011159494 ], [ -70.822763812239018, -33.256220336351127 ], [ -70.822763324205667, -33.256218668393018 ], [ -70.822762801867214, -33.256217007785359 ], [ -70.822762245380332, -33.256215355026171 ], [ -70.822761654911901, -33.256213710611092 ], [ -70.822761030639001, -33.256212075033247 ], [ -70.822760372748846, -33.25621044878315 ], [ -70.822759681438711, -33.256208832348477 ], [ -70.822758956915948, -33.256207226214009 ], [ -70.822758199397811, -33.256205630861395 ], [ -70.823062523956537, -33.256101053955774 ], [ -70.82306580622668, -33.256259043642871 ], [ -70.823063894393755, -33.256259540741659 ], [ -70.823061992865334, -33.256260064997967 ], [ -70.823060102187867, -33.25626061626113 ], [ -70.823058222904734, -33.256261194372748 ], [ -70.823056355555977, -33.256261799166651 ], [ -70.823054500678268, -33.256262430469043 ], [ -70.82305265880467, -33.256263088098507 ], [ -70.823050830464481, -33.256263771866045 ], [ -70.823049016183148, -33.256264481575151 ], [ -70.823047216482067, -33.256265217021877 ], [ -70.823045431878455, -33.256265977994843 ], [ -70.823043662885155, -33.256266764275388 ], [ -70.823041910010545, -33.256267575637516 ], [ -70.8230401737584, -33.256268411848097 ], [ -70.823038454627678, -33.256269272666763 ], [ -70.823036753112405, -33.256270157846188 ], [ -70.823035069701589, -33.256271067131962 ], [ -70.823033404879027, -33.256272000262761 ], [ -70.82303175912314, -33.256272956970413 ], [ -70.823030132906894, -33.256273936980023 ], [ -70.823028526697655, -33.256274940009902 ], [ -70.823026940957007, -33.256275965771813 ], [ -70.823025376140663, -33.256277013970966 ], [ -70.82302383269834, -33.256278084306139 ], [ -70.823022311073586, -33.256279176469718 ], [ -70.823020811703685, -33.256280290147856 ], [ -70.823019335019552, -33.256281425020482 ], [ -70.823017881445566, -33.25628258076145 ], [ -70.823016451399425, -33.256283757038624 ], [ -70.823015045292138, -33.256284953513976 ], [ -70.823013663527774, -33.256286169843641 ], [ -70.823012306503443, -33.256287405678073 ], [ -70.823010974609133, -33.256288660662101 ], [ -70.823009668227598, -33.256289934435081 ], [ -70.82075611222966, -33.258525202752566 ], [ -70.820448410130538, -33.258830396133924 ], [ -70.820434858864544, -33.258843601876954 ], [ -70.820421035833007, -33.258856607286639 ], [ -70.820406945230985, -33.25886940841594 ], [ -70.820392591334709, -33.258882001379831 ], [ -70.820377978500346, -33.258894382356466 ], [ -70.820363111162663, -33.258906547588325 ], [ -70.820347993833622, -33.258918493383355 ], [ -70.820332631101138, -33.258930216116127 ], [ -70.820317027627567, -33.258941712228875 ], [ -70.820301188148306, -33.2589529782326 ], [ -70.820285117470434, -33.258964010708198 ], [ -70.820268820471185, -33.258974806307364 ], [ -70.820252302096449, -33.258985361753737 ], [ -70.82023556735939, -33.258995673843806 ], [ -70.820218621338753, -33.259005739447943 ], [ -70.820201469177476, -33.259015555511304 ], [ -70.820184116081023, -33.259025119054755 ], [ -70.82016656731588, -33.25903442717587 ], [ -70.820148828207877, -33.259043477049673 ], [ -70.820130904140655, -33.259052265929597 ], [ -70.820112800554, -33.259060791148265 ], [ -70.820094522942156, -33.259069050118342 ], [ -70.820076076852203, -33.259077040333274 ], [ -70.82005746788235, -33.259084759368079 ], [ -70.820038701680247, -33.259092204880076 ], [ -70.820019783941277, -33.259099374609605 ], [ -70.819934372453602, -33.258953602592797 ], [ -70.819949970144251, -33.258947822781579 ], [ -70.81996544806195, -33.258941820004694 ], [ -70.819980801691514, -33.258935596013259 ], [ -70.819996026554037, -33.25892915262299 ], [ -70.820011118208186, -33.258922491713463 ], [ -70.820026072251451, -33.25891561522787 ], [ -70.820040884321529, -33.258908525172146 ], [ -70.820055550097479, -33.258901223614643 ], [ -70.820070065301081, -33.258893712685342 ], [ -70.820084425698028, -33.25888599457533 ], [ -70.820098627099171, -33.258878071536103 ], [ -70.820112665361748, -33.258869945878963 ], [ -70.820126536390589, -33.25886161997434 ], [ -70.820140236139338, -33.258853096251016 ], [ -70.820153760611561, -33.258844377195544 ], [ -70.820167105862012, -33.258835465351396 ], [ -70.820180267997685, -33.258826363318342 ], [ -70.820193243179006, -33.258817073751601 ], [ -70.820206027620983, -33.258807599361106 ], [ -70.820218617594222, -33.258797942910697 ], [ -70.820231009426081, -33.258788107217327 ], [ -70.820243199501704, -33.258778095150262 ], [ -70.820255184265136, -33.258767909630158 ], [ -70.820266960220266, -33.258757553628321 ], [ -70.820278523931961, -33.258747030165786 ], [ -70.820289872026947, -33.258736342312396 ], [ -70.820301001194878, -33.258725493186006 ], [ -70.82060870347425, -33.258420300159798 ], [ -70.821004064962324, -33.258028158640563 ], [ -70.82202538699363, -33.257015133140548 ] ] ] ] } },
{ "type": "Feature", "properties": { "fid": 316, "Area": 5862.285 }, "geometry": { "type": "MultiPolygon", "coordinates": [ [ [ [ -70.816842223660316, -33.258145670842865 ], [ -70.81660555772936, -33.25828411658717 ], [ -70.819100892335797, -33.25911408848394 ], [ -70.819120027752319, -33.259120293297457 ], [ -70.819139287488426, -33.259126220405058 ], [ -70.819158665834706, -33.259131868049685 ], [ -70.81917815704648, -33.259137234557102 ], [ -70.819197755345655, -33.259142318336437 ], [ -70.819217454922395, -33.259147117880644 ], [ -70.819237249936847, -33.259151631766898 ], [ -70.819257134520825, -33.259155858657074 ], [ -70.819277102779594, -33.259159797298146 ], [ -70.819297148793652, -33.259163446522507 ], [ -70.819317266620402, -33.259166805248363 ], [ -70.819337450295976, -33.259169872480037 ], [ -70.819357693836992, -33.259172647308269 ], [ -70.819377991242291, -33.259175128910492 ], [ -70.819398336494785, -33.259177316550996 ], [ -70.819418723563132, -33.259179209581305 ], [ -70.819439146403681, -33.259180807440259 ], [ -70.819459598962126, -33.259182109654155 ], [ -70.819480075175349, -33.259183115836954 ], [ -70.819500568973226, -33.259183825690407 ], [ -70.819521074280416, -33.259184239004085 ], [ -70.819541585018172, -33.259184355655464 ], [ -70.81956209510615, -33.259184175609946 ], [ -70.81958259846418, -33.259183698920957 ], [ -70.81960308901408, -33.259182925729782 ], [ -70.819623560681507, -33.259181856265648 ], [ -70.81964400739767, -33.25918049084563 ], [ -70.819664423101173, -33.259178829874472 ], [ -70.819684801739882, -33.259176873844574 ], [ -70.819705137272578, -33.259174623335824 ], [ -70.819725423670846, -33.259172079015379 ], [ -70.819745654920851, -33.259169241637494 ], [ -70.819765825025073, -33.25916611204331 ], [ -70.819785928004208, -33.259162691160604 ], [ -70.819805957898751, -33.259158980003484 ], [ -70.819825908770909, -33.25915497967214 ], [ -70.819845774706323, -33.259150691352431 ], [ -70.819865549815816, -33.259146116315634 ], [ -70.819885228237112, -33.259141255918017 ], [ -70.819904804136641, -33.259136111600434 ], [ -70.819924271711201, -33.259130684887907 ], [ -70.819943625189708, -33.259124977389185 ], [ -70.819962858834913, -33.259118990796225 ], [ -70.819981966945107, -33.259112726883757 ], [ -70.82000094385576, -33.259106187508692 ], [ -70.820019783941277, -33.259099374609605 ], [ -70.819934372453602, -33.258953602592797 ], [ -70.81991834742584, -33.258959265419158 ], [ -70.819902207431014, -33.25896469289561 ], [ -70.819885957365614, -33.25896988337557 ], [ -70.819869602159585, -33.258974835284334 ], [ -70.819853146774761, -33.258979547119594 ], [ -70.819836596203345, -33.258984017451866 ], [ -70.819819955466443, -33.258988244924943 ], [ -70.819803229612518, -33.258992228256282 ], [ -70.819786423715854, -33.2589959662374 ], [ -70.819769542875008, -33.258999457734276 ], [ -70.819752592211302, -33.259002701687663 ], [ -70.819735576867217, -33.259005697113402 ], [ -70.819718502004875, -33.259008443102722 ], [ -70.81970137280446, -33.259010938822534 ], [ -70.819684194462596, -33.259013183515712 ], [ -70.819666972190888, -33.259015176501229 ], [ -70.81964971121424, -33.259016917174428 ], [ -70.819632416769267, -33.259018405007254 ], [ -70.819615094102787, -33.25901963954832 ], [ -70.819597748470187, -33.259020620423073 ], [ -70.819580385133733, -33.259021347333928 ], [ -70.81956300936119, -33.259021820060362 ], [ -70.819545626423988, -33.259022038458916 ], [ -70.819528241595805, -33.259022002463375 ], [ -70.819510860150842, -33.259021712084632 ], [ -70.819493487362308, -33.259021167410772 ], [ -70.819476128500781, -33.25902036860704 ], [ -70.819458788832591, -33.259019315915793 ], [ -70.819441473618269, -33.259018009656359 ], [ -70.819424188110901, -33.259016450225019 ], [ -70.819406937554604, -33.259014638094918 ], [ -70.819389727182838, -33.259012573815788 ], [ -70.819372562216913, -33.259010258013866 ], [ -70.819355447864325, -33.259007691391751 ], [ -70.819338389317267, -33.259004874728085 ], [ -70.819321391750947, -33.259001808877386 ], [ -70.819304460322087, -33.25899849476977 ], [ -70.819287600167371, -33.258994933410669 ], [ -70.819270816401811, -33.258991125880513 ], [ -70.819254114117285, -33.258987073334445 ], [ -70.819237498380915, -33.258982777001904 ], [ -70.819220974233602, -33.258978238186337 ], [ -70.819204546688411, -33.258973458264705 ], [ -70.819188220729131, -33.25896843868712 ], [ -70.819172001308743, -33.258963180976458 ], [ -70.818051350121522, -33.258590450075701 ], [ -70.816930708046826, -33.258217708722377 ], [ -70.816928161151921, -33.258216840371404 ], [ -70.816925632274462, -33.258215935614587 ], [ -70.816923122151636, -33.258214994715644 ], [ -70.816920631515174, -33.258214017948866 ], [ -70.816918161091124, -33.258213005599004 ], [ -70.816915711599634, -33.258211957961166 ], [ -70.816913283754786, -33.258210875340737 ], [ -70.816910878264281, -33.258209758053347 ], [ -70.816908495829367, -33.258208606424652 ], [ -70.816906137144557, -33.258207420790391 ], [ -70.816903802897414, -33.258206201496179 ], [ -70.816901493768412, -33.258204948897472 ], [ -70.816899210430691, -33.258203663359396 ], [ -70.816896953549858, -33.258202345256713 ], [ -70.816894723783818, -33.258200994973656 ], [ -70.816892521782577, -33.258199612903844 ], [ -70.816890348188039, -33.258198199450192 ], [ -70.816888203633809, -33.258196755024706 ], [ -70.816886088745093, -33.258195280048454 ], [ -70.816884004138359, -33.25819377495143 ], [ -70.816881950421333, -33.258192240172377 ], [ -70.816879928192662, -33.258190676158698 ], [ -70.816877938041841, -33.258189083366297 ], [ -70.816875980549042, -33.258187462259542 ], [ -70.816874056284888, -33.258185813310966 ], [ -70.816872165810324, -33.258184137001251 ], [ -70.816870309676446, -33.25818243381908 ], [ -70.816868488424319, -33.258180704260965 ], [ -70.816866702584875, -33.258178948831038 ], [ -70.816864952678671, -33.258177168041072 ], [ -70.816863239215863, -33.258175362410178 ], [ -70.816861562695905, -33.258173532464689 ], [ -70.816859923607552, -33.258171678738094 ], [ -70.816858322428587, -33.258169801770734 ], [ -70.816856759625807, -33.258167902109804 ], [ -70.816855235654728, -33.258165980309059 ], [ -70.816853750959652, -33.258164036928733 ], [ -70.816852305973342, -33.25816207253532 ], [ -70.81685090111705, -33.258160087701469 ], [ -70.816849536800291, -33.258158083005796 ], [ -70.816848213420798, -33.258156059032686 ], [ -70.81684693136431, -33.258154016372146 ], [ -70.816845691004588, -33.258151955619624 ], [ -70.816844492703197, -33.258149877375864 ], [ -70.816843336809455, -33.258147782246702 ], [ -70.816842223660316, -33.258145670842865 ], [ -70.816842223660316, -33.258145670842865 ] ] ] ] } },
{ "type": "Feature", "properties": { "fid": 317, "Area": 9176.739 }, "geometry": { "type": "MultiPolygon", "coordinates": [ [ [ [ -70.819611128628708, -33.254601787688536 ], [ -70.819226541827817, -33.254732168126282 ], [ -70.819227212390317, -33.254733786391562 ], [ -70.819227849578652, -33.254735414148257 ], [ -70.819228453202612, -33.254737050910535 ], [ -70.819229023082045, -33.254738696189897 ], [ -70.819229559046875, -33.254740349495265 ], [ -70.819230060937116, -33.254742010333203 ], [ -70.819230528602972, -33.254743678208001 ], [ -70.819230961904864, -33.25474535262186 ], [ -70.819231360713459, -33.254747033075027 ], [ -70.819231724909727, -33.25474871906593 ], [ -70.819232054384969, -33.254750410091383 ], [ -70.819232349040846, -33.254752105646659 ], [ -70.819232608789406, -33.254753805225711 ], [ -70.819232833553144, -33.254755508321274 ], [ -70.819233023264928, -33.254757214425013 ], [ -70.819233177868185, -33.254758923027723 ], [ -70.819233297316728, -33.254760633619448 ], [ -70.819233381574932, -33.254762345689642 ], [ -70.819233430617629, -33.254764058727318 ], [ -70.819233444430196, -33.254765772221177 ], [ -70.819233423008484, -33.254767485659805 ], [ -70.819233366358915, -33.254769198531818 ], [ -70.819233274498373, -33.254770910325959 ], [ -70.81923314745427, -33.254772620531341 ], [ -70.819232985264549, -33.254774328637509 ], [ -70.819232787977583, -33.25477603413465 ], [ -70.819232555652277, -33.254777736513766 ], [ -70.819232288357952, -33.25477943526672 ], [ -70.819231986174415, -33.254781129886503 ], [ -70.819231649191806, -33.254782819867359 ], [ -70.819231277510752, -33.25478450470483 ], [ -70.819230871242155, -33.254786183896101 ], [ -70.819230430507261, -33.25478785693997 ], [ -70.819229955437635, -33.254789523337109 ], [ -70.819229446175058, -33.254791182590125 ], [ -70.819228902871529, -33.254792834203812 ], [ -70.81922832568921, -33.254794477685238 ], [ -70.819227714800348, -33.254796112543829 ], [ -70.819227070387271, -33.254797738291686 ], [ -70.819226392642335, -33.254799354443556 ], [ -70.819225681767804, -33.25480096051708 ], [ -70.819224937975847, -33.254802556032899 ], [ -70.819224161488478, -33.254804140514793 ], [ -70.819223352537421, -33.254805713489894 ], [ -70.819222511364117, -33.25480727448867 ], [ -70.819221638219659, -33.254808823045238 ], [ -70.819220733364631, -33.254810358697419 ], [ -70.819219797069096, -33.254811880986878 ], [ -70.81921882961251, -33.25481338945923 ], [ -70.819217831283609, -33.254814883664281 ], [ -70.819216802380382, -33.254816363156039 ], [ -70.819215743209881, -33.254817827492943 ], [ -70.81921465408827, -33.254819276237939 ], [ -70.819213535340594, -33.254820708958611 ], [ -70.819212387300766, -33.254822125227363 ], [ -70.819211210311437, -33.254823524621465 ], [ -70.819210004723885, -33.254824906723272 ], [ -70.819208770897944, -33.254826271120251 ], [ -70.81920750920186, -33.254827617405184 ], [ -70.819206220012205, -33.254828945176264 ], [ -70.819204903713782, -33.254830254037181 ], [ -70.819203560699407, -33.254831543597298 ], [ -70.819202191369982, -33.254832813471701 ], [ -70.81920079613414, -33.2548340632814 ], [ -70.818623182858175, -33.25534259168122 ], [ -70.818027517472515, -33.255867004308392 ], [ -70.817814834658506, -33.256054244107432 ], [ -70.817776594933051, -33.25608847838776 ], [ -70.8177390427023, -33.256123245728411 ], [ -70.817702188492277, -33.256158536384767 ], [ -70.817666042633391, -33.256194340465527 ], [ -70.817630615257613, -33.256230647935496 ], [ -70.817595916295474, -33.256267448618338 ], [ -70.817561955473479, -33.256304732199474 ], [ -70.817528742311225, -33.256342488228981 ], [ -70.817496286118796, -33.256380706124503 ], [ -70.817464595994153, -33.256419375174175 ], [ -70.817433680820571, -33.256458484539714 ], [ -70.817403549264171, -33.256498023259383 ], [ -70.81737420977143, -33.256537980251089 ], [ -70.817345670566922, -33.256578344315507 ], [ -70.817317939650891, -33.256619104139162 ], [ -70.817291024797058, -33.256660248297656 ], [ -70.817264933550504, -33.256701765258875 ], [ -70.817239673225416, -33.256743643386159 ], [ -70.817215250903203, -33.25678587094162 ], [ -70.81719167343033, -33.256828436089386 ], [ -70.817168947416548, -33.256871326898988 ], [ -70.817147079232981, -33.256914531348642 ], [ -70.817126075010336, -33.256958037328602 ], [ -70.816629896940171, -33.258010976881977 ], [ -70.816629124642077, -33.258012575014114 ], [ -70.816628319382772, -33.258014161621603 ], [ -70.81662748140576, -33.258015736224621 ], [ -70.816626610964448, -33.258017298346992 ], [ -70.816625708322107, -33.258018847516304 ], [ -70.816624773751656, -33.258020383264068 ], [ -70.816623807535748, -33.258021905125865 ], [ -70.816622809966574, -33.258023412641471 ], [ -70.816621781345802, -33.258024905354972 ], [ -70.816620721984492, -33.258026382814961 ], [ -70.816619632203015, -33.258027844574649 ], [ -70.816618512330948, -33.258029290191971 ], [ -70.816617362706921, -33.258030719229744 ], [ -70.816616183678605, -33.258032131255845 ], [ -70.81661497560259, -33.258033525843224 ], [ -70.816613738844154, -33.258034902570152 ], [ -70.816612473777326, -33.258036261020287 ], [ -70.81661118078469, -33.258037600782814 ], [ -70.816609860257259, -33.258038921452581 ], [ -70.816608512594371, -33.2580402226302 ], [ -70.816607138203565, -33.258041503922179 ], [ -70.816605737500481, -33.258042764941017 ], [ -70.81660431090873, -33.258044005305401 ], [ -70.816602858859696, -33.258045224640213 ], [ -70.816601381792509, -33.258046422576705 ], [ -70.816599880153845, -33.258047598752611 ], [ -70.81659835439784, -33.25804875281225 ], [ -70.816596804985878, -33.258049884406596 ], [ -70.816595232386533, -33.258050993193471 ], [ -70.816593637075371, -33.25805207883753 ], [ -70.816592019534838, -33.258053141010485 ], [ -70.816590380254084, -33.258054179391117 ], [ -70.81658871972887, -33.258055193665392 ], [ -70.81658703846135, -33.258056183526605 ], [ -70.816585336959946, -33.258057148675391 ], [ -70.816583615739233, -33.258058088819901 ], [ -70.816581875319727, -33.258059003675783 ], [ -70.81658011622774, -33.258059892966394 ], [ -70.816578338995257, -33.258060756422807 ], [ -70.816576544159716, -33.2580615937839 ], [ -70.816574732263931, -33.258062404796426 ], [ -70.816572903855814, -33.258063189215157 ], [ -70.816571059488297, -33.258063946802849 ], [ -70.81656919971914, -33.258064677330403 ], [ -70.816567325110782, -33.258065380576909 ], [ -70.81660555772936, -33.25828411658717 ], [ -70.816842223660316, -33.258145670842865 ], [ -70.816841153580242, -33.258143543779887 ], [ -70.816840126881218, -33.25814140167779 ], [ -70.816839143862495, -33.258139245161047 ], [ -70.816838204810665, -33.258137074858304 ], [ -70.816837309999443, -33.2581348914022 ], [ -70.816836459689668, -33.258132695429268 ], [ -70.816835654129221, -33.258130487579649 ], [ -70.816834893552937, -33.258128268496932 ], [ -70.816834178182532, -33.258126038828024 ], [ -70.816833508226509, -33.258123799222908 ], [ -70.81683288388021, -33.258121550334408 ], [ -70.816832305325576, -33.258119292818158 ], [ -70.816831772731319, -33.258117027332212 ], [ -70.816831286252651, -33.258114754536983 ], [ -70.816830846031394, -33.258112475095011 ], [ -70.816830452195873, -33.258110189670795 ], [ -70.816830104860912, -33.258107898930547 ], [ -70.816829804127721, -33.258105603542042 ], [ -70.816829550083995, -33.258103304174419 ], [ -70.816829342803757, -33.258101001497955 ], [ -70.816829182347462, -33.2580986961839 ], [ -70.816829068761848, -33.258096388904306 ], [ -70.816829002080055, -33.258094080331716 ], [ -70.816828982321496, -33.258091771139156 ], [ -70.81682900949194, -33.258089461999759 ], [ -70.816829083583443, -33.258087153586644 ], [ -70.816829204574418, -33.258084846572764 ], [ -70.816829372429581, -33.258082541630628 ], [ -70.816829587100017, -33.25808023943214 ], [ -70.816829848523128, -33.258077940648427 ], [ -70.8168301566227, -33.258075645949596 ], [ -70.816830511308922, -33.25807335600458 ], [ -70.816830912478395, -33.258071071480927 ], [ -70.816831360014177, -33.258068793044586 ], [ -70.8168318537858, -33.258066521359765 ], [ -70.816832393649307, -33.258064257088662 ], [ -70.816832979447327, -33.258062000891321 ], [ -70.816833611009102, -33.258059753425478 ], [ -70.816834288150503, -33.258057515346295 ], [ -70.81683501067414, -33.258055287306142 ], [ -70.816835778369409, -33.25805306995457 ], [ -70.816836591012489, -33.258050863937925 ], [ -70.816837448366485, -33.258048669899317 ], [ -70.81683835018147, -33.258046488478293 ], [ -70.816839296194573, -33.258044320310781 ], [ -70.816840286129988, -33.258042166028801 ], [ -70.817335280489402, -33.256991732608341 ], [ -70.817355068918957, -33.256950744675216 ], [ -70.81737567130547, -33.256910040818632 ], [ -70.817397081873196, -33.256869632447419 ], [ -70.817419294619896, -33.256829530887551 ], [ -70.817442303318458, -33.256789747379017 ], [ -70.817466101518747, -33.256750293072621 ], [ -70.817490682549334, -33.256711179026915 ], [ -70.817516039519447, -33.256672416205021 ], [ -70.817542165320802, -33.256634015471612 ], [ -70.817569052629693, -33.256595987589897 ], [ -70.817596693908982, -33.256558343218522 ], [ -70.817625081410242, -33.256521092908649 ], [ -70.81765420717592, -33.256484247100957 ], [ -70.81768406304154, -33.256447816122765 ], [ -70.817714640638087, -33.25641181018505 ], [ -70.817745931394228, -33.256376239379719 ], [ -70.817777926538781, -33.256341113676662 ], [ -70.81781061710322, -33.256306442920994 ], [ -70.817843993924072, -33.256272236830348 ], [ -70.817878047645593, -33.256238504992041 ], [ -70.817912768722323, -33.256205256860497 ], [ -70.817948147421802, -33.256172501754548 ], [ -70.817984173827298, -33.256140248854848 ], [ -70.81953607792174, -33.254773966896458 ], [ -70.819537498375908, -33.254772737745796 ], [ -70.819538943886783, -33.254771529391924 ], [ -70.819540414023109, -33.254770342195364 ], [ -70.819541908346224, -33.254769176510322 ], [ -70.819543426410348, -33.254768032684545 ], [ -70.819544967762511, -33.254766911059349 ], [ -70.819546531942862, -33.254765811969364 ], [ -70.819548118484732, -33.254764735742484 ], [ -70.819549726914758, -33.254763682699839 ], [ -70.819551356753067, -33.254762653155581 ], [ -70.819553007513363, -33.254761647416885 ], [ -70.819554678703156, -33.254760665783813 ], [ -70.819556369823843, -33.254759708549244 ], [ -70.819558080370868, -33.254758775998795 ], [ -70.819559809833876, -33.25475786841065 ], [ -70.819561557696872, -33.254756986055632 ], [ -70.819563323438373, -33.254756129196977 ], [ -70.819565106531599, -33.254755298090323 ], [ -70.819566906444493, -33.254754492983643 ], [ -70.819568722640113, -33.254753714117172 ], [ -70.819570554576529, -33.254752961723241 ], [ -70.819572401707205, -33.254752236026356 ], [ -70.819574263481044, -33.25475153724301 ], [ -70.819576139342587, -33.254750865581705 ], [ -70.819578028732138, -33.254750221242837 ], [ -70.819579931085997, -33.254749604418649 ], [ -70.819581845836609, -33.25474901529315 ], [ -70.819583772412685, -33.254748454042122 ], [ -70.819585710239409, -33.254747920833012 ], [ -70.819587658738655, -33.254747415824923 ], [ -70.819589617329072, -33.254746939168498 ], [ -70.819611128628708, -33.254601787688536 ] ] ] ] } },
{ "type": "Feature", "properties": { "fid": 318, "Area": 10713.222 }, "geometry": { "type": "MultiPolygon", "coordinates": [ [ [ [ -70.819611128628708, -33.254601787688536 ], [ -70.819589617329072, -33.254746939168498 ], [ -70.819591585426295, -33.25474649100596 ], [ -70.819593562443146, -33.254746071471033 ], [ -70.819595547789774, -33.254745680688863 ], [ -70.819597540873829, -33.25474531877606 ], [ -70.819599541100686, -33.254744985840595 ], [ -70.81960154787356, -33.254744681981812 ], [ -70.81960356059372, -33.254744407290346 ], [ -70.819605578660671, -33.254744161848166 ], [ -70.819607601472327, -33.254743945728492 ], [ -70.819609628425141, -33.254743758995822 ], [ -70.819611658914411, -33.254743601705862 ], [ -70.819613692334286, -33.254743473905513 ], [ -70.819615728078119, -33.254743375632941 ], [ -70.81961776553851, -33.254743306917462 ], [ -70.819619804107617, -33.254743267779553 ], [ -70.819621843177188, -33.254743258230896 ], [ -70.819623882138899, -33.254743278274354 ], [ -70.819625920384368, -33.254743327903945 ], [ -70.819627957305514, -33.254743407104868 ], [ -70.819629992294608, -33.25474351585347 ], [ -70.819632024744493, -33.254743654117313 ], [ -70.819634054048791, -33.254743821855165 ], [ -70.819636079602034, -33.254744019016961 ], [ -70.819638100799921, -33.254744245543876 ], [ -70.819640117039398, -33.254744501368336 ], [ -70.819642127718922, -33.254744786414015 ], [ -70.819644132238579, -33.254745100595855 ], [ -70.819646130000365, -33.254745443820134 ], [ -70.819648120408175, -33.254745815984457 ], [ -70.819650102868209, -33.254746216977736 ], [ -70.819652076788969, -33.254746646680402 ], [ -70.819703245191974, -33.254758578082303 ], [ -70.819754162978313, -33.254771243745409 ], [ -70.819804815223193, -33.254784639957215 ], [ -70.819855187079597, -33.254798762791047 ], [ -70.819905263782701, -33.254813608107241 ], [ -70.819955030654157, -33.25482917155437 ], [ -70.820004473106422, -33.254845448570535 ], [ -70.820053576647013, -33.254862434384634 ], [ -70.820102326882761, -33.254880124017838 ], [ -70.820150709524057, -33.254898512285003 ], [ -70.820198710388993, -33.254917593796186 ], [ -70.82024631540753, -33.254937362958287 ], [ -70.820293510625675, -33.254957813976603 ], [ -70.820340282209457, -33.254978940856532 ], [ -70.820386616449142, -33.255000737405467 ], [ -70.820432499763058, -33.255023197234422 ], [ -70.820477918701769, -33.255046313760005 ], [ -70.820522859951851, -33.25507008020633 ], [ -70.820567310339925, -33.255094489607032 ], [ -70.820611256836429, -33.255119534807264 ], [ -70.820654686559465, -33.25514520846577 ], [ -70.820697586778621, -33.255171503057149 ], [ -70.820739944918586, -33.25519841087393 ], [ -70.821456337498887, -33.255661642385853 ], [ -70.82149807489688, -33.255688162192314 ], [ -70.821540338914076, -33.255714086592299 ], [ -70.821583117519225, -33.255739408205727 ], [ -70.821626398534548, -33.255764119824079 ], [ -70.821670169639205, -33.255788214412519 ], [ -70.821714418372821, -33.255811685111794 ], [ -70.821759132139022, -33.255834525240353 ], [ -70.821804298208988, -33.255856728296067 ], [ -70.821849903725138, -33.255878287958176 ], [ -70.821895935704759, -33.255899198089146 ], [ -70.821942381043684, -33.255919452736286 ], [ -70.821989226520074, -33.255939046133513 ], [ -70.822036458798124, -33.255957972702973 ], [ -70.82208406443192, -33.255976227056713 ], [ -70.822132029869209, -33.255993803998066 ], [ -70.822180341455265, -33.256010698523234 ], [ -70.82222898543688, -33.256026905822708 ], [ -70.822277947966114, -33.256042421282615 ], [ -70.822327215104337, -33.256057240485987 ], [ -70.822376772826217, -33.256071359214125 ], [ -70.822426607023644, -33.256084773447718 ], [ -70.822476703509778, -33.256097479368016 ], [ -70.822682094333302, -33.256147987772977 ], [ -70.822684045481495, -33.256148482988344 ], [ -70.822685986162668, -33.256149006431748 ], [ -70.82268791579834, -33.256149557947197 ], [ -70.822689833813286, -33.25615013737027 ], [ -70.822691739635744, -33.256150744528234 ], [ -70.822693632697622, -33.256151379240116 ], [ -70.82269551243462, -33.256152041316724 ], [ -70.822697378286406, -33.256152730560672 ], [ -70.822699229696781, -33.256153446766511 ], [ -70.822701066113851, -33.256154189720768 ], [ -70.8227028869902, -33.256154959201957 ], [ -70.822704691783031, -33.256155754980682 ], [ -70.822706479954363, -33.256156576819762 ], [ -70.822708250971147, -33.256157424474196 ], [ -70.822710004305478, -33.256158297691321 ], [ -70.822711739434681, -33.256159196210817 ], [ -70.822713455841537, -33.256160119764864 ], [ -70.8227151530144, -33.25616106807815 ], [ -70.822716830447348, -33.256162040867977 ], [ -70.822718487640358, -33.256163037844395 ], [ -70.822720124099448, -33.256164058710183 ], [ -70.822721739336785, -33.256165103161052 ], [ -70.822723332870893, -33.256166170885649 ], [ -70.822724904226732, -33.256167261565686 ], [ -70.82272645293591, -33.256168374876069 ], [ -70.822727978536776, -33.256169510484902 ], [ -70.822729480574552, -33.256170668053691 ], [ -70.822730958601468, -33.256171847237354 ], [ -70.82273241217699, -33.256173047684406 ], [ -70.82273384086777, -33.25617426903699 ], [ -70.822735244247951, -33.256175510931037 ], [ -70.822736621899182, -33.256176772996334 ], [ -70.822737973410824, -33.256178054856711 ], [ -70.822739298379972, -33.256179356130005 ], [ -70.822740596411663, -33.256180676428365 ], [ -70.822741867118992, -33.256182015358192 ], [ -70.822743110123142, -33.256183372520347 ], [ -70.822744325053606, -33.256184747510311 ], [ -70.822745511548192, -33.256186139918185 ], [ -70.822746669253235, -33.256187549328914 ], [ -70.822747797823638, -33.25618897532236 ], [ -70.82274889692296, -33.256190417473469 ], [ -70.822749966223597, -33.256191875352307 ], [ -70.822751005406758, -33.256193348524327 ], [ -70.822752014162717, -33.256194836550364 ], [ -70.822752992190743, -33.256196338986861 ], [ -70.822753939199288, -33.256197855385956 ], [ -70.822754854906066, -33.256199385295623 ], [ -70.822755739038115, -33.256200928259808 ], [ -70.822756591331867, -33.256202483818583 ], [ -70.822757411533274, -33.256204051508206 ], [ -70.822758199397825, -33.256205630861395 ], [ -70.823062523956537, -33.256101053955774 ], [ -70.823059258038143, -33.255943850120758 ], [ -70.823056553403902, -33.255944276176265 ], [ -70.823053840496783, -33.255944663328094 ], [ -70.823051120109497, -33.255945011463105 ], [ -70.823048393036927, -33.255945320479562 ], [ -70.823045660075891, -33.255945590287212 ], [ -70.823042922024968, -33.255945820807192 ], [ -70.82304017968417, -33.255946011972149 ], [ -70.823037433854822, -33.255946163726236 ], [ -70.823034685339209, -33.255946276025085 ], [ -70.82303193494046, -33.255946348835913 ], [ -70.823029183462211, -33.255946382137431 ], [ -70.823026431708428, -33.255946375919919 ], [ -70.823023680483161, -33.255946330185161 ], [ -70.823020930590303, -33.25594624494655 ], [ -70.823018182833351, -33.255946120228998 ], [ -70.82301543801519, -33.255945956068928 ], [ -70.823012696937838, -33.255945752514307 ], [ -70.823009960402217, -33.255945509624617 ], [ -70.823007229207917, -33.255945227470846 ], [ -70.823004504152991, -33.255944906135412 ], [ -70.823001786033686, -33.255944545712204 ], [ -70.822999075644219, -33.255944146306568 ], [ -70.822996373776562, -33.255943708035176 ], [ -70.82299368122014, -33.255943231026095 ], [ -70.822990998761767, -33.255942715418733 ], [ -70.822988327185186, -33.255942161363699 ], [ -70.822985667271027, -33.255941569022916 ], [ -70.822983019796524, -33.255940938569459 ], [ -70.82267595324582, -33.255865427167187 ], [ -70.822620656553681, -33.255851402376294 ], [ -70.822565649376656, -33.255836595742004 ], [ -70.822510947374354, -33.255821011479497 ], [ -70.822456566119456, -33.255804654025326 ], [ -70.822402521093323, -33.25578752803618 ], [ -70.822348827681566, -33.25576963838747 ], [ -70.822295501169691, -33.255750990172054 ], [ -70.822242556738715, -33.255731588698765 ], [ -70.822190009460826, -33.255711439490838 ], [ -70.82213787429518, -33.255690548284363 ], [ -70.822086166083537, -33.255668921026697 ], [ -70.822034899546082, -33.255646563874713 ], [ -70.821984089277251, -33.255623483193048 ], [ -70.821933749741532, -33.255599685552383 ], [ -70.821883895269394, -33.25557517772743 ], [ -70.82183454005316, -33.255549966695092 ], [ -70.821785698142989, -33.255524059632485 ], [ -70.821737383442922, -33.25549746391485 ], [ -70.821689609706809, -33.255470187113424 ], [ -70.821642390534493, -33.255442236993453 ], [ -70.821595739367936, -33.255413621511707 ], [ -70.821549669487283, -33.255384348814466 ], [ -70.820929515866609, -33.254983346924057 ], [ -70.820884244179553, -33.254954572180004 ], [ -70.820838410876874, -33.254926432051107 ], [ -70.820792028559708, -33.254898934273804 ], [ -70.820745109980109, -33.2548720864079 ], [ -70.820697668037525, -33.254845895834514 ], [ -70.820649715775204, -33.254820369754064 ], [ -70.820601266376698, -33.254795515184263 ], [ -70.820552333162212, -33.25477133895825 ], [ -70.820502929584919, -33.254747847722626 ], [ -70.820453069227227, -33.254725047935672 ], [ -70.820402765797141, -33.254702945865589 ], [ -70.820352033124479, -33.254681547588753 ], [ -70.820300885156925, -33.254660858988046 ], [ -70.820249335956433, -33.254640885751229 ], [ -70.820197399695161, -33.254621633369425 ], [ -70.82014509065165, -33.254603107135537 ], [ -70.820067771751226, -33.254577274035341 ], [ -70.820065187859655, -33.254576419585177 ], [ -70.82006262189438, -33.254575527815639 ], [ -70.820060074618866, -33.254574598992079 ], [ -70.820057546791062, -33.254573633390898 ], [ -70.820055039163151, -33.254572631299382 ], [ -70.820052552481229, -33.254571593015704 ], [ -70.820050087485214, -33.254570518848801 ], [ -70.82004764490857, -33.254569409118311 ], [ -70.820045225478097, -33.254568264154393 ], [ -70.82004282991366, -33.254567084297776 ], [ -70.820040458928062, -33.254565869899501 ], [ -70.820038113226801, -33.254564621320895 ], [ -70.820035793507827, -33.254563338933508 ], [ -70.820033500461378, -33.254562023118886 ], [ -70.820031234769729, -33.254560674268546 ], [ -70.820028997107045, -33.25455929278386 ], [ -70.820026788139117, -33.254557879075861 ], [ -70.820024608523241, -33.254556433565199 ], [ -70.820022458907957, -33.254554956681993 ], [ -70.820020339932867, -33.254553448865686 ], [ -70.820018252228465, -33.254551910564928 ], [ -70.820016196415949, -33.254550342237422 ], [ -70.820014173107026, -33.25454874434984 ], [ -70.820012182903724, -33.254547117377626 ], [ -70.82001022639821, -33.254545461804881 ], [ -70.82000830417266, -33.254543778124216 ], [ -70.820006416799004, -33.254542066836606 ], [ -70.82000456483884, -33.254540328451235 ], [ -70.820002748843208, -33.254538563485376 ], [ -70.820000969352449, -33.254536772464171 ], [ -70.819999226896059, -33.254534955920569 ], [ -70.819997521992477, -33.254533114395038 ], [ -70.819995855149003, -33.254531248435548 ], [ -70.819994226861624, -33.254529358597296 ], [ -70.819992637614789, -33.254527445442612 ], [ -70.819991087881419, -33.254525509540734 ], [ -70.819989578122602, -33.254523551467692 ], [ -70.819988108787555, -33.254521571806123 ], [ -70.819986680313491, -33.254519571145067 ], [ -70.819985293125441, -33.254517550079811 ], [ -70.81998394763616, -33.254515509211714 ], [ -70.819982644245982, -33.254513449148028 ], [ -70.819981383342736, -33.254511370501746 ], [ -70.819980165301601, -33.254509273891337 ], [ -70.819978990484998, -33.25450715994068 ], [ -70.819977859242471, -33.254505029278718 ], [ -70.819976771910646, -33.254502882539477 ], [ -70.819975728813034, -33.25450072036169 ], [ -70.81997473026, -33.254498543388721 ], [ -70.819973776548679, -33.254496352268312 ], [ -70.819972867962818, -33.254494147652444 ], [ -70.819972004772751, -33.254491930197069 ], [ -70.819971187235353, -33.254489700562011 ], [ -70.819970415593858, -33.254487459410676 ], [ -70.819969690077883, -33.254485207409928 ], [ -70.81996901090325, -33.254482945229825 ], [ -70.81996837827208, -33.254480673543497 ], [ -70.819611128628708, -33.254601787688536 ], [ -70.819611128628708, -33.254601787688536 ] ] ] ] } },
{ "type": "Feature", "properties": { "fid": 319, "Area": 6259.836 }, "geometry": { "type": "MultiPolygon", "coordinates": [ [ [ [ -70.821580916432097, -33.252061079638942 ], [ -70.821782801347823, -33.252011156281263 ], [ -70.821846366073373, -33.252156971302398 ], [ -70.821844327934485, -33.25215701596499 ], [ -70.821842291017617, -33.252157090195958 ], [ -70.821840255930368, -33.252157193973183 ], [ -70.821838223279769, -33.252157327265714 ], [ -70.821836193672198, -33.25215749003376 ], [ -70.821834167713021, -33.252157682228798 ], [ -70.821832146006599, -33.252157903793488 ], [ -70.82183012915597, -33.252158154661728 ], [ -70.821828117762763, -33.252158434758712 ], [ -70.821826112426947, -33.252158744000859 ], [ -70.821824113746729, -33.252159082295954 ], [ -70.821822122318267, -33.252159449543036 ], [ -70.821820138735603, -33.252159845632633 ], [ -70.821818163590422, -33.252160270446538 ], [ -70.821816197471918, -33.25216072385804 ], [ -70.821814240966546, -33.252161205731916 ], [ -70.821812294657917, -33.252161715924402 ], [ -70.821810359126616, -33.252162254283306 ], [ -70.821808434949986, -33.252162820648081 ], [ -70.821806522702005, -33.252163414849718 ], [ -70.821804622953081, -33.252164036711015 ], [ -70.821802736269902, -33.252164686046484 ], [ -70.82180086321523, -33.252165362662403 ], [ -70.82179900434781, -33.252166066356956 ], [ -70.821797160222104, -33.252166796920235 ], [ -70.821795331388216, -33.252167554134317 ], [ -70.821793518391701, -33.252168337773348 ], [ -70.821791721773323, -33.252169147603546 ], [ -70.821789942069003, -33.252169983383361 ], [ -70.821788179809644, -33.252170844863464 ], [ -70.821786435520906, -33.252171731786923 ], [ -70.82178470972309, -33.252172643889146 ], [ -70.821783002930985, -33.252173580898059 ], [ -70.821781315653737, -33.252174542534171 ], [ -70.82177964839461, -33.252175528510605 ], [ -70.821778001650998, -33.252176538533284 ], [ -70.821776375914055, -33.252177572300916 ], [ -70.821774771668757, -33.252178629505138 ], [ -70.821773189393639, -33.252179709830578 ], [ -70.821771629560686, -33.25218081295499 ], [ -70.821770092635163, -33.252181938549327 ], [ -70.821768579075567, -33.252183086277824 ], [ -70.821767089333349, -33.252184255798127 ], [ -70.821765623852897, -33.252185446761366 ], [ -70.821764183071352, -33.252186658812299 ], [ -70.821762767418505, -33.252187891589365 ], [ -70.821761377316619, -33.252189144724852 ], [ -70.821760013180381, -33.252190417844943 ], [ -70.82175867541666, -33.252191710569875 ], [ -70.821757364424542, -33.252193022514049 ], [ -70.82175608059508, -33.252194353286129 ], [ -70.821754824311228, -33.252195702489118 ], [ -70.821753595947726, -33.252197069720594 ], [ -70.821752395870988, -33.252198454572699 ], [ -70.821751224438998, -33.252199856632352 ], [ -70.821750082001174, -33.252201275481319 ], [ -70.821748968898305, -33.252202710696388 ], [ -70.821747885462443, -33.25220416184942 ], [ -70.821746832016743, -33.252205628507546 ], [ -70.821745808875448, -33.252207110233293 ], [ -70.821066022245418, -33.253211441006883 ], [ -70.82091262943122, -33.253438063146362 ], [ -70.820884688373226, -33.253478569874531 ], [ -70.820855963851372, -33.253518687896353 ], [ -70.820826463522948, -33.253558406515765 ], [ -70.8207961952521, -33.253597715143187 ], [ -70.820765167107751, -33.253636603298339 ], [ -70.820733387361486, -33.253675060613006 ], [ -70.820700864485232, -33.253713076833883 ], [ -70.820667607149176, -33.253750641825164 ], [ -70.820633624219298, -33.253787745571401 ], [ -70.820598924755075, -33.253824378180113 ], [ -70.820563518007063, -33.253860529884406 ], [ -70.820527413414453, -33.253896191045527 ], [ -70.820490620602499, -33.253931352155611 ], [ -70.82045314938, -33.253966003839999 ], [ -70.820415009736635, -33.254000136859929 ], [ -70.820072603308361, -33.25430160097828 ], [ -70.820008974953097, -33.25435762082305 ], [ -70.820007075285545, -33.254359322477946 ], [ -70.820005210835319, -33.254361051410193 ], [ -70.820003382157196, -33.254362807105338 ], [ -70.820001589795282, -33.254364589041003 ], [ -70.81999983428291, -33.254366396686976 ], [ -70.819998116142415, -33.254368229505417 ], [ -70.819996435885017, -33.254370086950928 ], [ -70.819994794010697, -33.254371968470871 ], [ -70.819993191007981, -33.254373873505394 ], [ -70.819991627353829, -33.254375801487669 ], [ -70.819990103513518, -33.254377751844011 ], [ -70.819988619940446, -33.25437972399412 ], [ -70.819987177076086, -33.25438171735118 ], [ -70.819985775349721, -33.254383731322079 ], [ -70.819984415178453, -33.254385765307575 ], [ -70.819983096966979, -33.254387818702448 ], [ -70.819981821107561, -33.254389890895688 ], [ -70.819980587979813, -33.254391981270778 ], [ -70.819979397950647, -33.254394089205697 ], [ -70.819978251374167, -33.25439621407326 ], [ -70.819977148591533, -33.254398355241207 ], [ -70.81997608993089, -33.254400512072429 ], [ -70.819975075707205, -33.254402683925186 ], [ -70.819974106222304, -33.25440487015323 ], [ -70.819973181764624, -33.254407070106083 ], [ -70.819972302609258, -33.254409283129135 ], [ -70.819971469017801, -33.254411508563905 ], [ -70.81997068123826, -33.254413745748231 ], [ -70.819969939505086, -33.254415994016469 ], [ -70.81996924403893, -33.254418252699587 ], [ -70.819968595046788, -33.254420521125596 ], [ -70.819967992721729, -33.25442279861948 ], [ -70.81996743724298, -33.254425084503602 ], [ -70.819966928775841, -33.254427378097809 ], [ -70.819966467471602, -33.25442967871961 ], [ -70.819966053467525, -33.254431985684512 ], [ -70.819965686886803, -33.254434298306059 ], [ -70.819965367838506, -33.254436615896125 ], [ -70.819965096417576, -33.254438937765144 ], [ -70.819964872704773, -33.254441263222233 ], [ -70.819964696766661, -33.254443591575452 ], [ -70.819964568655621, -33.254445922132035 ], [ -70.819964488409767, -33.2544482541985 ], [ -70.819964456052944, -33.254450587080981 ], [ -70.819964471594815, -33.254452920085292 ], [ -70.819964535030763, -33.254455252517282 ], [ -70.819964646341916, -33.254457583682928 ], [ -70.819964805495118, -33.254459912888606 ], [ -70.819965012443078, -33.254462239441281 ], [ -70.819965267124189, -33.254464562648657 ], [ -70.819965569462667, -33.254466881819511 ], [ -70.81996591936857, -33.254469196263749 ], [ -70.819966316737791, -33.254471505292713 ], [ -70.819966761452093, -33.254473808219373 ], [ -70.819967253379161, -33.254476104358496 ], [ -70.819967792372609, -33.254478393026872 ], [ -70.81996837827208, -33.254480673543497 ], [ -70.819611128628708, -33.254601787688536 ], [ -70.819635713671119, -33.254435895060496 ], [ -70.81963762234966, -33.254435305540881 ], [ -70.819639518658676, -33.254434688485226 ], [ -70.819641402035458, -33.254434044076696 ], [ -70.819643271921137, -33.254433372506448 ], [ -70.819645127760836, -33.254432673973803 ], [ -70.819646969003884, -33.254431948686033 ], [ -70.819648795103873, -33.254431196858356 ], [ -70.819650605518973, -33.254430418713866 ], [ -70.819652399711927, -33.25442961448347 ], [ -70.819654177150341, -33.254428784405818 ], [ -70.819655937306806, -33.254427928727232 ], [ -70.81965767965896, -33.254427047701618 ], [ -70.81965940368984, -33.254426141590407 ], [ -70.819661108887814, -33.254425210662482 ], [ -70.819662794746918, -33.254424255194081 ], [ -70.819664460766887, -33.254423275468717 ], [ -70.819666106453326, -33.254422271777159 ], [ -70.819667731317921, -33.254421244417188 ], [ -70.819669334878498, -33.254420193693676 ], [ -70.819670916659248, -33.25441911991841 ], [ -70.81967247619076, -33.254418023410047 ], [ -70.819674013010285, -33.254416904493951 ], [ -70.819675526661769, -33.254415763502138 ], [ -70.819677016696076, -33.254414600773174 ], [ -70.819678482671037, -33.25441341665212 ], [ -70.819679924151671, -33.254412211490319 ], [ -70.819681340710204, -33.2544109856454 ], [ -70.820275258798716, -33.253888086339238 ], [ -70.820311239604379, -33.253855885417103 ], [ -70.82034658982748, -33.25382319518863 ], [ -70.820381300043778, -33.25379002436965 ], [ -70.820415360999647, -33.253756381804088 ], [ -70.820448763614664, -33.253722276461644 ], [ -70.820481498983909, -33.253687717435376 ], [ -70.820513558380426, -33.253652713939346 ], [ -70.82054493325748, -33.253617275306006 ], [ -70.820575615250888, -33.253581410983884 ], [ -70.820605596181267, -33.253545130534995 ], [ -70.820634868056132, -33.253508443632228 ], [ -70.820663423072062, -33.253471360056899 ], [ -70.820691253616843, -33.253433889696005 ], [ -70.820718352271385, -33.253396042539705 ], [ -70.820744711811827, -33.253357828678567 ], [ -70.821157501874467, -33.25274797251106 ], [ -70.821570286337078, -33.25213811511189 ], [ -70.821571268718557, -33.252136634401673 ], [ -70.821572220836885, -33.252135139800785 ], [ -70.821573142413882, -33.252133631745814 ], [ -70.821574033180369, -33.252132110677316 ], [ -70.821574892876114, -33.252130577039622 ], [ -70.821575721249985, -33.252129031280738 ], [ -70.821576518060013, -33.252127473852234 ], [ -70.82157728307341, -33.252125905209056 ], [ -70.821578016066695, -33.252124325809433 ], [ -70.821578716825798, -33.252122736114742 ], [ -70.821579385145952, -33.252121136589395 ], [ -70.821580020831959, -33.252119527700607 ], [ -70.821580623698125, -33.252117909918425 ], [ -70.821581193568321, -33.252116283715381 ], [ -70.821581730276094, -33.252114649566579 ], [ -70.821582233664643, -33.25211300794934 ], [ -70.821582703586955, -33.252111359343253 ], [ -70.821583139905712, -33.252109704229909 ], [ -70.821583542493499, -33.25210804309279 ], [ -70.821583911232679, -33.252106376417153 ], [ -70.821584246015561, -33.25210470468987 ], [ -70.821584546744333, -33.252103028399311 ], [ -70.821584813331157, -33.252101348035133 ], [ -70.821585045698157, -33.25209966408822 ], [ -70.821585243777477, -33.252097977050497 ], [ -70.821585407511208, -33.252096287414744 ], [ -70.821585536851558, -33.252094595674599 ], [ -70.821585631760712, -33.252092902324215 ], [ -70.821585692211002, -33.252091207858278 ], [ -70.821585718184721, -33.252089512771775 ], [ -70.821585709674309, -33.252087817559875 ], [ -70.821585666682239, -33.252086122717785 ], [ -70.821585589221087, -33.252084428740623 ], [ -70.821585477313477, -33.252082736123207 ], [ -70.821585330992093, -33.252081045360008 ], [ -70.821585150299697, -33.252079356944925 ], [ -70.821584935289067, -33.252077671371204 ], [ -70.821584686023002, -33.252075989131207 ], [ -70.821584402574331, -33.252074310716374 ], [ -70.821584085025876, -33.252072636616987 ], [ -70.821583733470376, -33.252070967322119 ], [ -70.82158334801052, -33.252069303319388 ], [ -70.821582928758957, -33.252067645094876 ], [ -70.821582475838127, -33.252065993133009 ], [ -70.821581989380334, -33.252064347916352 ], [ -70.8215814695277, -33.252062709925497 ], [ -70.821580916432097, -33.252061079638942 ], [ -70.821580916432097, -33.252061079638942 ] ] ] ] } },
{ "type": "Feature", "properties": { "fid": 320, "Area": 16275.962 }, "geometry": { "type": "MultiPolygon", "coordinates": [ [ [ [ -70.814492899834519, -33.254028398859909 ], [ -70.813984317835633, -33.253868440451924 ], [ -70.813982406959042, -33.25386785515952 ], [ -70.813980484364492, -33.253867297614043 ], [ -70.813978550622693, -33.253866767980995 ], [ -70.813976606307662, -33.253866266417582 ], [ -70.813974651996503, -33.253865793072706 ], [ -70.813972688269374, -33.253865348086862 ], [ -70.813970715709175, -33.253864931592126 ], [ -70.813968734901394, -33.253864543712147 ], [ -70.813966746434033, -33.253864184562055 ], [ -70.81396475089737, -33.253863854248465 ], [ -70.813962748883696, -33.253863552869412 ], [ -70.813960740987326, -33.253863280514373 ], [ -70.813958727804248, -33.253863037264175 ], [ -70.813956709932071, -33.253862823191035 ], [ -70.813954687969755, -33.253862638358505 ], [ -70.813952662517522, -33.25386248282144 ], [ -70.813950634176564, -33.253862356626001 ], [ -70.81394860354898, -33.253862259809651 ], [ -70.813946571237537, -33.253862192401172 ], [ -70.813944537845501, -33.253862154420503 ], [ -70.813942503976463, -33.253862145878962 ], [ -70.81394047023413, -33.253862166779051 ], [ -70.813938437222191, -33.25386221711463 ], [ -70.813936405544126, -33.253862296870672 ], [ -70.813934375803044, -33.253862406023593 ], [ -70.813932348601384, -33.253862544540915 ], [ -70.813930324540934, -33.253862712381562 ], [ -70.813928304222514, -33.253862909495695 ], [ -70.81392628824581, -33.253863135824822 ], [ -70.813924277209225, -33.253863391301756 ], [ -70.813922271709743, -33.253863675850639 ], [ -70.813920272342642, -33.253863989387035 ], [ -70.813918279701426, -33.253864331817873 ], [ -70.813916294377563, -33.253864703041486 ], [ -70.813914316960378, -33.253865102947685 ], [ -70.813912348036865, -33.253865531417787 ], [ -70.813910388191431, -33.253865988324584 ], [ -70.813908438005853, -33.253866473532462 ], [ -70.813906498059026, -33.253866986897393 ], [ -70.813904568926773, -33.253867528266973 ], [ -70.813902651181749, -33.25386809748052 ], [ -70.813900745393198, -33.253868694369075 ], [ -70.813898852126854, -33.253869318755449 ], [ -70.813896971944686, -33.253869970454303 ], [ -70.813825142565264, -33.253673941376491 ], [ -70.814040080342906, -33.253572445062616 ], [ -70.814041110079302, -33.253573940807392 ], [ -70.814042170672494, -33.253575421253167 ], [ -70.81404326180062, -33.253576885950622 ], [ -70.814044383132483, -33.253578334455199 ], [ -70.814045534327775, -33.253579766327285 ], [ -70.814046715037108, -33.25358118113229 ], [ -70.814047924902098, -33.253582578440813 ], [ -70.81404916355558, -33.253583957828759 ], [ -70.814050430621634, -33.253585318877491 ], [ -70.814051725715657, -33.253586661173919 ], [ -70.814053048444592, -33.253587984310656 ], [ -70.814054398407009, -33.253589287886115 ], [ -70.814055775193168, -33.253590571504652 ], [ -70.814057178385227, -33.253591834776685 ], [ -70.814058607557286, -33.253593077318797 ], [ -70.814060062275601, -33.253594298753882 ], [ -70.814061542098656, -33.253595498711235 ], [ -70.814063046577317, -33.253596676826639 ], [ -70.814064575254974, -33.253597832742543 ], [ -70.814066127667658, -33.253598966108122 ], [ -70.814067703344207, -33.253600076579403 ], [ -70.814069301806398, -33.253601163819333 ], [ -70.814070922569087, -33.253602227497936 ], [ -70.814072565140378, -33.253603267292391 ], [ -70.814074229021713, -33.253604282887103 ], [ -70.814075913708137, -33.253605273973839 ], [ -70.814077618688302, -33.253606240251784 ], [ -70.81407934344476, -33.253607181427697 ], [ -70.814081087454028, -33.253608097215903 ], [ -70.814082850186807, -33.25360898733846 ], [ -70.814084631108059, -33.253609851525226 ], [ -70.814086429677317, -33.253610689513884 ], [ -70.814088245348685, -33.253611501050138 ], [ -70.814090077571095, -33.253612285887648 ], [ -70.81409192578846, -33.253613043788242 ], [ -70.814093789439809, -33.253613774521874 ], [ -70.814095667959563, -33.253614477866769 ], [ -70.814097560777569, -33.253615153609452 ], [ -70.814099467319323, -33.253615801544839 ], [ -70.81410138700619, -33.253616421476288 ], [ -70.814602411993036, -33.253774023326471 ], [ -70.814721683984033, -33.253809290819277 ], [ -70.814841666437104, -33.253842814089239 ], [ -70.814962323220172, -33.253874583041117 ], [ -70.815083617997942, -33.253904588107893 ], [ -70.815205514242933, -33.253932820253809 ], [ -70.81532797524639, -33.253959270976978 ], [ -70.815450964129425, -33.253983932312018 ], [ -70.815574443854061, -33.254006796832385 ], [ -70.815698377234455, -33.254027857652659 ], [ -70.815822726948028, -33.254047108430619 ], [ -70.815947455546777, -33.254064543369118 ], [ -70.816072525468556, -33.254080157217864 ], [ -70.816197899048348, -33.254093945274995 ], [ -70.818338038325251, -33.254313438247749 ], [ -70.819581635932153, -33.254440964262741 ], [ -70.819583656563054, -33.254441156634805 ], [ -70.819585680838145, -33.254441319734617 ], [ -70.819587708156774, -33.25444145351377 ], [ -70.819589737917369, -33.254441557932559 ], [ -70.819591769517586, -33.254441632960003 ], [ -70.819593802354589, -33.254441678573833 ], [ -70.819595835825169, -33.25444169476053 ], [ -70.819597869325875, -33.254441681515281 ], [ -70.819599902253344, -33.254441638842025 ], [ -70.819601934004282, -33.2544415667534 ], [ -70.819603963975808, -33.254441465270823 ], [ -70.819605991565552, -33.254441334424413 ], [ -70.819608016171841, -33.254441174252975 ], [ -70.819610037193925, -33.254440984804035 ], [ -70.819612054032049, -33.254440766133833 ], [ -70.819614066087766, -33.254440518307256 ], [ -70.819616072763992, -33.254440241397823 ], [ -70.819618073465307, -33.25443993548771 ], [ -70.819620067597995, -33.254439600667702 ], [ -70.819622054570331, -33.254439237037154 ], [ -70.819624033792707, -33.254438844703948 ], [ -70.819626004677801, -33.254438423784542 ], [ -70.819627966640795, -33.254437974403793 ], [ -70.819629919099469, -33.25443749669509 ], [ -70.819631861474463, -33.254436990800173 ], [ -70.819633793189425, -33.254436456869165 ], [ -70.819635713671119, -33.254435895060489 ], [ -70.819611128628708, -33.254601787688536 ], [ -70.819226541827817, -33.254732168126282 ], [ -70.81922583809127, -33.254730559835416 ], [ -70.819225101390714, -33.254728961998978 ], [ -70.819224331946046, -33.254727375093871 ], [ -70.819223529986914, -33.254725799593714 ], [ -70.819222695752671, -33.254724235968759 ], [ -70.819221829492321, -33.254722684685682 ], [ -70.8192209314644, -33.254721146207494 ], [ -70.819220001936941, -33.254719620993356 ], [ -70.819219041187381, -33.254718109498505 ], [ -70.819218049502467, -33.254716612174086 ], [ -70.819217027178183, -33.254715129466959 ], [ -70.819215974519679, -33.254713661819686 ], [ -70.819214891841099, -33.254712209670302 ], [ -70.819213779465613, -33.254710773452217 ], [ -70.819212637725215, -33.254709353594087 ], [ -70.819211466960681, -33.254707950519709 ], [ -70.819210267521441, -33.254706564647833 ], [ -70.819209039765497, -33.254705196392095 ], [ -70.819207784059273, -33.254703846160872 ], [ -70.819206500777568, -33.25470251435717 ], [ -70.819205190303379, -33.25470120137846 ], [ -70.819203853027872, -33.254699907616647 ], [ -70.819202489350147, -33.254698633457856 ], [ -70.819201099677215, -33.254697379282383 ], [ -70.81919968442385, -33.254696145464557 ], [ -70.819198244012469, -33.25469493237263 ], [ -70.819196778872964, -33.254693740368644 ], [ -70.819195289442632, -33.254692569808391 ], [ -70.819193776166031, -33.254691421041251 ], [ -70.819192239494811, -33.254690294410089 ], [ -70.819190679887612, -33.254689190251121 ], [ -70.819189097809897, -33.254688108893944 ], [ -70.819187493733921, -33.254687050661282 ], [ -70.819185868138391, -33.254686015868998 ], [ -70.819184221508493, -33.25468500482593 ], [ -70.819182554335725, -33.254684017833846 ], [ -70.819180867117652, -33.254683055187307 ], [ -70.819179160357848, -33.254682117173644 ], [ -70.819177434565731, -33.254681204072817 ], [ -70.819175690256372, -33.254680316157355 ], [ -70.819173927950402, -33.254679453692276 ], [ -70.819172148173791, -33.254678616934974 ], [ -70.819170351457757, -33.254677806135213 ], [ -70.819168538338531, -33.254677021534981 ], [ -70.81916670935729, -33.254676263368452 ], [ -70.819164865059903, -33.254675531861913 ], [ -70.819163005996842, -33.254674827233671 ], [ -70.819161132722954, -33.254674149694083 ], [ -70.819159245797351, -33.254673499445332 ], [ -70.819157345783225, -33.254672876681497 ], [ -70.819155433247644, -33.254672281588434 ], [ -70.819153508761431, -33.2546717143438 ], [ -70.819151572898988, -33.254671175116862 ], [ -70.819149626238087, -33.254670664068584 ], [ -70.819147669359751, -33.254670181351464 ], [ -70.819145702848019, -33.254669727109629 ], [ -70.819143727289855, -33.254669301478593 ], [ -70.819141743274869, -33.254668904585436 ], [ -70.819139751395213, -33.254668536548586 ], [ -70.819137752245396, -33.254668197477905 ], [ -70.819135746422106, -33.254667887474589 ], [ -70.819133734523987, -33.254667606631173 ], [ -70.819131717151549, -33.254667355031479 ], [ -70.819129694906891, -33.254667132750583 ], [ -70.818228166665378, -33.254574682874654 ], [ -70.81615888446926, -33.254362456621458 ], [ -70.816027971158377, -33.254348059341815 ], [ -70.815897374925243, -33.25433175559651 ], [ -70.815767135099463, -33.254313550295223 ], [ -70.815637290903268, -33.254293448920258 ], [ -70.815507881439686, -33.254271457524943 ], [ -70.815378945680749, -33.254247582731793 ], [ -70.815250522455727, -33.254221831730518 ], [ -70.815122650439477, -33.254194212275834 ], [ -70.814995368140742, -33.254164732685147 ], [ -70.81486871389059, -33.254133401836086 ], [ -70.814742725830811, -33.254100229163747 ], [ -70.814617441902485, -33.254065224657872 ], [ -70.814492899834519, -33.254028398859909 ] ] ] ] } },
{ "type": "Feature", "properties": { "fid": 321, "Area": 7706.931 }, "geometry": { "type": "MultiPolygon", "coordinates": [ [ [ [ -70.811996287644035, -33.257739051563085 ], [ -70.813649046211978, -33.25787110644913 ], [ -70.815467313133439, -33.25801635944498 ], [ -70.815518525615943, -33.258020811571996 ], [ -70.815569643100105, -33.258025977157835 ], [ -70.815620651505824, -33.25803185477961 ], [ -70.815671536783043, -33.258038442818339 ], [ -70.815722284915637, -33.258045739459298 ], [ -70.815772881925184, -33.258053742692631 ], [ -70.815823313874958, -33.258062450313837 ], [ -70.815873566873634, -33.258071859924399 ], [ -70.815923627079172, -33.258081968932409 ], [ -70.815973480702652, -33.258092774553376 ], [ -70.816023114011998, -33.258104273810851 ], [ -70.816072513335882, -33.258116463537398 ], [ -70.8161216650673, -33.258129340375341 ], [ -70.81617055566754, -33.258142900777763 ], [ -70.816219171669729, -33.25815714100947 ], [ -70.816267499682638, -33.258172057147952 ], [ -70.816315526394348, -33.258187645084632 ], [ -70.81660555772936, -33.25828411658717 ], [ -70.816567017758274, -33.258065492759606 ], [ -70.81656516112696, -33.25806615204165 ], [ -70.816563291368681, -33.258066784596231 ], [ -70.816561409028481, -33.258067390238942 ], [ -70.816559514655097, -33.258067968793213 ], [ -70.81655760880075, -33.258068520090404 ], [ -70.816555692020998, -33.258069043969819 ], [ -70.816553764874641, -33.25806954027874 ], [ -70.816551827923448, -33.258070008872451 ], [ -70.816549881732044, -33.25807044961438 ], [ -70.816547926867798, -33.258070862376051 ], [ -70.816545963900538, -33.258071247037144 ], [ -70.816543993402519, -33.258071603485497 ], [ -70.816542015948158, -33.258071931617209 ], [ -70.816540032113892, -33.258072231336641 ], [ -70.81653804247803, -33.258072502556438 ], [ -70.816536047620588, -33.258072745197474 ], [ -70.816534048123074, -33.258072959189086 ], [ -70.816532044568376, -33.258073144468845 ], [ -70.816530037540545, -33.258073300982765 ], [ -70.816528027624656, -33.258073428685222 ], [ -70.816526015406623, -33.258073527538969 ], [ -70.816524001473027, -33.2580735975152 ], [ -70.816521986410933, -33.258073638593508 ], [ -70.816519970807789, -33.258073650761943 ], [ -70.816517955251143, -33.258073634016931 ], [ -70.816515940328557, -33.258073588363366 ], [ -70.816513926627394, -33.258073513814558 ], [ -70.81651191473469, -33.258073410392221 ], [ -70.816509905236927, -33.258073278126538 ], [ -70.816507898719891, -33.258073117056021 ], [ -70.816505895768501, -33.258072927227666 ], [ -70.816503896966651, -33.25807270869678 ], [ -70.816501902896988, -33.258072461527078 ], [ -70.816499914140834, -33.258072185790631 ], [ -70.816497931277922, -33.258071881567787 ], [ -70.816495954886292, -33.258071548947257 ], [ -70.816493985542067, -33.25807118802598 ], [ -70.816492023819322, -33.258070798909188 ], [ -70.816490070289944, -33.25807038171029 ], [ -70.816488125523406, -33.258069936550925 ], [ -70.816486190086621, -33.258069463560858 ], [ -70.816484264543789, -33.258068962877978 ], [ -70.816482349456223, -33.258068434648216 ], [ -70.816480445382211, -33.258067879025567 ], [ -70.816478552876788, -33.258067296172023 ], [ -70.81647667249166, -33.258066686257457 ], [ -70.816423999935751, -33.258048303417361 ], [ -70.816370963011053, -33.258030675580329 ], [ -70.816317577048011, -33.258013807841735 ], [ -70.816263857477992, -33.25799770507723 ], [ -70.816209819828714, -33.257982371941345 ], [ -70.816155479719868, -33.257967812866163 ], [ -70.816100852858526, -33.257954032060027 ], [ -70.816045955034582, -33.257941033506327 ], [ -70.815990802116303, -33.25792882096232 ], [ -70.815935410045626, -33.25791739795806 ], [ -70.815879794833606, -33.257906767795411 ], [ -70.815823972555791, -33.257896933547073 ], [ -70.815767959347554, -33.257887898055657 ], [ -70.81571177139945, -33.257879663932925 ], [ -70.815655424952539, -33.257872233558984 ], [ -70.81559893629364, -33.257865609081591 ], [ -70.81554232175074, -33.257859792415637 ], [ -70.815485597688138, -33.257854785242451 ], [ -70.813874191886654, -33.257726058699447 ], [ -70.812262789816046, -33.257597311097172 ], [ -70.812260751370303, -33.257597133203568 ], [ -70.812258716907323, -33.25759692560753 ], [ -70.812256687040176, -33.257596688371592 ], [ -70.81225466238061, -33.257596421567271 ], [ -70.812252643538756, -33.257596125274951 ], [ -70.812250631123007, -33.257595799583925 ], [ -70.812248625739869, -33.257595444592368 ], [ -70.81224662799363, -33.257595060407233 ], [ -70.812244638486348, -33.257594647144316 ], [ -70.812242657817578, -33.257594204928132 ], [ -70.812240686584232, -33.257593733891959 ], [ -70.812238725380325, -33.257593234177754 ], [ -70.812236774796929, -33.257592705936119 ], [ -70.812234835421833, -33.257592149326243 ], [ -70.812232907839501, -33.257591564515842 ], [ -70.812230992630816, -33.257590951681159 ], [ -70.812229090372966, -33.257590311006908 ], [ -70.812227201639189, -33.257589642686135 ], [ -70.8122253269987, -33.257588946920258 ], [ -70.812223467016409, -33.25758822391893 ], [ -70.812221622252864, -33.257587473900067 ], [ -70.812219793263992, -33.257586697089657 ], [ -70.812217980600977, -33.257585893721831 ], [ -70.812216184810069, -33.257585064038679 ], [ -70.81221440643246, -33.25758420829024 ], [ -70.812212646004085, -33.257583326734384 ], [ -70.812210904055448, -33.257582419636798 ], [ -70.812209181111513, -33.257581487270826 ], [ -70.812207477691501, -33.257580529917455 ], [ -70.812205794308753, -33.257579547865177 ], [ -70.81220413147058, -33.257578541409977 ], [ -70.812202489678072, -33.257577510855135 ], [ -70.812200869426022, -33.257576456511238 ], [ -70.812199271202701, -33.257575378695975 ], [ -70.812197695489743, -33.257574277734207 ], [ -70.812196142761991, -33.257573153957686 ], [ -70.812194613487378, -33.257572007705093 ], [ -70.812193108126792, -33.257570839321858 ], [ -70.812191627133856, -33.257569649160075 ], [ -70.812190170954892, -33.257568437578414 ], [ -70.812188740028731, -33.257567204941999 ], [ -70.812187334786586, -33.257565951622304 ], [ -70.812185955651955, -33.257564677997024 ], [ -70.812184603040436, -33.257563384449952 ], [ -70.812183277359665, -33.257562071370941 ], [ -70.812181979009125, -33.2575607391557 ], [ -70.812180708380112, -33.257559388205678 ], [ -70.812179465855522, -33.257558018928016 ], [ -70.812178251809797, -33.257556631735362 ], [ -70.811996287644035, -33.257739051563085 ] ] ] ] } },
{ "type": "Feature", "properties": { "fid": 322, "Area": 1244.041 }, "geometry": { "type": "MultiPolygon", "coordinates": [ [ [ [ -70.814145708871322, -33.24361620354766 ], [ -70.814237085428886, -33.243795708416876 ], [ -70.81425065218734, -33.243790948609153 ], [ -70.814264315138161, -33.243786387215231 ], [ -70.814278070172023, -33.243782025607011 ], [ -70.814291913151891, -33.243777865096312 ], [ -70.814305839914297, -33.243773906934457 ], [ -70.81431984627055, -33.243770152311896 ], [ -70.814333928008068, -33.243766602357894 ], [ -70.814348080891563, -33.243763258140142 ], [ -70.814362300664328, -33.243760120664454 ], [ -70.814376583049594, -33.243757190874462 ], [ -70.814390923751759, -33.24375446965135 ], [ -70.814405318457617, -33.243751957813558 ], [ -70.814419762837801, -33.24374965611652 ], [ -70.814434252547954, -33.243747565252519 ], [ -70.814448783230091, -33.243745685850406 ], [ -70.814463350513932, -33.243744018475454 ], [ -70.814477950018173, -33.243742563629112 ], [ -70.814492577351814, -33.243741321748928 ], [ -70.814507228115502, -33.243740293208468 ], [ -70.814521897902821, -33.243739478317032 ], [ -70.814536582301642, -33.243738877319693 ], [ -70.814551276895443, -33.243738490397263 ], [ -70.814565977264635, -33.24373831766605 ], [ -70.81458067898788, -33.243738359178018 ], [ -70.814595377643471, -33.243738614920701 ], [ -70.814610068810566, -33.243739084817157 ], [ -70.814624748070628, -33.243739768726059 ], [ -70.814827388009263, -33.243750691404813 ], [ -70.814826909467754, -33.243749483305528 ], [ -70.81484082048857, -33.243565955212475 ], [ -70.814513540941832, -33.243548294747761 ], [ -70.814146059362713, -33.243615969940251 ], [ -70.814145708871322, -33.24361620354766 ] ] ] ] } },
{ "type": "Feature", "properties": { "fid": 323, "Area": 8546.915 }, "geometry": { "type": "MultiPolygon", "coordinates": [ [ [ [ -70.81365115935607, -33.253870297263354 ], [ -70.813651876464334, -33.253868679119307 ], [ -70.813652559937509, -33.253867050732019 ], [ -70.813653209568486, -33.253865412595033 ], [ -70.813653825160401, -33.253863765204791 ], [ -70.813654406526666, -33.253862109060513 ], [ -70.813654953491124, -33.253860444664134 ], [ -70.81365546588799, -33.25385877252009 ], [ -70.813655943561983, -33.253857093135103 ], [ -70.813656386368351, -33.253855407018143 ], [ -70.813656794172886, -33.253853714680218 ], [ -70.813657166852025, -33.253852016634156 ], [ -70.81365750429282, -33.253850313394629 ], [ -70.813657806392982, -33.253848605477778 ], [ -70.813658073060978, -33.253846893401203 ], [ -70.813658304215991, -33.253845177683786 ], [ -70.813658499787977, -33.253843458845495 ], [ -70.813658659717674, -33.253841737407214 ], [ -70.813658783956583, -33.25384001389066 ], [ -70.813658872467101, -33.25383828881813 ], [ -70.813658925222356, -33.253836562712472 ], [ -70.813658942206402, -33.253834836096757 ], [ -70.813658923414081, -33.253833109494259 ], [ -70.813658868851078, -33.253831383428263 ], [ -70.813658778533949, -33.25382965842185 ], [ -70.813658652490048, -33.253827934997801 ], [ -70.813658490757604, -33.253826213678423 ], [ -70.8136582933856, -33.253824494985359 ], [ -70.813658060433895, -33.253822779439517 ], [ -70.813657791973043, -33.25382106756075 ], [ -70.813657488084445, -33.25381935986789 ], [ -70.813657148860173, -33.253817656878468 ], [ -70.813656774403029, -33.253815959108586 ], [ -70.813656364826528, -33.253814267072762 ], [ -70.813655920254774, -33.253812581283817 ], [ -70.813655440822515, -33.253810902252582 ], [ -70.813654926675042, -33.25380923048796 ], [ -70.813654377968163, -33.253807566496562 ], [ -70.813653794868202, -33.253805910782681 ], [ -70.813653177551828, -33.253804263848117 ], [ -70.81365252620617, -33.253802626191948 ], [ -70.813651841028602, -33.25380099831051 ], [ -70.813651122226773, -33.25379938069716 ], [ -70.813650370018536, -33.253797773842081 ], [ -70.813649584631847, -33.253796178232285 ], [ -70.813648766304738, -33.253794594351326 ], [ -70.813647915285202, -33.253793022679204 ], [ -70.813647031831152, -33.253791463692224 ], [ -70.813646116210336, -33.253789917862875 ], [ -70.813645168700219, -33.253788385659611 ], [ -70.813644189587976, -33.253786867546786 ], [ -70.813643179170327, -33.253785363984491 ], [ -70.81364213775349, -33.253783875428361 ], [ -70.813641065653087, -33.253782402329549 ], [ -70.813639963194007, -33.253780945134473 ], [ -70.813638830710389, -33.253779504284765 ], [ -70.813637668545439, -33.253778080217053 ], [ -70.813636477051332, -33.253776673362957 ], [ -70.81363525658918, -33.253775284148794 ], [ -70.813634007528876, -33.253773912995591 ], [ -70.813632730248926, -33.253772560318914 ], [ -70.81363142513645, -33.253771226528677 ], [ -70.813630092586948, -33.253769912029107 ], [ -70.813628733004293, -33.25376861721854 ], [ -70.813627346800502, -33.253767342489439 ], [ -70.813825142565264, -33.253673941376491 ], [ -70.813896971944686, -33.253869970454303 ], [ -70.813895114602317, -33.253870645848323 ], [ -70.813893271313518, -33.253871347895284 ], [ -70.813891442620033, -33.253872076388824 ], [ -70.813889629059332, -33.253872831114869 ], [ -70.813887831164436, -33.253873611851581 ], [ -70.813886049463761, -33.253874418369506 ], [ -70.813884284480963, -33.253875250431577 ], [ -70.813882536734781, -33.253876107793296 ], [ -70.813880806738894, -33.253876990202613 ], [ -70.813879095001766, -33.253877897400223 ], [ -70.813877402026478, -33.253878829119493 ], [ -70.813875728310606, -33.253879785086575 ], [ -70.813874074346103, -33.25388076502049 ], [ -70.813872440619051, -33.253881768633249 ], [ -70.813870827609605, -33.25388279562987 ], [ -70.81386923579187, -33.253883845708508 ], [ -70.813867665633708, -33.253884918560559 ], [ -70.813866117596547, -33.253886013870691 ], [ -70.813864592135417, -33.253887131316958 ], [ -70.813863089698629, -33.253888270570968 ], [ -70.813861610727798, -33.253889431297885 ], [ -70.813860155657565, -33.253890613156535 ], [ -70.813858724915619, -33.253891815799598 ], [ -70.813857318922459, -33.253893038873564 ], [ -70.813855938091308, -33.25389428201899 ], [ -70.813854582828014, -33.253895544870517 ], [ -70.813853253530908, -33.253896827056955 ], [ -70.813851950590674, -33.253898128201477 ], [ -70.813850674390238, -33.253899447921661 ], [ -70.81384942530471, -33.253900785829622 ], [ -70.813848203701212, -33.253902141532159 ], [ -70.813847009938783, -33.253903514630814 ], [ -70.813845844368259, -33.253904904721999 ], [ -70.813844707332223, -33.253906311397181 ], [ -70.813843599164869, -33.253907734242929 ], [ -70.813842520191898, -33.253909172841041 ], [ -70.813841470730409, -33.253910626768693 ], [ -70.813840451088865, -33.253912095598594 ], [ -70.813839461566943, -33.253913578899024 ], [ -70.813838502455482, -33.253915076234044 ], [ -70.81383757403637, -33.253916587163566 ], [ -70.813836676582483, -33.253918111243507 ], [ -70.813835810357574, -33.253919648025942 ], [ -70.813834975616246, -33.253921197059178 ], [ -70.813834172603848, -33.253922757887963 ], [ -70.81383340155638, -33.253924330053536 ], [ -70.813832662700463, -33.253925913093859 ], [ -70.813552225482638, -33.254542254158515 ], [ -70.81348277653592, -33.254688349559522 ], [ -70.812990752144771, -33.255723376144495 ], [ -70.812164332913483, -33.257461782000661 ], [ -70.812163590410876, -33.257463384022032 ], [ -70.812162881069668, -33.257464996615042 ], [ -70.812162205102965, -33.257466619295244 ], [ -70.812161562713854, -33.257468251575098 ], [ -70.812160954095333, -33.257469892964231 ], [ -70.812160379430253, -33.257471542969483 ], [ -70.812159838891262, -33.257473201095152 ], [ -70.812159332640789, -33.257474866843054 ], [ -70.812158860830891, -33.257476539712741 ], [ -70.812158423603364, -33.257478219201623 ], [ -70.812158021089544, -33.257479904805116 ], [ -70.812157653410353, -33.257481596016802 ], [ -70.812157320676292, -33.257483292328573 ], [ -70.812157022987279, -33.257484993230797 ], [ -70.812156760432799, -33.25748669821246 ], [ -70.812156533091724, -33.257488406761311 ], [ -70.812156341032349, -33.257490118364061 ], [ -70.812156184312386, -33.257491832506453 ], [ -70.812156062978914, -33.257493548673501 ], [ -70.812155977068386, -33.257495266349594 ], [ -70.812155926606621, -33.257496985018705 ], [ -70.812155911608798, -33.257498704164462 ], [ -70.812155932079392, -33.257500423270344 ], [ -70.812155988012279, -33.257502141819913 ], [ -70.812156079390647, -33.257503859296818 ], [ -70.812156206187069, -33.257505575185078 ], [ -70.812156368363389, -33.257507288969173 ], [ -70.81215656587095, -33.257509000134206 ], [ -70.812156798650392, -33.257510708166087 ], [ -70.812157066631784, -33.257512412551677 ], [ -70.812157369734607, -33.257514112778864 ], [ -70.812157707867811, -33.257515808336876 ], [ -70.812158080929805, -33.257517498716304 ], [ -70.812158488808507, -33.257519183409244 ], [ -70.812158931381376, -33.257520861909619 ], [ -70.812159408515441, -33.257522533713086 ], [ -70.812159920067373, -33.257524198317412 ], [ -70.81216046588348, -33.257525855222454 ], [ -70.812161045799769, -33.25752750393044 ], [ -70.812161659642015, -33.257529143946009 ], [ -70.812162307225805, -33.257530774776463 ], [ -70.812162988356576, -33.257532395931811 ], [ -70.812163702829693, -33.257534006925027 ], [ -70.812164450430501, -33.257535607272089 ], [ -70.812165230934397, -33.257537196492166 ], [ -70.812166044106888, -33.25753877410785 ], [ -70.812166889703676, -33.257540339645125 ], [ -70.812167767470697, -33.257541892633661 ], [ -70.812168677144243, -33.257543432606873 ], [ -70.812169618451037, -33.257544959102077 ], [ -70.812170591108242, -33.257546471660682 ], [ -70.812171594823639, -33.257547969828252 ], [ -70.812172629295688, -33.257549453154667 ], [ -70.812173694213598, -33.257550921194287 ], [ -70.81217478925744, -33.257552373506051 ], [ -70.812175914098177, -33.257553809653629 ], [ -70.812177068397901, -33.257555229205572 ], [ -70.812178251809797, -33.257556631735355 ], [ -70.811996287644021, -33.257739051563085 ], [ -70.811904652733034, -33.257527778014136 ], [ -70.811906781447718, -33.257526237943232 ], [ -70.811908877852119, -33.257524666899407 ], [ -70.811910941307872, -33.257523065361084 ], [ -70.811912971186629, -33.257521433815924 ], [ -70.811914966870305, -33.25751977276073 ], [ -70.811916927751184, -33.257518082701303 ], [ -70.8119188532322, -33.257516364152309 ], [ -70.811920742726997, -33.257514617637007 ], [ -70.811922595660263, -33.257512843687252 ], [ -70.811924411467714, -33.257511042843205 ], [ -70.811926189596491, -33.257509215653251 ], [ -70.811927929505103, -33.257507362673756 ], [ -70.811929630663769, -33.257505484468979 ], [ -70.811931292554462, -33.257503581610827 ], [ -70.811932914671146, -33.257501654678734 ], [ -70.811934496519868, -33.25749970425948 ], [ -70.811936037618963, -33.257497730946952 ], [ -70.811937537499134, -33.257495735342047 ], [ -70.811938995703699, -33.257493718052437 ], [ -70.811940411788612, -33.257491679692372 ], [ -70.811941785322659, -33.257489620882588 ], [ -70.81194311588763, -33.257487542249947 ], [ -70.811944403078328, -33.257485444427466 ], [ -70.811945646502849, -33.257483328053887 ], [ -70.811946845782501, -33.257481193773692 ], [ -70.81194800055215, -33.257479042236746 ], [ -70.811949110460148, -33.257476874098245 ], [ -70.811950175168533, -33.257474690018348 ], [ -70.812821641696317, -33.255641534498388 ], [ -70.813295389993542, -33.254644957958313 ], [ -70.813372297529568, -33.254483173131511 ], [ -70.81365115935607, -33.253870297263354 ] ] ] ] } },
{ "type": "Feature", "properties": { "fid": 324, "Area": 9447.424 }, "geometry": { "type": "MultiPolygon", "coordinates": [ [ [ [ -70.817813705286582, -33.250758097346171 ], [ -70.817815047082078, -33.250756811069067 ], [ -70.817816362279331, -33.250755505542116 ], [ -70.817817650487214, -33.25075418115356 ], [ -70.817818911322661, -33.250752838297231 ], [ -70.817820144410703, -33.250751477372496 ], [ -70.817821349384644, -33.250750098784032 ], [ -70.817822525886157, -33.250748702941841 ], [ -70.817823673565371, -33.250747290261003 ], [ -70.817824792080984, -33.250745861161626 ], [ -70.817825881100362, -33.250744416068727 ], [ -70.817826940299668, -33.250742955412022 ], [ -70.817827969363904, -33.250741479625887 ], [ -70.81782896798704, -33.250739989149203 ], [ -70.81782993587214, -33.250738484425213 ], [ -70.817830872731335, -33.250736965901382 ], [ -70.81783177828602, -33.250735434029309 ], [ -70.817832652266929, -33.250733889264531 ], [ -70.817833494414145, -33.250732332066463 ], [ -70.81783430447723, -33.250730762898137 ], [ -70.817835082215282, -33.250729182226245 ], [ -70.817835827397019, -33.250727590520825 ], [ -70.817836539800837, -33.250725988255226 ], [ -70.817837219214894, -33.250724375905932 ], [ -70.817837865437127, -33.250722753952459 ], [ -70.817838478275391, -33.250721122877088 ], [ -70.817839057547403, -33.250719483164922 ], [ -70.817839603080927, -33.250717835303554 ], [ -70.817840114713718, -33.250716179783034 ], [ -70.817840592293649, -33.250714517095695 ], [ -70.817841035678683, -33.25071284773599 ], [ -70.817841444736956, -33.250711172200347 ], [ -70.817841819346853, -33.250709490987042 ], [ -70.817842159396932, -33.25070780459604 ], [ -70.817842464786111, -33.25070611352885 ], [ -70.817842735423554, -33.250704418288365 ], [ -70.817842971228785, -33.250702719378701 ], [ -70.817843172131674, -33.25070101730509 ], [ -70.817843338072493, -33.250699312573701 ], [ -70.817843469001886, -33.250697605691528 ], [ -70.817843564880931, -33.250695897166104 ], [ -70.817843625681107, -33.250694187505552 ], [ -70.817843651384322, -33.250692477218273 ], [ -70.817843641982961, -33.250690766812887 ], [ -70.817843597479794, -33.250689056798052 ], [ -70.817843517888079, -33.250687347682273 ], [ -70.817843403231493, -33.250685639973817 ], [ -70.817843253544112, -33.250683934180529 ], [ -70.817843068870459, -33.25068223080968 ], [ -70.817842849265475, -33.250680530367831 ], [ -70.817842594794456, -33.250678833360631 ], [ -70.817842305533048, -33.25067714029278 ], [ -70.817841981567312, -33.250675451667718 ], [ -70.817841622993583, -33.250673767987649 ], [ -70.8178412299185, -33.250672089753287 ], [ -70.817840802458946, -33.250670417463652 ], [ -70.817840340742066, -33.250668751616082 ], [ -70.817839844905123, -33.250667092705982 ], [ -70.817839315095625, -33.250665441226666 ], [ -70.817838751471072, -33.250663797669247 ], [ -70.817838154199137, -33.250662162522495 ], [ -70.817837523457399, -33.250660536272683 ], [ -70.818083470120797, -33.250571786199814 ], [ -70.818156656012661, -33.250686578186709 ], [ -70.818154670436456, -33.250687022513191 ], [ -70.818152694365693, -33.250687495811135 ], [ -70.818150728399061, -33.250687997937149 ], [ -70.818148773132279, -33.250688528739069 ], [ -70.818146829157726, -33.25068908805607 ], [ -70.818144897064457, -33.250689675718696 ], [ -70.818142977437844, -33.250690291548899 ], [ -70.818141070859511, -33.250690935360069 ], [ -70.818139177907156, -33.250691606957133 ], [ -70.818137299154316, -33.250692306136621 ], [ -70.818135435170234, -33.250693032686691 ], [ -70.818133586519679, -33.250693786387203 ], [ -70.818131753762785, -33.250694567009781 ], [ -70.818129937454827, -33.250695374317893 ], [ -70.818128138146164, -33.250696208066977 ], [ -70.818126356381967, -33.250697068004378 ], [ -70.818124592702077, -33.250697953869548 ], [ -70.818122847640879, -33.250698865394092 ], [ -70.818121121727117, -33.250699802301824 ], [ -70.818119415483707, -33.250700764308846 ], [ -70.818117729427641, -33.250701751123728 ], [ -70.818116064069784, -33.250702762447432 ], [ -70.818114419914707, -33.250703797973557 ], [ -70.818112797460586, -33.250704857388328 ], [ -70.818111197199016, -33.250705940370771 ], [ -70.81810961961483, -33.250707046592765 ], [ -70.818108065186081, -33.250708175719112 ], [ -70.818106534383674, -33.250709327407705 ], [ -70.818105027671479, -33.250710501309577 ], [ -70.818103545505991, -33.250711697069065 ], [ -70.818102088336317, -33.250712914323884 ], [ -70.818100656603946, -33.250714152705193 ], [ -70.818099250742691, -33.25071541183776 ], [ -70.818097871178509, -33.250716691340109 ], [ -70.818096518329398, -33.250717990824562 ], [ -70.818095192605256, -33.250719309897363 ], [ -70.818093894407781, -33.250720648158868 ], [ -70.818092624130287, -33.250722005203592 ], [ -70.818091382157689, -33.250723380620357 ], [ -70.818090168866291, -33.250724773992431 ], [ -70.818088984623685, -33.250726184897623 ], [ -70.818071908679855, -33.250746534660038 ], [ -70.818054419851606, -33.250766635352633 ], [ -70.818036523283567, -33.250786481062079 ], [ -70.818018224240362, -33.25080606595008 ], [ -70.817999528105048, -33.250825384255016 ], [ -70.817980440377482, -33.250844430293739 ], [ -70.817960966672729, -33.250863198463172 ], [ -70.817941112719424, -33.250881683241978 ], [ -70.817920884358088, -33.250899879192154 ], [ -70.817900287539402, -33.250917780960748 ], [ -70.817879328322419, -33.250935383281259 ], [ -70.817858012872833, -33.250952680975331 ], [ -70.817836347461181, -33.250969668954198 ], [ -70.81781433846092, -33.250986342220202 ], [ -70.817791992346613, -33.251002695868273 ], [ -70.817769315692018, -33.251018725087384 ], [ -70.817746315168122, -33.251034425161912 ], [ -70.817722997541239, -33.251049791473086 ], [ -70.817699369670962, -33.251064819500336 ], [ -70.817675438508132, -33.251079504822563 ], [ -70.817012975101804, -33.251478746599737 ], [ -70.817001238299326, -33.25147760188495 ], [ -70.816871361275034, -33.251564091014039 ], [ -70.815189755254892, -33.252577496307602 ], [ -70.814500496365682, -33.25299285910863 ], [ -70.814481349705446, -33.253004608773743 ], [ -70.814462447257043, -33.253016634341265 ], [ -70.81444379465178, -33.253028932228659 ], [ -70.814425397446485, -33.25304149877234 ], [ -70.814407261121971, -33.253054330228608 ], [ -70.814389391081292, -33.253067422774919 ], [ -70.814371792648217, -33.253080772510863 ], [ -70.814354471065542, -33.25309437545949 ], [ -70.814337431493684, -33.25310822756834 ], [ -70.814320679009001, -33.253122324710795 ], [ -70.814304218602331, -33.25313666268719 ], [ -70.814288055177528, -33.253151237226106 ], [ -70.814272193549968, -33.253166043985708 ], [ -70.814256638445116, -33.253181078554896 ], [ -70.814241394497159, -33.253196336454742 ], [ -70.814226466247561, -33.253211813139806 ], [ -70.814211858143793, -33.253227503999433 ], [ -70.814197574537872, -33.253243404359161 ], [ -70.814183619685224, -33.25325950948212 ], [ -70.814169997743349, -33.253275814570472 ], [ -70.814156712770512, -33.253292314766746 ], [ -70.814143768724662, -33.253309005155373 ], [ -70.814131169462144, -33.253325880764116 ], [ -70.814118918736654, -33.253342936565531 ], [ -70.81410702019798, -33.253360167478561 ], [ -70.814095477391035, -33.253377568369913 ], [ -70.814084293754803, -33.253395134055665 ], [ -70.814073472621217, -33.253412859302813 ], [ -70.814063017214224, -33.253430738830822 ], [ -70.81405293064887, -33.253448767313124 ], [ -70.814043215930255, -33.253466939378875 ], [ -70.814033875952774, -33.253485249614386 ], [ -70.814033108084232, -33.253486829614687 ], [ -70.814032372685531, -33.253488420481688 ], [ -70.814031669974383, -33.253490021744369 ], [ -70.814031000158863, -33.253491632928672 ], [ -70.814030363437269, -33.253493253557572 ], [ -70.814029759998121, -33.253494883151241 ], [ -70.814029190020065, -33.253496521227206 ], [ -70.814028653671883, -33.253498167300506 ], [ -70.814028151112353, -33.253499820883775 ], [ -70.814027682490263, -33.253501481487447 ], [ -70.814027247944381, -33.253503148619878 ], [ -70.814026847603344, -33.253504821787459 ], [ -70.814026481585685, -33.253506500494844 ], [ -70.814026149999791, -33.253508184244986 ], [ -70.814025852943814, -33.253509872539432 ], [ -70.814025590505707, -33.253511564878295 ], [ -70.814025362763203, -33.253513260760528 ], [ -70.814025169783676, -33.253514959684054 ], [ -70.81402501162431, -33.253516661145859 ], [ -70.814024888331915, -33.253518364642197 ], [ -70.814024799942999, -33.253520069668724 ], [ -70.814024746483724, -33.253521775720635 ], [ -70.814024727969922, -33.253523482292813 ], [ -70.814024744407092, -33.253525188880012 ], [ -70.81402479579036, -33.253526894976929 ], [ -70.814024882104505, -33.253528600078496 ], [ -70.814025003323977, -33.253530303679852 ], [ -70.814025159412907, -33.253532005276618 ], [ -70.814025350325082, -33.253533704365019 ], [ -70.814025576003957, -33.25353540044199 ], [ -70.814025836382726, -33.253537093005392 ], [ -70.81402613138431, -33.253538781554091 ], [ -70.814026460921383, -33.253540465588195 ], [ -70.814026824896345, -33.253542144609085 ], [ -70.814027223201478, -33.253543818119667 ], [ -70.814027655718817, -33.25354548562445 ], [ -70.814028122320337, -33.253547146629757 ], [ -70.81402862286788, -33.253548800643827 ], [ -70.81402915721327, -33.253550447176941 ], [ -70.814029725198282, -33.25355208574161 ], [ -70.814030326654773, -33.253553715852696 ], [ -70.814030961404669, -33.253555337027613 ], [ -70.814031629260029, -33.253556948786361 ], [ -70.814032330023139, -33.253558550651739 ], [ -70.814033063486534, -33.253560142149503 ], [ -70.814033829433043, -33.253561722808449 ], [ -70.814034627635891, -33.253563292160585 ], [ -70.814035457858765, -33.253564849741288 ], [ -70.814036319855887, -33.253566395089408 ], [ -70.814037213372004, -33.253567927747412 ], [ -70.814038138142621, -33.253569447261533 ], [ -70.814039093893896, -33.253570953181885 ], [ -70.814040080342906, -33.253572445062616 ], [ -70.813825142565264, -33.253673941376491 ], [ -70.813754997932051, -33.253482509176031 ], [ -70.813757712276981, -33.253481933929791 ], [ -70.813760414305861, -33.25348131911332 ], [ -70.813763103201595, -33.253480664912551 ], [ -70.813765778151065, -33.253479971525302 ], [ -70.813768438345306, -33.253479239161258 ], [ -70.813771082979912, -33.253478468041898 ], [ -70.813773711255095, -33.253477658400413 ], [ -70.813776322376071, -33.253476810481637 ], [ -70.813778915553243, -33.253475924541995 ], [ -70.813781490002398, -33.253475000849363 ], [ -70.81378404494501, -33.253474039683113 ], [ -70.813786579608475, -33.253473041333891 ], [ -70.813789093226305, -33.253472006103593 ], [ -70.813791585038331, -33.253470934305298 ], [ -70.813794054291037, -33.253469826263107 ], [ -70.813796500237743, -33.253468682312096 ], [ -70.81379892213873, -33.253467502798209 ], [ -70.813801319261657, -33.253466288078137 ], [ -70.813803690881585, -33.253465038519209 ], [ -70.813806036281349, -33.253463754499293 ], [ -70.813808354751686, -33.253462436406693 ], [ -70.813810645591488, -33.253461084640016 ], [ -70.813812908107977, -33.253459699608008 ], [ -70.813815141616971, -33.253458281729557 ], [ -70.813817345443042, -33.25345683143339 ], [ -70.813819518919772, -33.253455349158109 ], [ -70.813821661389881, -33.253453835351948 ], [ -70.813823772205453, -33.253452290472694 ], [ -70.813825850728179, -33.25345071498753 ], [ -70.813827896329528, -33.253449109372895 ], [ -70.8138299083909, -33.253447474114303 ], [ -70.813831886303831, -33.253445809706292 ], [ -70.813833829470184, -33.253444116652176 ], [ -70.813835737302369, -33.253442395463949 ], [ -70.813837609223427, -33.253440646662106 ], [ -70.813839444667281, -33.253438870775469 ], [ -70.813841243078897, -33.253437068341093 ], [ -70.813843003914442, -33.253435239904057 ], [ -70.813844726641406, -33.25343338601725 ], [ -70.813846410738876, -33.253431507241324 ], [ -70.81384805569752, -33.253429604144408 ], [ -70.813849661019944, -33.253427677302028 ], [ -70.813851226220677, -33.253425727296865 ], [ -70.813852750826399, -33.25342375471859 ], [ -70.813854234376066, -33.253421760163725 ], [ -70.813855676421042, -33.253419744235458 ], [ -70.813857076525267, -33.253417707543377 ], [ -70.813858434265342, -33.25341565070341 ], [ -70.813859749230687, -33.253413574337529 ], [ -70.813861021023627, -33.253411479073684 ], [ -70.813862249259614, -33.253409365545416 ], [ -70.813863433567192, -33.253407234391929 ], [ -70.813864573588233, -33.253405086257672 ], [ -70.814082438593232, -33.253103286763988 ], [ -70.814387911579246, -33.25286097164247 ], [ -70.815849731789754, -33.251980037861529 ], [ -70.815849731790337, -33.251980037861586 ], [ -70.816727714822846, -33.251450924246647 ], [ -70.817562851682681, -33.250947620272811 ], [ -70.817583851656906, -33.250934736489626 ], [ -70.817604588802737, -33.250921555593393 ], [ -70.817625057166453, -33.250908081368458 ], [ -70.817645250871536, -33.250894317683439 ], [ -70.817665164120328, -33.25088026849 ], [ -70.817684791195674, -33.2508659378218 ], [ -70.81770412646263, -33.250851329793313 ], [ -70.817723164370037, -33.250836448598633 ], [ -70.817741899452088, -33.25082129851026 ], [ -70.817760326329946, -33.250805883877952 ], [ -70.81777843971328, -33.250790209127373 ], [ -70.817796234401769, -33.250774278758847 ], [ -70.817813705286582, -33.250758097346171 ] ] ] ] } },
{ "type": "Feature", "properties": { "fid": 325, "Area": 8334.749 }, "geometry": { "type": "MultiPolygon", "coordinates": [ [ [ [ -70.807912405906592, -33.256031247161388 ], [ -70.807910796379005, -33.256030166685441 ], [ -70.807909164654589, -33.256029109972133 ], [ -70.807907511230297, -33.256028077343288 ], [ -70.807905836609677, -33.256027069113394 ], [ -70.807904141302743, -33.256026085589497 ], [ -70.807902425825745, -33.256025127071126 ], [ -70.807900690701203, -33.256024193850216 ], [ -70.807898936457505, -33.256023286210969 ], [ -70.807897163628908, -33.256022404429785 ], [ -70.807895372755311, -33.256021548775237 ], [ -70.807893564382169, -33.256020719507887 ], [ -70.807891739060182, -33.256019916880319 ], [ -70.807889897345248, -33.256019141136946 ], [ -70.807888039798272, -33.256018392514022 ], [ -70.807886166984972, -33.256017671239562 ], [ -70.807884279475701, -33.2560169775332 ], [ -70.807882377845303, -33.256016311606224 ], [ -70.807880462672912, -33.256015673661423 ], [ -70.807878534541786, -33.256015063893116 ], [ -70.807876594039143, -33.256014482486975 ], [ -70.807874641755959, -33.25601392962006 ], [ -70.807872678286799, -33.25601340546077 ], [ -70.807870704229643, -33.256012910168728 ], [ -70.807868720185681, -33.256012443894797 ], [ -70.807866726759144, -33.256012006780914 ], [ -70.80786472455712, -33.256011598960271 ], [ -70.807862714189397, -33.256011220557035 ], [ -70.807860696268222, -33.25601087168647 ], [ -70.807858671408141, -33.256010552454804 ], [ -70.807856640225836, -33.256010262959265 ], [ -70.807854603339905, -33.256010003288011 ], [ -70.807852561370652, -33.256009773520127 ], [ -70.807850514939972, -33.256009573725599 ], [ -70.807848464671096, -33.25600940396528 ], [ -70.80784641118845, -33.256009264290853 ], [ -70.807844355117396, -33.256009154744859 ], [ -70.807842297084107, -33.256009075360652 ], [ -70.807840237715382, -33.256009026162445 ], [ -70.807838177638359, -33.256009007165176 ], [ -70.807836117480463, -33.256009018374662 ], [ -70.807834057869087, -33.256009059787459 ], [ -70.807831999431514, -33.256009131390982 ], [ -70.807829942794598, -33.256009233163425 ], [ -70.807827888584711, -33.25600936507378 ], [ -70.807825837427458, -33.256009527081872 ], [ -70.807713587371978, -33.25579847612498 ], [ -70.808008287141803, -33.255825499612193 ], [ -70.808008359044365, -33.255827854922529 ], [ -70.808008479768475, -33.255830208823205 ], [ -70.808008649277511, -33.255832560599913 ], [ -70.808008867520044, -33.255834909539011 ], [ -70.808009134429824, -33.255837254927712 ], [ -70.808009449925876, -33.255839596054294 ], [ -70.808009813912449, -33.255841932208348 ], [ -70.808010226279123, -33.255844262680966 ], [ -70.808010686900744, -33.255846586764953 ], [ -70.808011195637562, -33.255848903755059 ], [ -70.80801175233519, -33.255851212948194 ], [ -70.808012356824705, -33.255853513643622 ], [ -70.808013008922671, -33.255855805143227 ], [ -70.808013708431204, -33.255858086751594 ], [ -70.808014455138064, -33.255860357776399 ], [ -70.808015248816645, -33.255862617528493 ], [ -70.808016089226129, -33.255864865322138 ], [ -70.808016976111475, -33.255867100475243 ], [ -70.808017909203556, -33.25586932230955 ], [ -70.808018888219237, -33.255871530150841 ], [ -70.80801991286144, -33.255873723329124 ], [ -70.808020982819244, -33.255875901178882 ], [ -70.808022097767946, -33.255878063039262 ], [ -70.808023257369229, -33.255880208254219 ], [ -70.808024461271231, -33.255882336172789 ], [ -70.808025709108605, -33.255884446149253 ], [ -70.808027000502705, -33.255886537543326 ], [ -70.80802833506165, -33.255888609720373 ], [ -70.808029712380474, -33.255890662051613 ], [ -70.808031132041222, -33.255892693914234 ], [ -70.80803259361312, -33.255894704691649 ], [ -70.808034096652634, -33.255896693773707 ], [ -70.80803564070365, -33.255898660556817 ], [ -70.808037225297653, -33.25590060444415 ], [ -70.808038849953803, -33.255902524845808 ], [ -70.808040514179069, -33.255904421179089 ], [ -70.80804221746844, -33.255906292868481 ], [ -70.808043959305067, -33.255908139346076 ], [ -70.808045739160406, -33.255909960051525 ], [ -70.808047556494316, -33.255911754432333 ], [ -70.808049410755345, -33.255913521943988 ], [ -70.808051301380814, -33.255915262050152 ], [ -70.808053227797004, -33.255916974222764 ], [ -70.808055189419363, -33.25591865794226 ], [ -70.808057185652615, -33.255920312697732 ], [ -70.808059215890992, -33.255921937987026 ], [ -70.808061279518427, -33.255923533316945 ], [ -70.808063375908716, -33.255925098203399 ], [ -70.808065504425684, -33.255926632171494 ], [ -70.808067664423447, -33.255928134755735 ], [ -70.809882357844899, -33.257168255332878 ], [ -70.809905121985238, -33.257183538556617 ], [ -70.809928197306789, -33.257198488750817 ], [ -70.809951576908119, -33.257213101444101 ], [ -70.809975253796893, -33.257227372266001 ], [ -70.809999220891768, -33.25724129694833 ], [ -70.810023471024621, -33.257254871326396 ], [ -70.810047996942686, -33.257268091340279 ], [ -70.810072791310674, -33.257280953036073 ], [ -70.810097846712992, -33.257293452566998 ], [ -70.810123155656001, -33.257305586194612 ], [ -70.810148710570189, -33.25731735028991 ], [ -70.810174503812476, -33.257328741334405 ], [ -70.810200527668528, -33.257339755921208 ], [ -70.810226774354973, -33.257350390755967 ], [ -70.810253236021794, -33.257360642657957 ], [ -70.810279904754708, -33.257370508560982 ], [ -70.810306772577462, -33.257379985514241 ], [ -70.810333831454258, -33.257389070683338 ], [ -70.810361073292142, -33.257397761350994 ], [ -70.810388489943435, -33.257406054917944 ], [ -70.81041607320816, -33.257413948903704 ], [ -70.810443814836532, -33.257421440947283 ], [ -70.810471706531374, -33.257428528807885 ], [ -70.810499739950586, -33.257435210365649 ], [ -70.810527906709737, -33.257441483622209 ], [ -70.810556198384475, -33.257447346701305 ], [ -70.810584606513061, -33.257452797849361 ], [ -70.810613122598994, -33.257457835436028 ], [ -70.810641738113404, -33.257462457954638 ], [ -70.810670444497717, -33.257466664022644 ], [ -70.810699233166176, -33.257470452382073 ], [ -70.810728095508381, -33.257473821899886 ], [ -70.810757022891949, -33.257476771568314 ], [ -70.810786006665012, -33.257479300505153 ], [ -70.811785431190685, -33.257559167056492 ], [ -70.811788210105874, -33.257559368722397 ], [ -70.811790992762695, -33.257559529907695 ], [ -70.811793778325779, -33.257559650564019 ], [ -70.8117965659589, -33.25755973065516 ], [ -70.811799354825254, -33.257559770157037 ], [ -70.811802144087579, -33.257559769057828 ], [ -70.811804932908586, -33.257559727357837 ], [ -70.811807720451057, -33.257559645069598 ], [ -70.811810505878171, -33.257559522217811 ], [ -70.811813288353747, -33.257559358839352 ], [ -70.811816067042514, -33.257559154983277 ], [ -70.811818841110281, -33.257558910710749 ], [ -70.811821609724291, -33.257558626095161 ], [ -70.811824372053422, -33.257558301221898 ], [ -70.811827127268415, -33.257557936188519 ], [ -70.811829874542155, -33.257557531104567 ], [ -70.811832613049944, -33.257557086091708 ], [ -70.811835341969655, -33.257556601283504 ], [ -70.811838060482074, -33.257556076825459 ], [ -70.81184076777113, -33.257555512875072 ], [ -70.811843463024076, -33.257554909601609 ], [ -70.811846145431829, -33.25755426718618 ], [ -70.811848814189105, -33.257553585821618 ], [ -70.811851468494766, -33.257552865712505 ], [ -70.81185410755198, -33.257552107074986 ], [ -70.811856730568536, -33.257551310136812 ], [ -70.811859336756982, -33.257550475137243 ], [ -70.811861925334952, -33.257549602326897 ], [ -70.81186449552537, -33.25754869196782 ], [ -70.811867046556671, -33.257547744333316 ], [ -70.811869577663018, -33.257546759707829 ], [ -70.811872088084598, -33.257545738386959 ], [ -70.811874577067798, -33.257544680677306 ], [ -70.811877043865394, -33.257543586896396 ], [ -70.811879487736888, -33.257542457372573 ], [ -70.811881907948631, -33.257541292444913 ], [ -70.811884303774079, -33.257540092463131 ], [ -70.811886674494005, -33.25753885778748 ], [ -70.811889019396745, -33.257537588788566 ], [ -70.811891337778334, -33.257536285847365 ], [ -70.811893628942826, -33.257534949355012 ], [ -70.811895892202386, -33.257533579712728 ], [ -70.811898126877622, -33.257532177331669 ], [ -70.811900332297697, -33.257530742632831 ], [ -70.811902507800525, -33.257529276046895 ], [ -70.811904652733034, -33.257527778014136 ], [ -70.811996287644021, -33.257739051563085 ], [ -70.81183078404149, -33.257725826640097 ], [ -70.810651258539693, -33.257631567581541 ], [ -70.810625597614305, -33.257629328551964 ], [ -70.810599986614207, -33.257626717025644 ], [ -70.810574433199378, -33.257623733783682 ], [ -70.810548945012584, -33.257620379718304 ], [ -70.81052352967707, -33.257616655832678 ], [ -70.81049819479432, -33.257612563240556 ], [ -70.81047294794169, -33.257608103165978 ], [ -70.810447796670289, -33.257603276942895 ], [ -70.810422748502532, -33.257598086014781 ], [ -70.81039781093007, -33.257592531934172 ], [ -70.810372991411484, -33.257586616362204 ], [ -70.810348297369984, -33.257580341068177 ], [ -70.810323736191265, -33.257573707928941 ], [ -70.8102993152213, -33.257566718928409 ], [ -70.8102750417641, -33.257559376156863 ], [ -70.810250923079579, -33.257551681810469 ], [ -70.810226966381322, -33.257543638190505 ], [ -70.810203178834485, -33.257535247702712 ], [ -70.810179567553618, -33.257526512856586 ], [ -70.810156139600537, -33.257517436264614 ], [ -70.810132901982243, -33.257508020641502 ], [ -70.810109861648783, -33.257498268803324 ], [ -70.8100870254912, -33.257488183666759 ], [ -70.810064400339456, -33.25747776824813 ], [ -70.810041992960407, -33.257467025662571 ], [ -70.810019810055778, -33.257455959123043 ], [ -70.809997858260118, -33.257444571939388 ], [ -70.809976144138872, -33.25743286751743 ], [ -70.809954674186386, -33.257420849357757 ], [ -70.809933454823977, -33.25740852105487 ], [ -70.80991249239797, -33.257395886296003 ], [ -70.809891793177897, -33.257382948860048 ], [ -70.809871363354517, -33.25736971261643 ], [ -70.809851209038001, -33.25735618152391 ], [ -70.807912405906592, -33.256031247161388 ] ] ] ] } },
{ "type": "Feature", "properties": { "fid": 326, "Area": 6870.018 }, "geometry": { "type": "MultiPolygon", "coordinates": [ [ [ [ -70.814061015306336, -33.249572854098773 ], [ -70.814203013228678, -33.249768639519878 ], [ -70.814265345658001, -33.249802035318027 ], [ -70.814328334897809, -33.249834549463692 ], [ -70.814391963286027, -33.249866172839731 ], [ -70.814456212981355, -33.249896896578711 ], [ -70.814521065968194, -33.249926712065538 ], [ -70.814586504061694, -33.249955610939736 ], [ -70.814652508912957, -33.249983585097866 ], [ -70.814719062014049, -33.250010626695776 ], [ -70.814786144703277, -33.250036728150846 ], [ -70.81485373817037, -33.25006188214401 ], [ -70.81492182346183, -33.250086081621937 ], [ -70.81499038148614, -33.250109319798909 ], [ -70.815059393019254, -33.250131590158759 ], [ -70.815128838709853, -33.25015288645676 ], [ -70.81519869908486, -33.250173202721236 ], [ -70.815268954554853, -33.250192533255387 ], [ -70.815339585419622, -33.250210872638789 ], [ -70.815410571873656, -33.250228215728946 ], [ -70.815481894011654, -33.250244557662761 ], [ -70.815553531834198, -33.250259893857823 ], [ -70.815625465253277, -33.250274220013786 ], [ -70.815697674098033, -33.250287532113497 ], [ -70.815770138120286, -33.250299826424175 ], [ -70.815842837000289, -33.250311099498433 ], [ -70.817613571755061, -33.250573392219636 ], [ -70.817748502885209, -33.250594778617057 ], [ -70.817750496425731, -33.250595124836011 ], [ -70.817752482564288, -33.250595499887666 ], [ -70.817754460710248, -33.250595903660482 ], [ -70.817756430275352, -33.250596336034377 ], [ -70.817758390673873, -33.250596796880792 ], [ -70.817760341322838, -33.250597286062629 ], [ -70.817762281642146, -33.250597803434474 ], [ -70.817764211054808, -33.250598348842438 ], [ -70.817766128987031, -33.25059892212434 ], [ -70.817768034868479, -33.250599523109699 ], [ -70.81776992813235, -33.250600151619771 ], [ -70.817771808215653, -33.250600807467663 ], [ -70.817773674559263, -33.250601490458344 ], [ -70.817775526608159, -33.250602200388705 ], [ -70.817777363811615, -33.250602937047624 ], [ -70.817779185623252, -33.250603700216026 ], [ -70.817780991501294, -33.250604489666948 ], [ -70.817782780908715, -33.250605305165649 ], [ -70.817784553313373, -33.250606146469615 ], [ -70.817786308188218, -33.250607013328633 ], [ -70.817788045011341, -33.250607905484934 ], [ -70.817789763266262, -33.250608822673193 ], [ -70.817791462442003, -33.250609764620684 ], [ -70.817793142033267, -33.250610731047246 ], [ -70.817794801540558, -33.250611721665514 ], [ -70.817796440470389, -33.250612736180884 ], [ -70.817798058335342, -33.250613774291665 ], [ -70.817799654654323, -33.250614835689156 ], [ -70.817801228952618, -33.25061592005769 ], [ -70.817802780762037, -33.25061702707481 ], [ -70.817804309621124, -33.250618156411292 ], [ -70.817805815075189, -33.250619307731327 ], [ -70.817807296676577, -33.250620480692511 ], [ -70.817808753984679, -33.250621674946032 ], [ -70.817810186566092, -33.250622890136739 ], [ -70.817811593994819, -33.250624125903258 ], [ -70.817812975852306, -33.250625381878095 ], [ -70.817814331727604, -33.250626657687747 ], [ -70.817815661217523, -33.250627952952826 ], [ -70.81781696392666, -33.250629267288112 ], [ -70.817818239467641, -33.250630600302763 ], [ -70.817819487461151, -33.250631951600376 ], [ -70.817820707536043, -33.250633320779095 ], [ -70.817821899329473, -33.250634707431743 ], [ -70.817823062487065, -33.250636111145965 ], [ -70.817824196662855, -33.250637531504317 ], [ -70.817825301519619, -33.250638968084409 ], [ -70.81782637672876, -33.250640420459035 ], [ -70.817827421970549, -33.25064188819627 ], [ -70.817828436934121, -33.250643370859649 ], [ -70.817829421317668, -33.250644868008266 ], [ -70.817830374828432, -33.250646379196873 ], [ -70.817831297182863, -33.250647903976088 ], [ -70.817832188106692, -33.250649441892485 ], [ -70.817833047334929, -33.25065099248868 ], [ -70.817833874612077, -33.250652555303574 ], [ -70.817834669692118, -33.250654129872395 ], [ -70.817835432338612, -33.250655715726921 ], [ -70.817836162324753, -33.250657312395539 ], [ -70.817836859433442, -33.250658919403428 ], [ -70.817837523457399, -33.250660536272683 ], [ -70.818083470120797, -33.250571786199814 ], [ -70.818006737333874, -33.250451430525352 ], [ -70.818003789705998, -33.250452337161761 ], [ -70.818000824054707, -33.250453201307934 ], [ -70.817997841247518, -33.250454022711068 ], [ -70.817994842156963, -33.250454801130893 ], [ -70.817991827660364, -33.250455536339686 ], [ -70.817988798639519, -33.25045622812241 ], [ -70.817985755980487, -33.250456876276665 ], [ -70.817982700573339, -33.25045748061288 ], [ -70.817979633311808, -33.250458040954271 ], [ -70.817976555093196, -33.250458557136916 ], [ -70.817973466817918, -33.250459029009818 ], [ -70.817970369389386, -33.250459456434939 ], [ -70.817967263713655, -33.250459839287259 ], [ -70.817964150699225, -33.250460177454777 ], [ -70.817961031256729, -33.250460470838554 ], [ -70.817957906298645, -33.250460719352816 ], [ -70.817954776739128, -33.25046092292483 ], [ -70.817951643493657, -33.250461081495047 ], [ -70.817948507478761, -33.250461195017088 ], [ -70.817945369611792, -33.250461263457737 ], [ -70.817942230810672, -33.250461286796991 ], [ -70.817939091993566, -33.250461265028008 ], [ -70.817935954078649, -33.250461198157154 ], [ -70.817932817983845, -33.250461086203998 ], [ -70.81792968462652, -33.250460929201282 ], [ -70.817926554923275, -33.250460727194955 ], [ -70.817923429789616, -33.25046048024408 ], [ -70.817920310139712, -33.250460188420909 ], [ -70.817917196886143, -33.25045985181081 ], [ -70.817914090939595, -33.250459470512219 ], [ -70.817910993208656, -33.250459044636727 ], [ -70.817907904599465, -33.250458574308865 ], [ -70.817904826015521, -33.250458059666258 ], [ -70.817901758357394, -33.250457500859426 ], [ -70.817898702522427, -33.250456898051816 ], [ -70.817895659404542, -33.250456251419806 ], [ -70.817892629893905, -33.250455561152499 ], [ -70.817889614876719, -33.250454827451861 ], [ -70.817886615234968, -33.25045405053249 ], [ -70.817883631846115, -33.25045323062168 ], [ -70.817790694523239, -33.25043714728114 ], [ -70.817303722970323, -33.250362094313196 ], [ -70.815876283534294, -33.25015124799426 ], [ -70.81580607173089, -33.250140361020144 ], [ -70.815736089350068, -33.250128476893586 ], [ -70.815666356450606, -33.250115599020802 ], [ -70.815596893019631, -33.25010173109284 ], [ -70.815527718967132, -33.250086877084513 ], [ -70.815458854120024, -33.250071041253292 ], [ -70.815390318216615, -33.250054228138055 ], [ -70.815322130900924, -33.250036442557779 ], [ -70.81525431171697, -33.250017689610182 ], [ -70.815186880103269, -33.249997974670272 ], [ -70.815119855387167, -33.249977303388732 ], [ -70.815053256779379, -33.24995568169043 ], [ -70.814987103368438, -33.249933115772556 ], [ -70.814921414115261, -33.249909612103018 ], [ -70.814856207847626, -33.249885177418456 ], [ -70.814791503254895, -33.249859818722342 ], [ -70.814727318882532, -33.249833543283017 ], [ -70.814663673126873, -33.249806358631581 ], [ -70.814600584229851, -33.24977827255973 ], [ -70.814538070273713, -33.249749293117496 ], [ -70.81447614917586, -33.249719428610987 ], [ -70.814414838683746, -33.249688687599964 ], [ -70.814354156369703, -33.249657078895453 ], [ -70.814294119626041, -33.249624611557117 ], [ -70.814061015306336, -33.249572854098773 ] ] ] ] } },
{ "type": "Feature", "properties": { "fid": 327, "Area": 8557.594 }, "geometry": { "type": "MultiPolygon", "coordinates": [ [ [ [ -70.810984707348553, -33.252754510166625 ], [ -70.810983168218641, -33.252753445834792 ], [ -70.810981607918436, -33.252752403490568 ], [ -70.810980026892821, -33.252751383431168 ], [ -70.810978425592609, -33.252750385947458 ], [ -70.810976804474407, -33.252749411323855 ], [ -70.810975164000453, -33.252748459838237 ], [ -70.810973504638497, -33.252747531761941 ], [ -70.810971826861689, -33.252746627359578 ], [ -70.810970131148451, -33.252745746889033 ], [ -70.810968417982252, -33.252744890601363 ], [ -70.810966687851618, -33.252744058740745 ], [ -70.810964941249864, -33.252743251544331 ], [ -70.810963178674982, -33.252742469242307 ], [ -70.810961400629608, -33.252741712057734 ], [ -70.810959607620674, -33.252740980206532 ], [ -70.810957800159457, -33.252740273897352 ], [ -70.810955978761342, -33.252739593331611 ], [ -70.810954143945679, -33.252738938703345 ], [ -70.810952296235612, -33.25273831019922 ], [ -70.810950436158024, -33.252737707998449 ], [ -70.810948564243276, -33.252737132272742 ], [ -70.810946681025143, -33.252736583186284 ], [ -70.810944787040555, -33.252736060895579 ], [ -70.810942882829622, -33.252735565549614 ], [ -70.810940968935256, -33.252735097289595 ], [ -70.810939045903197, -33.252734656249039 ], [ -70.810937114281785, -33.252734242553736 ], [ -70.810935174621775, -33.252733856321605 ], [ -70.810894331661004, -33.252549737930316 ], [ -70.811319935039549, -33.252565623953544 ], [ -70.811278082357333, -33.252606200582299 ], [ -70.811317573392614, -33.252631095362631 ], [ -70.811628885622227, -33.25282734273047 ], [ -70.811831059223223, -33.252892067581008 ], [ -70.811877997054353, -33.252910429930317 ], [ -70.811925303202941, -33.252928112470293 ], [ -70.811972963722894, -33.252945109988055 ], [ -70.812020964563629, -33.252961417472576 ], [ -70.81206929157419, -33.252977030116313 ], [ -70.812733051063375, -33.253185985903912 ], [ -70.81366054200069, -33.253477747601629 ], [ -70.813663119979879, -33.253478537563652 ], [ -70.813665713611158, -33.253479290489757 ], [ -70.813668322140884, -33.25348000616119 ], [ -70.813670944811093, -33.253480684369947 ], [ -70.813673580859671, -33.253481324918987 ], [ -70.813676229520652, -33.253481927622175 ], [ -70.813678890024391, -33.253482492304386 ], [ -70.813681561597789, -33.253483018801539 ], [ -70.81368424346455, -33.253483506960592 ], [ -70.813686934845379, -33.253483956639762 ], [ -70.813689634958237, -33.25348436770836 ], [ -70.813692343018502, -33.253484740046929 ], [ -70.813695058239261, -33.253485073547282 ], [ -70.813697779831557, -33.2534853681125 ], [ -70.81370050700454, -33.253485623657014 ], [ -70.813703238965772, -33.253485840106535 ], [ -70.813705974921362, -33.253486017398195 ], [ -70.813708714076313, -33.253486155480459 ], [ -70.813711455634689, -33.253486254313216 ], [ -70.813714198799858, -33.253486313867754 ], [ -70.813716942774704, -33.253486334126755 ], [ -70.8137196867619, -33.253486315084317 ], [ -70.813722429964088, -33.253486256746015 ], [ -70.813725171584139, -33.253486159128755 ], [ -70.813727910825421, -33.25348602226093 ], [ -70.813730646891955, -33.253485846182301 ], [ -70.813733378988687, -33.253485630944041 ], [ -70.813736106321755, -33.253485376608701 ], [ -70.813738828098636, -33.253485083250162 ], [ -70.813741543528437, -33.253484750953682 ], [ -70.813744251822115, -33.253484379815809 ], [ -70.813746952192702, -33.253483969944412 ], [ -70.813749643855516, -33.253483521458577 ], [ -70.813752326028435, -33.25348303448861 ], [ -70.813754997932051, -33.253482509176031 ], [ -70.813825142565264, -33.253673941376491 ], [ -70.813627346800502, -33.253767342489439 ], [ -70.813625954008955, -33.253766105348504 ], [ -70.813624536143124, -33.253764888480546 ], [ -70.813623093620933, -33.253763692244256 ], [ -70.813621626867629, -33.253762516992268 ], [ -70.813620136315549, -33.253761363071 ], [ -70.813618622404078, -33.253760230820589 ], [ -70.81361708557948, -33.253759120574834 ], [ -70.813615526294782, -33.253758032660969 ], [ -70.813613945009607, -33.253756967399696 ], [ -70.813612342190098, -33.253755925105025 ], [ -70.813610718308709, -33.253754906084211 ], [ -70.81360907384412, -33.253753910637613 ], [ -70.813607409281076, -33.253752939058685 ], [ -70.813605725110278, -33.253751991633813 ], [ -70.813604021828127, -33.253751068642266 ], [ -70.813602299936761, -33.253750170356149 ], [ -70.813600559943708, -33.253749297040208 ], [ -70.813598802361895, -33.253748448951903 ], [ -70.81359702770942, -33.253747626341237 ], [ -70.813595236509386, -33.253746829450691 ], [ -70.813593429289796, -33.253746058515134 ], [ -70.813591606583373, -33.253745313761847 ], [ -70.813589768927429, -33.253744595410382 ], [ -70.813587916863625, -33.253743903672451 ], [ -70.813586050937928, -33.253743238751987 ], [ -70.813584171700327, -33.253742600844973 ], [ -70.813582279704818, -33.253741990139467 ], [ -70.812620067612514, -33.253439345265654 ], [ -70.8119563064174, -33.253230388938789 ], [ -70.811903567484066, -33.25321335709976 ], [ -70.811851179270988, -33.253195577598198 ], [ -70.811799156791892, -33.253177055529498 ], [ -70.811747514955698, -33.253157796201819 ], [ -70.811696268562159, -33.253137805134656 ], [ -70.811645432297695, -33.253117088057166 ], [ -70.81159502073119, -33.253095650906616 ], [ -70.811545048309725, -33.253073499826577 ], [ -70.811495529354545, -33.253050641165274 ], [ -70.81144647805688, -33.253027081473704 ], [ -70.811397908473907, -33.253002827503714 ], [ -70.811349834524719, -33.252977886206189 ], [ -70.811302269986328, -33.252952264728954 ], [ -70.811255228489728, -33.252925970414765 ], [ -70.811208723515961, -33.25289901079919 ], [ -70.811162768392322, -33.25287139360848 ], [ -70.811117376288422, -33.252843126757327 ], [ -70.811072560212537, -33.252814218346565 ], [ -70.811028333007812, -33.252784676660923 ], [ -70.810984707348553, -33.252754510166625 ] ] ] ] } },
{ "type": "Feature", "properties": { "fid": 328, "Area": 15631.949 }, "geometry": { "type": "MultiPolygon", "coordinates": [ [ [ [ -70.814294119625998, -33.249624611557103 ], [ -70.816397309961133, -33.2475825205007 ], [ -70.815894397550323, -33.247397482363034 ], [ -70.814411811452644, -33.248821200250795 ], [ -70.814402465979825, -33.248829828288741 ], [ -70.814392943459808, -33.248838318555762 ], [ -70.81438324676887, -33.248846668487332 ], [ -70.814373378835924, -33.248854875561292 ], [ -70.814363342641556, -33.248862937298668 ], [ -70.814353141217254, -33.248870851264329 ], [ -70.814342777644342, -33.248878615067838 ], [ -70.814332255053174, -33.248886226364078 ], [ -70.81432157662212, -33.248893682854003 ], [ -70.81431074557662, -33.248900982285349 ], [ -70.814299765188238, -33.24890812245323 ], [ -70.814288638773633, -33.248915101200957 ], [ -70.814277369693556, -33.248921916420521 ], [ -70.814265961351907, -33.24892856605338 ], [ -70.81425441719459, -33.2489350480909 ], [ -70.814242740708579, -33.248941360575181 ], [ -70.814230935420824, -33.248947501599481 ], [ -70.814219004897126, -33.248953469308852 ], [ -70.814206952741202, -33.248959261900708 ], [ -70.814194782593447, -33.248964877625355 ], [ -70.81418249812991, -33.248970314786504 ], [ -70.814170103061201, -33.248975571741852 ], [ -70.814157601131313, -33.248980646903455 ], [ -70.814144996116511, -33.24898553873836 ], [ -70.814132291824237, -33.248990245768915 ], [ -70.814119492091891, -33.24899476657334 ], [ -70.814106600785721, -33.248999099786083 ], [ -70.814093621799628, -33.249003244098276 ], [ -70.814080559053977, -33.249007198258091 ], [ -70.81406741649451, -33.249010961071122 ], [ -70.814054198090986, -33.249014531400789 ], [ -70.814040907836116, -33.249017908168653 ], [ -70.814027549744353, -33.249021090354724 ], [ -70.814014127850584, -33.249024076997792 ], [ -70.814000646208981, -33.249026867195724 ], [ -70.81398710889178, -33.249029460105717 ], [ -70.813973519988053, -33.249031854944526 ], [ -70.813959883602408, -33.249034050988818 ], [ -70.813946203853831, -33.249036047575238 ], [ -70.813932484874385, -33.24903784410067 ], [ -70.813918730808027, -33.249039440022514 ], [ -70.813904945809242, -33.24904083485864 ], [ -70.813891134041938, -33.249042028187773 ], [ -70.81387729967804, -33.24904301964942 ], [ -70.813863446896349, -33.249043808944123 ], [ -70.813849579881207, -33.249044395833465 ], [ -70.813835702821265, -33.249044780140146 ], [ -70.813821819908171, -33.249044961748098 ], [ -70.813807935335404, -33.249044940602452 ], [ -70.813794053296917, -33.249044716709619 ], [ -70.81378017798589, -33.249044290137171 ], [ -70.813766313593476, -33.249043661014021 ], [ -70.813752464307498, -33.249042829530147 ], [ -70.813738634311278, -33.249041795936726 ], [ -70.813724827782281, -33.249040560545936 ], [ -70.81371104889088, -33.249039123730967 ], [ -70.813697301799095, -33.249037485925804 ], [ -70.813683590659352, -33.249035647625142 ], [ -70.813669919613204, -33.249033609384263 ], [ -70.814061015306322, -33.249572854098766 ], [ -70.814294119747089, -33.249624611439536 ], [ -70.814294119625998, -33.249624611557103 ] ] ] ] } },
{ "type": "Feature", "properties": { "fid": 329, "Area": 8279.318 }, "geometry": { "type": "MultiPolygon", "coordinates": [ [ [ [ -70.813694989286134, -33.24949158227399 ], [ -70.814061015306336, -33.249572854098773 ], [ -70.813669919613318, -33.24903360938427 ], [ -70.810547596209219, -33.248859442026003 ], [ -70.810545918323029, -33.24885847068127 ], [ -70.81054426064054, -33.248857475146963 ], [ -70.810542623655635, -33.24885645571969 ], [ -70.81054100785606, -33.248855412703193 ], [ -70.810539413723234, -33.248854346408237 ], [ -70.810537841732142, -33.248853257152476 ], [ -70.810536292351117, -33.248852145260543 ], [ -70.810534766041812, -33.24885101106365 ], [ -70.810533263258989, -33.248849854899753 ], [ -70.81053178445039, -33.248848677113322 ], [ -70.810530330056622, -33.248847478055275 ], [ -70.810528900511031, -33.248846258082864 ], [ -70.810527496239516, -33.248845017559589 ], [ -70.810526117660487, -33.248843756855045 ], [ -70.810524765184695, -33.248842476344855 ], [ -70.810523439215103, -33.248841176410572 ], [ -70.810522140146773, -33.248839857439478 ], [ -70.810520868366766, -33.24883851982456 ], [ -70.810519624253985, -33.24883716396436 ], [ -70.810518408179121, -33.248835790262852 ], [ -70.810517220504494, -33.248834399129329 ], [ -70.810516061583982, -33.248832990978279 ], [ -70.810514931762853, -33.248831566229235 ], [ -70.810513831377747, -33.248830125306718 ], [ -70.810512760756524, -33.248828668640037 ], [ -70.810511720218187, -33.248827196663214 ], [ -70.81051071007272, -33.248825709814788 ], [ -70.810509730621106, -33.248824208537812 ], [ -70.810508782155168, -33.248822693279543 ], [ -70.810507864957515, -33.248821164491453 ], [ -70.810506979301394, -33.248819622629057 ], [ -70.810506125450715, -33.248818068151742 ], [ -70.810505303659824, -33.248816501522654 ], [ -70.810504514173644, -33.248814923208563 ], [ -70.810503757227323, -33.24881333367972 ], [ -70.810503033046444, -33.248811733409731 ], [ -70.810115213172381, -33.248932429406537 ], [ -70.810150338304879, -33.249027047757885 ], [ -70.813056492447672, -33.249189168290066 ], [ -70.813081277338298, -33.249193865464285 ], [ -70.813105963419247, -33.249198916656511 ], [ -70.813130543528686, -33.249204320401311 ], [ -70.813155010535567, -33.249210075130968 ], [ -70.813179357341582, -33.249216179175932 ], [ -70.813203576883382, -33.249222630765317 ], [ -70.813227662134466, -33.249229428027441 ], [ -70.813251606107286, -33.249236568990248 ], [ -70.813275401855336, -33.24924405158206 ], [ -70.813299042475052, -33.249251873632048 ], [ -70.813322521107892, -33.249260032870914 ], [ -70.813345830942296, -33.249268526931509 ], [ -70.813368965215687, -33.249277353349569 ], [ -70.813391917216379, -33.249286509564392 ], [ -70.813414680285604, -33.249295992919635 ], [ -70.81343724781938, -33.249305800663983 ], [ -70.813459613270439, -33.249315929952076 ], [ -70.813481770150148, -33.249326377845215 ], [ -70.813503712030354, -33.249337141312289 ], [ -70.813525432545305, -33.24934821723064 ], [ -70.813546925393439, -33.24935960238696 ], [ -70.81356818433926, -33.24937129347822 ], [ -70.813589203215088, -33.249383287112614 ], [ -70.813609975922915, -33.249395579810603 ], [ -70.813651105582565, -33.249423178319788 ], [ -70.81365267463417, -33.249424249791652 ], [ -70.813654221614414, -33.249425343686809 ], [ -70.813655746069458, -33.249426459684351 ], [ -70.813657247552058, -33.249427597456894 ], [ -70.813658725621721, -33.249428756670611 ], [ -70.813660179844803, -33.24942993698545 ], [ -70.813661609794678, -33.249431138055122 ], [ -70.813663015051844, -33.249432359527241 ], [ -70.813664395204, -33.249433601043485 ], [ -70.81366574984628, -33.249434862239617 ], [ -70.813667078581261, -33.24943614274563 ], [ -70.813668381019085, -33.249437442185872 ], [ -70.813669656777691, -33.249438760179075 ], [ -70.81367090548278, -33.249440096338624 ], [ -70.813672126767997, -33.249441450272485 ], [ -70.813673320275086, -33.249442821583457 ], [ -70.813674485653877, -33.249444209869253 ], [ -70.813675622562471, -33.249445614722553 ], [ -70.813676730667325, -33.249447035731222 ], [ -70.813677809643366, -33.24944847247837 ], [ -70.813678859174018, -33.249449924542482 ], [ -70.813679878951419, -33.249451391497573 ], [ -70.813680868676329, -33.249452872913267 ], [ -70.813681828058421, -33.249454368354961 ], [ -70.813682756816235, -33.249455877383909 ], [ -70.813683654677291, -33.2494573995574 ], [ -70.813684521378178, -33.249458934428894 ], [ -70.813685356664607, -33.24946048154807 ], [ -70.813686160291553, -33.249462040461054 ], [ -70.813686932023217, -33.249463610710485 ], [ -70.813687671633218, -33.249465191835711 ], [ -70.813688378904573, -33.249466783372846 ], [ -70.813689053629773, -33.249468384854978 ], [ -70.813689695610847, -33.249469995812284 ], [ -70.813690304659474, -33.249471615772137 ], [ -70.813690880596994, -33.249473244259285 ], [ -70.813691423254383, -33.249474880795972 ], [ -70.813691932472494, -33.249476524902057 ], [ -70.8136924081019, -33.249478176095216 ], [ -70.813692850003065, -33.249479833891037 ], [ -70.813693258046342, -33.249481497803153 ], [ -70.813693632112034, -33.249483167343392 ], [ -70.813693972090391, -33.249484842021985 ], [ -70.813694277881666, -33.249486521347613 ], [ -70.813694549396132, -33.2494882048276 ], [ -70.813694786554152, -33.249489891968032 ], [ -70.813694989286148, -33.249491582273976 ], [ -70.813694989286134, -33.24949158227399 ] ] ] ] } },
{ "type": "Feature", "properties": { "fid": 330, "Area": 22868.585 }, "geometry": { "type": "MultiPolygon", "coordinates": [ [ [ [ -70.813666719041066, -33.249565571819332 ], [ -70.813668028685981, -33.249564277501854 ], [ -70.813669311754907, -33.249562964526923 ], [ -70.813670567871412, -33.249561633279711 ], [ -70.813671796667009, -33.249560284150817 ], [ -70.813672997781183, -33.249558917536007 ], [ -70.813674170861574, -33.249557533836231 ], [ -70.813675315563998, -33.249556133457418 ], [ -70.813676431552651, -33.24955471681043 ], [ -70.813677518500128, -33.249553284310849 ], [ -70.813678576087526, -33.249551836378984 ], [ -70.813679604004619, -33.24955037343959 ], [ -70.813680601949784, -33.249548895921855 ], [ -70.81368156963029, -33.249547404259275 ], [ -70.813682506762234, -33.24954589888943 ], [ -70.813683413070677, -33.249544380254001 ], [ -70.813684288289735, -33.249542848798491 ], [ -70.813685132162647, -33.249541304972198 ], [ -70.813685944441829, -33.249539749228063 ], [ -70.813686724888996, -33.249538182022491 ], [ -70.813687473275181, -33.249536603815237 ], [ -70.813688189380827, -33.249535015069355 ], [ -70.813688872995826, -33.249533416250941 ], [ -70.813689523919649, -33.249531807829008 ], [ -70.813690141961331, -33.249530190275472 ], [ -70.813690726939527, -33.249528564064875 ], [ -70.813691278682654, -33.24952692967431 ], [ -70.813691797028838, -33.249525287583246 ], [ -70.813692281826008, -33.249523638273452 ], [ -70.813692732931926, -33.249521982228806 ], [ -70.813693150214249, -33.249520319935144 ], [ -70.813693533550577, -33.249518651880116 ], [ -70.813693882828446, -33.249516978553132 ], [ -70.813694197945367, -33.249515300445097 ], [ -70.813694478808912, -33.249513618048304 ], [ -70.813694725336688, -33.24951193185634 ], [ -70.813694937456376, -33.249510242363918 ], [ -70.81369511510573, -33.249508550066658 ], [ -70.813695258232627, -33.249506855461064 ], [ -70.813695366795116, -33.249505159044276 ], [ -70.813695440761322, -33.249503461313992 ], [ -70.813695480109544, -33.24950176276829 ], [ -70.813695484828244, -33.249500063905479 ], [ -70.813695454916058, -33.24949836522395 ], [ -70.813695390381739, -33.249496667222083 ], [ -70.81369529124423, -33.249494970398004 ], [ -70.813695157532635, -33.249493275249534 ], [ -70.813694989286148, -33.249491582274004 ], [ -70.814061015306336, -33.249572854098773 ], [ -70.814202841244011, -33.249768402389677 ], [ -70.811350211995844, -33.252566754011902 ], [ -70.810894331661004, -33.252549737930316 ], [ -70.81083239322308, -33.252270520317865 ], [ -70.810835117338911, -33.252270073274339 ], [ -70.810837831876114, -33.252269586834188 ], [ -70.810840536027655, -33.252269061142051 ], [ -70.810843228989597, -33.252268496354205 ], [ -70.810845909961316, -33.252267892638557 ], [ -70.81084857814578, -33.252267250174583 ], [ -70.810851232749755, -33.252266569153313 ], [ -70.810853872983998, -33.252265849777181 ], [ -70.8108564980636, -33.252265092260082 ], [ -70.810859107208131, -33.252264296827214 ], [ -70.810861699641876, -33.25226346371506 ], [ -70.810864274594138, -33.252262593171295 ], [ -70.810866831299364, -33.252261685454741 ], [ -70.810869368997473, -33.252260740835254 ], [ -70.810871886933995, -33.25225975959367 ], [ -70.810874384360361, -33.252258742021709 ], [ -70.810876860534108, -33.252257688421899 ], [ -70.81087931471906, -33.252256599107454 ], [ -70.810881746185572, -33.252255474402247 ], [ -70.810884154210811, -33.252254314640638 ], [ -70.810886538078876, -33.252253120167424 ], [ -70.810888897081028, -33.252251891337721 ], [ -70.810891230515949, -33.252250628516869 ], [ -70.810893537689921, -33.252249332080275 ], [ -70.810895817917043, -33.252248002413381 ], [ -70.810898070519372, -33.252246639911512 ], [ -70.810900294827235, -33.252245244979697 ], [ -70.810902490179359, -33.252243818032682 ], [ -70.810904655923053, -33.252242359494673 ], [ -70.810906791414467, -33.252240869799301 ], [ -70.810908896018717, -33.252239349389463 ], [ -70.810910969110111, -33.252237798717154 ], [ -70.810913010072326, -33.252236218243389 ], [ -70.810915018298601, -33.25223460843803 ], [ -70.810916993191881, -33.252232969779669 ], [ -70.810918934165045, -33.252231302755504 ], [ -70.810920840641046, -33.252229607861103 ], [ -70.810922712053085, -33.252227885600384 ], [ -70.81092454784482, -33.252226136485341 ], [ -70.813666719041066, -33.249565571819346 ], [ -70.813666719041066, -33.249565571819332 ] ] ] ] } },
{ "type": "Feature", "properties": { "fid": 331, "Area": 18958.605 }, "geometry": { "type": "MultiPolygon", "coordinates": [ [ [ [ -70.810528123897996, -33.252605502837042 ], [ -70.809920123156431, -33.253184519694145 ], [ -70.809197545463817, -33.253930740018077 ], [ -70.807685478397246, -33.255492602761414 ], [ -70.807683686524129, -33.255494420956843 ], [ -70.807681857155657, -33.25549621260096 ], [ -70.807679990849067, -33.255497977148046 ], [ -70.807678088172835, -33.255499714060548 ], [ -70.807676149706552, -33.255501422809431 ], [ -70.807674176040692, -33.255503102874151 ], [ -70.807672167776445, -33.255504753742983 ], [ -70.807670125525547, -33.255506374913026 ], [ -70.807668049910106, -33.255507965890466 ], [ -70.807665941562348, -33.255509526190679 ], [ -70.807663801124505, -33.25551105533836 ], [ -70.807661629248599, -33.255512552867735 ], [ -70.80765942659616, -33.255514018322636 ], [ -70.807657193838182, -33.255515451256656 ], [ -70.807654931654767, -33.255516851233331 ], [ -70.807652640734986, -33.255518217826193 ], [ -70.807650321776691, -33.25551955061897 ], [ -70.807647975486276, -33.255520849205674 ], [ -70.807645602578418, -33.255522113190757 ], [ -70.807643203775939, -33.255523342189178 ], [ -70.807640779809546, -33.255524535826581 ], [ -70.807638331417579, -33.255525693739372 ], [ -70.807635859345879, -33.255526815574811 ], [ -70.807633364347453, -33.255527900991218 ], [ -70.807630847182295, -33.255528949657936 ], [ -70.807628308617168, -33.255529961255547 ], [ -70.807625749425341, -33.255530935475882 ], [ -70.807623170386378, -33.255531872022196 ], [ -70.807620572285856, -33.255532770609221 ], [ -70.807617955915234, -33.255533630963221 ], [ -70.807615322071427, -33.255534452822118 ], [ -70.807612671556782, -33.255535235935568 ], [ -70.80761000517866, -33.255535980065048 ], [ -70.807607323749266, -33.255536684983852 ], [ -70.807604628085372, -33.255537350477283 ], [ -70.807601919008135, -33.255537976342623 ], [ -70.807599197342768, -33.255538562389198 ], [ -70.807596463918301, -33.255539108438505 ], [ -70.807593719567379, -33.255539614324242 ], [ -70.807590965125954, -33.25554007989227 ], [ -70.807588201433063, -33.255540505000781 ], [ -70.807585429330572, -33.255540889520304 ], [ -70.807582649662876, -33.255541233333673 ], [ -70.807579863276686, -33.255541536336189 ], [ -70.807577071020773, -33.255541798435544 ], [ -70.807713587371978, -33.25579847612498 ], [ -70.808008287141803, -33.255825499612207 ], [ -70.808008264065037, -33.255823190700703 ], [ -70.808008287905366, -33.255820881794676 ], [ -70.80800835865584, -33.255818573567026 ], [ -70.808008476295839, -33.255816266690488 ], [ -70.808008640791058, -33.255813961837376 ], [ -70.80800885209355, -33.255811659679409 ], [ -70.808009110141739, -33.255809360887568 ], [ -70.808009414860436, -33.25580706613178 ], [ -70.808009766160794, -33.255804776080851 ], [ -70.808010163940452, -33.255802491402207 ], [ -70.80801060808345, -33.255800212761692 ], [ -70.808011098460369, -33.255797940823399 ], [ -70.808011634928263, -33.255795676249441 ], [ -70.808012217330798, -33.255793419699863 ], [ -70.80801284549824, -33.255791171832271 ], [ -70.808013519247481, -33.255788933301801 ], [ -70.808014238382185, -33.25578670476088 ], [ -70.808015002692756, -33.255784486858978 ], [ -70.808015811956437, -33.255782280242471 ], [ -70.808016665937373, -33.255780085554484 ], [ -70.808017564386674, -33.255777903434634 ], [ -70.80801850704249, -33.255775734518863 ], [ -70.808019493630084, -33.255773579439328 ], [ -70.808020523861927, -33.255771438824077 ], [ -70.808021597437758, -33.255769313296973 ], [ -70.808022714044682, -33.255767203477504 ], [ -70.808023873357286, -33.255765109980544 ], [ -70.808025075037676, -33.255763033416223 ], [ -70.808026318735656, -33.255760974389752 ], [ -70.808027604088721, -33.25575893350122 ], [ -70.808028930722301, -33.255756911345401 ], [ -70.808030298249733, -33.255754908511662 ], [ -70.808031706272473, -33.2557529255837 ], [ -70.808033154380141, -33.255750963139434 ], [ -70.808034642150702, -33.255749021750795 ], [ -70.808036169150569, -33.25574710198358 ], [ -70.8080377349347, -33.2557452043973 ], [ -70.808039339046758, -33.255743329544977 ], [ -70.808040981019218, -33.255741477973025 ], [ -70.808042660373573, -33.255739650221074 ], [ -70.808044376620373, -33.255737846821809 ], [ -70.809595961226506, -33.254135665542641 ], [ -70.810251686068028, -33.253458534917634 ], [ -70.810303934703455, -33.253399399921385 ], [ -70.810719460731292, -33.252885837732364 ], [ -70.810811976583182, -33.252773962974658 ], [ -70.810813150460731, -33.252772569217569 ], [ -70.810814352719447, -33.252771192644978 ], [ -70.810815583003091, -33.252769833664857 ], [ -70.810816840947041, -33.252768492679884 ], [ -70.810818126178503, -33.252767170087466 ], [ -70.810819438316642, -33.252765866279546 ], [ -70.810820776972605, -33.252764581642481 ], [ -70.810822141749696, -33.25276331655698 ], [ -70.810823532243461, -33.252762071397925 ], [ -70.810824948041841, -33.252760846534329 ], [ -70.810826388725275, -33.252759642329153 ], [ -70.810827853866826, -33.252758459139244 ], [ -70.810829343032324, -33.252757297315263 ], [ -70.810830855780452, -33.25275615720146 ], [ -70.810832391662942, -33.252755039135764 ], [ -70.810833950224605, -33.252753943449427 ], [ -70.810835531003619, -33.252752870467212 ], [ -70.810837133531507, -33.252751820507044 ], [ -70.810838757333386, -33.252750793880082 ], [ -70.810840401928033, -33.252749790890569 ], [ -70.810842066828116, -33.25274881183573 ], [ -70.810843751540233, -33.252747857005687 ], [ -70.810845455565143, -33.2527469266834 ], [ -70.810847178397879, -33.252746021144567 ], [ -70.810848919527885, -33.252745140657531 ], [ -70.810850678439181, -33.252744285483224 ], [ -70.810852454610554, -33.25274345587507 ], [ -70.810854247515621, -33.252742652078894 ], [ -70.810856056623109, -33.252741874332919 ], [ -70.810857881396871, -33.252741122867626 ], [ -70.810859721296168, -33.252740397905676 ], [ -70.810861575775746, -33.252739699661937 ], [ -70.810863444286042, -33.252739028343314 ], [ -70.810865326273372, -33.252738384148714 ], [ -70.810867221180004, -33.252737767269103 ], [ -70.810869128444381, -33.252737177887248 ], [ -70.810871047501337, -33.25273661617782 ], [ -70.810872977782154, -33.252736082307251 ], [ -70.810874918714831, -33.252735576433778 ], [ -70.810876869724154, -33.252735098707305 ], [ -70.810878830231985, -33.252734649269399 ], [ -70.810880799657355, -33.252734228253253 ], [ -70.810882777416609, -33.252733835783616 ], [ -70.810884762923664, -33.252733471976804 ], [ -70.810886755590161, -33.252733136940634 ], [ -70.810888754825555, -33.252732830774384 ], [ -70.81089076003741, -33.252732553568777 ], [ -70.810892770631511, -33.252732305405971 ], [ -70.810894786012, -33.25273208635948 ], [ -70.810896805581649, -33.252731896494268 ], [ -70.810898828742012, -33.252731735866547 ], [ -70.810900854893504, -33.252731604523952 ], [ -70.810902883435688, -33.252731502505391 ], [ -70.810904913767473, -33.252731429841113 ], [ -70.81090694528713, -33.252731386552618 ], [ -70.810908977392657, -33.252731372652761 ], [ -70.810911009481885, -33.252731388145655 ], [ -70.810913040952585, -33.252731433026703 ], [ -70.810915071202757, -33.252731507282604 ], [ -70.810917099630785, -33.25273161089136 ], [ -70.810919125635522, -33.252731743822281 ], [ -70.8109211486166, -33.252731906035955 ], [ -70.810923167974522, -33.252732097484298 ], [ -70.810925183110854, -33.25273231811061 ], [ -70.810927193428455, -33.252732567849492 ], [ -70.810929198331579, -33.25273284662692 ], [ -70.810931197226083, -33.252733154360307 ], [ -70.810933189519616, -33.252733490958462 ], [ -70.810935174621775, -33.252733856321605 ], [ -70.810894331661004, -33.252549737930316 ], [ -70.810557615154337, -33.252537168649653 ], [ -70.810557653414904, -33.252538899061996 ], [ -70.810557655733987, -33.252540629771801 ], [ -70.810557622110878, -33.252542360252136 ], [ -70.810557552555778, -33.252544089976091 ], [ -70.810557447089892, -33.252545818417012 ], [ -70.81055730574532, -33.252547545048635 ], [ -70.810557128565108, -33.252549269345224 ], [ -70.810556915603186, -33.252550990781792 ], [ -70.810556666924413, -33.252552708834195 ], [ -70.810556382604489, -33.252554422979301 ], [ -70.810556062729987, -33.252556132695211 ], [ -70.810555707398279, -33.252557837461381 ], [ -70.810555316717583, -33.25255953675871 ], [ -70.810554890806841, -33.252561230069823 ], [ -70.810554429795715, -33.252562916879143 ], [ -70.810553933824593, -33.252564596673068 ], [ -70.810553403044466, -33.252566268940143 ], [ -70.810552837616953, -33.252567933171207 ], [ -70.810552237714219, -33.252569588859529 ], [ -70.810551603518903, -33.252571235500994 ], [ -70.8105509352241, -33.25257287259425 ], [ -70.810550233033311, -33.252574499640815 ], [ -70.810549497160309, -33.252576116145313 ], [ -70.810548727829158, -33.252577721615552 ], [ -70.810547925274108, -33.252579315562684 ], [ -70.810547089739501, -33.25258089750141 ], [ -70.810546221479754, -33.252582466950059 ], [ -70.810545320759203, -33.252584023430764 ], [ -70.810544387852133, -33.252585566469627 ], [ -70.810543423042574, -33.252587095596809 ], [ -70.810542426624281, -33.252588610346749 ], [ -70.810541398900625, -33.252590110258211 ], [ -70.810540340184573, -33.252591594874524 ], [ -70.810539250798413, -33.25259306374366 ], [ -70.810538131073884, -33.252594516418348 ], [ -70.810536981351902, -33.252595952456353 ], [ -70.810535801982539, -33.252597371420357 ], [ -70.81053459332486, -33.252598772878358 ], [ -70.810533355746898, -33.252600156403638 ], [ -70.810532089625454, -33.252601521574931 ], [ -70.810530795346025, -33.252602867976591 ], [ -70.810529473302694, -33.252604195198664 ], [ -70.810528123897996, -33.252605502837042 ] ] ] ] } },
{ "type": "Feature", "properties": { "fid": 332, "Area": 10047.493 }, "geometry": { "type": "MultiPolygon", "coordinates": [ [ [ [ -70.808039662761345, -33.250902892073043 ], [ -70.808038041077793, -33.250901887748299 ], [ -70.808036399231852, -33.2509009068227 ], [ -70.808034737701703, -33.250899949581935 ], [ -70.808033056971269, -33.250899016304793 ], [ -70.808031357530083, -33.250898107263119 ], [ -70.808029639873084, -33.250897222721647 ], [ -70.808027904500562, -33.250896362938008 ], [ -70.808026151917943, -33.250895528162609 ], [ -70.808024382635665, -33.250894718638577 ], [ -70.808022597169028, -33.250893934601706 ], [ -70.808020796038051, -33.25089317628035 ], [ -70.808018979767326, -33.250892443895339 ], [ -70.808017148885838, -33.250891737659998 ], [ -70.808015303926837, -33.250891057780031 ], [ -70.808013445427662, -33.250890404453436 ], [ -70.808011573929605, -33.250889777870491 ], [ -70.808009689977766, -33.250889178213711 ], [ -70.808007794120812, -33.250888605657742 ], [ -70.808005886910919, -33.250888060369327 ], [ -70.808003968903577, -33.250887542507293 ], [ -70.808002040657414, -33.25088705222246 ], [ -70.808000102733999, -33.250886589657632 ], [ -70.807998155697803, -33.250886154947523 ], [ -70.807996200115852, -33.250885748218749 ], [ -70.807994236557747, -33.250885369589781 ], [ -70.807992265595374, -33.250885019170873 ], [ -70.807990287802753, -33.250884697064087 ], [ -70.807988303755948, -33.250884403363258 ], [ -70.807986314032803, -33.2508841381539 ], [ -70.807984319212807, -33.250883901513284 ], [ -70.807982319876984, -33.25088369351031 ], [ -70.807980316607612, -33.250883514205562 ], [ -70.807978309988172, -33.250883363651276 ], [ -70.807976300603073, -33.250883241891287 ], [ -70.80797428903756, -33.250883148961066 ], [ -70.807972275877518, -33.250883084887676 ], [ -70.807970261709258, -33.250883049689769 ], [ -70.807968247119405, -33.250883043377613 ], [ -70.807966232694739, -33.25088306595304 ], [ -70.80796421902194, -33.250883117409465 ], [ -70.807962206687492, -33.250883197731916 ], [ -70.807960196277492, -33.250883306897002 ], [ -70.807958188377484, -33.250883444872919 ], [ -70.807956183572259, -33.250883611619464 ], [ -70.807943303700171, -33.25061540274703 ], [ -70.807962698377409, -33.250598107265098 ], [ -70.808236806482682, -33.250645727351561 ], [ -70.808236958040411, -33.250647430682413 ], [ -70.80823714448573, -33.250649131567819 ], [ -70.808237365763318, -33.250650829503307 ], [ -70.808237621807592, -33.250652523985373 ], [ -70.808237912542566, -33.250654214511442 ], [ -70.80823823788208, -33.250655900580206 ], [ -70.808238597729627, -33.250657581691591 ], [ -70.808238991978456, -33.250659257347046 ], [ -70.808239420511697, -33.250660927049658 ], [ -70.808239883202248, -33.250662590304202 ], [ -70.808240379912874, -33.25066424661744 ], [ -70.808240910496295, -33.250665895498152 ], [ -70.808241474795153, -33.250667536457343 ], [ -70.808242072642074, -33.250669169008354 ], [ -70.80824270385979, -33.250670792667016 ], [ -70.808243368261074, -33.250672406951807 ], [ -70.808244065648907, -33.250674011384028 ], [ -70.808244795816478, -33.250675605487778 ], [ -70.808245558547227, -33.250677188790348 ], [ -70.808246353614948, -33.250678760822169 ], [ -70.808247180783866, -33.250680321117024 ], [ -70.808248039808674, -33.250681869212194 ], [ -70.80824893043463, -33.250683404648569 ], [ -70.808249852397552, -33.25068492697077 ], [ -70.808250805424066, -33.250686435727339 ], [ -70.80825178923152, -33.250687930470804 ], [ -70.808252803528134, -33.250689410757893 ], [ -70.808253848013152, -33.250690876149612 ], [ -70.808254922376761, -33.250692326211357 ], [ -70.808256026300356, -33.25069376051308 ], [ -70.808257159456574, -33.250695178629435 ], [ -70.808258321509342, -33.250696580139838 ], [ -70.808259512114034, -33.250697964628657 ], [ -70.808260730917553, -33.25069933168529 ], [ -70.808261977558445, -33.250700680904323 ], [ -70.808263251667, -33.250702011885608 ], [ -70.808264552865367, -33.250703324234422 ], [ -70.808265880767635, -33.250704617561574 ], [ -70.808267234980022, -33.250705891483491 ], [ -70.808268615100872, -33.250707145622378 ], [ -70.80827002072094, -33.250708379606316 ], [ -70.808271451423309, -33.250709593069303 ], [ -70.808272906783714, -33.250710785651492 ], [ -70.808274386370542, -33.250711956999211 ], [ -70.808275889744991, -33.250713106765062 ], [ -70.808277416461209, -33.250714234608068 ], [ -70.808278966066425, -33.250715340193722 ], [ -70.808280538101059, -33.250716423194177 ], [ -70.808282132098938, -33.250717483288241 ], [ -70.808283747587296, -33.250718520161506 ], [ -70.810706288950385, -33.252245744285034 ], [ -70.810708524240553, -33.252247128260287 ], [ -70.810710787609253, -33.252248479635718 ], [ -70.81071307838306, -33.252249798009238 ], [ -70.810715395880408, -33.252251082988629 ], [ -70.810717739411814, -33.252252334191553 ], [ -70.810720108280009, -33.252253551245751 ], [ -70.810722501780191, -33.252254733789137 ], [ -70.810724919200268, -33.252255881469857 ], [ -70.810727359820959, -33.252256993946467 ], [ -70.810729822916144, -33.252258070887962 ], [ -70.810732307753014, -33.252259111973935 ], [ -70.810734813592262, -33.252260116894654 ], [ -70.81073733968833, -33.252261085351108 ], [ -70.810739885289635, -33.252262017055173 ], [ -70.810742449638838, -33.252262911729616 ], [ -70.810745031972957, -33.252263769108296 ], [ -70.810747631523697, -33.2522645889361 ], [ -70.810750247517618, -33.252265370969106 ], [ -70.81075287917642, -33.252266114974645 ], [ -70.810755525717127, -33.25226682073135 ], [ -70.810758186352302, -33.252267488029261 ], [ -70.810760860290358, -33.252268116669825 ], [ -70.810763546735743, -33.252268706466019 ], [ -70.810766244889166, -33.252269257242354 ], [ -70.810768953947871, -33.252269768834957 ], [ -70.810771673105847, -33.252270241091622 ], [ -70.810774401554085, -33.25227067387187 ], [ -70.810777138480788, -33.252271067046891 ], [ -70.81077988307166, -33.252271420499738 ], [ -70.810782634510133, -33.252271734125237 ], [ -70.810785391977603, -33.252272007830079 ], [ -70.810788154653622, -33.252272241532843 ], [ -70.810790921716247, -33.252272435163981 ], [ -70.810793692342216, -33.252272588665896 ], [ -70.810796465707199, -33.252272701992908 ], [ -70.810799240986043, -33.252272775111301 ], [ -70.810802017353055, -33.252272807999312 ], [ -70.810804793982186, -33.25227280064717 ], [ -70.810807570047331, -33.252272753057078 ], [ -70.810810344722555, -33.252272665243154 ], [ -70.810813117182306, -33.252272537231562 ], [ -70.810815886601716, -33.252272369060364 ], [ -70.810818652156826, -33.252272160779619 ], [ -70.810821413024811, -33.252271912451256 ], [ -70.810824168384244, -33.252271624149202 ], [ -70.810826917415341, -33.252271295959218 ], [ -70.810829659300211, -33.252270927978948 ], [ -70.81083239322308, -33.252270520317865 ], [ -70.810894331661004, -33.252549737930316 ], [ -70.810557615154337, -33.252537168649653 ], [ -70.810557541731143, -33.252535453480647 ], [ -70.810557432996859, -33.252533739635865 ], [ -70.810557288984015, -33.252532027628426 ], [ -70.810557109735768, -33.252530317970994 ], [ -70.810556895305766, -33.252528611175435 ], [ -70.81055664575824, -33.252526907752816 ], [ -70.810556361167897, -33.252525208213164 ], [ -70.810556041619932, -33.252523513065356 ], [ -70.810555687210069, -33.252521822816959 ], [ -70.810555298044378, -33.252520137974059 ], [ -70.810554874239415, -33.252518459041134 ], [ -70.810554415922084, -33.252516786520886 ], [ -70.810553923229605, -33.252515120914111 ], [ -70.810553396309501, -33.252513462719499 ], [ -70.810552835319541, -33.252511812433589 ], [ -70.810552240427683, -33.252510170550458 ], [ -70.810551611812102, -33.252508537561752 ], [ -70.81055094966095, -33.25250691395641 ], [ -70.810550254172554, -33.252505300220562 ], [ -70.810549525555132, -33.252503696837422 ], [ -70.810548764026834, -33.252502104287046 ], [ -70.810547969815701, -33.252500523046265 ], [ -70.810547143159511, -33.252498953588542 ], [ -70.810546284305801, -33.252497396383852 ], [ -70.810545393511745, -33.252495851898374 ], [ -70.810544471044025, -33.252494320594607 ], [ -70.810543517178886, -33.25249280293103 ], [ -70.810542532201907, -33.252491299362063 ], [ -70.810541516408037, -33.252489810337927 ], [ -70.810540470101415, -33.252488336304431 ], [ -70.810539393595306, -33.25248687770295 ], [ -70.810538287212069, -33.252485434970211 ], [ -70.810537151282958, -33.252484008538197 ], [ -70.810535986148096, -33.252482598834007 ], [ -70.810534792156346, -33.252481206279725 ], [ -70.810533569665239, -33.252479831292341 ], [ -70.810532319040774, -33.252478474283521 ], [ -70.810531040657438, -33.252477135659589 ], [ -70.810529734897997, -33.252475815821342 ], [ -70.810528402153423, -33.252474515164003 ], [ -70.81052704282277, -33.252473234076952 ], [ -70.81052565731305, -33.25247197294383 ], [ -70.810524246039094, -33.252470732142221 ], [ -70.810522809423489, -33.252469512043632 ], [ -70.810521347896369, -33.252468313013409 ], [ -70.810519861895344, -33.252467135410534 ], [ -70.810518351865369, -33.25246597958764 ], [ -70.810516818258563, -33.252464845890778 ], [ -70.810515261534107, -33.252463734659393 ], [ -70.810513682158145, -33.25246264622622 ], [ -70.810512080603544, -33.252461580917171 ], [ -70.810510457349864, -33.252460539051192 ], [ -70.808039662761345, -33.250902892073043 ] ] ] ] } },
{ "type": "Feature", "properties": { "fid": 333, "Area": 9226.384 }, "geometry": { "type": "MultiPolygon", "coordinates": [ [ [ [ -70.807394986157831, -33.255813330351494 ], [ -70.807396352633376, -33.255812061709513 ], [ -70.807397692858572, -33.25581077345214 ], [ -70.807399006434579, -33.255809465962734 ], [ -70.807400292970513, -33.255808139630346 ], [ -70.807401552083562, -33.255806794849711 ], [ -70.807402783398985, -33.255805432020999 ], [ -70.807403986550369, -33.255804051549731 ], [ -70.80740516117973, -33.255802653846764 ], [ -70.807406306937466, -33.255801239327972 ], [ -70.807407423482644, -33.255799808414331 ], [ -70.807408510483015, -33.255798361531632 ], [ -70.807409567615096, -33.25579689911045 ], [ -70.807410594564303, -33.255795421585987 ], [ -70.807411591025044, -33.255793929397903 ], [ -70.807412556700783, -33.255792422990254 ], [ -70.807413491304175, -33.25579090281132 ], [ -70.807414394557071, -33.255789369313483 ], [ -70.807415266190702, -33.255787822953074 ], [ -70.807416105945691, -33.255786264190284 ], [ -70.807416913572112, -33.255784693488934 ], [ -70.807417688829673, -33.255783111316475 ], [ -70.807418431487648, -33.255781518143692 ], [ -70.80741914132507, -33.255779914444716 ], [ -70.807419818130654, -33.255778300696768 ], [ -70.807420461703046, -33.255776677380062 ], [ -70.807421071850698, -33.255775044977682 ], [ -70.807421648392065, -33.255773403975383 ], [ -70.807422191155567, -33.255771754861506 ], [ -70.807713587371978, -33.25579847612498 ], [ -70.807825837427458, -33.256009527081872 ], [ -70.807823789947506, -33.25600971913839 ], [ -70.807821746768425, -33.256009941184786 ], [ -70.80781970851244, -33.2560101931535 ], [ -70.807817675800337, -33.256010474967752 ], [ -70.80781564925114, -33.256010786541729 ], [ -70.807813629482041, -33.256011127780553 ], [ -70.807811617108158, -33.256011498580293 ], [ -70.807809612742361, -33.256011898828014 ], [ -70.807807616995063, -33.256012328401823 ], [ -70.807805630474078, -33.256012787170903 ], [ -70.807803653784418, -33.256013274995546 ], [ -70.807801687528041, -33.256013791727156 ], [ -70.807799732303778, -33.256014337208384 ], [ -70.80779778870712, -33.256014911273098 ], [ -70.807795857329964, -33.256015513746469 ], [ -70.807793938760497, -33.256016144445027 ], [ -70.807792033583027, -33.256016803176678 ], [ -70.807790142377769, -33.256017489740799 ], [ -70.807788265720717, -33.256018203928328 ], [ -70.807786404183361, -33.256018945521717 ], [ -70.807784558332656, -33.256019714295157 ], [ -70.807782728730743, -33.256020510014501 ], [ -70.807780915934842, -33.256021332437406 ], [ -70.807779120497017, -33.256022181313426 ], [ -70.807777342964073, -33.256023056384009 ], [ -70.807775583877358, -33.256023957382673 ], [ -70.807773843772594, -33.256024884035014 ], [ -70.807772123179745, -33.256025836058832 ], [ -70.807770422622809, -33.256026813164176 ], [ -70.807768742619658, -33.256027815053478 ], [ -70.807767083681981, -33.256028841421596 ], [ -70.807765446314988, -33.256029891955983 ], [ -70.807763831017326, -33.256030966336667 ], [ -70.807762238280958, -33.256032064236479 ], [ -70.807760668590916, -33.25603318532103 ], [ -70.807759122425281, -33.256034329248891 ], [ -70.807757600254916, -33.256035495671725 ], [ -70.807756102543422, -33.256036684234246 ], [ -70.807754629746896, -33.256037894574511 ], [ -70.807753182313888, -33.256039126323891 ], [ -70.807751760685221, -33.256040379107276 ], [ -70.807750365293842, -33.256041652543132 ], [ -70.807748996564726, -33.25604294624361 ], [ -70.807747654914706, -33.256044259814736 ], [ -70.807746340752388, -33.256045592856474 ], [ -70.807593632288601, -33.256203275558249 ], [ -70.807584015821874, -33.256213051630851 ], [ -70.807574222586609, -33.256222703040841 ], [ -70.80756425487192, -33.256232227532223 ], [ -70.807554115007605, -33.256241622878719 ], [ -70.806338490151504, -33.257350812067806 ], [ -70.80589070263126, -33.257185899647226 ], [ -70.807394986157831, -33.255813330351494 ] ] ] ] } },
{ "type": "Feature", "properties": { "fid": 334, "Area": 4987.503 }, "geometry": { "type": "MultiPolygon", "coordinates": [ [ [ [ -70.805148240423222, -33.254392564368899 ], [ -70.805412603050115, -33.254388725475913 ], [ -70.805413087520719, -33.254390302469332 ], [ -70.805413604661027, -33.254391872121907 ], [ -70.805414154313638, -33.254393433955912 ], [ -70.805414736311278, -33.254394987495992 ], [ -70.805415350476807, -33.254396532269347 ], [ -70.80541599662331, -33.254398067805823 ], [ -70.805416674554124, -33.254399593638063 ], [ -70.805417384062949, -33.25440110930171 ], [ -70.805418124933837, -33.254402614335461 ], [ -70.805418896941305, -33.254404108281264 ], [ -70.80541969985039, -33.254405590684421 ], [ -70.805420533416736, -33.254407061093794 ], [ -70.805421397386638, -33.25440851906184 ], [ -70.805422291497166, -33.254409964144848 ], [ -70.805423215476182, -33.254411395902977 ], [ -70.805424169042496, -33.254412813900515 ], [ -70.805425151905879, -33.254414217705872 ], [ -70.805426163767194, -33.254415606891804 ], [ -70.805427204318505, -33.254416981035526 ], [ -70.805428273243109, -33.254418339718789 ], [ -70.805429370215663, -33.254419682528109 ], [ -70.805430494902339, -33.254421009054781 ], [ -70.805431646960827, -33.254422318895081 ], [ -70.805432826040487, -33.254423611650388 ], [ -70.805434031782482, -33.254424886927232 ], [ -70.805435263819845, -33.254426144337486 ], [ -70.805436521777622, -33.254427383498459 ], [ -70.805437805272931, -33.254428604033002 ], [ -70.805439113915142, -33.254429805569664 ], [ -70.805440447305998, -33.254430987742744 ], [ -70.805441805039663, -33.254432150192457 ], [ -70.805443186702917, -33.254433292565004 ], [ -70.805444591875258, -33.254434414512737 ], [ -70.805446020129025, -33.254435515694162 ], [ -70.80544747102951, -33.254436595774123 ], [ -70.805448944135151, -33.254437654423924 ], [ -70.805450438997624, -33.254438691321354 ], [ -70.805451955161942, -33.254439706150855 ], [ -70.805453492166691, -33.254440698603531 ], [ -70.805455049544051, -33.254441668377368 ], [ -70.80545662682006, -33.254442615177176 ], [ -70.805458223514663, -33.254443538714817 ], [ -70.805459839141918, -33.254444438709228 ], [ -70.805461473210116, -33.254445314886468 ], [ -70.805463125221905, -33.254446166979882 ], [ -70.805464794674521, -33.254446994730159 ], [ -70.805466481059867, -33.254447797885341 ], [ -70.80546818386469, -33.254448576200993 ], [ -70.806064020741545, -33.254732234684518 ], [ -70.80665986137852, -33.255015890168274 ], [ -70.806707608057394, -33.255039065810109 ], [ -70.806754886432756, -33.255062909554198 ], [ -70.806801683262449, -33.255087414722261 ], [ -70.806847985439163, -33.255112574450841 ], [ -70.806893779994112, -33.255138381693101 ], [ -70.806939054100624, -33.255164829220853 ], [ -70.806983795077755, -33.255191909626575 ], [ -70.807027990393905, -33.25521961532548 ], [ -70.807071627670197, -33.255247938557631 ], [ -70.807114694684074, -33.25527687139013 ], [ -70.807459011432243, -33.255512180857771 ], [ -70.807461158398638, -33.255513622696739 ], [ -70.807463334351553, -33.255515033528717 ], [ -70.807465538656658, -33.255516412942406 ], [ -70.807467770671366, -33.25551776053571 ], [ -70.807470029745048, -33.255519075915785 ], [ -70.807472315219144, -33.255520358699201 ], [ -70.807474626427407, -33.255521608511984 ], [ -70.8074769626961, -33.255522824989811 ], [ -70.807479323344182, -33.255524007778071 ], [ -70.807481707683493, -33.255525156531952 ], [ -70.807484115018966, -33.255526270916612 ], [ -70.807486544648853, -33.25552735060716 ], [ -70.807488995864873, -33.255528395288877 ], [ -70.807491467952474, -33.255529404657224 ], [ -70.807493960191039, -33.25553037841793 ], [ -70.807496471854009, -33.255531316287168 ], [ -70.807499002209241, -33.255532217991544 ], [ -70.807501550519092, -33.255533083268169 ], [ -70.807504116040704, -33.255533911864816 ], [ -70.807506698026202, -33.255534703539958 ], [ -70.807509295722923, -33.255535458062774 ], [ -70.80751190837357, -33.255536175213358 ], [ -70.807514535216555, -33.255536854782633 ], [ -70.807517175486126, -33.255537496572479 ], [ -70.807519828412595, -33.255538100395832 ], [ -70.807522493222635, -33.255538666076667 ], [ -70.807525169139382, -33.255539193450083 ], [ -70.807527855382816, -33.255539682362318 ], [ -70.807530551169833, -33.255540132670887 ], [ -70.807533255714617, -33.255540544244496 ], [ -70.80753596822872, -33.255540916963177 ], [ -70.807538687921451, -33.255541250718267 ], [ -70.807541413999957, -33.255541545412498 ], [ -70.807544145669596, -33.255541800959911 ], [ -70.807546882134005, -33.255542017286068 ], [ -70.807549622595502, -33.25554219432788 ], [ -70.807552366255209, -33.255542332033755 ], [ -70.807555112313324, -33.255542430363533 ], [ -70.807557859969336, -33.255542489288551 ], [ -70.80756060842225, -33.255542508791642 ], [ -70.807563356870901, -33.2555424888671 ], [ -70.807566104514038, -33.255542429520773 ], [ -70.807568850550723, -33.255542330769906 ], [ -70.807571594180459, -33.255542192643347 ], [ -70.80757433460343, -33.255542015181298 ], [ -70.807577071020773, -33.255541798435551 ], [ -70.807713587371993, -33.25579847612498 ], [ -70.807422191155581, -33.255771754861499 ], [ -70.807422704529458, -33.25577008276116 ], [ -70.807423183177292, -33.255768403405106 ], [ -70.807423626954034, -33.2557667173024 ], [ -70.80742403572512, -33.255765024964134 ], [ -70.807424409366703, -33.255763326903256 ], [ -70.807424747765509, -33.255761623634477 ], [ -70.807425050818949, -33.255759915674098 ], [ -70.807425318435179, -33.255758203539791 ], [ -70.807425550533097, -33.255756487750567 ], [ -70.807425747042316, -33.255754768826485 ], [ -70.807425907903308, -33.255753047288572 ], [ -70.807426033067316, -33.255751323658671 ], [ -70.807426122496381, -33.255749598459225 ], [ -70.807426176163403, -33.255747872213163 ], [ -70.807426194052127, -33.255746145443744 ], [ -70.807426176157122, -33.255744418674375 ], [ -70.807426122483818, -33.255742692428434 ], [ -70.8074260330485, -33.255740967229215 ], [ -70.807425907878255, -33.255739243599635 ], [ -70.807425747011052, -33.255737522062134 ], [ -70.807425550495637, -33.255735803138549 ], [ -70.80742531839158, -33.255734087349921 ], [ -70.807425050769226, -33.255732375216297 ], [ -70.807424747709732, -33.255730667256671 ], [ -70.807424409304929, -33.255728963988744 ], [ -70.807424035657405, -33.255727265928797 ], [ -70.807423626880421, -33.25572557359154 ], [ -70.807423183097896, -33.25572388748995 ], [ -70.807422704444321, -33.255722208135104 ], [ -70.807422191064788, -33.25572053603603 ], [ -70.807421643114949, -33.255718871699557 ], [ -70.807421060760859, -33.255717215630185 ], [ -70.807420444179058, -33.255715568329897 ], [ -70.807419793556434, -33.255713930298008 ], [ -70.807419109090191, -33.255712302030993 ], [ -70.807418390987834, -33.255710684022453 ], [ -70.807417639467005, -33.255709076762805 ], [ -70.807416854755502, -33.255707480739218 ], [ -70.807416037091201, -33.255705896435487 ], [ -70.80741518672194, -33.255704324331838 ], [ -70.80741430390546, -33.25570276490479 ], [ -70.807413388909396, -33.25570121862701 ], [ -70.807412442011056, -33.255699685967237 ], [ -70.807411463497488, -33.255698167390001 ], [ -70.807410453665284, -33.255696663355636 ], [ -70.807409412820547, -33.25569517432001 ], [ -70.807408341278759, -33.255693700734476 ], [ -70.807407239364721, -33.255692243045701 ], [ -70.807406107412447, -33.255690801695529 ], [ -70.807404945765057, -33.255689377120859 ], [ -70.807403754774654, -33.255687969753474 ], [ -70.807402534802236, -33.255686580020004 ], [ -70.807401286217612, -33.255685208341681 ], [ -70.807400009399217, -33.255683855134258 ], [ -70.807398704734112, -33.25568252080793 ], [ -70.807397372617743, -33.255681205767139 ], [ -70.807396013453882, -33.255679910410507 ], [ -70.807394627654517, -33.255678635130671 ], [ -70.807393215639692, -33.255677380314182 ], [ -70.807391777837438, -33.255676146341379 ], [ -70.807390314683573, -33.255674933586306 ], [ -70.807388826621562, -33.255673742416576 ], [ -70.807387314102485, -33.255672573193223 ], [ -70.807385777584798, -33.255671426270673 ], [ -70.807384217534235, -33.25567030199656 ], [ -70.807382634423689, -33.255669200711701 ], [ -70.806992795400689, -33.255402780825698 ], [ -70.806952253463635, -33.255375544342627 ], [ -70.806911174696651, -33.255348881718277 ], [ -70.806869570605713, -33.255322800420487 ], [ -70.806827452843905, -33.255297307754248 ], [ -70.806784833208141, -33.255272410859668 ], [ -70.806741723635881, -33.255248116710007 ], [ -70.806698136201774, -33.255224432109664 ], [ -70.80665408311431, -33.255201363692372 ], [ -70.806609576712304, -33.255178917919217 ], [ -70.80656462946159, -33.255157101076918 ], [ -70.805372950557199, -33.254589786252637 ], [ -70.805371179388942, -33.254588959837719 ], [ -70.805369391601829, -33.254588159081813 ], [ -70.805367587722358, -33.254587384220741 ], [ -70.805365768281831, -33.254586635482738 ], [ -70.805363933816082, -33.254585913088292 ], [ -70.805362084865422, -33.254585217250195 ], [ -70.805360221974382, -33.254584548173362 ], [ -70.805358345691644, -33.254583906054862 ], [ -70.805356456569783, -33.254583291083804 ], [ -70.805354555165209, -33.254582703441301 ], [ -70.805352642037917, -33.254582143300446 ], [ -70.805350717751324, -33.254581610826193 ], [ -70.805348782872244, -33.254581106175394 ], [ -70.805346837970461, -33.254580629496616 ], [ -70.805344883618829, -33.254580180930333 ], [ -70.805342920392917, -33.254579760608607 ], [ -70.805340948870949, -33.254579368655229 ], [ -70.805338969633581, -33.25457900518564 ], [ -70.805336983263743, -33.254578670306913 ], [ -70.805334990346424, -33.254578364117663 ], [ -70.805332991468617, -33.254578086708051 ], [ -70.805330987218994, -33.254577838159804 ], [ -70.805328978187887, -33.254577618546122 ], [ -70.805326964966966, -33.254577427931657 ], [ -70.805324948149163, -33.254577266372586 ], [ -70.805322928328479, -33.25457713391647 ], [ -70.80532090609978, -33.254577030602327 ], [ -70.805318882058671, -33.254576956460582 ], [ -70.805316856801255, -33.254576911513084 ], [ -70.805314830924019, -33.254576895773042 ], [ -70.805312805023604, -33.254576909245131 ], [ -70.805310779696697, -33.25457695192533 ], [ -70.805308755539798, -33.254577023801112 ], [ -70.805306733149052, -33.254577124851302 ], [ -70.80530471312008, -33.254577255046129 ], [ -70.805302696047832, -33.25457741434726 ], [ -70.805300682526394, -33.254577602707776 ], [ -70.805298673148741, -33.254577820072193 ], [ -70.805296668506728, -33.254578066376475 ], [ -70.805294669190715, -33.254578341548118 ], [ -70.805292675789559, -33.254578645506065 ], [ -70.805290688890352, -33.254578978160779 ], [ -70.805288709078297, -33.254579339414306 ], [ -70.805286736936452, -33.254579729160248 ], [ -70.805284773045656, -33.254580147283811 ], [ -70.805282817984349, -33.254580593661856 ], [ -70.805280872328282, -33.254581068162899 ], [ -70.805148240423222, -33.254392564368899 ], [ -70.805148240423222, -33.254392564368899 ] ] ] ] } },
{ "type": "Feature", "properties": { "fid": 335, "Area": 13169.657 }, "geometry": { "type": "MultiPolygon", "coordinates": [ [ [ [ -70.80589070263126, -33.257185899647226 ], [ -70.806338490151504, -33.257350812067806 ], [ -70.805604778281349, -33.258020263938938 ], [ -70.804818162179458, -33.258737970801086 ], [ -70.804758953129692, -33.258791992351675 ], [ -70.804750321687067, -33.258799989874248 ], [ -70.804741837373001, -33.258808097761424 ], [ -70.804733502186551, -33.25881631410288 ], [ -70.804725318091599, -33.258824636962785 ], [ -70.804080267049414, -33.25949096838864 ], [ -70.803794398149336, -33.259163468772158 ], [ -70.803796593233074, -33.259162092085809 ], [ -70.803798760118156, -33.259160684220795 ], [ -70.803800898177244, -33.259159245584733 ], [ -70.803803006791313, -33.259157776594115 ], [ -70.803805085349879, -33.259156277674251 ], [ -70.803807133251183, -33.259154749259132 ], [ -70.803809149902321, -33.259153191791221 ], [ -70.803811134719425, -33.259151605721463 ], [ -70.80381308712785, -33.259149991509062 ], [ -70.80381500656236, -33.259148349621334 ], [ -70.803816892467211, -33.259146680533647 ], [ -70.80381874429645, -33.25914498472924 ], [ -70.803820561513902, -33.259143262699062 ], [ -70.803822343593467, -33.259141514941689 ], [ -70.803824090019191, -33.259139741963132 ], [ -70.804387052899443, -33.258558207230436 ], [ -70.80438862679631, -33.258556606651275 ], [ -70.804390229750481, -33.25855502655741 ], [ -70.804391861384303, -33.258553467321143 ], [ -70.804393521313301, -33.258551929309874 ], [ -70.80589070263126, -33.257185899647226 ] ] ] ] } },
{ "type": "Feature", "properties": { "fid": 336, "Area": 6848.471 }, "geometry": { "type": "MultiPolygon", "coordinates": [ [ [ [ -70.812474748366824, -33.246139204194641 ], [ -70.812142083897768, -33.246796511406252 ], [ -70.812099507798408, -33.246877823571126 ], [ -70.812055397260579, -33.246958556200163 ], [ -70.812009763449069, -33.247038688851319 ], [ -70.811962617914432, -33.247118201234457 ], [ -70.811913972590119, -33.247197073216384 ], [ -70.811863839789439, -33.247275284826046 ], [ -70.811812232202413, -33.247352816259514 ], [ -70.811759162892628, -33.247429647885049 ], [ -70.811704645293858, -33.247505760248053 ], [ -70.811647251297558, -33.247583024127557 ], [ -70.811588361696849, -33.247659489310024 ], [ -70.811527992227354, -33.247735135358361 ], [ -70.811466159020341, -33.247809942054339 ], [ -70.811402878598415, -33.247883889403994 ], [ -70.811338167871099, -33.247956957643048 ], [ -70.811272044130362, -33.248029127242042 ], [ -70.811204525045937, -33.248100378911715 ], [ -70.811135628660665, -33.248170693608103 ], [ -70.811065373385603, -33.248240052537589 ], [ -70.810993777995165, -33.248308437161967 ], [ -70.810920861622108, -33.248375829203411 ], [ -70.810846643752342, -33.248442210649351 ], [ -70.810771144219814, -33.248507563757236 ], [ -70.810694383201167, -33.248571871059383 ], [ -70.810531066824169, -33.24870647544968 ], [ -70.810529611388716, -33.248707696089866 ], [ -70.810528181480279, -33.248708937847788 ], [ -70.810526777532829, -33.248710200346579 ], [ -70.810525399972391, -33.248711483203131 ], [ -70.810524049217037, -33.248712786028129 ], [ -70.810522725676663, -33.248714108426192 ], [ -70.810521429752953, -33.248715449996027 ], [ -70.810520161839179, -33.248716810330471 ], [ -70.810518922320114, -33.248718189016742 ], [ -70.810517711571919, -33.248719585636415 ], [ -70.810516529962015, -33.248720999765673 ], [ -70.810515377849001, -33.248722430975363 ], [ -70.810514255582504, -33.248723878831143 ], [ -70.810513163503117, -33.248725342893643 ], [ -70.810512101942251, -33.248726822718574 ], [ -70.810511071222052, -33.248728317856809 ], [ -70.810510071655315, -33.248729827854646 ], [ -70.8105091035454, -33.248731352253827 ], [ -70.8105081671861, -33.248732890591747 ], [ -70.810507262861563, -33.248734442401584 ], [ -70.810506390846228, -33.248736007212365 ], [ -70.810505551404745, -33.248737584549225 ], [ -70.810504744791842, -33.248739173933529 ], [ -70.810503971252331, -33.248740774882883 ], [ -70.810503231020945, -33.248742386911474 ], [ -70.810502524322331, -33.248744009530107 ], [ -70.81050185137093, -33.248745642246334 ], [ -70.810501212371008, -33.248747284564686 ], [ -70.81050060751646, -33.248748935986747 ], [ -70.810500036990845, -33.248750596011398 ], [ -70.810499500967325, -33.248752264134829 ], [ -70.810498999608541, -33.248753939850822 ], [ -70.810498533066664, -33.248755622650833 ], [ -70.810498101483262, -33.24875731202421 ], [ -70.810497704989331, -33.24875900745824 ], [ -70.810497343705165, -33.248760708438425 ], [ -70.810497017740445, -33.248762414448557 ], [ -70.810496727194078, -33.248764124970911 ], [ -70.810496472154242, -33.248765839486381 ], [ -70.810496252698343, -33.248767557474672 ], [ -70.810496068892945, -33.248769278414422 ], [ -70.810495920793869, -33.248771001783361 ], [ -70.810495808446049, -33.248772727058508 ], [ -70.810495731883591, -33.24877445371628 ], [ -70.810495691129702, -33.248776181232678 ], [ -70.810495686196788, -33.248777909083472 ], [ -70.810495717086326, -33.248779636744281 ], [ -70.810495783788951, -33.248781363690803 ], [ -70.810495886284428, -33.248783089398984 ], [ -70.810496024541649, -33.248784813345104 ], [ -70.810496198518663, -33.248786535006005 ], [ -70.810496408162649, -33.248788253859168 ], [ -70.810496653410027, -33.248789969383012 ], [ -70.810496934186347, -33.248791681056929 ], [ -70.810497250406428, -33.248793388361428 ], [ -70.810497601974276, -33.248795090778408 ], [ -70.810497988783212, -33.248796787791242 ], [ -70.810498410715866, -33.248798478884922 ], [ -70.810498867644185, -33.24880016354625 ], [ -70.8104993594295, -33.248801841263997 ], [ -70.810499885922582, -33.248803511528983 ], [ -70.810500446963644, -33.248805173834349 ], [ -70.810501042382455, -33.248806827675629 ], [ -70.810501671998267, -33.24880847255092 ], [ -70.810502335620072, -33.248810107961063 ], [ -70.810503033046444, -33.248811733409738 ], [ -70.810115213172381, -33.248932429406537 ], [ -70.810083785137209, -33.248847769918875 ], [ -70.810548231657151, -33.248464956882806 ], [ -70.810622813122549, -33.248402770738636 ], [ -70.810696176865704, -33.248339570244035 ], [ -70.810768303350741, -33.248275372231014 ], [ -70.810839173371349, -33.248210193797185 ], [ -70.810908768056024, -33.248144052301249 ], [ -70.810977068873015, -33.248076965358308 ], [ -70.811044057635286, -33.248008950835278 ], [ -70.811109716505399, -33.247940026845988 ], [ -70.811174028000167, -33.24787021174653 ], [ -70.811236974995367, -33.247799524130166 ], [ -70.811298540730334, -33.247727982822553 ], [ -70.811358708812364, -33.247655606876627 ], [ -70.811417463221076, -33.24758241556755 ], [ -70.811474788312708, -33.247508428387583 ], [ -70.811524658891159, -33.247441855361288 ], [ -70.811573362607206, -33.247374675201321 ], [ -70.811620888996345, -33.247306902345869 ], [ -70.811667227847167, -33.247238551360496 ], [ -70.811712369203534, -33.247169636934927 ], [ -70.811756303366749, -33.247100173879986 ], [ -70.811898552696661, -33.246846512947727 ], [ -70.812036166044038, -33.246591052929212 ], [ -70.812169111230816, -33.246333853635413 ], [ -70.812297357172682, -33.246074975283982 ], [ -70.812474748366611, -33.246139204195053 ], [ -70.812474748366824, -33.246139204194641 ] ] ] ] } },
{ "type": "Feature", "properties": { "fid": 337, "Area": 3053.376 }, "geometry": { "type": "MultiPolygon", "coordinates": [ [ [ [ -70.808597920199475, -33.248940417559083 ], [ -70.808376927255935, -33.24873831246304 ], [ -70.810078399669791, -33.248833262760215 ], [ -70.810115213172381, -33.248932429406537 ], [ -70.809862745891763, -33.249011000605563 ], [ -70.808597920199475, -33.248940417559083 ] ] ] ] } },
{ "type": "Feature", "properties": { "fid": 338, "Area": 4706.733 }, "geometry": { "type": "MultiPolygon", "coordinates": [ [ [ [ -70.809899679535548, -33.248999506401297 ], [ -70.810115213172381, -33.248932429406537 ], [ -70.810150338304865, -33.249027047757885 ], [ -70.810148504829144, -33.249027831785178 ], [ -70.810146687893166, -33.24902864254085 ], [ -70.810144888048754, -33.249029479778706 ], [ -70.810143105842585, -33.249030343244428 ], [ -70.810141341815978, -33.249031232675726 ], [ -70.810139596504698, -33.249032147802495 ], [ -70.810137870438865, -33.249033088346785 ], [ -70.810136164142719, -33.249034054022907 ], [ -70.810134478134515, -33.249035044537557 ], [ -70.810132812926355, -33.249036059589919 ], [ -70.810131169023975, -33.249037098871639 ], [ -70.810129546926717, -33.249038162067102 ], [ -70.810127947127242, -33.249039248853371 ], [ -70.810126370111448, -33.249040358900359 ], [ -70.810124816358339, -33.249041491870919 ], [ -70.810123286339817, -33.249042647420936 ], [ -70.810121780520589, -33.249043825199415 ], [ -70.810120299358033, -33.249045024848677 ], [ -70.809750012070694, -33.249350207664833 ], [ -70.809196125155339, -33.249806703456173 ], [ -70.80880951024524, -33.250125334854829 ], [ -70.80827193489452, -33.250568375647745 ], [ -70.808270495900317, -33.250569582182521 ], [ -70.808269081847712, -33.25057080935936 ], [ -70.808267693156083, -33.250572056814299 ], [ -70.808266330237274, -33.250573324177424 ], [ -70.80826499349547, -33.250574611072828 ], [ -70.808263683327127, -33.250575917118866 ], [ -70.808262400120782, -33.250577241928234 ], [ -70.808261144257045, -33.250578585107995 ], [ -70.808259916108298, -33.250579946259819 ], [ -70.808258716038836, -33.25058132498004 ], [ -70.80825754440454, -33.25058272085974 ], [ -70.808256401552882, -33.250584133484978 ], [ -70.808255287822803, -33.250585562436783 ], [ -70.808254203544593, -33.250587007291372 ], [ -70.808253149039842, -33.25058846762029 ], [ -70.808252124621276, -33.250589942990395 ], [ -70.808251130592694, -33.250591432964157 ], [ -70.8082501672489, -33.250592937099682 ], [ -70.808249234875632, -33.2505944549509 ], [ -70.808248333749347, -33.250595986067651 ], [ -70.808247464137324, -33.250597529995872 ], [ -70.808246626297489, -33.25059908627766 ], [ -70.808245820478263, -33.250600654451475 ], [ -70.808245046918699, -33.250602234052245 ], [ -70.808244305848163, -33.250603824611495 ], [ -70.808243597486438, -33.250605425657533 ], [ -70.808242922043647, -33.250607036715529 ], [ -70.808242279720062, -33.25060865730768 ], [ -70.808241670706195, -33.250610286953368 ], [ -70.80824109518268, -33.250611925169295 ], [ -70.808240553320175, -33.250613571469636 ], [ -70.808240045279405, -33.250615225366097 ], [ -70.808239571211033, -33.250616886368228 ], [ -70.808239131255647, -33.250618553983401 ], [ -70.808238725543731, -33.250620227717043 ], [ -70.808238354195623, -33.250621907072798 ], [ -70.808238017321443, -33.250623591552603 ], [ -70.808237715021107, -33.250625280656898 ], [ -70.808237447384258, -33.250626973884749 ], [ -70.808237214490276, -33.250628670733981 ], [ -70.808237016408256, -33.250630370701352 ], [ -70.808236853196902, -33.250632073282716 ], [ -70.808236724904646, -33.25063377797315 ], [ -70.808236631569542, -33.250635484267072 ], [ -70.808236573219261, -33.250637191658456 ], [ -70.808236549871125, -33.250638899640926 ], [ -70.808236561532041, -33.250640607707957 ], [ -70.808236608198555, -33.250642315352984 ], [ -70.808236689856841, -33.250644022069579 ], [ -70.808236806482682, -33.250645727351554 ], [ -70.807962698377409, -33.250598107265098 ], [ -70.808045252827768, -33.250527847619374 ], [ -70.808658376521024, -33.250022545375323 ], [ -70.809899679535548, -33.248999506401297 ] ] ] ] } },
{ "type": "Feature", "properties": { "fid": 339, "Area": 8667.667 }, "geometry": { "type": "MultiPolygon", "coordinates": [ [ [ [ -70.80541260305003, -33.254388725475664 ], [ -70.805148240423037, -33.254392564368636 ], [ -70.806129614244298, -33.252937382672087 ], [ -70.806664421127522, -33.252144347936408 ], [ -70.806867818598946, -33.251842737169092 ], [ -70.806934408554852, -33.251745969487764 ], [ -70.807002996213939, -33.251650191946631 ], [ -70.807073560721562, -33.251555433658275 ], [ -70.807146080622459, -33.251461723425351 ], [ -70.807220533867152, -33.251369089731853 ], [ -70.807296897818787, -33.251277560734472 ], [ -70.807375149259911, -33.251187164253977 ], [ -70.807455264399579, -33.25109792776685 ], [ -70.807537218880583, -33.251009878396879 ], [ -70.807620987786905, -33.25092304290694 ], [ -70.8077065456512, -33.250837447690856 ], [ -70.807784096350304, -33.250762407748184 ], [ -70.807863022022374, -33.250688386838533 ], [ -70.807943303700171, -33.25061540274703 ], [ -70.807956183572259, -33.250883611619464 ], [ -70.807954182445727, -33.250883807088108 ], [ -70.807952185580717, -33.250884031221901 ], [ -70.807950193558796, -33.250884283955564 ], [ -70.807948206960177, -33.250884565215486 ], [ -70.807946226363441, -33.250884874919763 ], [ -70.807944252345436, -33.250885212978176 ], [ -70.80794228548109, -33.250885579292287 ], [ -70.807940326343271, -33.250885973755381 ], [ -70.807938375502587, -33.250886396252582 ], [ -70.807936433527189, -33.250886846660855 ], [ -70.807934500982711, -33.250887324848989 ], [ -70.807932578432002, -33.250887830677726 ], [ -70.807930666434984, -33.250888363999742 ], [ -70.807928765548553, -33.250888924659698 ], [ -70.80792687632632, -33.250889512494318 ], [ -70.807924999318573, -33.250890127332376 ], [ -70.807923135071945, -33.250890768994815 ], [ -70.807921284129407, -33.25089143729474 ], [ -70.807919447030059, -33.250892132037521 ], [ -70.807917624308942, -33.250892853020808 ], [ -70.807915816496944, -33.250893600034594 ], [ -70.807914024120592, -33.250894372861339 ], [ -70.807912247701921, -33.25089517127595 ], [ -70.807910487758292, -33.25089599504588 ], [ -70.807908744802319, -33.250896843931201 ], [ -70.807907019341613, -33.25089771768468 ], [ -70.807905311878741, -33.250898616051849 ], [ -70.807903622910985, -33.250899538771044 ], [ -70.807901952930266, -33.25090048557351 ], [ -70.807900302422979, -33.250901456183513 ], [ -70.807898671869822, -33.250902450318357 ], [ -70.807897061745706, -33.250903467688495 ], [ -70.807895472519576, -33.250904507997603 ], [ -70.807893904654293, -33.250905570942727 ], [ -70.807892358606523, -33.250906656214234 ], [ -70.807890834826509, -33.25090776349608 ], [ -70.807889333758098, -33.250908892465752 ], [ -70.807887855838473, -33.250910042794423 ], [ -70.807886401498067, -33.250911214147081 ], [ -70.807884971160462, -33.25091240618255 ], [ -70.80788356524225, -33.250913618553653 ], [ -70.807882184152902, -33.2509148509073 ], [ -70.807880828294685, -33.250916102884545 ], [ -70.807879498062448, -33.250917374120768 ], [ -70.807806793335388, -33.250989148764496 ], [ -70.807735385205319, -33.251061836591887 ], [ -70.807665289919512, -33.251135421068014 ], [ -70.807596523426682, -33.251209885453889 ], [ -70.807529101373376, -33.251285212810352 ], [ -70.807463039100426, -33.251361386001882 ], [ -70.807057542586719, -33.25189085231515 ], [ -70.806831142874287, -33.252226354500657 ], [ -70.806626399262242, -33.252529959934719 ], [ -70.805865788688351, -33.253657815795535 ], [ -70.805423672364682, -33.254313384030915 ], [ -70.805422672312631, -33.254314897534137 ], [ -70.805421703851451, -33.254316425470883 ], [ -70.805420767276161, -33.254317967375705 ], [ -70.805419862872043, -33.254319522778935 ], [ -70.805418990914589, -33.254321091206791 ], [ -70.805418151669414, -33.254322672181523 ], [ -70.805417345392158, -33.254324265221513 ], [ -70.805416572328426, -33.25432586984153 ], [ -70.805415832713692, -33.254327485552807 ], [ -70.805415126773255, -33.254329111863157 ], [ -70.805414454722154, -33.254330748277198 ], [ -70.80541381676511, -33.254332394296476 ], [ -70.805413213096458, -33.254334049419583 ], [ -70.805412643900056, -33.254335713142368 ], [ -70.805412109349319, -33.254337384958021 ], [ -70.805411609607049, -33.254339064357325 ], [ -70.805411144825499, -33.254340750828682 ], [ -70.805410715146238, -33.254342443858391 ], [ -70.805410320700148, -33.254344142930762 ], [ -70.805409961607396, -33.254345847528214 ], [ -70.805409637977363, -33.25434755713151 ], [ -70.805409349908615, -33.254349271219908 ], [ -70.805409097488933, -33.254350989271252 ], [ -70.805408880795184, -33.254352710762255 ], [ -70.805408699893391, -33.254354435168466 ], [ -70.80540855483865, -33.254356161964665 ], [ -70.805408445675155, -33.25435789062486 ], [ -70.805408372436162, -33.254359620622452 ], [ -70.805408335143966, -33.254361351430461 ], [ -70.80540833380995, -33.254363082521699 ], [ -70.805408368434513, -33.254364813368852 ], [ -70.805408439007095, -33.254366543444675 ], [ -70.805408545506225, -33.254368272222166 ], [ -70.805408687899472, -33.254369999174735 ], [ -70.805408866143438, -33.254371723776323 ], [ -70.80540908018385, -33.254373445501621 ], [ -70.805409329955481, -33.254375163826154 ], [ -70.805409615382274, -33.254376878226516 ], [ -70.805409936377288, -33.254378588180465 ], [ -70.805410292842751, -33.254380293167152 ], [ -70.805410684670065, -33.254381992667213 ], [ -70.8054111117399, -33.254383686162974 ], [ -70.805411573922143, -33.254385373138554 ], [ -70.805412071076034, -33.254387053080116 ], [ -70.805412603050115, -33.254388725475913 ], [ -70.80541260305003, -33.254388725475664 ] ] ] ] } },
{ "type": "Feature", "properties": { "fid": 340, "Area": 4517.592 }, "geometry": { "type": "MultiPolygon", "coordinates": [ [ [ [ -70.805148240423222, -33.254392564368899 ], [ -70.805280872328282, -33.254581068162899 ], [ -70.805278913458309, -33.254581576853575 ], [ -70.80527696539869, -33.254582114050464 ], [ -70.805275028737057, -33.254582679591543 ], [ -70.805273104057548, -33.25458327330621 ], [ -70.805271191940761, -33.254583895015394 ], [ -70.805269292963445, -33.254584544531546 ], [ -70.805267407698395, -33.254585221658765 ], [ -70.805265536714288, -33.254585926192789 ], [ -70.805263680575493, -33.254586657921116 ], [ -70.80526183984189, -33.254587416623011 ], [ -70.805260015068711, -33.254588202069627 ], [ -70.805258206806386, -33.254589014024049 ], [ -70.80525641560034, -33.254589852241374 ], [ -70.805254641990885, -33.254590716468719 ], [ -70.805252886513017, -33.254591606445452 ], [ -70.805251149696232, -33.254592521903106 ], [ -70.805249432064457, -33.254593462565509 ], [ -70.805247734135747, -33.254594428148962 ], [ -70.80524605642232, -33.254595418362186 ], [ -70.805244399430194, -33.25459643290651 ], [ -70.805242763659223, -33.254597471475904 ], [ -70.805241149602779, -33.254598533757083 ], [ -70.80523955774774, -33.254599619429619 ], [ -70.805237988574291, -33.254600728166068 ], [ -70.805236442555724, -33.25460185963194 ], [ -70.805234920158412, -33.25460301348599 ], [ -70.805233421841535, -33.254604189380125 ], [ -70.80523194805707, -33.25460538695971 ], [ -70.805230499249575, -33.254606605863444 ], [ -70.805229075856033, -33.254607845723697 ], [ -70.80522767830584, -33.25460910616647 ], [ -70.80522630702049, -33.254610386811564 ], [ -70.805224962413689, -33.2546116872727 ], [ -70.805223644890987, -33.254613007157559 ], [ -70.805222354849789, -33.254614346068081 ], [ -70.805221092679247, -33.254615703600358 ], [ -70.805219858760083, -33.254617079344918 ], [ -70.805218653464465, -33.254618472886754 ], [ -70.805217477156006, -33.254619883805574 ], [ -70.805216330189481, -33.254621311675763 ], [ -70.805215212910895, -33.254622756066595 ], [ -70.805214125657244, -33.254624216542425 ], [ -70.805213068756487, -33.254625692662692 ], [ -70.805212042527458, -33.254627183982151 ], [ -70.804814039020243, -33.255217327800729 ], [ -70.804754551695055, -33.255307250365746 ], [ -70.804696834374639, -33.255397983563206 ], [ -70.804640902708314, -33.255489502800771 ], [ -70.804586771861636, -33.255581783272966 ], [ -70.80453445651213, -33.255674799967906 ], [ -70.804483970845439, -33.255768527674086 ], [ -70.804435328551364, -33.2558629409872 ], [ -70.804388542820234, -33.255958014317002 ], [ -70.804343626339289, -33.256053721894318 ], [ -70.804300591289191, -33.256150037777921 ], [ -70.804259449340805, -33.256246935861647 ], [ -70.80422021165198, -33.25634438988142 ], [ -70.804182888864503, -33.256442373422423 ], [ -70.804147491101233, -33.256540859926169 ], [ -70.803969236157613, -33.256474898389861 ], [ -70.804005410413481, -33.256375398992404 ], [ -70.804043501618125, -33.256276405877649 ], [ -70.804083499734347, -33.256177945113727 ], [ -70.804125394222879, -33.256080042628447 ], [ -70.804169174045185, -33.25598272420261 ], [ -70.804214827666385, -33.255886015463005 ], [ -70.804262343058269, -33.255789941875882 ], [ -70.804311707702524, -33.255694528740122 ], [ -70.80436290859393, -33.255599801180551 ], [ -70.804415932243941, -33.255505784141491 ], [ -70.804470764684126, -33.255412502379961 ], [ -70.804527391469875, -33.255319980459369 ], [ -70.804585797684226, -33.255228242742923 ], [ -70.804645967941838, -33.25513731338723 ], [ -70.805148240423222, -33.254392564368899 ] ] ] ] } },
{ "type": "Feature", "properties": { "fid": 341, "Area": 12288.877 }, "geometry": { "type": "MultiPolygon", "coordinates": [ [ [ [ -70.803392982191923, -33.258833863099348 ], [ -70.803860584755952, -33.256817061057419 ], [ -70.80388563571222, -33.256731055749903 ], [ -70.803912098010329, -33.256645349314489 ], [ -70.803939966598705, -33.256559958098691 ], [ -70.803969236157613, -33.256474898389861 ], [ -70.804147491101233, -33.256540859926169 ], [ -70.804112699567938, -33.256643883292817 ], [ -70.804080014502958, -33.25674739245693 ], [ -70.804049445513357, -33.256851357018206 ], [ -70.803582604002258, -33.258864895435131 ], [ -70.803563278969818, -33.258944590376942 ], [ -70.803542327052028, -33.259023994618353 ], [ -70.803541722462882, -33.259026286873478 ], [ -70.803541165325683, -33.259028587600227 ], [ -70.803540655808334, -33.259030896105315 ], [ -70.80354019406434, -33.259033211693115 ], [ -70.803539780232867, -33.259035533665838 ], [ -70.803539414438632, -33.259037861323812 ], [ -70.803539096791837, -33.259040193965646 ], [ -70.803538827388209, -33.259042530888394 ], [ -70.803538606308962, -33.259044871387879 ], [ -70.803538433620702, -33.25904721475883 ], [ -70.803538309375455, -33.259049560295075 ], [ -70.803538233610681, -33.25905190728988 ], [ -70.803538206349202, -33.259054255035977 ], [ -70.803538227599248, -33.2590566028259 ], [ -70.803538297354422, -33.259058949952198 ], [ -70.803538415593707, -33.259061295707582 ], [ -70.803538582281462, -33.25906363938519 ], [ -70.803538797367466, -33.259065980278798 ], [ -70.803539060786932, -33.259068317683031 ], [ -70.803539372460463, -33.259070650893506 ], [ -70.803539732294155, -33.259072979207176 ], [ -70.803540140179578, -33.259075301922408 ], [ -70.803540595993823, -33.259077618339319 ], [ -70.803541099599542, -33.259079927759863 ], [ -70.803541650844991, -33.259082229488158 ], [ -70.803542249564046, -33.25908452283057 ], [ -70.803542895576328, -33.259086807096068 ], [ -70.803543588687134, -33.259089081596308 ], [ -70.803544328687636, -33.259091345645899 ], [ -70.803545115354837, -33.259093598562615 ], [ -70.803545948451699, -33.259095839667566 ], [ -70.803546827727175, -33.259098068285411 ], [ -70.803547752916316, -33.259100283744608 ], [ -70.803548723740334, -33.259102485377547 ], [ -70.803549739906686, -33.259104672520792 ], [ -70.803550801109168, -33.259106844515308 ], [ -70.803551907028009, -33.259109000706566 ], [ -70.80355305732995, -33.259111140444851 ], [ -70.803554251668359, -33.259113263085361 ], [ -70.803555489683362, -33.259115367988471 ], [ -70.803556771001894, -33.25911745451991 ], [ -70.803558095237861, -33.259119522050923 ], [ -70.803559461992222, -33.259121569958502 ], [ -70.803560870853119, -33.259123597625504 ], [ -70.803562321396015, -33.259125604440968 ], [ -70.803563813183814, -33.259127589800116 ], [ -70.803565345766984, -33.259129553104735 ], [ -70.803566918683728, -33.259131493763178 ], [ -70.803568531460044, -33.259133411190668 ], [ -70.803570183609963, -33.259135304809426 ], [ -70.803571874635637, -33.25913717404881 ], [ -70.803573604027477, -33.259139018345572 ], [ -70.803575371264387, -33.259140837143953 ], [ -70.803577175813814, -33.259142629895869 ], [ -70.803579017132009, -33.259144396061117 ], [ -70.80358089466408, -33.259146135107493 ], [ -70.803582807844307, -33.259147846510928 ], [ -70.803584756096143, -33.259149529755753 ], [ -70.803586738832522, -33.259151184334712 ], [ -70.803588755455991, -33.259152809749239 ], [ -70.803590805358851, -33.259154405509527 ], [ -70.803592887923401, -33.259155971134732 ], [ -70.803595002522087, -33.259157506153052 ], [ -70.80359714851771, -33.259159010101953 ], [ -70.803599325263619, -33.259160482528209 ], [ -70.803601532103841, -33.259161922988163 ], [ -70.803603768373407, -33.259163331047723 ], [ -70.803606033398452, -33.259164706282618 ], [ -70.803608326496416, -33.259166048278402 ], [ -70.803610646976338, -33.259167356630712 ], [ -70.803612994138945, -33.25916863094529 ], [ -70.803615367276976, -33.259169870838122 ], [ -70.803617765675313, -33.259171075935591 ], [ -70.80362018861122, -33.259172245874552 ], [ -70.803622635354586, -33.259173380302492 ], [ -70.803625105168123, -33.259174478877533 ], [ -70.803627597307582, -33.25917554126864 ], [ -70.803630111021988, -33.259176567155698 ], [ -70.803632645553876, -33.259177556229531 ], [ -70.803635200139496, -33.259178508192115 ], [ -70.803637774009047, -33.259179422756588 ], [ -70.803640366386944, -33.259180299647369 ], [ -70.803642976492, -33.259181138600212 ], [ -70.803645603537703, -33.2591819393623 ], [ -70.803648246732422, -33.259182701692339 ], [ -70.803650905279682, -33.259183425360625 ], [ -70.803653578378331, -33.259184110149072 ], [ -70.803656265222898, -33.259184755851315 ], [ -70.80365896500372, -33.259185362272831 ], [ -70.803661676907254, -33.259185929230838 ], [ -70.803664400116332, -33.259186456554517 ], [ -70.803667133810322, -33.259186944084945 ], [ -70.803669877165476, -33.259187391675219 ], [ -70.803672629355091, -33.259187799190464 ], [ -70.80367538954988, -33.259188166507897 ], [ -70.803678156918068, -33.259188493516795 ], [ -70.80368093062576, -33.259188780118663 ], [ -70.803683709837088, -33.259189026227105 ], [ -70.803686493714636, -33.259189231767962 ], [ -70.803689281419494, -33.259189396679318 ], [ -70.803692072111616, -33.25918952091147 ], [ -70.803694864950074, -33.259189604426965 ], [ -70.803697659093274, -33.25918964720065 ], [ -70.80370045369925, -33.259189649219657 ], [ -70.803703247925881, -33.259189610483325 ], [ -70.803706040931161, -33.259189531003393 ], [ -70.803708831873465, -33.259189410803756 ], [ -70.803711619911766, -33.259189249920659 ], [ -70.80371440420592, -33.259189048402583 ], [ -70.80371718391693, -33.259188806310249 ], [ -70.803719958207182, -33.259188523716595 ], [ -70.80372272624065, -33.259188200706816 ], [ -70.803725487183243, -33.2591878373782 ], [ -70.803728240202972, -33.25918743384026 ], [ -70.803730984470278, -33.259186990214594 ], [ -70.803733719158188, -33.259186506634876 ], [ -70.803736443442645, -33.25918598324683 ], [ -70.803739156502729, -33.259185420208169 ], [ -70.80374185752089, -33.259184817688556 ], [ -70.803744545683216, -33.259184175869549 ], [ -70.803747220179673, -33.259183494944573 ], [ -70.803749880204322, -33.259182775118795 ], [ -70.803752524955613, -33.259182016609145 ], [ -70.803755153636573, -33.259181219644155 ], [ -70.803757765455103, -33.259180384464003 ], [ -70.80376035962415, -33.259179511320355 ], [ -70.803762935362016, -33.259178600476346 ], [ -70.80376549189252, -33.259177652206404 ], [ -70.803768028445276, -33.2591766667963 ], [ -70.803770544255954, -33.259175644542971 ], [ -70.803773038566447, -33.259174585754458 ], [ -70.803775510625101, -33.259173490749824 ], [ -70.803777959687025, -33.259172359859022 ], [ -70.803780385014235, -33.259171193422823 ], [ -70.803782785875853, -33.259169991792753 ], [ -70.803785161548447, -33.259168755330855 ], [ -70.803787511316131, -33.259167484409758 ], [ -70.803789834470834, -33.259166179412432 ], [ -70.803792130312516, -33.259164840732105 ], [ -70.803794398149336, -33.259163468772158 ], [ -70.804080267049414, -33.25949096838864 ], [ -70.803426179333584, -33.260166621209017 ], [ -70.802949276356287, -33.259952384095371 ], [ -70.802989439354633, -33.259881153087392 ], [ -70.803028134577062, -33.259809350922907 ], [ -70.803065350524136, -33.259736998946899 ], [ -70.803101076136301, -33.259664118667686 ], [ -70.803135300797067, -33.259590731750606 ], [ -70.803168014336237, -33.259516860011558 ], [ -70.803199207032918, -33.259442525410499 ], [ -70.803228869618337, -33.25936775004493 ], [ -70.803256993278723, -33.259292556143293 ], [ -70.803283569657765, -33.25921696605841 ], [ -70.803308590859217, -33.259141002260854 ], [ -70.803332049449168, -33.25906468733217 ], [ -70.803353938458301, -33.258988043958254 ], [ -70.803374251383943, -33.258911094922546 ], [ -70.803392982191923, -33.258833863099348 ] ] ] ] } },
{ "type": "Feature", "properties": { "fid": 342, "Area": 17094.311 }, "geometry": { "type": "MultiPolygon", "coordinates": [ [ [ [ -70.802724559002741, -33.260275517108333 ], [ -70.802737001824127, -33.260262435103407 ], [ -70.802749173786609, -33.260249174462935 ], [ -70.802761071257493, -33.260235739144662 ], [ -70.802772690686027, -33.260222133158472 ], [ -70.802784028604435, -33.260208360565166 ], [ -70.802795081628972, -33.260194425475277 ], [ -70.802805846460913, -33.260180332047852 ], [ -70.802816319887583, -33.260166084489143 ], [ -70.802826498783233, -33.260151687051454 ], [ -70.80283638011008, -33.260137144031788 ], [ -70.8028459609191, -33.260122459770635 ], [ -70.802881337925939, -33.260066172583159 ], [ -70.802915778630137, -33.260009477027403 ], [ -70.802949276356287, -33.259952384095371 ], [ -70.80342617933357, -33.260166621209017 ], [ -70.802386498690566, -33.261240552085454 ], [ -70.802127001154062, -33.261508592941901 ], [ -70.802117437562188, -33.26151831932075 ], [ -70.802107699011387, -33.261527922389661 ], [ -70.802097787753951, -33.261537399927597 ], [ -70.802087706082133, -33.261546749742585 ], [ -70.800601684473662, -33.262903981048922 ], [ -70.800292389827931, -33.262612612439085 ], [ -70.801732779608955, -33.261297125526902 ], [ -70.80174451006549, -33.261286247114668 ], [ -70.801756042165849, -33.261275220030953 ], [ -70.801767373240793, -33.261264046828231 ], [ -70.801778500667524, -33.261252730092743 ], [ -70.802724559002741, -33.260275517108333 ] ] ] ] } },
{ "type": "Feature", "properties": { "fid": 343, "Area": 10048.139 }, "geometry": { "type": "MultiPolygon", "coordinates": [ [ [ [ -70.800292389827931, -33.262612612439085 ], [ -70.800601684473662, -33.262903981048922 ], [ -70.799816003807777, -33.263621544871263 ], [ -70.799286735603943, -33.264104917449558 ], [ -70.799277031543355, -33.26411393513272 ], [ -70.79926751445754, -33.264123092370696 ], [ -70.79925818718975, -33.264132386427775 ], [ -70.799249052526548, -33.264141814527392 ], [ -70.799240113196959, -33.264151373852947 ], [ -70.798951199296056, -33.26446588181679 ], [ -70.798619431381013, -33.264190987544396 ], [ -70.798867891771181, -33.26391974343386 ], [ -70.798879595571279, -33.263907158017638 ], [ -70.798891517401643, -33.263894717870947 ], [ -70.798903654707715, -33.263882425659375 ], [ -70.79891600488871, -33.26387028401674 ], [ -70.798928565298311, -33.26385829554463 ], [ -70.798941333245082, -33.263846462811806 ], [ -70.800292389827931, -33.262612612439085 ] ] ] ] } },
{ "type": "Feature", "properties": { "fid": 344, "Area": 13136.739 }, "geometry": { "type": "MultiPolygon", "coordinates": [ [ [ [ -70.798619431381013, -33.264190987544396 ], [ -70.798951199296056, -33.26446588181679 ], [ -70.798219257859245, -33.265262651117006 ], [ -70.797562718029184, -33.265977324951798 ], [ -70.796964763166599, -33.266628213549694 ], [ -70.796592036744187, -33.266404214385531 ], [ -70.798619431381013, -33.264190987544396 ] ] ] ] } },
{ "type": "Feature", "properties": { "fid": 345, "Area": 11714.461 }, "geometry": { "type": "MultiPolygon", "coordinates": [ [ [ [ -70.796406158079549, -33.266606612613643 ], [ -70.796406159379202, -33.266606611267136 ], [ -70.796415280490265, -33.266597037774588 ], [ -70.796424256025929, -33.266587367671534 ], [ -70.796592036744187, -33.266404214385531 ], [ -70.796964763166599, -33.266628213549694 ], [ -70.79690724192892, -33.266690826190384 ], [ -70.796235062077614, -33.267393746803464 ], [ -70.795596482010922, -33.268055028515533 ], [ -70.795099348889224, -33.268569825875701 ], [ -70.79474449298533, -33.268328107957359 ], [ -70.796406158079549, -33.266606612613643 ] ] ] ] } },
{ "type": "Feature", "properties": { "fid": 346, "Area": 17849.685 }, "geometry": { "type": "MultiPolygon", "coordinates": [ [ [ [ -70.794352289338619, -33.268784527538251 ], [ -70.794354432217148, -33.268782267865845 ], [ -70.794356528188629, -33.268779977357092 ], [ -70.79435857662439, -33.268777656699051 ], [ -70.79436057690998, -33.268775306587827 ], [ -70.794362528445419, -33.268772927728307 ], [ -70.794364430645345, -33.268770520834053 ], [ -70.79436628293918, -33.26876808662702 ], [ -70.794368084771349, -33.268765625837332 ], [ -70.794369835601401, -33.268763139203116 ], [ -70.794371534904158, -33.268760627470257 ], [ -70.794373182169934, -33.268758091392137 ], [ -70.794374776904618, -33.268755531729454 ], [ -70.794376318629872, -33.268752949249993 ], [ -70.794377806883247, -33.268750344728375 ], [ -70.794379241218394, -33.268747718945825 ], [ -70.794380621205022, -33.268745072689946 ], [ -70.794381946429255, -33.268742406754498 ], [ -70.794383216493571, -33.26873972193912 ], [ -70.794384431017022, -33.268737019049112 ], [ -70.794385589635326, -33.268734298895247 ], [ -70.794386692000927, -33.268731562293425 ], [ -70.794387737783225, -33.268728810064474 ], [ -70.794388726668501, -33.268726043033944 ], [ -70.79438965836016, -33.268723262031813 ], [ -70.794390532578745, -33.26872046789223 ], [ -70.794391349062025, -33.268717661453323 ], [ -70.79439210756513, -33.268714843556872 ], [ -70.794392807860518, -33.268712015048095 ], [ -70.794393449738152, -33.268709176775438 ], [ -70.794394033005531, -33.268706329590223 ], [ -70.794394557487664, -33.268703474346466 ], [ -70.794395023027278, -33.268700611900606 ], [ -70.794395429484723, -33.268697743111233 ], [ -70.794395776738085, -33.268694868838843 ], [ -70.794396064683212, -33.268691989945587 ], [ -70.794396293233746, -33.268689107294982 ], [ -70.794396462321131, -33.268686221751672 ], [ -70.794396571894666, -33.268683334181205 ], [ -70.794396621921464, -33.268680445449689 ], [ -70.794396612386564, -33.268677556423597 ], [ -70.794396543292791, -33.268674667969513 ], [ -70.794396414660923, -33.268671780953802 ], [ -70.794396226529514, -33.26866889624246 ], [ -70.794395978955009, -33.268666014700749 ], [ -70.794395672011674, -33.268663137192974 ], [ -70.794395305791582, -33.268660264582252 ], [ -70.794394880404596, -33.268657397730216 ], [ -70.794394395978287, -33.268654537496822 ], [ -70.794393852658004, -33.268651684739943 ], [ -70.794393250606689, -33.268648840315294 ], [ -70.794392590004961, -33.26864600507605 ], [ -70.794391871050962, -33.268643179872662 ], [ -70.794391093960343, -33.268640365552528 ], [ -70.794390258966217, -33.268637562959817 ], [ -70.794389366318995, -33.268634772935165 ], [ -70.794388416286495, -33.26863199631542 ], [ -70.794387409153657, -33.268629233933467 ], [ -70.794386345222577, -33.268626486617869 ], [ -70.794385224812373, -33.268623755192678 ], [ -70.794384048259133, -33.268621040477164 ], [ -70.794382815915782, -33.268618343285652 ], [ -70.794381528151931, -33.268615664427138 ], [ -70.794380185353901, -33.268613004705166 ], [ -70.794378787924416, -33.268610364917478 ], [ -70.794377336282665, -33.268607745855924 ], [ -70.794375830864084, -33.268605148306058 ], [ -70.794374272120194, -33.268602573047048 ], [ -70.79437266051859, -33.268600020851309 ], [ -70.794370996542625, -33.268597492484396 ], [ -70.794369280691456, -33.268594988704685 ], [ -70.794367513479742, -33.268592510263183 ], [ -70.794365695437548, -33.268590057903296 ], [ -70.794363827110232, -33.268587632360607 ], [ -70.794361909058168, -33.268585234362668 ], [ -70.794359941856683, -33.268582864628762 ], [ -70.79435792609587, -33.268580523869659 ], [ -70.794355862380343, -33.26857821278751 ], [ -70.794353751329112, -33.268575932075485 ], [ -70.794351593575399, -33.268573682417717 ], [ -70.79434938976641, -33.268571464488964 ], [ -70.794347140563204, -33.268569278954516 ], [ -70.794344846640399, -33.268567126469897 ], [ -70.794342508686086, -33.268565007680778 ], [ -70.794340127401526, -33.268562923222667 ], [ -70.794337703501, -33.268560873720787 ], [ -70.794335237711536, -33.268558859789891 ], [ -70.794332730772766, -33.268556882034076 ], [ -70.794330183436657, -33.268554941046553 ], [ -70.794327596467255, -33.268553037409525 ], [ -70.794324970640545, -33.268551171693979 ], [ -70.794322306744135, -33.268549344459551 ], [ -70.794319605577058, -33.268547556254319 ], [ -70.794316867949547, -33.268545807614629 ], [ -70.794314094682733, -33.268544099064989 ], [ -70.794311286608462, -33.268542431117908 ], [ -70.794308444569026, -33.26854080427367 ], [ -70.794305569416892, -33.268539219020234 ], [ -70.794302662014459, -33.268537675833109 ], [ -70.794299723233792, -33.268536175175157 ], [ -70.794296753956388, -33.268534717496522 ], [ -70.7942937550729, -33.26853330323442 ], [ -70.794290727482803, -33.268531932813076 ], [ -70.794287672094242, -33.268530606643509 ], [ -70.794284589823675, -33.268529325123531 ], [ -70.794281481595647, -33.268528088637545 ], [ -70.793375999770475, -33.268175904952123 ], [ -70.793362072277489, -33.26817061072741 ], [ -70.793348037430931, -33.268165520498471 ], [ -70.793333899464486, -33.268160635800797 ], [ -70.793319662642901, -33.26815595810789 ], [ -70.793305331260783, -33.268151488830775 ], [ -70.793290909641229, -33.268147229317641 ], [ -70.79327640213458, -33.268143180853372 ], [ -70.793261813117084, -33.268139344659211 ], [ -70.793247146989557, -33.268135721892342 ], [ -70.793232408176067, -33.268132313645602 ], [ -70.793217601122649, -33.268129120947108 ], [ -70.793202730295889, -33.26812614475994 ], [ -70.793187800181585, -33.268123385981859 ], [ -70.793172815283484, -33.268120845445104 ], [ -70.793157780121803, -33.268118523916002 ], [ -70.793142699231922, -33.26811642209487 ], [ -70.793127577163062, -33.268114540615706 ], [ -70.793112418476809, -33.268112880046111 ], [ -70.793097227745847, -33.268111440886962 ], [ -70.793082009552464, -33.2681102235724 ], [ -70.793066768487279, -33.268109228469648 ], [ -70.793051509147787, -33.268108455878867 ], [ -70.793036236137013, -33.268107906033144 ], [ -70.793020954062101, -33.26810757909832 ], [ -70.79300566753291, -33.268107475173018 ], [ -70.792990381160664, -33.26810759428858 ], [ -70.792975099556543, -33.268107936409123 ], [ -70.792959827330264, -33.268108501431414 ], [ -70.792639698343564, -33.26812268562756 ], [ -70.792623309812654, -33.268123291913703 ], [ -70.792606911219224, -33.268123659018485 ], [ -70.792590507509473, -33.268123786831175 ], [ -70.792574103631168, -33.268123675313234 ], [ -70.792557704532143, -33.268123324498276 ], [ -70.792541315158743, -33.26812273449211 ], [ -70.792524940454413, -33.268121905472704 ], [ -70.792508585358178, -33.268120837690113 ], [ -70.79249225480315, -33.268119531466382 ], [ -70.792475953714984, -33.268117987195502 ], [ -70.79245968701052, -33.268116205343254 ], [ -70.7924434595962, -33.268114186447107 ], [ -70.792427276366595, -33.268111931115989 ], [ -70.792411142202965, -33.268109440030152 ], [ -70.792395061971746, -33.268106713940973 ], [ -70.792379040523173, -33.268103753670694 ], [ -70.792363082689661, -33.268100560112217 ], [ -70.792347193284513, -33.268097134228761 ], [ -70.792331377100339, -33.268093477053711 ], [ -70.792315638907652, -33.268089589690092 ], [ -70.792299983453503, -33.268085473310464 ], [ -70.792284415459946, -33.268081129156386 ], [ -70.79226893962263, -33.268076558538191 ], [ -70.792253560609453, -33.268071762834474 ], [ -70.792238283059064, -33.26806674349173 ], [ -70.79222311157956, -33.268061502023912 ], [ -70.792208050746964, -33.268056040011949 ], [ -70.792193105103991, -33.268050359103349 ], [ -70.791356330901024, -33.26772491019959 ], [ -70.790353213238177, -33.26733475407449 ], [ -70.790424218883174, -33.267253069277039 ], [ -70.791427875511232, -33.267643434736179 ], [ -70.792242711441318, -33.267960350991011 ], [ -70.792255788849673, -33.267965321774497 ], [ -70.792268967048386, -33.267970101023842 ], [ -70.792282242062655, -33.26797468729751 ], [ -70.792295609888427, -33.267979079212189 ], [ -70.792309066493658, -33.267983275443171 ], [ -70.792322607819557, -33.267987274724796 ], [ -70.792336229781725, -33.267991075850766 ], [ -70.792349928271491, -33.267994677674594 ], [ -70.792363699157093, -33.26799807910988 ], [ -70.792377538284867, -33.268001279130672 ], [ -70.79239144148066, -33.268004276771769 ], [ -70.792405404550919, -33.268007071129055 ], [ -70.792419423284073, -33.268009661359628 ], [ -70.792433493451753, -33.26801204668228 ], [ -70.792447610810044, -33.268014226377488 ], [ -70.792461771100832, -33.268016199787844 ], [ -70.792475970053061, -33.268017966318119 ], [ -70.792490203383963, -33.26801952543547 ], [ -70.792504466800452, -33.268020876669674 ], [ -70.79251875600032, -33.26802201961312 ], [ -70.792533066673641, -33.268022953921118 ], [ -70.792547394503956, -33.268023679311817 ], [ -70.79256173516967, -33.268024195566461 ], [ -70.792576084345257, -33.268024502529322 ], [ -70.792590437702728, -33.268024600107843 ], [ -70.792604790912733, -33.268024488272552 ], [ -70.792619139646021, -33.26802416705722 ], [ -70.792633479574661, -33.268023636558716 ], [ -70.792953608202296, -33.268009452390494 ], [ -70.792970929142172, -33.268008811573168 ], [ -70.792988260717834, -33.268008423559067 ], [ -70.793005597701196, -33.268008288465218 ], [ -70.793022934862535, -33.268008406332392 ], [ -70.793040266972071, -33.268008777125011 ], [ -70.793057588801531, -33.268009400731209 ], [ -70.793074895125784, -33.26801027696289 ], [ -70.793092180724358, -33.268011405555718 ], [ -70.793109440383006, -33.268012786169251 ], [ -70.793126668895368, -33.26801441838704 ], [ -70.793143861064394, -33.268016301716692 ], [ -70.793161011704058, -33.268018435590108 ], [ -70.793178115640856, -33.268020819363578 ], [ -70.793195167715339, -33.268023452318054 ], [ -70.793212162783732, -33.268026333659265 ], [ -70.793229095719454, -33.268029462518086 ], [ -70.793245961414627, -33.26803283795067 ], [ -70.793262754781722, -33.268036458938781 ], [ -70.793279470754939, -33.268040324390171 ], [ -70.793296104291912, -33.268044433138797 ], [ -70.793312650375071, -33.268048783945247 ], [ -70.793329104013267, -33.268053375497111 ], [ -70.793345460243202, -33.2680582064093 ], [ -70.793361714131009, -33.268063275224563 ], [ -70.793377860773617, -33.268068580413889 ], [ -70.793393895300383, -33.268074120376973 ], [ -70.793409812874415, -33.268079893442625 ], [ -70.793425608694136, -33.268085897869412 ], [ -70.794452095576219, -33.26848514524179 ], [ -70.794454393860519, -33.268486018808751 ], [ -70.794456709899066, -33.268486858634425 ], [ -70.79445904298997, -33.268487664464281 ], [ -70.794461392426186, -33.268488436054113 ], [ -70.794463757495677, -33.268489173170096 ], [ -70.794466137481692, -33.268489875588827 ], [ -70.794468531662957, -33.268490543097435 ], [ -70.794470939313896, -33.268491175493629 ], [ -70.794473359704838, -33.268491772585747 ], [ -70.79447579210229, -33.268492334192857 ], [ -70.794478235769091, -33.26849286014474 ], [ -70.794480689964644, -33.268493350282014 ], [ -70.794483153945194, -33.268493804456114 ], [ -70.794485626964018, -33.268494222529426 ], [ -70.794488108271636, -33.268494604375242 ], [ -70.794490597116067, -33.268494949877834 ], [ -70.794493092743053, -33.268495258932511 ], [ -70.794495594396281, -33.268495531445602 ], [ -70.7944981013176, -33.2684957673345 ], [ -70.794500612747242, -33.268495966527738 ], [ -70.794503127924116, -33.268496128964948 ], [ -70.79450564608598, -33.268496254596904 ], [ -70.794508166469683, -33.268496343385522 ], [ -70.794510688311391, -33.268496395303906 ], [ -70.794513210846858, -33.268496410336319 ], [ -70.79451573331157, -33.268496388478191 ], [ -70.794518254941096, -33.268496329736159 ], [ -70.794520774971247, -33.26849623412803 ], [ -70.794523292638303, -33.268496101682771 ], [ -70.794525807179255, -33.268495932440523 ], [ -70.794528317832047, -33.268495726452571 ], [ -70.7945308238358, -33.268495483781344 ], [ -70.794533324431058, -33.268495204500397 ], [ -70.794535818859984, -33.268494888694356 ], [ -70.794538306366647, -33.268494536458931 ], [ -70.794540786197146, -33.268494147900881 ], [ -70.794543257599997, -33.268493723137944 ], [ -70.794545719826175, -33.268493262298854 ], [ -70.79454817212951, -33.26849276552327 ], [ -70.794550613766802, -33.268492232961762 ], [ -70.794553043998079, -33.268491664775709 ], [ -70.794555462086862, -33.268491061137311 ], [ -70.794557867300313, -33.268490422229497 ], [ -70.794560258909513, -33.268489748245912 ], [ -70.794562636189681, -33.268489039390801 ], [ -70.794564998420356, -33.268488295878981 ], [ -70.794567344885621, -33.268487517935789 ], [ -70.79456967487441, -33.268486705797002 ], [ -70.794571987680541, -33.268485859708704 ], [ -70.794574282603122, -33.268484979927351 ], [ -70.794576558946687, -33.268484066719552 ], [ -70.794578816021343, -33.268483120362063 ], [ -70.794581053143062, -33.268482141141689 ], [ -70.79458326963389, -33.26848112935518 ], [ -70.794585464822092, -33.268480085309179 ], [ -70.794587638042373, -33.268479009320089 ], [ -70.794589788636159, -33.268477901713979 ], [ -70.794591915951671, -33.268476762826559 ], [ -70.794594019344217, -33.268475593002933 ], [ -70.794596098176342, -33.26847439259766 ], [ -70.794598151818064, -33.268473161974526 ], [ -70.794600179646991, -33.268471901506466 ], [ -70.79460218104856, -33.268470611575495 ], [ -70.794604155416252, -33.268469292572505 ], [ -70.794606102151718, -33.268467944897267 ], [ -70.794608020664981, -33.26846656895821 ], [ -70.794609910374618, -33.268465165172273 ], [ -70.794611770707945, -33.268463733964943 ], [ -70.794613601101176, -33.268462275769906 ], [ -70.794615400999589, -33.268460791029135 ], [ -70.79461716985773, -33.268459280192538 ], [ -70.794618907139494, -33.268457743718031 ], [ -70.794620612318425, -33.26845618207124 ], [ -70.794622284877747, -33.268454595725423 ], [ -70.794623924310571, -33.268452985161353 ], [ -70.794625530120044, -33.268451350867103 ], [ -70.79474449298533, -33.268328107957359 ], [ -70.795099348889224, -33.268569825875701 ], [ -70.795097790182396, -33.268571468729874 ], [ -70.795096265458028, -33.268573133936414 ], [ -70.795094775170284, -33.268574820999369 ], [ -70.795093319763012, -33.268576529416229 ], [ -70.795091899669757, -33.268578258678154 ], [ -70.795090515313447, -33.268580008270071 ], [ -70.795089167106426, -33.268581777670867 ], [ -70.795087855450276, -33.268583566353506 ], [ -70.795086580735685, -33.268585373785264 ], [ -70.795085343342322, -33.268587199427763 ], [ -70.795084143638718, -33.268589042737261 ], [ -70.795082981982262, -33.268590903164707 ], [ -70.795081858718916, -33.268592780155977 ], [ -70.795080774183262, -33.268594673152002 ], [ -70.795079728698326, -33.268596581588966 ], [ -70.795078722575525, -33.268598504898414 ], [ -70.795077756114523, -33.268600442507498 ], [ -70.795076829603175, -33.268602393839124 ], [ -70.795075943317471, -33.268604358312061 ], [ -70.795075097521377, -33.268606335341183 ], [ -70.795074292466836, -33.268608324337642 ], [ -70.795073528393615, -33.268610324709009 ], [ -70.795072805529301, -33.268612335859473 ], [ -70.795072124089202, -33.268614357190003 ], [ -70.795071484276306, -33.268616388098565 ], [ -70.795070886281167, -33.268618427980229 ], [ -70.795070330281916, -33.268620476227419 ], [ -70.795069816444141, -33.268622532230054 ], [ -70.795069344920904, -33.268624595375769 ], [ -70.795068915852653, -33.268626665050036 ], [ -70.7950685293672, -33.268628740636437 ], [ -70.795068185579623, -33.268630821516695 ], [ -70.79506788459237, -33.268632907071066 ], [ -70.795067626495083, -33.268634996678337 ], [ -70.795067411364613, -33.268637089716137 ], [ -70.795067239265066, -33.268639185561035 ], [ -70.795067110247714, -33.268641283588792 ], [ -70.795067024350942, -33.268643383174499 ], [ -70.795066981600385, -33.268645483692779 ], [ -70.795066982008763, -33.268647584518021 ], [ -70.79506702557596, -33.268649685024492 ], [ -70.795067112288976, -33.26865178458651 ], [ -70.79506724212203, -33.268653882578754 ], [ -70.795067415036414, -33.268655978376323 ], [ -70.795067630980668, -33.268658071354977 ], [ -70.795067889890447, -33.268660160891322 ], [ -70.795068191688642, -33.268662246362965 ], [ -70.79506853628537, -33.268664327148798 ], [ -70.795068923577986, -33.268666402629016 ], [ -70.795069353451169, -33.268668472185439 ], [ -70.795069825776835, -33.268670535201643 ], [ -70.795070340414341, -33.268672591063172 ], [ -70.795070897210394, -33.268674639157659 ], [ -70.795071495999125, -33.268676678875089 ], [ -70.795072136602244, -33.268678709607933 ], [ -70.795072818828913, -33.268680730751328 ], [ -70.795073542475933, -33.26868274170328 ], [ -70.795074307327781, -33.26868474186481 ], [ -70.795075113156614, -33.268686730640169 ], [ -70.795075959722467, -33.268688707437008 ], [ -70.795076846773156, -33.268690671666519 ], [ -70.795077774044472, -33.268692622743664 ], [ -70.795078741260255, -33.268694560087297 ], [ -70.795079748132409, -33.268696483120401 ], [ -70.795080794361027, -33.268698391270178 ], [ -70.795081879634495, -33.268700283968279 ], [ -70.795083014812164, -33.268702178923697 ], [ -70.795084189127749, -33.268704056973448 ], [ -70.795085402224615, -33.268705917547095 ], [ -70.795086653734316, -33.2687077600796 ], [ -70.795087943276783, -33.268709584011368 ], [ -70.795089270460352, -33.268711388788454 ], [ -70.795090634881973, -33.26871317386275 ], [ -70.795092036127258, -33.268714938692099 ], [ -70.795093473770635, -33.268716682740532 ], [ -70.795094947375503, -33.268718405478353 ], [ -70.795096456494278, -33.268720106382361 ], [ -70.795098000668702, -33.268721784935991 ], [ -70.795099579429746, -33.268723440629437 ], [ -70.795101192297949, -33.268725072959867 ], [ -70.795102838783464, -33.268726681431538 ], [ -70.795104518386253, -33.2687282655559 ], [ -70.795106230596218, -33.268729824851903 ], [ -70.795107974893341, -33.268731358845962 ], [ -70.795109750747883, -33.268732867072181 ], [ -70.795111557620487, -33.26873434907251 ], [ -70.795113394962414, -33.26873580439684 ], [ -70.795115262215631, -33.268737232603208 ], [ -70.795117158813056, -33.268738633257826 ], [ -70.795119084178694, -33.268740005935335 ], [ -70.795121037727768, -33.268741350218832 ], [ -70.795123018867002, -33.26874266570006 ], [ -70.795125026994697, -33.268743951979467 ], [ -70.795127061500978, -33.268745208666431 ], [ -70.795129121767957, -33.268746435379263 ], [ -70.795131207169888, -33.268747631745441 ], [ -70.795133317073464, -33.268748797401578 ], [ -70.795135450837876, -33.268749931993696 ], [ -70.795137607815079, -33.268751035177175 ], [ -70.795139787349996, -33.268752106616986 ], [ -70.795141988780671, -33.268753145987738 ], [ -70.79514421143854, -33.268754152973756 ], [ -70.795146454648545, -33.268755127269188 ], [ -70.795148717729433, -33.268756068578178 ], [ -70.795150999993851, -33.268756976614824 ], [ -70.795298704786688, -33.268814424971055 ], [ -70.795314780798137, -33.268821006723286 ], [ -70.795330719948524, -33.268827819321764 ], [ -70.795346517540793, -33.268834860758965 ], [ -70.795362168919667, -33.268842128959896 ], [ -70.795377669472941, -33.268849621782728 ], [ -70.795393014632836, -33.268857337019497 ], [ -70.795408199877386, -33.268865272396582 ], [ -70.79542322073172, -33.268873425575649 ], [ -70.795438072769414, -33.268881794154041 ], [ -70.79545275161378, -33.268890375665706 ], [ -70.79546725293919, -33.268899167581814 ], [ -70.795481572472298, -33.268908167311537 ], [ -70.795495705993361, -33.268917372202822 ], [ -70.79550964933739, -33.268926779543122 ], [ -70.79552339839546, -33.268936386560263 ], [ -70.795536949115913, -33.268946190423208 ], [ -70.795550297505528, -33.268956188242953 ], [ -70.795563439630698, -33.268966377073269 ], [ -70.795576371618566, -33.268976753911701 ], [ -70.79558908965825, -33.26898731570035 ], [ -70.795601590001851, -33.268998059326854 ], [ -70.795613868965674, -33.269008981625205 ], [ -70.795625922931222, -33.269020079376823 ], [ -70.795637748346294, -33.269031349311341 ], [ -70.795649341726076, -33.269042788107718 ], [ -70.795660699654093, -33.269054392395105 ], [ -70.795671818783234, -33.269066158753922 ], [ -70.795682695836788, -33.269078083716785 ], [ -70.795870163900815, -33.269292346733536 ], [ -70.795879309633705, -33.269301696257024 ], [ -70.795888647958051, -33.269310910458728 ], [ -70.795898176037085, -33.269319986539472 ], [ -70.795907890976338, -33.269328921742058 ], [ -70.795917789824585, -33.269337713352087 ], [ -70.79592786957474, -33.269346358698805 ], [ -70.795860939315077, -33.26941174986797 ], [ -70.795851201265492, -33.269422180631096 ], [ -70.795839949598559, -33.269412734082714 ], [ -70.79582888890792, -33.269403129698532 ], [ -70.795818022330621, -33.269393370202629 ], [ -70.795807352948714, -33.26938345836308 ], [ -70.795796883788285, -33.269373396991206 ], [ -70.795786617818635, -33.26936318894068 ], [ -70.795776557951427, -33.26935283710683 ], [ -70.795587968861099, -33.269137292588589 ], [ -70.795587921531293, -33.269137236205729 ], [ -70.795580796532391, -33.269128392756691 ], [ -70.795573492647833, -33.269119652896123 ], [ -70.795566012011392, -33.269111019177238 ], [ -70.795558356808456, -33.269102494122237 ], [ -70.795550529275417, -33.269094080221585 ], [ -70.795542531698999, -33.269085779933242 ], [ -70.795534366415637, -33.269077595682035 ], [ -70.795526035810695, -33.269069529858818 ], [ -70.795517542317882, -33.269061584819923 ], [ -70.795508888418468, -33.269053762886337 ], [ -70.795500076640593, -33.269046066343137 ], [ -70.795491109558498, -33.269038497438714 ], [ -70.795481989791796, -33.269031058384201 ], [ -70.79547272000471, -33.269023751352798 ], [ -70.795463302905318, -33.269016578479153 ], [ -70.795453741244657, -33.269009541858644 ], [ -70.795444037816026, -33.269002643546926 ], [ -70.795434195454192, -33.268995885559242 ], [ -70.795424217034437, -33.268989269869813 ], [ -70.795414105471792, -33.268982798411308 ], [ -70.795403863720225, -33.268976473074225 ], [ -70.795393494771687, -33.26897029570641 ], [ -70.795383001655352, -33.268964268112498 ], [ -70.795372387436572, -33.268958392053314 ], [ -70.795361655216141, -33.268952669245465 ], [ -70.795350808129342, -33.268947101360766 ], [ -70.795339849344913, -33.268941690025784 ], [ -70.795328782064331, -33.268936436821335 ], [ -70.795317609520723, -33.268931343282055 ], [ -70.795306334977937, -33.268926410895922 ], [ -70.795294961729667, -33.268921641103873 ], [ -70.795283493098395, -33.268917035299296 ], [ -70.795271932434503, -33.268912594827704 ], [ -70.79526028311524, -33.268908320986291 ], [ -70.795248548543739, -33.268904215023603 ], [ -70.795010434672918, -33.268811605171081 ], [ -70.795007285672725, -33.268810408268429 ], [ -70.795004112350824, -33.268809257588572 ], [ -70.795000915668581, -33.268808153480073 ], [ -70.794997696594478, -33.268807096277456 ], [ -70.794994456103723, -33.268806086301005 ], [ -70.794991195178042, -33.268805123856708 ], [ -70.79498791480539, -33.268804209236109 ], [ -70.794984615979544, -33.268803342716339 ], [ -70.794981299699884, -33.268802524559902 ], [ -70.79497796697116, -33.268801755014643 ], [ -70.794974618802996, -33.268801034313725 ], [ -70.794971256209749, -33.268800362675478 ], [ -70.794967880210137, -33.268799740303393 ], [ -70.794964491826946, -33.268799167386 ], [ -70.794961092086695, -33.268798644096883 ], [ -70.794957682019373, -33.268798170594572 ], [ -70.794954262658081, -33.268797747022518 ], [ -70.794950835038705, -33.268797373509038 ], [ -70.794947400199703, -33.268797050167301 ], [ -70.794943959181651, -33.268796777095261 ], [ -70.794940513027029, -33.268796554375641 ], [ -70.794937062779894, -33.268796382075919 ], [ -70.794933609485497, -33.268796260248315 ], [ -70.794930154190041, -33.268796188929706 ], [ -70.794926697940312, -33.268796168141726 ], [ -70.794923241783422, -33.268796197890644 ], [ -70.794919786766442, -33.268796278167457 ], [ -70.794916333936058, -33.268796408947864 ], [ -70.794912884338359, -33.268796590192224 ], [ -70.794909439018411, -33.268796821845648 ], [ -70.794905999019974, -33.268797103837926 ], [ -70.794902565385243, -33.268797436083652 ], [ -70.794899139154452, -33.268797818482156 ], [ -70.794895721365577, -33.268798250917591 ], [ -70.794892313054106, -33.268798733258947 ], [ -70.794888915252542, -33.268799265360123 ], [ -70.794885528990321, -33.268799847059881 ], [ -70.794882155293323, -33.268800478182001 ], [ -70.794878795183621, -33.268801158535275 ], [ -70.794875449679168, -33.268801887913618 ], [ -70.794872119793538, -33.268802666096008 ], [ -70.794868806535519, -33.268803492846757 ], [ -70.794865510908878, -33.268804367915337 ], [ -70.794862233912056, -33.268805291036657 ], [ -70.794858976537839, -33.268806261931054 ], [ -70.79485573977307, -33.268807280304408 ], [ -70.79485252459834, -33.268808345848178 ], [ -70.794849331987734, -33.268809458239566 ], [ -70.794846162908442, -33.268810617141526 ], [ -70.794843018320549, -33.268811822203006 ], [ -70.794839899176779, -33.268813073058908 ], [ -70.79483680642204, -33.268814369330286 ], [ -70.794833740993354, -33.268815710624416 ], [ -70.794830703819358, -33.268817096534953 ], [ -70.794827695820246, -33.268818526642022 ], [ -70.794824717907247, -33.268820000512363 ], [ -70.794821770982594, -33.268821517699458 ], [ -70.794818855939042, -33.268823077743662 ], [ -70.794815973659752, -33.268824680172358 ], [ -70.79481312501791, -33.268826324500083 ], [ -70.794810310876528, -33.268828010228674 ], [ -70.7948075320882, -33.268829736847415 ], [ -70.794804789494748, -33.268831503833226 ], [ -70.794802083927081, -33.268833310650805 ], [ -70.794799416204853, -33.268835156752743 ], [ -70.794796787136292, -33.268837041579751 ], [ -70.794794197517874, -33.268838964560807 ], [ -70.794791648134151, -33.268840925113366 ], [ -70.794789139757484, -33.268842922643437 ], [ -70.794786673147783, -33.268844956545841 ], [ -70.79478424905237, -33.268847026204412 ], [ -70.79478186820559, -33.26884913099213 ], [ -70.794779531328786, -33.268851270271362 ], [ -70.7947772391299, -33.268853443393951 ], [ -70.794774992303388, -33.268855649701571 ], [ -70.794772791529951, -33.268857888525801 ], [ -70.794442584672154, -33.269199820803586 ], [ -70.794440440948392, -33.269202080358248 ], [ -70.794438344135045, -33.269204370764974 ], [ -70.794436294861185, -33.269206691336606 ], [ -70.794434293741659, -33.269209041376911 ], [ -70.794432341376833, -33.269211420180852 ], [ -70.79443043835245, -33.26921382703469 ], [ -70.794428585239501, -33.269216261216378 ], [ -70.794426782593931, -33.26921872199555 ], [ -70.794425030956603, -33.269221208633951 ], [ -70.794423330853036, -33.26922372038554 ], [ -70.794421682793299, -33.269226256496722 ], [ -70.79442008727186, -33.269228816206613 ], [ -70.79441854476741, -33.269231398747237 ], [ -70.794417055742741, -33.26923400334379 ], [ -70.794415620644585, -33.269236629214831 ], [ -70.794414239903531, -33.269239275572545 ], [ -70.794412913933826, -33.269241941622958 ], [ -70.794411643133287, -33.269244626566184 ], [ -70.794410427883193, -33.269247329596716 ], [ -70.794409268548165, -33.269250049903569 ], [ -70.794408165476, -33.26925278667057 ], [ -70.794407118997682, -33.269255539076674 ], [ -70.794406129427173, -33.269258306296059 ], [ -70.794405197061366, -33.269261087498499 ], [ -70.79440432218, -33.269263881849604 ], [ -70.794403505045565, -33.269266688510982 ], [ -70.794402745903227, -33.269269506640576 ], [ -70.794402044980743, -33.269272335392877 ], [ -70.794401402488418, -33.269275173919226 ], [ -70.794400818619025, -33.269278021367967 ], [ -70.794400293547739, -33.269280876884814 ], [ -70.794399827432073, -33.269283739613059 ], [ -70.794399420411921, -33.269286608693811 ], [ -70.794399072609394, -33.269289483266284 ], [ -70.794398784128816, -33.269292362468043 ], [ -70.794398555056787, -33.269295245435245 ], [ -70.794398385462003, -33.269298131302982 ], [ -70.794398275395366, -33.269301019205372 ], [ -70.794398224889903, -33.269303908276015 ], [ -70.794398233960791, -33.269306797648099 ], [ -70.794398302605288, -33.269309686454775 ], [ -70.794398430802815, -33.269312573829318 ], [ -70.794398618514904, -33.269315458905467 ], [ -70.794398865685281, -33.269318340817605 ], [ -70.79439917223975, -33.26932121870113 ], [ -70.794399538086367, -33.269324091692589 ], [ -70.794399963115367, -33.269326958930023 ], [ -70.794400447199237, -33.269329819553178 ], [ -70.79440099019277, -33.269332672703833 ], [ -70.794401591933024, -33.26933551752596 ], [ -70.794402252239493, -33.269338353166056 ], [ -70.794402970914078, -33.269341178773352 ], [ -70.794403747741143, -33.269343993500108 ], [ -70.794404582487644, -33.269346796501836 ], [ -70.794405474903144, -33.269349586937587 ], [ -70.794406424719895, -33.269352363970157 ], [ -70.794407431652957, -33.269355126766371 ], [ -70.794408495400205, -33.269357874497324 ], [ -70.794409615642508, -33.269360606338637 ], [ -70.794410792043763, -33.269363321470699 ], [ -70.794412024251045, -33.269366019078895 ], [ -70.794413311894658, -33.269368698353887 ], [ -70.794414654588294, -33.269371358491838 ], [ -70.794416051929105, -33.269373998694618 ], [ -70.794417503497854, -33.269376618170142 ], [ -70.794419008859052, -33.269379216132492 ], [ -70.79442056756109, -33.269381791802225 ], [ -70.794422179136276, -33.269384344406539 ], [ -70.794423843101129, -33.269386873179656 ], [ -70.794425558956405, -33.269389377362835 ], [ -70.794427326187346, -33.269391856204784 ], [ -70.794429144263731, -33.269394308961793 ], [ -70.794431012640089, -33.269396734897974 ], [ -70.794432930755875, -33.269399133285489 ], [ -70.794434898035604, -33.269401503404765 ], [ -70.794436913889058, -33.269403844544726 ], [ -70.794438977711451, -33.269406156002944 ], [ -70.794441088883573, -33.269408437085957 ], [ -70.794443246772019, -33.269410687109371 ], [ -70.794445450729398, -33.26941290539812 ], [ -70.794447700094466, -33.269415091286682 ], [ -70.794449994192348, -33.269417244119218 ], [ -70.794452332334771, -33.269419363249852 ], [ -70.794454713820244, -33.269421448042785 ], [ -70.794457137934288, -33.269423497872531 ], [ -70.794459603949576, -33.269425512124073 ], [ -70.794462111126279, -33.26942749019311 ], [ -70.794464658712158, -33.269429431486174 ], [ -70.794467245942897, -33.269431335420819 ], [ -70.794469872042285, -33.269433201425826 ], [ -70.794472536222386, -33.269435028941359 ], [ -70.794475237683926, -33.269436817419106 ], [ -70.794477975616388, -33.269438566322471 ], [ -70.794480749198328, -33.269440275126762 ], [ -70.794483557597616, -33.269441943319286 ], [ -70.794486399971646, -33.269443570399567 ], [ -70.794489275467654, -33.269445155879417 ], [ -70.794492183222943, -33.269446699283158 ], [ -70.794495122365078, -33.269448200147735 ], [ -70.794498092012276, -33.269449658022857 ], [ -70.794501091273574, -33.269451072471121 ], [ -70.794504119249098, -33.269452443068168 ], [ -70.794507175030404, -33.26945376940278 ], [ -70.794510257700679, -33.26945505107701 ], [ -70.794513366335067, -33.269456287706369 ], [ -70.794776595641991, -33.269558666127267 ], [ -70.794790285108405, -33.26956387170241 ], [ -70.794804078320169, -33.269568880298756 ], [ -70.794817971261054, -33.269573690457911 ], [ -70.794831959885812, -33.269578300779287 ], [ -70.7948460401213, -33.269582709920499 ], [ -70.794860207867714, -33.269586916597675 ], [ -70.794874458999743, -33.269590919585973 ], [ -70.794888789367846, -33.269594717719805 ], [ -70.79490319479936, -33.269598309893254 ], [ -70.794917671099796, -33.269601695060373 ], [ -70.794932214054, -33.269604872235476 ], [ -70.794946819427423, -33.269607840493478 ], [ -70.794961482967338, -33.269610598970083 ], [ -70.794976200404079, -33.269613146862078 ], [ -70.794990967452321, -33.2696154834276 ], [ -70.795005779812215, -33.269617607986291 ], [ -70.795020633170793, -33.269619519919544 ], [ -70.795035523203097, -33.26962121867065 ], [ -70.795050445573523, -33.269622703744993 ], [ -70.795065395937044, -33.269623974710136 ], [ -70.79508036994045, -33.269625031196007 ], [ -70.795095363223695, -33.269625872895006 ], [ -70.795110371421089, -33.269626499562044 ], [ -70.795125390162625, -33.26962691101464 ], [ -70.795140415075167, -33.269627107133019 ], [ -70.795155441783848, -33.269627087860073 ], [ -70.795170465913273, -33.269626853201402 ], [ -70.795185483088744, -33.269626403225367 ], [ -70.795200488937624, -33.269625738062956 ], [ -70.795215479090601, -33.269624857907893 ], [ -70.795230449182881, -33.269623763016412 ], [ -70.795245394855542, -33.269622453707363 ], [ -70.795260311756763, -33.269620930361974 ], [ -70.795275195543113, -33.2696191934238 ], [ -70.795290041880804, -33.269617243398628 ], [ -70.795304846446925, -33.269615080854223 ], [ -70.795319604930768, -33.269612706420311 ], [ -70.795334313035013, -33.269610120788229 ], [ -70.795562908607707, -33.269568221031172 ], [ -70.795578040948598, -33.269565556225992 ], [ -70.795593223206794, -33.269563099938331 ], [ -70.795608451310812, -33.26956085282692 ], [ -70.795623721176952, -33.269558815494356 ], [ -70.795639028710269, -33.269556988486983 ], [ -70.79565436980576, -33.269555372294739 ], [ -70.795669740349396, -33.269553967351058 ], [ -70.795685136219205, -33.269552774032697 ], [ -70.795700553286537, -33.269551792659641 ], [ -70.795715987416969, -33.269551023495076 ], [ -70.79573143447152, -33.269550466745265 ], [ -70.795636436788797, -33.269652221517717 ], [ -70.795509200638449, -33.269764214100029 ], [ -70.795610568315183, -33.269661278744195 ], [ -70.795599307976531, -33.269663137100146 ], [ -70.795588079455257, -33.269665126677573 ], [ -70.795359483646408, -33.269707026488419 ], [ -70.795342803434977, -33.269709958810211 ], [ -70.795326066088506, -33.269712651615009 ], [ -70.795309276480566, -33.269715104118696 ], [ -70.795292439499917, -33.269717315607174 ], [ -70.795275560049134, -33.269719285436508 ], [ -70.795258643043141, -33.269721013033084 ], [ -70.795241693407775, -33.269722497893881 ], [ -70.795224716078465, -33.269723739586553 ], [ -70.7952077159986, -33.269724737749506 ], [ -70.795190698118247, -33.269725492092114 ], [ -70.795173667392675, -33.269726002394719 ], [ -70.795156628780859, -33.269726268508705 ], [ -70.795139587244051, -33.269726290356608 ], [ -70.795122547744427, -33.269726067932062 ], [ -70.795105515243506, -33.269725601299811 ], [ -70.795088494700778, -33.269724890595754 ], [ -70.795071491072292, -33.269723936026786 ], [ -70.795054509309139, -33.269722737870865 ], [ -70.795037554356014, -33.269721296476895 ], [ -70.795020631149882, -33.269719612264531 ], [ -70.795003744618398, -33.269717685724203 ], [ -70.794986899678548, -33.269715517416863 ], [ -70.794970101235236, -33.269713107973864 ], [ -70.794953354179796, -33.26971045809681 ], [ -70.794936663388626, -33.269707568557237 ], [ -70.794920033721695, -33.269704440196556 ], [ -70.794903470021225, -33.269701073925646 ], [ -70.79488697711021, -33.269697470724694 ], [ -70.794870559791008, -33.269693631642888 ], [ -70.794854222843966, -33.269689557798046 ], [ -70.794837971026084, -33.269685250376419 ], [ -70.794821809069504, -33.269680710632208 ], [ -70.794805741680221, -33.269675939887279 ], [ -70.794789773536706, -33.269670939530776 ], [ -70.794773909288523, -33.269665711018682 ], [ -70.794758153554994, -33.269660255873447 ], [ -70.794742510923797, -33.26965457568344 ], [ -70.794726985949723, -33.269648672102647 ], [ -70.794365888084258, -33.269508229202245 ], [ -70.794363608026529, -33.269507362413584 ], [ -70.794361310488753, -33.269506528832345 ], [ -70.794358996156276, -33.269505728707166 ], [ -70.794356665719363, -33.269504962276727 ], [ -70.794354319873193, -33.269504229769623 ], [ -70.794351959317453, -33.269503531404361 ], [ -70.794349584756262, -33.269502867389242 ], [ -70.794347196897903, -33.269502237922318 ], [ -70.79434479645461, -33.269501643191347 ], [ -70.794342384142411, -33.269501083373754 ], [ -70.794339960680844, -33.269500558636508 ], [ -70.794337526792773, -33.269500069136107 ], [ -70.794335083204174, -33.269499615018553 ], [ -70.79433263064395, -33.269499196419353 ], [ -70.794330169843619, -33.269498813463336 ], [ -70.794327701537199, -33.269498466264722 ], [ -70.794325226460927, -33.269498154927064 ], [ -70.794322745353099, -33.269497879543273 ], [ -70.794320258953732, -33.269497640195446 ], [ -70.794317768004518, -33.269497436955 ], [ -70.794315273248429, -33.269497269882535 ], [ -70.794312775429617, -33.269497139027919 ], [ -70.7943102752931, -33.269497044430153 ], [ -70.794307773584663, -33.269496986117467 ], [ -70.794305271050476, -33.269496964107255 ], [ -70.794302768437035, -33.269496978406089 ], [ -70.794300266490779, -33.269497029009678 ], [ -70.794297765958021, -33.269497115902965 ], [ -70.794295267584587, -33.269497239060001 ], [ -70.794292772115725, -33.269497398444074 ], [ -70.794290280295769, -33.269497594007603 ], [ -70.794287792867976, -33.269497825692305 ], [ -70.794285310574296, -33.269498093429043 ], [ -70.794282834155155, -33.269498397137966 ], [ -70.794280364349206, -33.269498736728501 ], [ -70.794277901893167, -33.269499112099304 ], [ -70.7942754475215, -33.269499523138485 ], [ -70.794273001966346, -33.26949996972337 ], [ -70.79427056595712, -33.269500451720774 ], [ -70.794268140220467, -33.269500968986939 ], [ -70.794265725479917, -33.269501521367566 ], [ -70.794263322455762, -33.269502108697893 ], [ -70.794260931864741, -33.269502730802728 ], [ -70.79425855441994, -33.269503387496513 ], [ -70.794256190830509, -33.269504078583374 ], [ -70.794253841801464, -33.269504803857167 ], [ -70.794251508033454, -33.269505563101568 ], [ -70.794249190222601, -33.269506356090062 ], [ -70.794246889060261, -33.269507182586189 ], [ -70.794244605232848, -33.269508042343382 ], [ -70.794242339421558, -33.269508935105193 ], [ -70.794240092302246, -33.269509860605325 ], [ -70.794237864545195, -33.269510818567746 ], [ -70.794235656814877, -33.269511808706689 ], [ -70.794233469769821, -33.269512830726818 ], [ -70.794231304062407, -33.26951388432331 ], [ -70.794229160338602, -33.269514969181856 ], [ -70.794227039237839, -33.269516084978889 ], [ -70.794224941392798, -33.269517231381606 ], [ -70.794222867429227, -33.269518408048015 ], [ -70.794220817965765, -33.269519614627178 ], [ -70.794218793613709, -33.269520850759164 ], [ -70.79421679497689, -33.269522116075294 ], [ -70.79421482265144, -33.269523410198133 ], [ -70.794212877225718, -33.269524732741651 ], [ -70.794210959279965, -33.269526083311391 ], [ -70.794209069386284, -33.269527461504488 ], [ -70.794207208108389, -33.269528866909859 ], [ -70.794205376001472, -33.269530299108297 ], [ -70.794203573612009, -33.269531757672603 ], [ -70.794201801477627, -33.269533242167725 ], [ -70.794200060126897, -33.26953475215084 ], [ -70.79419835007927, -33.269536287171583 ], [ -70.794196671844787, -33.269537846772074 ], [ -70.794195025924054, -33.269539430487121 ], [ -70.794193412808013, -33.26954103784432 ], [ -70.79419183297783, -33.269542668364238 ], [ -70.794190286904723, -33.269544321560517 ], [ -70.794188775049875, -33.269545996940039 ], [ -70.794187297864241, -33.269547694003073 ], [ -70.794185855788442, -33.269549412243435 ], [ -70.794184449252612, -33.269551151148583 ], [ -70.793740431320927, -33.269419755911613 ], [ -70.793741814115691, -33.269417980788489 ], [ -70.793743159875078, -33.269416185691895 ], [ -70.79374446819034, -33.269414371167009 ], [ -70.793745738664143, -33.269412537764964 ], [ -70.793746970910618, -33.269410686042619 ], [ -70.793748164555495, -33.269408816562333 ], [ -70.793749319236269, -33.269406929891915 ], [ -70.793750434602245, -33.269405026604382 ], [ -70.79375151031465, -33.269403107277782 ], [ -70.793752546046804, -33.269401172495051 ], [ -70.793753541484108, -33.26939922284383 ], [ -70.793754496324254, -33.269397258916264 ], [ -70.793755410277242, -33.269395281308825 ], [ -70.793756283065477, -33.269393290622133 ], [ -70.793757114423897, -33.269391287460806 ], [ -70.793757904100005, -33.269389272433237 ], [ -70.793758651853949, -33.269387246151432 ], [ -70.793759357458654, -33.269385209230798 ], [ -70.793760020699779, -33.269383162289998 ], [ -70.793760641375926, -33.269381105950679 ], [ -70.793761219298588, -33.269379040837443 ], [ -70.793761754292234, -33.269376967577458 ], [ -70.793762246194362, -33.269374886800449 ], [ -70.793762694855587, -33.269372799138338 ], [ -70.793763100139657, -33.269370705225221 ], [ -70.793763461923476, -33.269368605697032 ], [ -70.793763780097166, -33.269366501191435 ], [ -70.793764054564122, -33.269364392347633 ], [ -70.793764285240925, -33.269362279806053 ], [ -70.793764472057575, -33.269360164208379 ], [ -70.793764614957311, -33.269358046197134 ], [ -70.793764713896749, -33.269355926415571 ], [ -70.793764768845818, -33.269353805507514 ], [ -70.793764779787878, -33.269351684117133 ], [ -70.793764746719546, -33.269349562888721 ], [ -70.793764669650912, -33.269347442466518 ], [ -70.793764548605381, -33.269345323494548 ], [ -70.793764383619717, -33.269343206616377 ], [ -70.793764174744027, -33.269341092474924 ], [ -70.793763922041734, -33.269338981712302 ], [ -70.793763625589648, -33.269336874969582 ], [ -70.793763285477752, -33.269334772886609 ], [ -70.793762901809373, -33.26933267610184 ], [ -70.793762474701026, -33.269330585252078 ], [ -70.79376200428247, -33.269328500972371 ], [ -70.793761490696539, -33.269326423895727 ], [ -70.793760934099254, -33.269324354653008 ], [ -70.793760334659623, -33.269322293872655 ], [ -70.79375969255976, -33.269320242180598 ], [ -70.793759007994637, -33.269318200199933 ], [ -70.793758281172217, -33.269316168550858 ], [ -70.793757512313221, -33.26931414785043 ], [ -70.793756701651162, -33.269312138712351 ], [ -70.793755849432273, -33.269310141746843 ], [ -70.793754955915389, -33.269308157560388 ], [ -70.793754021371868, -33.269306186755649 ], [ -70.793753046085584, -33.269304229931173 ], [ -70.793752030352707, -33.269302287681306 ], [ -70.793750974481767, -33.269300360595906 ], [ -70.793749878793449, -33.269298449260276 ], [ -70.793748743620498, -33.269296554254915 ], [ -70.793747569307726, -33.26929467615539 ], [ -70.793746356211798, -33.269292815532076 ], [ -70.793745104701117, -33.269290972950088 ], [ -70.793743815155807, -33.269289148969058 ], [ -70.793742487967549, -33.269287344142953 ], [ -70.793741123539405, -33.269285559019913 ], [ -70.793739722285778, -33.269283794142133 ], [ -70.793738284632255, -33.269282050045611 ], [ -70.793736811015492, -33.269280327260091 ], [ -70.793735301883046, -33.269278626308768 ], [ -70.793733757693246, -33.269276947708271 ], [ -70.793732178915121, -33.269275291968427 ], [ -70.79373056602816, -33.269273659592095 ], [ -70.793728919522209, -33.269272051075056 ], [ -70.793727239897351, -33.269270466905837 ], [ -70.793725527663725, -33.269268907565589 ], [ -70.793723783341363, -33.26926737352791 ], [ -70.793722007460019, -33.269265865258703 ], [ -70.793720200559093, -33.269264383216054 ], [ -70.793718363187367, -33.269262927850093 ], [ -70.793716495902856, -33.269261499602827 ], [ -70.793714599272718, -33.26926009890802 ], [ -70.793712673872975, -33.269258726191133 ], [ -70.793710720288388, -33.269257381869039 ], [ -70.793708739112319, -33.269256066350046 ], [ -70.793706730946454, -33.269254780033698 ], [ -70.793704696400738, -33.269253523310674 ], [ -70.793702636093087, -33.269252296562655 ], [ -70.793700550649234, -33.269251100162215 ], [ -70.793698440702585, -33.269249934472739 ], [ -70.793696306893949, -33.269248799848256 ], [ -70.793694149871385, -33.269247696633364 ], [ -70.793691970290055, -33.269246625163127 ], [ -70.793689768811888, -33.269245585762974 ], [ -70.793687546105545, -33.269244578748591 ], [ -70.793685302846086, -33.269243604425824 ], [ -70.793683039714807, -33.269242663090573 ], [ -70.793680757399088, -33.269241755028766 ], [ -70.792877122761254, -33.268929183022657 ], [ -70.792861720076175, -33.268923057509596 ], [ -70.792846444058938, -33.268916712106346 ], [ -70.792831299157569, -33.268910148660552 ], [ -70.792816289782024, -33.268903369083368 ], [ -70.792801420302723, -33.268896375348916 ], [ -70.792786695049358, -33.268889169493626 ], [ -70.792772118309628, -33.268881753615702 ], [ -70.792757694328003, -33.268874129874526 ], [ -70.79274342730443, -33.268866300489982 ], [ -70.792729321393196, -33.268858267741862 ], [ -70.792715380701623, -33.268850033969109 ], [ -70.792701609288955, -33.268841601569299 ], [ -70.79268801116514, -33.268832972997764 ], [ -70.792674590289636, -33.268824150766989 ], [ -70.792661350570341, -33.268815137445841 ], [ -70.792648295862321, -33.268805935658818 ], [ -70.79263542996685, -33.268796548085334 ], [ -70.792622756630138, -33.268786977458852 ], [ -70.792610279542416, -33.268777226566179 ], [ -70.792598002336675, -33.268767298246559 ], [ -70.792585928587755, -33.26875719539094 ], [ -70.792574061811223, -33.268746920941105 ], [ -70.792562405462419, -33.268736477888723 ], [ -70.792550962935351, -33.268725869274654 ], [ -70.792539737561782, -33.268715098187918 ], [ -70.792528732610279, -33.268704167764817 ], [ -70.792517951285163, -33.268693081188097 ], [ -70.792507396725668, -33.268681841685961 ], [ -70.792497072005006, -33.26867045253109 ], [ -70.792486980129425, -33.268658917039808 ], [ -70.792477124037404, -33.268647238571042 ], [ -70.792467506598726, -33.268635420525264 ], [ -70.792458130613738, -33.268623466343698 ], [ -70.792448998812404, -33.268611379507142 ], [ -70.792440113853644, -33.268599163535043 ], [ -70.79243147832446, -33.268586821984442 ], [ -70.792423094739263, -33.26857435844893 ], [ -70.792414965539038, -33.268561776557625 ], [ -70.792305114777207, -33.268388243302454 ], [ -70.792298390822481, -33.268377836490139 ], [ -70.792291456465705, -33.268367527572238 ], [ -70.792284313726, -33.268357319550361 ], [ -70.792276964683154, -33.268347215396702 ], [ -70.792269411477008, -33.268337218053276 ], [ -70.792261656306863, -33.268327330430928 ], [ -70.792253701430823, -33.268317555408586 ], [ -70.792245549165116, -33.2683078958324 ], [ -70.792237201883452, -33.268298354514897 ], [ -70.792228662016328, -33.268288934234135 ], [ -70.792219932050315, -33.268279637733023 ], [ -70.792211014527297, -33.268270467718317 ], [ -70.792201912043822, -33.268261426860001 ], [ -70.792192627250245, -33.268252517790494 ], [ -70.792183162850009, -33.268243743103739 ], [ -70.792173521598855, -33.268235105354648 ], [ -70.792163706304038, -33.268226607058196 ], [ -70.792153719823432, -33.268218250688804 ], [ -70.792143565064805, -33.268210038679506 ], [ -70.792133244984868, -33.268201973421384 ], [ -70.792122762588505, -33.268194057262711 ], [ -70.792112120927868, -33.26818629250841 ], [ -70.792101323101434, -33.268178681419265 ], [ -70.792090372253156, -33.268171226211386 ], [ -70.792079271571581, -33.268163929055419 ], [ -70.792068024288852, -33.268156792076049 ], [ -70.792056633679763, -33.268149817351294 ], [ -70.792045103060886, -33.268143006911934 ], [ -70.79203343578952, -33.268136362740925 ], [ -70.792021635262813, -33.268129886772783 ], [ -70.792009704916623, -33.268123580893125 ], [ -70.791997648224651, -33.268117446937914 ], [ -70.791985468697376, -33.268111486693194 ], [ -70.791973169881061, -33.268105701894321 ], [ -70.791960755356655, -33.268100094225645 ], [ -70.791948228738846, -33.2680946653199 ], [ -70.791935593674907, -33.268089416757782 ], [ -70.79192285384373, -33.26808435006749 ], [ -70.791265296817286, -33.26782858013032 ], [ -70.790262888240221, -33.267438663558472 ], [ -70.790333892868333, -33.267356980169254 ], [ -70.791336840389931, -33.267747106086823 ], [ -70.79197246376026, -33.267994344384455 ], [ -70.791987024541058, -33.268000135274292 ], [ -70.792001465580242, -33.268006134031523 ], [ -70.79201578267309, -33.268012338909529 ], [ -70.79202997165099, -33.26801874810171 ], [ -70.792044028382634, -33.268025359741948 ], [ -70.792057948775238, -33.268032171905169 ], [ -70.792071728775682, -33.268039182607929 ], [ -70.792085364371715, -33.268046389809008 ], [ -70.792098851593153, -33.268053791409891 ], [ -70.792112186512966, -33.26806138525555 ], [ -70.792125365248538, -33.268069169134925 ], [ -70.792138383962666, -33.268077140781664 ], [ -70.792151238864761, -33.268085297874727 ], [ -70.792163926211913, -33.268093638039034 ], [ -70.792176442309994, -33.268102158846261 ], [ -70.79218878351476, -33.268110857815479 ], [ -70.792200946232853, -33.268119732413872 ], [ -70.792212926922915, -33.268128780057495 ], [ -70.792224722096535, -33.268137998111989 ], [ -70.792236328319362, -33.2681473838934 ], [ -70.792247742212027, -33.268156934668951 ], [ -70.792258960451207, -33.268166647657814 ], [ -70.792269979770452, -33.268176520031908 ], [ -70.792280796961307, -33.268186548916773 ], [ -70.792291408874163, -33.268196731392365 ], [ -70.792301812419112, -33.268207064493915 ], [ -70.792312004566966, -33.268217545212806 ], [ -70.792321982350074, -33.268228170497423 ], [ -70.792331742863212, -33.268238937254104 ], [ -70.792341283264349, -33.26824984234792 ], [ -70.792350600775649, -33.268260882603734 ], [ -70.792359692684073, -33.268272054806999 ], [ -70.792368556342311, -33.268283355704774 ], [ -70.792377189169486, -33.26829478200667 ], [ -70.792385588651968, -33.268306330385727 ], [ -70.792393752343997, -33.268317997479478 ], [ -70.792401677868554, -33.268329779890891 ], [ -70.79240936291788, -33.26834167418933 ], [ -70.792519214217322, -33.268515207977984 ], [ -70.792526382338735, -33.268526302349144 ], [ -70.792533774769566, -33.268537292357209 ], [ -70.792541389357382, -33.26854817480212 ], [ -70.792549223885047, -33.268558946515149 ], [ -70.792557276071406, -33.268569604359797 ], [ -70.792565543571882, -33.268580145232718 ], [ -70.792574023979256, -33.268590566064638 ], [ -70.792582714824263, -33.268600863821227 ], [ -70.792591613576391, -33.26861103550398 ], [ -70.792600717644561, -33.268621078151128 ], [ -70.792610024377922, -33.268630988838446 ], [ -70.79261953106662, -33.26864076468015 ], [ -70.792629234942552, -33.268650402829707 ], [ -70.792639133180202, -33.268659900480706 ], [ -70.792649222897467, -33.268669254867604 ], [ -70.792659501156507, -33.268678463266582 ], [ -70.792669964964503, -33.268687522996352 ], [ -70.79268061127469, -33.26869643141891 ], [ -70.792691436987127, -33.268705185940277 ], [ -70.792702438949604, -33.268713784011339 ], [ -70.792713613958625, -33.268722223128492 ], [ -70.792724958760303, -33.268730500834423 ], [ -70.792736470051267, -33.268738614718835 ], [ -70.792748144479717, -33.268746562419118 ], [ -70.79275997864633, -33.268754341621076 ], [ -70.792771969105232, -33.26876195005952 ], [ -70.792784112365098, -33.268769385519064 ], [ -70.792796404890041, -33.268776645834606 ], [ -70.792808843100786, -33.26878372889211 ], [ -70.792821423375557, -33.268790632629113 ], [ -70.792834142051277, -33.268797355035368 ], [ -70.792846995424512, -33.268803894153478 ], [ -70.79285997975262, -33.268810248079326 ], [ -70.792873091254862, -33.268816414962799 ], [ -70.79288632611339, -33.268822393008222 ], [ -70.79289968047452, -33.268828180474898 ], [ -70.792913150449721, -33.268833775677606 ], [ -70.792926732116769, -33.26883917698715 ], [ -70.793784714218447, -33.269172887019536 ], [ -70.793787862862501, -33.26917408382171 ], [ -70.79379103582383, -33.269175234411556 ], [ -70.793794232141366, -33.269176338440559 ], [ -70.793797450846981, -33.269177395574346 ], [ -70.793800690965767, -33.269178405492674 ], [ -70.79380395151631, -33.269179367889684 ], [ -70.793807231511025, -33.269180282473876 ], [ -70.793810529956431, -33.269181148968222 ], [ -70.793813845853435, -33.269181967110264 ], [ -70.793817178197699, -33.269182736652198 ], [ -70.793820525979896, -33.269183457360924 ], [ -70.793823888185983, -33.269184129018157 ], [ -70.793827263797596, -33.269184751420482 ], [ -70.793830651792277, -33.269185324379322 ], [ -70.793834051143861, -33.269185847721182 ], [ -70.793837460822672, -33.269186321287535 ], [ -70.793840879795965, -33.26918674493492 ], [ -70.793844307028181, -33.269187118535044 ], [ -70.793847741481216, -33.269187441974744 ], [ -70.793851182114821, -33.269187715156029 ], [ -70.79385462788683, -33.269187937996193 ], [ -70.793858077753569, -33.269188110427699 ], [ -70.7938615306701, -33.269188232398356 ], [ -70.79386498559056, -33.269188303871196 ], [ -70.79386844146849, -33.269188324824583 ], [ -70.793871897257134, -33.269188295252171 ], [ -70.793875351909747, -33.269188215162899 ], [ -70.793878804379958, -33.269188084581039 ], [ -70.793882253622044, -33.269187903546154 ], [ -70.793885698591239, -33.269187672113048 ], [ -70.793889138244111, -33.269187390351867 ], [ -70.793892571538819, -33.269187058347917 ], [ -70.793895997435442, -33.26918667620177 ], [ -70.793899414896288, -33.269186244029164 ], [ -70.793902822886267, -33.269185761961012 ], [ -70.793906220373131, -33.269185230143343 ], [ -70.793909606327759, -33.269184648737216 ], [ -70.793912979724624, -33.269184017918747 ], [ -70.793916339541951, -33.269183337878985 ], [ -70.793919684762045, -33.269182608823925 ], [ -70.793923014371714, -33.269181830974418 ], [ -70.793926327362399, -33.269181004566036 ], [ -70.793929622730658, -33.269180129849083 ], [ -70.793932899478349, -33.26917920708852 ], [ -70.793936156612972, -33.269178236563839 ], [ -70.793939393147951, -33.26917721856902 ], [ -70.793942608102981, -33.269176153412388 ], [ -70.793945800504304, -33.269175041416567 ], [ -70.793948969384942, -33.269173882918395 ], [ -70.793952113785053, -33.269172678268717 ], [ -70.793955232752282, -33.269171427832475 ], [ -70.793958325341862, -33.269170131988382 ], [ -70.793961390617113, -33.269168791128941 ], [ -70.793964427649598, -33.269167405660291 ], [ -70.793967435519377, -33.269165976002071 ], [ -70.793970413315463, -33.269164502587323 ], [ -70.793973360135851, -33.269162985862351 ], [ -70.793976275087999, -33.269161426286516 ], [ -70.793979157289002, -33.269159824332206 ], [ -70.793982005865871, -33.269158180484666 ], [ -70.793984819955782, -33.269156495241788 ], [ -70.79398759870638, -33.269154769114017 ], [ -70.793990341276015, -33.269153002624172 ], [ -70.793993046833975, -33.269151196307334 ], [ -70.793995714560793, -33.269149350710599 ], [ -70.793998343648411, -33.26914746639298 ], [ -70.794000933300538, -33.269145543925241 ], [ -70.794003482732776, -33.269143583889658 ], [ -70.794005991172938, -33.269141586879904 ], [ -70.794008457861253, -33.269139553500892 ], [ -70.794010882050529, -33.269137484368471 ], [ -70.794013263006576, -33.269135380109397 ], [ -70.79401560000818, -33.269133241361011 ], [ -70.794017892347512, -33.269131068771124 ], [ -70.794020139330229, -33.269128862997817 ], [ -70.79402234027576, -33.269126624709152 ], [ -70.794024494517458, -33.269124354583134 ], [ -70.794037886436726, -33.269110236968736 ], [ -70.794352289338619, -33.268784527538251 ] ] ] ] } },
{ "type": "Feature", "properties": { "fid": 347, "Area": 13170.402 }, "geometry": { "type": "MultiPolygon", "coordinates": [ [ [ [ -70.793740431320927, -33.269419755911613 ], [ -70.794184449252612, -33.269551151148583 ], [ -70.792342041540792, -33.271871712693027 ], [ -70.791891617213665, -33.271748499180077 ], [ -70.793740431320927, -33.269419755911613 ] ] ] ] } },
{ "type": "Feature", "properties": { "fid": 348, "Area": 16186.223 }, "geometry": { "type": "MultiPolygon", "coordinates": [ [ [ [ -70.791366157623429, -33.272336857707678 ], [ -70.791788569801824, -33.271874465578385 ], [ -70.791800042948225, -33.271861688407618 ], [ -70.791811262205087, -33.271848753128914 ], [ -70.791822224485315, -33.271835663301722 ], [ -70.791832926772514, -33.271822422527976 ], [ -70.791891617213665, -33.271748499180077 ], [ -70.792342041540792, -33.271871712693027 ], [ -70.792201962422467, -33.272048140112069 ], [ -70.792163837389992, -33.272092870317017 ], [ -70.791855553302142, -33.272430334043847 ], [ -70.790992657596334, -33.273374886966955 ], [ -70.78982421423062, -33.274653861151371 ], [ -70.789453176676119, -33.274430867134143 ], [ -70.789458932092529, -33.274424519482807 ], [ -70.791366157623429, -33.272336857707678 ] ] ] ] } },
{ "type": "Feature", "properties": { "fid": 349, "Area": 8526.652 }, "geometry": { "type": "MultiPolygon", "coordinates": [ [ [ [ -70.789409482022933, -33.274482473163374 ], [ -70.789420070170451, -33.274469373258206 ], [ -70.789430883521305, -33.274456403801956 ], [ -70.789441919798008, -33.274443567526127 ], [ -70.789453176676119, -33.274430867134143 ], [ -70.78982397742044, -33.274653718828901 ], [ -70.789821443913866, -33.274656893474919 ], [ -70.789813203178397, -33.274666067827454 ], [ -70.789805142010238, -33.274675354064208 ], [ -70.789797262561919, -33.274684749705585 ], [ -70.789789566937486, -33.274694252242774 ], [ -70.789089529472719, -33.275574017712309 ], [ -70.788628098066084, -33.276152206911085 ], [ -70.788249832280613, -33.275939835239797 ], [ -70.788465342492756, -33.275669002286513 ], [ -70.789409482022933, -33.274482473163374 ] ] ] ] } },
{ "type": "Feature", "properties": { "fid": 350, "Area": 9858.399 }, "geometry": { "type": "MultiPolygon", "coordinates": [ [ [ [ -70.786769317958019, -33.277715710664971 ], [ -70.78736533266445, -33.277714388984215 ], [ -70.787787005514801, -33.277222956053429 ], [ -70.787949332343189, -33.277011352968621 ], [ -70.788164959129148, -33.276732526589406 ], [ -70.788389645377464, -33.276453569484069 ], [ -70.788629032484153, -33.276152731523382 ], [ -70.788249832508995, -33.275939834952773 ], [ -70.788034506808827, -33.276210433517143 ], [ -70.787723623044826, -33.27659666126862 ], [ -70.787195956047952, -33.277215425181858 ], [ -70.786769317958019, -33.277715710664971 ] ] ] ] } },
{ "type": "Feature", "properties": { "fid": 351, "Area": 2652.657 }, "geometry": { "type": "MultiPolygon", "coordinates": [ [ [ [ -70.788213688499752, -33.275786923096881 ], [ -70.788228805360447, -33.275782763558595 ], [ -70.788243833594976, -33.275778383289982 ], [ -70.788258768635657, -33.27577378362237 ], [ -70.788273605943203, -33.275768965953766 ], [ -70.788288341007984, -33.275763931748465 ], [ -70.788302969351477, -33.275758682536555 ], [ -70.788317486527589, -33.275753219913469 ], [ -70.788331888124006, -33.27574754553951 ], [ -70.788346169763585, -33.275741661139342 ], [ -70.788360327105579, -33.275735568501467 ], [ -70.788374355847068, -33.275729269477665 ], [ -70.788388251724228, -33.275722765982472 ], [ -70.788402010513607, -33.275716059992519 ], [ -70.788415628033405, -33.275709153546032 ], [ -70.788417985638006, -33.275707915896021 ], [ -70.788420317451909, -33.275706644239349 ], [ -70.78842262277999, -33.275705338955156 ], [ -70.788424900934999, -33.275704000432519 ], [ -70.788427151237769, -33.275702629070501 ], [ -70.788429373017465, -33.275701225277913 ], [ -70.788431565611774, -33.275699789473244 ], [ -70.788433728367011, -33.275698322084537 ], [ -70.788435860638458, -33.275696823549232 ], [ -70.78843796179045, -33.27569529431404 ], [ -70.788440031196615, -33.275693734834888 ], [ -70.78844206824003, -33.275692145576656 ], [ -70.788444072313425, -33.275690527013126 ], [ -70.788446042819373, -33.27568887962682 ], [ -70.788447979170428, -33.275687203908817 ], [ -70.788449880789358, -33.275685500358705 ], [ -70.788451747109249, -33.275683769484324 ], [ -70.788453577573733, -33.275682011801663 ], [ -70.788455371637127, -33.275680227834712 ], [ -70.788457128764605, -33.275678418115291 ], [ -70.788458848432356, -33.275676583182921 ], [ -70.788460530127708, -33.275674723584608 ], [ -70.78846217334933, -33.275672839874723 ], [ -70.788463777607362, -33.275670932614823 ], [ -70.788465342423564, -33.275669002373476 ], [ -70.788249832280613, -33.275939835239797 ], [ -70.788034506808827, -33.276210433517143 ], [ -70.78803317329924, -33.276212090217072 ], [ -70.788034734767962, -33.27621014494698 ], [ -70.788036255831628, -33.276208177219218 ], [ -70.788037736032535, -33.27620618762586 ], [ -70.788039174925316, -33.276204176765553 ], [ -70.788040572077037, -33.276202145243353 ], [ -70.788041927067297, -33.276200093670546 ], [ -70.788043239488388, -33.276198022664396 ], [ -70.788044508945418, -33.276195932848083 ], [ -70.7880457350564, -33.276193824850417 ], [ -70.788046917452462, -33.276191699305635 ], [ -70.788048055777807, -33.276189556853353 ], [ -70.788049149689911, -33.276187398138177 ], [ -70.788050198859651, -33.276185223809669 ], [ -70.788051202971317, -33.276183034522049 ], [ -70.788052161722831, -33.276180830934074 ], [ -70.788053074825669, -33.27617861370878 ], [ -70.788053942005092, -33.276176383513302 ], [ -70.788054763000204, -33.276174141018693 ], [ -70.788055537563977, -33.276171886899697 ], [ -70.788056265463325, -33.276169621834562 ], [ -70.788056946479259, -33.276167346504828 ], [ -70.788057580406857, -33.27616506159513 ], [ -70.788058167055382, -33.276162767792982 ], [ -70.788058706248336, -33.276160465788543 ], [ -70.788059197823458, -33.276158156274484 ], [ -70.788059641632856, -33.276155839945716 ], [ -70.788060037543005, -33.27615351749921 ], [ -70.788060385434761, -33.276151189633758 ], [ -70.788060685203462, -33.276148857049812 ], [ -70.78806093675891, -33.276146520449196 ], [ -70.78806114002542, -33.276144180534999 ], [ -70.788061294941841, -33.276141838011284 ], [ -70.788061401461547, -33.276139493582868 ], [ -70.788061459552509, -33.276137147955197 ], [ -70.788061469197245, -33.276134801834033 ], [ -70.788061430392858, -33.276132455925314 ], [ -70.788061343151028, -33.276130110934901 ], [ -70.788061207498004, -33.276127767568362 ], [ -70.788061023474611, -33.276125426530839 ], [ -70.788060791136218, -33.276123088526688 ], [ -70.788060510552754, -33.276120754259416 ], [ -70.788060181808632, -33.27611842443136 ], [ -70.788059805002774, -33.276116099743568 ], [ -70.788059380248569, -33.276113780895528 ], [ -70.788058907673829, -33.276111468584922 ], [ -70.788058387420719, -33.276109163507527 ], [ -70.788057819645815, -33.276106866356912 ], [ -70.788057204519959, -33.276104577824285 ], [ -70.788056542228219, -33.276102298598232 ], [ -70.788055832969903, -33.276100029364542 ], [ -70.7880550769584, -33.276097770806032 ], [ -70.788054274421199, -33.276095523602251 ], [ -70.78805342559977, -33.276093288429394 ], [ -70.788052530749553, -33.276091065959982 ], [ -70.788051590139759, -33.276088856862749 ], [ -70.788050604053453, -33.276086661802381 ], [ -70.788049572787301, -33.276084481439341 ], [ -70.788048496651655, -33.276082316429701 ], [ -70.78804737597028, -33.276080167424908 ], [ -70.788046211080385, -33.276078035071521 ], [ -70.788045002332467, -33.276075920011216 ], [ -70.788043750090267, -33.276073822880328 ], [ -70.788042454730558, -33.27607174430991 ], [ -70.788041116643086, -33.276069684925361 ], [ -70.788039736230502, -33.276067645346352 ], [ -70.78803831390816, -33.276065626186551 ], [ -70.788036850103992, -33.2760636280535 ], [ -70.788035345258479, -33.276061651548439 ], [ -70.788033799824404, -33.276059697266085 ], [ -70.788032214266778, -33.276057765794434 ], [ -70.788030589062672, -33.276055857714667 ], [ -70.788028924701123, -33.276053973600895 ], [ -70.788027221682896, -33.276052114020047 ], [ -70.788025480520446, -33.276050279531653 ], [ -70.788023701737643, -33.276048470687677 ], [ -70.788021885869711, -33.276046688032395 ], [ -70.788020033463056, -33.276044932102174 ], [ -70.788018145075029, -33.276043203425367 ], [ -70.788016221273836, -33.276041502522126 ], [ -70.788014262638328, -33.276039829904228 ], [ -70.788012269757857, -33.276038186074935 ], [ -70.788010243232051, -33.276036571528884 ], [ -70.788008183670655, -33.276034986751867 ], [ -70.788006091693404, -33.276033432220714 ], [ -70.78800396792974, -33.276031908403176 ], [ -70.788001813018681, -33.276030415757759 ], [ -70.787999627608642, -33.27602895473359 ], [ -70.787997412357157, -33.276027525770282 ], [ -70.787995167930802, -33.276026129297762 ], [ -70.787992895004905, -33.27602476573626 ], [ -70.787990594263348, -33.276023435496008 ], [ -70.787988266398415, -33.276022138977318 ], [ -70.787985912110543, -33.276020876570271 ], [ -70.7879835321081, -33.276019648654703 ], [ -70.787981127107216, -33.276018455600095 ], [ -70.787978697831534, -33.276017297765414 ], [ -70.787976245012018, -33.27601617549908 ], [ -70.787973769386653, -33.276015089138731 ], [ -70.787971271700371, -33.276014039011237 ], [ -70.787968752704685, -33.276013025432597 ], [ -70.787966213157532, -33.276012048707777 ], [ -70.787963653823041, -33.276011109130664 ], [ -70.787961075471301, -33.276010206983983 ], [ -70.787958478878096, -33.276009342539147 ], [ -70.78795586482471, -33.276008516056287 ], [ -70.787953234097728, -33.276007727784062 ], [ -70.787950587488666, -33.276006977959675 ], [ -70.787947925793873, -33.276006266808729 ], [ -70.787945249814243, -33.276005594545218 ], [ -70.787942560354935, -33.276004961371406 ], [ -70.787939858225187, -33.276004367477803 ], [ -70.787937144238043, -33.276003813043111 ], [ -70.787934419210089, -33.276003298234173 ], [ -70.787931683961304, -33.276002823205857 ], [ -70.787928939314682, -33.276002388101126 ], [ -70.787926186096044, -33.276001993050869 ], [ -70.787923425133812, -33.276001638173973 ], [ -70.787920657258724, -33.276001323577219 ], [ -70.787917883303621, -33.276001049355244 ], [ -70.787915104103163, -33.276000815590571 ], [ -70.787912320493561, -33.276000622353564 ], [ -70.787909533312401, -33.276000469702332 ], [ -70.787906743398295, -33.276000357682811 ], [ -70.787903951590721, -33.27600028632871 ], [ -70.787901158729682, -33.276000255661501 ], [ -70.787898365655536, -33.276000265690421 ], [ -70.787895573208701, -33.276000316412421 ], [ -70.787892782229349, -33.27600040781229 ], [ -70.787889993557314, -33.276000539862487 ], [ -70.787887208031663, -33.276000712523278 ], [ -70.787884426490521, -33.276000925742728 ], [ -70.787881649770839, -33.276001179456706 ], [ -70.787878878708085, -33.276001473588813 ], [ -70.787876114136054, -33.27600180805058 ], [ -70.787873356886578, -33.276002182741379 ], [ -70.787870607789301, -33.276002597548448 ], [ -70.787867867671366, -33.276003052347015 ], [ -70.787865137357286, -33.276003547000187 ], [ -70.787862417668549, -33.276004081359154 ], [ -70.7878597094235, -33.276004655263122 ], [ -70.787857013437034, -33.276005268539421 ], [ -70.787854330520332, -33.276005921003517 ], [ -70.787851661480644, -33.276006612459092 ], [ -70.786589039660413, -33.276343813429094 ], [ -70.786546756673943, -33.276232103856259 ], [ -70.788213688499752, -33.275786923096881 ] ] ] ] } },
{ "type": "Feature", "properties": { "fid": 352, "Area": 3399.764 }, "geometry": { "type": "MultiPolygon", "coordinates": [ [ [ [ -70.785430489957363, -33.276530205831961 ], [ -70.786546756673957, -33.276232103856287 ], [ -70.786589039660413, -33.276343813429079 ], [ -70.785472771701052, -33.276641915822459 ], [ -70.785460075270805, -33.276645408139828 ], [ -70.785447452599783, -33.276649084267568 ], [ -70.785434907459361, -33.276652943107401 ], [ -70.785422443597668, -33.276656983506371 ], [ -70.785410064738585, -33.276661204257309 ], [ -70.785397774580602, -33.276665604099207 ], [ -70.785385576795704, -33.276670181717499 ], [ -70.785373475028265, -33.276674935744495 ], [ -70.78536147289401, -33.276679864759849 ], [ -70.785349573978849, -33.276684967290905 ], [ -70.785337781837896, -33.276690241813142 ], [ -70.785326099994336, -33.276695686750699 ], [ -70.785314531938425, -33.276701300476766 ], [ -70.785303081126429, -33.2767070813141 ], [ -70.785291750979553, -33.276713027535564 ], [ -70.785280544882966, -33.276719137364573 ], [ -70.785269466184829, -33.276725408975665 ], [ -70.785258518195135, -33.27673184049506 ], [ -70.785247704184911, -33.276738430001188 ], [ -70.785237027385136, -33.276745175525271 ], [ -70.785226490985821, -33.276752075051938 ], [ -70.785216098134953, -33.276759126519785 ], [ -70.785205851937718, -33.27676632782201 ], [ -70.785195755455447, -33.276773676807061 ], [ -70.78518581170475, -33.276781171279232 ], [ -70.785176023656589, -33.276788808999399 ], [ -70.785166394235446, -33.276796587685588 ], [ -70.785156926318379, -33.276804505013715 ], [ -70.7851476227342, -33.27681255861831 ], [ -70.785138486262667, -33.276820746093144 ], [ -70.785129519633543, -33.276829064992008 ], [ -70.785120725525886, -33.276837512829438 ], [ -70.785112106567212, -33.276846087081431 ], [ -70.785103665332713, -33.276854785186195 ], [ -70.78509540434446, -33.276863604544978 ], [ -70.785087326070695, -33.276872542522753 ], [ -70.785079432925073, -33.276881596449087 ], [ -70.785071727265915, -33.276890763618901 ], [ -70.78506421139555, -33.276900041293246 ], [ -70.785056887559605, -33.276909426700172 ], [ -70.785049757946311, -33.27691891703558 ], [ -70.785042824685902, -33.276928509463978 ], [ -70.785036089849953, -33.276938201119371 ], [ -70.78502955545072, -33.276947989106141 ], [ -70.785023223440589, -33.276957870499849 ], [ -70.785017095711481, -33.276967842348185 ], [ -70.785011174094308, -33.276977901671785 ], [ -70.785005460358363, -33.276988045465174 ], [ -70.784999956210854, -33.276998270697611 ], [ -70.784994663296388, -33.27700857431406 ], [ -70.784989583196406, -33.277018953236016 ], [ -70.784984717428841, -33.277029404362509 ], [ -70.784980067447506, -33.277039924570978 ], [ -70.78497563464181, -33.277050510718233 ], [ -70.784971420336277, -33.27706115964137 ], [ -70.784967425790086, -33.277071868158735 ], [ -70.784963652196822, -33.277082633070854 ], [ -70.784960100684032, -33.277093451161434 ], [ -70.784761282643643, -33.277720142500876 ], [ -70.784616757690515, -33.277720460222788 ], [ -70.784825253250318, -33.277063267960877 ], [ -70.784829446027032, -33.277050496607828 ], [ -70.78483390098171, -33.277037788035152 ], [ -70.784838616783205, -33.277025146039882 ], [ -70.784843592022426, -33.27701257439918 ], [ -70.784848825212777, -33.277000076869157 ], [ -70.784854314790593, -33.276987657183767 ], [ -70.784860059115616, -33.276975319053733 ], [ -70.784866056471458, -33.276963066165393 ], [ -70.784872305066116, -33.276950902179649 ], [ -70.784878803032598, -33.276938830730757 ], [ -70.78488554842933, -33.276926855425437 ], [ -70.784892539240857, -33.276914979841571 ], [ -70.784899773378385, -33.276903207527347 ], [ -70.78490724868044, -33.276891542000016 ], [ -70.78491496291349, -33.276879986744952 ], [ -70.784922913772604, -33.27686854521459 ], [ -70.784931098882168, -33.276857220827395 ], [ -70.784939515796566, -33.276846016966793 ], [ -70.784948162000973, -33.276834936980215 ], [ -70.784957034912011, -33.276823984178101 ], [ -70.784966131878591, -33.27681316183287 ], [ -70.784975450182685, -33.276802473177938 ], [ -70.784984987040133, -33.27679192140684 ], [ -70.784994739601487, -33.276781509672176 ], [ -70.785004704952854, -33.276771241084681 ], [ -70.785014880116762, -33.276761118712351 ], [ -70.785025262053054, -33.27675114557951 ], [ -70.785035847659813, -33.276741324665863 ], [ -70.785046633774243, -33.276731658905639 ], [ -70.785057617173706, -33.276722151186696 ], [ -70.785068794576546, -33.276712804349735 ], [ -70.785080162643197, -33.276703621187302 ], [ -70.78509171797711, -33.276694604443101 ], [ -70.7851034571258, -33.276685756811112 ], [ -70.785115376581885, -33.276677080934732 ], [ -70.785127472784055, -33.276668579406106 ], [ -70.785139742118261, -33.276660254765254 ], [ -70.785152180918686, -33.276652109499381 ], [ -70.785164785468936, -33.276644146042038 ], [ -70.78517755200302, -33.276636366772486 ], [ -70.785190476706617, -33.276628774014981 ], [ -70.785203555718155, -33.276621370038029 ], [ -70.785216785129904, -33.276614157053721 ], [ -70.785230160989258, -33.276607137217113 ], [ -70.785243679299825, -33.276600312625533 ], [ -70.785257336022681, -33.276593685317955 ], [ -70.785271127077536, -33.276587257274478 ], [ -70.785285048343994, -33.276581030415564 ], [ -70.785299095662694, -33.276575006601696 ], [ -70.785313264836688, -33.276569187632546 ], [ -70.785327551632591, -33.276563575246712 ], [ -70.785341951781874, -33.276558171120989 ], [ -70.785356460982158, -33.276552976870008 ], [ -70.785371074898478, -33.276547994045629 ], [ -70.785385789164593, -33.276543224136574 ], [ -70.785400599384261, -33.27653866856798 ], [ -70.78541550113259, -33.276534328700897 ], [ -70.785430489957363, -33.276530205831961 ] ] ] ] } }
]
}
