{"type": "FeatureCollection", "name": "Vial Nuevo", "features": [{"type": "Feature", "properties": {"fid": 249, "Area": 3869.682}, "geometry": {"type": "MultiPolygon", "coordinates": [[[[-70.8188832, -33.2430711], [-70.8189074, -33.2430602], [-70.8189318, -33.2430497], [-70.8189564, -33.2430396], [-70.8189813, -33.2430298], [-70.8190063, -33.2430204], [-70.8190315, -33.2430113], [-70.8190569, -33.2430025], [-70.8190824, -33.2429942], [-70.8191081, -33.2429862], [-70.819134, -33.2429785], [-70.81916, -33.2429712], [-70.8191862, -33.2429643], [-70.8192125, -33.2429578], [-70.8192389, -33.2429516], [-70.8192655, -33.2429458], [-70.8192921, -33.2429404], [-70.8193, -33.2429387], [-70.8193079, -33.242937], [-70.8193158, -33.2429352], [-70.8193236, -33.2429332], [-70.8193314, -33.2429312], [-70.8193391, -33.242929], [-70.8193468, -33.2429267], [-70.8193544, -33.2429243], [-70.819362, -33.2429218], [-70.8193695, -33.2429192], [-70.819377, -33.2429165], [-70.8193845, -33.2429137], [-70.8193918, -33.2429108], [-70.8193991, -33.2429078], [-70.8194064, -33.2429047], [-70.8194136, -33.2429014], [-70.8194207, -33.2428981], [-70.8194278, -33.2428947], [-70.8194347, -33.2428911], [-70.8194416, -33.2428875], [-70.8194485, -33.2428838], [-70.8194552, -33.24288], [-70.8194619, -33.242876], [-70.8194685, -33.242872], [-70.8194751, -33.2428679], [-70.8194815, -33.2428637], [-70.8194878, -33.2428594], [-70.8194941, -33.2428551], [-70.8195497, -33.2430476], [-70.8194132, -33.2431852], [-70.8194104, -33.2431833], [-70.8194075, -33.2431813], [-70.8194045, -33.2431795], [-70.8194016, -33.2431776], [-70.8193985, -33.2431758], [-70.8193955, -33.2431741], [-70.8193924, -33.2431724], [-70.8193893, -33.2431707], [-70.8193862, -33.2431691], [-70.819383, -33.2431675], [-70.8193798, -33.243166], [-70.8193765, -33.2431645], [-70.8193732, -33.2431631], [-70.8193699, -33.2431617], [-70.8193666, -33.2431603], [-70.8193633, -33.2431591], [-70.8193599, -33.2431578], [-70.8193565, -33.2431566], [-70.819353, -33.2431555], [-70.8193496, -33.2431544], [-70.8193461, -33.2431534], [-70.8193426, -33.2431524], [-70.8193391, -33.2431514], [-70.8193356, -33.2431505], [-70.819332, -33.2431497], [-70.8193284, -33.2431489], [-70.8193249, -33.2431482], [-70.8193213, -33.2431475], [-70.8193176, -33.2431469], [-70.819314, -33.2431463], [-70.8193104, -33.2431458], [-70.8193067, -33.2431453], [-70.8193031, -33.2431449], [-70.8192994, -33.2431445], [-70.8192957, -33.2431442], [-70.8192921, -33.2431439], [-70.8192884, -33.2431437], [-70.8192847, -33.2431435], [-70.819281, -33.2431434], [-70.8192773, -33.2431434], [-70.8192736, -33.2431434], [-70.8192699, -33.2431435], [-70.8192663, -33.2431436], [-70.8192626, -33.2431437], [-70.8192589, -33.2431439], [-70.8192552, -33.2431442], [-70.8192515, -33.2431445], [-70.8192479, -33.2431449], [-70.8192442, -33.2431453], [-70.8192406, -33.2431458], [-70.8192369, -33.2431464], [-70.8192333, -33.243147], [-70.8192297, -33.2431476], [-70.8192261, -33.2431483], [-70.8192225, -33.243149], [-70.819219, -33.2431498], [-70.8192154, -33.2431507], [-70.8192119, -33.2431516], [-70.8191889, -33.2431583], [-70.819166, -33.2431653], [-70.8191432, -33.2431726], [-70.8191207, -33.2431803], [-70.8190983, -33.2431883], [-70.819076, -33.2431967], [-70.8190539, -33.2432053], [-70.819032, -33.2432143], [-70.8190103, -33.2432236], [-70.8189888, -33.2432332], [-70.8181404, -33.2436204], [-70.8180541, -33.2436598], [-70.817817, -33.243768], [-70.817712, -33.2436056], [-70.8179491, -33.2434974], [-70.8188832, -33.2430711]]]]}}, {"type": "Feature", "properties": {"fid": 250, "Area": 1956.016}, "geometry": {"type": "MultiPolygon", "coordinates": [[[[-70.816795, -33.2437679], [-70.8168193, -33.2437704], [-70.8168437, -33.2437725], [-70.8168681, -33.2437743], [-70.8168925, -33.2437757], [-70.816917, -33.2437768], [-70.8169415, -33.2437775], [-70.816966, -33.2437778], [-70.8169905, -33.2437778], [-70.817015, -33.2437774], [-70.8170395, -33.2437767], [-70.8170639, -33.2437756], [-70.8170884, -33.2437742], [-70.8171128, -33.2437724], [-70.8171371, -33.2437702], [-70.8171615, -33.2437677], [-70.8171857, -33.2437648], [-70.8172099, -33.2437616], [-70.817234, -33.243758], [-70.8172581, -33.2437541], [-70.817282, -33.2437498], [-70.8173059, -33.2437451], [-70.8173297, -33.2437402], [-70.8173534, -33.2437348], [-70.8173769, -33.2437291], [-70.8174003, -33.2437231], [-70.8174236, -33.2437168], [-70.8174468, -33.2437101], [-70.8174698, -33.243703], [-70.8174927, -33.2436956], [-70.8175154, -33.2436879], [-70.817538, -33.2436799], [-70.8175603, -33.2436715], [-70.8175825, -33.2436628], [-70.8176046, -33.2436538], [-70.8176264, -33.2436444], [-70.817648, -33.2436348], [-70.817712, -33.2436056], [-70.817817, -33.243768], [-70.8177533, -33.2437971], [-70.8177282, -33.2438083], [-70.817703, -33.2438191], [-70.8176775, -33.2438295], [-70.8176518, -33.2438396], [-70.8176259, -33.2438493], [-70.8175998, -33.2438586], [-70.8175736, -33.2438675], [-70.8175471, -33.2438761], [-70.8175205, -33.2438842], [-70.8174937, -33.243892], [-70.8174667, -33.2438993], [-70.8174396, -33.2439063], [-70.8174124, -33.2439129], [-70.817385, -33.2439191], [-70.8173575, -33.2439248], [-70.8173299, -33.2439302], [-70.8173022, -33.2439352], [-70.8172744, -33.2439397], [-70.8172465, -33.2439439], [-70.8172185, -33.2439476], [-70.8171904, -33.2439509], [-70.8171623, -33.2439538], [-70.8171341, -33.2439563], [-70.8171058, -33.2439584], [-70.8170776, -33.2439601], [-70.8170493, -33.2439614], [-70.8170209, -33.2439622], [-70.8169926, -33.2439626], [-70.8169643, -33.2439627], [-70.8169359, -33.2439623], [-70.8169076, -33.2439614], [-70.8168793, -33.2439602], [-70.816851, -33.2439586], [-70.8168228, -33.2439565], [-70.8167946, -33.243954], [-70.8167665, -33.2439512], [-70.816795, -33.2437679]]]]}}, {"type": "Feature", "properties": {"fid": 251, "Area": 1903.322}, "geometry": {"type": "MultiPolygon", "coordinates": [[[[-70.8156838, -33.2435217], [-70.8156732, -33.2435034], [-70.8156623, -33.2434852], [-70.8156509, -33.2434672], [-70.8156393, -33.2434493], [-70.8156273, -33.2434316], [-70.8156149, -33.2434141], [-70.8156022, -33.2433968], [-70.8155892, -33.2433796], [-70.8155758, -33.2433626], [-70.8155621, -33.2433458], [-70.8155481, -33.2433292], [-70.8155337, -33.2433128], [-70.8155191, -33.2432965], [-70.8155041, -33.2432805], [-70.81488, -33.2426252], [-70.8150446, -33.2426104], [-70.815613, -33.2432073], [-70.8156296, -33.243225], [-70.8156458, -33.243243], [-70.8156617, -33.2432612], [-70.8156773, -33.2432796], [-70.8156924, -33.2432982], [-70.8157072, -33.2433171], [-70.8157216, -33.2433361], [-70.8157356, -33.2433554], [-70.8157493, -33.2433748], [-70.8157626, -33.2433944], [-70.8157754, -33.2434142], [-70.8157879, -33.2434342], [-70.8158, -33.2434544], [-70.8158116, -33.2434747], [-70.8158229, -33.2434952], [-70.8158338, -33.2435158], [-70.8158442, -33.2435366], [-70.8158542, -33.2435575], [-70.8158639, -33.2435786], [-70.8158731, -33.2435998], [-70.8158735, -33.2436009], [-70.815874, -33.243602], [-70.8158746, -33.2436031], [-70.8158751, -33.2436042], [-70.8158757, -33.2436053], [-70.8158763, -33.2436063], [-70.8158769, -33.2436074], [-70.8158775, -33.2436084], [-70.8158782, -33.2436095], [-70.8158789, -33.2436105], [-70.8158796, -33.2436115], [-70.8158803, -33.2436125], [-70.815881, -33.2436135], [-70.8158818, -33.2436145], [-70.8158826, -33.2436155], [-70.8158834, -33.2436165], [-70.8158842, -33.2436174], [-70.8158851, -33.2436184], [-70.8158859, -33.2436193], [-70.8158868, -33.2436202], [-70.8158877, -33.2436211], [-70.8158886, -33.243622], [-70.8158896, -33.2436229], [-70.8158905, -33.2436237], [-70.8158915, -33.2436246], [-70.8158925, -33.2436254], [-70.8158935, -33.2436262], [-70.8158945, -33.243627], [-70.8158956, -33.2436278], [-70.8158966, -33.2436286], [-70.8158977, -33.2436294], [-70.8158988, -33.2436301], [-70.8158999, -33.2436308], [-70.815901, -33.2436315], [-70.8159022, -33.2436322], [-70.8158307, -33.2437164], [-70.815671, -33.2435918], [-70.8156719, -33.243591], [-70.8156727, -33.2435902], [-70.8156736, -33.2435893], [-70.8156744, -33.2435885], [-70.8156752, -33.2435876], [-70.815676, -33.2435868], [-70.8156768, -33.2435859], [-70.8156775, -33.243585], [-70.8156783, -33.2435841], [-70.815679, -33.2435832], [-70.8156797, -33.2435823], [-70.8156804, -33.2435813], [-70.815681, -33.2435804], [-70.8156817, -33.2435795], [-70.8156823, -33.2435785], [-70.8156829, -33.2435775], [-70.8156835, -33.2435766], [-70.815684, -33.2435756], [-70.8156846, -33.2435746], [-70.8156851, -33.2435736], [-70.8156856, -33.2435726], [-70.815686, -33.2435716], [-70.8156865, -33.2435705], [-70.8156869, -33.2435695], [-70.8156874, -33.2435685], [-70.8156877, -33.2435674], [-70.8156881, -33.2435664], [-70.8156885, -33.2435653], [-70.8156888, -33.2435643], [-70.8156891, -33.2435632], [-70.8156894, -33.2435622], [-70.8156897, -33.2435611], [-70.8156899, -33.24356], [-70.8156901, -33.2435589], [-70.8156903, -33.2435579], [-70.8156905, -33.2435568], [-70.8156906, -33.2435557], [-70.8156908, -33.2435546], [-70.8156909, -33.2435535], [-70.815691, -33.2435524], [-70.815691, -33.2435514], [-70.8156911, -33.2435503], [-70.8156911, -33.2435492], [-70.8156911, -33.2435481], [-70.815691, -33.243547], [-70.815691, -33.2435459], [-70.8156909, -33.2435448], [-70.8156908, -33.2435437], [-70.8156907, -33.2435426], [-70.8156906, -33.2435416], [-70.8156904, -33.2435405], [-70.8156902, -33.2435394], [-70.81569, -33.2435383], [-70.8156898, -33.2435372], [-70.8156896, -33.2435362], [-70.8156893, -33.2435351], [-70.815689, -33.243534], [-70.8156887, -33.243533], [-70.8156883, -33.2435319], [-70.815688, -33.2435309], [-70.8156876, -33.2435298], [-70.8156872, -33.2435288], [-70.8156868, -33.2435278], [-70.8156863, -33.2435267], [-70.8156859, -33.2435257], [-70.8156854, -33.2435247], [-70.8156849, -33.2435237], [-70.8156843, -33.2435227], [-70.8156838, -33.2435217]]]]}}, {"type": "Feature", "properties": {"fid": 252, "Area": 2866.873}, "geometry": {"type": "MultiPolygon", "coordinates": [[[[-70.8198547, -33.2421773], [-70.820048, -33.2421598], [-70.8201562, -33.2421927], [-70.8197981, -33.2430227], [-70.8197957, -33.2430284], [-70.8197934, -33.2430342], [-70.8197912, -33.2430401], [-70.8197892, -33.2430459], [-70.8197872, -33.2430518], [-70.8197854, -33.2430577], [-70.8197837, -33.2430636], [-70.8197822, -33.2430696], [-70.8197807, -33.2430756], [-70.8197794, -33.2430816], [-70.8195497, -33.2430476], [-70.8194941, -33.2428551], [-70.8195005, -33.2428505], [-70.8195067, -33.2428458], [-70.8195129, -33.242841], [-70.819519, -33.2428361], [-70.8195249, -33.2428312], [-70.8195308, -33.2428261], [-70.8195365, -33.242821], [-70.8195422, -33.2428158], [-70.8195477, -33.2428105], [-70.8195531, -33.2428051], [-70.8195585, -33.2427997], [-70.8195637, -33.2427941], [-70.8195687, -33.2427885], [-70.8195737, -33.2427829], [-70.8195786, -33.2427771], [-70.8195833, -33.2427713], [-70.8195879, -33.2427654], [-70.8195924, -33.2427595], [-70.8195968, -33.2427534], [-70.819601, -33.2427474], [-70.8196051, -33.2427412], [-70.8196091, -33.242735], [-70.819613, -33.2427288], [-70.8196167, -33.2427225], [-70.8196203, -33.2427161], [-70.8196238, -33.2427097], [-70.8196271, -33.2427032], [-70.8196303, -33.2426967], [-70.8196333, -33.2426901], [-70.8196363, -33.2426835], [-70.8198547, -33.2421773], [-70.8198547, -33.2421773]]]]}}, {"type": "Feature", "properties": {"fid": 253, "Area": 720.786}, "geometry": {"type": "MultiPolygon", "coordinates": [[[[-70.8206257, -33.2429846], [-70.8209962, -33.2426392], [-70.8210734, -33.242556], [-70.8210796, -33.2425494], [-70.8210752, -33.2425559], [-70.8206073, -33.2430665], [-70.8202741, -33.2434454], [-70.8201477, -33.2435711], [-70.8200619, -33.2435102], [-70.8206257, -33.2429846]]]]}}, {"type": "Feature", "properties": {"fid": 254, "Area": 3653.16}, "geometry": {"type": "MultiPolygon", "coordinates": [[[[-70.8201477, -33.2435711], [-70.8187717, -33.2449394], [-70.8186119, -33.2448259], [-70.8191562, -33.244292], [-70.8200106, -33.243474], [-70.8201477, -33.2435711]]]]}}, {"type": "Feature", "properties": {"fid": 255, "Area": 1898.185}, "geometry": {"type": "MultiPolygon", "coordinates": [[[[-70.8200106, -33.243474], [-70.8199111, -33.2434036], [-70.8199058, -33.2433994], [-70.8199005, -33.2433952], [-70.8198953, -33.2433909], [-70.8198902, -33.2433865], [-70.8198852, -33.2433821], [-70.8198803, -33.2433776], [-70.8198754, -33.243373], [-70.8198707, -33.2433683], [-70.8198661, -33.2433636], [-70.8198615, -33.2433588], [-70.8198571, -33.2433539], [-70.8198528, -33.243349], [-70.8198485, -33.243344], [-70.8198444, -33.2433389], [-70.8198404, -33.2433338], [-70.8198365, -33.2433286], [-70.8198327, -33.2433234], [-70.819829, -33.2433181], [-70.8198254, -33.2433128], [-70.8198219, -33.2433074], [-70.8198186, -33.243302], [-70.8198153, -33.2432965], [-70.8198122, -33.243291], [-70.8198092, -33.2432854], [-70.8198062, -33.2432798], [-70.8198035, -33.2432741], [-70.8198008, -33.2432684], [-70.8197982, -33.2432627], [-70.8197958, -33.2432569], [-70.8197935, -33.2432511], [-70.8197913, -33.2432452], [-70.8197892, -33.2432393], [-70.8197873, -33.2432334], [-70.8197855, -33.2432275], [-70.8197838, -33.2432215], [-70.8197822, -33.2432156], [-70.8197807, -33.2432096], [-70.8197794, -33.2432035], [-70.8197782, -33.2431975], [-70.8197771, -33.2431914], [-70.8197762, -33.2431854], [-70.8197754, -33.2431793], [-70.8197747, -33.2431732], [-70.8197741, -33.2431671], [-70.8197736, -33.2431609], [-70.8197733, -33.2431548], [-70.8197731, -33.2431487], [-70.8197731, -33.2431426], [-70.8197731, -33.2431364], [-70.8197733, -33.2431303], [-70.8197736, -33.2431242], [-70.8197741, -33.2431181], [-70.8197747, -33.243112], [-70.8197754, -33.2431059], [-70.8197762, -33.2430998], [-70.8197771, -33.2430937], [-70.8197782, -33.2430876], [-70.8197794, -33.2430816], [-70.8195497, -33.2430476], [-70.8194132, -33.2431852], [-70.819416, -33.2431872], [-70.8194188, -33.2431893], [-70.8194216, -33.2431914], [-70.8194243, -33.2431935], [-70.8194269, -33.2431957], [-70.8194295, -33.2431979], [-70.8194321, -33.2432002], [-70.8194346, -33.2432025], [-70.8194371, -33.2432048], [-70.8194395, -33.2432071], [-70.8194419, -33.2432095], [-70.8195912, -33.2433629], [-70.8195961, -33.2433681], [-70.819601, -33.2433734], [-70.8196058, -33.2433788], [-70.8196104, -33.2433843], [-70.819615, -33.2433898], [-70.8196194, -33.2433954], [-70.8196237, -33.243401], [-70.8196279, -33.2434067], [-70.819632, -33.2434125], [-70.8196359, -33.2434183], [-70.8196398, -33.2434242], [-70.8196435, -33.2434302], [-70.8196471, -33.2434361], [-70.8196505, -33.2434422], [-70.8196539, -33.2434483], [-70.8196571, -33.2434544], [-70.8196602, -33.2434606], [-70.8196631, -33.2434668], [-70.819666, -33.2434731], [-70.8196687, -33.2434794], [-70.8196712, -33.2434858], [-70.8196737, -33.2434922], [-70.819676, -33.2434986], [-70.8196781, -33.243505], [-70.8196802, -33.2435115], [-70.8196821, -33.243518], [-70.8196839, -33.2435246], [-70.8196855, -33.2435311], [-70.819687, -33.2435377], [-70.8196884, -33.2435443], [-70.8196896, -33.243551], [-70.8196907, -33.2435576], [-70.8196917, -33.2435643], [-70.8196925, -33.2435709], [-70.8196932, -33.2435776], [-70.8196937, -33.2435843], [-70.8196941, -33.243591], [-70.8196944, -33.2435977], [-70.8196945, -33.2436044], [-70.8196945, -33.2436111], [-70.8196944, -33.2436178], [-70.8196941, -33.2436245], [-70.8196937, -33.2436312], [-70.8196931, -33.2436379], [-70.8196924, -33.2436446], [-70.8196916, -33.2436513], [-70.8196906, -33.243658], [-70.8196895, -33.2436646], [-70.8196882, -33.2436712], [-70.8196869, -33.2436778], [-70.8196853, -33.2436844], [-70.8196837, -33.243691], [-70.8196819, -33.2436975], [-70.81968, -33.243704], [-70.8196779, -33.2437105], [-70.8196757, -33.243717], [-70.8196734, -33.2437234], [-70.819671, -33.2437298], [-70.8196684, -33.2437361], [-70.8196657, -33.2437424], [-70.8196628, -33.2437487], [-70.8196598, -33.2437549], [-70.8196567, -33.2437611], [-70.8196535, -33.2437672], [-70.8196502, -33.2437733], [-70.8196467, -33.2437794], [-70.8196431, -33.2437853], [-70.8196394, -33.2437913], [-70.8196355, -33.2437972], [-70.8196316, -33.243803], [-70.8196275, -33.2438087], [-70.8196233, -33.2438144], [-70.8196189, -33.2438201], [-70.8196145, -33.2438257], [-70.81961, -33.2438312], [-70.8196053, -33.2438366], [-70.8196005, -33.243842], [-70.8195956, -33.2438473], [-70.8195906, -33.2438525], [-70.8195855, -33.2438577], [-70.8191562, -33.244292], [-70.8200106, -33.243474], [-70.8200106, -33.243474]]]]}}, {"type": "Feature", "properties": {"fid": 256, "Area": 1746.003}, "geometry": {"type": "MultiPolygon", "coordinates": [[[[-70.816795, -33.2437679], [-70.8167728, -33.2437653], [-70.8167507, -33.2437624], [-70.8167287, -33.2437592], [-70.8167067, -33.2437558], [-70.8164005, -33.2437059], [-70.8162468, -33.2436833], [-70.8160927, -33.2436627], [-70.8159382, -33.2436442], [-70.8159368, -33.243644], [-70.8159354, -33.2436438], [-70.815934, -33.2436436], [-70.8159327, -33.2436434], [-70.8159313, -33.2436432], [-70.8159299, -33.2436429], [-70.8159286, -33.2436426], [-70.8159272, -33.2436423], [-70.8159259, -33.243642], [-70.8159245, -33.2436416], [-70.8159232, -33.2436413], [-70.8159219, -33.2436409], [-70.8159206, -33.2436405], [-70.8159193, -33.2436401], [-70.815918, -33.2436396], [-70.8159167, -33.2436392], [-70.8159154, -33.2436387], [-70.8159142, -33.2436382], [-70.8159129, -33.2436377], [-70.8159117, -33.2436371], [-70.8159104, -33.2436366], [-70.8159092, -33.243636], [-70.815908, -33.2436354], [-70.8159068, -33.2436348], [-70.8159056, -33.2436342], [-70.8159045, -33.2436336], [-70.8159033, -33.2436329], [-70.8159022, -33.2436322], [-70.8158307, -33.2437164], [-70.8159894, -33.2438545], [-70.8159901, -33.243854], [-70.8159907, -33.2438534], [-70.8159914, -33.2438529], [-70.8159921, -33.2438524], [-70.8159929, -33.2438519], [-70.8159936, -33.2438514], [-70.8159943, -33.2438509], [-70.8159951, -33.2438505], [-70.8159958, -33.24385], [-70.8159966, -33.2438496], [-70.8159974, -33.2438492], [-70.8159981, -33.2438487], [-70.8159989, -33.2438483], [-70.8159997, -33.2438479], [-70.8160005, -33.2438476], [-70.8160013, -33.2438472], [-70.8160022, -33.2438468], [-70.816003, -33.2438465], [-70.8160038, -33.2438461], [-70.8160047, -33.2438458], [-70.8160055, -33.2438455], [-70.8160064, -33.2438452], [-70.8160072, -33.2438449], [-70.8160081, -33.2438446], [-70.816009, -33.2438444], [-70.8160098, -33.2438441], [-70.8160107, -33.2438439], [-70.8160116, -33.2438436], [-70.8160125, -33.2438434], [-70.8160134, -33.2438432], [-70.8160143, -33.2438431], [-70.8160152, -33.2438429], [-70.8160161, -33.2438427], [-70.816017, -33.2438426], [-70.8160179, -33.2438424], [-70.8160188, -33.2438423], [-70.8160198, -33.2438422], [-70.8160207, -33.2438421], [-70.8160216, -33.243842], [-70.8160225, -33.243842], [-70.8160234, -33.2438419], [-70.8160244, -33.2438419], [-70.8160253, -33.2438419], [-70.8160262, -33.2438418], [-70.8160271, -33.2438418], [-70.8160281, -33.2438419], [-70.816029, -33.2438419], [-70.8160299, -33.2438419], [-70.8160308, -33.243842], [-70.8160318, -33.243842], [-70.8160327, -33.2438421], [-70.8160336, -33.2438422], [-70.8160345, -33.2438423], [-70.816146, -33.2438568], [-70.8162573, -33.2438723], [-70.8163551, -33.2438869], [-70.8164527, -33.2439023], [-70.8166644, -33.2439371], [-70.8166898, -33.2439412], [-70.8167153, -33.2439448], [-70.8167408, -33.2439482], [-70.8167665, -33.2439512], [-70.816795, -33.2437679], [-70.816795, -33.2437679]]]]}}, {"type": "Feature", "properties": {"fid": 257, "Area": 2180.351}, "geometry": {"type": "MultiPolygon", "coordinates": [[[[-70.8136455, -33.2427363], [-70.8134177, -33.2427569], [-70.8141572, -33.2435334], [-70.8141579, -33.2435342], [-70.8141587, -33.2435351], [-70.8141594, -33.2435359], [-70.8141601, -33.2435367], [-70.8141607, -33.2435376], [-70.8141614, -33.2435384], [-70.8141621, -33.2435393], [-70.8141627, -33.2435402], [-70.8141633, -33.2435411], [-70.8141639, -33.243542], [-70.8141645, -33.2435429], [-70.814165, -33.2435438], [-70.8141655, -33.2435447], [-70.8141661, -33.2435456], [-70.8141666, -33.2435466], [-70.814167, -33.2435475], [-70.8141675, -33.2435485], [-70.8141679, -33.2435494], [-70.8141683, -33.2435504], [-70.8141687, -33.2435514], [-70.8141691, -33.2435523], [-70.8141695, -33.2435533], [-70.8141698, -33.2435543], [-70.8141701, -33.2435553], [-70.8141704, -33.2435563], [-70.8141707, -33.2435573], [-70.814171, -33.2435583], [-70.8141712, -33.2435593], [-70.8141714, -33.2435603], [-70.8141716, -33.2435613], [-70.8141718, -33.2435623], [-70.8141719, -33.2435633], [-70.814172, -33.2435644], [-70.8141721, -33.2435654], [-70.8141722, -33.2435664], [-70.8141723, -33.2435674], [-70.8141723, -33.2435685], [-70.8141724, -33.2435695], [-70.8141724, -33.2435705], [-70.8141723, -33.2435715], [-70.8141723, -33.2435725], [-70.8141722, -33.2435736], [-70.8141722, -33.2435746], [-70.8141721, -33.2435756], [-70.8141719, -33.2435766], [-70.8141718, -33.2435777], [-70.8141716, -33.2435787], [-70.8141714, -33.2435797], [-70.8141712, -33.2435807], [-70.814171, -33.2435817], [-70.8141707, -33.2435827], [-70.8141705, -33.2435837], [-70.8141702, -33.2435847], [-70.8141698, -33.2435857], [-70.8141695, -33.2435867], [-70.8141692, -33.2435876], [-70.8141688, -33.2435886], [-70.8141684, -33.2435896], [-70.814168, -33.2435906], [-70.8141675, -33.2435915], [-70.8141671, -33.2435925], [-70.8141666, -33.2435934], [-70.8141661, -33.2435943], [-70.8141656, -33.2435953], [-70.8141651, -33.2435962], [-70.8141645, -33.2435971], [-70.8141639, -33.243598], [-70.8141633, -33.2435989], [-70.8141627, -33.2435998], [-70.8141621, -33.2436007], [-70.8141615, -33.2436015], [-70.8141608, -33.2436024], [-70.8141601, -33.2436033], [-70.8141594, -33.2436041], [-70.8141587, -33.2436049], [-70.814158, -33.2436057], [-70.8141572, -33.2436066], [-70.8141565, -33.2436074], [-70.8141557, -33.2436081], [-70.8141549, -33.2436089], [-70.8141541, -33.2436097], [-70.8141532, -33.2436104], [-70.8141524, -33.2436112], [-70.8141515, -33.2436119], [-70.8141507, -33.2436126], [-70.8141498, -33.2436133], [-70.8141489, -33.243614], [-70.8141479, -33.2436147], [-70.814147, -33.2436153], [-70.8141461, -33.243616], [-70.8145169, -33.2435477], [-70.8145128, -33.2435474], [-70.8145088, -33.2435471], [-70.8145047, -33.2435467], [-70.8145006, -33.2435463], [-70.8144966, -33.2435458], [-70.8144925, -33.2435453], [-70.8144885, -33.2435447], [-70.8144845, -33.243544], [-70.8144805, -33.2435433], [-70.8144765, -33.2435425], [-70.8144725, -33.2435417], [-70.8144686, -33.2435408], [-70.8144646, -33.2435398], [-70.8144607, -33.2435388], [-70.8144568, -33.2435378], [-70.814453, -33.2435366], [-70.8144491, -33.2435355], [-70.8144453, -33.2435342], [-70.8144415, -33.2435329], [-70.8144377, -33.2435316], [-70.814434, -33.2435302], [-70.8144303, -33.2435287], [-70.8144266, -33.2435272], [-70.814423, -33.2435257], [-70.8144193, -33.2435241], [-70.8144158, -33.2435224], [-70.8144122, -33.2435207], [-70.8144087, -33.2435189], [-70.8144052, -33.2435171], [-70.8144018, -33.2435152], [-70.8143984, -33.2435133], [-70.814395, -33.2435113], [-70.8143917, -33.2435093], [-70.8143885, -33.2435072], [-70.8143852, -33.2435051], [-70.814382, -33.243503], [-70.8143789, -33.2435008], [-70.8143758, -33.2434985], [-70.8143728, -33.2434962], [-70.8143698, -33.2434939], [-70.8143668, -33.2434915], [-70.8143639, -33.2434891], [-70.8143611, -33.2434866], [-70.8143583, -33.2434841], [-70.8143555, -33.2434815], [-70.8143528, -33.2434789], [-70.8143502, -33.2434763], [-70.8143476, -33.2434736], [-70.8136455, -33.2427363], [-70.8136455, -33.2427363]]]]}}, {"type": "Feature", "properties": {"fid": 258, "Area": 1852.698}, "geometry": {"type": "MultiPolygon", "coordinates": [[[[-70.8148409, -33.243565], [-70.8148269, -33.2437495], [-70.8152351, -33.2437713], [-70.8153665, -33.2437791], [-70.8154977, -33.2437884], [-70.8156288, -33.2437992], [-70.8157597, -33.2438115], [-70.8157606, -33.2438116], [-70.8157615, -33.2438117], [-70.8157625, -33.2438119], [-70.8157634, -33.243812], [-70.8157643, -33.2438121], [-70.8157652, -33.2438123], [-70.8157661, -33.2438125], [-70.815767, -33.2438127], [-70.8157679, -33.2438129], [-70.8157688, -33.2438131], [-70.8157697, -33.2438133], [-70.8157705, -33.2438136], [-70.8157714, -33.2438138], [-70.8157723, -33.2438141], [-70.8157732, -33.2438144], [-70.815774, -33.2438147], [-70.8157749, -33.243815], [-70.8157757, -33.2438153], [-70.8157766, -33.2438156], [-70.8157774, -33.243816], [-70.8157782, -33.2438163], [-70.815779, -33.2438167], [-70.8157798, -33.2438171], [-70.8157806, -33.2438175], [-70.8157814, -33.2438179], [-70.8157822, -33.2438183], [-70.815783, -33.2438187], [-70.8157838, -33.2438191], [-70.8157845, -33.2438196], [-70.8157853, -33.24382], [-70.815786, -33.2438205], [-70.8157868, -33.243821], [-70.8157875, -33.2438215], [-70.8157882, -33.243822], [-70.8157889, -33.2438225], [-70.8157896, -33.243823], [-70.8157903, -33.2438235], [-70.8157994, -33.2438155], [-70.8158307, -33.2437164], [-70.815671, -33.2435918], [-70.8156701, -33.2435926], [-70.8156692, -33.2435934], [-70.8156683, -33.2435941], [-70.8156673, -33.2435949], [-70.8156664, -33.2435956], [-70.8156654, -33.2435964], [-70.8156644, -33.2435971], [-70.8156634, -33.2435978], [-70.8156624, -33.2435985], [-70.8156613, -33.2435991], [-70.8156603, -33.2435998], [-70.8156592, -33.2436004], [-70.8156581, -33.2436011], [-70.8156571, -33.2436017], [-70.815656, -33.2436023], [-70.8156548, -33.2436028], [-70.8156537, -33.2436034], [-70.8156526, -33.243604], [-70.8156514, -33.2436045], [-70.8156503, -33.243605], [-70.8156491, -33.2436055], [-70.8156479, -33.243606], [-70.8156467, -33.2436064], [-70.8156455, -33.2436069], [-70.8156443, -33.2436073], [-70.8156431, -33.2436077], [-70.8156419, -33.2436081], [-70.8156407, -33.2436084], [-70.8156394, -33.2436088], [-70.8156382, -33.2436091], [-70.8156369, -33.2436094], [-70.8156357, -33.2436097], [-70.8156344, -33.24361], [-70.8156331, -33.2436103], [-70.8156319, -33.2436105], [-70.8156306, -33.2436107], [-70.8156293, -33.243611], [-70.815628, -33.2436111], [-70.8156267, -33.2436113], [-70.8156254, -33.2436115], [-70.8156241, -33.2436116], [-70.8156228, -33.2436117], [-70.8156215, -33.2436118], [-70.8156202, -33.2436119], [-70.8156189, -33.2436119], [-70.8156176, -33.2436119], [-70.8156163, -33.243612], [-70.815615, -33.2436119], [-70.8156137, -33.2436119], [-70.8156124, -33.2436119], [-70.8156111, -33.2436118], [-70.8156098, -33.2436117], [-70.8156085, -33.2436116], [-70.8154888, -33.2436022], [-70.815369, -33.2435939], [-70.8152491, -33.2435869], [-70.8148409, -33.243565], [-70.8148409, -33.243565]]]]}}, {"type": "Feature", "properties": {"fid": 259, "Area": 1794.018}, "geometry": {"type": "MultiPolygon", "coordinates": [[[[-70.8130809, -33.2445418], [-70.813092, -33.2445205], [-70.8131036, -33.2444993], [-70.8131156, -33.2444783], [-70.813128, -33.2444575], [-70.8131408, -33.2444369], [-70.813154, -33.2444164], [-70.8131676, -33.2443961], [-70.8131816, -33.2443761], [-70.813196, -33.2443562], [-70.8132108, -33.2443365], [-70.8132259, -33.244317], [-70.8132415, -33.2442977], [-70.8132574, -33.2442787], [-70.8132737, -33.2442598], [-70.8132903, -33.2442412], [-70.8134459, -33.2443454], [-70.8133823, -33.2444125], [-70.8133694, -33.2444293], [-70.8133568, -33.2444462], [-70.8133445, -33.2444633], [-70.8133326, -33.2444806], [-70.813321, -33.244498], [-70.8133097, -33.2445156], [-70.8132988, -33.2445334], [-70.8132882, -33.2445512], [-70.8132779, -33.2445693], [-70.813268, -33.2445874], [-70.8132584, -33.2446057], [-70.8129903, -33.2451291], [-70.8128129, -33.2450649], [-70.8130809, -33.2445418]]]]}}, {"type": "Feature", "properties": {"fid": 260, "Area": 1856.195}, "geometry": {"type": "MultiPolygon", "coordinates": [[[[-70.8132904, -33.2442411], [-70.8133075, -33.2442227], [-70.8133249, -33.2442046], [-70.8133426, -33.2441866], [-70.8133607, -33.244169], [-70.8133792, -33.2441516], [-70.8133979, -33.2441344], [-70.8134171, -33.2441175], [-70.8134365, -33.2441009], [-70.8134563, -33.2440845], [-70.8134764, -33.2440684], [-70.8134968, -33.2440526], [-70.8135175, -33.2440371], [-70.8135385, -33.2440219], [-70.8135598, -33.244007], [-70.8135814, -33.2439923], [-70.8138636, -33.2438043], [-70.8141457, -33.2436162], [-70.8142371, -33.2437957], [-70.8142234, -33.2438008], [-70.8142097, -33.2438061], [-70.8141962, -33.2438116], [-70.8141828, -33.2438173], [-70.8141695, -33.2438231], [-70.8141564, -33.2438292], [-70.8141433, -33.2438354], [-70.8141304, -33.2438418], [-70.8141176, -33.2438484], [-70.8141049, -33.2438551], [-70.8140923, -33.243862], [-70.8140799, -33.2438691], [-70.8140677, -33.2438764], [-70.8140555, -33.2438838], [-70.8140436, -33.2438914], [-70.8137014, -33.2441195], [-70.8136816, -33.2441329], [-70.8136621, -33.2441466], [-70.8136429, -33.2441606], [-70.8136239, -33.2441748], [-70.8136053, -33.2441894], [-70.8135869, -33.2442042], [-70.8135689, -33.2442192], [-70.8135511, -33.2442345], [-70.8134459, -33.2443454], [-70.8132891, -33.2442426], [-70.8132904, -33.2442411]]]]}}, {"type": "Feature", "properties": {"fid": 261, "Area": 3086.742}, "geometry": {"type": "MultiPolygon", "coordinates": [[[[-70.8133823, -33.2444125], [-70.8135007, -33.244475], [-70.8136203, -33.2445359], [-70.813741, -33.2445951], [-70.8138629, -33.2446526], [-70.8139858, -33.2447085], [-70.8141098, -33.2447627], [-70.8142349, -33.2448152], [-70.814361, -33.244866], [-70.814488, -33.244915], [-70.814616, -33.2449623], [-70.8147448, -33.2450079], [-70.8148746, -33.2450516], [-70.8150051, -33.2450936], [-70.8150745, -33.2449375], [-70.8149475, -33.2448966], [-70.8148213, -33.244854], [-70.814696, -33.2448097], [-70.8145715, -33.2447637], [-70.8144479, -33.244716], [-70.8143253, -33.2446667], [-70.8142036, -33.2446156], [-70.8140945, -33.2445682], [-70.8139864, -33.2445193], [-70.813879, -33.2444692], [-70.8137726, -33.2444177], [-70.8136671, -33.2443649], [-70.8135625, -33.2443109], [-70.8135616, -33.2443104], [-70.8135607, -33.2443099], [-70.8135599, -33.2443094], [-70.813559, -33.2443089], [-70.8135582, -33.2443084], [-70.8135574, -33.2443078], [-70.8135566, -33.2443073], [-70.8135558, -33.2443067], [-70.813555, -33.2443062], [-70.8135542, -33.2443056], [-70.8135535, -33.244305], [-70.8135527, -33.2443044], [-70.813552, -33.2443038], [-70.8135513, -33.2443032], [-70.8135506, -33.2443025], [-70.8135499, -33.2443019], [-70.8135492, -33.2443012], [-70.8135485, -33.2443006], [-70.8135479, -33.2442999], [-70.8135473, -33.2442992], [-70.8135466, -33.2442985], [-70.813546, -33.2442978], [-70.8135454, -33.2442971], [-70.8135448, -33.2442964], [-70.8135443, -33.2442956], [-70.8135437, -33.2442949], [-70.8135432, -33.2442942], [-70.8135427, -33.2442934], [-70.8135422, -33.2442926], [-70.8135417, -33.2442919], [-70.8135412, -33.2442911], [-70.8135408, -33.2442903], [-70.8135403, -33.2442895], [-70.8135399, -33.2442887], [-70.8135395, -33.2442879], [-70.8135391, -33.2442871], [-70.8135387, -33.2442863], [-70.8135384, -33.2442855], [-70.813538, -33.2442847], [-70.8135377, -33.2442839], [-70.8135374, -33.244283], [-70.8135371, -33.2442822], [-70.8135368, -33.2442813], [-70.8135366, -33.2442805], [-70.8135364, -33.2442797], [-70.8135361, -33.2442788], [-70.8135359, -33.244278], [-70.8135358, -33.2442771], [-70.8135356, -33.2442762], [-70.8135355, -33.2442754], [-70.8135353, -33.2442745], [-70.8135352, -33.2442736], [-70.8135351, -33.2442728], [-70.813535, -33.2442719], [-70.813535, -33.244271], [-70.813535, -33.2442702], [-70.8135349, -33.2442693], [-70.8135349, -33.2442684], [-70.8135349, -33.2442676], [-70.813535, -33.2442667], [-70.813535, -33.2442658], [-70.8135351, -33.244265], [-70.8135352, -33.2442641], [-70.8135353, -33.2442632], [-70.8135354, -33.2442624], [-70.8135356, -33.2442615], [-70.8135357, -33.2442606], [-70.8135359, -33.2442598], [-70.8135361, -33.2442589], [-70.8135363, -33.2442581], [-70.8135365, -33.2442572], [-70.8135368, -33.2442564], [-70.813537, -33.2442555], [-70.8135373, -33.2442547], [-70.8135376, -33.2442539], [-70.8135379, -33.2442531], [-70.8135383, -33.2442522], [-70.8135386, -33.2442514], [-70.813539, -33.2442506], [-70.8135394, -33.2442498], [-70.8135398, -33.244249], [-70.8135402, -33.2442482], [-70.8135406, -33.2442474], [-70.8135411, -33.2442466], [-70.8135416, -33.2442458], [-70.813542, -33.2442451], [-70.8135425, -33.2442443], [-70.8135431, -33.2442436], [-70.8135436, -33.2442428], [-70.8135441, -33.2442421], [-70.8135447, -33.2442413], [-70.81354517323945, -33.244240747887304], [-70.8134459, -33.2443454], [-70.8133823, -33.2444125]]], [[[-70.8135504, -33.2442352], [-70.8135497, -33.2442358], [-70.813549, -33.2442365], [-70.8135484, -33.2442371], [-70.8135477, -33.2442378], [-70.8135471, -33.2442385], [-70.8135465, -33.2442392], [-70.8135459, -33.2442399], [-70.8135453, -33.2442406], [-70.81354517323945, -33.244240747887304], [-70.8135511, -33.2442345], [-70.8135504, -33.2442352]]]]}}, {"type": "Feature", "properties": {"fid": 262, "Area": 1983.133}, "geometry": {"type": "MultiPolygon", "coordinates": [[[[-70.8150745, -33.2449375], [-70.8150051, -33.2450936], [-70.815135, -33.2451334], [-70.8152656, -33.2451714], [-70.8153969, -33.2452076], [-70.8155289, -33.245242], [-70.8156615, -33.2452746], [-70.8157947, -33.2453055], [-70.8159286, -33.2453345], [-70.8160629, -33.2453617], [-70.8161978, -33.2453871], [-70.8161908, -33.2453536], [-70.8160254, -33.2451556], [-70.8160241, -33.2451564], [-70.8160228, -33.2451571], [-70.8160214, -33.2451578], [-70.8160201, -33.2451585], [-70.8160187, -33.2451592], [-70.8160173, -33.2451599], [-70.8160159, -33.2451605], [-70.8160145, -33.2451611], [-70.8160131, -33.2451617], [-70.8160117, -33.2451623], [-70.8160102, -33.2451628], [-70.8160088, -33.2451634], [-70.8160073, -33.2451639], [-70.8160058, -33.2451644], [-70.8160043, -33.2451649], [-70.8160028, -33.2451653], [-70.8160013, -33.2451657], [-70.8159998, -33.2451661], [-70.8159983, -33.2451665], [-70.8159968, -33.2451669], [-70.8159952, -33.2451672], [-70.8159937, -33.2451675], [-70.8159921, -33.2451678], [-70.8159906, -33.2451681], [-70.815989, -33.2451683], [-70.8159875, -33.2451686], [-70.8159859, -33.2451688], [-70.8159843, -33.2451689], [-70.8159827, -33.2451691], [-70.8159812, -33.2451692], [-70.8159796, -33.2451693], [-70.815978, -33.2451694], [-70.8159764, -33.2451695], [-70.8159748, -33.2451695], [-70.8159732, -33.2451695], [-70.8159716, -33.2451695], [-70.81597, -33.2451695], [-70.8159685, -33.2451694], [-70.8159669, -33.2451694], [-70.8159653, -33.2451692], [-70.8159637, -33.2451691], [-70.8159621, -33.245169], [-70.8159605, -33.2451688], [-70.815959, -33.2451686], [-70.8159574, -33.2451684], [-70.8159558, -33.2451682], [-70.8159543, -33.2451679], [-70.8159527, -33.2451676], [-70.8159512, -33.2451673], [-70.8159496, -33.245167], [-70.8158229, -33.2451391], [-70.8156966, -33.2451096], [-70.815571, -33.2450784], [-70.8154459, -33.2450456], [-70.8153214, -33.2450111], [-70.8151976, -33.244975], [-70.8150745, -33.2449373], [-70.8150745, -33.2449375]]]]}}, {"type": "Feature", "properties": {"fid": 263, "Area": 2516.594}, "geometry": {"type": "MultiPolygon", "coordinates": [[[[-70.8161081, -33.2452546], [-70.8163302, -33.2451236], [-70.8163232, -33.2451172], [-70.8163164, -33.2451108], [-70.8163096, -33.2451043], [-70.816303, -33.2450976], [-70.8162965, -33.2450909], [-70.8162902, -33.2450841], [-70.816284, -33.2450772], [-70.8162779, -33.2450702], [-70.816272, -33.2450631], [-70.8162663, -33.2450559], [-70.8162607, -33.2450486], [-70.8162552, -33.2450413], [-70.8162499, -33.2450339], [-70.8162448, -33.2450264], [-70.8162398, -33.2450188], [-70.8162349, -33.2450112], [-70.8162302, -33.2450035], [-70.8162257, -33.2449957], [-70.8162213, -33.2449879], [-70.8162171, -33.24498], [-70.8162131, -33.244972], [-70.8162092, -33.244964], [-70.8162055, -33.2449559], [-70.816202, -33.2449478], [-70.8161986, -33.2449396], [-70.8161954, -33.2449314], [-70.8161924, -33.2449232], [-70.8161895, -33.2449148], [-70.8161868, -33.2449065], [-70.8161843, -33.2448981], [-70.8161819, -33.2448897], [-70.8161797, -33.2448812], [-70.8161777, -33.2448727], [-70.8159738, -33.2438947], [-70.8159737, -33.2438939], [-70.8159735, -33.2438931], [-70.8159734, -33.2438924], [-70.8159733, -33.2438916], [-70.8159732, -33.2438908], [-70.8159731, -33.24389], [-70.8159731, -33.2438892], [-70.815973, -33.2438884], [-70.815973, -33.2438877], [-70.815973, -33.2438869], [-70.815973, -33.2438861], [-70.815973, -33.2438853], [-70.8159731, -33.2438845], [-70.8159731, -33.2438837], [-70.8159732, -33.243883], [-70.8159733, -33.2438822], [-70.8159734, -33.2438814], [-70.8159735, -33.2438806], [-70.8159737, -33.2438798], [-70.8159738, -33.2438791], [-70.815974, -33.2438783], [-70.8159742, -33.2438775], [-70.8159744, -33.2438767], [-70.8159746, -33.243876], [-70.8159748, -33.2438752], [-70.8159751, -33.2438745], [-70.8159754, -33.2438737], [-70.8159756, -33.243873], [-70.8159759, -33.2438722], [-70.8159763, -33.2438715], [-70.8159766, -33.2438707], [-70.8159769, -33.24387], [-70.8159773, -33.2438693], [-70.8159777, -33.2438686], [-70.815978, -33.2438678], [-70.8159785, -33.2438671], [-70.8159789, -33.2438664], [-70.8159793, -33.2438657], [-70.8159797, -33.243865], [-70.8159802, -33.2438644], [-70.8159807, -33.2438637], [-70.8159812, -33.243863], [-70.8159817, -33.2438624], [-70.8159822, -33.2438617], [-70.8159827, -33.2438611], [-70.8159833, -33.2438604], [-70.8159838, -33.2438598], [-70.8159844, -33.2438592], [-70.815985, -33.2438585], [-70.8159856, -33.2438579], [-70.8159862, -33.2438573], [-70.8159868, -33.2438567], [-70.8159874, -33.2438562], [-70.8159881, -33.2438556], [-70.8159887, -33.243855], [-70.8159894, -33.2438545], [-70.8158307, -33.2437164], [-70.8157994, -33.2438155], [-70.8157903, -33.2438236], [-70.815791, -33.2438241], [-70.8157916, -33.2438247], [-70.8157923, -33.2438252], [-70.8157929, -33.2438258], [-70.8157935, -33.2438264], [-70.8157941, -33.243827], [-70.8157947, -33.2438275], [-70.8157953, -33.2438282], [-70.8157959, -33.2438288], [-70.8157964, -33.2438294], [-70.815797, -33.24383], [-70.8157975, -33.2438307], [-70.815798, -33.2438313], [-70.8157985, -33.2438319], [-70.815799, -33.2438326], [-70.8157995, -33.2438333], [-70.8158, -33.2438339], [-70.8158004, -33.2438346], [-70.8158009, -33.2438353], [-70.8158013, -33.243836], [-70.8158017, -33.2438367], [-70.8158021, -33.2438374], [-70.8158025, -33.2438381], [-70.8158028, -33.2438388], [-70.8158032, -33.2438395], [-70.8158035, -33.2438403], [-70.8158038, -33.243841], [-70.8158042, -33.2438417], [-70.8158044, -33.2438425], [-70.8158047, -33.2438432], [-70.815805, -33.243844], [-70.8158052, -33.2438447], [-70.8158055, -33.2438455], [-70.8158057, -33.2438462], [-70.8158059, -33.243847], [-70.8158061, -33.2438477], [-70.8158062, -33.2438485], [-70.8160629, -33.2450797], [-70.8160631, -33.245081], [-70.8160633, -33.2450823], [-70.8160636, -33.2450836], [-70.8160637, -33.2450849], [-70.8160639, -33.2450863], [-70.816064, -33.2450876], [-70.8160641, -33.2450889], [-70.8160642, -33.2450903], [-70.8160642, -33.2450916], [-70.8160642, -33.2450929], [-70.8160642, -33.2450943], [-70.8160642, -33.2450956], [-70.8160641, -33.2450969], [-70.816064, -33.2450983], [-70.8160639, -33.2450996], [-70.8160637, -33.2451009], [-70.8160635, -33.2451023], [-70.8160633, -33.2451036], [-70.8160631, -33.2451049], [-70.8160628, -33.2451062], [-70.8160625, -33.2451075], [-70.8160622, -33.2451088], [-70.8160619, -33.2451101], [-70.8160615, -33.2451114], [-70.8160611, -33.2451127], [-70.8160607, -33.245114], [-70.8160602, -33.2451153], [-70.8160598, -33.2451166], [-70.8160592, -33.2451178], [-70.8160587, -33.2451191], [-70.8160582, -33.2451204], [-70.8160576, -33.2451216], [-70.816057, -33.2451228], [-70.8160563, -33.2451241], [-70.8160557, -33.2451253], [-70.816055, -33.2451265], [-70.8160543, -33.2451277], [-70.8160536, -33.2451288], [-70.8160528, -33.24513], [-70.816052, -33.2451312], [-70.8160512, -33.2451323], [-70.8160504, -33.2451335], [-70.8160495, -33.2451346], [-70.8160486, -33.2451357], [-70.8160477, -33.2451368], [-70.8160468, -33.2451379], [-70.8160459, -33.245139], [-70.8160449, -33.24514], [-70.8160439, -33.2451411], [-70.8160429, -33.2451421], [-70.8160419, -33.2451431], [-70.8160408, -33.2451441], [-70.8160398, -33.2451451], [-70.8160387, -33.2451461], [-70.8160376, -33.245147], [-70.8160364, -33.245148], [-70.8160353, -33.2451489], [-70.8160341, -33.2451498], [-70.8160329, -33.2451507], [-70.8160317, -33.2451515], [-70.8160305, -33.2451524], [-70.8160292, -33.2451532], [-70.816028, -33.245154], [-70.8160267, -33.2451548], [-70.8160254, -33.2451556], [-70.8161081, -33.2452546], [-70.8161081, -33.2452546]]]]}}, {"type": "Feature", "properties": {"fid": 264, "Area": 2957.991}, "geometry": {"type": "MultiPolygon", "coordinates": [[[[-70.8161908, -33.2453536], [-70.8161081, -33.2452546], [-70.8163302, -33.2451236], [-70.8163373, -33.2451298], [-70.8163446, -33.2451359], [-70.8163519, -33.2451419], [-70.8163594, -33.2451478], [-70.816367, -33.2451535], [-70.8163747, -33.2451592], [-70.8163825, -33.2451648], [-70.8163905, -33.2451702], [-70.8163985, -33.2451755], [-70.8164067, -33.2451807], [-70.816415, -33.2451858], [-70.8164233, -33.2451908], [-70.8164318, -33.2451957], [-70.8164404, -33.2452004], [-70.816449, -33.245205], [-70.8164578, -33.2452095], [-70.8164666, -33.2452138], [-70.8164755, -33.245218], [-70.8164846, -33.2452221], [-70.8164937, -33.2452261], [-70.8165028, -33.2452299], [-70.8165121, -33.2452336], [-70.8165214, -33.2452371], [-70.8165308, -33.2452406], [-70.8165403, -33.2452439], [-70.8165498, -33.245247], [-70.8165594, -33.24525], [-70.8165691, -33.2452529], [-70.8165788, -33.2452556], [-70.8165886, -33.2452582], [-70.8165984, -33.2452607], [-70.8166083, -33.245263], [-70.8166182, -33.2452651], [-70.8166282, -33.2452672], [-70.8166382, -33.245269], [-70.8166482, -33.2452708], [-70.8166583, -33.2452723], [-70.8166684, -33.2452738], [-70.817935, -33.2454449], [-70.817763, -33.2456405], [-70.8177633, -33.2456395], [-70.8177635, -33.2456385], [-70.8177637, -33.2456375], [-70.8177639, -33.2456365], [-70.8177641, -33.2456355], [-70.8177643, -33.2456345], [-70.8177644, -33.2456335], [-70.8177645, -33.2456325], [-70.8177646, -33.2456315], [-70.8177647, -33.2456305], [-70.8177648, -33.2456295], [-70.8177648, -33.2456285], [-70.8177648, -33.2456274], [-70.8177648, -33.2456264], [-70.8177648, -33.2456254], [-70.8177647, -33.2456244], [-70.8177647, -33.2456234], [-70.8177646, -33.2456224], [-70.8177645, -33.2456214], [-70.8177644, -33.2456204], [-70.8177642, -33.2456194], [-70.817764, -33.2456184], [-70.8177639, -33.2456174], [-70.8177636, -33.2456164], [-70.8177634, -33.2456154], [-70.8177632, -33.2456144], [-70.8177629, -33.2456134], [-70.8177626, -33.2456124], [-70.8177623, -33.2456114], [-70.8177619, -33.2456105], [-70.8177616, -33.2456095], [-70.8177612, -33.2456085], [-70.8177608, -33.2456076], [-70.8177604, -33.2456066], [-70.81776, -33.2456057], [-70.8177595, -33.2456047], [-70.8177591, -33.2456038], [-70.8177586, -33.2456029], [-70.8177581, -33.245602], [-70.8177575, -33.2456011], [-70.817757, -33.2456001], [-70.8177564, -33.2455993], [-70.8177559, -33.2455984], [-70.8177553, -33.2455975], [-70.8177546, -33.2455966], [-70.817754, -33.2455958], [-70.8177533, -33.2455949], [-70.8177527, -33.2455941], [-70.817752, -33.2455932], [-70.8177513, -33.2455924], [-70.8177506, -33.2455916], [-70.8177498, -33.2455908], [-70.8177491, -33.24559], [-70.8177483, -33.2455892], [-70.8177475, -33.2455885], [-70.8177467, -33.2455877], [-70.8177459, -33.245587], [-70.817745, -33.2455862], [-70.8177442, -33.2455855], [-70.8177433, -33.2455848], [-70.8177425, -33.2455841], [-70.8177416, -33.2455834], [-70.8177407, -33.2455828], [-70.8177397, -33.2455821], [-70.8177388, -33.2455815], [-70.8177379, -33.2455808], [-70.8177369, -33.2455802], [-70.8177359, -33.2455796], [-70.817735, -33.245579], [-70.817734, -33.2455785], [-70.817733, -33.2455779], [-70.8177319, -33.2455774], [-70.8177309, -33.2455768], [-70.8177299, -33.2455763], [-70.8177288, -33.2455758], [-70.8177278, -33.2455753], [-70.8177267, -33.2455749], [-70.8177256, -33.2455744], [-70.8177245, -33.245574], [-70.8177234, -33.2455736], [-70.8177223, -33.2455732], [-70.8177212, -33.2455728], [-70.8177201, -33.2455724], [-70.817719, -33.2455721], [-70.8177178, -33.2455717], [-70.8177167, -33.2455714], [-70.8177155, -33.2455711], [-70.8177144, -33.2455708], [-70.8177132, -33.2455705], [-70.817712, -33.2455703], [-70.8177109, -33.24557], [-70.8177097, -33.2455698], [-70.8177085, -33.2455696], [-70.8177073, -33.2455694], [-70.8177061, -33.2455693], [-70.8167132, -33.2454351], [-70.8165821, -33.2454172], [-70.8164513, -33.2453977], [-70.8163208, -33.2453764], [-70.8161908, -33.2453536], [-70.8161908, -33.2453536]]]]}}, {"type": "Feature", "properties": {"fid": 265, "Area": 1824.516}, "geometry": {"type": "MultiPolygon", "coordinates": [[[[-70.8187717, -33.2449394], [-70.8181943, -33.2455135], [-70.8181265, -33.2455809], [-70.8179523, -33.2454572], [-70.8179346, -33.2454449], [-70.817936, -33.2454451], [-70.8179375, -33.2454452], [-70.8179389, -33.2454454], [-70.8179404, -33.2454455], [-70.8179419, -33.2454456], [-70.8179434, -33.2454457], [-70.8179448, -33.2454458], [-70.8179463, -33.2454458], [-70.8179478, -33.2454458], [-70.8179493, -33.2454458], [-70.8179508, -33.2454458], [-70.8179522, -33.2454458], [-70.8179537, -33.2454457], [-70.8179552, -33.2454456], [-70.8179567, -33.2454455], [-70.8179581, -33.2454454], [-70.8179596, -33.2454452], [-70.8179611, -33.2454451], [-70.8179625, -33.2454449], [-70.817964, -33.2454447], [-70.8179654, -33.2454444], [-70.8179669, -33.2454442], [-70.8179683, -33.2454439], [-70.8179698, -33.2454436], [-70.8179712, -33.2454433], [-70.8179726, -33.245443], [-70.817974, -33.2454426], [-70.8179754, -33.2454422], [-70.8179768, -33.2454418], [-70.8179782, -33.2454414], [-70.8179796, -33.245441], [-70.817981, -33.2454405], [-70.8179824, -33.24544], [-70.8179837, -33.2454395], [-70.8179851, -33.245439], [-70.8179864, -33.2454385], [-70.8179877, -33.2454379], [-70.817989, -33.2454373], [-70.8179903, -33.2454367], [-70.8179916, -33.2454361], [-70.8179929, -33.2454355], [-70.8179941, -33.2454348], [-70.8179954, -33.2454342], [-70.8179966, -33.2454335], [-70.8179978, -33.2454328], [-70.817999, -33.2454321], [-70.8180002, -33.2454313], [-70.8180014, -33.2454306], [-70.8180026, -33.2454298], [-70.8180037, -33.245429], [-70.8180048, -33.2454282], [-70.8180059, -33.2454274], [-70.818007, -33.2454265], [-70.8180081, -33.2454257], [-70.8180092, -33.2454248], [-70.8180102, -33.2454239], [-70.8180112, -33.245423], [-70.8180122, -33.2454221], [-70.8180132, -33.2454212], [-70.8180142, -33.2454203], [-70.8180516, -33.245383], [-70.8180516, -33.245383], [-70.8182896, -33.2451464], [-70.8186119, -33.2448259], [-70.8187717, -33.2449394]]]]}}, {"type": "Feature", "properties": {"fid": 266, "Area": 2958.641}, "geometry": {"type": "MultiPolygon", "coordinates": [[[[-70.817763, -33.2456405], [-70.8177627, -33.2456415], [-70.8177624, -33.2456424], [-70.8177621, -33.2456434], [-70.8177617, -33.2456444], [-70.8177614, -33.2456454], [-70.817761, -33.2456463], [-70.8177606, -33.2456473], [-70.8177602, -33.2456482], [-70.8177597, -33.2456491], [-70.8177593, -33.2456501], [-70.8177588, -33.245651], [-70.8177583, -33.2456519], [-70.8177578, -33.2456528], [-70.8177572, -33.2456537], [-70.8177567, -33.2456546], [-70.8177561, -33.2456555], [-70.8177555, -33.2456564], [-70.8177549, -33.2456573], [-70.8177543, -33.2456581], [-70.8177536, -33.245659], [-70.817753, -33.2456598], [-70.8177523, -33.2456606], [-70.8177516, -33.2456615], [-70.8177509, -33.2456623], [-70.8177502, -33.2456631], [-70.8177494, -33.2456639], [-70.8177486, -33.2456647], [-70.8177479, -33.2456654], [-70.8177471, -33.2456662], [-70.8177463, -33.2456669], [-70.8177454, -33.2456677], [-70.8172675, -33.2460869], [-70.8167895, -33.2465062], [-70.8172005, -33.2464558], [-70.8172001, -33.2464543], [-70.8171998, -33.2464528], [-70.8171995, -33.2464512], [-70.8171993, -33.2464497], [-70.817199, -33.2464482], [-70.8171989, -33.2464466], [-70.8171987, -33.2464451], [-70.8171986, -33.2464435], [-70.8171985, -33.246442], [-70.8171984, -33.2464404], [-70.8171984, -33.2464389], [-70.8171984, -33.2464373], [-70.8171984, -33.2464358], [-70.8171984, -33.2464342], [-70.8171985, -33.2464327], [-70.8171987, -33.2464311], [-70.8171988, -33.2464296], [-70.817199, -33.2464281], [-70.8171992, -33.2464265], [-70.8171995, -33.246425], [-70.8171998, -33.2464234], [-70.8172001, -33.2464219], [-70.8172004, -33.2464204], [-70.8172008, -33.2464189], [-70.8172012, -33.2464174], [-70.8172016, -33.2464159], [-70.8172021, -33.2464144], [-70.8172026, -33.2464129], [-70.8172031, -33.2464114], [-70.8172037, -33.2464099], [-70.8172043, -33.2464084], [-70.8172049, -33.246407], [-70.8172055, -33.2464055], [-70.8172062, -33.2464041], [-70.8172069, -33.2464026], [-70.8172077, -33.2464012], [-70.8172084, -33.2463998], [-70.8172092, -33.2463984], [-70.81721, -33.246397], [-70.8172109, -33.2463957], [-70.8172118, -33.2463943], [-70.8172127, -33.2463929], [-70.8172136, -33.2463916], [-70.8172146, -33.2463903], [-70.8172156, -33.246389], [-70.8172166, -33.2463877], [-70.8172176, -33.2463864], [-70.8172187, -33.2463851], [-70.8172198, -33.2463839], [-70.8172209, -33.2463827], [-70.8172221, -33.2463814], [-70.8172232, -33.2463802], [-70.8172244, -33.2463791], [-70.8172256, -33.2463779], [-70.8172269, -33.2463767], [-70.8172281, -33.2463756], [-70.8180768, -33.2456303], [-70.81812634095255, -33.24558105808741], [-70.8179348, -33.2454451], [-70.817763, -33.2456405]]], [[[-70.8181264, -33.2455811], [-70.8181265, -33.2455809], [-70.81812634095255, -33.24558105808741], [-70.8181264, -33.2455811]]]]}}, {"type": "Feature", "properties": {"fid": 267, "Area": 3283.909}, "geometry": {"type": "MultiPolygon", "coordinates": [[[[-70.8167899, -33.2465061], [-70.8189236, -33.2472807], [-70.8189917, -33.2471482], [-70.8172633, -33.2465208], [-70.8172616, -33.2465202], [-70.8172599, -33.2465195], [-70.8172583, -33.2465188], [-70.8172566, -33.2465181], [-70.817255, -33.2465174], [-70.8172533, -33.2465167], [-70.8172517, -33.2465159], [-70.8172501, -33.2465151], [-70.8172486, -33.2465143], [-70.817247, -33.2465135], [-70.8172455, -33.2465126], [-70.817244, -33.2465117], [-70.8172424, -33.2465108], [-70.817241, -33.2465099], [-70.8172395, -33.2465089], [-70.8172381, -33.246508], [-70.8172366, -33.246507], [-70.8172352, -33.246506], [-70.8172338, -33.2465049], [-70.8172325, -33.2465039], [-70.8172311, -33.2465028], [-70.8172298, -33.2465017], [-70.8172285, -33.2465006], [-70.8172272, -33.2464995], [-70.817226, -33.2464983], [-70.8172248, -33.2464972], [-70.8172236, -33.246496], [-70.8172224, -33.2464948], [-70.8172212, -33.2464936], [-70.8172201, -33.2464924], [-70.817219, -33.2464911], [-70.8172179, -33.2464898], [-70.8172169, -33.2464886], [-70.8172158, -33.2464873], [-70.8172148, -33.246486], [-70.8172139, -33.2464846], [-70.8172129, -33.2464833], [-70.817212, -33.246482], [-70.8172111, -33.2464806], [-70.8172103, -33.2464792], [-70.8172094, -33.2464778], [-70.8172086, -33.2464764], [-70.8172078, -33.246475], [-70.8172071, -33.2464736], [-70.8172064, -33.2464722], [-70.8172057, -33.2464707], [-70.817205, -33.2464693], [-70.8172044, -33.2464678], [-70.8172038, -33.2464663], [-70.8172032, -33.2464649], [-70.8172027, -33.2464634], [-70.8172022, -33.2464619], [-70.8172017, -33.2464604], [-70.8172013, -33.2464589], [-70.8172009, -33.2464573], [-70.8172005, -33.2464558], [-70.8167897, -33.246506], [-70.8167899, -33.2465061]]]]}}, {"type": "Feature", "properties": {"fid": 268, "Area": 868.427}, "geometry": {"type": "MultiPolygon", "coordinates": [[[[-70.819976, -33.2468825], [-70.8198871, -33.247412], [-70.8198869, -33.2474133], [-70.8198867, -33.2474146], [-70.8198865, -33.247416], [-70.8198864, -33.2474173], [-70.8198863, -33.2474186], [-70.8198862, -33.2474199], [-70.8198862, -33.2474213], [-70.8198862, -33.2474226], [-70.8198862, -33.2474239], [-70.8198862, -33.2474252], [-70.8198863, -33.2474266], [-70.8198864, -33.2474279], [-70.8198865, -33.2474292], [-70.8198866, -33.2474305], [-70.8198868, -33.2474319], [-70.819887, -33.2474332], [-70.8198873, -33.2474345], [-70.8198875, -33.2474358], [-70.8198878, -33.2474371], [-70.8198881, -33.2474384], [-70.8198884, -33.2474397], [-70.8198888, -33.247441], [-70.8198892, -33.2474423], [-70.8198896, -33.2474436], [-70.8198901, -33.2474449], [-70.8198905, -33.2474461], [-70.819891, -33.2474474], [-70.8198916, -33.2474486], [-70.8198921, -33.2474499], [-70.8198927, -33.2474511], [-70.8198933, -33.2474524], [-70.8198939, -33.2474536], [-70.8198946, -33.2474548], [-70.8198952, -33.247456], [-70.8198959, -33.2474572], [-70.8198966, -33.2474584], [-70.8198974, -33.2474595], [-70.8198982, -33.2474607], [-70.819899, -33.2474618], [-70.8198998, -33.247463], [-70.8199006, -33.2474641], [-70.8199015, -33.2474652], [-70.8199024, -33.2474663], [-70.8199033, -33.2474674], [-70.8199042, -33.2474685], [-70.8199052, -33.2474695], [-70.8199062, -33.2474706], [-70.8199072, -33.2474716], [-70.8199082, -33.2474726], [-70.8199092, -33.2474736], [-70.8199103, -33.2474746], [-70.8199114, -33.2474756], [-70.8199125, -33.2474765], [-70.8199136, -33.2474775], [-70.8199147, -33.2474784], [-70.8199159, -33.2474793], [-70.8199171, -33.2474802], [-70.8199183, -33.2474811], [-70.8199195, -33.2474819], [-70.8199207, -33.2474827], [-70.8199219, -33.2474836], [-70.8199232, -33.2474844], [-70.8199245, -33.2474851], [-70.8199258, -33.2474859], [-70.8199271, -33.2474866], [-70.8199284, -33.2474874], [-70.8199298, -33.2474881], [-70.8199311, -33.2474888], [-70.8199325, -33.2474894], [-70.8199339, -33.2474901], [-70.8199353, -33.2474907], [-70.8199367, -33.2474913], [-70.8199381, -33.2474919], [-70.8199395, -33.2474924], [-70.819941, -33.247493], [-70.8196346, -33.2473816], [-70.819636, -33.2473821], [-70.8196375, -33.2473826], [-70.819639, -33.2473831], [-70.8196405, -33.2473835], [-70.819642, -33.247384], [-70.8196435, -33.2473844], [-70.819645, -33.2473848], [-70.8196465, -33.2473851], [-70.819648, -33.2473855], [-70.8196496, -33.2473858], [-70.8196511, -33.2473861], [-70.8196527, -33.2473864], [-70.8196542, -33.2473866], [-70.8196558, -33.2473869], [-70.8196573, -33.2473871], [-70.8196589, -33.2473873], [-70.8196605, -33.2473874], [-70.8196621, -33.2473876], [-70.8196636, -33.2473877], [-70.8196652, -33.2473878], [-70.8196668, -33.2473879], [-70.8196684, -33.2473879], [-70.81967, -33.2473879], [-70.8196715, -33.247388], [-70.8196731, -33.2473879], [-70.8196747, -33.2473879], [-70.8196763, -33.2473878], [-70.8196779, -33.2473877], [-70.8196794, -33.2473876], [-70.819681, -33.2473875], [-70.8196826, -33.2473873], [-70.8196842, -33.2473871], [-70.8196857, -33.2473869], [-70.8196873, -33.2473867], [-70.8196888, -33.2473865], [-70.8196904, -33.2473862], [-70.8196919, -33.2473859], [-70.8196935, -33.2473856], [-70.819695, -33.2473852], [-70.8196965, -33.2473849], [-70.819698, -33.2473845], [-70.8196996, -33.2473841], [-70.8197011, -33.2473837], [-70.8197025, -33.2473832], [-70.819704, -33.2473827], [-70.8197055, -33.2473822], [-70.819707, -33.2473817], [-70.8197084, -33.2473812], [-70.8197098, -33.2473806], [-70.8197113, -33.2473801], [-70.8197127, -33.2473795], [-70.8197141, -33.2473788], [-70.8197155, -33.2473782], [-70.8197168, -33.2473775], [-70.8197182, -33.2473769], [-70.8197196, -33.2473762], [-70.8197209, -33.2473755], [-70.8197222, -33.2473747], [-70.8197235, -33.247374], [-70.8197248, -33.2473732], [-70.8197261, -33.2473724], [-70.8197273, -33.2473716], [-70.8197286, -33.2473707], [-70.8197298, -33.2473699], [-70.819731, -33.247369], [-70.8197322, -33.2473681], [-70.8197333, -33.2473672], [-70.8197345, -33.2473663], [-70.8197356, -33.2473654], [-70.8197367, -33.2473644], [-70.8197378, -33.2473635], [-70.8197389, -33.2473625], [-70.8197399, -33.2473615], [-70.8197409, -33.2473605], [-70.8197419, -33.2473595], [-70.8197429, -33.2473584], [-70.8197439, -33.2473574], [-70.8197448, -33.2473563], [-70.8197457, -33.2473552], [-70.8197466, -33.2473541], [-70.8197475, -33.247353], [-70.8197484, -33.2473519], [-70.8197492, -33.2473507], [-70.81975, -33.2473496], [-70.8197508, -33.2473484], [-70.8197515, -33.2473473], [-70.8197523, -33.2473461], [-70.819753, -33.2473449], [-70.8197536, -33.2473437], [-70.8197543, -33.2473425], [-70.8197549, -33.2473413], [-70.8197555, -33.24734], [-70.8197561, -33.2473388], [-70.8197567, -33.2473375], [-70.8197572, -33.2473363], [-70.8197577, -33.247335], [-70.8197582, -33.2473338], [-70.8197586, -33.2473325], [-70.8197591, -33.2473312], [-70.8197595, -33.2473299], [-70.8197598, -33.2473286], [-70.8197602, -33.2473273], [-70.8197605, -33.247326], [-70.8197608, -33.2473247], [-70.819761, -33.2473234], [-70.8197613, -33.2473221], [-70.8198378, -33.2468661], [-70.819976, -33.2468825]]]]}}, {"type": "Feature", "properties": {"fid": 269, "Area": 1293.702}, "geometry": {"type": "MultiPolygon", "coordinates": [[[[-70.8189236, -33.2472807], [-70.8189917, -33.2471482], [-70.8196348, -33.2473817], [-70.8197881, -33.2474374], [-70.8197201, -33.2475698], [-70.8189236, -33.2472807]]]]}}, {"type": "Feature", "properties": {"fid": 270, "Area": 2746.677}, "geometry": {"type": "MultiPolygon", "coordinates": [[[[-70.8197201, -33.2475698], [-70.8214149, -33.2481823], [-70.8214826, -33.2480501], [-70.8197881, -33.2474374], [-70.8197201, -33.2475698]]]]}}, {"type": "Feature", "properties": {"fid": 271, "Area": 1730.3}, "geometry": {"type": "MultiPolygon", "coordinates": [[[[-70.8214148, -33.2481827], [-70.8214826, -33.2480501], [-70.8222102, -33.2483131], [-70.8222117, -33.2483115], [-70.8222132, -33.2483099], [-70.8222148, -33.2483084], [-70.8222164, -33.2483068], [-70.822218, -33.2483053], [-70.8222196, -33.2483039], [-70.8222213, -33.2483024], [-70.822223, -33.248301], [-70.8222247, -33.2482996], [-70.8222264, -33.2482982], [-70.8222282, -33.2482968], [-70.82223, -33.2482955], [-70.8222319, -33.2482942], [-70.8222337, -33.2482929], [-70.8222356, -33.2482917], [-70.8222375, -33.2482905], [-70.8222395, -33.2482893], [-70.8222415, -33.2482881], [-70.8222434, -33.248287], [-70.8222455, -33.2482859], [-70.8222475, -33.2482848], [-70.8222496, -33.2482838], [-70.8222516, -33.2482828], [-70.8222537, -33.2482818], [-70.8222559, -33.2482808], [-70.822258, -33.2482799], [-70.8222602, -33.248279], [-70.8222623, -33.2482781], [-70.8222645, -33.2482773], [-70.8222667, -33.2482765], [-70.822269, -33.2482758], [-70.8222712, -33.248275], [-70.8222735, -33.2482743], [-70.8222757, -33.2482737], [-70.822278, -33.248273], [-70.8222803, -33.2482725], [-70.8222826, -33.2482719], [-70.8222849, -33.2482714], [-70.8222873, -33.2482709], [-70.8222896, -33.2482704], [-70.822292, -33.24827], [-70.8222943, -33.2482696], [-70.8222967, -33.2482692], [-70.8222991, -33.2482689], [-70.8223014, -33.2482686], [-70.8223038, -33.2482684], [-70.8223062, -33.2482682], [-70.8223086, -33.248268], [-70.822311, -33.2482678], [-70.8223134, -33.2482677], [-70.8223158, -33.2482676], [-70.8223182, -33.2482676], [-70.8223206, -33.2482676], [-70.822323, -33.2482676], [-70.8223254, -33.2482677], [-70.8223278, -33.2482678], [-70.8223302, -33.2482679], [-70.8223326, -33.2482681], [-70.822335, -33.2482683], [-70.8223374, -33.2482685], [-70.8223398, -33.2482688], [-70.8223422, -33.2482691], [-70.8223445, -33.2482695], [-70.8223469, -33.2482698], [-70.8223492, -33.2482703], [-70.8223516, -33.2482707], [-70.8223539, -33.2482712], [-70.8223562, -33.2482717], [-70.8223586, -33.2482722], [-70.8223609, -33.2482728], [-70.8223631, -33.2482734], [-70.8223654, -33.2482741], [-70.8223677, -33.2482748], [-70.8223699, -33.2482755], [-70.8223722, -33.2482762], [-70.8223744, -33.248277], [-70.8223766, -33.2482778], [-70.8223788, -33.2482787], [-70.8223809, -33.2482796], [-70.8223831, -33.2482805], [-70.8223852, -33.2482814], [-70.8223873, -33.2482824], [-70.8223894, -33.2482834], [-70.8223915, -33.2482844], [-70.8223935, -33.2482855], [-70.8223955, -33.2482866], [-70.8223975, -33.2482877], [-70.8223995, -33.2482889], [-70.8224015, -33.24829], [-70.8224034, -33.2482912], [-70.8224053, -33.2482925], [-70.8224072, -33.2482937], [-70.822409, -33.248295], [-70.8224108, -33.2482964], [-70.8224126, -33.2482977], [-70.8224144, -33.2482991], [-70.8224161, -33.2483005], [-70.8224178, -33.2483019], [-70.8224195, -33.2483033], [-70.8224212, -33.2483048], [-70.8224228, -33.2483063], [-70.8224244, -33.2483078], [-70.8224259, -33.2483094], [-70.8224274, -33.2483109], [-70.8224289, -33.2483125], [-70.8224304, -33.2483141], [-70.8224318, -33.2483157], [-70.8224332, -33.2483174], [-70.8224345, -33.2483191], [-70.8224359, -33.2483207], [-70.8224371, -33.2483225], [-70.8224384, -33.2483242], [-70.8224396, -33.2483259], [-70.8224408, -33.2483277], [-70.8224419, -33.2483295], [-70.822443, -33.2483313], [-70.8224441, -33.2483331], [-70.8224451, -33.2483349], [-70.8224461, -33.2483367], [-70.8224471, -33.2483386], [-70.822448, -33.2483405], [-70.8224489, -33.2483423], [-70.8224497, -33.2483442], [-70.8224505, -33.2483461], [-70.8224512, -33.2483481], [-70.822452, -33.24835], [-70.8224526, -33.2483519], [-70.8224533, -33.2483539], [-70.8224539, -33.2483558], [-70.8224544, -33.2483578], [-70.8224549, -33.2483598], [-70.8224554, -33.2483618], [-70.8224558, -33.2483637], [-70.8224562, -33.2483657], [-70.8224566, -33.2483677], [-70.8224569, -33.2483697], [-70.8224571, -33.2483717], [-70.8224574, -33.2483738], [-70.8224575, -33.2483758], [-70.8224577, -33.2483778], [-70.8224578, -33.2483798], [-70.8224578, -33.2483818], [-70.8224579, -33.2483838], [-70.8224578, -33.2483859], [-70.8224578, -33.2483879], [-70.8224577, -33.2483899], [-70.8224575, -33.2483919], [-70.8224573, -33.2483939], [-70.8224571, -33.2483959], [-70.8224568, -33.2483979], [-70.8224565, -33.2483999], [-70.8224561, -33.2484019], [-70.8224557, -33.2484039], [-70.8224553, -33.2484059], [-70.8224548, -33.2484079], [-70.8224543, -33.2484099], [-70.8224537, -33.2484118], [-70.8224531, -33.2484138], [-70.8224524, -33.2484157], [-70.8224517, -33.2484177], [-70.822451, -33.2484196], [-70.8224502, -33.2484215], [-70.8224494, -33.2484234], [-70.8224486, -33.2484253], [-70.8224477, -33.2484272], [-70.8224468, -33.2484291], [-70.8224458, -33.2484309], [-70.8224448, -33.2484328], [-70.8224438, -33.2484346], [-70.8224427, -33.2484364], [-70.8224416, -33.2484382], [-70.8224404, -33.24844], [-70.8224392, -33.2484417], [-70.822438, -33.2484435], [-70.8224367, -33.2484452], [-70.8224355, -33.2484469], [-70.8224341, -33.2484486], [-70.8224328, -33.2484502], [-70.8224313, -33.2484519], [-70.8224299, -33.2484535], [-70.8224284, -33.2484551], [-70.8224269, -33.2484567], [-70.8224254, -33.2484582], [-70.8224238, -33.2484598], [-70.8224222, -33.2484613], [-70.8224206, -33.2484628], [-70.822419, -33.2484642], [-70.8224173, -33.2484657], [-70.8224155, -33.2484671], [-70.8224138, -33.2484685], [-70.822412, -33.2484699], [-70.8224102, -33.2484712], [-70.8224084, -33.2484725], [-70.8224065, -33.2484738], [-70.8224046, -33.248475], [-70.8224027, -33.2484763], [-70.8224008, -33.2484775], [-70.8223988, -33.2484786], [-70.8223968, -33.2484798], [-70.8223948, -33.2484809], [-70.8223928, -33.248482], [-70.8223907, -33.248483], [-70.8223887, -33.2484841], [-70.8223866, -33.2484851], [-70.8223845, -33.248486], [-70.8223823, -33.2484869], [-70.8223802, -33.2484878], [-70.822378, -33.2484887], [-70.8223758, -33.2484896], [-70.8223736, -33.2484904], [-70.8223714, -33.2484911], [-70.8223691, -33.2484919], [-70.8223669, -33.2484926], [-70.8223646, -33.2484932], [-70.8223623, -33.2484939], [-70.82236, -33.2484945], [-70.8223577, -33.2484951], [-70.8223554, -33.2484956], [-70.8223531, -33.2484961], [-70.8223507, -33.2484966], [-70.8223484, -33.248497], [-70.822346, -33.2484974], [-70.8223436, -33.2484978], [-70.8223413, -33.2484981], [-70.8223389, -33.2484984], [-70.8223365, -33.2484987], [-70.8223341, -33.2484989], [-70.8223317, -33.2484991], [-70.8223293, -33.2484992], [-70.8223269, -33.2484994], [-70.8223245, -33.2484994], [-70.8223221, -33.2484995], [-70.8223197, -33.2484995], [-70.8223173, -33.2484995], [-70.8223149, -33.2484994], [-70.8223125, -33.2484993], [-70.8223101, -33.2484992], [-70.8223077, -33.2484991], [-70.8223053, -33.2484989], [-70.8223029, -33.2484986], [-70.8223005, -33.2484984], [-70.8222981, -33.2484981], [-70.8222957, -33.2484977], [-70.8222934, -33.2484974], [-70.822291, -33.2484969], [-70.8222887, -33.2484965], [-70.8222863, -33.248496], [-70.822284, -33.2484955], [-70.8222817, -33.248495], [-70.8222794, -33.2484944], [-70.8222771, -33.2484938], [-70.8222748, -33.2484932], [-70.8222725, -33.2484925], [-70.8222703, -33.2484918], [-70.822268, -33.248491], [-70.8214148, -33.2481827]]]]}}, {"type": "Feature", "properties": {"fid": 272, "Area": 1557.233}, "geometry": {"type": "MultiPolygon", "coordinates": [[[[-70.7863643, -33.2785026], [-70.7862792, -33.2787136], [-70.7861594, -33.2789842], [-70.7861562, -33.2789915], [-70.7861533, -33.2789988], [-70.7861504, -33.2790061], [-70.7861477, -33.2790135], [-70.7861452, -33.2790209], [-70.7861428, -33.2790283], [-70.7861406, -33.2790358], [-70.7861385, -33.2790433], [-70.7861366, -33.2790508], [-70.7861348, -33.2790584], [-70.7861332, -33.2790659], [-70.7861318, -33.2790736], [-70.7861305, -33.2790812], [-70.7861293, -33.2790888], [-70.7861283, -33.2790965], [-70.7861275, -33.2791041], [-70.7861268, -33.2791118], [-70.785944, -33.2793638], [-70.7859584, -33.2791386], [-70.7859591, -33.2791289], [-70.78596, -33.2791192], [-70.7859611, -33.2791096], [-70.7859624, -33.2790999], [-70.7859639, -33.2790903], [-70.7859656, -33.2790807], [-70.7859675, -33.2790712], [-70.7859695, -33.2790616], [-70.7859718, -33.2790521], [-70.7859742, -33.2790426], [-70.786006, -33.2789233], [-70.7860467, -33.2787757], [-70.786115, -33.2786106], [-70.7861712, -33.2784757], [-70.7861716, -33.2784746], [-70.786172, -33.2784736], [-70.7861724, -33.2784726], [-70.7861727, -33.2784715], [-70.7861731, -33.2784705], [-70.7861734, -33.2784695], [-70.7861737, -33.2784684], [-70.786174, -33.2784673], [-70.7861742, -33.2784663], [-70.7861745, -33.2784652], [-70.7861747, -33.2784642], [-70.7861749, -33.2784631], [-70.786175, -33.278462], [-70.7861752, -33.2784609], [-70.7861753, -33.2784599], [-70.7861754, -33.2784588], [-70.7861755, -33.2784577], [-70.7861755, -33.2784566], [-70.7861756, -33.2784555], [-70.7861756, -33.2784544], [-70.7861756, -33.2784534], [-70.7861756, -33.2784523], [-70.7861755, -33.2784512], [-70.7861754, -33.2784501], [-70.7861753, -33.278449], [-70.7861752, -33.278448], [-70.7861751, -33.2784469], [-70.7861749, -33.2784458], [-70.7861747, -33.2784447], [-70.7861745, -33.2784437], [-70.7861743, -33.2784426], [-70.786174, -33.2784415], [-70.7861738, -33.2784405], [-70.7861735, -33.2784394], [-70.7861732, -33.2784384], [-70.7863904, -33.2784379], [-70.7863643, -33.2785026]]]]}}, {"type": "Feature", "properties": {"fid": 273, "Area": 1198.476}, "geometry": {"type": "MultiPolygon", "coordinates": [[[[-70.7843878, -33.2784424], [-70.7845323, -33.278442], [-70.7842726, -33.2792604], [-70.7841378, -33.2792303], [-70.7843878, -33.2784424]]]]}}, {"type": "Feature", "properties": {"fid": 274, "Area": 1225.735}, "geometry": {"type": "MultiPolygon", "coordinates": [[[[-70.7842828, -33.2795159], [-70.7842812, -33.2795147], [-70.7842795, -33.2795135], [-70.7842778, -33.2795124], [-70.7842761, -33.2795112], [-70.7842744, -33.2795101], [-70.7842726, -33.279509], [-70.7842709, -33.279508], [-70.7842691, -33.2795069], [-70.7842673, -33.2795059], [-70.7842654, -33.2795049], [-70.7842636, -33.279504], [-70.7842617, -33.279503], [-70.7842598, -33.2795021], [-70.7842578, -33.2795012], [-70.7842558, -33.2795003], [-70.7842538, -33.2794995], [-70.7842518, -33.2794986], [-70.7842497, -33.2794978], [-70.7842477, -33.2794971], [-70.7842456, -33.2794964], [-70.7842435, -33.2794957], [-70.7842414, -33.279495], [-70.7842393, -33.2794943], [-70.7842372, -33.2794937], [-70.7842351, -33.2794932], [-70.7842329, -33.2794926], [-70.7842307, -33.2794921], [-70.7842286, -33.2794916], [-70.7842264, -33.2794912], [-70.7842242, -33.2794908], [-70.784222, -33.2794904], [-70.7842198, -33.27949], [-70.7842176, -33.2794897], [-70.7842154, -33.2794894], [-70.7842131, -33.2794892], [-70.7842109, -33.2794889], [-70.7842087, -33.2794887], [-70.7842064, -33.2794886], [-70.7842042, -33.2794885], [-70.784202, -33.2794884], [-70.7841997, -33.2794883], [-70.7841975, -33.2794883], [-70.7841952, -33.2794883], [-70.784193, -33.2794883], [-70.7841907, -33.2794884], [-70.7841885, -33.2794885], [-70.7841862, -33.2794886], [-70.784184, -33.2794888], [-70.7841818, -33.279489], [-70.7841795, -33.2794892], [-70.7841773, -33.2794895], [-70.7841751, -33.2794898], [-70.7841729, -33.2794902], [-70.7841707, -33.2794905], [-70.7841685, -33.2794909], [-70.7841663, -33.2794913], [-70.7841641, -33.2794918], [-70.784162, -33.2794923], [-70.7841598, -33.2794928], [-70.7841577, -33.2794934], [-70.7841555, -33.279494], [-70.7841534, -33.2794946], [-70.7841513, -33.2794952], [-70.7841492, -33.2794959], [-70.7841471, -33.2794966], [-70.7841451, -33.2794974], [-70.784143, -33.2794982], [-70.784141, -33.279499], [-70.784139, -33.2794998], [-70.784137, -33.2795006], [-70.784135, -33.2795015], [-70.784133, -33.2795025], [-70.7841311, -33.2795034], [-70.7841292, -33.2795044], [-70.7841273, -33.2795054], [-70.7841254, -33.2795064], [-70.7841235, -33.2795075], [-70.7841217, -33.2795086], [-70.7841199, -33.2795097], [-70.7841181, -33.2795108], [-70.7841163, -33.279512], [-70.7841146, -33.2795132], [-70.7841129, -33.2795144], [-70.7841112, -33.2795156], [-70.7841095, -33.2795169], [-70.7841079, -33.2795182], [-70.7841062, -33.2795195], [-70.7841047, -33.2795208], [-70.7841031, -33.2795222], [-70.7841016, -33.2795236], [-70.7841001, -33.279525], [-70.7840986, -33.2795264], [-70.7840972, -33.2795279], [-70.7840958, -33.2795293], [-70.7840944, -33.2795308], [-70.784093, -33.2795323], [-70.7842217, -33.2793855], [-70.7845928, -33.279665], [-70.7848828, -33.2798545], [-70.7850176, -33.2799426], [-70.7850908, -33.2799977], [-70.7853374, -33.2801837], [-70.7852766, -33.2802653], [-70.7852139, -33.2802176], [-70.7850247, -33.2800751], [-70.7848239, -33.2799234], [-70.7842828, -33.2795159]]]]}}, {"type": "Feature", "properties": {"fid": 275, "Area": 0.0}, "geometry": {"type": "MultiPolygon", "coordinates": []}}, {"type": "Feature", "properties": {"fid": 276, "Area": 0.0}, "geometry": {"type": "MultiPolygon", "coordinates": []}}, {"type": "Feature", "properties": {"fid": 277, "Area": 0.0}, "geometry": {"type": "MultiPolygon", "coordinates": []}}, {"type": "Feature", "properties": {"fid": 278, "Area": 0.0}, "geometry": {"type": "MultiPolygon", "coordinates": []}}, {"type": "Feature", "properties": {"fid": 279, "Area": 0.0}, "geometry": {"type": "MultiPolygon", "coordinates": []}}, {"type": "Feature", "properties": {"fid": 280, "Area": 1762.011}, "geometry": {"type": "MultiPolygon", "coordinates": [[[[-70.7846161, -33.2795011], [-70.7845924, -33.2794889], [-70.7845684, -33.279477], [-70.7845442, -33.2794654], [-70.7845198, -33.2794542], [-70.7844951, -33.2794433], [-70.7844702, -33.2794329], [-70.7844451, -33.2794227], [-70.7844198, -33.279413], [-70.7843943, -33.2794036], [-70.7843686, -33.2793946], [-70.7843427, -33.2793859], [-70.7843167, -33.2793776], [-70.7842905, -33.2793698], [-70.7842641, -33.2793622], [-70.7842376, -33.2793551], [-70.7842725, -33.2792604], [-70.7842726, -33.2792604], [-70.7843002, -33.2792678], [-70.7843276, -33.2792756], [-70.7843548, -33.2792838], [-70.7843819, -33.2792923], [-70.7844088, -33.2793012], [-70.7844355, -33.2793105], [-70.784462, -33.2793202], [-70.7844883, -33.2793302], [-70.7845145, -33.2793406], [-70.7845404, -33.2793514], [-70.7845661, -33.2793626], [-70.7845915, -33.2793741], [-70.7850947, -33.2796058], [-70.7851794, -33.2796448], [-70.7855679, -33.2798483], [-70.7855684, -33.2798485], [-70.7855689, -33.2798488], [-70.7855694, -33.279849], [-70.7855699, -33.2798492], [-70.7855704, -33.2798494], [-70.7855709, -33.2798497], [-70.7855714, -33.2798499], [-70.7855719, -33.2798501], [-70.7855725, -33.2798502], [-70.785573, -33.2798504], [-70.7855735, -33.2798506], [-70.785574, -33.2798508], [-70.7855746, -33.2798509], [-70.7855751, -33.2798511], [-70.7855756, -33.2798512], [-70.7855762, -33.2798514], [-70.7855767, -33.2798515], [-70.7855773, -33.2798516], [-70.7855778, -33.2798517], [-70.7855784, -33.2798518], [-70.7855789, -33.2798519], [-70.7855795, -33.279852], [-70.78558, -33.2798521], [-70.7855806, -33.2798522], [-70.7855812, -33.2798522], [-70.7855817, -33.2798523], [-70.7855823, -33.2798523], [-70.7855828, -33.2798524], [-70.7855834, -33.2798524], [-70.785584, -33.2798524], [-70.7854993, -33.2799665], [-70.7854635, -33.2799476], [-70.7850079, -33.2797076], [-70.7846161, -33.2795011]]]]}}, {"type": "Feature", "properties": {"fid": 281, "Area": 4279.151}, "geometry": {"type": "MultiPolygon", "coordinates": [[[[-70.7822096, -33.2792795], [-70.7822195, -33.2792747], [-70.7822296, -33.2792701], [-70.7822397, -33.2792656], [-70.7822499, -33.2792612], [-70.7822603, -33.279257], [-70.7822707, -33.279253], [-70.7822812, -33.2792491], [-70.7822917, -33.2792453], [-70.7823024, -33.2792417], [-70.7823131, -33.2792383], [-70.7823239, -33.279235], [-70.7823347, -33.2792318], [-70.7823456, -33.2792289], [-70.7823566, -33.279226], [-70.7823676, -33.2792234], [-70.7823787, -33.2792209], [-70.7823898, -33.2792185], [-70.782401, -33.2792164], [-70.7824122, -33.2792144], [-70.7824235, -33.2792125], [-70.7824348, -33.2792108], [-70.7824461, -33.2792093], [-70.7824575, -33.2792079], [-70.7824688, -33.2792067], [-70.7824802, -33.2792057], [-70.7824917, -33.2792049], [-70.7825031, -33.2792042], [-70.7825146, -33.2792036], [-70.782526, -33.2792033], [-70.7825375, -33.279203], [-70.7837473, -33.2791953], [-70.7837754, -33.2791953], [-70.7838035, -33.2791957], [-70.7838316, -33.2791965], [-70.7838597, -33.2791976], [-70.7838877, -33.2791992], [-70.7839158, -33.2792011], [-70.7839437, -33.2792034], [-70.7839717, -33.2792061], [-70.7839995, -33.2792092], [-70.7840273, -33.2792126], [-70.7840551, -33.2792165], [-70.7840827, -33.2792207], [-70.7841103, -33.2792253], [-70.7841378, -33.2792303], [-70.7842726, -33.2792604], [-70.7842376, -33.2793551], [-70.7842221, -33.2793512], [-70.7842218, -33.2793511], [-70.7842215, -33.2793511], [-70.7842213, -33.279351], [-70.784221, -33.2793509], [-70.7842207, -33.2793509], [-70.7842204, -33.2793508], [-70.7842202, -33.2793508], [-70.7842199, -33.2793508], [-70.7842196, -33.2793507], [-70.7842193, -33.2793507], [-70.784219, -33.2793507], [-70.7842188, -33.2793507], [-70.7842185, -33.2793506], [-70.7842182, -33.2793506], [-70.7842179, -33.2793506], [-70.7842176, -33.2793506], [-70.7842174, -33.2793506], [-70.7842171, -33.2793506], [-70.7842168, -33.2793506], [-70.7842165, -33.2793506], [-70.7842163, -33.2793507], [-70.784216, -33.2793507], [-70.7842157, -33.2793507], [-70.7842154, -33.2793507], [-70.7842151, -33.2793508], [-70.7842149, -33.2793508], [-70.7842146, -33.2793508], [-70.7842143, -33.2793509], [-70.784214, -33.2793509], [-70.7842138, -33.279351], [-70.7842135, -33.279351], [-70.7842132, -33.2793511], [-70.7842129, -33.2793512], [-70.7842127, -33.2793512], [-70.7842124, -33.2793513], [-70.7842121, -33.2793514], [-70.7842119, -33.2793514], [-70.7842116, -33.2793515], [-70.7842114, -33.2793516], [-70.7842111, -33.2793517], [-70.7842108, -33.2793518], [-70.7842106, -33.2793519], [-70.7842103, -33.279352], [-70.7842101, -33.2793521], [-70.7842098, -33.2793522], [-70.7842096, -33.2793523], [-70.7842094, -33.2793524], [-70.7842091, -33.2793526], [-70.7842089, -33.2793527], [-70.7842086, -33.2793528], [-70.7842084, -33.2793529], [-70.7842082, -33.2793531], [-70.7842079, -33.2793532], [-70.7842077, -33.2793534], [-70.7842075, -33.2793535], [-70.7842073, -33.2793536], [-70.7842071, -33.2793538], [-70.7842069, -33.279354], [-70.7842066, -33.2793541], [-70.7842064, -33.2793543], [-70.7842062, -33.2793544], [-70.784206, -33.2793546], [-70.7842058, -33.2793548], [-70.7842057, -33.2793549], [-70.7842055, -33.2793551], [-70.7842053, -33.2793553], [-70.7842051, -33.2793555], [-70.7842049, -33.2793556], [-70.7842047, -33.2793558], [-70.7842046, -33.279356], [-70.7842044, -33.2793562], [-70.7842042, -33.2793564], [-70.7842041, -33.2793566], [-70.7842039, -33.2793568], [-70.7842038, -33.279357], [-70.7842036, -33.2793572], [-70.7842035, -33.2793574], [-70.7842034, -33.2793576], [-70.7842032, -33.2793578], [-70.7842031, -33.279358], [-70.784203, -33.2793582], [-70.7842028, -33.2793584], [-70.7842027, -33.2793586], [-70.7842026, -33.2793589], [-70.7842025, -33.2793591], [-70.7842024, -33.2793593], [-70.7842023, -33.2793595], [-70.7842022, -33.2793597], [-70.7842021, -33.27936], [-70.784202, -33.2793602], [-70.784202, -33.2793604], [-70.7842019, -33.2793606], [-70.7842018, -33.2793609], [-70.7842018, -33.2793611], [-70.7842017, -33.2793613], [-70.7842016, -33.2793616], [-70.7842016, -33.2793618], [-70.7842015, -33.279362], [-70.7842015, -33.2793623], [-70.7842015, -33.2793625], [-70.7842014, -33.2793627], [-70.7842014, -33.279363], [-70.7842014, -33.2793632], [-70.7842014, -33.2793634], [-70.7842014, -33.2793637], [-70.7842013, -33.2793639], [-70.7842013, -33.2793641], [-70.7842013, -33.2793644], [-70.7842014, -33.2793646], [-70.7842014, -33.2793648], [-70.7842014, -33.2793651], [-70.7842014, -33.2793653], [-70.7842014, -33.2793655], [-70.7842015, -33.2793658], [-70.7842015, -33.279366], [-70.7842015, -33.2793662], [-70.7842016, -33.2793665], [-70.7842016, -33.2793667], [-70.7842017, -33.2793669], [-70.7842017, -33.2793672], [-70.7842018, -33.2793674], [-70.7842019, -33.2793676], [-70.784202, -33.2793678], [-70.784202, -33.2793681], [-70.7842021, -33.2793683], [-70.7842022, -33.2793685], [-70.7842023, -33.2793687], [-70.7842024, -33.279369], [-70.7842025, -33.2793692], [-70.7842026, -33.2793694], [-70.7842027, -33.2793696], [-70.7842028, -33.2793698], [-70.784203, -33.27937], [-70.7842031, -33.2793702], [-70.7842032, -33.2793705], [-70.7842033, -33.2793707], [-70.7842035, -33.2793709], [-70.7842036, -33.2793711], [-70.7842038, -33.2793713], [-70.7842039, -33.2793715], [-70.7842041, -33.2793717], [-70.7842042, -33.2793719], [-70.7842044, -33.2793721], [-70.7842045, -33.2793722], [-70.7842047, -33.2793724], [-70.7842049, -33.2793726], [-70.7842051, -33.2793728], [-70.7842053, -33.279373], [-70.7842054, -33.2793732], [-70.7842056, -33.2793733], [-70.7842058, -33.2793735], [-70.784206, -33.2793737], [-70.7842062, -33.2793738], [-70.7842064, -33.279374], [-70.7842066, -33.2793742], [-70.7842217, -33.2793855], [-70.7841619, -33.2794537], [-70.7841518, -33.2794498], [-70.7841417, -33.2794461], [-70.7841314, -33.2794424], [-70.7841211, -33.279439], [-70.7841107, -33.2794357], [-70.7841003, -33.2794325], [-70.7840898, -33.2794295], [-70.7840792, -33.2794266], [-70.7840686, -33.2794239], [-70.7840579, -33.2794214], [-70.7840472, -33.279419], [-70.7840364, -33.2794168], [-70.7840255, -33.2794147], [-70.7840147, -33.2794128], [-70.7840038, -33.279411], [-70.7839928, -33.2794094], [-70.7839819, -33.279408], [-70.7839709, -33.2794067], [-70.7839598, -33.2794056], [-70.783949, -33.2794047], [-70.7839382, -33.2794039], [-70.7839274, -33.2794033], [-70.7839165, -33.2794028], [-70.7839056, -33.2794025], [-70.7838948, -33.2794023], [-70.7838839, -33.2794023], [-70.783873, -33.2794025], [-70.7838622, -33.2794028], [-70.7838513, -33.2794032], [-70.7838405, -33.2794038], [-70.7838297, -33.2794046], [-70.7838188, -33.2794055], [-70.7838081, -33.2794066], [-70.7826734, -33.2794144], [-70.7825446, -33.2794153], [-70.7825377, -33.2794153], [-70.7825307, -33.2794154], [-70.7825237, -33.2794156], [-70.7825167, -33.2794159], [-70.7825097, -33.2794164], [-70.7825028, -33.2794169], [-70.7824958, -33.2794175], [-70.7824889, -33.2794183], [-70.782482, -33.2794191], [-70.7824751, -33.27942], [-70.7824682, -33.2794211], [-70.7824613, -33.2794222], [-70.7824545, -33.2794234], [-70.7824477, -33.2794248], [-70.7824409, -33.2794262], [-70.7824341, -33.2794277], [-70.7824274, -33.2794293], [-70.7824207, -33.2794311], [-70.7824141, -33.2794329], [-70.7824075, -33.2794348], [-70.7824009, -33.2794368], [-70.7823944, -33.279439], [-70.7823879, -33.2794412], [-70.7823815, -33.2794435], [-70.7823751, -33.2794459], [-70.7823688, -33.2794484], [-70.7823625, -33.2794509], [-70.7823563, -33.2794536], [-70.7823501, -33.2794564], [-70.782344, -33.2794592], [-70.7823379, -33.2794622], [-70.7822096, -33.2792795]]]]}}, {"type": "Feature", "properties": {"fid": 282, "Area": 2596.5}, "geometry": {"type": "MultiPolygon", "coordinates": [[[[-70.7826634, -33.2806925], [-70.7826634, -33.2806929], [-70.7826634, -33.2806934], [-70.78266340842359, -33.28069195788207], [-70.7826634, -33.280692], [-70.7826634, -33.2806925]]], [[[-70.7826635, -33.2806911], [-70.7826636, -33.2806906], [-70.7826636, -33.2806901], [-70.7826637, -33.2806897], [-70.7826638, -33.2806892], [-70.7826639, -33.2806887], [-70.782664, -33.2806883], [-70.7826641, -33.2806878], [-70.7826642, -33.2806873], [-70.7826644, -33.2806869], [-70.7826645, -33.2806864], [-70.7826647, -33.280686], [-70.7826648, -33.2806855], [-70.782665, -33.2806851], [-70.7826652, -33.2806846], [-70.7826654, -33.2806842], [-70.7826656, -33.2806837], [-70.7826658, -33.2806833], [-70.782666, -33.2806829], [-70.7826662, -33.2806824], [-70.7826665, -33.280682], [-70.7826667, -33.2806816], [-70.782667, -33.2806812], [-70.7826672, -33.2806808], [-70.7826675, -33.2806803], [-70.7826678, -33.2806799], [-70.7826681, -33.2806795], [-70.7826684, -33.2806791], [-70.7826687, -33.2806787], [-70.782669, -33.2806783], [-70.7826693, -33.280678], [-70.7826696, -33.2806776], [-70.78267, -33.2806772], [-70.7826703, -33.2806768], [-70.7826707, -33.2806765], [-70.782671, -33.2806761], [-70.7826714, -33.2806757], [-70.7826718, -33.2806754], [-70.7826721, -33.280675], [-70.7826725, -33.2806747], [-70.7826729, -33.2806744], [-70.7826733, -33.280674], [-70.7826737, -33.2806737], [-70.7826741, -33.2806734], [-70.7826746, -33.2806731], [-70.782675, -33.2806728], [-70.7826754, -33.2806725], [-70.7826759, -33.2806722], [-70.7826763, -33.2806719], [-70.7826768, -33.2806716], [-70.7826772, -33.2806714], [-70.7826777, -33.2806711], [-70.7826782, -33.2806708], [-70.7826786, -33.2806706], [-70.7826791, -33.2806703], [-70.7826796, -33.2806701], [-70.7826801, -33.2806699], [-70.7826806, -33.2806696], [-70.7826811, -33.2806694], [-70.7826816, -33.2806692], [-70.7826821, -33.280669], [-70.7826826, -33.2806688], [-70.7826831, -33.2806686], [-70.7826836, -33.2806685], [-70.7826842, -33.2806683], [-70.7826847, -33.2806681], [-70.7826852, -33.280668], [-70.7826858, -33.2806678], [-70.7826863, -33.2806677], [-70.7826868, -33.2806676], [-70.7826874, -33.2806674], [-70.7826879, -33.2806673], [-70.7826885, -33.2806672], [-70.782689, -33.2806671], [-70.7826896, -33.280667], [-70.7826901, -33.2806669], [-70.7826907, -33.2806669], [-70.7826912, -33.2806668], [-70.7826918, -33.2806667], [-70.7826923, -33.2806667], [-70.7826929, -33.2806666], [-70.7826935, -33.2806666], [-70.782694, -33.2806666], [-70.7826946, -33.2806666], [-70.7826951, -33.2806665], [-70.7826957, -33.2806665], [-70.7830204, -33.2806676], [-70.7830231, -33.2806676], [-70.7830257, -33.2806675], [-70.7830284, -33.2806675], [-70.783031, -33.2806673], [-70.7830337, -33.2806672], [-70.7830364, -33.280667], [-70.783039, -33.2806667], [-70.7830416, -33.2806664], [-70.7830443, -33.2806661], [-70.7830469, -33.2806658], [-70.7830495, -33.2806654], [-70.7830521, -33.2806649], [-70.7830547, -33.2806644], [-70.7830573, -33.2806639], [-70.7830599, -33.2806634], [-70.7830625, -33.2806628], [-70.783065, -33.2806622], [-70.7830676, -33.2806615], [-70.7830701, -33.2806608], [-70.7830726, -33.2806601], [-70.7830751, -33.2806593], [-70.7830776, -33.2806585], [-70.7830801, -33.2806576], [-70.7830825, -33.2806568], [-70.783085, -33.2806558], [-70.7830874, -33.2806549], [-70.7830898, -33.2806539], [-70.7830921, -33.2806529], [-70.7830945, -33.2806518], [-70.7830968, -33.2806507], [-70.7830991, -33.2806496], [-70.7831014, -33.2806484], [-70.7831036, -33.2806473], [-70.7831059, -33.280646], [-70.7831081, -33.2806448], [-70.7831102, -33.2806435], [-70.7831124, -33.2806422], [-70.7831145, -33.2806408], [-70.7831166, -33.2806394], [-70.7831187, -33.280638], [-70.7831207, -33.2806366], [-70.7831227, -33.2806351], [-70.7831247, -33.2806336], [-70.7831266, -33.2806321], [-70.7831285, -33.2806305], [-70.7831304, -33.2806289], [-70.7831323, -33.2806273], [-70.7831341, -33.2806257], [-70.7831358, -33.280624], [-70.7831376, -33.2806223], [-70.7831393, -33.2806206], [-70.783141, -33.2806188], [-70.7831426, -33.2806171], [-70.7831442, -33.2806153], [-70.7838156, -33.2798492], [-70.7838157, -33.2798491], [-70.7841352, -33.2794844], [-70.7841402, -33.2794783], [-70.7841452, -33.2794721], [-70.7841501, -33.2794659], [-70.7841548, -33.2794596], [-70.7841594, -33.2794532], [-70.7841499, -33.2794495], [-70.7841404, -33.2794459], [-70.7841308, -33.2794425], [-70.784121, -33.2794392], [-70.7841113, -33.279436], [-70.7841015, -33.279433], [-70.7840916, -33.2794301], [-70.7840816, -33.2794273], [-70.7840716, -33.2794247], [-70.7840616, -33.2794222], [-70.7840515, -33.2794199], [-70.7840413, -33.2794177], [-70.7840311, -33.2794157], [-70.7840209, -33.2794138], [-70.7840106, -33.2794121], [-70.7840003, -33.2794105], [-70.78399, -33.279409], [-70.7839796, -33.2794077], [-70.7839558, -33.2794065], [-70.784004, -33.2794363], [-70.7830375, -33.2805393], [-70.7830371, -33.2805397], [-70.7830368, -33.2805401], [-70.7830364, -33.2805405], [-70.7830361, -33.2805408], [-70.7830357, -33.2805412], [-70.7830353, -33.2805415], [-70.783035, -33.2805419], [-70.7830346, -33.2805422], [-70.7830342, -33.2805425], [-70.7830338, -33.2805429], [-70.7830334, -33.2805432], [-70.7830329, -33.2805435], [-70.7830325, -33.2805438], [-70.7830321, -33.2805441], [-70.7830317, -33.2805444], [-70.7830312, -33.2805447], [-70.7830308, -33.280545], [-70.7830303, -33.2805453], [-70.7830299, -33.2805455], [-70.7830294, -33.2805458], [-70.7830289, -33.2805461], [-70.7830285, -33.2805463], [-70.783028, -33.2805466], [-70.7830275, -33.2805468], [-70.783027, -33.280547], [-70.7830265, -33.2805473], [-70.783026, -33.2805475], [-70.7830255, -33.2805477], [-70.783025, -33.2805479], [-70.7830245, -33.2805481], [-70.783024, -33.2805483], [-70.7830234, -33.2805484], [-70.7830229, -33.2805486], [-70.7830224, -33.2805488], [-70.7830219, -33.2805489], [-70.7830213, -33.2805491], [-70.7830208, -33.2805492], [-70.7830203, -33.2805493], [-70.7830197, -33.2805495], [-70.7830192, -33.2805496], [-70.7830186, -33.2805497], [-70.7830181, -33.2805498], [-70.7830175, -33.2805499], [-70.783017, -33.28055], [-70.7830164, -33.28055], [-70.7830159, -33.2805501], [-70.7830153, -33.2805502], [-70.7830148, -33.2805502], [-70.7830142, -33.2805503], [-70.7830136, -33.2805503], [-70.7830131, -33.2805503], [-70.7830125, -33.2805503], [-70.783012, -33.2805504], [-70.7830114, -33.2805504], [-70.7826964, -33.2805493], [-70.7826959, -33.2805493], [-70.7826953, -33.2805493], [-70.7826947, -33.2805493], [-70.7826942, -33.2805493], [-70.7826936, -33.2805492], [-70.7826931, -33.2805492], [-70.7826925, -33.2805491], [-70.782692, -33.280549], [-70.7826914, -33.280549], [-70.7826908, -33.2805489], [-70.7826903, -33.2805488], [-70.7826897, -33.2805487], [-70.7826892, -33.2805486], [-70.7826886, -33.2805485], [-70.7826881, -33.2805484], [-70.7826876, -33.2805482], [-70.782687, -33.2805481], [-70.7826865, -33.280548], [-70.782686, -33.2805478], [-70.7826854, -33.2805477], [-70.7826849, -33.2805475], [-70.7826844, -33.2805473], [-70.7826839, -33.2805471], [-70.7826833, -33.2805469], [-70.7826828, -33.2805467], [-70.7826823, -33.2805465], [-70.7826818, -33.2805463], [-70.7826813, -33.2805461], [-70.7826808, -33.2805459], [-70.7826803, -33.2805456], [-70.7826799, -33.2805454], [-70.7826794, -33.2805452], [-70.7826789, -33.2805449], [-70.7826784, -33.2805446], [-70.782678, -33.2805444], [-70.7826775, -33.2805441], [-70.7826771, -33.2805438], [-70.7826766, -33.2805435], [-70.7826762, -33.2805432], [-70.7826758, -33.2805429], [-70.7826753, -33.2805426], [-70.7826749, -33.2805423], [-70.7826745, -33.280542], [-70.7826741, -33.2805417], [-70.7826737, -33.2805413], [-70.7826733, -33.280541], [-70.7826729, -33.2805406], [-70.7826725, -33.2805403], [-70.7826722, -33.2805399], [-70.7826718, -33.2805396], [-70.7826714, -33.2805392], [-70.7826711, -33.2805388], [-70.7826708, -33.2805385], [-70.7826704, -33.2805381], [-70.7826701, -33.2805377], [-70.7826698, -33.2805373], [-70.7826695, -33.2805369], [-70.7826692, -33.2805365], [-70.7826689, -33.2805361], [-70.7826686, -33.2805357], [-70.7826683, -33.2805353], [-70.7826681, -33.2805349], [-70.7826678, -33.2805345], [-70.7826676, -33.280534], [-70.7826673, -33.2805336], [-70.7826671, -33.2805332], [-70.7826669, -33.2805327], [-70.7826666, -33.2805323], [-70.7826664, -33.2805319], [-70.7826663, -33.2805314], [-70.7826661, -33.280531], [-70.7826659, -33.2805305], [-70.7826657, -33.2805301], [-70.7826656, -33.2805296], [-70.7826654, -33.2805292], [-70.7826653, -33.2805287], [-70.7826651, -33.2805283], [-70.782665, -33.2805278], [-70.7826649, -33.2805273], [-70.7826648, -33.2805269], [-70.7826647, -33.2805264], [-70.7826646, -33.2805259], [-70.7826646, -33.2805255], [-70.7826645, -33.280525], [-70.7826645, -33.2805245], [-70.7826644, -33.2805241], [-70.7826644, -33.2805236], [-70.7826644, -33.2805231], [-70.7826644, -33.2805226], [-70.7826644, -33.2805222], [-70.78266340842359, -33.28069195788207], [-70.7826635, -33.2806915], [-70.7826635, -33.2806911]]]]}}, {"type": "Feature", "properties": {"fid": 283, "Area": 1718.043}, "geometry": {"type": "MultiPolygon", "coordinates": [[[[-70.7825301, -33.2794154], [-70.7826696, -33.2794144], [-70.7826623, -33.2806086], [-70.7825231, -33.280608], [-70.7825301, -33.2794154]]]]}}, {"type": "Feature", "properties": {"fid": 284, "Area": 2005.544}, "geometry": {"type": "MultiPolygon", "coordinates": [[[[-70.7825232, -33.280608], [-70.7826623, -33.2806086], [-70.7826625, -33.2806086], [-70.7826617, -33.2807429], [-70.7826577, -33.2813866], [-70.7826576, -33.2813929], [-70.7826574, -33.2813992], [-70.782657, -33.2814055], [-70.7826566, -33.2814117], [-70.782656, -33.281418], [-70.7826552, -33.2814243], [-70.7826544, -33.2814305], [-70.7826534, -33.2814367], [-70.7826523, -33.2814433], [-70.782651, -33.2814498], [-70.7826496, -33.2814563], [-70.7826481, -33.2814628], [-70.7826464, -33.2814692], [-70.7826446, -33.2814756], [-70.7826426, -33.281482], [-70.7826406, -33.2814884], [-70.7826384, -33.2814948], [-70.782636, -33.2815011], [-70.7826336, -33.2815073], [-70.782631, -33.2815136], [-70.7826283, -33.2815198], [-70.7826254, -33.2815259], [-70.7826225, -33.2815321], [-70.7826194, -33.2815381], [-70.7826161, -33.2815442], [-70.7826128, -33.2815501], [-70.7826093, -33.2815561], [-70.7826058, -33.2815619], [-70.782602, -33.2815678], [-70.7825982, -33.2815735], [-70.7825943, -33.2815792], [-70.7825902, -33.2815849], [-70.782586, -33.2815905], [-70.7825817, -33.281596], [-70.7825773, -33.2816015], [-70.7825728, -33.2816069], [-70.7825682, -33.2816122], [-70.7825634, -33.2816175], [-70.7825586, -33.2816227], [-70.7824408, -33.2817469], [-70.78244, -33.2817478], [-70.7824392, -33.2817486], [-70.7824385, -33.2817495], [-70.7824377, -33.2817504], [-70.782437, -33.2817514], [-70.7824363, -33.2817523], [-70.7824356, -33.2817532], [-70.7824349, -33.2817542], [-70.7824342, -33.2817551], [-70.7824336, -33.2817561], [-70.782433, -33.2817571], [-70.7824324, -33.2817581], [-70.7824318, -33.2817591], [-70.7824313, -33.2817601], [-70.7824307, -33.2817611], [-70.7824302, -33.2817621], [-70.7824297, -33.2817631], [-70.7824292, -33.2817641], [-70.7824288, -33.2817652], [-70.7824284, -33.2817662], [-70.782428, -33.2817673], [-70.7824276, -33.2817683], [-70.7824272, -33.2817694], [-70.7824269, -33.2817705], [-70.7824266, -33.2817715], [-70.7824263, -33.2817726], [-70.782426, -33.2817737], [-70.7824257, -33.2817748], [-70.7824255, -33.2817759], [-70.7824253, -33.281777], [-70.7824251, -33.2817781], [-70.782425, -33.2817792], [-70.7824248, -33.2817803], [-70.7824247, -33.2817814], [-70.7824246, -33.2817825], [-70.7824246, -33.2817836], [-70.7824245, -33.2817847], [-70.7824245, -33.2817858], [-70.7824245, -33.2817869], [-70.7824245, -33.281788], [-70.7824246, -33.2817891], [-70.7824246, -33.2817902], [-70.7824247, -33.2817913], [-70.7824248, -33.2817924], [-70.782425, -33.2817935], [-70.7824251, -33.2817946], [-70.7824253, -33.2817957], [-70.7824255, -33.2817968], [-70.7824258, -33.2817979], [-70.782426, -33.281799], [-70.7824263, -33.2818], [-70.7824266, -33.2818011], [-70.7824269, -33.2818022], [-70.7824272, -33.2818033], [-70.7824276, -33.2818043], [-70.782428, -33.2818054], [-70.7824284, -33.2818064], [-70.7824288, -33.2818075], [-70.7824293, -33.2818085], [-70.7824297, -33.2818095], [-70.7824302, -33.2818106], [-70.7824307, -33.2818116], [-70.7824313, -33.2818126], [-70.7824318, -33.2818136], [-70.7824324, -33.2818146], [-70.782433, -33.2818156], [-70.7824336, -33.2818165], [-70.7824342, -33.2818175], [-70.7824349, -33.2818185], [-70.7824356, -33.2818194], [-70.7824363, -33.2818204], [-70.782437, -33.2818213], [-70.7824377, -33.2818222], [-70.7824385, -33.2818231], [-70.7824392, -33.281824], [-70.78244, -33.2818249], [-70.7824408, -33.2818258], [-70.7824417, -33.2818266], [-70.7824425, -33.2818275], [-70.7824434, -33.2818283], [-70.7824443, -33.2818291], [-70.7824451, -33.2818299], [-70.7824461, -33.2818307], [-70.782447, -33.2818315], [-70.7824479, -33.2818323], [-70.7824489, -33.281833], [-70.7824499, -33.2818338], [-70.7824509, -33.2818345], [-70.7824519, -33.2818352], [-70.7824419, -33.281829], [-70.7824318, -33.2818228], [-70.7824216, -33.2818169], [-70.7824113, -33.281811], [-70.7824008, -33.2818054], [-70.7823903, -33.2817998], [-70.7823796, -33.2817945], [-70.7823688, -33.2817893], [-70.7823579, -33.2817842], [-70.7823469, -33.2817793], [-70.7823359, -33.2817746], [-70.7823247, -33.28177], [-70.7823134, -33.2817656], [-70.782302, -33.2817614], [-70.7822906, -33.2817573], [-70.782279, -33.2817534], [-70.7822674, -33.2817496], [-70.7822557, -33.2817461], [-70.7822439, -33.2817427], [-70.7822321, -33.2817394], [-70.7822202, -33.2817364], [-70.7822083, -33.2817335], [-70.7821962, -33.2817308], [-70.7821842, -33.2817283], [-70.7821721, -33.2817259], [-70.7821599, -33.2817237], [-70.7821477, -33.2817217], [-70.7821354, -33.2817199], [-70.7821231, -33.2817183], [-70.7821108, -33.2817168], [-70.7820985, -33.2817155], [-70.7820861, -33.2817144], [-70.7820737, -33.2817135], [-70.7820613, -33.2817127], [-70.7820489, -33.2817122], [-70.7820364, -33.2817118], [-70.782024, -33.2817116], [-70.7820116, -33.2817116], [-70.7819991, -33.2817117], [-70.7819867, -33.2817121], [-70.7819743, -33.2817126], [-70.7819619, -33.2817133], [-70.7819495, -33.2817142], [-70.7819371, -33.2817152], [-70.7819247, -33.2817165], [-70.7819124, -33.2817179], [-70.7819001, -33.2817195], [-70.7818879, -33.2817213], [-70.7818756, -33.2817233], [-70.7818635, -33.2817254], [-70.7818513, -33.2817277], [-70.7822747, -33.2816428], [-70.78228, -33.2816417], [-70.7822854, -33.2816406], [-70.7822906, -33.2816393], [-70.7822959, -33.2816379], [-70.7823012, -33.2816365], [-70.7823064, -33.281635], [-70.7823115, -33.2816335], [-70.7823167, -33.2816318], [-70.7823218, -33.2816301], [-70.7823269, -33.2816283], [-70.7823319, -33.2816264], [-70.7823369, -33.2816245], [-70.7823419, -33.2816225], [-70.7823468, -33.2816204], [-70.7823517, -33.2816182], [-70.7823565, -33.281616], [-70.7823613, -33.2816137], [-70.782366, -33.2816113], [-70.7823707, -33.2816089], [-70.7823753, -33.2816064], [-70.7823799, -33.2816038], [-70.7823844, -33.2816012], [-70.7823889, -33.2815985], [-70.7823933, -33.2815957], [-70.7823976, -33.2815929], [-70.7824019, -33.28159], [-70.7824062, -33.281587], [-70.7824103, -33.281584], [-70.7824144, -33.2815809], [-70.7824185, -33.2815778], [-70.7824225, -33.2815746], [-70.7824264, -33.2815713], [-70.7824302, -33.281568], [-70.782434, -33.2815647], [-70.7824377, -33.2815612], [-70.7824413, -33.2815578], [-70.7824449, -33.2815542], [-70.7824484, -33.2815507], [-70.7824518, -33.281547], [-70.7824551, -33.2815433], [-70.7824584, -33.2815396], [-70.7824616, -33.2815358], [-70.7824647, -33.281532], [-70.7824677, -33.2815282], [-70.7824706, -33.2815243], [-70.7824735, -33.2815203], [-70.7824763, -33.2815163], [-70.782479, -33.2815123], [-70.7824816, -33.2815082], [-70.7824841, -33.2815041], [-70.7824866, -33.2815], [-70.7824889, -33.2814958], [-70.7824912, -33.2814916], [-70.7824934, -33.2814873], [-70.7824955, -33.281483], [-70.7824975, -33.2814787], [-70.7824994, -33.2814744], [-70.7825012, -33.28147], [-70.782503, -33.2814656], [-70.7825046, -33.2814612], [-70.7825062, -33.2814568], [-70.7825076, -33.2814523], [-70.782509, -33.2814479], [-70.7825103, -33.2814434], [-70.7825115, -33.2814388], [-70.7825126, -33.2814343], [-70.7825136, -33.2814298], [-70.7825145, -33.2814252], [-70.7825153, -33.2814206], [-70.7825159, -33.2814163], [-70.7825165, -33.281412], [-70.782517, -33.2814077], [-70.7825175, -33.2814033], [-70.7825178, -33.281399], [-70.782518, -33.2813946], [-70.7825182, -33.2813903], [-70.7825183, -33.2813859], [-70.7825195, -33.2812351], [-70.7825232, -33.280608]]]]}}, {"type": "Feature", "properties": {"fid": 285, "Area": 3201.598}, "geometry": {"type": "MultiPolygon", "coordinates": [[[[-70.7832688, -33.2826195], [-70.7833432, -33.2825592], [-70.7834787, -33.28244], [-70.7834746, -33.2824405], [-70.7834706, -33.2824409], [-70.7834666, -33.2824413], [-70.7834625, -33.2824416], [-70.7834584, -33.2824418], [-70.7834544, -33.282442], [-70.7834503, -33.2824421], [-70.7834462, -33.2824422], [-70.7834422, -33.2824422], [-70.7834381, -33.2824421], [-70.783434, -33.282442], [-70.78343, -33.2824418], [-70.7834259, -33.2824416], [-70.7834219, -33.2824413], [-70.7834178, -33.2824409], [-70.7834138, -33.2824405], [-70.7834097, -33.2824401], [-70.7834057, -33.2824395], [-70.7834017, -33.2824389], [-70.7833977, -33.2824383], [-70.7833937, -33.2824376], [-70.7833897, -33.2824368], [-70.7833858, -33.282436], [-70.7833819, -33.2824352], [-70.7833779, -33.2824342], [-70.783374, -33.2824332], [-70.7833702, -33.2824322], [-70.7833663, -33.2824311], [-70.7833625, -33.2824299], [-70.7833587, -33.2824287], [-70.7833549, -33.2824275], [-70.7833511, -33.2824262], [-70.7833474, -33.2824248], [-70.7833437, -33.2824234], [-70.78334, -33.2824219], [-70.7833364, -33.2824203], [-70.7833328, -33.2824188], [-70.7833292, -33.2824171], [-70.7833257, -33.2824154], [-70.7833222, -33.2824137], [-70.7833187, -33.2824119], [-70.7832653, -33.2823838], [-70.7832408, -33.2823706], [-70.783216, -33.2823577], [-70.783191, -33.2823451], [-70.7831657, -33.2823329], [-70.7831402, -33.2823211], [-70.7831144, -33.2823097], [-70.7830884, -33.2822986], [-70.7830622, -33.2822879], [-70.78305, -33.2822825], [-70.7830379, -33.282277], [-70.7830259, -33.2822712], [-70.783014, -33.2822654], [-70.7830022, -33.2822593], [-70.7829906, -33.2822531], [-70.7829791, -33.2822467], [-70.7829677, -33.2822402], [-70.7829565, -33.2822334], [-70.7829453, -33.2822266], [-70.7829344, -33.2822196], [-70.7829235, -33.2822124], [-70.7829129, -33.2822051], [-70.7829023, -33.2821976], [-70.7828919, -33.28219], [-70.7828817, -33.2821822], [-70.7825146, -33.2818817], [-70.7825057, -33.2818745], [-70.7824966, -33.2818675], [-70.7824874, -33.2818605], [-70.782478, -33.2818537], [-70.7824685, -33.2818471], [-70.7824588, -33.2818406], [-70.7824491, -33.2818342], [-70.7824391, -33.281828], [-70.7824291, -33.2818219], [-70.7824189, -33.2818159], [-70.7824087, -33.2818101], [-70.7823983, -33.2818045], [-70.7823877, -33.281799], [-70.7823771, -33.2817937], [-70.7823664, -33.2817885], [-70.7823555, -33.2817835], [-70.7823446, -33.2817786], [-70.7823335, -33.2817739], [-70.7823224, -33.2817694], [-70.7823112, -33.281765], [-70.7822999, -33.2817608], [-70.7822885, -33.2817568], [-70.782277, -33.2817529], [-70.7822654, -33.2817492], [-70.7822538, -33.2817456], [-70.7822421, -33.2817422], [-70.7822303, -33.281739], [-70.7822184, -33.281736], [-70.7822065, -33.2817332], [-70.7821946, -33.2817305], [-70.7821826, -33.281728], [-70.7821705, -33.2817256], [-70.7821584, -33.2817235], [-70.7821462, -33.2817215], [-70.782134, -33.2817197], [-70.7821218, -33.2817181], [-70.7821095, -33.2817166], [-70.7820973, -33.2817153], [-70.7820849, -33.2817143], [-70.7820726, -33.2817133], [-70.7820603, -33.2817126], [-70.7820479, -33.2817121], [-70.7820355, -33.2817117], [-70.7820231, -33.2817115], [-70.7820108, -33.2817115], [-70.7819984, -33.2817117], [-70.781986, -33.281712], [-70.7819736, -33.2817125], [-70.7819613, -33.2817133], [-70.781949, -33.2817141], [-70.7819366, -33.2817152], [-70.7819244, -33.2817165], [-70.7819121, -33.2817179], [-70.7818999, -33.2817195], [-70.7818877, -33.2817213], [-70.7818755, -33.2817232], [-70.7818634, -33.2817254], [-70.7818513, -33.2817277], [-70.7813153, -33.2818346], [-70.7813455, -33.2819492], [-70.7818836, -33.2818417], [-70.7818933, -33.2818399], [-70.781903, -33.2818382], [-70.7819128, -33.2818366], [-70.7819226, -33.2818351], [-70.7819325, -33.2818339], [-70.7819423, -33.2818327], [-70.7819522, -33.2818317], [-70.7819621, -33.2818308], [-70.7819721, -33.2818301], [-70.781982, -33.2818296], [-70.7819919, -33.2818291], [-70.7820019, -33.2818288], [-70.7820119, -33.2818287], [-70.7820218, -33.2818287], [-70.7820318, -33.2818289], [-70.7820417, -33.2818292], [-70.7820517, -33.2818296], [-70.7820616, -33.2818302], [-70.7820715, -33.2818309], [-70.7820814, -33.2818318], [-70.7820913, -33.2818328], [-70.7821012, -33.281834], [-70.782111, -33.2818353], [-70.7821208, -33.2818367], [-70.7821306, -33.2818383], [-70.7821404, -33.2818401], [-70.7821501, -33.281842], [-70.7821597, -33.281844], [-70.7821693, -33.2818461], [-70.7821789, -33.2818484], [-70.7821885, -33.2818509], [-70.7821979, -33.2818534], [-70.7822073, -33.2818562], [-70.7822167, -33.281859], [-70.782226, -33.281862], [-70.7822353, -33.2818651], [-70.7822444, -33.2818684], [-70.7822535, -33.2818718], [-70.7822626, -33.2818753], [-70.7822715, -33.2818789], [-70.7822804, -33.2818827], [-70.7822892, -33.2818866], [-70.7822979, -33.2818907], [-70.7823066, -33.2818948], [-70.7823151, -33.2818991], [-70.7823236, -33.2819035], [-70.782332, -33.2819081], [-70.7823402, -33.2819127], [-70.7823484, -33.2819175], [-70.7823565, -33.2819224], [-70.7823645, -33.2819274], [-70.7823723, -33.2819326], [-70.7823801, -33.2819378], [-70.7823877, -33.2819431], [-70.7823953, -33.2819486], [-70.7824027, -33.2819542], [-70.78241, -33.2819599], [-70.7824172, -33.2819657], [-70.7827852, -33.2822669], [-70.7828186, -33.2822941], [-70.7828516, -33.2823218], [-70.7828841, -33.2823498], [-70.782916, -33.2823783], [-70.7829475, -33.2824071], [-70.7829593, -33.2824175], [-70.7829714, -33.2824278], [-70.7829836, -33.2824378], [-70.782996, -33.2824477], [-70.7830087, -33.2824574], [-70.7830215, -33.2824669], [-70.7830345, -33.2824763], [-70.7830478, -33.2824854], [-70.7830612, -33.2824944], [-70.7830747, -33.2825032], [-70.7830885, -33.2825118], [-70.7831024, -33.2825201], [-70.7831165, -33.2825283], [-70.7831308, -33.2825363], [-70.7831452, -33.2825441], [-70.783242, -33.282595], [-70.783243, -33.2825955], [-70.7832441, -33.2825961], [-70.7832452, -33.2825968], [-70.7832462, -33.2825974], [-70.7832473, -33.282598], [-70.7832483, -33.2825987], [-70.7832493, -33.2825994], [-70.7832503, -33.2826001], [-70.7832513, -33.2826008], [-70.7832523, -33.2826015], [-70.7832532, -33.2826022], [-70.7832542, -33.282603], [-70.7832551, -33.2826037], [-70.783256, -33.2826045], [-70.7832569, -33.2826053], [-70.7832578, -33.2826061], [-70.7832586, -33.2826069], [-70.7832595, -33.2826077], [-70.7832603, -33.2826086], [-70.7832611, -33.2826094], [-70.7832619, -33.2826103], [-70.7832627, -33.2826111], [-70.7832634, -33.282612], [-70.7832642, -33.2826129], [-70.7832649, -33.2826138], [-70.7832656, -33.2826147], [-70.7832663, -33.2826157], [-70.7832669, -33.2826166], [-70.7832676, -33.2826175], [-70.7832682, -33.2826185], [-70.7832688, -33.2826195]]]]}}, {"type": "Feature", "properties": {"fid": 286, "Area": 1245.422}, "geometry": {"type": "MultiPolygon", "coordinates": [[[[-70.7820149, -33.2794278], [-70.7820215, -33.2794203], [-70.7820283, -33.279413], [-70.7820352, -33.2794058], [-70.7820422, -33.2793987], [-70.7820494, -33.2793917], [-70.7820567, -33.2793847], [-70.7820641, -33.2793779], [-70.7820717, -33.2793712], [-70.7820795, -33.2793646], [-70.7820873, -33.2793581], [-70.7820953, -33.2793517], [-70.7821034, -33.2793455], [-70.7821116, -33.2793393], [-70.78212, -33.2793333], [-70.7821285, -33.2793274], [-70.7821371, -33.2793216], [-70.7821458, -33.2793159], [-70.7821546, -33.2793104], [-70.7821635, -33.2793049], [-70.7821726, -33.2792996], [-70.7821817, -33.2792945], [-70.782191, -33.2792894], [-70.7822003, -33.2792845], [-70.7822097, -33.2792798], [-70.7823379, -33.2794622], [-70.7823321, -33.2794651], [-70.7823264, -33.2794681], [-70.7823207, -33.2794712], [-70.7823151, -33.2794744], [-70.7823095, -33.2794776], [-70.782304, -33.279481], [-70.7822986, -33.2794844], [-70.7822933, -33.2794879], [-70.782288, -33.2794914], [-70.7822828, -33.2794951], [-70.7822776, -33.2794988], [-70.7822726, -33.2795026], [-70.7822676, -33.2795064], [-70.7822627, -33.2795103], [-70.7822578, -33.2795143], [-70.7822531, -33.2795184], [-70.7822484, -33.2795225], [-70.7822438, -33.2795267], [-70.7822393, -33.279531], [-70.7822349, -33.2795353], [-70.7822306, -33.2795397], [-70.7822264, -33.2795441], [-70.7822222, -33.2795486], [-70.7822182, -33.2795532], [-70.7820076, -33.2797938], [-70.7818044, -33.2796684], [-70.7820149, -33.2794278]]]]}}, {"type": "Feature", "properties": {"fid": 287, "Area": 3653.344}, "geometry": {"type": "MultiPolygon", "coordinates": [[[[-70.7818044, -33.2796684], [-70.7820076, -33.2797938], [-70.7811706, -33.2807509], [-70.7811665, -33.2807556], [-70.7811625, -33.2807604], [-70.7811586, -33.2807653], [-70.7811549, -33.2807702], [-70.7811512, -33.2807752], [-70.7811476, -33.2807802], [-70.7811442, -33.2807852], [-70.7811408, -33.2807904], [-70.7811376, -33.2807955], [-70.7811344, -33.2808007], [-70.7811314, -33.280806], [-70.7811284, -33.2808113], [-70.7811256, -33.2808166], [-70.7811229, -33.280822], [-70.7811203, -33.2808274], [-70.7811178, -33.2808329], [-70.7811154, -33.2808384], [-70.7811132, -33.2808439], [-70.781111, -33.2808495], [-70.781109, -33.280855], [-70.7811071, -33.2808607], [-70.7811053, -33.2808663], [-70.7811036, -33.280872], [-70.781102, -33.2808777], [-70.7811006, -33.2808834], [-70.7810992, -33.2808891], [-70.781098, -33.2808949], [-70.7810969, -33.2809006], [-70.7808476, -33.280869], [-70.7808493, -33.2808597], [-70.7808513, -33.2808503], [-70.7808535, -33.280841], [-70.7808559, -33.2808317], [-70.7808584, -33.2808224], [-70.7808611, -33.2808132], [-70.7808641, -33.280804], [-70.7808672, -33.2807949], [-70.7808705, -33.2807858], [-70.780874, -33.2807768], [-70.7808777, -33.2807678], [-70.7808815, -33.2807588], [-70.7808856, -33.28075], [-70.7808898, -33.2807411], [-70.7808942, -33.2807324], [-70.7808988, -33.2807237], [-70.7809036, -33.2807151], [-70.7809085, -33.2807065], [-70.7809137, -33.2806981], [-70.7809189, -33.2806897], [-70.7809244, -33.2806813], [-70.78093, -33.2806731], [-70.7809358, -33.2806649], [-70.7809418, -33.2806569], [-70.780948, -33.2806489], [-70.7809543, -33.280641], [-70.7809607, -33.2806332], [-70.7809673, -33.2806255], [-70.7818044, -33.2796684]]]]}}, {"type": "Feature", "properties": {"fid": 288, "Area": 1376.662}, "geometry": {"type": "MultiPolygon", "coordinates": [[[[-70.7813757, -33.2820644], [-70.7812405, -33.2815498], [-70.7809938, -33.2815956], [-70.7811294, -33.2821111], [-70.7813757, -33.2820644]]]]}}, {"type": "Feature", "properties": {"fid": 289, "Area": 1827.634}, "geometry": {"type": "MultiPolygon", "coordinates": [[[[-70.7812405, -33.2815498], [-70.7812400935468, -33.281549875458275], [-70.7812401, -33.2815499], [-70.7812405, -33.2815498]]], [[[-70.7811001, -33.2810171], [-70.7810988, -33.2810113], [-70.7810977, -33.2810055], [-70.7810966, -33.2809998], [-70.7810957, -33.280994], [-70.7810948, -33.2809882], [-70.7810941, -33.2809823], [-70.7810936, -33.2809765], [-70.7810931, -33.2809707], [-70.7810928, -33.2809648], [-70.7810925, -33.280959], [-70.7810924, -33.2809531], [-70.7810924, -33.2809473], [-70.7810926, -33.2809414], [-70.7810928, -33.2809356], [-70.7810932, -33.2809297], [-70.7810937, -33.2809239], [-70.7810943, -33.2809181], [-70.7810951, -33.2809122], [-70.7810959, -33.2809064], [-70.7810969, -33.2809006], [-70.7808475, -33.280869], [-70.7808459, -33.2808786], [-70.7808445, -33.2808883], [-70.7808433, -33.2808979], [-70.7808423, -33.2809076], [-70.7808415, -33.2809172], [-70.7808409, -33.2809269], [-70.7808405, -33.2809366], [-70.7808403, -33.2809463], [-70.7808403, -33.280956], [-70.7808405, -33.2809657], [-70.7808409, -33.2809754], [-70.7808415, -33.280985], [-70.7808423, -33.2809947], [-70.7808433, -33.2810044], [-70.7808445, -33.281014], [-70.7808458, -33.2810236], [-70.7808474, -33.2810332], [-70.7808492, -33.2810428], [-70.7808512, -33.2810524], [-70.7809938, -33.2815956], [-70.7812400935468, -33.281549875458275], [-70.7811015, -33.2810228], [-70.7811001, -33.2810171]]]]}}, {"type": "Feature", "properties": {"fid": 290, "Area": 2954.669}, "geometry": {"type": "MultiPolygon", "coordinates": [[[[-70.7810055, -33.281639], [-70.7810402, -33.2817711], [-70.7794543, -33.2820653], [-70.7794502, -33.2820661], [-70.7794461, -33.2820667], [-70.779442, -33.2820673], [-70.7794378, -33.2820679], [-70.7794337, -33.2820684], [-70.7794295, -33.2820688], [-70.7794254, -33.2820692], [-70.7794212, -33.2820695], [-70.779417, -33.2820697], [-70.7794128, -33.2820699], [-70.7794086, -33.28207], [-70.7794044, -33.2820701], [-70.7794003, -33.2820701], [-70.7793961, -33.28207], [-70.7793919, -33.2820699], [-70.7793877, -33.2820697], [-70.7793835, -33.2820695], [-70.7793793, -33.2820692], [-70.7793752, -33.2820688], [-70.779371, -33.2820684], [-70.7793669, -33.2820679], [-70.7793627, -33.2820674], [-70.7793586, -33.2820668], [-70.7793545, -33.2820661], [-70.7793504, -33.2820654], [-70.7793463, -33.2820646], [-70.7793422, -33.2820638], [-70.7793382, -33.2820629], [-70.7793342, -33.2820619], [-70.7793302, -33.2820609], [-70.7793262, -33.2820598], [-70.7793222, -33.2820587], [-70.7793183, -33.2820575], [-70.7793143, -33.2820562], [-70.7793105, -33.2820549], [-70.7793066, -33.2820535], [-70.7793028, -33.2820521], [-70.779299, -33.2820507], [-70.7792952, -33.2820491], [-70.7792914, -33.2820475], [-70.7792877, -33.2820459], [-70.7792841, -33.2820442], [-70.7792804, -33.2820425], [-70.7792768, -33.2820407], [-70.7792733, -33.2820388], [-70.7792698, -33.2820369], [-70.7792663, -33.2820349], [-70.7792628, -33.2820329], [-70.7792594, -33.2820309], [-70.7789743, -33.2818554], [-70.7790696, -33.2817464], [-70.7793546, -33.2819218], [-70.7793557, -33.2819225], [-70.7793569, -33.2819231], [-70.779358, -33.2819238], [-70.7793592, -33.2819244], [-70.7793604, -33.281925], [-70.7793616, -33.2819256], [-70.7793628, -33.2819262], [-70.779364, -33.2819268], [-70.7793653, -33.2819273], [-70.7793665, -33.2819279], [-70.7793678, -33.2819284], [-70.7793691, -33.2819289], [-70.7793703, -33.2819293], [-70.7793716, -33.2819298], [-70.7793729, -33.2819302], [-70.7793742, -33.2819306], [-70.7793755, -33.281931], [-70.7793769, -33.2819314], [-70.7793782, -33.2819318], [-70.7793795, -33.2819321], [-70.7793809, -33.2819324], [-70.7793822, -33.2819327], [-70.7793836, -33.281933], [-70.7793849, -33.2819333], [-70.7793863, -33.2819335], [-70.7793877, -33.2819338], [-70.779389, -33.281934], [-70.7793904, -33.2819341], [-70.7793918, -33.2819343], [-70.7793932, -33.2819344], [-70.7793946, -33.2819346], [-70.779396, -33.2819347], [-70.7793974, -33.2819347], [-70.7793988, -33.2819348], [-70.7794002, -33.2819348], [-70.7794016, -33.2819349], [-70.7794029, -33.2819349], [-70.7794043, -33.2819348], [-70.7794057, -33.2819348], [-70.7794071, -33.2819347], [-70.7794085, -33.2819347], [-70.7794099, -33.2819345], [-70.7794113, -33.2819344], [-70.7794127, -33.2819343], [-70.7794141, -33.2819341], [-70.7794155, -33.2819339], [-70.7794168, -33.2819337], [-70.7794182, -33.2819335], [-70.7794196, -33.2819333], [-70.7810055, -33.281639]]]]}}, {"type": "Feature", "properties": {"fid": 291, "Area": 1000.099}, "geometry": {"type": "MultiPolygon", "coordinates": [[[[-70.7811298, -33.282111], [-70.7813757, -33.2820644], [-70.7814236, -33.282246], [-70.7814259, -33.2822553], [-70.7814281, -33.2822647], [-70.78143, -33.282274], [-70.7814318, -33.2822834], [-70.7814334, -33.2822928], [-70.7814348, -33.2823023], [-70.7814361, -33.2823117], [-70.7814371, -33.2823212], [-70.7814379, -33.2823307], [-70.7814386, -33.2823402], [-70.781439, -33.2823496], [-70.7814393, -33.2823592], [-70.7814394, -33.2823687], [-70.7814393, -33.2823782], [-70.781439, -33.2823877], [-70.7814385, -33.2823972], [-70.7814378, -33.2824066], [-70.7814369, -33.2824161], [-70.7814358, -33.2824256], [-70.7814346, -33.282435], [-70.7814331, -33.2824445], [-70.7814315, -33.2824539], [-70.7814297, -33.2824632], [-70.7814277, -33.2824726], [-70.7814255, -33.2824819], [-70.7814231, -33.2824912], [-70.7811782, -33.2824402], [-70.7811796, -33.2824343], [-70.7811809, -33.2824284], [-70.781182, -33.2824225], [-70.7811831, -33.2824166], [-70.781184, -33.2824107], [-70.7811849, -33.2824047], [-70.7811856, -33.2823987], [-70.7811861, -33.2823928], [-70.7811866, -33.2823868], [-70.7811869, -33.2823808], [-70.7811871, -33.2823748], [-70.7811872, -33.2823688], [-70.7811872, -33.2823628], [-70.781187, -33.2823568], [-70.7811868, -33.2823508], [-70.7811864, -33.2823449], [-70.7811858, -33.2823389], [-70.7811852, -33.2823329], [-70.7811844, -33.282327], [-70.7811836, -33.282321], [-70.7811826, -33.2823151], [-70.7811814, -33.2823092], [-70.7811802, -33.2823033], [-70.7811788, -33.2822974], [-70.7811774, -33.2822915], [-70.7811298, -33.282111]]]]}}, {"type": "Feature", "properties": {"fid": 292, "Area": 2312.365}, "geometry": {"type": "MultiPolygon", "coordinates": [[[[-70.7805029, -33.2831169], [-70.7805097, -33.2831156], [-70.7805164, -33.2831142], [-70.780523, -33.2831127], [-70.7805297, -33.2831112], [-70.7805363, -33.2831095], [-70.7805428, -33.2831077], [-70.7805494, -33.2831059], [-70.7805559, -33.283104], [-70.7805623, -33.2831019], [-70.7805687, -33.2830998], [-70.7805751, -33.2830976], [-70.7805815, -33.2830953], [-70.7805877, -33.2830929], [-70.780594, -33.2830905], [-70.7806002, -33.2830879], [-70.7807163, -33.2832825], [-70.7804958, -33.2833364], [-70.7804888, -33.2833373], [-70.7804817, -33.2833381], [-70.7796575, -33.2834912], [-70.7796031, -33.2832843], [-70.779603, -33.283284], [-70.7805029, -33.2831169]]]]}}, {"type": "Feature", "properties": {"fid": 293, "Area": 912.444}, "geometry": {"type": "MultiPolygon", "coordinates": [[[[-70.7809937, -33.282704], [-70.78099372168732, -33.28270397525321], [-70.7809936, -33.2827039], [-70.7809937, -33.282704]]], [[[-70.7813184, -33.2826907], [-70.7813248, -33.2826828], [-70.7813311, -33.2826748], [-70.7813372, -33.2826668], [-70.7813431, -33.2826586], [-70.7813489, -33.2826504], [-70.7813545, -33.2826421], [-70.7813599, -33.2826338], [-70.7813652, -33.2826253], [-70.7813703, -33.2826168], [-70.7813752, -33.2826082], [-70.7813799, -33.2825996], [-70.7813845, -33.2825908], [-70.7813889, -33.282582], [-70.7813932, -33.2825732], [-70.7813972, -33.2825643], [-70.7814011, -33.2825553], [-70.7814048, -33.2825463], [-70.7814083, -33.2825372], [-70.7814116, -33.2825281], [-70.7814148, -33.282519], [-70.7814178, -33.2825098], [-70.7814206, -33.2825005], [-70.7814232, -33.2824912], [-70.7811782, -33.2824402], [-70.7811766, -33.2824461], [-70.7811749, -33.2824519], [-70.7811732, -33.2824577], [-70.7811713, -33.2824635], [-70.7811693, -33.2824693], [-70.7811671, -33.282475], [-70.7811649, -33.2824807], [-70.7811625, -33.2824864], [-70.7811601, -33.282492], [-70.7811575, -33.2824976], [-70.7811548, -33.2825032], [-70.781152, -33.2825087], [-70.781149, -33.2825142], [-70.781146, -33.2825196], [-70.7811429, -33.282525], [-70.7811396, -33.2825304], [-70.7811363, -33.2825357], [-70.7811328, -33.2825409], [-70.7811292, -33.2825461], [-70.7811256, -33.2825513], [-70.7811218, -33.2825564], [-70.7811179, -33.2825614], [-70.7811139, -33.2825664], [-70.7811098, -33.2825714], [-70.7811057, -33.2825762], [-70.78099372168732, -33.28270397525321], [-70.7811967, -33.2828295], [-70.7813184, -33.2826907]]]]}}, {"type": "Feature", "properties": {"fid": 294, "Area": 1462.117}, "geometry": {"type": "MultiPolygon", "coordinates": [[[[-70.7809937, -33.282704], [-70.7811967, -33.2828295], [-70.7809458, -33.2831157], [-70.7809388, -33.2831233], [-70.7809317, -33.2831308], [-70.7809244, -33.2831381], [-70.780917, -33.2831454], [-70.7809094, -33.2831525], [-70.7809016, -33.2831595], [-70.7808938, -33.2831664], [-70.7808858, -33.2831733], [-70.7808776, -33.2831799], [-70.7808694, -33.2831865], [-70.780861, -33.283193], [-70.7808524, -33.2831993], [-70.7808437, -33.2832055], [-70.780835, -33.2832116], [-70.7808261, -33.2832176], [-70.780817, -33.2832234], [-70.7808079, -33.2832291], [-70.7807986, -33.2832347], [-70.7807892, -33.2832401], [-70.7807798, -33.2832454], [-70.7807702, -33.2832506], [-70.7807605, -33.2832556], [-70.7807507, -33.2832605], [-70.7807408, -33.2832653], [-70.7807308, -33.2832699], [-70.7807252, -33.2832724], [-70.7807193, -33.283275], [-70.7807133, -33.2832775], [-70.7806003, -33.2830882], [-70.7806068, -33.2830854], [-70.7806133, -33.2830825], [-70.7806196, -33.2830795], [-70.780626, -33.2830764], [-70.7806322, -33.2830732], [-70.7806384, -33.28307], [-70.7806445, -33.2830666], [-70.7806506, -33.2830632], [-70.7806565, -33.2830596], [-70.7806624, -33.283056], [-70.7806682, -33.2830523], [-70.780674, -33.2830485], [-70.7806797, -33.2830447], [-70.7806852, -33.2830407], [-70.7806907, -33.2830367], [-70.7806962, -33.2830325], [-70.7807015, -33.2830284], [-70.7807067, -33.2830241], [-70.7807119, -33.2830197], [-70.7807169, -33.2830153], [-70.7807219, -33.2830108], [-70.7807268, -33.2830062], [-70.7807316, -33.2830016], [-70.7807362, -33.2829969], [-70.7807408, -33.2829921], [-70.7807453, -33.2829873], [-70.7807497, -33.2829824], [-70.7809937, -33.282704]]]]}}, {"type": "Feature", "properties": {"fid": 295, "Area": 3157.884}, "geometry": {"type": "MultiPolygon", "coordinates": [[[[-70.7799233, -33.2839619], [-70.7799304, -33.2839571], [-70.7799374, -33.2839523], [-70.7799443, -33.2839473], [-70.7799512, -33.2839422], [-70.7799579, -33.2839371], [-70.7799645, -33.2839318], [-70.779971, -33.2839265], [-70.7799774, -33.283921], [-70.7799837, -33.2839155], [-70.7799898, -33.2839099], [-70.7799959, -33.2839042], [-70.7800018, -33.2838984], [-70.7800076, -33.2838925], [-70.7800133, -33.2838865], [-70.7800189, -33.2838805], [-70.7800244, -33.2838744], [-70.7804984, -33.2833335], [-70.7805112, -33.2833317], [-70.7805238, -33.2833297], [-70.7805365, -33.2833274], [-70.7805491, -33.283325], [-70.7805616, -33.2833225], [-70.7805741, -33.2833197], [-70.7805865, -33.2833167], [-70.7805988, -33.2833136], [-70.7806111, -33.2833103], [-70.7806233, -33.2833068], [-70.7806355, -33.2833032], [-70.7806476, -33.2832993], [-70.7806595, -33.2832953], [-70.7806714, -33.2832911], [-70.7806833, -33.2832867], [-70.780695, -33.2832822], [-70.7807066, -33.2832775], [-70.7807181, -33.2832726], [-70.7807296, -33.2832676], [-70.7801368, -33.2839439], [-70.7801299, -33.2839516], [-70.7801229, -33.2839592], [-70.7801157, -33.2839667], [-70.7801083, -33.2839741], [-70.7801009, -33.2839814], [-70.7800932, -33.2839886], [-70.7800855, -33.2839957], [-70.7800775, -33.2840027], [-70.7800695, -33.2840095], [-70.7800613, -33.2840163], [-70.780053, -33.2840229], [-70.7800445, -33.2840294], [-70.7800359, -33.2840358], [-70.7800272, -33.284042], [-70.7800183, -33.2840482], [-70.7800094, -33.2840542], [-70.7788598, -33.284811], [-70.7788586, -33.2848118], [-70.7788573, -33.2848127], [-70.7788561, -33.2848136], [-70.7788549, -33.2848145], [-70.7788538, -33.2848154], [-70.7788526, -33.2848163], [-70.7788515, -33.2848172], [-70.7788504, -33.2848182], [-70.7788493, -33.2848191], [-70.7788482, -33.2848201], [-70.7788472, -33.2848211], [-70.7788461, -33.2848221], [-70.7788451, -33.2848232], [-70.7788441, -33.2848242], [-70.7788432, -33.2848253], [-70.7788422, -33.2848263], [-70.7788413, -33.2848274], [-70.7788404, -33.2848285], [-70.7788395, -33.2848296], [-70.7788387, -33.2848308], [-70.7788378, -33.2848319], [-70.778837, -33.2848331], [-70.7788363, -33.2848342], [-70.7788355, -33.2848354], [-70.7788348, -33.2848366], [-70.7788341, -33.2848378], [-70.7788334, -33.284839], [-70.7788327, -33.2848402], [-70.7788321, -33.2848414], [-70.7788315, -33.2848427], [-70.7788309, -33.2848439], [-70.7788303, -33.2848452], [-70.7788298, -33.2848464], [-70.7788293, -33.2848477], [-70.7788288, -33.2848489], [-70.7788284, -33.2848502], [-70.778828, -33.2848515], [-70.7788276, -33.2848528], [-70.7788272, -33.2848541], [-70.7788268, -33.2848554], [-70.7788265, -33.2848567], [-70.7788262, -33.284858], [-70.778826, -33.2848593], [-70.7788257, -33.2848607], [-70.7788255, -33.284862], [-70.7788254, -33.2848633], [-70.7788252, -33.2848646], [-70.7788251, -33.284866], [-70.778825, -33.2848673], [-70.7788249, -33.2848686], [-70.7788249, -33.28487], [-70.7788249, -33.2848713], [-70.7788249, -33.2848726], [-70.7788249, -33.284874], [-70.778825, -33.2848753], [-70.7788251, -33.2848766], [-70.7788252, -33.284878], [-70.7788253, -33.2848793], [-70.7788255, -33.2848806], [-70.7788257, -33.284882], [-70.778826, -33.2848833], [-70.7788262, -33.2848846], [-70.7788265, -33.2848859], [-70.7788268, -33.2848872], [-70.7788272, -33.2848885], [-70.7788275, -33.2848898], [-70.7788279, -33.2848911], [-70.7788284, -33.2848924], [-70.7788288, -33.2848937], [-70.7788293, -33.2848949], [-70.7788298, -33.2848962], [-70.7788303, -33.2848975], [-70.7788309, -33.2848987], [-70.7788315, -33.2849], [-70.7788321, -33.2849012], [-70.7788327, -33.2849024], [-70.7788334, -33.2849036], [-70.7788293, -33.2848968], [-70.778825, -33.2848899], [-70.7788206, -33.2848832], [-70.7788161, -33.2848765], [-70.7788115, -33.2848698], [-70.7788067, -33.2848633], [-70.7788018, -33.2848568], [-70.7787967, -33.2848504], [-70.7787915, -33.284844], [-70.7787862, -33.2848378], [-70.7787808, -33.2848316], [-70.7787752, -33.2848255], [-70.7787695, -33.2848194], [-70.7787637, -33.2848135], [-70.7787578, -33.2848076], [-70.7787517, -33.2848018], [-70.7787455, -33.2847962], [-70.7787393, -33.2847906], [-70.7787328, -33.2847851], [-70.7787263, -33.2847796], [-70.7787197, -33.2847743], [-70.778713, -33.2847691], [-70.7787061, -33.284764], [-70.7786992, -33.284759], [-70.7786922, -33.284754], [-70.778685, -33.2847492], [-70.7786778, -33.2847445], [-70.7786704, -33.2847399], [-70.778663, -33.2847354], [-70.7786644, -33.284736], [-70.7786658, -33.2847366], [-70.7786673, -33.2847371], [-70.7786687, -33.2847376], [-70.7786701, -33.2847381], [-70.7786716, -33.2847386], [-70.7786731, -33.2847391], [-70.7786745, -33.2847395], [-70.778676, -33.2847399], [-70.7786775, -33.2847403], [-70.778679, -33.2847407], [-70.7786805, -33.2847411], [-70.7786821, -33.2847414], [-70.7786836, -33.2847417], [-70.7786851, -33.284742], [-70.7786867, -33.2847423], [-70.7786882, -33.2847425], [-70.7786897, -33.2847427], [-70.7786913, -33.2847429], [-70.7786929, -33.2847431], [-70.7786944, -33.2847433], [-70.778696, -33.2847434], [-70.7786975, -33.2847435], [-70.7786991, -33.2847436], [-70.7787007, -33.2847436], [-70.7787022, -33.2847437], [-70.7787038, -33.2847437], [-70.7787054, -33.2847437], [-70.7787069, -33.2847437], [-70.7787085, -33.2847436], [-70.7787101, -33.2847436], [-70.7787116, -33.2847435], [-70.7787132, -33.2847433], [-70.7787148, -33.2847432], [-70.7787163, -33.284743], [-70.7787179, -33.2847429], [-70.7787194, -33.2847426], [-70.778721, -33.2847424], [-70.7787225, -33.2847422], [-70.778724, -33.2847419], [-70.7787256, -33.2847416], [-70.7787271, -33.2847413], [-70.7787286, -33.2847409], [-70.7787301, -33.2847406], [-70.7787316, -33.2847402], [-70.7787331, -33.2847398], [-70.7787346, -33.2847394], [-70.7787361, -33.2847389], [-70.7787375, -33.2847384], [-70.778739, -33.284738], [-70.7787404, -33.2847374], [-70.7787419, -33.2847369], [-70.7787433, -33.2847364], [-70.7787447, -33.2847358], [-70.7787461, -33.2847352], [-70.7787475, -33.2847346], [-70.7787489, -33.2847339], [-70.7787502, -33.2847333], [-70.7787516, -33.2847326], [-70.7787529, -33.2847319], [-70.7787542, -33.2847312], [-70.7787555, -33.2847305], [-70.7787568, -33.2847297], [-70.7787581, -33.284729], [-70.7787594, -33.2847282], [-70.7787606, -33.2847274], [-70.7799233, -33.2839619]]]]}}, {"type": "Feature", "properties": {"fid": 296, "Area": 4404.911}, "geometry": {"type": "MultiPolygon", "coordinates": [[[[-70.7796575, -33.2834912], [-70.7796031, -33.2832843], [-70.7781915, -33.2835461], [-70.7777986, -33.2842273], [-70.7780327, -33.2841961], [-70.778224, -33.2838627], [-70.7782265, -33.2838585], [-70.7782291, -33.2838543], [-70.7782317, -33.2838502], [-70.7782344, -33.2838461], [-70.7782372, -33.283842], [-70.7782401, -33.283838], [-70.7782431, -33.283834], [-70.7782462, -33.2838301], [-70.7782493, -33.2838262], [-70.7782525, -33.2838223], [-70.7782558, -33.2838186], [-70.7782592, -33.2838148], [-70.7782627, -33.2838111], [-70.7782662, -33.2838075], [-70.7782698, -33.2838039], [-70.7782735, -33.2838004], [-70.7782773, -33.2837969], [-70.7782811, -33.2837935], [-70.778285, -33.2837901], [-70.778289, -33.2837868], [-70.778293, -33.2837835], [-70.7782971, -33.2837803], [-70.7783013, -33.2837772], [-70.7783055, -33.2837741], [-70.7783098, -33.2837711], [-70.7783141, -33.2837682], [-70.7783186, -33.2837653], [-70.778323, -33.2837625], [-70.7783276, -33.2837597], [-70.7783322, -33.2837571], [-70.7783368, -33.2837544], [-70.7783415, -33.2837519], [-70.7783463, -33.2837494], [-70.7783511, -33.283747], [-70.7783559, -33.2837447], [-70.7783608, -33.2837424], [-70.7783658, -33.2837402], [-70.7783708, -33.2837381], [-70.7783758, -33.2837361], [-70.7783809, -33.2837341], [-70.778386, -33.2837322], [-70.7783911, -33.2837304], [-70.7783963, -33.2837286], [-70.7784016, -33.283727], [-70.7784068, -33.2837254], [-70.7784121, -33.2837238], [-70.7784174, -33.2837224], [-70.7784228, -33.283721], [-70.7784282, -33.2837198], [-70.7784336, -33.2837186], [-70.778439, -33.2837174], [-70.7784445, -33.2837164], [-70.7796575, -33.2834912]]]]}}, {"type": "Feature", "properties": {"fid": 297, "Area": 4154.63}, "geometry": {"type": "MultiPolygon", "coordinates": [[[[-70.7784101, -33.2845965], [-70.778426, -33.284603], [-70.7784417, -33.2846098], [-70.7784573, -33.2846168], [-70.7784728, -33.284624], [-70.7784881, -33.2846314], [-70.7785033, -33.2846391], [-70.7785183, -33.2846469], [-70.7785331, -33.284655], [-70.7785478, -33.2846633], [-70.7785623, -33.2846718], [-70.7785766, -33.2846805], [-70.7785908, -33.2846894], [-70.7786047, -33.2846985], [-70.7786185, -33.2847078], [-70.7786321, -33.2847173], [-70.7786455, -33.284727], [-70.7786467, -33.2847279], [-70.7786479, -33.2847287], [-70.7786491, -33.2847296], [-70.7786504, -33.2847304], [-70.7786516, -33.2847312], [-70.7786529, -33.2847319], [-70.7786542, -33.2847327], [-70.7786555, -33.2847334], [-70.7786568, -33.2847342], [-70.7786582, -33.2847348], [-70.7786595, -33.2847355], [-70.7786609, -33.2847362], [-70.7786623, -33.2847368], [-70.7786636, -33.2847374], [-70.7786651, -33.284738], [-70.7786722, -33.2847424], [-70.7786793, -33.2847468], [-70.7786863, -33.2847513], [-70.7786932, -33.2847559], [-70.7787, -33.2847606], [-70.7787067, -33.2847654], [-70.7787133, -33.2847703], [-70.7787198, -33.2847753], [-70.7787262, -33.2847803], [-70.7787325, -33.2847855], [-70.7787387, -33.2847908], [-70.7787448, -33.2847961], [-70.7787508, -33.2848015], [-70.7787566, -33.2848071], [-70.7787624, -33.2848127], [-70.778768, -33.2848183], [-70.7787736, -33.2848241], [-70.778779, -33.2848299], [-70.7787843, -33.2848358], [-70.7787895, -33.2848418], [-70.7787945, -33.2848479], [-70.7787995, -33.284854], [-70.7788043, -33.2848602], [-70.778809, -33.2848665], [-70.7788135, -33.2848728], [-70.7788179, -33.2848792], [-70.7788222, -33.2848856], [-70.7788264, -33.2848922], [-70.7788305, -33.2848987], [-70.7788344, -33.2849054], [-70.7788349, -33.2849064], [-70.7788355, -33.2849074], [-70.7788361, -33.2849083], [-70.7790807, -33.2853135], [-70.7790849, -33.2853203], [-70.7790892, -33.285327], [-70.7790937, -33.2853337], [-70.7790983, -33.2853403], [-70.779103, -33.2853468], [-70.7791079, -33.2853533], [-70.7791129, -33.2853597], [-70.779118, -33.285366], [-70.7791232, -33.2853723], [-70.7791286, -33.2853785], [-70.7791341, -33.2853846], [-70.7791397, -33.2853906], [-70.7791455, -33.2853966], [-70.7791513, -33.2854024], [-70.7791573, -33.2854082], [-70.7791634, -33.2854139], [-70.7791696, -33.2854195], [-70.7791759, -33.285425], [-70.7791824, -33.2854304], [-70.7791889, -33.2854358], [-70.7791956, -33.285441], [-70.7792023, -33.2854462], [-70.7792092, -33.2854512], [-70.7792161, -33.2854561], [-70.7792232, -33.285461], [-70.7792303, -33.2854657], [-70.7793411, -33.285538], [-70.7791537, -33.285656], [-70.7791532, -33.285655], [-70.7791527, -33.285654], [-70.7791522, -33.285653], [-70.7791517, -33.285652], [-70.7791512, -33.285651], [-70.7791506, -33.28565], [-70.77915, -33.285649], [-70.7791494, -33.2856481], [-70.7791488, -33.2856471], [-70.7791481, -33.2856462], [-70.7791475, -33.2856452], [-70.7791468, -33.2856443], [-70.7791461, -33.2856434], [-70.7791453, -33.2856425], [-70.7791446, -33.2856416], [-70.7791438, -33.2856407], [-70.7791431, -33.2856398], [-70.7791423, -33.285639], [-70.7791414, -33.2856381], [-70.7791406, -33.2856373], [-70.7791398, -33.2856364], [-70.7791389, -33.2856356], [-70.779138, -33.2856348], [-70.7791371, -33.285634], [-70.7791362, -33.2856332], [-70.7791353, -33.2856325], [-70.7791343, -33.2856317], [-70.7791334, -33.285631], [-70.7791324, -33.2856303], [-70.7791314, -33.2856296], [-70.7791304, -33.2856289], [-70.7791294, -33.2856282], [-70.7790987, -33.2856082], [-70.7790886, -33.2856015], [-70.7790786, -33.2855946], [-70.7790688, -33.2855876], [-70.7790591, -33.2855805], [-70.7790495, -33.2855732], [-70.7790401, -33.2855658], [-70.7790309, -33.2855583], [-70.7790218, -33.2855506], [-70.7790129, -33.2855428], [-70.7790041, -33.2855349], [-70.7789955, -33.2855268], [-70.7789871, -33.2855186], [-70.7789789, -33.2855103], [-70.7789708, -33.2855019], [-70.7789636, -33.2854942], [-70.7789565, -33.2854863], [-70.7789496, -33.2854783], [-70.7789429, -33.2854703], [-70.7789364, -33.2854621], [-70.77893, -33.2854539], [-70.7789238, -33.2854455], [-70.7789178, -33.2854371], [-70.7789119, -33.2854286], [-70.7789062, -33.28542], [-70.7789007, -33.2854113], [-70.7788954, -33.2854025], [-70.7788903, -33.2853937], [-70.7788853, -33.2853848], [-70.7788806, -33.2853758], [-70.778876, -33.2853667], [-70.7788716, -33.2853576], [-70.7788674, -33.2853484], [-70.7788633, -33.2853392], [-70.7788595, -33.2853299], [-70.7788559, -33.2853206], [-70.7788524, -33.2853112], [-70.7788492, -33.2853017], [-70.7788461, -33.2852922], [-70.7788433, -33.2852827], [-70.7788406, -33.2852731], [-70.7788382, -33.2852635], [-70.7788148, -33.2851683], [-70.7788126, -33.2851598], [-70.7788103, -33.2851513], [-70.7788077, -33.2851428], [-70.7788051, -33.2851344], [-70.7788022, -33.285126], [-70.7787992, -33.2851177], [-70.778796, -33.2851094], [-70.7787926, -33.2851012], [-70.7787891, -33.285093], [-70.7787854, -33.2850848], [-70.7787815, -33.2850767], [-70.7787775, -33.2850687], [-70.7787733, -33.2850607], [-70.7787689, -33.2850528], [-70.7787644, -33.2850449], [-70.7787598, -33.2850372], [-70.7787526, -33.2850258], [-70.7787453, -33.2850145], [-70.7787377, -33.2850033], [-70.7787299, -33.2849922], [-70.7787219, -33.2849813], [-70.7787137, -33.2849704], [-70.7787052, -33.2849597], [-70.7786965, -33.2849491], [-70.7786876, -33.2849386], [-70.7786785, -33.2849283], [-70.7786692, -33.2849181], [-70.7786596, -33.284908], [-70.7786499, -33.2848981], [-70.77864, -33.2848883], [-70.7786299, -33.2848786], [-70.7786195, -33.2848691], [-70.778609, -33.2848597], [-70.7785983, -33.2848505], [-70.7785874, -33.2848415], [-70.7785764, -33.2848326], [-70.7785651, -33.2848239], [-70.7785537, -33.2848153], [-70.7785421, -33.2848069], [-70.7785303, -33.2847987], [-70.7785184, -33.2847906], [-70.7785063, -33.2847827], [-70.778494, -33.284775], [-70.7784816, -33.2847674], [-70.778469, -33.2847601], [-70.7784563, -33.2847529], [-70.7784435, -33.2847459], [-70.7784305, -33.2847391], [-70.7784173, -33.2847325], [-70.7784041, -33.284726], [-70.7783907, -33.2847198], [-70.7783772, -33.2847137], [-70.7783635, -33.2847079], [-70.7783498, -33.2847022], [-70.7782363, -33.2846565], [-70.7782284, -33.2846535], [-70.7782205, -33.2846505], [-70.7782125, -33.2846476], [-70.7782044, -33.2846448], [-70.7781963, -33.2846422], [-70.7781882, -33.2846397], [-70.77818, -33.2846373], [-70.7781717, -33.284635], [-70.7781634, -33.2846328], [-70.7781551, -33.2846308], [-70.7781467, -33.2846288], [-70.7781383, -33.284627], [-70.7781299, -33.2846253], [-70.7781214, -33.2846238], [-70.7781129, -33.2846223], [-70.7781043, -33.284621], [-70.7780958, -33.2846198], [-70.7780872, -33.2846187], [-70.7780786, -33.2846177], [-70.7780699, -33.2846169], [-70.7780613, -33.2846162], [-70.7780526, -33.2846156], [-70.7780439, -33.2846151], [-70.7780353, -33.2846148], [-70.7780266, -33.2846146], [-70.7780179, -33.2846145], [-70.7780092, -33.2846145], [-70.7780005, -33.2846147], [-70.7779918, -33.284615], [-70.7779832, -33.2846154], [-70.7779745, -33.2846159], [-70.7779659, -33.2846166], [-70.7779572, -33.2846173], [-70.7779486, -33.2846182], [-70.77794, -33.2846193], [-70.7779314, -33.2846204], [-70.7779229, -33.2846217], [-70.7779143, -33.2846231], [-70.7779058, -33.2846246], [-70.7778456, -33.2846358], [-70.7776139, -33.2845515], [-70.7778003, -33.284227], [-70.7780327, -33.284196], [-70.7780794, -33.2843733], [-70.7780804, -33.2843769], [-70.7780814, -33.2843805], [-70.7780826, -33.2843841], [-70.7780838, -33.2843876], [-70.7780851, -33.2843912], [-70.7780864, -33.2843947], [-70.7780878, -33.2843982], [-70.7780893, -33.2844017], [-70.7780909, -33.2844051], [-70.7780926, -33.2844085], [-70.7780943, -33.2844119], [-70.7780961, -33.2844153], [-70.7780979, -33.2844187], [-70.7780998, -33.284422], [-70.7781018, -33.2844253], [-70.7781039, -33.2844285], [-70.778106, -33.2844318], [-70.7781082, -33.284435], [-70.7781105, -33.2844381], [-70.7781128, -33.2844413], [-70.7781152, -33.2844444], [-70.7781176, -33.2844474], [-70.7781202, -33.2844505], [-70.7781227, -33.2844534], [-70.7781254, -33.2844564], [-70.7781281, -33.2844593], [-70.7781309, -33.2844622], [-70.7781337, -33.284465], [-70.7781366, -33.2844678], [-70.7781395, -33.2844706], [-70.7781425, -33.2844733], [-70.7781455, -33.2844759], [-70.7781487, -33.2844785], [-70.7781518, -33.2844811], [-70.778155, -33.2844836], [-70.7781583, -33.2844861], [-70.7781616, -33.2844885], [-70.778165, -33.2844909], [-70.7781684, -33.2844932], [-70.7781718, -33.2844955], [-70.7781753, -33.2844977], [-70.7781789, -33.2844999], [-70.7781825, -33.284502], [-70.7781861, -33.2845041], [-70.7781898, -33.2845061], [-70.7781936, -33.2845081], [-70.7781973, -33.28451], [-70.7782011, -33.2845119], [-70.778205, -33.2845136], [-70.7782088, -33.2845154], [-70.7782128, -33.2845171], [-70.7782167, -33.2845187], [-70.7784101, -33.2845965]]]]}}, {"type": "Feature", "properties": {"fid": 298, "Area": 1253.758}, "geometry": {"type": "MultiPolygon", "coordinates": [[[[-70.7776139, -33.2845515], [-70.7778455, -33.2846357], [-70.7775943, -33.285073], [-70.7773672, -33.284981], [-70.7776139, -33.2845515]]]]}}, {"type": "Feature", "properties": {"fid": 299, "Area": 2889.514}, "geometry": {"type": "MultiPolygon", "coordinates": [[[[-70.7773672, -33.284981], [-70.7775943, -33.285073], [-70.7771067, -33.2859216], [-70.7771017, -33.2859301], [-70.7770965, -33.2859386], [-70.7770912, -33.285947], [-70.7770856, -33.2859554], [-70.7770799, -33.2859636], [-70.7770741, -33.2859718], [-70.777068, -33.2859799], [-70.7770618, -33.2859879], [-70.7770555, -33.2859958], [-70.777049, -33.2860036], [-70.7770423, -33.2860113], [-70.7770355, -33.2860189], [-70.7770285, -33.2860265], [-70.7770214, -33.2860339], [-70.7770141, -33.2860412], [-70.7770067, -33.2860484], [-70.7769991, -33.2860556], [-70.7769914, -33.2860626], [-70.7769836, -33.2860695], [-70.7769756, -33.2860762], [-70.7769675, -33.2860829], [-70.7769592, -33.2860895], [-70.7769508, -33.2860959], [-70.7769423, -33.2861022], [-70.7769337, -33.2861084], [-70.7769249, -33.2861145], [-70.7768254, -33.2859008], [-70.7768299, -33.2858961], [-70.7768343, -33.2858914], [-70.7768386, -33.2858866], [-70.7768428, -33.2858817], [-70.7768469, -33.2858768], [-70.7768509, -33.2858719], [-70.7768549, -33.2858668], [-70.7768587, -33.2858617], [-70.7768624, -33.2858566], [-70.776866, -33.2858514], [-70.7768694, -33.2858462], [-70.7768728, -33.2858409], [-70.7768761, -33.2858356], [-70.7768793, -33.2858302], [-70.7773672, -33.284981]]]]}}, {"type": "Feature", "properties": {"fid": 300, "Area": 1640.471}, "geometry": {"type": "MultiPolygon", "coordinates": [[[[-70.7763533, -33.2864741], [-70.7763536, -33.2864744], [-70.77635332108264, -33.28647408674868], [-70.7763533, -33.2864741]]], [[[-70.7768254, -33.2859007], [-70.7768209, -33.2859053], [-70.7768162, -33.2859097], [-70.7768114, -33.2859141], [-70.7768065, -33.2859185], [-70.7768016, -33.2859228], [-70.7767966, -33.285927], [-70.7767915, -33.2859311], [-70.7767863, -33.2859352], [-70.776781, -33.2859392], [-70.7767757, -33.2859431], [-70.7767703, -33.2859469], [-70.7767648, -33.2859507], [-70.7767592, -33.2859544], [-70.7767536, -33.285958], [-70.7762025, -33.2863047], [-70.77635332108264, -33.28647408674868], [-70.7769251, -33.2861147], [-70.7768254, -33.2859007]]]]}}, {"type": "Feature", "properties": {"fid": 301, "Area": 2488.959}, "geometry": {"type": "MultiPolygon", "coordinates": [[[[-70.7762025, -33.2863047], [-70.7763534, -33.2864742], [-70.7757687, -33.2868417], [-70.7754421, -33.287047], [-70.7752911, -33.2868775], [-70.7762025, -33.2863047]]]]}}, {"type": "Feature", "properties": {"fid": 302, "Area": 3751.487}, "geometry": {"type": "GeometryCollection", "geometries": [{"type": "Polygon", "coordinates": [[[-70.7747967, -33.2875169], [-70.7747972, -33.2875091], [-70.7747979, -33.2875012], [-70.7747987, -33.2874934], [-70.7747997, -33.2874856], [-70.7748009, -33.2874778], [-70.7748022, -33.28747], [-70.7748037, -33.2874623], [-70.7748054, -33.2874546], [-70.7748072, -33.2874469], [-70.7748092, -33.2874392], [-70.7748113, -33.2874315], [-70.7748136, -33.2874239], [-70.774816, -33.2874163], [-70.7748186, -33.2874088], [-70.7748214, -33.2874013], [-70.7748243, -33.2873938], [-70.7748274, -33.2873864], [-70.7748306, -33.287379], [-70.774834, -33.2873717], [-70.7748375, -33.2873645], [-70.7748412, -33.2873572], [-70.774845, -33.2873501], [-70.774849, -33.287343], [-70.7748531, -33.2873359], [-70.7748574, -33.2873289], [-70.7748618, -33.287322], [-70.7748664, -33.2873151], [-70.7748711, -33.2873083], [-70.7748759, -33.2873016], [-70.7748809, -33.287295], [-70.774886, -33.2872884], [-70.7748912, -33.2872819], [-70.7748966, -33.2872755], [-70.7749021, -33.2872691], [-70.7749078, -33.2872629], [-70.7749135, -33.2872567], [-70.7749194, -33.2872506], [-70.7749255, -33.2872446], [-70.7749316, -33.2872387], [-70.7749379, -33.2872329], [-70.7749443, -33.2872271], [-70.7749508, -33.2872215], [-70.7749574, -33.287216], [-70.7749642, -33.2872105], [-70.7749646, -33.2872102], [-70.774965, -33.2872099], [-70.7749654, -33.2872096], [-70.7749658, -33.2872093], [-70.7749663, -33.287209], [-70.7749667, -33.2872087], [-70.7749672, -33.2872084], [-70.7749676, -33.2872081], [-70.7749681, -33.2872079], [-70.7749685, -33.2872076], [-70.774969, -33.2872073], [-70.7749695, -33.2872071], [-70.77497, -33.2872069], [-70.7749704, -33.2872066], [-70.7749709, -33.2872064], [-70.7749714, -33.2872062], [-70.7749719, -33.287206], [-70.7749724, -33.2872058], [-70.7749729, -33.2872056], [-70.7749735, -33.2872054], [-70.774974, -33.2872052], [-70.7749745, -33.287205], [-70.774975, -33.2872048], [-70.7749755, -33.2872047], [-70.7749761, -33.2872045], [-70.7749766, -33.2872044], [-70.7749771, -33.2872042], [-70.7749777, -33.2872041], [-70.7749782, -33.287204], [-70.7749788, -33.2872039], [-70.7749793, -33.2872038], [-70.7749799, -33.2872037], [-70.7749804, -33.2872036], [-70.774981, -33.2872035], [-70.7749815, -33.2872034], [-70.7749821, -33.2872034], [-70.7749826, -33.2872033], [-70.7749832, -33.2872033], [-70.7749837, -33.2872032], [-70.7749843, -33.2872032], [-70.7749848, -33.2872032], [-70.7749854, -33.2872031], [-70.774986, -33.2872031], [-70.7749865, -33.2872031], [-70.7749871, -33.2872031], [-70.7749876, -33.2872031], [-70.7749882, -33.2872032], [-70.7749888, -33.2872032], [-70.7749893, -33.2872032], [-70.7749899, -33.2872033], [-70.7749904, -33.2872034], [-70.774991, -33.2872034], [-70.7749915, -33.2872035], [-70.7749921, -33.2872036], [-70.7749926, -33.2872037], [-70.7749932, -33.2872038], [-70.7749937, -33.2872039], [-70.7749943, -33.287204], [-70.7749948, -33.2872041], [-70.7749954, -33.2872042], [-70.7749959, -33.2872044], [-70.7749964, -33.2872045], [-70.774997, -33.2872047], [-70.7749975, -33.2872048], [-70.774998, -33.287205], [-70.7749985, -33.2872052], [-70.774999, -33.2872053], [-70.7749996, -33.2872055], [-70.7750001, -33.2872057], [-70.7750006, -33.2872059], [-70.7750011, -33.2872061], [-70.7750016, -33.2872064], [-70.775002, -33.2872066], [-70.7750025, -33.2872068], [-70.775003, -33.2872071], [-70.7750035, -33.2872073], [-70.775004, -33.2872076], [-70.7750044, -33.2872078], [-70.7750049, -33.2872081], [-70.7750053, -33.2872084], [-70.7750058, -33.2872087], [-70.7750062, -33.2872089], [-70.7750067, -33.2872092], [-70.7750071, -33.2872095], [-70.7750075, -33.2872098], [-70.7750079, -33.2872102], [-70.7750084, -33.2872105], [-70.7750088, -33.2872108], [-70.7750092, -33.2872111], [-70.7750095, -33.2872115], [-70.7750099, -33.2872118], [-70.7750103, -33.2872122], [-70.7750107, -33.2872125], [-70.775011, -33.2872129], [-70.7750114, -33.2872132], [-70.7750117, -33.2872136], [-70.7750121, -33.287214], [-70.7750124, -33.2872144], [-70.7750127, -33.2872147], [-70.775013, -33.2872151], [-70.7750134, -33.2872155], [-70.7750137, -33.2872159], [-70.7750139, -33.2872163], [-70.7750142, -33.2872167], [-70.7750145, -33.2872171], [-70.7750148, -33.2872175], [-70.775015, -33.287218], [-70.7750153, -33.2872184], [-70.7750155, -33.2872188], [-70.7750157, -33.2872192], [-70.775016, -33.2872197], [-70.7750162, -33.2872201], [-70.7750164, -33.2872205], [-70.7750166, -33.287221], [-70.7750168, -33.2872214], [-70.7750169, -33.2872219], [-70.7750171, -33.2872223], [-70.7750173, -33.2872228], [-70.7750174, -33.2872232], [-70.7750175, -33.2872237], [-70.7750177, -33.2872241], [-70.7750178, -33.2872246], [-70.7750179, -33.2872251], [-70.775018, -33.2872255], [-70.7750181, -33.287226], [-70.7750182, -33.2872265], [-70.7750183, -33.2872269], [-70.7750183, -33.2872274], [-70.7750184, -33.2872279], [-70.7750184, -33.2872283], [-70.7750184, -33.2872288], [-70.7750185, -33.2872293], [-70.7750185, -33.2872297], [-70.7750185, -33.2872302], [-70.7750185, -33.2872307], [-70.7750185, -33.2872311], [-70.7750184, -33.2872316], [-70.7750184, -33.2872321], [-70.7750184, -33.2872326], [-70.7750183, -33.287233], [-70.7750182, -33.2872335], [-70.7750182, -33.287234], [-70.7750181, -33.2872344], [-70.775018, -33.2872349], [-70.7750179, -33.2872353], [-70.7750178, -33.2872358], [-70.7750177, -33.2872363], [-70.7750175, -33.2872367], [-70.7750174, -33.2872372], [-70.7750172, -33.2872376], [-70.7750171, -33.2872381], [-70.7750169, -33.2872385], [-70.7750167, -33.287239], [-70.7750166, -33.2872394], [-70.7750164, -33.2872399], [-70.7750162, -33.2872403], [-70.7750159, -33.2872407], [-70.7750157, -33.2872412], [-70.7750155, -33.2872416], [-70.7750117, -33.2872486], [-70.775008, -33.2872557], [-70.7750045, -33.2872628], [-70.7750011, -33.28727], [-70.7749979, -33.2872772], [-70.7749949, -33.2872845], [-70.7749919, -33.2872918], [-70.7749892, -33.2872992], [-70.7749865, -33.2873066], [-70.7749841, -33.287314], [-70.7749817, -33.2873215], [-70.7749796, -33.287329], [-70.7749776, -33.2873365], [-70.7749757, -33.2873441], [-70.774974, -33.2873516], [-70.7749724, -33.2873592], [-70.774971, -33.2873669], [-70.7749698, -33.2873745], [-70.7749687, -33.2873822], [-70.7749678, -33.2873899], [-70.774967, -33.2873975], [-70.7749664, -33.2874052], [-70.7749659, -33.287413], [-70.7749656, -33.2874207], [-70.7749657, -33.287444], [-70.774966, -33.2874514], [-70.7749664, -33.2874587], [-70.774967, -33.2874661], [-70.7749678, -33.2874734], [-70.7749686, -33.2874808], [-70.7749697, -33.2874881], [-70.7749708, -33.2874954], [-70.7749721, -33.2875027], [-70.7749736, -33.2875099], [-70.7749752, -33.2875172], [-70.7749769, -33.2875244], [-70.7749788, -33.2875316], [-70.7749808, -33.2875388], [-70.7751868, -33.2882472], [-70.7752347, -33.2882123], [-70.7752956, -33.2881681], [-70.7752945, -33.2881675], [-70.7752934, -33.2881669], [-70.7752923, -33.2881662], [-70.7752913, -33.2881656], [-70.7752903, -33.2881649], [-70.7752892, -33.2881643], [-70.7752882, -33.2881636], [-70.7752873, -33.2881629], [-70.7752863, -33.2881622], [-70.7752853, -33.2881614], [-70.7752844, -33.2881607], [-70.7752834, -33.2881599], [-70.7752825, -33.2881591], [-70.7752816, -33.2881584], [-70.7752807, -33.2881576], [-70.7752799, -33.2881568], [-70.775279, -33.2881559], [-70.7752782, -33.2881551], [-70.7752774, -33.2881542], [-70.7752766, -33.2881534], [-70.7752758, -33.2881525], [-70.775275, -33.2881516], [-70.7752743, -33.2881507], [-70.7752736, -33.2881498], [-70.7752729, -33.2881489], [-70.7752722, -33.288148], [-70.7752715, -33.2881471], [-70.7752709, -33.2881461], [-70.7752702, -33.2881452], [-70.7752696, -33.2881442], [-70.775269, -33.2881432], [-70.7752685, -33.2881423], [-70.7752679, -33.2881413], [-70.7752674, -33.2881403], [-70.7752669, -33.2881393], [-70.7752664, -33.2881383], [-70.7752659, -33.2881373], [-70.7752655, -33.2881362], [-70.775265, -33.2881352], [-70.7752646, -33.2881342], [-70.7752642, -33.2881331], [-70.7752639, -33.2881321], [-70.7752635, -33.288131], [-70.7752632, -33.28813], [-70.7752123, -33.2879552], [-70.7750739, -33.2876123], [-70.7750424, -33.2875038], [-70.7750411, -33.2874992], [-70.7750399, -33.2874946], [-70.7750388, -33.28749], [-70.7750378, -33.2874853], [-70.7750369, -33.2874807], [-70.7750361, -33.287476], [-70.7750354, -33.2874713], [-70.7750348, -33.2874667], [-70.7750343, -33.287462], [-70.7750339, -33.2874573], [-70.7750336, -33.2874526], [-70.7750333, -33.2874478], [-70.7750332, -33.2874431], [-70.7750332, -33.2874384], [-70.7750333, -33.2874337], [-70.7750334, -33.287429], [-70.7750337, -33.2874243], [-70.7750341, -33.2874196], [-70.7750346, -33.2874149], [-70.7750351, -33.2874102], [-70.7750358, -33.2874055], [-70.7750365, -33.2874008], [-70.7750374, -33.2873962], [-70.7750383, -33.2873915], [-70.7750394, -33.2873869], [-70.7750405, -33.2873823], [-70.7750418, -33.2873777], [-70.7750431, -33.2873731], [-70.7750445, -33.2873685], [-70.775046, -33.287364], [-70.7750477, -33.2873595], [-70.7750494, -33.287355], [-70.7750512, -33.2873505], [-70.7750531, -33.2873461], [-70.7750551, -33.2873417], [-70.7750571, -33.2873373], [-70.7750593, -33.2873329], [-70.7750616, -33.2873286], [-70.7750639, -33.2873243], [-70.7750664, -33.2873201], [-70.7750689, -33.2873159], [-70.7750715, -33.2873117], [-70.7750742, -33.2873076], [-70.775077, -33.2873035], [-70.7750798, -33.2872994], [-70.7750828, -33.2872954], [-70.7750858, -33.2872914], [-70.7750889, -33.2872875], [-70.7750921, -33.2872836], [-70.7750954, -33.2872798], [-70.7750988, -33.287276], [-70.7751022, -33.2872723], [-70.7751057, -33.2872686], [-70.7751093, -33.287265], [-70.775113, -33.2872614], [-70.7751167, -33.2872579], [-70.7751205, -33.2872544], [-70.7751244, -33.287251], [-70.7751283, -33.2872477], [-70.7751324, -33.2872444], [-70.7751364, -33.2872412], [-70.7751406, -33.287238], [-70.7751448, -33.2872349], [-70.7751491, -33.2872318], [-70.7751534, -33.2872288], [-70.7751578, -33.2872259], [-70.7751623, -33.2872231], [-70.7754421, -33.287047], [-70.7752911, -33.2868775], [-70.7749377, -33.2870996], [-70.7749287, -33.2871054], [-70.7749199, -33.2871113], [-70.7749111, -33.2871173], [-70.7749025, -33.2871234], [-70.7748941, -33.2871297], [-70.7748857, -33.287136], [-70.7748775, -33.2871425], [-70.7748694, -33.2871492], [-70.7748614, -33.2871559], [-70.7748536, -33.2871628], [-70.774846, -33.2871697], [-70.7748385, -33.2871768], [-70.7748311, -33.287184], [-70.7748239, -33.2871913], [-70.7748168, -33.2871987], [-70.7748099, -33.2872062], [-70.7748031, -33.2872138], [-70.7747965, -33.2872215], [-70.7747901, -33.2872293], [-70.7747838, -33.2872371], [-70.7747777, -33.2872451], [-70.7747718, -33.2872532], [-70.774766, -33.2872613], [-70.7747604, -33.2872696], [-70.7747549, -33.2872779], [-70.7747497, -33.2872863], [-70.7747446, -33.2872947], [-70.7747397, -33.2873033], [-70.7747349, -33.2873119], [-70.7747304, -33.2873205], [-70.774726, -33.2873293], [-70.7747218, -33.2873381], [-70.7747178, -33.287347], [-70.774714, -33.2873559], [-70.7747103, -33.2873648], [-70.7747069, -33.2873739], [-70.7747036, -33.287383], [-70.7747005, -33.2873921], [-70.7746976, -33.2874012], [-70.7746949, -33.2874104], [-70.7746924, -33.2874197], [-70.7746901, -33.287429], [-70.774688, -33.2874383], [-70.774686, -33.2874476], [-70.7746843, -33.287457], [-70.7746827, -33.2874664], [-70.7746814, -33.2874758], [-70.7746802, -33.2874852], [-70.7746793, -33.2874947], [-70.7746785, -33.2875042], [-70.7746779, -33.2875136], [-70.7746776, -33.2875231], [-70.7746774, -33.2875326], [-70.7746774, -33.2875421], [-70.7746776, -33.2875516], [-70.774678, -33.287561], [-70.7746786, -33.2875705], [-70.7746794, -33.28758], [-70.7746804, -33.2875894], [-70.7746816, -33.2875988], [-70.774683, -33.2876082], [-70.7746846, -33.2876176], [-70.7746864, -33.287627], [-70.7746883, -33.2876363], [-70.7746905, -33.2876456], [-70.7746929, -33.2876549], [-70.7747262, -33.2877695], [-70.7747475, -33.2878862], [-70.7747746, -33.2880344], [-70.7747916, -33.2881274], [-70.774828, -33.2882528], [-70.7748681, -33.2883907], [-70.7748906, -33.2884679], [-70.7749195, -33.2884453], [-70.7750049, -33.2883823], [-70.7750221, -33.2883694], [-70.7749962, -33.2882808], [-70.7748114, -33.2876451], [-70.7748093, -33.2876376], [-70.7748073, -33.28763], [-70.7748055, -33.2876224], [-70.7748039, -33.2876147], [-70.7748024, -33.287607], [-70.774801, -33.2875993], [-70.7747998, -33.2875916], [-70.7747988, -33.2875839], [-70.774798, -33.2875762], [-70.7747973, -33.2875684], [-70.7747967, -33.2875606], [-70.7747963, -33.2875529], [-70.7747963, -33.2875248], [-70.7747967, -33.2875169]]]}, {"type": "LineString", "coordinates": [[-70.7747963, -33.2875248], [-70.7747963, -33.2875247]]}]}}, {"type": "Feature", "properties": {"fid": 303, "Area": 0.0}, "geometry": {"type": "MultiPolygon", "coordinates": []}}, {"type": "Feature", "properties": {"fid": 304, "Area": 0.0}, "geometry": {"type": "MultiPolygon", "coordinates": []}}, {"type": "Feature", "properties": {"fid": 305, "Area": 4476.332}, "geometry": {"type": "MultiPolygon", "coordinates": [[[[-70.818699, -33.2491988], [-70.819046, -33.2485221], [-70.8190472, -33.2485198], [-70.8190483, -33.2485173], [-70.8190494, -33.2485149], [-70.8190505, -33.2485125], [-70.8190515, -33.24851], [-70.8190524, -33.2485076], [-70.8190533, -33.2485051], [-70.8190542, -33.2485026], [-70.819055, -33.2485001], [-70.8190557, -33.2484976], [-70.8190565, -33.2484951], [-70.8190571, -33.2484926], [-70.8190577, -33.24849], [-70.8190582, -33.2484875], [-70.8190587, -33.2484849], [-70.8190592, -33.2484823], [-70.8190596, -33.2484798], [-70.8190599, -33.2484772], [-70.8190602, -33.2484746], [-70.8190605, -33.248472], [-70.8192551, -33.2485245], [-70.8188987, -33.2492194], [-70.8187679, -33.2494746], [-70.8186539, -33.2496968], [-70.8183426, -33.2503038], [-70.8183146, -33.2503603], [-70.8182858, -33.2504166], [-70.818285, -33.2504182], [-70.8182842, -33.2504197], [-70.8182835, -33.2504214], [-70.8182828, -33.250423], [-70.8182821, -33.2504246], [-70.8182815, -33.2504262], [-70.8182809, -33.2504279], [-70.8182803, -33.2504295], [-70.8182798, -33.2504312], [-70.8182793, -33.2504328], [-70.8182788, -33.2504345], [-70.8182784, -33.2504362], [-70.818278, -33.2504379], [-70.8182776, -33.2504396], [-70.8182773, -33.2504413], [-70.818277, -33.250443], [-70.8182768, -33.2504447], [-70.8182765, -33.2504464], [-70.8182764, -33.2504481], [-70.8182762, -33.2504498], [-70.8182761, -33.2504515], [-70.818276, -33.2504533], [-70.818276, -33.250455], [-70.818276, -33.2504567], [-70.818276, -33.2504584], [-70.8182761, -33.2504601], [-70.8182762, -33.2504619], [-70.8182763, -33.2504636], [-70.8182765, -33.2504653], [-70.8182767, -33.250467], [-70.8182769, -33.2504687], [-70.8182772, -33.2504704], [-70.8182775, -33.2504721], [-70.8182778, -33.2504738], [-70.8182782, -33.2504755], [-70.8182786, -33.2504772], [-70.8182791, -33.2504788], [-70.8182796, -33.2504805], [-70.8182801, -33.2504822], [-70.8182806, -33.2504838], [-70.8182812, -33.2504855], [-70.8182818, -33.2504871], [-70.8182825, -33.2504888], [-70.8182832, -33.2504904], [-70.8182839, -33.250492], [-70.8182846, -33.2504936], [-70.8182854, -33.2504952], [-70.8182863, -33.2504967], [-70.8182871, -33.2504983], [-70.8180835, -33.2505718], [-70.8180067, -33.2504514], [-70.8180093, -33.2504505], [-70.8180119, -33.2504496], [-70.8180144, -33.2504486], [-70.8180169, -33.2504476], [-70.8180194, -33.2504466], [-70.8180219, -33.2504455], [-70.8180244, -33.2504444], [-70.8180268, -33.2504432], [-70.8180292, -33.250442], [-70.8180316, -33.2504408], [-70.818034, -33.2504395], [-70.8180363, -33.2504383], [-70.8180386, -33.2504369], [-70.8180409, -33.2504356], [-70.8180431, -33.2504342], [-70.8180453, -33.2504327], [-70.8180475, -33.2504313], [-70.8180497, -33.2504298], [-70.8180518, -33.2504283], [-70.8180539, -33.2504267], [-70.818056, -33.2504251], [-70.818058, -33.2504235], [-70.81806, -33.2504219], [-70.818062, -33.2504202], [-70.8180639, -33.2504185], [-70.8180658, -33.2504168], [-70.8180676, -33.250415], [-70.8180695, -33.2504133], [-70.8180713, -33.2504115], [-70.818073, -33.2504096], [-70.8180747, -33.2504078], [-70.8180764, -33.2504059], [-70.818078, -33.250404], [-70.8180796, -33.2504021], [-70.8180811, -33.2504001], [-70.8180827, -33.2503981], [-70.8180841, -33.2503961], [-70.8180856, -33.2503941], [-70.8180869, -33.2503921], [-70.8180883, -33.25039], [-70.8180896, -33.2503879], [-70.8180908, -33.2503858], [-70.8180921, -33.2503837], [-70.8180932, -33.2503816], [-70.8180943, -33.2503795], [-70.8181061, -33.2503561], [-70.8181175, -33.2503326], [-70.8184644, -33.2496561], [-70.8185608, -33.2494683], [-70.818699, -33.2491988]]]]}}, {"type": "Feature", "properties": {"fid": 306, "Area": 4984.221}, "geometry": {"type": "MultiPolygon", "coordinates": [[[[-70.8231629, -33.2497851], [-70.823341, -33.2498503], [-70.8219801, -33.2518609], [-70.8219788, -33.2518629], [-70.8219775, -33.2518649], [-70.8219763, -33.251867], [-70.821975, -33.2518691], [-70.8219739, -33.2518712], [-70.8219727, -33.2518733], [-70.8219716, -33.2518754], [-70.8219706, -33.2518775], [-70.8219696, -33.2518797], [-70.8219686, -33.2518819], [-70.8219677, -33.251884], [-70.8219669, -33.2518862], [-70.821966, -33.2518884], [-70.8219653, -33.2518907], [-70.8219645, -33.2518929], [-70.8219639, -33.2518951], [-70.8219632, -33.2518974], [-70.8219626, -33.2518996], [-70.8219621, -33.2519019], [-70.8219616, -33.2519042], [-70.8219611, -33.2519065], [-70.8219607, -33.2519087], [-70.8219603, -33.251911], [-70.82196, -33.2519133], [-70.8219597, -33.2519156], [-70.8219595, -33.2519179], [-70.8219593, -33.2519202], [-70.8219592, -33.2519225], [-70.8219591, -33.2519249], [-70.8219591, -33.2519272], [-70.8219591, -33.2519295], [-70.8219592, -33.2519318], [-70.8219593, -33.2519341], [-70.8219594, -33.2519364], [-70.8219596, -33.2519387], [-70.8219599, -33.251941], [-70.8219602, -33.2519433], [-70.8219605, -33.2519456], [-70.8219609, -33.2519479], [-70.8219613, -33.2519502], [-70.8219618, -33.2519525], [-70.8219623, -33.2519547], [-70.8219629, -33.251957], [-70.8219635, -33.2519592], [-70.8219642, -33.2519615], [-70.8219649, -33.2519637], [-70.8219656, -33.2519659], [-70.8217828, -33.2520112], [-70.8217206, -33.2518685], [-70.8217225, -33.2518679], [-70.8217244, -33.2518673], [-70.8217263, -33.2518666], [-70.8217281, -33.2518659], [-70.8217299, -33.2518652], [-70.8217318, -33.2518645], [-70.8217336, -33.2518637], [-70.8217354, -33.251863], [-70.8217372, -33.2518622], [-70.8217389, -33.2518613], [-70.8217407, -33.2518605], [-70.8217424, -33.2518596], [-70.8217441, -33.2518587], [-70.8217458, -33.2518577], [-70.8217475, -33.2518568], [-70.8217491, -33.2518558], [-70.8217507, -33.2518548], [-70.8217523, -33.2518537], [-70.8217539, -33.2518527], [-70.8217555, -33.2518516], [-70.821757, -33.2518505], [-70.8217586, -33.2518494], [-70.8217601, -33.2518483], [-70.8217615, -33.2518471], [-70.821763, -33.2518459], [-70.8217644, -33.2518447], [-70.8217658, -33.2518435], [-70.8217672, -33.2518422], [-70.8217685, -33.251841], [-70.8217699, -33.2518397], [-70.8217712, -33.2518384], [-70.8217724, -33.2518371], [-70.8217737, -33.2518357], [-70.8217749, -33.2518344], [-70.8217761, -33.251833], [-70.8217773, -33.2518316], [-70.8217784, -33.2518302], [-70.8217795, -33.2518288], [-70.8217806, -33.2518273], [-70.8217816, -33.2518259], [-70.8217826, -33.2518244], [-70.8231629, -33.2497851]]]]}}, {"type": "Feature", "properties": {"fid": 307, "Area": 6737.826}, "geometry": {"type": "MultiPolygon", "coordinates": [[[[-70.8194707, -33.251101], [-70.8193783, -33.2510612], [-70.8192852, -33.2510228], [-70.8191913, -33.2509856], [-70.8190966, -33.2509498], [-70.8190013, -33.2509152], [-70.8189054, -33.250882], [-70.8188088, -33.2508501], [-70.8187116, -33.2508195], [-70.8186138, -33.2507903], [-70.8185154, -33.2507624], [-70.8184165, -33.2507359], [-70.8183171, -33.2507108], [-70.8182173, -33.250687], [-70.8182153, -33.2506866], [-70.8182133, -33.2506861], [-70.8182113, -33.2506858], [-70.8182093, -33.2506854], [-70.8182073, -33.2506851], [-70.8182053, -33.2506848], [-70.8182033, -33.2506845], [-70.8182013, -33.2506843], [-70.8181992, -33.2506841], [-70.8181972, -33.2506839], [-70.8181952, -33.2506838], [-70.8181931, -33.2506836], [-70.8181911, -33.2506835], [-70.818189, -33.2506835], [-70.818187, -33.2506835], [-70.818185, -33.2506835], [-70.8181829, -33.2506835], [-70.8181809, -33.2506836], [-70.8181788, -33.2506836], [-70.8181768, -33.2506838], [-70.8181748, -33.2506839], [-70.8181727, -33.2506841], [-70.8181707, -33.2506843], [-70.8181687, -33.2506845], [-70.8181667, -33.2506848], [-70.8181646, -33.2506851], [-70.8181626, -33.2506854], [-70.8181606, -33.2506858], [-70.8181586, -33.2506862], [-70.8181567, -33.2506866], [-70.8180835, -33.2505718], [-70.8182871, -33.2504983], [-70.818288, -33.2504999], [-70.8182889, -33.2505014], [-70.8182899, -33.2505029], [-70.8182908, -33.2505044], [-70.8182918, -33.2505059], [-70.8182929, -33.2505074], [-70.818294, -33.2505089], [-70.8182951, -33.2505103], [-70.8182962, -33.2505117], [-70.8182973, -33.2505132], [-70.8182985, -33.2505146], [-70.8182998, -33.2505159], [-70.818301, -33.2505173], [-70.8183023, -33.2505187], [-70.8183036, -33.25052], [-70.8183049, -33.2505213], [-70.8183063, -33.2505226], [-70.8183076, -33.2505238], [-70.818309, -33.2505251], [-70.8183105, -33.2505263], [-70.8183119, -33.2505275], [-70.8183134, -33.2505287], [-70.8183149, -33.2505299], [-70.8183165, -33.250531], [-70.818318, -33.2505321], [-70.8183196, -33.2505332], [-70.8183212, -33.2505343], [-70.8183228, -33.2505353], [-70.8183245, -33.2505364], [-70.8183261, -33.2505374], [-70.8183278, -33.2505384], [-70.8183295, -33.2505393], [-70.8183312, -33.2505402], [-70.818333, -33.2505411], [-70.8183347, -33.250542], [-70.8183365, -33.2505429], [-70.8183383, -33.2505437], [-70.8183401, -33.2505445], [-70.8183419, -33.2505453], [-70.8183438, -33.250546], [-70.8183457, -33.2505467], [-70.8183475, -33.2505474], [-70.8183494, -33.2505481], [-70.8183513, -33.2505487], [-70.8183532, -33.2505493], [-70.8183552, -33.2505499], [-70.8183571, -33.2505504], [-70.818359, -33.250551], [-70.818361, -33.2505515], [-70.8184639, -33.2505774], [-70.8185663, -33.2506048], [-70.8186681, -33.2506336], [-70.8187693, -33.2506638], [-70.8188699, -33.2506954], [-70.8189699, -33.2507283], [-70.8190693, -33.2507627], [-70.8191679, -33.2507984], [-70.8192658, -33.2508355], [-70.819363, -33.250874], [-70.8194595, -33.2509138], [-70.8195551, -33.2509549], [-70.8216254, -33.2518633], [-70.8216272, -33.2518641], [-70.821629, -33.2518648], [-70.8216309, -33.2518655], [-70.8216328, -33.2518663], [-70.8216346, -33.2518669], [-70.8216365, -33.2518676], [-70.8216384, -33.2518682], [-70.8216404, -33.2518688], [-70.8216423, -33.2518693], [-70.8216442, -33.2518699], [-70.8216462, -33.2518704], [-70.8216482, -33.2518709], [-70.8216501, -33.2518713], [-70.8216521, -33.2518717], [-70.8216541, -33.2518721], [-70.8216561, -33.2518725], [-70.8216581, -33.2518728], [-70.8216601, -33.2518731], [-70.8216622, -33.2518734], [-70.8216642, -33.2518737], [-70.8216662, -33.2518739], [-70.8216683, -33.2518741], [-70.8216703, -33.2518742], [-70.8216723, -33.2518743], [-70.8216744, -33.2518744], [-70.8216764, -33.2518745], [-70.8216785, -33.2518745], [-70.8216805, -33.2518745], [-70.8216826, -33.2518745], [-70.8216846, -33.2518745], [-70.8216867, -33.2518744], [-70.8216887, -33.2518743], [-70.8216907, -33.2518741], [-70.8216928, -33.251874], [-70.8216948, -33.2518738], [-70.8216968, -33.2518735], [-70.8216989, -33.2518733], [-70.8217009, -33.251873], [-70.8217029, -33.2518727], [-70.8217049, -33.2518723], [-70.8217069, -33.2518719], [-70.8217089, -33.2518715], [-70.8217109, -33.2518711], [-70.8217128, -33.2518706], [-70.8217148, -33.2518701], [-70.8217167, -33.2518696], [-70.8217187, -33.2518691], [-70.8217206, -33.2518685], [-70.8217828, -33.2520112], [-70.8215809, -33.2520611], [-70.8215803, -33.2520595], [-70.8215797, -33.2520578], [-70.8215791, -33.2520562], [-70.8215784, -33.2520546], [-70.8215777, -33.2520531], [-70.8215769, -33.2520515], [-70.8215761, -33.2520499], [-70.8215753, -33.2520484], [-70.8215745, -33.2520468], [-70.8215736, -33.2520453], [-70.8215727, -33.2520438], [-70.8215718, -33.2520423], [-70.8215708, -33.2520408], [-70.8215698, -33.2520393], [-70.8215688, -33.2520379], [-70.8215677, -33.2520364], [-70.8215666, -33.252035], [-70.8215655, -33.2520336], [-70.8215644, -33.2520322], [-70.8215632, -33.2520308], [-70.821562, -33.2520294], [-70.8215608, -33.2520281], [-70.8215595, -33.2520268], [-70.8215582, -33.2520255], [-70.8215569, -33.2520242], [-70.8215556, -33.2520229], [-70.8215542, -33.2520216], [-70.8215528, -33.2520204], [-70.8215514, -33.2520192], [-70.82155, -33.252018], [-70.8215485, -33.2520168], [-70.8215471, -33.2520157], [-70.8215456, -33.2520146], [-70.821544, -33.2520134], [-70.8215425, -33.2520124], [-70.8215409, -33.2520113], [-70.8215393, -33.2520103], [-70.8215377, -33.2520092], [-70.8215361, -33.2520082], [-70.8215344, -33.2520073], [-70.8215327, -33.2520063], [-70.821531, -33.2520054], [-70.8215293, -33.2520045], [-70.8215276, -33.2520036], [-70.8215259, -33.2520028], [-70.8215241, -33.252002], [-70.8215223, -33.2520012], [-70.8194707, -33.251101]]]]}}, {"type": "Feature", "properties": {"fid": 308, "Area": 6445.132}, "geometry": {"type": "MultiPolygon", "coordinates": [[[[-70.8219031, -33.2521682], [-70.8219013, -33.2521674], [-70.8218994, -33.2521667], [-70.8218976, -33.252166], [-70.8218957, -33.2521653], [-70.8218939, -33.2521646], [-70.821892, -33.252164], [-70.8218901, -33.2521633], [-70.8218882, -33.2521628], [-70.8218863, -33.2521622], [-70.8218844, -33.2521617], [-70.8218824, -33.2521612], [-70.8218805, -33.2521607], [-70.8218785, -33.2521602], [-70.8218765, -33.2521598], [-70.8218746, -33.2521594], [-70.8218726, -33.2521591], [-70.8218706, -33.2521587], [-70.8218686, -33.2521584], [-70.8218666, -33.2521581], [-70.8218646, -33.2521579], [-70.8218626, -33.2521577], [-70.8218606, -33.2521575], [-70.8218585, -33.2521573], [-70.8218565, -33.2521572], [-70.8218545, -33.2521571], [-70.8218525, -33.252157], [-70.8218504, -33.252157], [-70.8218484, -33.252157], [-70.8218464, -33.252157], [-70.8217828, -33.2520112], [-70.8219656, -33.2519659], [-70.8219664, -33.2519682], [-70.8219673, -33.2519704], [-70.8219682, -33.2519725], [-70.8219691, -33.2519747], [-70.8219701, -33.2519769], [-70.8219711, -33.251979], [-70.8219722, -33.2519812], [-70.8219733, -33.2519833], [-70.8219744, -33.2519854], [-70.8219756, -33.2519875], [-70.8219769, -33.2519895], [-70.8219781, -33.2519916], [-70.8219795, -33.2519936], [-70.8219808, -33.2519956], [-70.8219822, -33.2519976], [-70.8219837, -33.2519996], [-70.8219851, -33.2520015], [-70.8219867, -33.2520034], [-70.8219882, -33.2520053], [-70.8219898, -33.2520072], [-70.8219915, -33.2520091], [-70.8219931, -33.2520109], [-70.8219948, -33.2520127], [-70.8219966, -33.2520145], [-70.8219984, -33.2520163], [-70.8220002, -33.252018], [-70.822002, -33.2520197], [-70.8220039, -33.2520214], [-70.8220059, -33.2520231], [-70.8220078, -33.2520247], [-70.8220098, -33.2520263], [-70.8220118, -33.2520278], [-70.8220139, -33.2520294], [-70.8220159, -33.2520309], [-70.8220181, -33.2520324], [-70.8220202, -33.2520338], [-70.8220224, -33.2520352], [-70.8220246, -33.2520366], [-70.8220268, -33.252038], [-70.8220291, -33.2520393], [-70.8220313, -33.2520406], [-70.8220337, -33.2520419], [-70.822036, -33.2520431], [-70.8220383, -33.2520443], [-70.8220407, -33.2520454], [-70.8220431, -33.2520466], [-70.8220456, -33.2520476], [-70.8248763, -33.2532896], [-70.8248788, -33.2532907], [-70.8248813, -33.2532917], [-70.8248838, -33.2532927], [-70.8248864, -33.2532936], [-70.824889, -33.2532946], [-70.8248915, -33.2532954], [-70.8248941, -33.2532963], [-70.8248968, -33.2532971], [-70.8248994, -33.2532979], [-70.8249021, -33.2532986], [-70.8249047, -33.2532993], [-70.8249074, -33.2532999], [-70.8249101, -33.2533006], [-70.8249128, -33.2533011], [-70.8249155, -33.2533017], [-70.8249183, -33.2533022], [-70.824921, -33.2533026], [-70.8249238, -33.253303], [-70.8249265, -33.2533034], [-70.8249293, -33.2533037], [-70.8249321, -33.253304], [-70.8249348, -33.2533043], [-70.8249376, -33.2533045], [-70.8249404, -33.2533047], [-70.8249432, -33.2533048], [-70.824946, -33.2533049], [-70.8249488, -33.2533049], [-70.8249516, -33.2533049], [-70.8249544, -33.2533049], [-70.8249572, -33.2533048], [-70.82496, -33.2533047], [-70.8249627, -33.2533046], [-70.8249655, -33.2533044], [-70.8249683, -33.2533041], [-70.8249711, -33.2533039], [-70.8249739, -33.2533036], [-70.8249766, -33.2533032], [-70.8249794, -33.2533028], [-70.8249821, -33.2533024], [-70.8249849, -33.2533019], [-70.8249876, -33.2533014], [-70.8249903, -33.2533008], [-70.824993, -33.2533002], [-70.8249957, -33.2532996], [-70.8249984, -33.2532989], [-70.825001, -33.2532982], [-70.8250037, -33.2532974], [-70.8250063, -33.2532967], [-70.8250089, -33.2532958], [-70.8250115, -33.253295], [-70.8250141, -33.2532941], [-70.8250166, -33.2532931], [-70.8250192, -33.2532921], [-70.8250217, -33.2532911], [-70.8250242, -33.2532901], [-70.8252593, -33.2534576], [-70.8250178, -33.2535566], [-70.8250169, -33.2535551], [-70.825016, -33.2535536], [-70.825015, -33.2535521], [-70.825014, -33.2535506], [-70.825013, -33.2535491], [-70.8250119, -33.2535477], [-70.8250108, -33.2535462], [-70.8250097, -33.2535448], [-70.8250086, -33.2535434], [-70.8250074, -33.253542], [-70.8250062, -33.2535406], [-70.825005, -33.2535393], [-70.8250037, -33.253538], [-70.8250024, -33.2535366], [-70.8250011, -33.2535353], [-70.8249998, -33.2535341], [-70.8249984, -33.2535328], [-70.824997, -33.2535316], [-70.8249956, -33.2535303], [-70.8249942, -33.2535291], [-70.8249927, -33.253528], [-70.8249912, -33.2535268], [-70.8249897, -33.2535257], [-70.8249882, -33.2535245], [-70.8249866, -33.2535234], [-70.824985, -33.2535224], [-70.8249834, -33.2535213], [-70.8249818, -33.2535203], [-70.8249802, -33.2535193], [-70.8249785, -33.2535183], [-70.8249768, -33.2535174], [-70.8249751, -33.2535165], [-70.8249734, -33.2535155], [-70.8249717, -33.2535147], [-70.8249699, -33.2535138], [-70.8249681, -33.253513], [-70.8249664, -33.2535122], [-70.8219031, -33.2521682]]]]}}, {"type": "Feature", "properties": {"fid": 309, "Area": 5760.575}, "geometry": {"type": "MultiPolygon", "coordinates": [[[[-70.8250021, -33.2504498], [-70.8252884, -33.2505545], [-70.8253041, -33.2505756], [-70.8253193, -33.2505969], [-70.8253341, -33.2506183], [-70.8253485, -33.25064], [-70.8253624, -33.2506619], [-70.8253759, -33.250684], [-70.825389, -33.2507063], [-70.8254015, -33.2507288], [-70.8254137, -33.2507515], [-70.8254253, -33.2507743], [-70.8254365, -33.2507973], [-70.8254472, -33.2508204], [-70.8254575, -33.2508437], [-70.8254673, -33.2508671], [-70.8254765, -33.2508907], [-70.8254854, -33.2509144], [-70.8254937, -33.2509382], [-70.8255015, -33.2509622], [-70.8255089, -33.2509862], [-70.8255157, -33.2510104], [-70.8255221, -33.2510346], [-70.825528, -33.251059], [-70.8255334, -33.2510834], [-70.8255383, -33.2511079], [-70.8255426, -33.2511324], [-70.8255465, -33.2511571], [-70.8255499, -33.2511817], [-70.8255528, -33.2512065], [-70.8255551, -33.2512312], [-70.825557, -33.251256], [-70.8255584, -33.2512808], [-70.8255592, -33.2513056], [-70.8255596, -33.2513305], [-70.8255594, -33.2513553], [-70.8255588, -33.2513801], [-70.8255576, -33.2514049], [-70.8255559, -33.2514297], [-70.8255295, -33.2517706], [-70.8255102, -33.2519681], [-70.825482, -33.2521403], [-70.8254845, -33.2521422], [-70.8252593, -33.2534576], [-70.8250242, -33.2532901], [-70.8250267, -33.253289], [-70.8250291, -33.2532879], [-70.8250316, -33.2532867], [-70.825034, -33.2532855], [-70.8250363, -33.2532843], [-70.8250387, -33.253283], [-70.825041, -33.2532817], [-70.8250433, -33.2532804], [-70.8250456, -33.253279], [-70.8250478, -33.2532776], [-70.8250501, -33.2532762], [-70.8250522, -33.2532747], [-70.8250544, -33.2532732], [-70.8250565, -33.2532717], [-70.8250586, -33.2532701], [-70.8250607, -33.2532686], [-70.8250627, -33.2532669], [-70.8250647, -33.2532653], [-70.8250666, -33.2532636], [-70.8250686, -33.2532619], [-70.8250705, -33.2532602], [-70.8250723, -33.2532584], [-70.8250741, -33.2532566], [-70.8250759, -33.2532548], [-70.8250776, -33.253253], [-70.8250793, -33.2532511], [-70.825081, -33.2532492], [-70.8250826, -33.2532473], [-70.8250842, -33.2532454], [-70.8250858, -33.2532434], [-70.8250873, -33.2532415], [-70.8250887, -33.2532395], [-70.8250901, -33.2532374], [-70.8250915, -33.2532354], [-70.8250929, -33.2532333], [-70.8250941, -33.2532313], [-70.8250954, -33.2532292], [-70.8250966, -33.253227], [-70.8250978, -33.2532249], [-70.8250989, -33.2532228], [-70.8251, -33.2532206], [-70.825101, -33.2532184], [-70.825102, -33.2532162], [-70.8251029, -33.253214], [-70.8251038, -33.2532118], [-70.8251046, -33.2532095], [-70.8251054, -33.2532073], [-70.8251062, -33.253205], [-70.8251069, -33.2532028], [-70.8251076, -33.2532005], [-70.8251082, -33.2531982], [-70.8251087, -33.2531959], [-70.8251093, -33.2531936], [-70.8251097, -33.2531913], [-70.8251102, -33.2531889], [-70.8252933, -33.2521191], [-70.8253041, -33.2520521], [-70.8253137, -33.2519849], [-70.825322, -33.2519177], [-70.8253291, -33.2518503], [-70.825335, -33.2517829], [-70.8253669, -33.2513713], [-70.8253684, -33.2513492], [-70.8253694, -33.2513271], [-70.82537, -33.251305], [-70.8253701, -33.2512829], [-70.8253698, -33.2512607], [-70.825369, -33.2512386], [-70.8253678, -33.2512165], [-70.8253661, -33.2511944], [-70.825364, -33.2511724], [-70.8253614, -33.2511504], [-70.8253584, -33.2511284], [-70.8253549, -33.2511064], [-70.825351, -33.2510846], [-70.8253466, -33.2510627], [-70.8253418, -33.251041], [-70.8253366, -33.2510193], [-70.8253309, -33.2509977], [-70.8253247, -33.2509762], [-70.8253182, -33.2509547], [-70.8253111, -33.2509334], [-70.8253037, -33.2509122], [-70.8252958, -33.2508911], [-70.8252875, -33.2508701], [-70.8252788, -33.2508492], [-70.8252696, -33.2508285], [-70.82526, -33.2508079], [-70.82525, -33.2507874], [-70.8252396, -33.2507671], [-70.8252287, -33.2507469], [-70.8252175, -33.2507269], [-70.8252058, -33.250707], [-70.8251938, -33.2506874], [-70.8251813, -33.2506679], [-70.8251685, -33.2506486], [-70.8251552, -33.2506294], [-70.8251416, -33.2506105], [-70.8251276, -33.2505918], [-70.8251132, -33.2505733], [-70.8250984, -33.2505549], [-70.8250833, -33.2505368], [-70.8250677, -33.250519], [-70.8250519, -33.2505013], [-70.8250356, -33.2504839], [-70.825019, -33.2504667], [-70.8250021, -33.2504498]]]]}}, {"type": "Feature", "properties": {"fid": 310, "Area": 11450.083}, "geometry": {"type": "MultiPolygon", "coordinates": [[[[-70.8281663, -33.2514844], [-70.8282846, -33.2515467], [-70.8284017, -33.2516105], [-70.8283872, -33.2516232], [-70.8283844, -33.2516231], [-70.8283816, -33.251623], [-70.8283788, -33.251623], [-70.828376, -33.251623], [-70.8283732, -33.2516231], [-70.8283705, -33.2516232], [-70.8283677, -33.2516233], [-70.8283649, -33.2516235], [-70.8283621, -33.2516238], [-70.8283593, -33.251624], [-70.8283566, -33.2516243], [-70.8283538, -33.2516247], [-70.8283511, -33.2516251], [-70.8283483, -33.2516255], [-70.8283456, -33.2516259], [-70.8283429, -33.2516265], [-70.8283402, -33.251627], [-70.8283375, -33.2516276], [-70.8283348, -33.2516282], [-70.8283321, -33.2516289], [-70.8283294, -33.2516296], [-70.8283268, -33.2516303], [-70.8283242, -33.2516311], [-70.8283216, -33.2516319], [-70.828319, -33.2516328], [-70.8283164, -33.2516337], [-70.8283138, -33.2516346], [-70.8283113, -33.2516356], [-70.8283088, -33.2516366], [-70.8283063, -33.2516376], [-70.8283038, -33.2516387], [-70.8283013, -33.2516398], [-70.8282989, -33.2516409], [-70.8282965, -33.2516421], [-70.8282941, -33.2516433], [-70.8282918, -33.2516446], [-70.8282894, -33.2516459], [-70.8282871, -33.2516472], [-70.8282849, -33.2516485], [-70.8282826, -33.2516499], [-70.8282804, -33.2516513], [-70.8282782, -33.2516528], [-70.828276, -33.2516543], [-70.8282739, -33.2516558], [-70.8282718, -33.2516573], [-70.8282698, -33.2516589], [-70.8282677, -33.2516605], [-70.8282657, -33.2516622], [-70.8282638, -33.2516638], [-70.8282618, -33.2516655], [-70.8282599, -33.2516672], [-70.8282581, -33.251669], [-70.8282563, -33.2516707], [-70.8282545, -33.2516725], [-70.8282527, -33.2516744], [-70.828251, -33.2516762], [-70.8282493, -33.2516781], [-70.8282477, -33.25168], [-70.8282461, -33.2516819], [-70.8282446, -33.2516839], [-70.8282431, -33.2516858], [-70.8269728, -33.2533689], [-70.826959, -33.2533875], [-70.8269455, -33.2534064], [-70.8269325, -33.2534255], [-70.8269198, -33.2534447], [-70.8269075, -33.2534641], [-70.8268956, -33.2534837], [-70.8268841, -33.2535035], [-70.8268731, -33.2535234], [-70.8268624, -33.2535435], [-70.8268521, -33.2535638], [-70.8268423, -33.2535841], [-70.8268328, -33.2536046], [-70.8268238, -33.2536253], [-70.8268152, -33.2536461], [-70.826807, -33.253667], [-70.8267993, -33.253688], [-70.8267919, -33.2537091], [-70.826785, -33.2537303], [-70.8267786, -33.2537516], [-70.8267725, -33.253773], [-70.8267676, -33.2537918], [-70.826763, -33.2538107], [-70.8267588, -33.2538296], [-70.8267549, -33.2538485], [-70.8267513, -33.2538675], [-70.8267406, -33.2539271], [-70.8267406, -33.2539271], [-70.8266691, -33.254327], [-70.8262577, -33.256624], [-70.8262573, -33.2566262], [-70.826257, -33.2566285], [-70.8262567, -33.2566308], [-70.8262564, -33.2566331], [-70.8262562, -33.2566354], [-70.8262561, -33.2566378], [-70.826256, -33.2566401], [-70.8262559, -33.2566424], [-70.8262559, -33.2566447], [-70.8262559, -33.256647], [-70.826256, -33.2566493], [-70.8262561, -33.2566516], [-70.8262563, -33.2566539], [-70.8262565, -33.2566562], [-70.8262568, -33.2566585], [-70.8262571, -33.2566608], [-70.8262575, -33.2566631], [-70.8262579, -33.2566654], [-70.8262584, -33.2566677], [-70.8262589, -33.25667], [-70.8262594, -33.2566722], [-70.82626, -33.2566745], [-70.8262607, -33.2566767], [-70.8262613, -33.256679], [-70.8262621, -33.2566812], [-70.8262629, -33.2566834], [-70.8262637, -33.2566856], [-70.8262645, -33.2566878], [-70.8262655, -33.25669], [-70.8262664, -33.2566922], [-70.8262674, -33.2566943], [-70.8262685, -33.2566965], [-70.8262695, -33.2566986], [-70.8262707, -33.2567007], [-70.8262718, -33.2567028], [-70.8262731, -33.2567049], [-70.8262743, -33.2567069], [-70.8262756, -33.256709], [-70.826277, -33.256711], [-70.8262783, -33.256713], [-70.8262798, -33.256715], [-70.8262812, -33.2567169], [-70.8261207, -33.2568716], [-70.8260027, -33.2566579], [-70.8260045, -33.2566571], [-70.8260063, -33.2566564], [-70.8260082, -33.2566556], [-70.82601, -33.2566548], [-70.8260117, -33.2566539], [-70.8260135, -33.2566531], [-70.8260153, -33.2566522], [-70.826017, -33.2566512], [-70.8260187, -33.2566503], [-70.8260204, -33.2566493], [-70.826022, -33.2566483], [-70.8260237, -33.2566473], [-70.8260253, -33.2566463], [-70.8260269, -33.2566452], [-70.8260285, -33.2566441], [-70.8260301, -33.256643], [-70.8260316, -33.2566419], [-70.8260331, -33.2566407], [-70.8260346, -33.2566396], [-70.8260361, -33.2566384], [-70.8260375, -33.2566371], [-70.8260389, -33.2566359], [-70.8260403, -33.2566346], [-70.8260417, -33.2566334], [-70.826043, -33.2566321], [-70.8260443, -33.2566307], [-70.8260456, -33.2566294], [-70.8260469, -33.256628], [-70.8260481, -33.2566267], [-70.8260493, -33.2566253], [-70.8260504, -33.2566239], [-70.8260516, -33.2566224], [-70.8260527, -33.256621], [-70.8260538, -33.2566195], [-70.8260548, -33.2566181], [-70.8260558, -33.2566166], [-70.8260568, -33.2566151], [-70.8260578, -33.2566136], [-70.8260587, -33.256612], [-70.8260596, -33.2566105], [-70.8260605, -33.2566089], [-70.8260613, -33.2566074], [-70.8260621, -33.2566058], [-70.8260629, -33.2566042], [-70.8260636, -33.2566026], [-70.8260643, -33.256601], [-70.826065, -33.2565993], [-70.8260656, -33.2565977], [-70.8260662, -33.2565961], [-70.8260667, -33.2565944], [-70.8260673, -33.2565927], [-70.8260678, -33.2565911], [-70.8260682, -33.2565894], [-70.8260687, -33.2565877], [-70.826069, -33.256586], [-70.8260694, -33.2565844], [-70.8260697, -33.2565827], [-70.8265603, -33.2538434], [-70.826565, -33.2538186], [-70.8265702, -33.2537938], [-70.8265759, -33.2537691], [-70.8265822, -33.2537445], [-70.8265889, -33.25372], [-70.8265962, -33.2536956], [-70.8266039, -33.2536713], [-70.8266122, -33.2536471], [-70.8266209, -33.2536231], [-70.8266302, -33.2535992], [-70.8266399, -33.2535754], [-70.8266501, -33.2535517], [-70.8266608, -33.2535282], [-70.826672, -33.2535049], [-70.8266837, -33.2534818], [-70.8266958, -33.2534588], [-70.8267085, -33.253436], [-70.8267216, -33.2534133], [-70.8267351, -33.2533909], [-70.8267491, -33.2533687], [-70.8267636, -33.2533467], [-70.8267785, -33.2533249], [-70.8267939, -33.2533033], [-70.8268097, -33.2532819], [-70.8281663, -33.2514844]]]]}}, {"type": "Feature", "properties": {"fid": 311, "Area": 18163.499}, "geometry": {"type": "MultiPolygon", "coordinates": [[[[-70.8303333, -33.2545914], [-70.8303551, -33.254566], [-70.8303773, -33.2545409], [-70.8304001, -33.2545161], [-70.8304233, -33.2544916], [-70.830447, -33.2544674], [-70.8304713, -33.2544436], [-70.8304959, -33.2544202], [-70.8305211, -33.2543971], [-70.8305467, -33.2543743], [-70.8305727, -33.2543519], [-70.8305992, -33.2543299], [-70.8306261, -33.2543082], [-70.8306535, -33.254287], [-70.8306813, -33.2542661], [-70.8307095, -33.2542456], [-70.8307381, -33.2542255], [-70.8307671, -33.2542059], [-70.8307964, -33.2541866], [-70.8308262, -33.2541677], [-70.8308563, -33.2541493], [-70.8308868, -33.2541313], [-70.8309177, -33.2541138], [-70.8309489, -33.2540966], [-70.8309804, -33.2540799], [-70.8310123, -33.2540637], [-70.8311864, -33.2542915], [-70.8311587, -33.2543054], [-70.8311313, -33.2543197], [-70.8311041, -33.2543345], [-70.8310773, -33.2543496], [-70.8310508, -33.2543651], [-70.8310246, -33.254381], [-70.8309987, -33.2543972], [-70.8309731, -33.2544138], [-70.8309479, -33.2544308], [-70.830923, -33.2544481], [-70.8308985, -33.2544658], [-70.8308744, -33.2544838], [-70.8308506, -33.2545022], [-70.8308272, -33.2545209], [-70.8308042, -33.25454], [-70.8307815, -33.2545593], [-70.8307593, -33.254579], [-70.8307375, -33.254599], [-70.830716, -33.2546194], [-70.830695, -33.25464], [-70.8306744, -33.2546609], [-70.8306543, -33.2546821], [-70.8306345, -33.2547036], [-70.8306152, -33.2547254], [-70.8305964, -33.2547474], [-70.8292523, -33.2563474], [-70.8292283, -33.2563756], [-70.8292036, -33.2564033], [-70.8291784, -33.2564308], [-70.8291527, -33.2564578], [-70.8291264, -33.2564845], [-70.8290995, -33.2565107], [-70.8290721, -33.2565366], [-70.8290442, -33.2565621], [-70.8290158, -33.2565872], [-70.8289869, -33.2566119], [-70.8289574, -33.2566361], [-70.8289275, -33.2566599], [-70.8288971, -33.2566833], [-70.8288662, -33.2567062], [-70.8288348, -33.2567287], [-70.828803, -33.2567508], [-70.8287707, -33.2567723], [-70.828738, -33.2567934], [-70.8287049, -33.256814], [-70.8286713, -33.2568342], [-70.8286374, -33.2568538], [-70.828603, -33.2568729], [-70.8285683, -33.2568916], [-70.8285332, -33.2569097], [-70.8284977, -33.2569274], [-70.8284619, -33.2569445], [-70.8284257, -33.2569611], [-70.8283892, -33.2569772], [-70.8283523, -33.2569927], [-70.8283152, -33.2570077], [-70.8282777, -33.2570222], [-70.82824, -33.2570361], [-70.8282019, -33.2570495], [-70.8281636, -33.2570623], [-70.8281251, -33.2570745], [-70.8280863, -33.2570863], [-70.8280472, -33.2570974], [-70.828008, -33.257108], [-70.8279685, -33.257118], [-70.8279288, -33.2571274], [-70.827889, -33.2571363], [-70.8278489, -33.2571445], [-70.8278088, -33.2571522], [-70.8277684, -33.2571593], [-70.8277279, -33.2571659], [-70.8276873, -33.2571718], [-70.8276466, -33.2571772], [-70.8276057, -33.2571819], [-70.8275648, -33.2571861], [-70.8275238, -33.2571897], [-70.8274827, -33.2571927], [-70.8274416, -33.2571951], [-70.8274004, -33.2571969], [-70.8273592, -33.2571981], [-70.827318, -33.2571987], [-70.8272768, -33.2571987], [-70.8272356, -33.2571981], [-70.8271944, -33.2571969], [-70.8271532, -33.2571951], [-70.8271121, -33.2571927], [-70.827071, -33.2571897], [-70.82703, -33.2571862], [-70.8269891, -33.257182], [-70.8269482, -33.2571773], [-70.8269075, -33.2571719], [-70.8268669, -33.257166], [-70.8268264, -33.2571595], [-70.826786, -33.2571524], [-70.8267458, -33.2571447], [-70.8267058, -33.2571364], [-70.8266659, -33.2571276], [-70.8266263, -33.2571181], [-70.8263181, -33.2570426], [-70.8263162, -33.2570421], [-70.8263142, -33.2570416], [-70.8263122, -33.2570412], [-70.8263102, -33.2570409], [-70.8263082, -33.2570405], [-70.8263062, -33.2570402], [-70.8263041, -33.2570399], [-70.8263021, -33.2570396], [-70.8263001, -33.2570394], [-70.826298, -33.2570392], [-70.826296, -33.257039], [-70.8262939, -33.2570389], [-70.8262919, -33.2570387], [-70.8262898, -33.2570387], [-70.8262878, -33.2570386], [-70.8262857, -33.2570386], [-70.8262837, -33.2570386], [-70.8262816, -33.2570386], [-70.8262796, -33.2570387], [-70.8262775, -33.2570388], [-70.8262755, -33.2570389], [-70.8262734, -33.2570391], [-70.8262714, -33.2570393], [-70.8262693, -33.2570395], [-70.8262673, -33.2570397], [-70.8262653, -33.25704], [-70.8262632, -33.2570403], [-70.8262612, -33.2570406], [-70.8262592, -33.257041], [-70.8262572, -33.2570414], [-70.8262552, -33.2570418], [-70.8262532, -33.2570423], [-70.8262513, -33.2570427], [-70.8262493, -33.2570432], [-70.8262474, -33.2570438], [-70.8262454, -33.2570443], [-70.8262435, -33.2570449], [-70.8262416, -33.2570456], [-70.8262397, -33.2570462], [-70.8262378, -33.2570469], [-70.8262359, -33.2570476], [-70.826234, -33.2570483], [-70.8262322, -33.2570491], [-70.8262304, -33.2570499], [-70.8262286, -33.2570507], [-70.8262268, -33.2570515], [-70.826225, -33.2570524], [-70.8262232, -33.2570533], [-70.8262215, -33.2570542], [-70.8261207, -33.2568716], [-70.8262812, -33.2567169], [-70.8262827, -33.2567189], [-70.8262843, -33.2567208], [-70.8262859, -33.2567227], [-70.8262875, -33.2567245], [-70.8262891, -33.2567264], [-70.8262908, -33.2567282], [-70.8262926, -33.25673], [-70.8262943, -33.2567318], [-70.8262961, -33.2567335], [-70.826298, -33.2567352], [-70.8262998, -33.2567369], [-70.8263017, -33.2567386], [-70.8263037, -33.2567402], [-70.8263056, -33.2567419], [-70.8263077, -33.2567434], [-70.8263097, -33.256745], [-70.8263118, -33.2567465], [-70.8263139, -33.256748], [-70.826316, -33.2567495], [-70.8263181, -33.2567509], [-70.8263203, -33.2567523], [-70.8263226, -33.2567537], [-70.8263248, -33.256755], [-70.8263271, -33.2567563], [-70.8263294, -33.2567576], [-70.8263317, -33.2567588], [-70.826334, -33.2567601], [-70.8263364, -33.2567612], [-70.8263388, -33.2567624], [-70.8263412, -33.2567635], [-70.8263437, -33.2567645], [-70.8263461, -33.2567656], [-70.8263486, -33.2567666], [-70.8263511, -33.2567675], [-70.8263536, -33.2567685], [-70.8263562, -33.2567693], [-70.8263587, -33.2567702], [-70.8263613, -33.256771], [-70.8263639, -33.2567718], [-70.8263665, -33.2567725], [-70.8263691, -33.2567732], [-70.8263718, -33.2567739], [-70.8267165, -33.2568585], [-70.8267508, -33.2568666], [-70.8267853, -33.2568743], [-70.82682, -33.2568814], [-70.8268548, -33.2568881], [-70.8268897, -33.2568942], [-70.8269247, -33.2568999], [-70.8269599, -33.256905], [-70.8269951, -33.2569096], [-70.8270305, -33.2569138], [-70.8270659, -33.2569174], [-70.8271014, -33.2569204], [-70.827137, -33.256923], [-70.8271725, -33.2569251], [-70.8272082, -33.2569266], [-70.8272438, -33.2569277], [-70.8272795, -33.2569282], [-70.8273152, -33.2569282], [-70.8273509, -33.2569276], [-70.8273865, -33.2569266], [-70.8274222, -33.2569251], [-70.8274578, -33.256923], [-70.8274933, -33.2569204], [-70.8275288, -33.2569173], [-70.8275642, -33.2569137], [-70.8275995, -33.2569096], [-70.8276348, -33.2569049], [-70.82767, -33.2568998], [-70.827705, -33.2568941], [-70.8277399, -33.256888], [-70.8277747, -33.2568813], [-70.8278093, -33.2568742], [-70.8278438, -33.2568665], [-70.8278782, -33.2568583], [-70.8279123, -33.2568497], [-70.8279463, -33.2568405], [-70.8279801, -33.2568309], [-70.8280137, -33.2568208], [-70.828047, -33.2568101], [-70.8280802, -33.256799], [-70.8281131, -33.2567875], [-70.8281458, -33.2567754], [-70.8281782, -33.2567629], [-70.8282103, -33.2567499], [-70.8282422, -33.2567365], [-70.8282738, -33.2567226], [-70.8283052, -33.2567082], [-70.8283362, -33.2566934], [-70.8283669, -33.2566781], [-70.8283973, -33.2566624], [-70.8284273, -33.2566463], [-70.8284571, -33.2566297], [-70.8284865, -33.2566127], [-70.8285155, -33.2565953], [-70.8285442, -33.2565774], [-70.8285725, -33.2565592], [-70.8286004, -33.2565405], [-70.8286279, -33.2565215], [-70.8286551, -33.256502], [-70.8286818, -33.2564821], [-70.8287081, -33.2564619], [-70.828734, -33.2564413], [-70.8287595, -33.2564203], [-70.8287846, -33.256399], [-70.8288092, -33.2563773], [-70.8288333, -33.2563552], [-70.828857, -33.2563328], [-70.8288803, -33.2563101], [-70.828903, -33.256287], [-70.8289253, -33.2562636], [-70.8289471, -33.2562398], [-70.8289685, -33.2562158], [-70.8289893, -33.2561915], [-70.8303333, -33.2545914]]]]}}, {"type": "Feature", "properties": {"fid": 312, "Area": 8587.72}, "geometry": {"type": "MultiPolygon", "coordinates": [[[[-70.825932, -33.2573517], [-70.8259861, -33.2570498], [-70.8259864, -33.2570481], [-70.8259866, -33.2570464], [-70.8259868, -33.2570447], [-70.825987, -33.2570429], [-70.8259872, -33.2570412], [-70.8259873, -33.2570395], [-70.8259873, -33.2570378], [-70.8259874, -33.257036], [-70.8259874, -33.2570343], [-70.8259873, -33.2570326], [-70.8259873, -33.2570308], [-70.8259872, -33.2570291], [-70.825987, -33.2570274], [-70.8259868, -33.2570257], [-70.8259866, -33.2570239], [-70.8259864, -33.2570222], [-70.8259861, -33.2570205], [-70.8259858, -33.2570188], [-70.8259854, -33.2570171], [-70.825985, -33.2570154], [-70.8259846, -33.2570137], [-70.8259842, -33.257012], [-70.8259837, -33.2570103], [-70.8259831, -33.2570087], [-70.8259826, -33.257007], [-70.825982, -33.2570054], [-70.8261207, -33.2568716], [-70.8262215, -33.2570542], [-70.8262198, -33.2570551], [-70.8262181, -33.2570561], [-70.8262164, -33.2570571], [-70.8262147, -33.2570581], [-70.8262131, -33.2570592], [-70.8262115, -33.2570602], [-70.8262099, -33.2570613], [-70.8262083, -33.2570624], [-70.8262067, -33.2570635], [-70.8262052, -33.2570647], [-70.8262037, -33.2570659], [-70.8262022, -33.2570671], [-70.8262008, -33.2570683], [-70.8261994, -33.2570695], [-70.826198, -33.2570708], [-70.8261966, -33.2570721], [-70.8261952, -33.2570734], [-70.8261939, -33.2570747], [-70.8261926, -33.2570761], [-70.8261914, -33.2570774], [-70.8261901, -33.2570788], [-70.8261889, -33.2570802], [-70.8261877, -33.2570816], [-70.8261866, -33.257083], [-70.8261855, -33.2570845], [-70.8261844, -33.257086], [-70.8261833, -33.2570874], [-70.8261823, -33.2570889], [-70.8261813, -33.2570904], [-70.8261803, -33.257092], [-70.8261794, -33.2570935], [-70.8261785, -33.2570951], [-70.8261776, -33.2570966], [-70.8261768, -33.2570982], [-70.826176, -33.2570998], [-70.8261752, -33.2571014], [-70.8261745, -33.257103], [-70.8261738, -33.2571046], [-70.8261731, -33.2571062], [-70.8261725, -33.2571079], [-70.8261719, -33.2571095], [-70.8261713, -33.2571112], [-70.8261708, -33.2571129], [-70.8261703, -33.2571145], [-70.8261698, -33.2571162], [-70.8261694, -33.2571179], [-70.826169, -33.2571196], [-70.8261686, -33.2571213], [-70.8261683, -33.257123], [-70.826123, -33.2573758], [-70.8261106, -33.2574493], [-70.8260996, -33.257523], [-70.8260902, -33.2575967], [-70.8260823, -33.2576707], [-70.8260759, -33.2577447], [-70.8260709, -33.2578188], [-70.8260676, -33.257893], [-70.8260657, -33.2579672], [-70.8260653, -33.2580414], [-70.8260665, -33.2581156], [-70.8260691, -33.2581898], [-70.8260729, -33.2582581], [-70.826078, -33.2583263], [-70.8260844, -33.2583945], [-70.8260921, -33.2584625], [-70.8261492, -33.2589362], [-70.8263452, -33.2605524], [-70.8263449, -33.2605525], [-70.8264255, -33.2612201], [-70.8262612, -33.2611946], [-70.8262282, -33.2611893], [-70.8258999, -33.258479], [-70.8258915, -33.2584039], [-70.8258847, -33.2583288], [-70.8258793, -33.2582535], [-70.8258755, -33.2581782], [-70.8258731, -33.2581029], [-70.8258723, -33.2580275], [-70.8258729, -33.2579522], [-70.8258751, -33.2578768], [-70.8258787, -33.2578015], [-70.8258839, -33.2577263], [-70.8258905, -33.2576511], [-70.8258987, -33.257576], [-70.8259083, -33.2575011], [-70.8259194, -33.2574263], [-70.825932, -33.2573517]]]]}}, {"type": "Feature", "properties": {"fid": 313, "Area": 8621.76}, "geometry": {"type": "MultiPolygon", "coordinates": [[[[-70.8231329, -33.2562588], [-70.823131, -33.2562584], [-70.8231291, -33.256258], [-70.8231271, -33.2562576], [-70.8231252, -33.2562572], [-70.8231232, -33.2562568], [-70.8231212, -33.2562565], [-70.8231193, -33.2562562], [-70.8231173, -33.256256], [-70.8231153, -33.2562557], [-70.8231133, -33.2562555], [-70.8231113, -33.2562553], [-70.8231093, -33.2562552], [-70.8231073, -33.2562551], [-70.8231053, -33.256255], [-70.8231033, -33.2562549], [-70.8231013, -33.2562549], [-70.8230993, -33.2562549], [-70.8230973, -33.2562549], [-70.8230953, -33.2562549], [-70.8230933, -33.256255], [-70.8230913, -33.2562551], [-70.8230893, -33.2562552], [-70.8230874, -33.2562554], [-70.8230854, -33.2562556], [-70.8230834, -33.2562558], [-70.8230814, -33.2562561], [-70.8230794, -33.2562563], [-70.8230775, -33.2562566], [-70.8230755, -33.256257], [-70.8230735, -33.2562573], [-70.8230716, -33.2562577], [-70.8230697, -33.2562581], [-70.8230677, -33.2562586], [-70.8230658, -33.256259], [-70.8230625, -33.2561011], [-70.8233807, -33.2559917], [-70.8233813, -33.2559934], [-70.823382, -33.255995], [-70.8233826, -33.2559966], [-70.8233834, -33.2559983], [-70.8233841, -33.2559999], [-70.8233849, -33.2560015], [-70.8233857, -33.2560031], [-70.8233865, -33.2560046], [-70.8233874, -33.2560062], [-70.8233883, -33.2560078], [-70.8233893, -33.2560093], [-70.8233902, -33.2560108], [-70.8233912, -33.2560123], [-70.8233923, -33.2560138], [-70.8233933, -33.2560153], [-70.8233944, -33.2560168], [-70.8233956, -33.2560182], [-70.8233967, -33.2560197], [-70.8233979, -33.2560211], [-70.8233991, -33.2560225], [-70.8234004, -33.2560238], [-70.8234016, -33.2560252], [-70.8234029, -33.2560265], [-70.8234043, -33.2560279], [-70.8234056, -33.2560292], [-70.823407, -33.2560305], [-70.8234084, -33.2560317], [-70.8234099, -33.256033], [-70.8234113, -33.2560342], [-70.8234128, -33.2560354], [-70.8234143, -33.2560365], [-70.8234159, -33.2560377], [-70.8234174, -33.2560388], [-70.823419, -33.2560399], [-70.8234206, -33.256041], [-70.8234222, -33.2560421], [-70.8234239, -33.2560431], [-70.8234256, -33.2560441], [-70.8234272, -33.2560451], [-70.823429, -33.2560461], [-70.8234307, -33.256047], [-70.8234324, -33.2560479], [-70.8234342, -33.2560488], [-70.823436, -33.2560497], [-70.8234378, -33.2560505], [-70.8234396, -33.2560513], [-70.8234415, -33.2560521], [-70.8234433, -33.2560529], [-70.8234452, -33.2560536], [-70.8234471, -33.2560543], [-70.823449, -33.256055], [-70.8234509, -33.2560556], [-70.8234528, -33.2560562], [-70.8234547, -33.2560568], [-70.8234567, -33.2560574], [-70.8234586, -33.2560579], [-70.8234606, -33.2560584], [-70.8259198, -33.2566631], [-70.8259218, -33.2566636], [-70.8259237, -33.256664], [-70.8259257, -33.2566644], [-70.8259277, -33.2566648], [-70.8259296, -33.2566651], [-70.8259316, -33.2566654], [-70.8259336, -33.2566657], [-70.8259356, -33.256666], [-70.8259376, -33.2566662], [-70.8259396, -33.2566664], [-70.8259416, -33.2566666], [-70.8259436, -33.2566668], [-70.8259457, -33.2566669], [-70.8259477, -33.256667], [-70.8259497, -33.256667], [-70.8259517, -33.2566671], [-70.8259537, -33.2566671], [-70.8259558, -33.2566671], [-70.8259578, -33.256667], [-70.8259598, -33.2566669], [-70.8259618, -33.2566668], [-70.8259638, -33.2566667], [-70.8259658, -33.2566665], [-70.8259678, -33.2566663], [-70.8259698, -33.2566661], [-70.8259718, -33.2566658], [-70.8259738, -33.2566655], [-70.8259758, -33.2566652], [-70.8259778, -33.2566649], [-70.8259798, -33.2566645], [-70.8259817, -33.2566641], [-70.8259837, -33.2566637], [-70.8259856, -33.2566632], [-70.8259876, -33.2566627], [-70.8259895, -33.2566622], [-70.8259914, -33.2566617], [-70.8259933, -33.2566611], [-70.8259952, -33.2566605], [-70.8259971, -33.2566599], [-70.825999, -33.2566593], [-70.8260008, -33.2566586], [-70.8260027, -33.2566579], [-70.8261207, -33.2568716], [-70.825982, -33.2570054], [-70.8259813, -33.2570037], [-70.8259807, -33.2570021], [-70.82598, -33.2570004], [-70.8259792, -33.2569988], [-70.8259785, -33.2569972], [-70.8259776, -33.2569956], [-70.8259768, -33.2569941], [-70.8259759, -33.2569925], [-70.825975, -33.2569909], [-70.8259741, -33.2569894], [-70.8259731, -33.2569879], [-70.8259722, -33.2569863], [-70.8259711, -33.2569848], [-70.8259701, -33.2569834], [-70.825969, -33.2569819], [-70.8259679, -33.2569804], [-70.8259667, -33.256979], [-70.8259655, -33.2569776], [-70.8259643, -33.2569762], [-70.8259631, -33.2569748], [-70.8259618, -33.2569734], [-70.8259605, -33.2569721], [-70.8259592, -33.2569708], [-70.8259579, -33.2569695], [-70.8259565, -33.2569682], [-70.8259551, -33.2569669], [-70.8259537, -33.2569657], [-70.8259523, -33.2569645], [-70.8259508, -33.2569633], [-70.8259494, -33.2569621], [-70.8259479, -33.256961], [-70.8259463, -33.2569599], [-70.8259448, -33.2569588], [-70.8259433, -33.2569577], [-70.8259417, -33.2569567], [-70.8259401, -33.2569557], [-70.8259385, -33.2569547], [-70.8259368, -33.2569537], [-70.8259352, -33.2569527], [-70.8259335, -33.2569518], [-70.8259318, -33.2569509], [-70.8259301, -33.25695], [-70.8259283, -33.2569492], [-70.8259266, -33.2569483], [-70.8259248, -33.2569475], [-70.825923, -33.2569467], [-70.8259212, -33.256946], [-70.8259194, -33.2569452], [-70.8259176, -33.2569445], [-70.8259157, -33.2569439], [-70.8259139, -33.2569432], [-70.825912, -33.2569426], [-70.8259101, -33.256942], [-70.8259082, -33.2569414], [-70.8259063, -33.2569409], [-70.8259044, -33.2569404], [-70.8259025, -33.2569399], [-70.8231329, -33.2562588]]]]}}, {"type": "Feature", "properties": {"fid": 314, "Area": 6275.01}, "geometry": {"type": "MultiPolygon", "coordinates": [[[[-70.8250268, -33.253622], [-70.8250273, -33.2536204], [-70.8250277, -33.2536187], [-70.825028, -33.253617], [-70.8250284, -33.2536153], [-70.8250287, -33.2536136], [-70.8250289, -33.2536119], [-70.8250292, -33.2536102], [-70.8250293, -33.2536084], [-70.8250295, -33.2536067], [-70.8250296, -33.253605], [-70.8250297, -33.2536033], [-70.8250298, -33.2536016], [-70.8250298, -33.2535998], [-70.8250297, -33.2535981], [-70.8250297, -33.2535964], [-70.8250296, -33.2535947], [-70.8250295, -33.253593], [-70.8250293, -33.2535913], [-70.8250291, -33.2535895], [-70.8250289, -33.2535878], [-70.8250286, -33.2535861], [-70.8250283, -33.2535844], [-70.8250279, -33.2535827], [-70.8250276, -33.253581], [-70.8250271, -33.2535793], [-70.8250267, -33.2535777], [-70.8250262, -33.253576], [-70.8250257, -33.2535743], [-70.8250252, -33.2535727], [-70.8250246, -33.253571], [-70.825024, -33.2535694], [-70.8250233, -33.2535677], [-70.8250226, -33.2535661], [-70.8250219, -33.2535645], [-70.8250211, -33.2535629], [-70.8250204, -33.2535613], [-70.8250195, -33.2535597], [-70.8250187, -33.2535582], [-70.8250178, -33.2535566], [-70.8252593, -33.2534576], [-70.8252517, -33.2534999], [-70.8252432, -33.253542], [-70.8252338, -33.253584], [-70.8252236, -33.2536258], [-70.8252126, -33.2536675], [-70.8252008, -33.253709], [-70.8251881, -33.2537504], [-70.8251746, -33.2537916], [-70.8251603, -33.2538326], [-70.8251451, -33.2538734], [-70.8251292, -33.2539139], [-70.8251124, -33.2539542], [-70.8250948, -33.2539943], [-70.8250765, -33.2540342], [-70.8250573, -33.2540737], [-70.8250374, -33.254113], [-70.8250317, -33.2541129], [-70.8250135, -33.2541487], [-70.8249947, -33.2541843], [-70.8249751, -33.2542197], [-70.8249549, -33.2542547], [-70.8249339, -33.2542895], [-70.8249123, -33.2543239], [-70.82489, -33.2543581], [-70.824867, -33.2543919], [-70.8248434, -33.2544254], [-70.8248162, -33.2544619], [-70.8247883, -33.254498], [-70.8247596, -33.2545338], [-70.8247303, -33.2545691], [-70.8247002, -33.254604], [-70.8246695, -33.2546384], [-70.824638, -33.2546724], [-70.8246059, -33.254706], [-70.8245731, -33.2547391], [-70.8242825, -33.2550273], [-70.8234037, -33.2558991], [-70.8234024, -33.2559004], [-70.8234011, -33.2559018], [-70.8233998, -33.2559031], [-70.8233986, -33.2559045], [-70.8233974, -33.2559059], [-70.8233962, -33.2559073], [-70.8233951, -33.2559088], [-70.823394, -33.2559102], [-70.8233929, -33.2559117], [-70.8233918, -33.2559132], [-70.8233908, -33.2559147], [-70.8233898, -33.2559162], [-70.8233888, -33.2559177], [-70.8233879, -33.2559193], [-70.823387, -33.2559209], [-70.8233862, -33.2559224], [-70.8233853, -33.255924], [-70.8233845, -33.2559256], [-70.8233838, -33.2559272], [-70.823383, -33.2559288], [-70.8233823, -33.2559305], [-70.8233817, -33.2559321], [-70.8233811, -33.2559337], [-70.8233805, -33.2559354], [-70.8233799, -33.2559371], [-70.8233794, -33.2559387], [-70.8233789, -33.2559404], [-70.8233784, -33.2559421], [-70.823378, -33.2559438], [-70.8233776, -33.2559455], [-70.8233773, -33.2559472], [-70.823377, -33.2559489], [-70.8233767, -33.2559506], [-70.8233764, -33.2559523], [-70.8233762, -33.2559541], [-70.8233761, -33.2559558], [-70.8233759, -33.2559575], [-70.8233758, -33.2559592], [-70.8233758, -33.255961], [-70.8233757, -33.2559627], [-70.8233757, -33.2559644], [-70.8233758, -33.2559662], [-70.8233759, -33.2559679], [-70.823376, -33.2559696], [-70.8233761, -33.2559713], [-70.8233763, -33.2559731], [-70.8233765, -33.2559748], [-70.8233768, -33.2559765], [-70.8233771, -33.2559782], [-70.8233774, -33.2559799], [-70.8233778, -33.2559816], [-70.8233782, -33.2559833], [-70.8233786, -33.255985], [-70.8233791, -33.2559867], [-70.8233796, -33.2559884], [-70.8233801, -33.2559901], [-70.8233807, -33.2559917], [-70.8230625, -33.2561011], [-70.8230593, -33.2559439], [-70.823062, -33.2559434], [-70.8230647, -33.2559429], [-70.8230674, -33.2559423], [-70.8230701, -33.2559417], [-70.8230728, -33.2559411], [-70.8230754, -33.2559404], [-70.8230781, -33.2559397], [-70.8230807, -33.255939], [-70.8230834, -33.2559382], [-70.823086, -33.2559374], [-70.8230886, -33.2559365], [-70.8230911, -33.2559356], [-70.8230937, -33.2559347], [-70.8230962, -33.2559337], [-70.8230987, -33.2559327], [-70.8231012, -33.2559317], [-70.8231037, -33.2559306], [-70.8231061, -33.2559295], [-70.8231086, -33.2559284], [-70.823111, -33.2559272], [-70.8231133, -33.2559259], [-70.8231157, -33.2559247], [-70.823118, -33.2559234], [-70.8231203, -33.2559221], [-70.8231226, -33.2559207], [-70.8231248, -33.2559193], [-70.823127, -33.2559179], [-70.8231292, -33.2559165], [-70.8231314, -33.255915], [-70.8231335, -33.2559135], [-70.8231356, -33.2559119], [-70.8231376, -33.2559104], [-70.8231396, -33.2559088], [-70.8231416, -33.2559071], [-70.8231436, -33.2559055], [-70.8231455, -33.2559038], [-70.8231474, -33.2559021], [-70.8231493, -33.2559003], [-70.8231511, -33.2558985], [-70.8241598, -33.254898], [-70.8244257, -33.2546342], [-70.8244568, -33.2546028], [-70.8244872, -33.254571], [-70.8245169, -33.2545388], [-70.824546, -33.2545062], [-70.8245745, -33.2544731], [-70.8246022, -33.2544396], [-70.8246293, -33.2544058], [-70.8246557, -33.2543715], [-70.8246813, -33.2543369], [-70.8247063, -33.2543019], [-70.8247305, -33.2542666], [-70.824754, -33.2542309], [-70.8247768, -33.2541949], [-70.8247989, -33.2541586], [-70.8248202, -33.2541219], [-70.8248407, -33.2540849], [-70.8248605, -33.2540477], [-70.8248796, -33.2540102], [-70.8248978, -33.2539724], [-70.8249153, -33.2539343], [-70.824932, -33.253896], [-70.824948, -33.2538575], [-70.8249631, -33.2538188], [-70.8249775, -33.2537798], [-70.824991, -33.2537406], [-70.8250038, -33.2537013], [-70.8250157, -33.2536617], [-70.8250268, -33.253622]]]]}}, {"type": "Feature", "properties": {"fid": 315, "Area": 7766.471}, "geometry": {"type": "MultiPolygon", "coordinates": [[[[-70.8220254, -33.2570151], [-70.822739, -33.2563073], [-70.8227403, -33.256306], [-70.8227416, -33.2563046], [-70.8227429, -33.2563033], [-70.8227441, -33.2563019], [-70.8227453, -33.2563005], [-70.8227464, -33.2562991], [-70.8227476, -33.2562977], [-70.8227487, -33.2562962], [-70.8227498, -33.2562948], [-70.8227508, -33.2562933], [-70.8227518, -33.2562918], [-70.8227528, -33.2562903], [-70.8227538, -33.2562888], [-70.8227547, -33.2562872], [-70.8227556, -33.2562857], [-70.8227565, -33.2562841], [-70.8227573, -33.2562826], [-70.8227581, -33.256281], [-70.8227588, -33.2562794], [-70.8227596, -33.2562778], [-70.8227603, -33.2562762], [-70.8227609, -33.2562745], [-70.8227616, -33.2562729], [-70.8227622, -33.2562713], [-70.8227627, -33.2562696], [-70.8227632, -33.256268], [-70.8227637, -33.2562663], [-70.8227642, -33.2562646], [-70.8227646, -33.2562629], [-70.822765, -33.2562613], [-70.8227654, -33.2562596], [-70.8227657, -33.2562579], [-70.822766, -33.2562562], [-70.8227662, -33.2562545], [-70.8227664, -33.2562527], [-70.8227666, -33.256251], [-70.8227668, -33.2562493], [-70.8227669, -33.2562476], [-70.8227669, -33.2562459], [-70.822767, -33.2562442], [-70.822767, -33.2562425], [-70.8227669, -33.2562407], [-70.8227669, -33.256239], [-70.8227668, -33.2562373], [-70.8227666, -33.2562356], [-70.8227665, -33.2562339], [-70.8227663, -33.2562322], [-70.822766, -33.2562305], [-70.8227657, -33.2562288], [-70.8227654, -33.2562271], [-70.8227651, -33.2562254], [-70.8227647, -33.2562237], [-70.8227643, -33.256222], [-70.8227638, -33.2562203], [-70.8227633, -33.2562187], [-70.8227628, -33.256217], [-70.8227622, -33.2562154], [-70.8227617, -33.2562137], [-70.822761, -33.2562121], [-70.8227604, -33.2562104], [-70.8227597, -33.2562088], [-70.822759, -33.2562072], [-70.8227582, -33.2562056], [-70.8230625, -33.2561011], [-70.8230658, -33.256259], [-70.8230639, -33.2562595], [-70.823062, -33.2562601], [-70.8230601, -33.2562606], [-70.8230582, -33.2562612], [-70.8230564, -33.2562618], [-70.8230545, -33.2562624], [-70.8230527, -33.2562631], [-70.8230508, -33.2562638], [-70.823049, -33.2562645], [-70.8230472, -33.2562652], [-70.8230454, -33.256266], [-70.8230437, -33.2562668], [-70.8230419, -33.2562676], [-70.8230402, -33.2562684], [-70.8230385, -33.2562693], [-70.8230368, -33.2562702], [-70.8230351, -33.2562711], [-70.8230334, -33.256272], [-70.8230318, -33.256273], [-70.8230301, -33.2562739], [-70.8230285, -33.2562749], [-70.8230269, -33.256276], [-70.8230254, -33.256277], [-70.8230238, -33.2562781], [-70.8230223, -33.2562792], [-70.8230208, -33.2562803], [-70.8230193, -33.2562814], [-70.8230179, -33.2562826], [-70.8230165, -33.2562838], [-70.823015, -33.256285], [-70.8230137, -33.2562862], [-70.8230123, -33.2562874], [-70.823011, -33.2562887], [-70.8230097, -33.2562899], [-70.8207561, -33.2585252], [-70.8204484, -33.2588304], [-70.8204349, -33.2588436], [-70.820421, -33.2588566], [-70.8204069, -33.2588694], [-70.8203926, -33.258882], [-70.820378, -33.2588944], [-70.8203631, -33.2589065], [-70.820348, -33.2589185], [-70.8203326, -33.2589302], [-70.820317, -33.2589417], [-70.8203012, -33.258953], [-70.8202851, -33.258964], [-70.8202688, -33.2589748], [-70.8202523, -33.2589854], [-70.8202356, -33.2589957], [-70.8202186, -33.2590057], [-70.8202015, -33.2590156], [-70.8201841, -33.2590251], [-70.8201666, -33.2590344], [-70.8201488, -33.2590435], [-70.8201309, -33.2590523], [-70.8201128, -33.2590608], [-70.8200945, -33.2590691], [-70.8200761, -33.259077], [-70.8200575, -33.2590848], [-70.8200387, -33.2590922], [-70.8200198, -33.2590994], [-70.8199344, -33.2589536], [-70.81995, -33.2589478], [-70.8199654, -33.2589418], [-70.8199808, -33.2589356], [-70.819996, -33.2589292], [-70.8200111, -33.2589225], [-70.8200261, -33.2589156], [-70.8200409, -33.2589085], [-70.8200556, -33.2589012], [-70.8200701, -33.2588937], [-70.8200844, -33.258886], [-70.8200986, -33.2588781], [-70.8201127, -33.2588699], [-70.8201265, -33.2588616], [-70.8201402, -33.2588531], [-70.8201538, -33.2588444], [-70.8201671, -33.2588355], [-70.8201803, -33.2588264], [-70.8201932, -33.2588171], [-70.820206, -33.2588076], [-70.8202186, -33.2587979], [-70.820231, -33.2587881], [-70.8202432, -33.2587781], [-70.8202552, -33.2587679], [-70.820267, -33.2587576], [-70.8202785, -33.258747], [-70.8202899, -33.2587363], [-70.820301, -33.2587255], [-70.8206087, -33.2584203], [-70.8210041, -33.2580282], [-70.8220254, -33.2570151]]]]}}, {"type": "Feature", "properties": {"fid": 316, "Area": 5862.285}, "geometry": {"type": "MultiPolygon", "coordinates": [[[[-70.8168422, -33.2581457], [-70.8166056, -33.2582841], [-70.8191009, -33.2591141], [-70.81912, -33.2591203], [-70.8191393, -33.2591262], [-70.8191587, -33.2591319], [-70.8191782, -33.2591372], [-70.8191978, -33.2591423], [-70.8192175, -33.2591471], [-70.8192372, -33.2591516], [-70.8192571, -33.2591559], [-70.8192771, -33.2591598], [-70.8192971, -33.2591634], [-70.8193173, -33.2591668], [-70.8193375, -33.2591699], [-70.8193577, -33.2591726], [-70.819378, -33.2591751], [-70.8193983, -33.2591773], [-70.8194187, -33.2591792], [-70.8194391, -33.2591808], [-70.8194596, -33.2591821], [-70.8194801, -33.2591831], [-70.8195006, -33.2591838], [-70.8195211, -33.2591842], [-70.8195416, -33.2591844], [-70.8195621, -33.2591842], [-70.8195826, -33.2591837], [-70.8196031, -33.2591829], [-70.8196236, -33.2591819], [-70.819644, -33.2591805], [-70.8196644, -33.2591788], [-70.8196848, -33.2591769], [-70.8197051, -33.2591746], [-70.8197254, -33.2591721], [-70.8197457, -33.2591692], [-70.8197658, -33.2591661], [-70.8197859, -33.2591627], [-70.819806, -33.259159], [-70.8198259, -33.259155], [-70.8198458, -33.2591507], [-70.8198655, -33.2591461], [-70.8198852, -33.2591413], [-70.8199048, -33.2591361], [-70.8199243, -33.2591307], [-70.8199436, -33.259125], [-70.8199629, -33.259119], [-70.819982, -33.2591127], [-70.8200009, -33.2591062], [-70.8200198, -33.2590994], [-70.8199344, -33.2589536], [-70.8199183, -33.2589593], [-70.8199022, -33.2589647], [-70.819886, -33.2589699], [-70.8198696, -33.2589748], [-70.8198531, -33.2589795], [-70.8198366, -33.258984], [-70.81982, -33.2589882], [-70.8198032, -33.2589922], [-70.8197864, -33.258996], [-70.8197695, -33.2589995], [-70.8197526, -33.2590027], [-70.8197356, -33.2590057], [-70.8197185, -33.2590084], [-70.8197014, -33.2590109], [-70.8196842, -33.2590132], [-70.819667, -33.2590152], [-70.8196497, -33.2590169], [-70.8196324, -33.2590184], [-70.8196151, -33.2590196], [-70.8195977, -33.2590206], [-70.8195804, -33.2590213], [-70.819563, -33.2590218], [-70.8195456, -33.259022], [-70.8195282, -33.259022], [-70.8195109, -33.2590217], [-70.8194935, -33.2590212], [-70.8194761, -33.2590204], [-70.8194588, -33.2590193], [-70.8194415, -33.259018], [-70.8194242, -33.2590165], [-70.8194069, -33.2590146], [-70.8193897, -33.2590126], [-70.8193726, -33.2590103], [-70.8193554, -33.2590077], [-70.8193384, -33.2590049], [-70.8193214, -33.2590018], [-70.8193045, -33.2589985], [-70.8192876, -33.2589949], [-70.8192708, -33.2589911], [-70.8192541, -33.2589871], [-70.8192375, -33.2589828], [-70.819221, -33.2589782], [-70.8192045, -33.2589735], [-70.8191882, -33.2589684], [-70.819172, -33.2589632], [-70.8180514, -33.2585905], [-70.8169307, -33.2582177], [-70.8169282, -33.2582168], [-70.8169256, -33.2582159], [-70.8169231, -33.258215], [-70.8169206, -33.258214], [-70.8169182, -33.258213], [-70.8169157, -33.258212], [-70.8169133, -33.2582109], [-70.8169109, -33.2582098], [-70.8169085, -33.2582086], [-70.8169061, -33.2582074], [-70.8169038, -33.2582062], [-70.8169015, -33.2582049], [-70.8168992, -33.2582037], [-70.816897, -33.2582023], [-70.8168947, -33.258201], [-70.8168925, -33.2581996], [-70.8168903, -33.2581982], [-70.8168882, -33.2581968], [-70.8168861, -33.2581953], [-70.816884, -33.2581938], [-70.816882, -33.2581922], [-70.8168799, -33.2581907], [-70.8168779, -33.2581891], [-70.816876, -33.2581875], [-70.8168741, -33.2581858], [-70.8168722, -33.2581841], [-70.8168703, -33.2581824], [-70.8168685, -33.2581807], [-70.8168667, -33.2581789], [-70.816865, -33.2581772], [-70.8168632, -33.2581754], [-70.8168616, -33.2581735], [-70.8168599, -33.2581717], [-70.8168583, -33.2581698], [-70.8168568, -33.2581679], [-70.8168552, -33.258166], [-70.8168538, -33.258164], [-70.8168523, -33.2581621], [-70.8168509, -33.2581601], [-70.8168495, -33.2581581], [-70.8168482, -33.2581561], [-70.8168469, -33.258154], [-70.8168457, -33.258152], [-70.8168445, -33.2581499], [-70.8168433, -33.2581478], [-70.8168422, -33.2581457], [-70.8168422, -33.2581457]]]]}}, {"type": "Feature", "properties": {"fid": 317, "Area": 9176.739}, "geometry": {"type": "MultiPolygon", "coordinates": [[[[-70.8196111, -33.2546018], [-70.8192265, -33.2547322], [-70.8192272, -33.2547338], [-70.8192278, -33.2547354], [-70.8192285, -33.2547371], [-70.819229, -33.2547387], [-70.8192296, -33.2547403], [-70.8192301, -33.254742], [-70.8192305, -33.2547437], [-70.819231, -33.2547454], [-70.8192314, -33.254747], [-70.8192317, -33.2547487], [-70.8192321, -33.2547504], [-70.8192323, -33.2547521], [-70.8192326, -33.2547538], [-70.8192328, -33.2547555], [-70.819233, -33.2547572], [-70.8192332, -33.2547589], [-70.8192333, -33.2547606], [-70.8192334, -33.2547623], [-70.8192334, -33.2547641], [-70.8192334, -33.2547658], [-70.8192334, -33.2547675], [-70.8192334, -33.2547692], [-70.8192333, -33.2547709], [-70.8192331, -33.2547726], [-70.819233, -33.2547743], [-70.8192328, -33.254776], [-70.8192326, -33.2547777], [-70.8192323, -33.2547794], [-70.819232, -33.2547811], [-70.8192316, -33.2547828], [-70.8192313, -33.2547845], [-70.8192309, -33.2547862], [-70.8192304, -33.2547879], [-70.81923, -33.2547895], [-70.8192294, -33.2547912], [-70.8192289, -33.2547928], [-70.8192283, -33.2547945], [-70.8192277, -33.2547961], [-70.8192271, -33.2547977], [-70.8192264, -33.2547994], [-70.8192257, -33.254801], [-70.8192249, -33.2548026], [-70.8192242, -33.2548041], [-70.8192234, -33.2548057], [-70.8192225, -33.2548073], [-70.8192216, -33.2548088], [-70.8192207, -33.2548104], [-70.8192198, -33.2548119], [-70.8192188, -33.2548134], [-70.8192178, -33.2548149], [-70.8192168, -33.2548164], [-70.8192157, -33.2548178], [-70.8192147, -33.2548193], [-70.8192135, -33.2548207], [-70.8192124, -33.2548221], [-70.8192112, -33.2548235], [-70.81921, -33.2548249], [-70.8192088, -33.2548263], [-70.8192075, -33.2548276], [-70.8192062, -33.2548289], [-70.8192049, -33.2548303], [-70.8192036, -33.2548315], [-70.8192022, -33.2548328], [-70.8192008, -33.2548341], [-70.8186232, -33.2553426], [-70.8180275, -33.255867], [-70.8178148, -33.2560542], [-70.8177766, -33.2560885], [-70.817739, -33.2561232], [-70.8177022, -33.2561585], [-70.817666, -33.2561943], [-70.8176306, -33.2562306], [-70.8175959, -33.2562674], [-70.817562, -33.2563047], [-70.8175287, -33.2563425], [-70.8174963, -33.2563807], [-70.8174646, -33.2564194], [-70.8174337, -33.2564585], [-70.8174035, -33.256498], [-70.8173742, -33.256538], [-70.8173457, -33.2565783], [-70.8173179, -33.2566191], [-70.817291, -33.2566602], [-70.8172649, -33.2567018], [-70.8172397, -33.2567436], [-70.8172153, -33.2567859], [-70.8171917, -33.2568284], [-70.8171689, -33.2568713], [-70.8171471, -33.2569145], [-70.8171261, -33.256958], [-70.8166299, -33.258011], [-70.8166291, -33.2580126], [-70.8166283, -33.2580142], [-70.8166275, -33.2580157], [-70.8166266, -33.2580173], [-70.8166257, -33.2580188], [-70.8166248, -33.2580204], [-70.8166238, -33.2580219], [-70.8166228, -33.2580234], [-70.8166218, -33.2580249], [-70.8166207, -33.2580264], [-70.8166196, -33.2580278], [-70.8166185, -33.2580293], [-70.8166174, -33.2580307], [-70.8166162, -33.2580321], [-70.816615, -33.2580335], [-70.8166137, -33.2580349], [-70.8166125, -33.2580363], [-70.8166112, -33.2580376], [-70.8166099, -33.2580389], [-70.8166085, -33.2580402], [-70.8166071, -33.2580415], [-70.8166057, -33.2580428], [-70.8166043, -33.258044], [-70.8166029, -33.2580452], [-70.8166014, -33.2580464], [-70.8165999, -33.2580476], [-70.8165984, -33.2580488], [-70.8165968, -33.2580499], [-70.8165952, -33.258051], [-70.8165936, -33.2580521], [-70.816592, -33.2580531], [-70.8165904, -33.2580542], [-70.8165887, -33.2580552], [-70.816587, -33.2580562], [-70.8165853, -33.2580571], [-70.8165836, -33.2580581], [-70.8165819, -33.258059], [-70.8165801, -33.2580599], [-70.8165783, -33.2580608], [-70.8165765, -33.2580616], [-70.8165747, -33.2580624], [-70.8165729, -33.2580632], [-70.8165711, -33.2580639], [-70.8165692, -33.2580647], [-70.8165673, -33.2580654], [-70.8166056, -33.2582841], [-70.8168422, -33.2581457], [-70.8168412, -33.2581435], [-70.8168401, -33.2581414], [-70.8168391, -33.2581392], [-70.8168382, -33.2581371], [-70.8168373, -33.2581349], [-70.8168365, -33.2581327], [-70.8168357, -33.2581305], [-70.8168349, -33.2581283], [-70.8168342, -33.258126], [-70.8168335, -33.2581238], [-70.8168329, -33.2581216], [-70.8168323, -33.2581193], [-70.8168318, -33.258117], [-70.8168313, -33.2581148], [-70.8168308, -33.2581125], [-70.8168305, -33.2581102], [-70.8168301, -33.2581079], [-70.8168298, -33.2581056], [-70.8168296, -33.2581033], [-70.8168293, -33.258101], [-70.8168292, -33.2580987], [-70.8168291, -33.2580964], [-70.816829, -33.2580941], [-70.816829, -33.2580918], [-70.816829, -33.2580895], [-70.8168291, -33.2580872], [-70.8168292, -33.2580848], [-70.8168294, -33.2580825], [-70.8168296, -33.2580802], [-70.8168298, -33.2580779], [-70.8168302, -33.2580756], [-70.8168305, -33.2580734], [-70.8168309, -33.2580711], [-70.8168314, -33.2580688], [-70.8168319, -33.2580665], [-70.8168324, -33.2580643], [-70.816833, -33.258062], [-70.8168336, -33.2580598], [-70.8168343, -33.2580575], [-70.816835, -33.2580553], [-70.8168358, -33.2580531], [-70.8168366, -33.2580509], [-70.8168374, -33.2580487], [-70.8168384, -33.2580465], [-70.8168393, -33.2580443], [-70.8168403, -33.2580422], [-70.8173353, -33.2569917], [-70.8173551, -33.2569507], [-70.8173757, -33.25691], [-70.8173971, -33.2568696], [-70.8174193, -33.2568295], [-70.8174423, -33.2567897], [-70.8174661, -33.2567503], [-70.8174907, -33.2567112], [-70.817516, -33.2566724], [-70.8175422, -33.256634], [-70.8175691, -33.256596], [-70.8175967, -33.2565583], [-70.8176251, -33.2565211], [-70.8176542, -33.2564842], [-70.8176841, -33.2564478], [-70.8177146, -33.2564118], [-70.8177459, -33.2563762], [-70.8177779, -33.2563411], [-70.8178106, -33.2563064], [-70.817844, -33.2562722], [-70.817878, -33.2562385], [-70.8179128, -33.2562053], [-70.8179481, -33.2561725], [-70.8179842, -33.2561402], [-70.8195361, -33.254774], [-70.8195375, -33.2547727], [-70.8195389, -33.2547715], [-70.8195404, -33.2547703], [-70.8195419, -33.2547692], [-70.8195434, -33.254768], [-70.819545, -33.2547669], [-70.8195465, -33.2547658], [-70.8195481, -33.2547647], [-70.8195497, -33.2547637], [-70.8195514, -33.2547627], [-70.819553, -33.2547616], [-70.8195547, -33.2547607], [-70.8195564, -33.2547597], [-70.8195581, -33.2547588], [-70.8195598, -33.2547579], [-70.8195616, -33.254757], [-70.8195633, -33.2547561], [-70.8195651, -33.2547553], [-70.8195669, -33.2547545], [-70.8195687, -33.2547537], [-70.8195706, -33.254753], [-70.8195724, -33.2547522], [-70.8195743, -33.2547515], [-70.8195761, -33.2547509], [-70.819578, -33.2547502], [-70.8195799, -33.2547496], [-70.8195818, -33.254749], [-70.8195838, -33.2547485], [-70.8195857, -33.2547479], [-70.8195877, -33.2547474], [-70.8195896, -33.2547469], [-70.8196111, -33.2546018]]]]}}, {"type": "Feature", "properties": {"fid": 318, "Area": 10713.222}, "geometry": {"type": "MultiPolygon", "coordinates": [[[[-70.8196111, -33.2546018], [-70.8195896, -33.2547469], [-70.8195916, -33.2547465], [-70.8195936, -33.2547461], [-70.8195955, -33.2547457], [-70.8195975, -33.2547453], [-70.8195995, -33.254745], [-70.8196015, -33.2547447], [-70.8196036, -33.2547444], [-70.8196056, -33.2547442], [-70.8196076, -33.2547439], [-70.8196096, -33.2547438], [-70.8196117, -33.2547436], [-70.8196137, -33.2547435], [-70.8196157, -33.2547434], [-70.8196178, -33.2547433], [-70.8196198, -33.2547433], [-70.8196218, -33.2547433], [-70.8196239, -33.2547433], [-70.8196259, -33.2547433], [-70.819628, -33.2547434], [-70.81963, -33.2547435], [-70.819632, -33.2547437], [-70.8196341, -33.2547438], [-70.8196361, -33.254744], [-70.8196381, -33.2547442], [-70.8196401, -33.2547445], [-70.8196421, -33.2547448], [-70.8196441, -33.2547451], [-70.8196461, -33.2547454], [-70.8196481, -33.2547458], [-70.8196501, -33.2547462], [-70.8196521, -33.2547466], [-70.8197032, -33.2547586], [-70.8197542, -33.2547712], [-70.8198048, -33.2547846], [-70.8198552, -33.2547988], [-70.8199053, -33.2548136], [-70.819955, -33.2548292], [-70.8200045, -33.2548454], [-70.8200536, -33.2548624], [-70.8201023, -33.2548801], [-70.8201507, -33.2548985], [-70.8201987, -33.2549176], [-70.8202463, -33.2549374], [-70.8202935, -33.2549578], [-70.8203403, -33.2549789], [-70.8203866, -33.2550007], [-70.8204325, -33.2550232], [-70.8204779, -33.2550463], [-70.8205229, -33.2550701], [-70.8205673, -33.2550945], [-70.8206113, -33.2551195], [-70.8206547, -33.2551452], [-70.8206976, -33.2551715], [-70.8207399, -33.2551984], [-70.8214563, -33.2556616], [-70.8214981, -33.2556882], [-70.8215403, -33.2557141], [-70.8215831, -33.2557394], [-70.8216264, -33.2557641], [-70.8216702, -33.2557882], [-70.8217144, -33.2558117], [-70.8217591, -33.2558345], [-70.8218043, -33.2558567], [-70.8218499, -33.2558783], [-70.8218959, -33.2558992], [-70.8219424, -33.2559195], [-70.8219892, -33.255939], [-70.8220365, -33.255958], [-70.8220841, -33.2559762], [-70.822132, -33.2559938], [-70.8221803, -33.2560107], [-70.822229, -33.2560269], [-70.8222779, -33.2560424], [-70.8223272, -33.2560572], [-70.8223768, -33.2560714], [-70.8224266, -33.2560848], [-70.8224767, -33.2560975], [-70.8226821, -33.256148], [-70.822684, -33.2561485], [-70.822686, -33.256149], [-70.8226879, -33.2561496], [-70.8226898, -33.2561501], [-70.8226917, -33.2561507], [-70.8226936, -33.2561514], [-70.8226955, -33.256152], [-70.8226974, -33.2561527], [-70.8226992, -33.2561534], [-70.8227011, -33.2561542], [-70.8227029, -33.256155], [-70.8227047, -33.2561558], [-70.8227065, -33.2561566], [-70.8227083, -33.2561574], [-70.82271, -33.2561583], [-70.8227117, -33.2561592], [-70.8227135, -33.2561601], [-70.8227152, -33.2561611], [-70.8227168, -33.256162], [-70.8227185, -33.256163], [-70.8227201, -33.2561641], [-70.8227217, -33.2561651], [-70.8227233, -33.2561662], [-70.8227249, -33.2561673], [-70.8227265, -33.2561684], [-70.822728, -33.2561695], [-70.8227295, -33.2561707], [-70.822731, -33.2561718], [-70.8227324, -33.256173], [-70.8227338, -33.2561743], [-70.8227352, -33.2561755], [-70.8227366, -33.2561768], [-70.822738, -33.2561781], [-70.8227393, -33.2561794], [-70.8227406, -33.2561807], [-70.8227419, -33.256182], [-70.8227431, -33.2561834], [-70.8227443, -33.2561847], [-70.8227455, -33.2561861], [-70.8227467, -33.2561875], [-70.8227478, -33.256189], [-70.8227489, -33.2561904], [-70.82275, -33.2561919], [-70.822751, -33.2561933], [-70.822752, -33.2561948], [-70.822753, -33.2561963], [-70.8227539, -33.2561979], [-70.8227549, -33.2561994], [-70.8227557, -33.2562009], [-70.8227566, -33.2562025], [-70.8227574, -33.2562041], [-70.8227582, -33.2562056], [-70.8230625, -33.2561011], [-70.8230593, -33.2559439], [-70.8230566, -33.2559443], [-70.8230538, -33.2559447], [-70.8230511, -33.255945], [-70.8230484, -33.2559453], [-70.8230457, -33.2559456], [-70.8230429, -33.2559458], [-70.8230402, -33.255946], [-70.8230374, -33.2559462], [-70.8230347, -33.2559463], [-70.8230319, -33.2559463], [-70.8230292, -33.2559464], [-70.8230264, -33.2559464], [-70.8230237, -33.2559463], [-70.8230209, -33.2559462], [-70.8230182, -33.2559461], [-70.8230154, -33.255946], [-70.8230127, -33.2559458], [-70.82301, -33.2559455], [-70.8230072, -33.2559452], [-70.8230045, -33.2559449], [-70.8230018, -33.2559445], [-70.8229991, -33.2559441], [-70.8229964, -33.2559437], [-70.8229937, -33.2559432], [-70.822991, -33.2559427], [-70.8229883, -33.2559422], [-70.8229857, -33.2559416], [-70.822983, -33.2559409], [-70.822676, -33.2558654], [-70.8226207, -33.2558514], [-70.8225656, -33.2558366], [-70.8225109, -33.255821], [-70.8224566, -33.2558047], [-70.8224025, -33.2557875], [-70.8223488, -33.2557696], [-70.8222955, -33.255751], [-70.8222426, -33.2557316], [-70.82219, -33.2557114], [-70.8221379, -33.2556905], [-70.8220862, -33.2556689], [-70.8220349, -33.2556466], [-70.8219841, -33.2556235], [-70.8219337, -33.2555997], [-70.8218839, -33.2555752], [-70.8218345, -33.25555], [-70.8217857, -33.2555241], [-70.8217374, -33.2554975], [-70.8216896, -33.2554702], [-70.8216424, -33.2554422], [-70.8215957, -33.2554136], [-70.8215497, -33.2553843], [-70.8209295, -33.2549833], [-70.8208842, -33.2549546], [-70.8208384, -33.2549264], [-70.820792, -33.2548989], [-70.8207451, -33.2548721], [-70.8206977, -33.2548459], [-70.8206497, -33.2548204], [-70.8206013, -33.2547955], [-70.8205523, -33.2547713], [-70.8205029, -33.2547478], [-70.8204531, -33.254725], [-70.8204028, -33.2547029], [-70.820352, -33.2546815], [-70.8203009, -33.2546609], [-70.8202493, -33.2546409], [-70.8201974, -33.2546216], [-70.8201451, -33.2546031], [-70.8200678, -33.2545773], [-70.8200652, -33.2545764], [-70.8200626, -33.2545755], [-70.8200601, -33.2545746], [-70.8200575, -33.2545736], [-70.820055, -33.2545726], [-70.8200526, -33.2545716], [-70.8200501, -33.2545705], [-70.8200476, -33.2545694], [-70.8200452, -33.2545683], [-70.8200428, -33.2545671], [-70.8200405, -33.2545659], [-70.8200381, -33.2545646], [-70.8200358, -33.2545633], [-70.8200335, -33.254562], [-70.8200312, -33.2545607], [-70.820029, -33.2545593], [-70.8200268, -33.2545579], [-70.8200246, -33.2545564], [-70.8200225, -33.254555], [-70.8200203, -33.2545534], [-70.8200183, -33.2545519], [-70.8200162, -33.2545503], [-70.8200142, -33.2545487], [-70.8200122, -33.2545471], [-70.8200102, -33.2545455], [-70.8200083, -33.2545438], [-70.8200064, -33.2545421], [-70.8200046, -33.2545403], [-70.8200027, -33.2545386], [-70.820001, -33.2545368], [-70.8199992, -33.254535], [-70.8199975, -33.2545331], [-70.8199959, -33.2545312], [-70.8199942, -33.2545294], [-70.8199926, -33.2545274], [-70.8199911, -33.2545255], [-70.8199896, -33.2545236], [-70.8199881, -33.2545216], [-70.8199867, -33.2545196], [-70.8199853, -33.2545176], [-70.8199839, -33.2545155], [-70.8199826, -33.2545134], [-70.8199814, -33.2545114], [-70.8199802, -33.2545093], [-70.819979, -33.2545072], [-70.8199779, -33.254505], [-70.8199768, -33.2545029], [-70.8199757, -33.2545007], [-70.8199747, -33.2544985], [-70.8199738, -33.2544964], [-70.8199729, -33.2544941], [-70.819972, -33.2544919], [-70.8199712, -33.2544897], [-70.8199704, -33.2544875], [-70.8199697, -33.2544852], [-70.819969, -33.2544829], [-70.8199684, -33.2544807], [-70.8196111, -33.2546018], [-70.8196111, -33.2546018]]]]}}, {"type": "Feature", "properties": {"fid": 319, "Area": 6259.836}, "geometry": {"type": "MultiPolygon", "coordinates": [[[[-70.8215809, -33.2520611], [-70.8217828, -33.2520112], [-70.8218464, -33.252157], [-70.8218443, -33.252157], [-70.8218423, -33.2521571], [-70.8218403, -33.2521572], [-70.8218382, -33.2521573], [-70.8218362, -33.2521575], [-70.8218342, -33.2521577], [-70.8218321, -33.2521579], [-70.8218301, -33.2521582], [-70.8218281, -33.2521584], [-70.8218261, -33.2521587], [-70.8218241, -33.2521591], [-70.8218221, -33.2521594], [-70.8218201, -33.2521598], [-70.8218182, -33.2521603], [-70.8218162, -33.2521607], [-70.8218142, -33.2521612], [-70.8218123, -33.2521617], [-70.8218104, -33.2521623], [-70.8218084, -33.2521628], [-70.8218065, -33.2521634], [-70.8218046, -33.252164], [-70.8218027, -33.2521647], [-70.8218009, -33.2521654], [-70.821799, -33.2521661], [-70.8217972, -33.2521668], [-70.8217953, -33.2521676], [-70.8217935, -33.2521683], [-70.8217917, -33.2521691], [-70.8217899, -33.25217], [-70.8217882, -33.2521708], [-70.8217864, -33.2521717], [-70.8217847, -33.2521726], [-70.821783, -33.2521736], [-70.8217813, -33.2521745], [-70.8217796, -33.2521755], [-70.821778, -33.2521765], [-70.8217764, -33.2521776], [-70.8217748, -33.2521786], [-70.8217732, -33.2521797], [-70.8217716, -33.2521808], [-70.8217701, -33.2521819], [-70.8217686, -33.2521831], [-70.8217671, -33.2521843], [-70.8217656, -33.2521854], [-70.8217642, -33.2521867], [-70.8217628, -33.2521879], [-70.8217614, -33.2521891], [-70.82176, -33.2521904], [-70.8217587, -33.2521917], [-70.8217574, -33.252193], [-70.8217561, -33.2521944], [-70.8217548, -33.2521957], [-70.8217536, -33.2521971], [-70.8217524, -33.2521985], [-70.8217512, -33.2521999], [-70.8217501, -33.2522013], [-70.821749, -33.2522027], [-70.8217479, -33.2522042], [-70.8217468, -33.2522056], [-70.8217458, -33.2522071], [-70.821066, -33.2532114], [-70.8209126, -33.2534381], [-70.8208847, -33.2534786], [-70.820856, -33.2535187], [-70.8208265, -33.2535584], [-70.8207962, -33.2535977], [-70.8207652, -33.2536366], [-70.8207334, -33.2536751], [-70.8207009, -33.2537131], [-70.8206676, -33.2537506], [-70.8206336, -33.2537877], [-70.8205989, -33.2538244], [-70.8205635, -33.2538605], [-70.8205274, -33.2538962], [-70.8204906, -33.2539314], [-70.8204531, -33.253966], [-70.820415, -33.2540001], [-70.8200726, -33.2543016], [-70.820009, -33.2543576], [-70.8200071, -33.2543593], [-70.8200052, -33.2543611], [-70.8200034, -33.2543628], [-70.8200016, -33.2543646], [-70.8199998, -33.2543664], [-70.8199981, -33.2543682], [-70.8199964, -33.2543701], [-70.8199948, -33.254372], [-70.8199932, -33.2543739], [-70.8199916, -33.2543758], [-70.8199901, -33.2543778], [-70.8199886, -33.2543797], [-70.8199872, -33.2543817], [-70.8199858, -33.2543837], [-70.8199844, -33.2543858], [-70.8199831, -33.2543878], [-70.8199818, -33.2543899], [-70.8199806, -33.254392], [-70.8199794, -33.2543941], [-70.8199783, -33.2543962], [-70.8199771, -33.2543984], [-70.8199761, -33.2544005], [-70.8199751, -33.2544027], [-70.8199741, -33.2544049], [-70.8199732, -33.2544071], [-70.8199723, -33.2544093], [-70.8199715, -33.2544115], [-70.8199707, -33.2544137], [-70.8199699, -33.254416], [-70.8199692, -33.2544183], [-70.8199686, -33.2544205], [-70.819968, -33.2544228], [-70.8199674, -33.2544251], [-70.8199669, -33.2544274], [-70.8199665, -33.2544297], [-70.8199661, -33.254432], [-70.8199657, -33.2544343], [-70.8199654, -33.2544366], [-70.8199651, -33.2544389], [-70.8199649, -33.2544413], [-70.8199647, -33.2544436], [-70.8199646, -33.2544459], [-70.8199645, -33.2544483], [-70.8199645, -33.2544506], [-70.8199645, -33.2544529], [-70.8199645, -33.2544553], [-70.8199646, -33.2544576], [-70.8199648, -33.2544599], [-70.819965, -33.2544622], [-70.8199653, -33.2544646], [-70.8199656, -33.2544669], [-70.8199659, -33.2544692], [-70.8199663, -33.2544715], [-70.8199668, -33.2544738], [-70.8199673, -33.2544761], [-70.8199678, -33.2544784], [-70.8199684, -33.2544807], [-70.8196111, -33.2546018], [-70.8196357, -33.2544359], [-70.8196376, -33.2544353], [-70.8196395, -33.2544347], [-70.8196414, -33.254434], [-70.8196433, -33.2544334], [-70.8196451, -33.2544327], [-70.819647, -33.2544319], [-70.8196488, -33.2544312], [-70.8196506, -33.2544304], [-70.8196524, -33.2544296], [-70.8196542, -33.2544288], [-70.8196559, -33.2544279], [-70.8196577, -33.254427], [-70.8196594, -33.2544261], [-70.8196611, -33.2544252], [-70.8196628, -33.2544243], [-70.8196645, -33.2544233], [-70.8196661, -33.2544223], [-70.8196677, -33.2544212], [-70.8196693, -33.2544202], [-70.8196709, -33.2544191], [-70.8196725, -33.254418], [-70.819674, -33.2544169], [-70.8196755, -33.2544158], [-70.819677, -33.2544146], [-70.8196785, -33.2544134], [-70.8196799, -33.2544122], [-70.8196813, -33.254411], [-70.8202753, -33.2538881], [-70.8203112, -33.2538559], [-70.8203466, -33.2538232], [-70.8203813, -33.25379], [-70.8204154, -33.2537564], [-70.8204488, -33.2537223], [-70.8204815, -33.2536877], [-70.8205136, -33.2536527], [-70.8205449, -33.2536173], [-70.8205756, -33.2535814], [-70.8206056, -33.2535451], [-70.8206349, -33.2535084], [-70.8206634, -33.2534714], [-70.8206913, -33.2534339], [-70.8207184, -33.253396], [-70.8207447, -33.2533578], [-70.8211575, -33.252748], [-70.8215703, -33.2521381], [-70.8215713, -33.2521366], [-70.8215722, -33.2521351], [-70.8215731, -33.2521336], [-70.821574, -33.2521321], [-70.8215749, -33.2521306], [-70.8215757, -33.252129], [-70.8215765, -33.2521275], [-70.8215773, -33.2521259], [-70.821578, -33.2521243], [-70.8215787, -33.2521227], [-70.8215794, -33.2521211], [-70.82158, -33.2521195], [-70.8215806, -33.2521179], [-70.8215812, -33.2521163], [-70.8215817, -33.2521146], [-70.8215822, -33.252113], [-70.8215827, -33.2521114], [-70.8215831, -33.2521097], [-70.8215835, -33.252108], [-70.8215839, -33.2521064], [-70.8215842, -33.2521047], [-70.8215845, -33.252103], [-70.8215848, -33.2521013], [-70.821585, -33.2520997], [-70.8215852, -33.252098], [-70.8215854, -33.2520963], [-70.8215855, -33.2520946], [-70.8215856, -33.2520929], [-70.8215857, -33.2520912], [-70.8215857, -33.2520895], [-70.8215857, -33.2520878], [-70.8215857, -33.2520861], [-70.8215856, -33.2520844], [-70.8215855, -33.2520827], [-70.8215853, -33.252081], [-70.8215852, -33.2520794], [-70.8215849, -33.2520777], [-70.8215847, -33.252076], [-70.8215844, -33.2520743], [-70.8215841, -33.2520726], [-70.8215837, -33.252071], [-70.8215833, -33.2520693], [-70.8215829, -33.2520676], [-70.8215825, -33.252066], [-70.821582, -33.2520643], [-70.8215815, -33.2520627], [-70.8215809, -33.2520611], [-70.8215809, -33.2520611]]]]}}, {"type": "Feature", "properties": {"fid": 320, "Area": 16275.962}, "geometry": {"type": "MultiPolygon", "coordinates": [[[[-70.8144929, -33.2540284], [-70.8139843, -33.2538684], [-70.8139824, -33.2538679], [-70.8139805, -33.2538673], [-70.8139786, -33.2538668], [-70.8139766, -33.2538663], [-70.8139747, -33.2538658], [-70.8139727, -33.2538653], [-70.8139707, -33.2538649], [-70.8139687, -33.2538645], [-70.8139667, -33.2538642], [-70.8139648, -33.2538639], [-70.8139627, -33.2538636], [-70.8139607, -33.2538633], [-70.8139587, -33.253863], [-70.8139567, -33.2538628], [-70.8139547, -33.2538626], [-70.8139527, -33.2538625], [-70.8139506, -33.2538624], [-70.8139486, -33.2538623], [-70.8139466, -33.2538622], [-70.8139445, -33.2538622], [-70.8139425, -33.2538621], [-70.8139405, -33.2538622], [-70.8139384, -33.2538622], [-70.8139364, -33.2538623], [-70.8139344, -33.2538624], [-70.8139323, -33.2538625], [-70.8139303, -33.2538627], [-70.8139283, -33.2538629], [-70.8139263, -33.2538631], [-70.8139243, -33.2538634], [-70.8139223, -33.2538637], [-70.8139203, -33.253864], [-70.8139183, -33.2538643], [-70.8139163, -33.2538647], [-70.8139143, -33.2538651], [-70.8139123, -33.2538655], [-70.8139104, -33.253866], [-70.8139084, -33.2538665], [-70.8139065, -33.253867], [-70.8139046, -33.2538675], [-70.8139027, -33.2538681], [-70.8139007, -33.2538687], [-70.8138989, -33.2538693], [-70.813897, -33.25387], [-70.8138251, -33.2536739], [-70.8140401, -33.2535724], [-70.8140411, -33.2535739], [-70.8140422, -33.2535754], [-70.8140433, -33.2535769], [-70.8140444, -33.2535783], [-70.8140455, -33.2535798], [-70.8140467, -33.2535812], [-70.8140479, -33.2535826], [-70.8140492, -33.253584], [-70.8140504, -33.2535853], [-70.8140517, -33.2535867], [-70.814053, -33.253588], [-70.8140544, -33.2535893], [-70.8140558, -33.2535906], [-70.8140572, -33.2535918], [-70.8140586, -33.2535931], [-70.8140601, -33.2535943], [-70.8140615, -33.2535955], [-70.814063, -33.2535967], [-70.8140646, -33.2535978], [-70.8140661, -33.253599], [-70.8140677, -33.2536001], [-70.8140693, -33.2536012], [-70.8140709, -33.2536022], [-70.8140726, -33.2536033], [-70.8140742, -33.2536043], [-70.8140759, -33.2536053], [-70.8140776, -33.2536062], [-70.8140793, -33.2536072], [-70.8140811, -33.2536081], [-70.8140829, -33.253609], [-70.8140846, -33.2536099], [-70.8140864, -33.2536107], [-70.8140882, -33.2536115], [-70.8140901, -33.2536123], [-70.8140919, -33.253613], [-70.8140938, -33.2536138], [-70.8140957, -33.2536145], [-70.8140976, -33.2536152], [-70.8140995, -33.2536158], [-70.8141014, -33.2536164], [-70.8146024, -33.253774], [-70.8147217, -33.2538093], [-70.8148417, -33.2538428], [-70.8149623, -33.2538746], [-70.8150836, -33.2539046], [-70.8152055, -33.2539328], [-70.815328, -33.2539593], [-70.815451, -33.2539839], [-70.8155744, -33.2540068], [-70.8156984, -33.2540279], [-70.8158227, -33.2540471], [-70.8159475, -33.2540645], [-70.8160725, -33.2540802], [-70.8161979, -33.2540939], [-70.818338, -33.2543134], [-70.8195816, -33.254441], [-70.8195837, -33.2544412], [-70.8195857, -33.2544413], [-70.8195877, -33.2544415], [-70.8195897, -33.2544416], [-70.8195918, -33.2544416], [-70.8195938, -33.2544417], [-70.8195958, -33.2544417], [-70.8195979, -33.2544417], [-70.8195999, -33.2544416], [-70.8196019, -33.2544416], [-70.819604, -33.2544415], [-70.819606, -33.2544413], [-70.819608, -33.2544412], [-70.81961, -33.254441], [-70.8196121, -33.2544408], [-70.8196141, -33.2544405], [-70.8196161, -33.2544402], [-70.8196181, -33.2544399], [-70.8196201, -33.2544396], [-70.8196221, -33.2544392], [-70.819624, -33.2544388], [-70.819626, -33.2544384], [-70.819628, -33.254438], [-70.8196299, -33.2544375], [-70.8196319, -33.254437], [-70.8196338, -33.2544365], [-70.8196357, -33.2544359], [-70.8196111, -33.2546018], [-70.8192265, -33.2547322], [-70.8192258, -33.2547306], [-70.8192251, -33.254729], [-70.8192243, -33.2547274], [-70.8192235, -33.2547258], [-70.8192227, -33.2547242], [-70.8192218, -33.2547227], [-70.8192209, -33.2547211], [-70.81922, -33.2547196], [-70.819219, -33.2547181], [-70.819218, -33.2547166], [-70.819217, -33.2547151], [-70.819216, -33.2547137], [-70.8192149, -33.2547122], [-70.8192138, -33.2547108], [-70.8192126, -33.2547094], [-70.8192115, -33.254708], [-70.8192103, -33.2547066], [-70.819209, -33.2547052], [-70.8192078, -33.2547038], [-70.8192065, -33.2547025], [-70.8192052, -33.2547012], [-70.8192039, -33.2546999], [-70.8192025, -33.2546986], [-70.8192011, -33.2546974], [-70.8191997, -33.2546961], [-70.8191982, -33.2546949], [-70.8191968, -33.2546937], [-70.8191953, -33.2546926], [-70.8191938, -33.2546914], [-70.8191922, -33.2546903], [-70.8191907, -33.2546892], [-70.8191891, -33.2546881], [-70.8191875, -33.2546871], [-70.8191859, -33.254686], [-70.8191842, -33.254685], [-70.8191826, -33.254684], [-70.8191809, -33.2546831], [-70.8191792, -33.2546821], [-70.8191774, -33.2546812], [-70.8191757, -33.2546803], [-70.8191739, -33.2546795], [-70.8191721, -33.2546786], [-70.8191704, -33.2546778], [-70.8191685, -33.254677], [-70.8191667, -33.2546763], [-70.8191649, -33.2546755], [-70.819163, -33.2546748], [-70.8191611, -33.2546741], [-70.8191592, -33.2546735], [-70.8191573, -33.2546729], [-70.8191554, -33.2546723], [-70.8191535, -33.2546717], [-70.8191516, -33.2546712], [-70.8191496, -33.2546707], [-70.8191477, -33.2546702], [-70.8191457, -33.2546697], [-70.8191437, -33.2546693], [-70.8191417, -33.2546689], [-70.8191398, -33.2546685], [-70.8191378, -33.2546682], [-70.8191357, -33.2546679], [-70.8191337, -33.2546676], [-70.8191317, -33.2546674], [-70.8191297, -33.2546671], [-70.8182282, -33.2545747], [-70.8161589, -33.2543625], [-70.816028, -33.2543481], [-70.8158974, -33.2543318], [-70.8157671, -33.2543136], [-70.8156373, -33.2542934], [-70.8155079, -33.2542715], [-70.8153789, -33.2542476], [-70.8152505, -33.2542218], [-70.8151227, -33.2541942], [-70.8149954, -33.2541647], [-70.8148687, -33.2541334], [-70.8147427, -33.2541002], [-70.8146174, -33.2540652], [-70.8144929, -33.2540284]]]]}}, {"type": "Feature", "properties": {"fid": 321, "Area": 7706.931}, "geometry": {"type": "MultiPolygon", "coordinates": [[[[-70.8119963, -33.2577391], [-70.813649, -33.2578711], [-70.8154673, -33.2580164], [-70.8155185, -33.2580208], [-70.8155696, -33.258026], [-70.8156207, -33.2580319], [-70.8156715, -33.2580384], [-70.8157223, -33.2580457], [-70.8157729, -33.2580537], [-70.8158233, -33.2580625], [-70.8158736, -33.2580719], [-70.8159236, -33.258082], [-70.8159735, -33.2580928], [-70.8160231, -33.2581043], [-70.8160725, -33.2581165], [-70.8161217, -33.2581293], [-70.8161706, -33.2581429], [-70.8162192, -33.2581571], [-70.8162675, -33.2581721], [-70.8163155, -33.2581876], [-70.8166056, -33.2582841], [-70.816567, -33.2580655], [-70.8165652, -33.2580662], [-70.8165633, -33.2580668], [-70.8165614, -33.2580674], [-70.8165595, -33.258068], [-70.8165576, -33.2580685], [-70.8165557, -33.258069], [-70.8165538, -33.2580695], [-70.8165518, -33.25807], [-70.8165499, -33.2580704], [-70.8165479, -33.2580709], [-70.816546, -33.2580712], [-70.816544, -33.2580716], [-70.816542, -33.2580719], [-70.81654, -33.2580722], [-70.816538, -33.2580725], [-70.816536, -33.2580727], [-70.816534, -33.258073], [-70.816532, -33.2580731], [-70.81653, -33.2580733], [-70.816528, -33.2580734], [-70.816526, -33.2580735], [-70.816524, -33.2580736], [-70.816522, -33.2580736], [-70.81652, -33.2580737], [-70.816518, -33.2580736], [-70.8165159, -33.2580736], [-70.8165139, -33.2580735], [-70.8165119, -33.2580734], [-70.8165099, -33.2580733], [-70.8165079, -33.2580731], [-70.8165059, -33.2580729], [-70.8165039, -33.2580727], [-70.8165019, -33.2580725], [-70.8164999, -33.2580722], [-70.8164979, -33.2580719], [-70.816496, -33.2580715], [-70.816494, -33.2580712], [-70.816492, -33.2580708], [-70.8164901, -33.2580704], [-70.8164881, -33.2580699], [-70.8164862, -33.2580695], [-70.8164843, -33.258069], [-70.8164823, -33.2580684], [-70.8164804, -33.2580679], [-70.8164786, -33.2580673], [-70.8164767, -33.2580667], [-70.816424, -33.2580483], [-70.816371, -33.2580307], [-70.8163176, -33.2580138], [-70.8162639, -33.2579977], [-70.8162098, -33.2579824], [-70.8161555, -33.2579678], [-70.8161009, -33.257954], [-70.816046, -33.257941], [-70.8159908, -33.2579288], [-70.8159354, -33.2579174], [-70.8158798, -33.2579068], [-70.815824, -33.2578969], [-70.815768, -33.2578879], [-70.8157118, -33.2578797], [-70.8156554, -33.2578722], [-70.8155989, -33.2578656], [-70.8155423, -33.2578598], [-70.8154856, -33.2578548], [-70.8138742, -33.2577261], [-70.8122628, -33.2575973], [-70.8122608, -33.2575971], [-70.8122587, -33.2575969], [-70.8122567, -33.2575967], [-70.8122547, -33.2575964], [-70.8122526, -33.2575961], [-70.8122506, -33.2575958], [-70.8122486, -33.2575954], [-70.8122466, -33.2575951], [-70.8122446, -33.2575946], [-70.8122427, -33.2575942], [-70.8122407, -33.2575937], [-70.8122387, -33.2575932], [-70.8122368, -33.2575927], [-70.8122348, -33.2575921], [-70.8122329, -33.2575916], [-70.812231, -33.257591], [-70.8122291, -33.2575903], [-70.8122272, -33.2575896], [-70.8122253, -33.2575889], [-70.8122235, -33.2575882], [-70.8122216, -33.2575875], [-70.8122198, -33.2575867], [-70.812218, -33.2575859], [-70.8122162, -33.2575851], [-70.8122144, -33.2575842], [-70.8122126, -33.2575833], [-70.8122109, -33.2575824], [-70.8122092, -33.2575815], [-70.8122075, -33.2575805], [-70.8122058, -33.2575795], [-70.8122041, -33.2575785], [-70.8122025, -33.2575775], [-70.8122009, -33.2575765], [-70.8121993, -33.2575754], [-70.8121977, -33.2575743], [-70.8121961, -33.2575732], [-70.8121946, -33.257572], [-70.8121931, -33.2575708], [-70.8121916, -33.2575696], [-70.8121902, -33.2575684], [-70.8121887, -33.2575672], [-70.8121873, -33.257566], [-70.812186, -33.2575647], [-70.8121846, -33.2575634], [-70.8121833, -33.2575621], [-70.812182, -33.2575607], [-70.8121807, -33.2575594], [-70.8121795, -33.257558], [-70.8121783, -33.2575566], [-70.8119963, -33.2577391]]]]}}, {"type": "Feature", "properties": {"fid": 322, "Area": 1244.041}, "geometry": {"type": "MultiPolygon", "coordinates": [[[[-70.8141457, -33.2436162], [-70.8142371, -33.2437957], [-70.8142507, -33.2437909], [-70.8142643, -33.2437864], [-70.8142781, -33.243782], [-70.8142919, -33.2437779], [-70.8143058, -33.2437739], [-70.8143198, -33.2437702], [-70.8143339, -33.2437666], [-70.8143481, -33.2437633], [-70.8143623, -33.2437601], [-70.8143766, -33.2437572], [-70.8143909, -33.2437545], [-70.8144053, -33.243752], [-70.8144198, -33.2437497], [-70.8144343, -33.2437476], [-70.8144488, -33.2437457], [-70.8144634, -33.243744], [-70.814478, -33.2437426], [-70.8144926, -33.2437413], [-70.8145072, -33.2437403], [-70.8145219, -33.2437395], [-70.8145366, -33.2437389], [-70.8145513, -33.2437385], [-70.814566, -33.2437383], [-70.8145807, -33.2437384], [-70.8145954, -33.2437386], [-70.8146101, -33.2437391], [-70.8146247, -33.2437398], [-70.8148274, -33.2437507], [-70.8148269, -33.2437495], [-70.8148408, -33.243566], [-70.8145135, -33.2435483], [-70.8141461, -33.243616], [-70.8141457, -33.2436162]]]]}}, {"type": "Feature", "properties": {"fid": 323, "Area": 8546.915}, "geometry": {"type": "MultiPolygon", "coordinates": [[[[-70.8136512, -33.2538703], [-70.8136519, -33.2538687], [-70.8136526, -33.2538671], [-70.8136532, -33.2538654], [-70.8136538, -33.2538638], [-70.8136544, -33.2538621], [-70.813655, -33.2538604], [-70.8136555, -33.2538588], [-70.8136559, -33.2538571], [-70.8136564, -33.2538554], [-70.8136568, -33.2538537], [-70.8136572, -33.253852], [-70.8136575, -33.2538503], [-70.8136578, -33.2538486], [-70.8136581, -33.2538469], [-70.8136583, -33.2538452], [-70.8136585, -33.2538435], [-70.8136587, -33.2538417], [-70.8136588, -33.25384], [-70.8136589, -33.2538383], [-70.8136589, -33.2538366], [-70.8136589, -33.2538348], [-70.8136589, -33.2538331], [-70.8136589, -33.2538314], [-70.8136588, -33.2538297], [-70.8136587, -33.2538279], [-70.8136585, -33.2538262], [-70.8136583, -33.2538245], [-70.8136581, -33.2538228], [-70.8136578, -33.2538211], [-70.8136575, -33.2538194], [-70.8136571, -33.2538177], [-70.8136568, -33.253816], [-70.8136564, -33.2538143], [-70.8136559, -33.2538126], [-70.8136554, -33.2538109], [-70.8136549, -33.2538092], [-70.8136544, -33.2538076], [-70.8136538, -33.2538059], [-70.8136532, -33.2538043], [-70.8136525, -33.2538026], [-70.8136518, -33.253801], [-70.8136511, -33.2537994], [-70.8136504, -33.2537978], [-70.8136496, -33.2537962], [-70.8136488, -33.2537946], [-70.8136479, -33.253793], [-70.813647, -33.2537915], [-70.8136461, -33.2537899], [-70.8136452, -33.2537884], [-70.8136442, -33.2537869], [-70.8136432, -33.2537854], [-70.8136421, -33.2537839], [-70.8136411, -33.2537824], [-70.81364, -33.2537809], [-70.8136388, -33.2537795], [-70.8136377, -33.2537781], [-70.8136365, -33.2537767], [-70.8136353, -33.2537753], [-70.813634, -33.2537739], [-70.8136327, -33.2537726], [-70.8136314, -33.2537712], [-70.8136301, -33.2537699], [-70.8136287, -33.2537686], [-70.8136273, -33.2537673], [-70.8138251, -33.2536739], [-70.813897, -33.25387], [-70.8138951, -33.2538706], [-70.8138933, -33.2538713], [-70.8138914, -33.2538721], [-70.8138896, -33.2538728], [-70.8138878, -33.2538736], [-70.813886, -33.2538744], [-70.8138843, -33.2538753], [-70.8138825, -33.2538761], [-70.8138808, -33.253877], [-70.8138791, -33.2538779], [-70.8138774, -33.2538788], [-70.8138757, -33.2538798], [-70.8138741, -33.2538808], [-70.8138724, -33.2538818], [-70.8138708, -33.2538828], [-70.8138692, -33.2538838], [-70.8138677, -33.2538849], [-70.8138661, -33.253886], [-70.8138646, -33.2538871], [-70.8138631, -33.2538883], [-70.8138616, -33.2538894], [-70.8138602, -33.2538906], [-70.8138587, -33.2538918], [-70.8138573, -33.253893], [-70.8138559, -33.2538943], [-70.8138546, -33.2538955], [-70.8138533, -33.2538968], [-70.813852, -33.2538981], [-70.8138507, -33.2538994], [-70.8138494, -33.2539008], [-70.8138482, -33.2539021], [-70.813847, -33.2539035], [-70.8138458, -33.2539049], [-70.8138447, -33.2539063], [-70.8138436, -33.2539077], [-70.8138425, -33.2539092], [-70.8138415, -33.2539106], [-70.8138405, -33.2539121], [-70.8138395, -33.2539136], [-70.8138385, -33.2539151], [-70.8138376, -33.2539166], [-70.8138367, -33.2539181], [-70.8138358, -33.2539196], [-70.813835, -33.2539212], [-70.8138342, -33.2539228], [-70.8138334, -33.2539243], [-70.8138327, -33.2539259], [-70.8135522, -33.2545423], [-70.8134828, -33.2546883], [-70.8129908, -33.2557234], [-70.8121643, -33.2574618], [-70.8121636, -33.2574634], [-70.8121629, -33.257465], [-70.8121622, -33.2574666], [-70.8121616, -33.2574683], [-70.812161, -33.2574699], [-70.8121604, -33.2574715], [-70.8121598, -33.2574732], [-70.8121593, -33.2574749], [-70.8121589, -33.2574765], [-70.8121584, -33.2574782], [-70.812158, -33.2574799], [-70.8121577, -33.2574816], [-70.8121573, -33.2574833], [-70.812157, -33.257485], [-70.8121568, -33.2574867], [-70.8121565, -33.2574884], [-70.8121563, -33.2574901], [-70.8121562, -33.2574918], [-70.8121561, -33.2574935], [-70.812156, -33.2574953], [-70.8121559, -33.257497], [-70.8121559, -33.2574987], [-70.8121559, -33.2575004], [-70.812156, -33.2575021], [-70.8121561, -33.2575039], [-70.8121562, -33.2575056], [-70.8121564, -33.2575073], [-70.8121566, -33.257509], [-70.8121568, -33.2575107], [-70.8121571, -33.2575124], [-70.8121574, -33.2575141], [-70.8121577, -33.2575158], [-70.8121581, -33.2575175], [-70.8121585, -33.2575192], [-70.8121589, -33.2575209], [-70.8121594, -33.2575225], [-70.8121599, -33.2575242], [-70.8121605, -33.2575259], [-70.812161, -33.2575275], [-70.8121617, -33.2575291], [-70.8121623, -33.2575308], [-70.812163, -33.2575324], [-70.8121637, -33.257534], [-70.8121645, -33.2575356], [-70.8121652, -33.2575372], [-70.812166, -33.2575388], [-70.8121669, -33.2575403], [-70.8121678, -33.2575419], [-70.8121687, -33.2575434], [-70.8121696, -33.257545], [-70.8121706, -33.2575465], [-70.8121716, -33.257548], [-70.8121726, -33.2575495], [-70.8121737, -33.2575509], [-70.8121748, -33.2575524], [-70.8121759, -33.2575538], [-70.8121771, -33.2575552], [-70.8121783, -33.2575566], [-70.8119963, -33.2577391], [-70.8119047, -33.2575278], [-70.8119068, -33.2575262], [-70.8119089, -33.2575247], [-70.8119109, -33.2575231], [-70.811913, -33.2575214], [-70.811915, -33.2575198], [-70.8119169, -33.2575181], [-70.8119189, -33.2575164], [-70.8119207, -33.2575146], [-70.8119226, -33.2575128], [-70.8119244, -33.257511], [-70.8119262, -33.2575092], [-70.8119279, -33.2575074], [-70.8119296, -33.2575055], [-70.8119313, -33.2575036], [-70.8119329, -33.2575017], [-70.8119345, -33.2574997], [-70.811936, -33.2574977], [-70.8119375, -33.2574957], [-70.811939, -33.2574937], [-70.8119404, -33.2574917], [-70.8119418, -33.2574896], [-70.8119431, -33.2574875], [-70.8119444, -33.2574854], [-70.8119456, -33.2574833], [-70.8119468, -33.2574812], [-70.811948, -33.257479], [-70.8119491, -33.2574769], [-70.8119502, -33.2574747], [-70.8128216, -33.2556415], [-70.8132954, -33.254645], [-70.8133723, -33.2544832], [-70.8136512, -33.2538703]]]]}}, {"type": "Feature", "properties": {"fid": 324, "Area": 9447.424}, "geometry": {"type": "MultiPolygon", "coordinates": [[[[-70.8178137, -33.2507581], [-70.817815, -33.2507568], [-70.8178164, -33.2507555], [-70.8178177, -33.2507542], [-70.8178189, -33.2507528], [-70.8178201, -33.2507515], [-70.8178213, -33.2507501], [-70.8178225, -33.2507487], [-70.8178237, -33.2507473], [-70.8178248, -33.2507459], [-70.8178259, -33.2507444], [-70.8178269, -33.250743], [-70.817828, -33.2507415], [-70.817829, -33.25074], [-70.8178299, -33.2507385], [-70.8178309, -33.250737], [-70.8178318, -33.2507354], [-70.8178327, -33.2507339], [-70.8178335, -33.2507323], [-70.8178343, -33.2507308], [-70.8178351, -33.2507292], [-70.8178358, -33.2507276], [-70.8178365, -33.250726], [-70.8178372, -33.2507244], [-70.8178379, -33.2507228], [-70.8178385, -33.2507211], [-70.8178391, -33.2507195], [-70.8178396, -33.2507178], [-70.8178401, -33.2507162], [-70.8178406, -33.2507145], [-70.817841, -33.2507128], [-70.8178414, -33.2507112], [-70.8178418, -33.2507095], [-70.8178422, -33.2507078], [-70.8178425, -33.2507061], [-70.8178427, -33.2507044], [-70.817843, -33.2507027], [-70.8178432, -33.250701], [-70.8178433, -33.2506993], [-70.8178435, -33.2506976], [-70.8178436, -33.2506959], [-70.8178436, -33.2506942], [-70.8178437, -33.2506925], [-70.8178436, -33.2506908], [-70.8178436, -33.2506891], [-70.8178435, -33.2506873], [-70.8178434, -33.2506856], [-70.8178433, -33.2506839], [-70.8178431, -33.2506822], [-70.8178428, -33.2506805], [-70.8178426, -33.2506788], [-70.8178423, -33.2506771], [-70.817842, -33.2506755], [-70.8178416, -33.2506738], [-70.8178412, -33.2506721], [-70.8178408, -33.2506704], [-70.8178403, -33.2506688], [-70.8178398, -33.2506671], [-70.8178393, -33.2506654], [-70.8178388, -33.2506638], [-70.8178382, -33.2506622], [-70.8178375, -33.2506605], [-70.8180835, -33.2505718], [-70.8181567, -33.2506866], [-70.8181547, -33.250687], [-70.8181527, -33.2506875], [-70.8181507, -33.250688], [-70.8181488, -33.2506885], [-70.8181468, -33.2506891], [-70.8181449, -33.2506897], [-70.818143, -33.2506903], [-70.8181411, -33.2506909], [-70.8181392, -33.2506916], [-70.8181373, -33.2506923], [-70.8181354, -33.250693], [-70.8181336, -33.2506938], [-70.8181318, -33.2506946], [-70.8181299, -33.2506954], [-70.8181281, -33.2506962], [-70.8181264, -33.2506971], [-70.8181246, -33.250698], [-70.8181228, -33.2506989], [-70.8181211, -33.2506998], [-70.8181194, -33.2507008], [-70.8181177, -33.2507018], [-70.8181161, -33.2507028], [-70.8181144, -33.2507038], [-70.8181128, -33.2507049], [-70.8181112, -33.2507059], [-70.8181096, -33.250707], [-70.8181081, -33.2507082], [-70.8181065, -33.2507093], [-70.818105, -33.2507105], [-70.8181035, -33.2507117], [-70.8181021, -33.2507129], [-70.8181007, -33.2507142], [-70.8180993, -33.2507154], [-70.8180979, -33.2507167], [-70.8180965, -33.250718], [-70.8180952, -33.2507193], [-70.8180939, -33.2507206], [-70.8180926, -33.250722], [-70.8180914, -33.2507234], [-70.8180902, -33.2507248], [-70.818089, -33.2507262], [-70.8180719, -33.2507465], [-70.8180544, -33.2507666], [-70.8180365, -33.2507865], [-70.8180182, -33.2508061], [-70.8179995, -33.2508254], [-70.8179804, -33.2508444], [-70.817961, -33.2508632], [-70.8179411, -33.2508817], [-70.8179209, -33.2508999], [-70.8179003, -33.2509178], [-70.8178793, -33.2509354], [-70.817858, -33.2509527], [-70.8178363, -33.2509697], [-70.8178143, -33.2509863], [-70.817792, -33.2510027], [-70.8177693, -33.2510187], [-70.8177463, -33.2510344], [-70.817723, -33.2510498], [-70.8176994, -33.2510648], [-70.8176754, -33.2510795], [-70.817013, -33.2514787], [-70.8170012, -33.2514776], [-70.8168714, -33.2515641], [-70.8151898, -33.2525775], [-70.8145005, -33.2529929], [-70.8144813, -33.2530046], [-70.8144624, -33.2530166], [-70.8144438, -33.2530289], [-70.8144254, -33.2530415], [-70.8144073, -33.2530543], [-70.8143894, -33.2530674], [-70.8143718, -33.2530808], [-70.8143545, -33.2530944], [-70.8143374, -33.2531082], [-70.8143207, -33.2531223], [-70.8143042, -33.2531367], [-70.8142881, -33.2531512], [-70.8142722, -33.253166], [-70.8142566, -33.2531811], [-70.8142414, -33.2531963], [-70.8142265, -33.2532118], [-70.8142119, -33.2532275], [-70.8141976, -33.2532434], [-70.8141836, -33.2532595], [-70.81417, -33.2532758], [-70.8141567, -33.2532923], [-70.8141438, -33.253309], [-70.8141312, -33.2533259], [-70.8141189, -33.2533429], [-70.814107, -33.2533602], [-70.8140955, -33.2533776], [-70.8140843, -33.2533951], [-70.8140735, -33.2534129], [-70.814063, -33.2534307], [-70.8140529, -33.2534488], [-70.8140432, -33.2534669], [-70.8140339, -33.2534852], [-70.8140331, -33.2534868], [-70.8140324, -33.2534884], [-70.8140317, -33.25349], [-70.814031, -33.2534916], [-70.8140304, -33.2534933], [-70.8140298, -33.2534949], [-70.8140292, -33.2534965], [-70.8140287, -33.2534982], [-70.8140282, -33.2534998], [-70.8140277, -33.2535015], [-70.8140272, -33.2535031], [-70.8140268, -33.2535048], [-70.8140265, -33.2535065], [-70.8140261, -33.2535082], [-70.8140259, -33.2535099], [-70.8140256, -33.2535116], [-70.8140254, -33.2535133], [-70.8140252, -33.253515], [-70.814025, -33.2535167], [-70.8140249, -33.2535184], [-70.8140248, -33.2535201], [-70.8140247, -33.2535218], [-70.8140247, -33.2535235], [-70.8140247, -33.2535252], [-70.8140248, -33.2535269], [-70.8140249, -33.2535286], [-70.814025, -33.2535303], [-70.8140252, -33.253532], [-70.8140254, -33.2535337], [-70.8140256, -33.2535354], [-70.8140258, -33.2535371], [-70.8140261, -33.2535388], [-70.8140265, -33.2535405], [-70.8140268, -33.2535421], [-70.8140272, -33.2535438], [-70.8140277, -33.2535455], [-70.8140281, -33.2535471], [-70.8140286, -33.2535488], [-70.8140292, -33.2535504], [-70.8140297, -33.2535521], [-70.8140303, -33.2535537], [-70.814031, -33.2535553], [-70.8140316, -33.2535569], [-70.8140323, -33.2535586], [-70.8140331, -33.2535601], [-70.8140338, -33.2535617], [-70.8140346, -33.2535633], [-70.8140355, -33.2535648], [-70.8140363, -33.2535664], [-70.8140372, -33.2535679], [-70.8140381, -33.2535694], [-70.8140391, -33.253571], [-70.8140401, -33.2535724], [-70.8138251, -33.2536739], [-70.813755, -33.2534825], [-70.8137577, -33.2534819], [-70.8137604, -33.2534813], [-70.8137631, -33.2534807], [-70.8137658, -33.25348], [-70.8137684, -33.2534792], [-70.8137711, -33.2534785], [-70.8137737, -33.2534777], [-70.8137763, -33.2534768], [-70.8137789, -33.2534759], [-70.8137815, -33.253475], [-70.813784, -33.253474], [-70.8137866, -33.253473], [-70.8137891, -33.253472], [-70.8137916, -33.2534709], [-70.8137941, -33.2534698], [-70.8137965, -33.2534687], [-70.8137989, -33.2534675], [-70.8138013, -33.2534663], [-70.8138037, -33.253465], [-70.813806, -33.2534638], [-70.8138084, -33.2534624], [-70.8138106, -33.2534611], [-70.8138129, -33.2534597], [-70.8138151, -33.2534583], [-70.8138173, -33.2534568], [-70.8138195, -33.2534553], [-70.8138217, -33.2534538], [-70.8138238, -33.2534523], [-70.8138259, -33.2534507], [-70.8138279, -33.2534491], [-70.8138299, -33.2534475], [-70.8138319, -33.2534458], [-70.8138338, -33.2534441], [-70.8138357, -33.2534424], [-70.8138376, -33.2534406], [-70.8138394, -33.2534389], [-70.8138412, -33.2534371], [-70.813843, -33.2534352], [-70.8138447, -33.2534334], [-70.8138464, -33.2534315], [-70.8138481, -33.2534296], [-70.8138497, -33.2534277], [-70.8138512, -33.2534257], [-70.8138528, -33.2534238], [-70.8138542, -33.2534218], [-70.8138557, -33.2534197], [-70.8138571, -33.2534177], [-70.8138584, -33.2534157], [-70.8138597, -33.2534136], [-70.813861, -33.2534115], [-70.8138622, -33.2534094], [-70.8138634, -33.2534072], [-70.8138646, -33.2534051], [-70.8140824, -33.2531033], [-70.8143879, -33.252861], [-70.8158497, -33.25198], [-70.8158497, -33.25198], [-70.8167277, -33.2514509], [-70.8175629, -33.2509476], [-70.8175839, -33.2509347], [-70.8176046, -33.2509216], [-70.8176251, -33.2509081], [-70.8176453, -33.2508943], [-70.8176652, -33.2508803], [-70.8176848, -33.2508659], [-70.8177041, -33.2508513], [-70.8177232, -33.2508364], [-70.8177419, -33.2508213], [-70.8177603, -33.2508059], [-70.8177784, -33.2507902], [-70.8177962, -33.2507743], [-70.8178137, -33.2507581]]]]}}, {"type": "Feature", "properties": {"fid": 325, "Area": 8334.749}, "geometry": {"type": "MultiPolygon", "coordinates": [[[[-70.8079124, -33.2560312], [-70.8079108, -33.2560302], [-70.8079092, -33.2560291], [-70.8079075, -33.2560281], [-70.8079058, -33.2560271], [-70.8079041, -33.2560261], [-70.8079024, -33.2560251], [-70.8079007, -33.2560242], [-70.8078989, -33.2560233], [-70.8078972, -33.2560224], [-70.8078954, -33.2560215], [-70.8078936, -33.2560207], [-70.8078917, -33.2560199], [-70.8078899, -33.2560191], [-70.807888, -33.2560184], [-70.8078862, -33.2560177], [-70.8078843, -33.256017], [-70.8078824, -33.2560163], [-70.8078805, -33.2560157], [-70.8078785, -33.2560151], [-70.8078766, -33.2560145], [-70.8078746, -33.2560139], [-70.8078727, -33.2560134], [-70.8078707, -33.2560129], [-70.8078687, -33.2560124], [-70.8078667, -33.256012], [-70.8078647, -33.2560116], [-70.8078627, -33.2560112], [-70.8078607, -33.2560109], [-70.8078587, -33.2560106], [-70.8078566, -33.2560103], [-70.8078546, -33.25601], [-70.8078526, -33.2560098], [-70.8078505, -33.2560096], [-70.8078485, -33.2560094], [-70.8078464, -33.2560093], [-70.8078444, -33.2560092], [-70.8078423, -33.2560091], [-70.8078402, -33.256009], [-70.8078382, -33.256009], [-70.8078361, -33.256009], [-70.8078341, -33.2560091], [-70.807832, -33.2560091], [-70.8078299, -33.2560092], [-70.8078279, -33.2560094], [-70.8078258, -33.2560095], [-70.8077136, -33.2557985], [-70.8080083, -33.2558255], [-70.8080084, -33.2558279], [-70.8080085, -33.2558302], [-70.8080086, -33.2558326], [-70.8080089, -33.2558349], [-70.8080091, -33.2558373], [-70.8080094, -33.2558396], [-70.8080098, -33.2558419], [-70.8080102, -33.2558443], [-70.8080107, -33.2558466], [-70.8080112, -33.2558489], [-70.8080118, -33.2558512], [-70.8080124, -33.2558535], [-70.808013, -33.2558558], [-70.8080137, -33.2558581], [-70.8080145, -33.2558604], [-70.8080152, -33.2558626], [-70.8080161, -33.2558649], [-70.808017, -33.2558671], [-70.8080179, -33.2558693], [-70.8080189, -33.2558715], [-70.8080199, -33.2558737], [-70.808021, -33.2558759], [-70.8080221, -33.2558781], [-70.8080233, -33.2558802], [-70.8080245, -33.2558823], [-70.8080257, -33.2558844], [-70.808027, -33.2558865], [-70.8080283, -33.2558886], [-70.8080297, -33.2558907], [-70.8080311, -33.2558927], [-70.8080326, -33.2558947], [-70.8080341, -33.2558967], [-70.8080356, -33.2558987], [-70.8080372, -33.2559006], [-70.8080388, -33.2559025], [-70.8080405, -33.2559044], [-70.8080422, -33.2559063], [-70.808044, -33.2559081], [-70.8080457, -33.25591], [-70.8080476, -33.2559118], [-70.8080494, -33.2559135], [-70.8080513, -33.2559153], [-70.8080532, -33.255917], [-70.8080552, -33.2559187], [-70.8080572, -33.2559203], [-70.8080592, -33.2559219], [-70.8080613, -33.2559235], [-70.8080634, -33.2559251], [-70.8080655, -33.2559266], [-70.8080677, -33.2559281], [-70.8098824, -33.2571683], [-70.8099051, -33.2571835], [-70.8099282, -33.2571985], [-70.8099516, -33.2572131], [-70.8099753, -33.2572274], [-70.8099992, -33.2572413], [-70.8100235, -33.2572549], [-70.810048, -33.2572681], [-70.8100728, -33.257281], [-70.8100978, -33.2572935], [-70.8101232, -33.2573056], [-70.8101487, -33.2573174], [-70.8101745, -33.2573287], [-70.8102005, -33.2573398], [-70.8102268, -33.2573504], [-70.8102532, -33.2573606], [-70.8102799, -33.2573705], [-70.8103068, -33.25738], [-70.8103338, -33.2573891], [-70.8103611, -33.2573978], [-70.8103885, -33.2574061], [-70.8104161, -33.2574139], [-70.8104438, -33.2574214], [-70.8104717, -33.2574285], [-70.8104997, -33.2574352], [-70.8105279, -33.2574415], [-70.8105562, -33.2574473], [-70.8105846, -33.2574528], [-70.8106131, -33.2574578], [-70.8106417, -33.2574625], [-70.8106704, -33.2574667], [-70.8106992, -33.2574705], [-70.8107281, -33.2574738], [-70.810757, -33.2574768], [-70.810786, -33.2574793], [-70.8117854, -33.2575592], [-70.8117882, -33.2575594], [-70.811791, -33.2575595], [-70.8117938, -33.2575597], [-70.8117966, -33.2575597], [-70.8117994, -33.2575598], [-70.8118021, -33.2575598], [-70.8118049, -33.2575597], [-70.8118077, -33.2575596], [-70.8118105, -33.2575595], [-70.8118133, -33.2575594], [-70.8118161, -33.2575592], [-70.8118188, -33.2575589], [-70.8118216, -33.2575586], [-70.8118244, -33.2575583], [-70.8118271, -33.2575579], [-70.8118299, -33.2575575], [-70.8118326, -33.2575571], [-70.8118353, -33.2575566], [-70.8118381, -33.2575561], [-70.8118408, -33.2575555], [-70.8118435, -33.2575549], [-70.8118461, -33.2575543], [-70.8118488, -33.2575536], [-70.8118515, -33.2575529], [-70.8118541, -33.2575521], [-70.8118567, -33.2575513], [-70.8118593, -33.2575505], [-70.8118619, -33.2575496], [-70.8118645, -33.2575487], [-70.811867, -33.2575477], [-70.8118696, -33.2575468], [-70.8118721, -33.2575457], [-70.8118746, -33.2575447], [-70.811877, -33.2575436], [-70.8118795, -33.2575425], [-70.8118819, -33.2575413], [-70.8118843, -33.2575401], [-70.8118867, -33.2575389], [-70.811889, -33.2575376], [-70.8118913, -33.2575363], [-70.8118936, -33.2575349], [-70.8118959, -33.2575336], [-70.8118981, -33.2575322], [-70.8119003, -33.2575307], [-70.8119025, -33.2575293], [-70.8119047, -33.2575278], [-70.8119963, -33.2577391], [-70.8118308, -33.2577258], [-70.8106513, -33.2576316], [-70.8106256, -33.2576293], [-70.8106, -33.2576267], [-70.8105744, -33.2576237], [-70.8105489, -33.2576204], [-70.8105235, -33.2576167], [-70.8104982, -33.2576126], [-70.8104729, -33.2576081], [-70.8104478, -33.2576033], [-70.8104227, -33.2575981], [-70.8103978, -33.2575925], [-70.810373, -33.2575866], [-70.8103483, -33.2575803], [-70.8103237, -33.2575737], [-70.8102993, -33.2575667], [-70.810275, -33.2575594], [-70.8102509, -33.2575517], [-70.810227, -33.2575436], [-70.8102032, -33.2575352], [-70.8101796, -33.2575265], [-70.8101561, -33.2575174], [-70.8101329, -33.257508], [-70.8101099, -33.2574983], [-70.810087, -33.2574882], [-70.8100644, -33.2574778], [-70.810042, -33.257467], [-70.8100198, -33.257456], [-70.8099979, -33.2574446], [-70.8099761, -33.2574329], [-70.8099547, -33.2574208], [-70.8099335, -33.2574085], [-70.8099125, -33.2573959], [-70.8098918, -33.2573829], [-70.8098714, -33.2573697], [-70.8098512, -33.2573562], [-70.8079124, -33.2560312]]]]}}, {"type": "Feature", "properties": {"fid": 326, "Area": 6870.018}, "geometry": {"type": "MultiPolygon", "coordinates": [[[[-70.814061, -33.2495729], [-70.814203, -33.2497686], [-70.8142653, -33.249802], [-70.8143283, -33.2498345], [-70.814392, -33.2498662], [-70.8144562, -33.2498969], [-70.8145211, -33.2499267], [-70.8145865, -33.2499556], [-70.8146525, -33.2499836], [-70.8147191, -33.2500106], [-70.8147861, -33.2500367], [-70.8148537, -33.2500619], [-70.8149218, -33.2500861], [-70.8149904, -33.2501093], [-70.8150594, -33.2501316], [-70.8151288, -33.2501529], [-70.8151987, -33.2501732], [-70.815269, -33.2501925], [-70.8153396, -33.2502109], [-70.8154106, -33.2502282], [-70.8154819, -33.2502446], [-70.8155535, -33.2502599], [-70.8156255, -33.2502742], [-70.8156977, -33.2502875], [-70.8157701, -33.2502998], [-70.8158428, -33.2503111], [-70.8176136, -33.2505734], [-70.8177485, -33.2505948], [-70.8177505, -33.2505951], [-70.8177525, -33.2505955], [-70.8177545, -33.2505959], [-70.8177564, -33.2505963], [-70.8177584, -33.2505968], [-70.8177603, -33.2505973], [-70.8177623, -33.2505978], [-70.8177642, -33.2505983], [-70.8177661, -33.2505989], [-70.817768, -33.2505995], [-70.8177699, -33.2506002], [-70.8177718, -33.2506008], [-70.8177737, -33.2506015], [-70.8177755, -33.2506022], [-70.8177774, -33.2506029], [-70.8177792, -33.2506037], [-70.817781, -33.2506045], [-70.8177828, -33.2506053], [-70.8177846, -33.2506061], [-70.8177863, -33.250607], [-70.817788, -33.2506079], [-70.8177898, -33.2506088], [-70.8177915, -33.2506098], [-70.8177931, -33.2506107], [-70.8177948, -33.2506117], [-70.8177964, -33.2506127], [-70.8177981, -33.2506138], [-70.8177997, -33.2506148], [-70.8178012, -33.2506159], [-70.8178028, -33.250617], [-70.8178043, -33.2506182], [-70.8178058, -33.2506193], [-70.8178073, -33.2506205], [-70.8178088, -33.2506217], [-70.8178102, -33.2506229], [-70.8178116, -33.2506241], [-70.817813, -33.2506254], [-70.8178143, -33.2506267], [-70.8178157, -33.250628], [-70.817817, -33.2506293], [-70.8178182, -33.2506306], [-70.8178195, -33.250632], [-70.8178207, -33.2506333], [-70.8178219, -33.2506347], [-70.8178231, -33.2506361], [-70.8178242, -33.2506375], [-70.8178253, -33.250639], [-70.8178264, -33.2506404], [-70.8178274, -33.2506419], [-70.8178284, -33.2506434], [-70.8178294, -33.2506449], [-70.8178304, -33.2506464], [-70.8178313, -33.2506479], [-70.8178322, -33.2506494], [-70.817833, -33.250651], [-70.8178339, -33.2506526], [-70.8178347, -33.2506541], [-70.8178354, -33.2506557], [-70.8178362, -33.2506573], [-70.8178369, -33.2506589], [-70.8178375, -33.2506605], [-70.8180835, -33.2505718], [-70.8180067, -33.2504514], [-70.8180038, -33.2504523], [-70.8180008, -33.2504532], [-70.8179978, -33.250454], [-70.8179948, -33.2504548], [-70.8179918, -33.2504555], [-70.8179888, -33.2504562], [-70.8179858, -33.2504569], [-70.8179827, -33.2504575], [-70.8179796, -33.250458], [-70.8179766, -33.2504586], [-70.8179735, -33.250459], [-70.8179704, -33.2504595], [-70.8179673, -33.2504598], [-70.8179642, -33.2504602], [-70.817961, -33.2504605], [-70.8179579, -33.2504607], [-70.8179548, -33.2504609], [-70.8179516, -33.2504611], [-70.8179485, -33.2504612], [-70.8179454, -33.2504613], [-70.8179422, -33.2504613], [-70.8179391, -33.2504613], [-70.817936, -33.2504612], [-70.8179328, -33.2504611], [-70.8179297, -33.2504609], [-70.8179266, -33.2504607], [-70.8179234, -33.2504605], [-70.8179203, -33.2504602], [-70.8179172, -33.2504599], [-70.8179141, -33.2504595], [-70.817911, -33.250459], [-70.8179079, -33.2504586], [-70.8179048, -33.2504581], [-70.8179018, -33.2504575], [-70.8178987, -33.2504569], [-70.8178957, -33.2504563], [-70.8178926, -33.2504556], [-70.8178896, -33.2504548], [-70.8178866, -33.2504541], [-70.8178836, -33.2504532], [-70.8177907, -33.2504371], [-70.8173037, -33.2503621], [-70.8158763, -33.2501512], [-70.8158061, -33.2501404], [-70.8157361, -33.2501285], [-70.8156664, -33.2501156], [-70.8155969, -33.2501017], [-70.8155277, -33.2500869], [-70.8154589, -33.250071], [-70.8153903, -33.2500542], [-70.8153221, -33.2500364], [-70.8152543, -33.2500177], [-70.8151869, -33.249998], [-70.8151199, -33.2499773], [-70.8150533, -33.2499557], [-70.8149871, -33.2499331], [-70.8149214, -33.2499096], [-70.8148562, -33.2498852], [-70.8147915, -33.2498598], [-70.8147273, -33.2498335], [-70.8146637, -33.2498064], [-70.8146006, -33.2497783], [-70.8145381, -33.2497493], [-70.8144761, -33.2497194], [-70.8144148, -33.2496887], [-70.8143542, -33.2496571], [-70.8142941, -33.2496246], [-70.814061, -33.2495729]]]]}}, {"type": "Feature", "properties": {"fid": 327, "Area": 8557.594}, "geometry": {"type": "MultiPolygon", "coordinates": [[[[-70.8109847, -33.2527545], [-70.8109832, -33.2527534], [-70.8109816, -33.2527524], [-70.81098, -33.2527514], [-70.8109784, -33.2527504], [-70.8109768, -33.2527494], [-70.8109752, -33.2527485], [-70.8109735, -33.2527475], [-70.8109718, -33.2527466], [-70.8109701, -33.2527457], [-70.8109684, -33.2527449], [-70.8109667, -33.2527441], [-70.8109649, -33.2527433], [-70.8109632, -33.2527425], [-70.8109614, -33.2527417], [-70.8109596, -33.252741], [-70.8109578, -33.2527403], [-70.810956, -33.2527396], [-70.8109541, -33.2527389], [-70.8109523, -33.2527383], [-70.8109504, -33.2527377], [-70.8109486, -33.2527371], [-70.8109467, -33.2527366], [-70.8109448, -33.2527361], [-70.8109429, -33.2527356], [-70.810941, -33.2527351], [-70.810939, -33.2527347], [-70.8109371, -33.2527342], [-70.8109352, -33.2527339], [-70.8108943, -33.2525497], [-70.8113199, -33.2525656], [-70.8112781, -33.2526062], [-70.8113176, -33.2526311], [-70.8116289, -33.2528273], [-70.8118311, -33.2528921], [-70.811878, -33.2529104], [-70.8119253, -33.2529281], [-70.811973, -33.2529451], [-70.812021, -33.2529614], [-70.8120693, -33.252977], [-70.8127331, -33.253186], [-70.8136605, -33.2534777], [-70.8136631, -33.2534785], [-70.8136657, -33.2534793], [-70.8136683, -33.25348], [-70.8136709, -33.2534807], [-70.8136736, -33.2534813], [-70.8136762, -33.2534819], [-70.8136789, -33.2534825], [-70.8136816, -33.253483], [-70.8136842, -33.2534835], [-70.8136869, -33.253484], [-70.8136896, -33.2534844], [-70.8136923, -33.2534847], [-70.8136951, -33.2534851], [-70.8136978, -33.2534854], [-70.8137005, -33.2534856], [-70.8137032, -33.2534858], [-70.813706, -33.253486], [-70.8137087, -33.2534862], [-70.8137115, -33.2534863], [-70.8137142, -33.2534863], [-70.8137169, -33.2534863], [-70.8137197, -33.2534863], [-70.8137224, -33.2534863], [-70.8137252, -33.2534862], [-70.8137279, -33.253486], [-70.8137306, -33.2534858], [-70.8137334, -33.2534856], [-70.8137361, -33.2534854], [-70.8137388, -33.2534851], [-70.8137415, -33.2534848], [-70.8137443, -33.2534844], [-70.813747, -33.253484], [-70.8137496, -33.2534835], [-70.8137523, -33.253483], [-70.813755, -33.2534825], [-70.8138251, -33.2536739], [-70.8136273, -33.2537673], [-70.813626, -33.2537661], [-70.8136245, -33.2537649], [-70.8136231, -33.2537637], [-70.8136216, -33.2537625], [-70.8136201, -33.2537614], [-70.8136186, -33.2537602], [-70.8136171, -33.2537591], [-70.8136155, -33.253758], [-70.8136139, -33.253757], [-70.8136123, -33.2537559], [-70.8136107, -33.2537549], [-70.8136091, -33.2537539], [-70.8136074, -33.2537529], [-70.8136057, -33.253752], [-70.813604, -33.2537511], [-70.8136023, -33.2537502], [-70.8136006, -33.2537493], [-70.8135988, -33.2537484], [-70.813597, -33.2537476], [-70.8135952, -33.2537468], [-70.8135934, -33.2537461], [-70.8135916, -33.2537453], [-70.8135898, -33.2537446], [-70.8135879, -33.2537439], [-70.8135861, -33.2537432], [-70.8135842, -33.2537426], [-70.8135823, -33.253742], [-70.8126201, -33.2534393], [-70.8119563, -33.2532304], [-70.8119036, -33.2532134], [-70.8118512, -33.2531956], [-70.8117992, -33.2531771], [-70.8117475, -33.2531578], [-70.8116963, -33.2531378], [-70.8116454, -33.2531171], [-70.811595, -33.2530957], [-70.811545, -33.2530735], [-70.8114955, -33.2530506], [-70.8114465, -33.2530271], [-70.8113979, -33.2530028], [-70.8113498, -33.2529779], [-70.8113023, -33.2529523], [-70.8112552, -33.252926], [-70.8112087, -33.252899], [-70.8111628, -33.2528714], [-70.8111174, -33.2528431], [-70.8110726, -33.2528142], [-70.8110283, -33.2527847], [-70.8109847, -33.2527545]]]]}}, {"type": "Feature", "properties": {"fid": 328, "Area": 15631.949}, "geometry": {"type": "MultiPolygon", "coordinates": [[[[-70.8142941, -33.2496246], [-70.8163973, -33.2475825], [-70.8158944, -33.2473975], [-70.8144118, -33.2488212], [-70.8144025, -33.2488298], [-70.8143929, -33.2488383], [-70.8143832, -33.2488467], [-70.8143734, -33.2488549], [-70.8143633, -33.2488629], [-70.8143531, -33.2488709], [-70.8143428, -33.2488786], [-70.8143323, -33.2488862], [-70.8143216, -33.2488937], [-70.8143107, -33.248901], [-70.8142998, -33.2489081], [-70.8142886, -33.2489151], [-70.8142774, -33.2489219], [-70.814266, -33.2489286], [-70.8142544, -33.248935], [-70.8142427, -33.2489414], [-70.8142309, -33.2489475], [-70.814219, -33.2489535], [-70.814207, -33.2489593], [-70.8141948, -33.2489649], [-70.8141825, -33.2489703], [-70.8141701, -33.2489756], [-70.8141576, -33.2489806], [-70.814145, -33.2489855], [-70.8141323, -33.2489902], [-70.8141195, -33.2489948], [-70.8141066, -33.2489991], [-70.8140936, -33.2490032], [-70.8140806, -33.2490072], [-70.8140674, -33.249011], [-70.8140542, -33.2490145], [-70.8140409, -33.2490179], [-70.8140275, -33.2490211], [-70.8140141, -33.2490241], [-70.8140006, -33.2490269], [-70.8139871, -33.2490295], [-70.8139735, -33.2490319], [-70.8139599, -33.2490341], [-70.8139462, -33.249036], [-70.8139325, -33.2490378], [-70.8139187, -33.2490394], [-70.8139049, -33.2490408], [-70.8138911, -33.249042], [-70.8138773, -33.249043], [-70.8138634, -33.2490438], [-70.8138496, -33.2490444], [-70.8138357, -33.2490448], [-70.8138218, -33.249045], [-70.8138079, -33.2490449], [-70.8137941, -33.2490447], [-70.8137802, -33.2490443], [-70.8137663, -33.2490437], [-70.8137525, -33.2490428], [-70.8137386, -33.2490418], [-70.8137248, -33.2490406], [-70.813711, -33.2490391], [-70.8136973, -33.2490375], [-70.8136836, -33.2490356], [-70.8136699, -33.2490336], [-70.814061, -33.2495729], [-70.8142941, -33.2496246], [-70.8142941, -33.2496246]]]]}}, {"type": "Feature", "properties": {"fid": 329, "Area": 8279.318}, "geometry": {"type": "MultiPolygon", "coordinates": [[[[-70.813695, -33.2494916], [-70.814061, -33.2495729], [-70.8136699, -33.2490336], [-70.8105476, -33.2488594], [-70.8105459, -33.2488585], [-70.8105443, -33.2488575], [-70.8105426, -33.2488565], [-70.810541, -33.2488554], [-70.8105394, -33.2488543], [-70.8105378, -33.2488533], [-70.8105363, -33.2488521], [-70.8105348, -33.248851], [-70.8105333, -33.2488499], [-70.8105318, -33.2488487], [-70.8105303, -33.2488475], [-70.8105289, -33.2488463], [-70.8105275, -33.248845], [-70.8105261, -33.2488438], [-70.8105248, -33.2488425], [-70.8105234, -33.2488412], [-70.8105221, -33.2488399], [-70.8105209, -33.2488385], [-70.8105196, -33.2488372], [-70.8105184, -33.2488358], [-70.8105172, -33.2488344], [-70.8105161, -33.248833], [-70.8105149, -33.2488316], [-70.8105138, -33.2488301], [-70.8105128, -33.2488287], [-70.8105117, -33.2488272], [-70.8105107, -33.2488257], [-70.8105097, -33.2488242], [-70.8105088, -33.2488227], [-70.8105079, -33.2488212], [-70.810507, -33.2488196], [-70.8105061, -33.2488181], [-70.8105053, -33.2488165], [-70.8105045, -33.2488149], [-70.8105038, -33.2488133], [-70.810503, -33.2488117], [-70.8101152, -33.2489324], [-70.8101503, -33.249027], [-70.8130565, -33.2491892], [-70.8130813, -33.2491939], [-70.813106, -33.2491989], [-70.8131305, -33.2492043], [-70.813155, -33.2492101], [-70.8131794, -33.2492162], [-70.8132036, -33.2492226], [-70.8132277, -33.2492294], [-70.8132516, -33.2492366], [-70.8132754, -33.2492441], [-70.813299, -33.2492519], [-70.8133225, -33.24926], [-70.8133458, -33.2492685], [-70.813369, -33.2492774], [-70.8133919, -33.2492865], [-70.8134147, -33.249296], [-70.8134372, -33.2493058], [-70.8134596, -33.2493159], [-70.8134818, -33.2493264], [-70.8135037, -33.2493371], [-70.8135254, -33.2493482], [-70.8135469, -33.2493596], [-70.8135682, -33.2493713], [-70.8135892, -33.2493833], [-70.81361, -33.2493956], [-70.8136511, -33.2494232], [-70.8136527, -33.2494242], [-70.8136542, -33.2494253], [-70.8136557, -33.2494265], [-70.8136572, -33.2494276], [-70.8136587, -33.2494288], [-70.8136602, -33.2494299], [-70.8136616, -33.2494311], [-70.813663, -33.2494324], [-70.8136644, -33.2494336], [-70.8136657, -33.2494349], [-70.8136671, -33.2494361], [-70.8136684, -33.2494374], [-70.8136697, -33.2494388], [-70.8136709, -33.2494401], [-70.8136721, -33.2494415], [-70.8136733, -33.2494428], [-70.8136745, -33.2494442], [-70.8136756, -33.2494456], [-70.8136767, -33.249447], [-70.8136778, -33.2494485], [-70.8136789, -33.2494499], [-70.8136799, -33.2494514], [-70.8136809, -33.2494529], [-70.8136818, -33.2494544], [-70.8136828, -33.2494559], [-70.8136837, -33.2494574], [-70.8136845, -33.2494589], [-70.8136854, -33.2494605], [-70.8136862, -33.249462], [-70.8136869, -33.2494636], [-70.8136877, -33.2494652], [-70.8136884, -33.2494668], [-70.8136891, -33.2494684], [-70.8136897, -33.24947], [-70.8136903, -33.2494716], [-70.8136909, -33.2494732], [-70.8136914, -33.2494749], [-70.8136919, -33.2494765], [-70.8136924, -33.2494782], [-70.8136929, -33.2494798], [-70.8136933, -33.2494815], [-70.8136936, -33.2494832], [-70.813694, -33.2494848], [-70.8136943, -33.2494865], [-70.8136945, -33.2494882], [-70.8136948, -33.2494899], [-70.813695, -33.2494916], [-70.813695, -33.2494916]]]]}}, {"type": "Feature", "properties": {"fid": 330, "Area": 22868.585}, "geometry": {"type": "MultiPolygon", "coordinates": [[[[-70.8136667, -33.2495656], [-70.813668, -33.2495643], [-70.8136693, -33.249563], [-70.8136706, -33.2495616], [-70.8136718, -33.2495603], [-70.813673, -33.2495589], [-70.8136742, -33.2495575], [-70.8136753, -33.2495561], [-70.8136764, -33.2495547], [-70.8136775, -33.2495533], [-70.8136786, -33.2495518], [-70.8136796, -33.2495504], [-70.8136806, -33.2495489], [-70.8136816, -33.2495474], [-70.8136825, -33.2495459], [-70.8136834, -33.2495444], [-70.8136843, -33.2495428], [-70.8136851, -33.2495413], [-70.8136859, -33.2495397], [-70.8136867, -33.2495382], [-70.8136875, -33.2495366], [-70.8136882, -33.249535], [-70.8136889, -33.2495334], [-70.8136895, -33.2495318], [-70.8136901, -33.2495302], [-70.8136907, -33.2495286], [-70.8136913, -33.2495269], [-70.8136918, -33.2495253], [-70.8136923, -33.2495236], [-70.8136927, -33.249522], [-70.8136932, -33.2495203], [-70.8136935, -33.2495187], [-70.8136939, -33.249517], [-70.8136942, -33.2495153], [-70.8136945, -33.2495136], [-70.8136947, -33.2495119], [-70.8136949, -33.2495102], [-70.8136951, -33.2495086], [-70.8136953, -33.2495069], [-70.8136954, -33.2495052], [-70.8136954, -33.2495035], [-70.8136955, -33.2495018], [-70.8136955, -33.2495001], [-70.8136955, -33.2494984], [-70.8136954, -33.2494967], [-70.8136953, -33.249495], [-70.8136952, -33.2494933], [-70.813695, -33.2494916], [-70.814061, -33.2495729], [-70.8142028, -33.2497684], [-70.8113502, -33.2525668], [-70.8108943, -33.2525497], [-70.8108324, -33.2522705], [-70.8108351, -33.2522701], [-70.8108378, -33.2522696], [-70.8108405, -33.2522691], [-70.8108432, -33.2522685], [-70.8108459, -33.2522679], [-70.8108486, -33.2522673], [-70.8108512, -33.2522666], [-70.8108539, -33.2522658], [-70.8108565, -33.2522651], [-70.8108591, -33.2522643], [-70.8108617, -33.2522635], [-70.8108643, -33.2522626], [-70.8108668, -33.2522617], [-70.8108694, -33.2522607], [-70.8108719, -33.2522598], [-70.8108744, -33.2522587], [-70.8108769, -33.2522577], [-70.8108793, -33.2522566], [-70.8108817, -33.2522555], [-70.8108842, -33.2522543], [-70.8108865, -33.2522531], [-70.8108889, -33.2522519], [-70.8108912, -33.2522506], [-70.8108935, -33.2522493], [-70.8108958, -33.252248], [-70.8108981, -33.2522466], [-70.8109003, -33.2522452], [-70.8109025, -33.2522438], [-70.8109047, -33.2522424], [-70.8109068, -33.2522409], [-70.8109089, -33.2522393], [-70.810911, -33.2522378], [-70.810913, -33.2522362], [-70.810915, -33.2522346], [-70.810917, -33.252233], [-70.8109189, -33.2522313], [-70.8109208, -33.2522296], [-70.8109227, -33.2522279], [-70.8109245, -33.2522261], [-70.8136667, -33.2495656], [-70.8136667, -33.2495656]]]]}}, {"type": "Feature", "properties": {"fid": 331, "Area": 18958.605}, "geometry": {"type": "MultiPolygon", "coordinates": [[[[-70.8105281, -33.2526055], [-70.8099201, -33.2531845], [-70.8091975, -33.2539307], [-70.8076855, -33.2554926], [-70.8076837, -33.2554944], [-70.8076819, -33.2554962], [-70.80768, -33.255498], [-70.8076781, -33.2554997], [-70.8076761, -33.2555014], [-70.8076742, -33.2555031], [-70.8076722, -33.2555048], [-70.8076701, -33.2555064], [-70.807668, -33.255508], [-70.8076659, -33.2555095], [-70.8076638, -33.2555111], [-70.8076616, -33.2555126], [-70.8076594, -33.255514], [-70.8076572, -33.2555155], [-70.8076549, -33.2555169], [-70.8076526, -33.2555182], [-70.8076503, -33.2555196], [-70.807648, -33.2555208], [-70.8076456, -33.2555221], [-70.8076432, -33.2555233], [-70.8076408, -33.2555245], [-70.8076383, -33.2555257], [-70.8076359, -33.2555268], [-70.8076334, -33.2555279], [-70.8076308, -33.2555289], [-70.8076283, -33.25553], [-70.8076257, -33.2555309], [-70.8076232, -33.2555319], [-70.8076206, -33.2555328], [-70.807618, -33.2555336], [-70.8076153, -33.2555345], [-70.8076127, -33.2555352], [-70.80761, -33.255536], [-70.8076073, -33.2555367], [-70.8076046, -33.2555374], [-70.8076019, -33.255538], [-70.8075992, -33.2555386], [-70.8075965, -33.2555391], [-70.8075937, -33.2555396], [-70.807591, -33.2555401], [-70.8075882, -33.2555405], [-70.8075854, -33.2555409], [-70.8075826, -33.2555412], [-70.8075799, -33.2555415], [-70.8075771, -33.2555418], [-70.8077136, -33.2557985], [-70.8080083, -33.2558255], [-70.8080083, -33.2558232], [-70.8080083, -33.2558209], [-70.8080084, -33.2558186], [-70.8080085, -33.2558163], [-70.8080086, -33.255814], [-70.8080089, -33.2558117], [-70.8080091, -33.2558094], [-70.8080094, -33.2558071], [-70.8080098, -33.2558048], [-70.8080102, -33.2558025], [-70.8080106, -33.2558002], [-70.8080111, -33.2557979], [-70.8080116, -33.2557957], [-70.8080122, -33.2557934], [-70.8080128, -33.2557912], [-70.8080135, -33.2557889], [-70.8080142, -33.2557867], [-70.808015, -33.2557845], [-70.8080158, -33.2557823], [-70.8080167, -33.2557801], [-70.8080176, -33.2557779], [-70.8080185, -33.2557757], [-70.8080195, -33.2557736], [-70.8080205, -33.2557714], [-70.8080216, -33.2557693], [-70.8080227, -33.2557672], [-70.8080239, -33.2557651], [-70.8080251, -33.255763], [-70.8080263, -33.255761], [-70.8080276, -33.2557589], [-70.8080289, -33.2557569], [-70.8080303, -33.2557549], [-70.8080317, -33.2557529], [-70.8080332, -33.255751], [-70.8080346, -33.255749], [-70.8080362, -33.2557471], [-70.8080377, -33.2557452], [-70.8080393, -33.2557433], [-70.808041, -33.2557415], [-70.8080427, -33.2557397], [-70.8080444, -33.2557378], [-70.809596, -33.2541357], [-70.8102517, -33.2534585], [-70.8103039, -33.2533994], [-70.8107195, -33.2528858], [-70.810812, -33.252774], [-70.8108132, -33.2527726], [-70.8108144, -33.2527712], [-70.8108156, -33.2527698], [-70.8108168, -33.2527685], [-70.8108181, -33.2527672], [-70.8108194, -33.2527659], [-70.8108208, -33.2527646], [-70.8108221, -33.2527633], [-70.8108235, -33.2527621], [-70.8108249, -33.2527608], [-70.8108264, -33.2527596], [-70.8108279, -33.2527585], [-70.8108293, -33.2527573], [-70.8108309, -33.2527562], [-70.8108324, -33.252755], [-70.810834, -33.2527539], [-70.8108355, -33.2527529], [-70.8108371, -33.2527518], [-70.8108388, -33.2527508], [-70.8108404, -33.2527498], [-70.8108421, -33.2527488], [-70.8108438, -33.2527479], [-70.8108455, -33.2527469], [-70.8108472, -33.252746], [-70.8108489, -33.2527451], [-70.8108507, -33.2527443], [-70.8108525, -33.2527435], [-70.8108542, -33.2527427], [-70.8108561, -33.2527419], [-70.8108579, -33.2527411], [-70.8108597, -33.2527404], [-70.8108616, -33.2527397], [-70.8108634, -33.252739], [-70.8108653, -33.2527384], [-70.8108672, -33.2527378], [-70.8108691, -33.2527372], [-70.810871, -33.2527366], [-70.810873, -33.2527361], [-70.8108749, -33.2527356], [-70.8108769, -33.2527351], [-70.8108788, -33.2527346], [-70.8108808, -33.2527342], [-70.8108828, -33.2527338], [-70.8108848, -33.2527335], [-70.8108868, -33.2527331], [-70.8108888, -33.2527328], [-70.8108908, -33.2527326], [-70.8108928, -33.2527323], [-70.8108948, -33.2527321], [-70.8108968, -33.2527319], [-70.8108988, -33.2527317], [-70.8109009, -33.2527316], [-70.8109029, -33.2527315], [-70.8109049, -33.2527314], [-70.8109069, -33.2527314], [-70.810909, -33.2527314], [-70.810911, -33.2527314], [-70.810913, -33.2527314], [-70.8109151, -33.2527315], [-70.8109171, -33.2527316], [-70.8109191, -33.2527317], [-70.8109211, -33.2527319], [-70.8109232, -33.2527321], [-70.8109252, -33.2527323], [-70.8109272, -33.2527326], [-70.8109292, -33.2527328], [-70.8109312, -33.2527332], [-70.8109332, -33.2527335], [-70.8109352, -33.2527339], [-70.8108943, -33.2525497], [-70.8105576, -33.2525372], [-70.8105577, -33.2525389], [-70.8105577, -33.2525406], [-70.8105576, -33.2525424], [-70.8105576, -33.2525441], [-70.8105574, -33.2525458], [-70.8105573, -33.2525475], [-70.8105571, -33.2525493], [-70.8105569, -33.252551], [-70.8105567, -33.2525527], [-70.8105564, -33.2525544], [-70.8105561, -33.2525561], [-70.8105557, -33.2525578], [-70.8105553, -33.2525595], [-70.8105549, -33.2525612], [-70.8105544, -33.2525629], [-70.8105539, -33.2525646], [-70.8105534, -33.2525663], [-70.8105528, -33.2525679], [-70.8105522, -33.2525696], [-70.8105516, -33.2525712], [-70.8105509, -33.2525729], [-70.8105502, -33.2525745], [-70.8105495, -33.2525761], [-70.8105487, -33.2525777], [-70.8105479, -33.2525793], [-70.8105471, -33.2525809], [-70.8105462, -33.2525825], [-70.8105453, -33.252584], [-70.8105444, -33.2525856], [-70.8105434, -33.2525871], [-70.8105424, -33.2525886], [-70.8105414, -33.2525901], [-70.8105403, -33.2525916], [-70.8105393, -33.2525931], [-70.8105381, -33.2525945], [-70.810537, -33.252596], [-70.8105358, -33.2525974], [-70.8105346, -33.2525988], [-70.8105334, -33.2526002], [-70.8105321, -33.2526015], [-70.8105308, -33.2526029], [-70.8105295, -33.2526042], [-70.8105281, -33.2526055]]]]}}, {"type": "Feature", "properties": {"fid": 332, "Area": 10047.493}, "geometry": {"type": "MultiPolygon", "coordinates": [[[[-70.8080397, -33.2509029], [-70.808038, -33.2509019], [-70.8080364, -33.2509009], [-70.8080347, -33.2508999], [-70.8080331, -33.250899], [-70.8080314, -33.2508981], [-70.8080296, -33.2508972], [-70.8080279, -33.2508964], [-70.8080262, -33.2508955], [-70.8080244, -33.2508947], [-70.8080226, -33.2508939], [-70.8080208, -33.2508932], [-70.808019, -33.2508924], [-70.8080171, -33.2508917], [-70.8080153, -33.2508911], [-70.8080134, -33.2508904], [-70.8080116, -33.2508898], [-70.8080097, -33.2508892], [-70.8080078, -33.2508886], [-70.8080059, -33.2508881], [-70.808004, -33.2508875], [-70.808002, -33.2508871], [-70.8080001, -33.2508866], [-70.8079982, -33.2508862], [-70.8079962, -33.2508857], [-70.8079942, -33.2508854], [-70.8079923, -33.250885], [-70.8079903, -33.2508847], [-70.8079883, -33.2508844], [-70.8079863, -33.2508841], [-70.8079843, -33.2508839], [-70.8079823, -33.2508837], [-70.8079803, -33.2508835], [-70.8079783, -33.2508834], [-70.8079763, -33.2508832], [-70.8079743, -33.2508831], [-70.8079723, -33.2508831], [-70.8079703, -33.250883], [-70.8079682, -33.250883], [-70.8079662, -33.2508831], [-70.8079642, -33.2508831], [-70.8079622, -33.2508832], [-70.8079602, -33.2508833], [-70.8079582, -33.2508834], [-70.8079562, -33.2508836], [-70.8079433, -33.2506154], [-70.8079627, -33.2505981], [-70.8082368, -33.2506457], [-70.808237, -33.2506474], [-70.8082371, -33.2506491], [-70.8082374, -33.2506508], [-70.8082376, -33.2506525], [-70.8082379, -33.2506542], [-70.8082382, -33.2506559], [-70.8082386, -33.2506576], [-70.808239, -33.2506593], [-70.8082394, -33.2506609], [-70.8082399, -33.2506626], [-70.8082404, -33.2506642], [-70.8082409, -33.2506659], [-70.8082415, -33.2506675], [-70.8082421, -33.2506692], [-70.8082427, -33.2506708], [-70.8082434, -33.2506724], [-70.8082441, -33.250674], [-70.8082448, -33.2506756], [-70.8082456, -33.2506772], [-70.8082464, -33.2506788], [-70.8082472, -33.2506803], [-70.808248, -33.2506819], [-70.8082489, -33.2506834], [-70.8082499, -33.2506849], [-70.8082508, -33.2506864], [-70.8082518, -33.2506879], [-70.8082528, -33.2506894], [-70.8082538, -33.2506909], [-70.8082549, -33.2506923], [-70.808256, -33.2506938], [-70.8082572, -33.2506952], [-70.8082583, -33.2506966], [-70.8082595, -33.250698], [-70.8082607, -33.2506993], [-70.808262, -33.2507007], [-70.8082633, -33.250702], [-70.8082646, -33.2507033], [-70.8082659, -33.2507046], [-70.8082672, -33.2507059], [-70.8082686, -33.2507071], [-70.80827, -33.2507084], [-70.8082715, -33.2507096], [-70.8082729, -33.2507108], [-70.8082744, -33.250712], [-70.8082759, -33.2507131], [-70.8082774, -33.2507142], [-70.808279, -33.2507153], [-70.8082805, -33.2507164], [-70.8082821, -33.2507175], [-70.8082837, -33.2507185], [-70.8107063, -33.2522457], [-70.8107085, -33.2522471], [-70.8107108, -33.2522485], [-70.8107131, -33.2522498], [-70.8107154, -33.2522511], [-70.8107177, -33.2522523], [-70.8107201, -33.2522536], [-70.8107225, -33.2522547], [-70.8107249, -33.2522559], [-70.8107274, -33.252257], [-70.8107298, -33.2522581], [-70.8107323, -33.2522591], [-70.8107348, -33.2522601], [-70.8107373, -33.2522611], [-70.8107399, -33.252262], [-70.8107424, -33.2522629], [-70.810745, -33.2522638], [-70.8107476, -33.2522646], [-70.8107502, -33.2522654], [-70.8107529, -33.2522661], [-70.8107555, -33.2522668], [-70.8107582, -33.2522675], [-70.8107609, -33.2522681], [-70.8107635, -33.2522687], [-70.8107662, -33.2522693], [-70.810769, -33.2522698], [-70.8107717, -33.2522702], [-70.8107744, -33.2522707], [-70.8107771, -33.2522711], [-70.8107799, -33.2522714], [-70.8107826, -33.2522717], [-70.8107854, -33.252272], [-70.8107882, -33.2522722], [-70.8107909, -33.2522724], [-70.8107937, -33.2522726], [-70.8107965, -33.2522727], [-70.8107992, -33.2522728], [-70.810802, -33.2522728], [-70.8108048, -33.2522728], [-70.8108076, -33.2522728], [-70.8108103, -33.2522727], [-70.8108131, -33.2522725], [-70.8108159, -33.2522724], [-70.8108187, -33.2522722], [-70.8108214, -33.2522719], [-70.8108242, -33.2522716], [-70.8108269, -33.2522713], [-70.8108297, -33.2522709], [-70.8108324, -33.2522705], [-70.8108943, -33.2525497], [-70.8105576, -33.2525372], [-70.8105575, -33.2525355], [-70.8105574, -33.2525337], [-70.8105573, -33.252532], [-70.8105571, -33.2525303], [-70.8105569, -33.2525286], [-70.8105566, -33.2525269], [-70.8105564, -33.2525252], [-70.810556, -33.2525235], [-70.8105557, -33.2525218], [-70.8105553, -33.2525201], [-70.8105549, -33.2525185], [-70.8105544, -33.2525168], [-70.8105539, -33.2525151], [-70.8105534, -33.2525135], [-70.8105528, -33.2525118], [-70.8105522, -33.2525102], [-70.8105516, -33.2525085], [-70.8105509, -33.2525069], [-70.8105503, -33.2525053], [-70.8105495, -33.2525037], [-70.8105488, -33.2525021], [-70.810548, -33.2525005], [-70.8105471, -33.252499], [-70.8105463, -33.2524974], [-70.8105454, -33.2524959], [-70.8105445, -33.2524943], [-70.8105435, -33.2524928], [-70.8105425, -33.2524913], [-70.8105415, -33.2524898], [-70.8105405, -33.2524883], [-70.8105394, -33.2524869], [-70.8105383, -33.2524854], [-70.8105372, -33.252484], [-70.810536, -33.2524826], [-70.8105348, -33.2524812], [-70.8105336, -33.2524798], [-70.8105323, -33.2524785], [-70.810531, -33.2524771], [-70.8105297, -33.2524758], [-70.8105284, -33.2524745], [-70.810527, -33.2524732], [-70.8105257, -33.252472], [-70.8105242, -33.2524707], [-70.8105228, -33.2524695], [-70.8105213, -33.2524683], [-70.8105199, -33.2524671], [-70.8105184, -33.252466], [-70.8105168, -33.2524648], [-70.8105153, -33.2524637], [-70.8105137, -33.2524626], [-70.8105121, -33.2524616], [-70.8105105, -33.2524605], [-70.8080397, -33.2509029]]]]}}, {"type": "Feature", "properties": {"fid": 333, "Area": 9226.384}, "geometry": {"type": "MultiPolygon", "coordinates": [[[[-70.807395, -33.2558133], [-70.8073964, -33.2558121], [-70.8073977, -33.2558108], [-70.807399, -33.2558095], [-70.8074003, -33.2558081], [-70.8074016, -33.2558068], [-70.8074028, -33.2558054], [-70.807404, -33.2558041], [-70.8074052, -33.2558027], [-70.8074063, -33.2558012], [-70.8074074, -33.2557998], [-70.8074085, -33.2557984], [-70.8074096, -33.2557969], [-70.8074106, -33.2557954], [-70.8074116, -33.2557939], [-70.8074126, -33.2557924], [-70.8074135, -33.2557909], [-70.8074144, -33.2557894], [-70.8074153, -33.2557878], [-70.8074161, -33.2557863], [-70.8074169, -33.2557847], [-70.8074177, -33.2557831], [-70.8074184, -33.2557815], [-70.8074191, -33.2557799], [-70.8074198, -33.2557783], [-70.8074205, -33.2557767], [-70.8074211, -33.255775], [-70.8074216, -33.2557734], [-70.8074222, -33.2557718], [-70.8077136, -33.2557985], [-70.8078258, -33.2560095], [-70.8078238, -33.2560097], [-70.8078217, -33.2560099], [-70.8078197, -33.2560102], [-70.8078177, -33.2560105], [-70.8078156, -33.2560108], [-70.8078136, -33.2560111], [-70.8078116, -33.2560115], [-70.8078096, -33.2560119], [-70.8078076, -33.2560123], [-70.8078056, -33.2560128], [-70.8078037, -33.2560133], [-70.8078017, -33.2560138], [-70.8077997, -33.2560143], [-70.8077978, -33.2560149], [-70.8077959, -33.2560155], [-70.8077939, -33.2560161], [-70.807792, -33.2560168], [-70.8077901, -33.2560175], [-70.8077883, -33.2560182], [-70.8077864, -33.2560189], [-70.8077846, -33.2560197], [-70.8077827, -33.2560205], [-70.8077809, -33.2560213], [-70.8077791, -33.2560222], [-70.8077773, -33.2560231], [-70.8077756, -33.256024], [-70.8077738, -33.2560249], [-70.8077721, -33.2560258], [-70.8077704, -33.2560268], [-70.8077687, -33.2560278], [-70.8077671, -33.2560288], [-70.8077654, -33.2560299], [-70.8077638, -33.256031], [-70.8077622, -33.2560321], [-70.8077607, -33.2560332], [-70.8077591, -33.2560343], [-70.8077576, -33.2560355], [-70.8077561, -33.2560367], [-70.8077546, -33.2560379], [-70.8077532, -33.2560391], [-70.8077518, -33.2560404], [-70.8077504, -33.2560417], [-70.807749, -33.2560429], [-70.8077477, -33.2560443], [-70.8077463, -33.2560456], [-70.8075936, -33.2562033], [-70.807584, -33.2562131], [-70.8075742, -33.2562227], [-70.8075643, -33.2562322], [-70.8075541, -33.2562416], [-70.8063385, -33.2573508], [-70.8058907, -33.2571859], [-70.807395, -33.2558133]]]]}}, {"type": "Feature", "properties": {"fid": 334, "Area": 4987.503}, "geometry": {"type": "MultiPolygon", "coordinates": [[[[-70.8051482, -33.2543926], [-70.8054126, -33.2543887], [-70.8054131, -33.2543903], [-70.8054136, -33.2543919], [-70.8054142, -33.2543934], [-70.8054147, -33.254395], [-70.8054154, -33.2543965], [-70.805416, -33.2543981], [-70.8054167, -33.2543996], [-70.8054174, -33.2544011], [-70.8054181, -33.2544026], [-70.8054189, -33.2544041], [-70.8054197, -33.2544056], [-70.8054205, -33.2544071], [-70.8054214, -33.2544085], [-70.8054223, -33.25441], [-70.8054232, -33.2544114], [-70.8054242, -33.2544128], [-70.8054252, -33.2544142], [-70.8054262, -33.2544156], [-70.8054272, -33.254417], [-70.8054283, -33.2544183], [-70.8054294, -33.2544197], [-70.8054305, -33.254421], [-70.8054316, -33.2544223], [-70.8054328, -33.2544236], [-70.805434, -33.2544249], [-70.8054353, -33.2544261], [-70.8054365, -33.2544274], [-70.8054378, -33.2544286], [-70.8054391, -33.2544298], [-70.8054404, -33.254431], [-70.8054418, -33.2544322], [-70.8054432, -33.2544333], [-70.8054446, -33.2544344], [-70.805446, -33.2544355], [-70.8054475, -33.2544366], [-70.8054489, -33.2544377], [-70.8054504, -33.2544387], [-70.805452, -33.2544397], [-70.8054535, -33.2544407], [-70.805455, -33.2544417], [-70.8054566, -33.2544426], [-70.8054582, -33.2544435], [-70.8054598, -33.2544444], [-70.8054615, -33.2544453], [-70.8054631, -33.2544462], [-70.8054648, -33.254447], [-70.8054665, -33.2544478], [-70.8054682, -33.2544486], [-70.806064, -33.2547322], [-70.8066599, -33.2550159], [-70.8067076, -33.2550391], [-70.8067549, -33.2550629], [-70.8068017, -33.2550874], [-70.806848, -33.2551126], [-70.8068938, -33.2551384], [-70.8069391, -33.2551648], [-70.8069838, -33.2551919], [-70.807028, -33.2552196], [-70.8070716, -33.2552479], [-70.8071147, -33.2552769], [-70.807459, -33.2555122], [-70.8074612, -33.2555136], [-70.8074633, -33.255515], [-70.8074655, -33.2555164], [-70.8074678, -33.2555178], [-70.80747, -33.2555191], [-70.8074723, -33.2555204], [-70.8074746, -33.2555216], [-70.807477, -33.2555228], [-70.8074793, -33.255524], [-70.8074817, -33.2555252], [-70.8074841, -33.2555263], [-70.8074865, -33.2555274], [-70.807489, -33.2555284], [-70.8074915, -33.2555294], [-70.807494, -33.2555304], [-70.8074965, -33.2555313], [-70.807499, -33.2555322], [-70.8075016, -33.2555331], [-70.8075041, -33.2555339], [-70.8075067, -33.2555347], [-70.8075093, -33.2555355], [-70.8075119, -33.2555362], [-70.8075145, -33.2555369], [-70.8075172, -33.2555375], [-70.8075198, -33.2555381], [-70.8075225, -33.2555387], [-70.8075252, -33.2555392], [-70.8075279, -33.2555397], [-70.8075306, -33.2555401], [-70.8075333, -33.2555405], [-70.807536, -33.2555409], [-70.8075387, -33.2555413], [-70.8075414, -33.2555415], [-70.8075441, -33.2555418], [-70.8075469, -33.255542], [-70.8075496, -33.2555422], [-70.8075524, -33.2555423], [-70.8075551, -33.2555424], [-70.8075579, -33.2555425], [-70.8075606, -33.2555425], [-70.8075634, -33.2555425], [-70.8075661, -33.2555424], [-70.8075689, -33.2555423], [-70.8075716, -33.2555422], [-70.8075743, -33.255542], [-70.8075771, -33.2555418], [-70.8077136, -33.2557985], [-70.8074222, -33.2557718], [-70.8074227, -33.2557701], [-70.8074232, -33.2557684], [-70.8074236, -33.2557667], [-70.807424, -33.255765], [-70.8074244, -33.2557633], [-70.8074247, -33.2557616], [-70.8074251, -33.2557599], [-70.8074253, -33.2557582], [-70.8074256, -33.2557565], [-70.8074257, -33.2557548], [-70.8074259, -33.255753], [-70.807426, -33.2557513], [-70.8074261, -33.2557496], [-70.8074262, -33.2557479], [-70.8074262, -33.2557461], [-70.8074262, -33.2557444], [-70.8074261, -33.2557427], [-70.807426, -33.255741], [-70.8074259, -33.2557392], [-70.8074257, -33.2557375], [-70.8074256, -33.2557358], [-70.8074253, -33.2557341], [-70.8074251, -33.2557324], [-70.8074247, -33.2557307], [-70.8074244, -33.255729], [-70.807424, -33.2557273], [-70.8074236, -33.2557256], [-70.8074232, -33.2557239], [-70.8074227, -33.2557222], [-70.8074222, -33.2557205], [-70.8074216, -33.2557189], [-70.8074211, -33.2557172], [-70.8074204, -33.2557156], [-70.8074198, -33.2557139], [-70.8074191, -33.2557123], [-70.8074184, -33.2557107], [-70.8074176, -33.2557091], [-70.8074169, -33.2557075], [-70.807416, -33.2557059], [-70.8074152, -33.2557043], [-70.8074143, -33.2557028], [-70.8074134, -33.2557012], [-70.8074124, -33.2556997], [-70.8074115, -33.2556982], [-70.8074105, -33.2556967], [-70.8074094, -33.2556952], [-70.8074083, -33.2556937], [-70.8074072, -33.2556922], [-70.8074061, -33.2556908], [-70.8074049, -33.2556894], [-70.8074038, -33.255688], [-70.8074025, -33.2556866], [-70.8074013, -33.2556852], [-70.8074, -33.2556839], [-70.8073987, -33.2556825], [-70.8073974, -33.2556812], [-70.807396, -33.2556799], [-70.8073946, -33.2556786], [-70.8073932, -33.2556774], [-70.8073918, -33.2556761], [-70.8073903, -33.2556749], [-70.8073888, -33.2556737], [-70.8073873, -33.2556726], [-70.8073858, -33.2556714], [-70.8073842, -33.2556703], [-70.8073826, -33.2556692], [-70.8069928, -33.2554028], [-70.8069523, -33.2553755], [-70.8069112, -33.2553489], [-70.8068696, -33.2553228], [-70.8068275, -33.2552973], [-70.8067848, -33.2552724], [-70.8067417, -33.2552481], [-70.8066981, -33.2552244], [-70.8066541, -33.2552014], [-70.8066096, -33.2551789], [-70.8065646, -33.2551571], [-70.805373, -33.2545898], [-70.8053712, -33.254589], [-70.8053694, -33.2545882], [-70.8053676, -33.2545874], [-70.8053658, -33.2545866], [-70.8053639, -33.2545859], [-70.8053621, -33.2545852], [-70.8053602, -33.2545845], [-70.8053583, -33.2545839], [-70.8053565, -33.2545833], [-70.8053546, -33.2545827], [-70.8053526, -33.2545821], [-70.8053507, -33.2545816], [-70.8053488, -33.2545811], [-70.8053468, -33.2545806], [-70.8053449, -33.2545802], [-70.8053429, -33.2545798], [-70.8053409, -33.2545794], [-70.805339, -33.254579], [-70.805337, -33.2545787], [-70.805335, -33.2545784], [-70.805333, -33.2545781], [-70.805331, -33.2545778], [-70.805329, -33.2545776], [-70.805327, -33.2545774], [-70.8053249, -33.2545773], [-70.8053229, -33.2545771], [-70.8053209, -33.254577], [-70.8053189, -33.254577], [-70.8053169, -33.2545769], [-70.8053148, -33.2545769], [-70.8053128, -33.2545769], [-70.8053108, -33.254577], [-70.8053088, -33.254577], [-70.8053067, -33.2545771], [-70.8053047, -33.2545773], [-70.8053027, -33.2545774], [-70.8053007, -33.2545776], [-70.8052987, -33.2545778], [-70.8052967, -33.2545781], [-70.8052947, -33.2545783], [-70.8052927, -33.2545786], [-70.8052907, -33.254579], [-70.8052887, -33.2545793], [-70.8052867, -33.2545797], [-70.8052848, -33.2545801], [-70.8052828, -33.2545806], [-70.8052809, -33.2545811], [-70.8051482, -33.2543926], [-70.8051482, -33.2543926]]]]}}, {"type": "Feature", "properties": {"fid": 335, "Area": 13169.657}, "geometry": {"type": "MultiPolygon", "coordinates": [[[[-70.8058907, -33.2571859], [-70.8063385, -33.2573508], [-70.8056048, -33.2580203], [-70.8048182, -33.258738], [-70.804759, -33.258792], [-70.8047503, -33.2588], [-70.8047418, -33.2588081], [-70.8047335, -33.2588163], [-70.8047253, -33.2588246], [-70.8040803, -33.259491], [-70.8037944, -33.2591635], [-70.8037966, -33.2591621], [-70.8037988, -33.2591607], [-70.8038009, -33.2591592], [-70.803803, -33.2591578], [-70.8038051, -33.2591563], [-70.8038071, -33.2591547], [-70.8038091, -33.2591532], [-70.8038111, -33.2591516], [-70.8038131, -33.25915], [-70.803815, -33.2591483], [-70.8038169, -33.2591467], [-70.8038187, -33.259145], [-70.8038206, -33.2591433], [-70.8038223, -33.2591415], [-70.8038241, -33.2591397], [-70.8043871, -33.2585582], [-70.8043886, -33.2585566], [-70.8043902, -33.258555], [-70.8043919, -33.2585535], [-70.8043935, -33.2585519], [-70.8058907, -33.2571859]]]]}}, {"type": "Feature", "properties": {"fid": 336, "Area": 6848.471}, "geometry": {"type": "MultiPolygon", "coordinates": [[[[-70.8124747, -33.2461392], [-70.8121421, -33.2467965], [-70.8120995, -33.2468778], [-70.8120554, -33.2469586], [-70.8120098, -33.2470387], [-70.8119626, -33.2471182], [-70.811914, -33.2471971], [-70.8118638, -33.2472753], [-70.8118122, -33.2473528], [-70.8117592, -33.2474296], [-70.8117046, -33.2475058], [-70.8116473, -33.247583], [-70.8115884, -33.2476595], [-70.811528, -33.2477351], [-70.8114662, -33.2478099], [-70.8114029, -33.2478839], [-70.8113382, -33.247957], [-70.811272, -33.2480291], [-70.8112045, -33.2481004], [-70.8111356, -33.2481707], [-70.8110654, -33.2482401], [-70.8109938, -33.2483084], [-70.8109209, -33.2483758], [-70.8108466, -33.2484422], [-70.8107711, -33.2485076], [-70.8106944, -33.2485719], [-70.8105311, -33.2487065], [-70.8105296, -33.2487077], [-70.8105282, -33.2487089], [-70.8105268, -33.2487102], [-70.8105254, -33.2487115], [-70.810524, -33.2487128], [-70.8105227, -33.2487141], [-70.8105214, -33.2487154], [-70.8105202, -33.2487168], [-70.8105189, -33.2487182], [-70.8105177, -33.2487196], [-70.8105165, -33.248721], [-70.8105154, -33.2487224], [-70.8105143, -33.2487239], [-70.8105132, -33.2487253], [-70.8105121, -33.2487268], [-70.8105111, -33.2487283], [-70.8105101, -33.2487298], [-70.8105091, -33.2487314], [-70.8105082, -33.2487329], [-70.8105073, -33.2487344], [-70.8105064, -33.248736], [-70.8105056, -33.2487376], [-70.8105047, -33.2487392], [-70.810504, -33.2487408], [-70.8105032, -33.2487424], [-70.8105025, -33.248744], [-70.8105019, -33.2487456], [-70.8105012, -33.2487473], [-70.8105006, -33.2487489], [-70.8105, -33.2487506], [-70.8104995, -33.2487523], [-70.810499, -33.2487539], [-70.8104985, -33.2487556], [-70.8104981, -33.2487573], [-70.8104977, -33.248759], [-70.8104973, -33.2487607], [-70.810497, -33.2487624], [-70.8104967, -33.2487641], [-70.8104965, -33.2487658], [-70.8104963, -33.2487676], [-70.8104961, -33.2487693], [-70.8104959, -33.248771], [-70.8104958, -33.2487727], [-70.8104957, -33.2487745], [-70.8104957, -33.2487762], [-70.8104957, -33.2487779], [-70.8104957, -33.2487796], [-70.8104958, -33.2487814], [-70.8104959, -33.2487831], [-70.810496, -33.2487848], [-70.8104962, -33.2487865], [-70.8104964, -33.2487883], [-70.8104967, -33.24879], [-70.8104969, -33.2487917], [-70.8104973, -33.2487934], [-70.8104976, -33.2487951], [-70.810498, -33.2487968], [-70.8104984, -33.2487985], [-70.8104989, -33.2488002], [-70.8104994, -33.2488018], [-70.8104999, -33.2488035], [-70.8105004, -33.2488052], [-70.810501, -33.2488068], [-70.8105017, -33.2488085], [-70.8105023, -33.2488101], [-70.810503, -33.2488117], [-70.8101152, -33.2489324], [-70.8100838, -33.2488478], [-70.8105482, -33.248465], [-70.8106228, -33.2484028], [-70.8106962, -33.2483396], [-70.8107683, -33.2482754], [-70.8108392, -33.2482102], [-70.8109088, -33.2481441], [-70.8109771, -33.248077], [-70.8110441, -33.248009], [-70.8111097, -33.24794], [-70.811174, -33.2478702], [-70.811237, -33.2477995], [-70.8112985, -33.247728], [-70.8113587, -33.2476556], [-70.8114175, -33.2475824], [-70.8114748, -33.2475084], [-70.8115247, -33.2474419], [-70.8115734, -33.2473747], [-70.8116209, -33.2473069], [-70.8116672, -33.2472386], [-70.8117124, -33.2471696], [-70.8117563, -33.2471002], [-70.8118986, -33.2468465], [-70.8120362, -33.2465911], [-70.8121691, -33.2463339], [-70.8122974, -33.246075], [-70.8124747, -33.2461392], [-70.8124747, -33.2461392]]]]}}, {"type": "Feature", "properties": {"fid": 337, "Area": 3053.376}, "geometry": {"type": "MultiPolygon", "coordinates": [[[[-70.8085979, -33.2489404], [-70.8083769, -33.2487383], [-70.8100784, -33.2488333], [-70.8101152, -33.2489324], [-70.8098627, -33.249011], [-70.8085979, -33.2489404]]]]}}, {"type": "Feature", "properties": {"fid": 338, "Area": 4706.733}, "geometry": {"type": "MultiPolygon", "coordinates": [[[[-70.8098997, -33.2489995], [-70.8101152, -33.2489324], [-70.8101503, -33.249027], [-70.8101485, -33.2490278], [-70.8101467, -33.2490286], [-70.8101449, -33.2490295], [-70.8101431, -33.2490303], [-70.8101413, -33.2490312], [-70.8101396, -33.2490321], [-70.8101379, -33.2490331], [-70.8101362, -33.2490341], [-70.8101345, -33.249035], [-70.8101328, -33.2490361], [-70.8101312, -33.2490371], [-70.8101295, -33.2490382], [-70.8101279, -33.2490392], [-70.8101264, -33.2490404], [-70.8101248, -33.2490415], [-70.8101233, -33.2490426], [-70.8101218, -33.2490438], [-70.8101203, -33.249045], [-70.80975, -33.2493502], [-70.8091961, -33.2498067], [-70.8088095, -33.2501253], [-70.8082719, -33.2505684], [-70.8082705, -33.2505696], [-70.8082691, -33.2505708], [-70.8082677, -33.2505721], [-70.8082663, -33.2505733], [-70.808265, -33.2505746], [-70.8082637, -33.2505759], [-70.8082624, -33.2505772], [-70.8082611, -33.2505786], [-70.8082599, -33.2505799], [-70.8082587, -33.2505813], [-70.8082575, -33.2505827], [-70.8082564, -33.2505841], [-70.8082553, -33.2505856], [-70.8082542, -33.250587], [-70.8082531, -33.2505885], [-70.8082521, -33.2505899], [-70.8082511, -33.2505914], [-70.8082502, -33.2505929], [-70.8082492, -33.2505945], [-70.8082483, -33.250596], [-70.8082475, -33.2505975], [-70.8082466, -33.2505991], [-70.8082458, -33.2506007], [-70.808245, -33.2506022], [-70.8082443, -33.2506038], [-70.8082436, -33.2506054], [-70.8082429, -33.250607], [-70.8082423, -33.2506087], [-70.8082417, -33.2506103], [-70.8082411, -33.2506119], [-70.8082406, -33.2506136], [-70.80824, -33.2506152], [-70.8082396, -33.2506169], [-70.8082391, -33.2506186], [-70.8082387, -33.2506202], [-70.8082384, -33.2506219], [-70.808238, -33.2506236], [-70.8082377, -33.2506253], [-70.8082374, -33.250627], [-70.8082372, -33.2506287], [-70.808237, -33.2506304], [-70.8082369, -33.2506321], [-70.8082367, -33.2506338], [-70.8082366, -33.2506355], [-70.8082366, -33.2506372], [-70.8082365, -33.2506389], [-70.8082366, -33.2506406], [-70.8082366, -33.2506423], [-70.8082367, -33.250644], [-70.8082368, -33.2506457], [-70.8079627, -33.2505981], [-70.8080453, -33.2505278], [-70.8086584, -33.2500225], [-70.8098997, -33.2489995]]]]}}, {"type": "Feature", "properties": {"fid": 339, "Area": 8667.667}, "geometry": {"type": "MultiPolygon", "coordinates": [[[[-70.8054126, -33.2543887], [-70.8051482, -33.2543926], [-70.8061296, -33.2529374], [-70.8066644, -33.2521443], [-70.8068678, -33.2518427], [-70.8069344, -33.251746], [-70.807003, -33.2516502], [-70.8070736, -33.2515554], [-70.8071461, -33.2514617], [-70.8072205, -33.2513691], [-70.8072969, -33.2512776], [-70.8073751, -33.2511872], [-70.8074553, -33.2510979], [-70.8075372, -33.2510099], [-70.807621, -33.250923], [-70.8077065, -33.2508374], [-70.8077841, -33.2507624], [-70.807863, -33.2506884], [-70.8079433, -33.2506154], [-70.8079562, -33.2508836], [-70.8079542, -33.2508838], [-70.8079522, -33.250884], [-70.8079502, -33.2508843], [-70.8079482, -33.2508846], [-70.8079462, -33.2508849], [-70.8079443, -33.2508852], [-70.8079423, -33.2508856], [-70.8079403, -33.250886], [-70.8079384, -33.2508864], [-70.8079364, -33.2508868], [-70.8079345, -33.2508873], [-70.8079326, -33.2508878], [-70.8079307, -33.2508884], [-70.8079288, -33.2508889], [-70.8079269, -33.2508895], [-70.807925, -33.2508901], [-70.8079231, -33.2508908], [-70.8079213, -33.2508914], [-70.8079194, -33.2508921], [-70.8079176, -33.2508929], [-70.8079158, -33.2508936], [-70.807914, -33.2508944], [-70.8079122, -33.2508952], [-70.8079105, -33.250896], [-70.8079087, -33.2508968], [-70.807907, -33.2508977], [-70.8079053, -33.2508986], [-70.8079036, -33.2508995], [-70.807902, -33.2509005], [-70.8079003, -33.2509015], [-70.8078987, -33.2509025], [-70.8078971, -33.2509035], [-70.8078955, -33.2509045], [-70.8078939, -33.2509056], [-70.8078924, -33.2509067], [-70.8078908, -33.2509078], [-70.8078893, -33.2509089], [-70.8078879, -33.25091], [-70.8078864, -33.2509112], [-70.807885, -33.2509124], [-70.8078836, -33.2509136], [-70.8078822, -33.2509149], [-70.8078808, -33.2509161], [-70.8078795, -33.2509174], [-70.8078068, -33.2509891], [-70.8077354, -33.2510618], [-70.8076653, -33.2511354], [-70.8075965, -33.2512099], [-70.8075291, -33.2512852], [-70.807463, -33.2513614], [-70.8070575, -33.2518909], [-70.8068311, -33.2522264], [-70.8066264, -33.25253], [-70.8058658, -33.2536578], [-70.8054237, -33.2543134], [-70.8054227, -33.2543149], [-70.8054217, -33.2543164], [-70.8054208, -33.254318], [-70.8054199, -33.2543195], [-70.805419, -33.2543211], [-70.8054182, -33.2543227], [-70.8054173, -33.2543243], [-70.8054166, -33.2543259], [-70.8054158, -33.2543275], [-70.8054151, -33.2543291], [-70.8054145, -33.2543307], [-70.8054138, -33.2543324], [-70.8054132, -33.254334], [-70.8054126, -33.2543357], [-70.8054121, -33.2543374], [-70.8054116, -33.2543391], [-70.8054111, -33.2543408], [-70.8054107, -33.2543424], [-70.8054103, -33.2543441], [-70.80541, -33.2543458], [-70.8054096, -33.2543476], [-70.8054093, -33.2543493], [-70.8054091, -33.254351], [-70.8054089, -33.2543527], [-70.8054087, -33.2543544], [-70.8054086, -33.2543562], [-70.8054084, -33.2543579], [-70.8054084, -33.2543596], [-70.8054083, -33.2543614], [-70.8054083, -33.2543631], [-70.8054084, -33.2543648], [-70.8054084, -33.2543665], [-70.8054085, -33.2543683], [-70.8054087, -33.25437], [-70.8054089, -33.2543717], [-70.8054091, -33.2543734], [-70.8054093, -33.2543752], [-70.8054096, -33.2543769], [-70.8054099, -33.2543786], [-70.8054103, -33.2543803], [-70.8054107, -33.254382], [-70.8054111, -33.2543837], [-70.8054116, -33.2543854], [-70.8054121, -33.2543871], [-70.8054126, -33.2543887], [-70.8054126, -33.2543887]]]]}}, {"type": "Feature", "properties": {"fid": 340, "Area": 4517.592}, "geometry": {"type": "MultiPolygon", "coordinates": [[[[-70.8051482, -33.2543926], [-70.8052809, -33.2545811], [-70.8052789, -33.2545816], [-70.805277, -33.2545821], [-70.805275, -33.2545827], [-70.8052731, -33.2545833], [-70.8052712, -33.2545839], [-70.8052693, -33.2545845], [-70.8052674, -33.2545852], [-70.8052655, -33.2545859], [-70.8052637, -33.2545867], [-70.8052618, -33.2545874], [-70.80526, -33.2545882], [-70.8052582, -33.254589], [-70.8052564, -33.2545899], [-70.8052546, -33.2545907], [-70.8052529, -33.2545916], [-70.8052511, -33.2545925], [-70.8052494, -33.2545935], [-70.8052477, -33.2545944], [-70.8052461, -33.2545954], [-70.8052444, -33.2545964], [-70.8052428, -33.2545975], [-70.8052411, -33.2545985], [-70.8052396, -33.2545996], [-70.805238, -33.2546007], [-70.8052364, -33.2546019], [-70.8052349, -33.254603], [-70.8052334, -33.2546042], [-70.8052319, -33.2546054], [-70.8052305, -33.2546066], [-70.8052291, -33.2546078], [-70.8052277, -33.2546091], [-70.8052263, -33.2546104], [-70.805225, -33.2546117], [-70.8052236, -33.254613], [-70.8052224, -33.2546143], [-70.8052211, -33.2546157], [-70.8052199, -33.2546171], [-70.8052187, -33.2546185], [-70.8052175, -33.2546199], [-70.8052163, -33.2546213], [-70.8052152, -33.2546228], [-70.8052141, -33.2546242], [-70.8052131, -33.2546257], [-70.805212, -33.2546272], [-70.804814, -33.2552173], [-70.8047546, -33.2553073], [-70.8046968, -33.255398], [-70.8046409, -33.2554895], [-70.8045868, -33.2555818], [-70.8045345, -33.2556748], [-70.804484, -33.2557685], [-70.8044353, -33.2558629], [-70.8043885, -33.255958], [-70.8043436, -33.2560537], [-70.8043006, -33.25615], [-70.8042594, -33.2562469], [-70.8042202, -33.2563444], [-70.8041829, -33.2564424], [-70.8041475, -33.2565409], [-70.8039692, -33.2564749], [-70.8040054, -33.2563754], [-70.8040435, -33.2562764], [-70.8040835, -33.2561779], [-70.8041254, -33.25608], [-70.8041692, -33.2559827], [-70.8042148, -33.255886], [-70.8042623, -33.2557899], [-70.8043117, -33.2556945], [-70.8043629, -33.2555998], [-70.8044159, -33.2555058], [-70.8044708, -33.2554125], [-70.8045274, -33.25532], [-70.8045858, -33.2552282], [-70.804646, -33.2551373], [-70.8051482, -33.2543926]]]]}}, {"type": "Feature", "properties": {"fid": 341, "Area": 12288.877}, "geometry": {"type": "MultiPolygon", "coordinates": [[[[-70.803393, -33.2588339], [-70.8038606, -33.2568171], [-70.8038856, -33.2567311], [-70.8039121, -33.2566453], [-70.80394, -33.25656], [-70.8039692, -33.2564749], [-70.8041475, -33.2565409], [-70.8041127, -33.2566439], [-70.80408, -33.2567474], [-70.8040494, -33.2568514], [-70.8035826, -33.2588649], [-70.8035633, -33.2589446], [-70.8035423, -33.259024], [-70.8035417, -33.2590263], [-70.8035412, -33.2590286], [-70.8035407, -33.2590309], [-70.8035402, -33.2590332], [-70.8035398, -33.2590355], [-70.8035394, -33.2590379], [-70.8035391, -33.2590402], [-70.8035388, -33.2590425], [-70.8035386, -33.2590449], [-70.8035384, -33.2590472], [-70.8035383, -33.2590496], [-70.8035382, -33.2590519], [-70.8035382, -33.2590543], [-70.8035382, -33.2590566], [-70.8035383, -33.2590589], [-70.8035384, -33.2590613], [-70.8035386, -33.2590636], [-70.8035388, -33.259066], [-70.8035391, -33.2590683], [-70.8035394, -33.2590707], [-70.8035397, -33.259073], [-70.8035401, -33.2590753], [-70.8035406, -33.2590776], [-70.8035411, -33.2590799], [-70.8035417, -33.2590822], [-70.8035422, -33.2590845], [-70.8035429, -33.2590868], [-70.8035436, -33.2590891], [-70.8035443, -33.2590913], [-70.8035451, -33.2590936], [-70.8035459, -33.2590958], [-70.8035468, -33.2590981], [-70.8035478, -33.2591003], [-70.8035487, -33.2591025], [-70.8035497, -33.2591047], [-70.8035508, -33.2591068], [-70.8035519, -33.259109], [-70.8035531, -33.2591111], [-70.8035543, -33.2591133], [-70.8035555, -33.2591154], [-70.8035568, -33.2591175], [-70.8035581, -33.2591195], [-70.8035595, -33.2591216], [-70.8035609, -33.2591236], [-70.8035623, -33.2591256], [-70.8035638, -33.2591276], [-70.8035653, -33.2591296], [-70.8035669, -33.2591315], [-70.8035685, -33.2591334], [-70.8035702, -33.2591353], [-70.8035719, -33.2591372], [-70.8035736, -33.259139], [-70.8035754, -33.2591408], [-70.8035772, -33.2591426], [-70.803579, -33.2591444], [-70.8035809, -33.2591461], [-70.8035828, -33.2591478], [-70.8035848, -33.2591495], [-70.8035867, -33.2591512], [-70.8035888, -33.2591528], [-70.8035908, -33.2591544], [-70.8035929, -33.259156], [-70.803595, -33.2591575], [-70.8035971, -33.259159], [-70.8035993, -33.2591605], [-70.8036015, -33.2591619], [-70.8036038, -33.2591633], [-70.803606, -33.2591647], [-70.8036083, -33.259166], [-70.8036106, -33.2591674], [-70.803613, -33.2591686], [-70.8036154, -33.2591699], [-70.8036178, -33.2591711], [-70.8036202, -33.2591722], [-70.8036226, -33.2591734], [-70.8036251, -33.2591745], [-70.8036276, -33.2591755], [-70.8036301, -33.2591766], [-70.8036326, -33.2591776], [-70.8036352, -33.2591785], [-70.8036378, -33.2591794], [-70.8036404, -33.2591803], [-70.803643, -33.2591811], [-70.8036456, -33.2591819], [-70.8036482, -33.2591827], [-70.8036509, -33.2591834], [-70.8036536, -33.2591841], [-70.8036563, -33.2591848], [-70.803659, -33.2591854], [-70.8036617, -33.2591859], [-70.8036644, -33.2591865], [-70.8036671, -33.2591869], [-70.8036699, -33.2591874], [-70.8036726, -33.2591878], [-70.8036754, -33.2591882], [-70.8036782, -33.2591885], [-70.8036809, -33.2591888], [-70.8036837, -33.259189], [-70.8036865, -33.2591892], [-70.8036893, -33.2591894], [-70.8036921, -33.2591895], [-70.8036949, -33.2591896], [-70.8036977, -33.2591896], [-70.8037005, -33.2591896], [-70.8037032, -33.2591896], [-70.803706, -33.2591895], [-70.8037088, -33.2591894], [-70.8037116, -33.2591892], [-70.8037144, -33.259189], [-70.8037172, -33.2591888], [-70.80372, -33.2591885], [-70.8037227, -33.2591882], [-70.8037255, -33.2591878], [-70.8037282, -33.2591874], [-70.803731, -33.259187], [-70.8037337, -33.2591865], [-70.8037364, -33.259186], [-70.8037392, -33.2591854], [-70.8037419, -33.2591848], [-70.8037445, -33.2591842], [-70.8037472, -33.2591835], [-70.8037499, -33.2591828], [-70.8037525, -33.259182], [-70.8037552, -33.2591812], [-70.8037578, -33.2591804], [-70.8037604, -33.2591795], [-70.8037629, -33.2591786], [-70.8037655, -33.2591777], [-70.803768, -33.2591767], [-70.8037705, -33.2591756], [-70.803773, -33.2591746], [-70.8037755, -33.2591735], [-70.803778, -33.2591724], [-70.8037804, -33.2591712], [-70.8037828, -33.25917], [-70.8037852, -33.2591688], [-70.8037875, -33.2591675], [-70.8037898, -33.2591662], [-70.8037921, -33.2591648], [-70.8037944, -33.2591635], [-70.8040803, -33.259491], [-70.8034262, -33.2601666], [-70.8029493, -33.2599524], [-70.8029894, -33.2598812], [-70.8030281, -33.2598094], [-70.8030654, -33.259737], [-70.8031011, -33.2596641], [-70.8031353, -33.2595907], [-70.803168, -33.2595169], [-70.8031992, -33.2594425], [-70.8032289, -33.2593678], [-70.803257, -33.2592926], [-70.8032836, -33.259217], [-70.8033086, -33.259141], [-70.803332, -33.2590647], [-70.8033539, -33.258988], [-70.8033743, -33.2589111], [-70.803393, -33.2588339]]]]}}, {"type": "Feature", "properties": {"fid": 342, "Area": 17094.311}, "geometry": {"type": "MultiPolygon", "coordinates": [[[[-70.8027246, -33.2602755], [-70.802737, -33.2602624], [-70.8027492, -33.2602492], [-70.8027611, -33.2602357], [-70.8027727, -33.2602221], [-70.802784, -33.2602084], [-70.8027951, -33.2601944], [-70.8028058, -33.2601803], [-70.8028163, -33.2601661], [-70.8028265, -33.2601517], [-70.8028364, -33.2601371], [-70.802846, -33.2601225], [-70.8028813, -33.2600662], [-70.8029158, -33.2600095], [-70.8029493, -33.2599524], [-70.8034262, -33.2601666], [-70.8023865, -33.2612406], [-70.802127, -33.2615086], [-70.8021174, -33.2615183], [-70.8021077, -33.2615279], [-70.8020978, -33.2615374], [-70.8020877, -33.2615467], [-70.8006017, -33.262904], [-70.8002924, -33.2626126], [-70.8017328, -33.2612971], [-70.8017445, -33.2612862], [-70.801756, -33.2612752], [-70.8017674, -33.261264], [-70.8017785, -33.2612527], [-70.8027246, -33.2602755]]]]}}, {"type": "Feature", "properties": {"fid": 343, "Area": 10048.139}, "geometry": {"type": "MultiPolygon", "coordinates": [[[[-70.8002924, -33.2626126], [-70.8006017, -33.262904], [-70.799816, -33.2636215], [-70.7992867, -33.2641049], [-70.799277, -33.2641139], [-70.7992675, -33.2641231], [-70.7992582, -33.2641324], [-70.7992491, -33.2641418], [-70.7992401, -33.2641514], [-70.7989512, -33.2644659], [-70.7986194, -33.264191], [-70.7988679, -33.2639197], [-70.7988796, -33.2639072], [-70.7988915, -33.2638947], [-70.7989037, -33.2638824], [-70.798916, -33.2638703], [-70.7989286, -33.2638583], [-70.7989413, -33.2638465], [-70.8002924, -33.2626126]]]]}}, {"type": "Feature", "properties": {"fid": 344, "Area": 13136.739}, "geometry": {"type": "MultiPolygon", "coordinates": [[[[-70.7986194, -33.264191], [-70.7989512, -33.2644659], [-70.7982193, -33.2652627], [-70.7975627, -33.2659773], [-70.7969648, -33.2666282], [-70.796592, -33.2664042], [-70.7986194, -33.264191]]]]}}, {"type": "Feature", "properties": {"fid": 345, "Area": 11714.461}, "geometry": {"type": "MultiPolygon", "coordinates": [[[[-70.7964062, -33.2666066], [-70.7964062, -33.2666066], [-70.7964153, -33.266597], [-70.7964243, -33.2665874], [-70.796592, -33.2664042], [-70.7969648, -33.2666282], [-70.7969072, -33.2666908], [-70.7962351, -33.2673937], [-70.7955965, -33.268055], [-70.7950993, -33.2685698], [-70.7947445, -33.2683281], [-70.7964062, -33.2666066]]]]}}, {"type": "Feature", "properties": {"fid": 346, "Area": 17849.685}, "geometry": {"type": "MultiPolygon", "coordinates": [[[[-70.7943523, -33.2687845], [-70.7943544, -33.2687823], [-70.7943565, -33.26878], [-70.7943586, -33.2687777], [-70.7943606, -33.2687753], [-70.7943625, -33.2687729], [-70.7943644, -33.2687705], [-70.7943663, -33.2687681], [-70.7943681, -33.2687656], [-70.7943698, -33.2687631], [-70.7943715, -33.2687606], [-70.7943732, -33.2687581], [-70.7943748, -33.2687555], [-70.7943763, -33.2687529], [-70.7943778, -33.2687503], [-70.7943792, -33.2687477], [-70.7943806, -33.2687451], [-70.7943819, -33.2687424], [-70.7943832, -33.2687397], [-70.7943844, -33.268737], [-70.7943856, -33.2687343], [-70.7943867, -33.2687316], [-70.7943877, -33.2687288], [-70.7943887, -33.268726], [-70.7943897, -33.2687233], [-70.7943905, -33.2687205], [-70.7943913, -33.2687177], [-70.7943921, -33.2687148], [-70.7943928, -33.268712], [-70.7943934, -33.2687092], [-70.794394, -33.2687063], [-70.7943946, -33.2687035], [-70.794395, -33.2687006], [-70.7943954, -33.2686977], [-70.7943958, -33.2686949], [-70.7943961, -33.268692], [-70.7943963, -33.2686891], [-70.7943965, -33.2686862], [-70.7943966, -33.2686833], [-70.7943966, -33.2686804], [-70.7943966, -33.2686776], [-70.7943965, -33.2686747], [-70.7943964, -33.2686718], [-70.7943962, -33.2686689], [-70.794396, -33.268666], [-70.7943957, -33.2686631], [-70.7943953, -33.2686603], [-70.7943949, -33.2686574], [-70.7943944, -33.2686545], [-70.7943939, -33.2686517], [-70.7943933, -33.2686488], [-70.7943926, -33.268646], [-70.7943919, -33.2686432], [-70.7943911, -33.2686404], [-70.7943903, -33.2686376], [-70.7943894, -33.2686348], [-70.7943884, -33.268632], [-70.7943874, -33.2686292], [-70.7943863, -33.2686265], [-70.7943852, -33.2686238], [-70.794384, -33.268621], [-70.7943828, -33.2686183], [-70.7943815, -33.2686157], [-70.7943802, -33.268613], [-70.7943788, -33.2686104], [-70.7943773, -33.2686077], [-70.7943758, -33.2686051], [-70.7943743, -33.2686026], [-70.7943727, -33.2686], [-70.794371, -33.2685975], [-70.7943693, -33.268595], [-70.7943675, -33.2685925], [-70.7943657, -33.2685901], [-70.7943638, -33.2685876], [-70.7943619, -33.2685852], [-70.7943599, -33.2685829], [-70.7943579, -33.2685805], [-70.7943559, -33.2685782], [-70.7943538, -33.2685759], [-70.7943516, -33.2685737], [-70.7943494, -33.2685715], [-70.7943471, -33.2685693], [-70.7943448, -33.2685671], [-70.7943425, -33.268565], [-70.7943401, -33.2685629], [-70.7943377, -33.2685609], [-70.7943352, -33.2685589], [-70.7943327, -33.2685569], [-70.7943302, -33.2685549], [-70.7943276, -33.268553], [-70.794325, -33.2685512], [-70.7943223, -33.2685493], [-70.7943196, -33.2685476], [-70.7943169, -33.2685458], [-70.7943141, -33.2685441], [-70.7943113, -33.2685424], [-70.7943084, -33.2685408], [-70.7943056, -33.2685392], [-70.7943027, -33.2685377], [-70.7942997, -33.2685362], [-70.7942968, -33.2685347], [-70.7942938, -33.2685333], [-70.7942907, -33.2685319], [-70.7942877, -33.2685306], [-70.7942846, -33.2685293], [-70.7942815, -33.2685281], [-70.793376, -33.2681759], [-70.7933621, -33.2681706], [-70.793348, -33.2681655], [-70.7933339, -33.2681606], [-70.7933197, -33.268156], [-70.7933053, -33.2681515], [-70.7932909, -33.2681472], [-70.7932764, -33.2681432], [-70.7932618, -33.2681393], [-70.7932471, -33.2681357], [-70.7932324, -33.2681323], [-70.7932176, -33.2681291], [-70.7932027, -33.2681261], [-70.7931878, -33.2681234], [-70.7931728, -33.2681208], [-70.7931578, -33.2681185], [-70.7931427, -33.2681164], [-70.7931276, -33.2681145], [-70.7931124, -33.2681129], [-70.7930972, -33.2681114], [-70.793082, -33.2681102], [-70.7930668, -33.2681092], [-70.7930515, -33.2681085], [-70.7930362, -33.2681079], [-70.793021, -33.2681076], [-70.7930057, -33.2681075], [-70.7929904, -33.2681076], [-70.7929751, -33.2681079], [-70.7929598, -33.2681085], [-70.7926397, -33.2681227], [-70.7926233, -33.2681233], [-70.7926069, -33.2681237], [-70.7925905, -33.2681238], [-70.7925741, -33.2681237], [-70.7925577, -33.2681233], [-70.7925413, -33.2681227], [-70.7925249, -33.2681219], [-70.7925086, -33.2681208], [-70.7924923, -33.2681195], [-70.792476, -33.268118], [-70.7924597, -33.2681162], [-70.7924435, -33.2681142], [-70.7924273, -33.2681119], [-70.7924111, -33.2681094], [-70.7923951, -33.2681067], [-70.792379, -33.2681038], [-70.7923631, -33.2681006], [-70.7923472, -33.2680971], [-70.7923314, -33.2680935], [-70.7923156, -33.2680896], [-70.7923, -33.2680855], [-70.7922844, -33.2680811], [-70.7922689, -33.2680766], [-70.7922536, -33.2680718], [-70.7922383, -33.2680667], [-70.7922231, -33.2680615], [-70.7922081, -33.268056], [-70.7921931, -33.2680504], [-70.7913563, -33.2677249], [-70.7903532, -33.2673348], [-70.7904242, -33.2672531], [-70.7914279, -33.2676434], [-70.7922427, -33.2679604], [-70.7922558, -33.2679653], [-70.792269, -33.2679701], [-70.7922822, -33.2679747], [-70.7922956, -33.2679791], [-70.7923091, -33.2679833], [-70.7923226, -33.2679873], [-70.7923362, -33.2679911], [-70.7923499, -33.2679947], [-70.7923637, -33.2679981], [-70.7923775, -33.2680013], [-70.7923914, -33.2680043], [-70.7924054, -33.2680071], [-70.7924194, -33.2680097], [-70.7924335, -33.268012], [-70.7924476, -33.2680142], [-70.7924618, -33.2680162], [-70.792476, -33.268018], [-70.7924902, -33.2680195], [-70.7925045, -33.2680209], [-70.7925188, -33.268022], [-70.7925331, -33.268023], [-70.7925474, -33.2680237], [-70.7925617, -33.2680242], [-70.7925761, -33.2680245], [-70.7925904, -33.2680246], [-70.7926048, -33.2680245], [-70.7926191, -33.2680242], [-70.7926335, -33.2680236], [-70.7929536, -33.2680095], [-70.7929709, -33.2680088], [-70.7929883, -33.2680084], [-70.7930056, -33.2680083], [-70.7930229, -33.2680084], [-70.7930403, -33.2680088], [-70.7930576, -33.2680094], [-70.7930749, -33.2680103], [-70.7930922, -33.2680114], [-70.7931094, -33.2680128], [-70.7931267, -33.2680144], [-70.7931439, -33.2680163], [-70.793161, -33.2680184], [-70.7931781, -33.2680208], [-70.7931952, -33.2680235], [-70.7932122, -33.2680263], [-70.7932291, -33.2680295], [-70.793246, -33.2680328], [-70.7932628, -33.2680365], [-70.7932795, -33.2680403], [-70.7932961, -33.2680444], [-70.7933127, -33.2680488], [-70.7933291, -33.2680534], [-70.7933455, -33.2680582], [-70.7933617, -33.2680633], [-70.7933779, -33.2680686], [-70.7933939, -33.2680741], [-70.7934098, -33.2680799], [-70.7934256, -33.2680859], [-70.7944521, -33.2684851], [-70.7944544, -33.268486], [-70.7944567, -33.2684869], [-70.794459, -33.2684877], [-70.7944614, -33.2684884], [-70.7944638, -33.2684892], [-70.7944661, -33.2684899], [-70.7944685, -33.2684905], [-70.7944709, -33.2684912], [-70.7944734, -33.2684918], [-70.7944758, -33.2684923], [-70.7944782, -33.2684929], [-70.7944807, -33.2684934], [-70.7944832, -33.2684938], [-70.7944856, -33.2684942], [-70.7944881, -33.2684946], [-70.7944906, -33.2684949], [-70.7944931, -33.2684953], [-70.7944956, -33.2684955], [-70.7944981, -33.2684958], [-70.7945006, -33.268496], [-70.7945031, -33.2684961], [-70.7945056, -33.2684963], [-70.7945082, -33.2684963], [-70.7945107, -33.2684964], [-70.7945132, -33.2684964], [-70.7945157, -33.2684964], [-70.7945183, -33.2684963], [-70.7945208, -33.2684962], [-70.7945233, -33.2684961], [-70.7945258, -33.2684959], [-70.7945283, -33.2684957], [-70.7945308, -33.2684955], [-70.7945333, -33.2684952], [-70.7945358, -33.2684949], [-70.7945383, -33.2684945], [-70.7945408, -33.2684941], [-70.7945433, -33.2684937], [-70.7945457, -33.2684933], [-70.7945482, -33.2684928], [-70.7945506, -33.2684922], [-70.794553, -33.2684917], [-70.7945555, -33.2684911], [-70.7945579, -33.2684904], [-70.7945603, -33.2684897], [-70.7945626, -33.268489], [-70.794565, -33.2684883], [-70.7945673, -33.2684875], [-70.7945697, -33.2684867], [-70.794572, -33.2684859], [-70.7945743, -33.268485], [-70.7945766, -33.2684841], [-70.7945788, -33.2684831], [-70.7945811, -33.2684821], [-70.7945833, -33.2684811], [-70.7945855, -33.2684801], [-70.7945876, -33.268479], [-70.7945898, -33.2684779], [-70.7945919, -33.2684768], [-70.794594, -33.2684756], [-70.7945961, -33.2684744], [-70.7945982, -33.2684732], [-70.7946002, -33.2684719], [-70.7946022, -33.2684706], [-70.7946042, -33.2684693], [-70.7946061, -33.2684679], [-70.794608, -33.2684666], [-70.7946099, -33.2684652], [-70.7946118, -33.2684637], [-70.7946136, -33.2684623], [-70.7946154, -33.2684608], [-70.7946172, -33.2684593], [-70.7946189, -33.2684577], [-70.7946206, -33.2684562], [-70.7946223, -33.2684546], [-70.7946239, -33.268453], [-70.7946255, -33.2684514], [-70.7947445, -33.2683281], [-70.7950993, -33.2685698], [-70.7950978, -33.2685715], [-70.7950963, -33.2685731], [-70.7950948, -33.2685748], [-70.7950933, -33.2685765], [-70.7950919, -33.2685783], [-70.7950905, -33.26858], [-70.7950892, -33.2685818], [-70.7950879, -33.2685836], [-70.7950866, -33.2685854], [-70.7950853, -33.2685872], [-70.7950841, -33.268589], [-70.795083, -33.2685909], [-70.7950819, -33.2685928], [-70.7950808, -33.2685947], [-70.7950797, -33.2685966], [-70.7950787, -33.2685985], [-70.7950778, -33.2686004], [-70.7950768, -33.2686024], [-70.7950759, -33.2686044], [-70.7950751, -33.2686063], [-70.7950743, -33.2686083], [-70.7950735, -33.2686103], [-70.7950728, -33.2686123], [-70.7950721, -33.2686144], [-70.7950715, -33.2686164], [-70.7950709, -33.2686184], [-70.7950703, -33.2686205], [-70.7950698, -33.2686225], [-70.7950693, -33.2686246], [-70.7950689, -33.2686267], [-70.7950685, -33.2686287], [-70.7950682, -33.2686308], [-70.7950679, -33.2686329], [-70.7950676, -33.268635], [-70.7950674, -33.2686371], [-70.7950672, -33.2686392], [-70.7950671, -33.2686413], [-70.795067, -33.2686434], [-70.795067, -33.2686455], [-70.795067, -33.2686476], [-70.795067, -33.2686497], [-70.7950671, -33.2686518], [-70.7950672, -33.2686539], [-70.7950674, -33.268656], [-70.7950676, -33.2686581], [-70.7950679, -33.2686602], [-70.7950682, -33.2686622], [-70.7950685, -33.2686643], [-70.7950689, -33.2686664], [-70.7950694, -33.2686685], [-70.7950698, -33.2686705], [-70.7950703, -33.2686726], [-70.7950709, -33.2686746], [-70.7950715, -33.2686767], [-70.7950721, -33.2686787], [-70.7950728, -33.2686807], [-70.7950735, -33.2686827], [-70.7950743, -33.2686847], [-70.7950751, -33.2686867], [-70.795076, -33.2686887], [-70.7950768, -33.2686907], [-70.7950778, -33.2686926], [-70.7950787, -33.2686946], [-70.7950797, -33.2686965], [-70.7950808, -33.2686984], [-70.7950819, -33.2687003], [-70.795083, -33.2687022], [-70.7950842, -33.2687041], [-70.7950854, -33.2687059], [-70.7950867, -33.2687078], [-70.7950879, -33.2687096], [-70.7950893, -33.2687114], [-70.7950906, -33.2687132], [-70.795092, -33.2687149], [-70.7950935, -33.2687167], [-70.7950949, -33.2687184], [-70.7950965, -33.2687201], [-70.795098, -33.2687218], [-70.7950996, -33.2687234], [-70.7951012, -33.2687251], [-70.7951028, -33.2687267], [-70.7951045, -33.2687283], [-70.7951062, -33.2687298], [-70.795108, -33.2687314], [-70.7951098, -33.2687329], [-70.7951116, -33.2687343], [-70.7951134, -33.2687358], [-70.7951153, -33.2687372], [-70.7951172, -33.2687386], [-70.7951191, -33.26874], [-70.795121, -33.2687414], [-70.795123, -33.2687427], [-70.795125, -33.268744], [-70.7951271, -33.2687452], [-70.7951291, -33.2687464], [-70.7951312, -33.2687476], [-70.7951333, -33.2687488], [-70.7951355, -33.2687499], [-70.7951376, -33.268751], [-70.7951398, -33.2687521], [-70.795142, -33.2687531], [-70.7951442, -33.2687542], [-70.7951465, -33.2687551], [-70.7951487, -33.2687561], [-70.795151, -33.268757], [-70.7952987, -33.2688144], [-70.7953148, -33.268821], [-70.7953307, -33.2688278], [-70.7953465, -33.2688349], [-70.7953622, -33.2688421], [-70.7953777, -33.2688496], [-70.795393, -33.2688573], [-70.7954082, -33.2688653], [-70.7954232, -33.2688734], [-70.7954381, -33.2688818], [-70.7954528, -33.2688904], [-70.7954673, -33.2688992], [-70.7954816, -33.2689082], [-70.7954957, -33.2689174], [-70.7955096, -33.2689268], [-70.7955234, -33.2689364], [-70.7955369, -33.2689462], [-70.7955503, -33.2689562], [-70.7955634, -33.2689664], [-70.7955764, -33.2689768], [-70.7955891, -33.2689873], [-70.7956016, -33.2689981], [-70.7956139, -33.269009], [-70.7956259, -33.2690201], [-70.7956377, -33.2690313], [-70.7956493, -33.2690428], [-70.7956607, -33.2690544], [-70.7956718, -33.2690662], [-70.7956827, -33.2690781], [-70.7958702, -33.2692923], [-70.7958793, -33.2693017], [-70.7958886, -33.2693109], [-70.7958982, -33.26932], [-70.7959079, -33.2693289], [-70.7959178, -33.2693377], [-70.7959279, -33.2693464], [-70.7958609, -33.2694117], [-70.7958512, -33.2694222], [-70.7958399, -33.2694127], [-70.7958289, -33.2694031], [-70.795818, -33.2693934], [-70.7958074, -33.2693835], [-70.7957969, -33.2693734], [-70.7957866, -33.2693632], [-70.7957766, -33.2693528], [-70.795588, -33.2691373], [-70.7955879, -33.2691372], [-70.7955808, -33.2691284], [-70.7955735, -33.2691197], [-70.795566, -33.269111], [-70.7955584, -33.2691025], [-70.7955505, -33.2690941], [-70.7955425, -33.2690858], [-70.7955344, -33.2690776], [-70.795526, -33.2690695], [-70.7955175, -33.2690616], [-70.7955089, -33.2690538], [-70.7955001, -33.2690461], [-70.7954911, -33.2690385], [-70.795482, -33.2690311], [-70.7954727, -33.2690238], [-70.7954633, -33.2690166], [-70.7954537, -33.2690095], [-70.795444, -33.2690026], [-70.7954342, -33.2689959], [-70.7954242, -33.2689893], [-70.7954141, -33.2689828], [-70.7954039, -33.2689765], [-70.7953935, -33.2689703], [-70.795383, -33.2689643], [-70.7953724, -33.2689584], [-70.7953617, -33.2689527], [-70.7953508, -33.2689471], [-70.7953398, -33.2689417], [-70.7953288, -33.2689364], [-70.7953176, -33.2689313], [-70.7953063, -33.2689264], [-70.795295, -33.2689216], [-70.7952835, -33.268917], [-70.7952719, -33.2689126], [-70.7952603, -33.2689083], [-70.7952485, -33.2689042], [-70.7950104, -33.2688116], [-70.7950073, -33.2688104], [-70.7950041, -33.2688093], [-70.7950009, -33.2688082], [-70.7949977, -33.2688071], [-70.7949945, -33.2688061], [-70.7949912, -33.2688051], [-70.7949879, -33.2688042], [-70.7949846, -33.2688033], [-70.7949813, -33.2688025], [-70.794978, -33.2688018], [-70.7949746, -33.268801], [-70.7949713, -33.2688004], [-70.7949679, -33.2687997], [-70.7949645, -33.2687992], [-70.7949611, -33.2687986], [-70.7949577, -33.2687982], [-70.7949543, -33.2687977], [-70.7949508, -33.2687974], [-70.7949474, -33.2687971], [-70.794944, -33.2687968], [-70.7949405, -33.2687966], [-70.7949371, -33.2687964], [-70.7949336, -33.2687963], [-70.7949302, -33.2687962], [-70.7949267, -33.2687962], [-70.7949232, -33.2687962], [-70.7949198, -33.2687963], [-70.7949163, -33.2687964], [-70.7949129, -33.2687966], [-70.7949094, -33.2687968], [-70.794906, -33.2687971], [-70.7949026, -33.2687974], [-70.7948991, -33.2687978], [-70.7948957, -33.2687983], [-70.7948923, -33.2687987], [-70.7948889, -33.2687993], [-70.7948855, -33.2687998], [-70.7948822, -33.2688005], [-70.7948788, -33.2688012], [-70.7948754, -33.2688019], [-70.7948721, -33.2688027], [-70.7948688, -33.2688035], [-70.7948655, -33.2688044], [-70.7948622, -33.2688053], [-70.794859, -33.2688063], [-70.7948557, -33.2688073], [-70.7948525, -33.2688083], [-70.7948493, -33.2688095], [-70.7948462, -33.2688106], [-70.794843, -33.2688118], [-70.7948399, -33.2688131], [-70.7948368, -33.2688144], [-70.7948337, -33.2688157], [-70.7948307, -33.2688171], [-70.7948277, -33.2688185], [-70.7948247, -33.26882], [-70.7948218, -33.2688215], [-70.7948189, -33.2688231], [-70.794816, -33.2688247], [-70.7948131, -33.2688263], [-70.7948103, -33.268828], [-70.7948075, -33.2688297], [-70.7948048, -33.2688315], [-70.7948021, -33.2688333], [-70.7947994, -33.2688352], [-70.7947968, -33.268837], [-70.7947942, -33.268839], [-70.7947916, -33.2688409], [-70.7947891, -33.2688429], [-70.7947867, -33.268845], [-70.7947842, -33.268847], [-70.7947819, -33.2688491], [-70.7947795, -33.2688513], [-70.7947772, -33.2688534], [-70.794775, -33.2688556], [-70.7947728, -33.2688579], [-70.7944426, -33.2691998], [-70.7944404, -33.2692021], [-70.7944383, -33.2692044], [-70.7944363, -33.2692067], [-70.7944343, -33.269209], [-70.7944323, -33.2692114], [-70.7944304, -33.2692138], [-70.7944286, -33.2692163], [-70.7944268, -33.2692187], [-70.794425, -33.2692212], [-70.7944233, -33.2692237], [-70.7944217, -33.2692263], [-70.7944201, -33.2692288], [-70.7944185, -33.2692314], [-70.7944171, -33.269234], [-70.7944156, -33.2692366], [-70.7944142, -33.2692393], [-70.7944129, -33.2692419], [-70.7944116, -33.2692446], [-70.7944104, -33.2692473], [-70.7944093, -33.26925], [-70.7944082, -33.2692528], [-70.7944071, -33.2692555], [-70.7944061, -33.2692583], [-70.7944052, -33.2692611], [-70.7944043, -33.2692639], [-70.7944035, -33.2692667], [-70.7944027, -33.2692695], [-70.794402, -33.2692723], [-70.7944014, -33.2692752], [-70.7944008, -33.269278], [-70.7944003, -33.2692809], [-70.7943998, -33.2692837], [-70.7943994, -33.2692866], [-70.7943991, -33.2692895], [-70.7943988, -33.2692924], [-70.7943986, -33.2692952], [-70.7943984, -33.2692981], [-70.7943983, -33.269301], [-70.7943982, -33.2693039], [-70.7943982, -33.2693068], [-70.7943983, -33.2693097], [-70.7943984, -33.2693126], [-70.7943986, -33.2693155], [-70.7943989, -33.2693183], [-70.7943992, -33.2693212], [-70.7943995, -33.2693241], [-70.7944, -33.269327], [-70.7944004, -33.2693298], [-70.794401, -33.2693327], [-70.7944016, -33.2693355], [-70.7944023, -33.2693384], [-70.794403, -33.2693412], [-70.7944037, -33.269344], [-70.7944046, -33.2693468], [-70.7944055, -33.2693496], [-70.7944064, -33.2693524], [-70.7944074, -33.2693551], [-70.7944085, -33.2693579], [-70.7944096, -33.2693606], [-70.7944108, -33.2693633], [-70.794412, -33.269366], [-70.7944133, -33.2693687], [-70.7944147, -33.2693714], [-70.7944161, -33.269374], [-70.7944175, -33.2693766], [-70.794419, -33.2693792], [-70.7944206, -33.2693818], [-70.7944222, -33.2693843], [-70.7944238, -33.2693869], [-70.7944256, -33.2693894], [-70.7944273, -33.2693919], [-70.7944291, -33.2693943], [-70.794431, -33.2693967], [-70.7944329, -33.2693991], [-70.7944349, -33.2694015], [-70.7944369, -33.2694038], [-70.794439, -33.2694062], [-70.7944411, -33.2694084], [-70.7944432, -33.2694107], [-70.7944455, -33.2694129], [-70.7944477, -33.2694151], [-70.79445, -33.2694172], [-70.7944523, -33.2694194], [-70.7944547, -33.2694214], [-70.7944571, -33.2694235], [-70.7944596, -33.2694255], [-70.7944621, -33.2694275], [-70.7944647, -33.2694294], [-70.7944672, -33.2694313], [-70.7944699, -33.2694332], [-70.7944725, -33.269435], [-70.7944752, -33.2694368], [-70.794478, -33.2694386], [-70.7944807, -33.2694403], [-70.7944836, -33.2694419], [-70.7944864, -33.2694436], [-70.7944893, -33.2694452], [-70.7944922, -33.2694467], [-70.7944951, -33.2694482], [-70.7944981, -33.2694497], [-70.7945011, -33.2694511], [-70.7945041, -33.2694524], [-70.7945072, -33.2694538], [-70.7945103, -33.2694551], [-70.7945134, -33.2694563], [-70.7947766, -33.2695587], [-70.7947903, -33.2695639], [-70.7948041, -33.2695689], [-70.794818, -33.2695737], [-70.794832, -33.2695783], [-70.794846, -33.2695827], [-70.7948602, -33.2695869], [-70.7948745, -33.2695909], [-70.7948888, -33.2695947], [-70.7949032, -33.2695983], [-70.7949177, -33.2696017], [-70.7949322, -33.2696049], [-70.7949468, -33.2696078], [-70.7949615, -33.2696106], [-70.7949762, -33.2696131], [-70.794991, -33.2696155], [-70.7950058, -33.2696176], [-70.7950206, -33.2696195], [-70.7950355, -33.2696212], [-70.7950504, -33.2696227], [-70.7950654, -33.269624], [-70.7950804, -33.269625], [-70.7950954, -33.2696259], [-70.7951104, -33.2696265], [-70.7951254, -33.2696269], [-70.7951404, -33.2696271], [-70.7951554, -33.2696271], [-70.7951705, -33.2696269], [-70.7951855, -33.2696264], [-70.7952005, -33.2696257], [-70.7952155, -33.2696249], [-70.7952304, -33.2696238], [-70.7952454, -33.2696225], [-70.7952603, -33.2696209], [-70.7952752, -33.2696192], [-70.79529, -33.2696172], [-70.7953048, -33.2696151], [-70.7953196, -33.2696127], [-70.7953343, -33.2696101], [-70.7955629, -33.2695682], [-70.795578, -33.2695656], [-70.7955932, -33.2695631], [-70.7956085, -33.2695609], [-70.7956237, -33.2695588], [-70.795639, -33.269557], [-70.7956544, -33.2695554], [-70.7956697, -33.269554], [-70.7956851, -33.2695528], [-70.7957006, -33.2695518], [-70.795716, -33.269551], [-70.7957314, -33.2695505], [-70.7956364, -33.2696522], [-70.7955092, -33.2697642], [-70.7956106, -33.2696613], [-70.7955993, -33.2696631], [-70.7955881, -33.2696651], [-70.7953595, -33.269707], [-70.7953428, -33.26971], [-70.7953261, -33.2697127], [-70.7953093, -33.2697151], [-70.7952924, -33.2697173], [-70.7952756, -33.2697193], [-70.7952586, -33.269721], [-70.7952417, -33.2697225], [-70.7952247, -33.2697237], [-70.7952077, -33.2697247], [-70.7951907, -33.2697255], [-70.7951737, -33.269726], [-70.7951566, -33.2697263], [-70.7951396, -33.2697263], [-70.7951225, -33.2697261], [-70.7951055, -33.2697256], [-70.7950885, -33.2697249], [-70.7950715, -33.2697239], [-70.7950545, -33.2697227], [-70.7950376, -33.2697213], [-70.7950206, -33.2697196], [-70.7950037, -33.2697177], [-70.7949869, -33.2697155], [-70.7949701, -33.2697131], [-70.7949534, -33.2697105], [-70.7949367, -33.2697076], [-70.79492, -33.2697044], [-70.7949035, -33.2697011], [-70.794887, -33.2696975], [-70.7948706, -33.2696936], [-70.7948542, -33.2696896], [-70.794838, -33.2696853], [-70.7948218, -33.2696807], [-70.7948057, -33.2696759], [-70.7947898, -33.2696709], [-70.7947739, -33.2696657], [-70.7947582, -33.2696603], [-70.7947425, -33.2696546], [-70.794727, -33.2696487], [-70.7943659, -33.2695082], [-70.7943636, -33.2695074], [-70.7943613, -33.2695065], [-70.794359, -33.2695057], [-70.7943567, -33.269505], [-70.7943543, -33.2695042], [-70.794352, -33.2695035], [-70.7943496, -33.2695029], [-70.7943472, -33.2695022], [-70.7943448, -33.2695016], [-70.7943424, -33.2695011], [-70.79434, -33.2695006], [-70.7943375, -33.2695001], [-70.7943351, -33.2694996], [-70.7943326, -33.2694992], [-70.7943302, -33.2694988], [-70.7943277, -33.2694985], [-70.7943252, -33.2694982], [-70.7943227, -33.2694979], [-70.7943203, -33.2694976], [-70.7943178, -33.2694974], [-70.7943153, -33.2694973], [-70.7943128, -33.2694971], [-70.7943103, -33.269497], [-70.7943078, -33.269497], [-70.7943053, -33.269497], [-70.7943028, -33.269497], [-70.7943003, -33.269497], [-70.7942978, -33.2694971], [-70.7942953, -33.2694972], [-70.7942928, -33.2694974], [-70.7942903, -33.2694976], [-70.7942878, -33.2694978], [-70.7942853, -33.2694981], [-70.7942828, -33.2694984], [-70.7942804, -33.2694987], [-70.7942779, -33.2694991], [-70.7942754, -33.2694995], [-70.794273, -33.2695], [-70.7942706, -33.2695005], [-70.7942681, -33.269501], [-70.7942657, -33.2695015], [-70.7942633, -33.2695021], [-70.7942609, -33.2695027], [-70.7942586, -33.2695034], [-70.7942562, -33.2695041], [-70.7942538, -33.2695048], [-70.7942515, -33.2695056], [-70.7942492, -33.2695064], [-70.7942469, -33.2695072], [-70.7942446, -33.269508], [-70.7942423, -33.2695089], [-70.7942401, -33.2695099], [-70.7942379, -33.2695108], [-70.7942357, -33.2695118], [-70.7942335, -33.2695128], [-70.7942313, -33.2695139], [-70.7942292, -33.269515], [-70.794227, -33.2695161], [-70.7942249, -33.2695172], [-70.7942229, -33.2695184], [-70.7942208, -33.2695196], [-70.7942188, -33.2695209], [-70.7942168, -33.2695221], [-70.7942148, -33.2695234], [-70.7942129, -33.2695247], [-70.794211, -33.2695261], [-70.7942091, -33.2695275], [-70.7942072, -33.2695289], [-70.7942054, -33.2695303], [-70.7942036, -33.2695318], [-70.7942018, -33.2695332], [-70.7942001, -33.2695348], [-70.7941984, -33.2695363], [-70.7941967, -33.2695378], [-70.794195, -33.2695394], [-70.7941934, -33.269541], [-70.7941918, -33.2695427], [-70.7941903, -33.2695443], [-70.7941888, -33.269546], [-70.7941873, -33.2695477], [-70.7941859, -33.2695494], [-70.7941844, -33.2695512], [-70.7937404, -33.2694198], [-70.7937418, -33.269418], [-70.7937432, -33.2694162], [-70.7937445, -33.2694144], [-70.7937457, -33.2694125], [-70.793747, -33.2694107], [-70.7937482, -33.2694088], [-70.7937493, -33.2694069], [-70.7937504, -33.269405], [-70.7937515, -33.2694031], [-70.7937525, -33.2694012], [-70.7937535, -33.2693992], [-70.7937545, -33.2693973], [-70.7937554, -33.2693953], [-70.7937563, -33.2693933], [-70.7937571, -33.2693913], [-70.7937579, -33.2693893], [-70.7937587, -33.2693872], [-70.7937594, -33.2693852], [-70.79376, -33.2693832], [-70.7937606, -33.2693811], [-70.7937612, -33.269379], [-70.7937618, -33.269377], [-70.7937622, -33.2693749], [-70.7937627, -33.2693728], [-70.7937631, -33.2693707], [-70.7937635, -33.2693686], [-70.7937638, -33.2693665], [-70.7937641, -33.2693644], [-70.7937643, -33.2693623], [-70.7937645, -33.2693602], [-70.7937646, -33.269358], [-70.7937647, -33.2693559], [-70.7937648, -33.2693538], [-70.7937648, -33.2693517], [-70.7937647, -33.2693496], [-70.7937647, -33.2693474], [-70.7937645, -33.2693453], [-70.7937644, -33.2693432], [-70.7937642, -33.2693411], [-70.7937639, -33.269339], [-70.7937636, -33.2693369], [-70.7937633, -33.2693348], [-70.7937629, -33.2693327], [-70.7937625, -33.2693306], [-70.793762, -33.2693285], [-70.7937615, -33.2693264], [-70.7937609, -33.2693244], [-70.7937603, -33.2693223], [-70.7937597, -33.2693202], [-70.793759, -33.2693182], [-70.7937583, -33.2693162], [-70.7937575, -33.2693141], [-70.7937567, -33.2693121], [-70.7937558, -33.2693101], [-70.793755, -33.2693082], [-70.793754, -33.2693062], [-70.793753, -33.2693042], [-70.793752, -33.2693023], [-70.793751, -33.2693004], [-70.7937499, -33.2692984], [-70.7937487, -33.2692966], [-70.7937476, -33.2692947], [-70.7937464, -33.2692928], [-70.7937451, -33.269291], [-70.7937438, -33.2692891], [-70.7937425, -33.2692873], [-70.7937411, -33.2692856], [-70.7937397, -33.2692838], [-70.7937383, -33.2692821], [-70.7937368, -33.2692803], [-70.7937353, -33.2692786], [-70.7937338, -33.2692769], [-70.7937322, -33.2692753], [-70.7937306, -33.2692737], [-70.7937289, -33.2692721], [-70.7937272, -33.2692705], [-70.7937255, -33.2692689], [-70.7937238, -33.2692674], [-70.793722, -33.2692659], [-70.7937202, -33.2692644], [-70.7937184, -33.2692629], [-70.7937165, -33.2692615], [-70.7937146, -33.2692601], [-70.7937127, -33.2692587], [-70.7937107, -33.2692574], [-70.7937087, -33.2692561], [-70.7937067, -33.2692548], [-70.7937047, -33.2692535], [-70.7937026, -33.2692523], [-70.7937006, -33.2692511], [-70.7936984, -33.2692499], [-70.7936963, -33.2692488], [-70.7936941, -33.2692477], [-70.793692, -33.2692466], [-70.7936898, -33.2692456], [-70.7936875, -33.2692446], [-70.7936853, -33.2692436], [-70.793683, -33.2692427], [-70.7936808, -33.2692418], [-70.7928771, -33.2689292], [-70.7928617, -33.2689231], [-70.7928464, -33.2689167], [-70.7928313, -33.2689101], [-70.7928163, -33.2689034], [-70.7928014, -33.2688964], [-70.7927867, -33.2688892], [-70.7927721, -33.2688818], [-70.7927577, -33.2688741], [-70.7927434, -33.2688663], [-70.7927293, -33.2688583], [-70.7927154, -33.26885], [-70.7927016, -33.2688416], [-70.792688, -33.268833], [-70.7926746, -33.2688242], [-70.7926614, -33.2688151], [-70.7926483, -33.2688059], [-70.7926354, -33.2687965], [-70.7926228, -33.268787], [-70.7926103, -33.2687772], [-70.792598, -33.2687673], [-70.7925859, -33.2687572], [-70.7925741, -33.2687469], [-70.7925624, -33.2687365], [-70.792551, -33.2687259], [-70.7925397, -33.2687151], [-70.7925287, -33.2687042], [-70.792518, -33.2686931], [-70.7925074, -33.2686818], [-70.7924971, -33.2686705], [-70.792487, -33.2686589], [-70.7924771, -33.2686472], [-70.7924675, -33.2686354], [-70.7924581, -33.2686235], [-70.792449, -33.2686114], [-70.7924401, -33.2685992], [-70.7924315, -33.2685868], [-70.7924231, -33.2685744], [-70.792415, -33.2685618], [-70.7923051, -33.2683882], [-70.7922984, -33.2683778], [-70.7922915, -33.2683675], [-70.7922843, -33.2683573], [-70.792277, -33.2683472], [-70.7922694, -33.2683372], [-70.7922617, -33.2683273], [-70.7922537, -33.2683176], [-70.7922455, -33.2683079], [-70.7922372, -33.2682984], [-70.7922287, -33.2682889], [-70.7922199, -33.2682796], [-70.792211, -33.2682705], [-70.7922019, -33.2682614], [-70.7921926, -33.2682525], [-70.7921832, -33.2682437], [-70.7921735, -33.2682351], [-70.7921637, -33.2682266], [-70.7921537, -33.2682183], [-70.7921436, -33.26821], [-70.7921332, -33.268202], [-70.7921228, -33.2681941], [-70.7921121, -33.2681863], [-70.7921013, -33.2681787], [-70.7920904, -33.2681712], [-70.7920793, -33.2681639], [-70.792068, -33.2681568], [-70.7920566, -33.2681498], [-70.7920451, -33.268143], [-70.7920334, -33.2681364], [-70.7920216, -33.2681299], [-70.7920097, -33.2681236], [-70.7919976, -33.2681174], [-70.7919855, -33.2681115], [-70.7919732, -33.2681057], [-70.7919608, -33.2681001], [-70.7919482, -33.2680947], [-70.7919356, -33.2680894], [-70.7919229, -33.2680844], [-70.7912653, -33.2678286], [-70.7902629, -33.2674387], [-70.7903339, -33.267357], [-70.7913368, -33.2677471], [-70.7919725, -33.2679943], [-70.791987, -33.2680001], [-70.7920015, -33.2680061], [-70.7920158, -33.2680123], [-70.79203, -33.2680187], [-70.792044, -33.2680254], [-70.7920579, -33.2680322], [-70.7920717, -33.2680392], [-70.7920854, -33.2680464], [-70.7920989, -33.2680538], [-70.7921122, -33.2680614], [-70.7921254, -33.2680692], [-70.7921384, -33.2680771], [-70.7921512, -33.2680853], [-70.7921639, -33.2680936], [-70.7921764, -33.2681022], [-70.7921888, -33.2681109], [-70.7922009, -33.2681197], [-70.7922129, -33.2681288], [-70.7922247, -33.268138], [-70.7922363, -33.2681474], [-70.7922477, -33.2681569], [-70.792259, -33.2681666], [-70.79227, -33.2681765], [-70.7922808, -33.2681865], [-70.7922914, -33.2681967], [-70.7923018, -33.2682071], [-70.792312, -33.2682175], [-70.792322, -33.2682282], [-70.7923317, -33.2682389], [-70.7923413, -33.2682498], [-70.7923506, -33.2682609], [-70.7923597, -33.2682721], [-70.7923686, -33.2682834], [-70.7923772, -33.2682948], [-70.7923856, -33.2683063], [-70.7923938, -33.268318], [-70.7924017, -33.2683298], [-70.7924094, -33.2683417], [-70.7925192, -33.2685152], [-70.7925264, -33.2685263], [-70.7925338, -33.2685373], [-70.7925414, -33.2685482], [-70.7925492, -33.2685589], [-70.7925573, -33.2685696], [-70.7925655, -33.2685801], [-70.792574, -33.2685906], [-70.7925827, -33.2686009], [-70.7925916, -33.268611], [-70.7926007, -33.2686211], [-70.79261, -33.268631], [-70.7926195, -33.2686408], [-70.7926292, -33.2686504], [-70.7926391, -33.2686599], [-70.7926492, -33.2686693], [-70.7926595, -33.2686785], [-70.79267, -33.2686875], [-70.7926806, -33.2686964], [-70.7926914, -33.2687052], [-70.7927024, -33.2687138], [-70.7927136, -33.2687222], [-70.792725, -33.2687305], [-70.7927365, -33.2687386], [-70.7927481, -33.2687466], [-70.79276, -33.2687543], [-70.792772, -33.268762], [-70.7927841, -33.2687694], [-70.7927964, -33.2687766], [-70.7928088, -33.2687837], [-70.7928214, -33.2687906], [-70.7928341, -33.2687974], [-70.792847, -33.2688039], [-70.79286, -33.2688102], [-70.7928731, -33.2688164], [-70.7928863, -33.2688224], [-70.7928997, -33.2688282], [-70.7929132, -33.2688338], [-70.7929267, -33.2688392], [-70.7937847, -33.2691729], [-70.7937879, -33.2691741], [-70.793791, -33.2691752], [-70.7937942, -33.2691763], [-70.7937975, -33.2691774], [-70.7938007, -33.2691784], [-70.793804, -33.2691794], [-70.7938072, -33.2691803], [-70.7938105, -33.2691811], [-70.7938138, -33.269182], [-70.7938172, -33.2691827], [-70.7938205, -33.2691835], [-70.7938239, -33.2691841], [-70.7938273, -33.2691848], [-70.7938307, -33.2691853], [-70.7938341, -33.2691858], [-70.7938375, -33.2691863], [-70.7938409, -33.2691867], [-70.7938443, -33.2691871], [-70.7938477, -33.2691874], [-70.7938512, -33.2691877], [-70.7938546, -33.2691879], [-70.7938581, -33.2691881], [-70.7938615, -33.2691882], [-70.793865, -33.2691883], [-70.7938684, -33.2691883], [-70.7938719, -33.2691883], [-70.7938754, -33.2691882], [-70.7938788, -33.2691881], [-70.7938823, -33.2691879], [-70.7938857, -33.2691877], [-70.7938891, -33.2691874], [-70.7938926, -33.2691871], [-70.793896, -33.2691867], [-70.7938994, -33.2691862], [-70.7939028, -33.2691858], [-70.7939062, -33.2691852], [-70.7939096, -33.2691846], [-70.793913, -33.269184], [-70.7939163, -33.2691833], [-70.7939197, -33.2691826], [-70.793923, -33.2691818], [-70.7939263, -33.269181], [-70.7939296, -33.2691801], [-70.7939329, -33.2691792], [-70.7939362, -33.2691782], [-70.7939394, -33.2691772], [-70.7939426, -33.2691762], [-70.7939458, -33.269175], [-70.793949, -33.2691739], [-70.7939521, -33.2691727], [-70.7939552, -33.2691714], [-70.7939583, -33.2691701], [-70.7939614, -33.2691688], [-70.7939644, -33.2691674], [-70.7939674, -33.269166], [-70.7939704, -33.2691645], [-70.7939734, -33.269163], [-70.7939763, -33.2691614], [-70.7939792, -33.2691598], [-70.793982, -33.2691582], [-70.7939848, -33.2691565], [-70.7939876, -33.2691548], [-70.7939903, -33.269153], [-70.793993, -33.2691512], [-70.7939957, -33.2691494], [-70.7939983, -33.2691475], [-70.7940009, -33.2691455], [-70.7940035, -33.2691436], [-70.794006, -33.2691416], [-70.7940085, -33.2691396], [-70.7940109, -33.2691375], [-70.7940133, -33.2691354], [-70.7940156, -33.2691332], [-70.7940179, -33.2691311], [-70.7940201, -33.2691289], [-70.7940223, -33.2691266], [-70.7940245, -33.2691244], [-70.7940379, -33.2691102], [-70.7943523, -33.2687845]]]]}}, {"type": "Feature", "properties": {"fid": 347, "Area": 13170.402}, "geometry": {"type": "MultiPolygon", "coordinates": [[[[-70.7937404, -33.2694198], [-70.7941844, -33.2695512], [-70.792342, -33.2718717], [-70.7918916, -33.2717485], [-70.7937404, -33.2694198]]]]}}, {"type": "Feature", "properties": {"fid": 348, "Area": 16186.223}, "geometry": {"type": "MultiPolygon", "coordinates": [[[[-70.7913662, -33.2723369], [-70.7917886, -33.2718745], [-70.7918, -33.2718617], [-70.7918113, -33.2718488], [-70.7918222, -33.2718357], [-70.7918329, -33.2718224], [-70.7918916, -33.2717485], [-70.792342, -33.2718717], [-70.792202, -33.2720481], [-70.7921638, -33.2720929], [-70.7918556, -33.2724303], [-70.7909927, -33.2733749], [-70.7898242, -33.2746539], [-70.7894532, -33.2744309], [-70.7894589, -33.2744245], [-70.7913662, -33.2723369]]]]}}, {"type": "Feature", "properties": {"fid": 349, "Area": 8526.652}, "geometry": {"type": "MultiPolygon", "coordinates": [[[[-70.7894095, -33.2744825], [-70.7894201, -33.2744694], [-70.7894309, -33.2744564], [-70.7894419, -33.2744436], [-70.7894532, -33.2744309], [-70.789824, -33.2746537], [-70.7898214, -33.2746569], [-70.7898132, -33.2746661], [-70.7898051, -33.2746754], [-70.7897973, -33.2746847], [-70.7897896, -33.2746943], [-70.7890895, -33.275574], [-70.7886281, -33.2761522], [-70.7882498, -33.2759398], [-70.7884653, -33.275669], [-70.7894095, -33.2744825]]]]}}, {"type": "Feature", "properties": {"fid": 350, "Area": 9858.399}, "geometry": {"type": "MultiPolygon", "coordinates": [[[[-70.7867693, -33.2777157], [-70.7873653, -33.2777144], [-70.787787, -33.277223], [-70.7879493, -33.2770114], [-70.788165, -33.2767325], [-70.7883896, -33.2764536], [-70.788629, -33.2761527], [-70.7882498, -33.2759398], [-70.7880345, -33.2762104], [-70.7877236, -33.2765967], [-70.787196, -33.2772154], [-70.7867693, -33.2777157]]]]}}, {"type": "Feature", "properties": {"fid": 351, "Area": 2652.657}, "geometry": {"type": "MultiPolygon", "coordinates": [[[[-70.7880345, -33.2762104], [-70.78803540121378, -33.276209267308644], [-70.7880347, -33.2762101], [-70.7880332, -33.2762121], [-70.7880345, -33.2762104]]], [[[-70.78803666298306, -33.27620768145277], [-70.78803540121378, -33.276209267308644], [-70.7880363, -33.2762082], [-70.78803666298306, -33.27620768145277]]], [[[-70.7884588, -33.2756766], [-70.7884571, -33.2756784], [-70.7884554, -33.2756802], [-70.7884536, -33.275682], [-70.7884517, -33.2756838], [-70.7884499, -33.2756855], [-70.788448, -33.2756872], [-70.788446, -33.2756889], [-70.7884441, -33.2756905], [-70.7884421, -33.2756921], [-70.78844, -33.2756937], [-70.788438, -33.2756953], [-70.7884359, -33.2756968], [-70.7884337, -33.2756983], [-70.7884316, -33.2756998], [-70.7884294, -33.2757012], [-70.7884272, -33.2757026], [-70.7884249, -33.275704], [-70.7884226, -33.2757053], [-70.7884203, -33.2757066], [-70.788418, -33.2757079], [-70.7884156, -33.2757092], [-70.788402, -33.2757161], [-70.7883883, -33.2757228], [-70.7883744, -33.2757293], [-70.7883603, -33.2757356], [-70.7883462, -33.2757417], [-70.7883319, -33.2757475], [-70.7883175, -33.2757532], [-70.788303, -33.2757587], [-70.7882883, -33.2757639], [-70.7882736, -33.275769], [-70.7882588, -33.2757738], [-70.7882438, -33.2757784], [-70.7882288, -33.2757828], [-70.7882137, -33.2757869], [-70.7865468, -33.2762321], [-70.786589, -33.2763438], [-70.7878517, -33.2760066], [-70.7878543, -33.2760059], [-70.787857, -33.2760053], [-70.7878597, -33.2760047], [-70.7878624, -33.2760041], [-70.7878651, -33.2760035], [-70.7878679, -33.2760031], [-70.7878706, -33.2760026], [-70.7878734, -33.2760022], [-70.7878761, -33.2760018], [-70.7878789, -33.2760015], [-70.7878816, -33.2760012], [-70.7878844, -33.2760009], [-70.7878872, -33.2760007], [-70.78789, -33.2760005], [-70.7878928, -33.2760004], [-70.7878956, -33.2760003], [-70.7878984, -33.2760003], [-70.7879012, -33.2760003], [-70.787904, -33.2760003], [-70.7879067, -33.2760004], [-70.7879095, -33.2760005], [-70.7879123, -33.2760006], [-70.7879151, -33.2760008], [-70.7879179, -33.276001], [-70.7879207, -33.2760013], [-70.7879234, -33.2760016], [-70.7879262, -33.276002], [-70.7879289, -33.2760024], [-70.7879317, -33.2760028], [-70.7879344, -33.2760033], [-70.7879371, -33.2760038], [-70.7879399, -33.2760044], [-70.7879426, -33.276005], [-70.7879452, -33.2760056], [-70.7879479, -33.2760063], [-70.7879506, -33.276007], [-70.7879532, -33.2760077], [-70.7879559, -33.2760085], [-70.7879585, -33.2760093], [-70.7879611, -33.2760102], [-70.7879637, -33.2760111], [-70.7879662, -33.276012], [-70.7879688, -33.276013], [-70.7879713, -33.276014], [-70.7879738, -33.2760151], [-70.7879762, -33.2760162], [-70.7879787, -33.2760173], [-70.7879811, -33.2760185], [-70.7879835, -33.2760196], [-70.7879859, -33.2760209], [-70.7879883, -33.2760221], [-70.7879906, -33.2760234], [-70.7879929, -33.2760248], [-70.7879952, -33.2760261], [-70.7879974, -33.2760275], [-70.7879996, -33.276029], [-70.7880018, -33.2760304], [-70.788004, -33.2760319], [-70.7880061, -33.2760334], [-70.7880082, -33.276035], [-70.7880102, -33.2760366], [-70.7880123, -33.2760382], [-70.7880143, -33.2760398], [-70.7880162, -33.2760415], [-70.7880181, -33.2760432], [-70.78802, -33.2760449], [-70.7880219, -33.2760467], [-70.7880237, -33.2760485], [-70.7880255, -33.2760503], [-70.7880272, -33.2760521], [-70.7880289, -33.276054], [-70.7880306, -33.2760559], [-70.7880322, -33.2760578], [-70.7880338, -33.2760597], [-70.7880353, -33.2760617], [-70.7880369, -33.2760636], [-70.7880383, -33.2760656], [-70.7880397, -33.2760676], [-70.7880411, -33.2760697], [-70.7880425, -33.2760717], [-70.7880438, -33.2760738], [-70.788045, -33.2760759], [-70.7880462, -33.276078], [-70.7880474, -33.2760802], [-70.7880485, -33.2760823], [-70.7880496, -33.2760845], [-70.7880506, -33.2760867], [-70.7880516, -33.2760889], [-70.7880525, -33.2760911], [-70.7880534, -33.2760933], [-70.7880543, -33.2760955], [-70.7880551, -33.2760978], [-70.7880558, -33.2761], [-70.7880565, -33.2761023], [-70.7880572, -33.2761046], [-70.7880578, -33.2761069], [-70.7880584, -33.2761092], [-70.7880589, -33.2761115], [-70.7880594, -33.2761138], [-70.7880598, -33.2761161], [-70.7880602, -33.2761184], [-70.7880605, -33.2761208], [-70.7880608, -33.2761231], [-70.788061, -33.2761254], [-70.7880612, -33.2761278], [-70.7880613, -33.2761301], [-70.7880614, -33.2761325], [-70.7880615, -33.2761348], [-70.7880615, -33.2761371], [-70.7880614, -33.2761395], [-70.7880613, -33.2761418], [-70.7880611, -33.2761442], [-70.7880609, -33.2761465], [-70.7880607, -33.2761489], [-70.7880604, -33.2761512], [-70.78806, -33.2761535], [-70.7880596, -33.2761558], [-70.7880592, -33.2761582], [-70.7880587, -33.2761605], [-70.7880582, -33.2761628], [-70.7880576, -33.2761651], [-70.7880569, -33.2761673], [-70.7880563, -33.2761696], [-70.7880555, -33.2761719], [-70.7880548, -33.2761741], [-70.7880539, -33.2761764], [-70.7880531, -33.2761786], [-70.7880522, -33.2761808], [-70.7880512, -33.276183], [-70.7880502, -33.2761852], [-70.7880491, -33.2761874], [-70.7880481, -33.2761896], [-70.7880469, -33.2761917], [-70.7880457, -33.2761938], [-70.7880445, -33.2761959], [-70.7880432, -33.276198], [-70.7880419, -33.2762001], [-70.7880406, -33.2762021], [-70.7880392, -33.2762042], [-70.7880377, -33.2762062], [-70.78803666298306, -33.27620768145277], [-70.7882498, -33.2759398], [-70.7884635817876, -33.275671159127235], [-70.7884622, -33.2756728], [-70.7884605, -33.2756747], [-70.7884588, -33.2756766]]], [[[-70.7884635817876, -33.275671159127235], [-70.7884638, -33.2756709], [-70.7884653, -33.275669], [-70.7884635817876, -33.275671159127235]]]]}}, {"type": "Feature", "properties": {"fid": 352, "Area": 3399.764}, "geometry": {"type": "MultiPolygon", "coordinates": [[[[-70.7854305, -33.2765302], [-70.7865468, -33.2762321], [-70.786589, -33.2763438], [-70.7854728, -33.2766419], [-70.7854601, -33.2766454], [-70.7854475, -33.2766491], [-70.7854349, -33.2766529], [-70.7854224, -33.276657], [-70.7854101, -33.2766612], [-70.7853978, -33.2766656], [-70.7853856, -33.2766702], [-70.7853735, -33.2766749], [-70.7853615, -33.2766799], [-70.7853496, -33.276685], [-70.7853378, -33.2766902], [-70.7853261, -33.2766957], [-70.7853145, -33.2767013], [-70.7853031, -33.2767071], [-70.7852918, -33.276713], [-70.7852805, -33.2767191], [-70.7852695, -33.2767254], [-70.7852585, -33.2767318], [-70.7852477, -33.2767384], [-70.785237, -33.2767452], [-70.7852265, -33.2767521], [-70.7852161, -33.2767591], [-70.7852059, -33.2767663], [-70.7851958, -33.2767737], [-70.7851858, -33.2767812], [-70.785176, -33.2767888], [-70.7851664, -33.2767966], [-70.7851569, -33.2768045], [-70.7851476, -33.2768126], [-70.7851385, -33.2768207], [-70.7851295, -33.2768291], [-70.7851207, -33.2768375], [-70.7851121, -33.2768461], [-70.7851037, -33.2768548], [-70.7850954, -33.2768636], [-70.7850873, -33.2768725], [-70.7850794, -33.2768816], [-70.7850717, -33.2768908], [-70.7850642, -33.2769], [-70.7850569, -33.2769094], [-70.7850498, -33.2769189], [-70.7850428, -33.2769285], [-70.7850361, -33.2769382], [-70.7850296, -33.276948], [-70.7850232, -33.2769579], [-70.7850171, -33.2769678], [-70.7850112, -33.2769779], [-70.7850055, -33.276988], [-70.785, -33.2769983], [-70.7849947, -33.2770086], [-70.7849896, -33.277019], [-70.7849847, -33.2770294], [-70.7849801, -33.2770399], [-70.7849756, -33.2770505], [-70.7849714, -33.2770612], [-70.7849674, -33.2770719], [-70.7849637, -33.2770826], [-70.7849601, -33.2770935], [-70.7847613, -33.2777201], [-70.7846168, -33.2777205], [-70.7848253, -33.2770633], [-70.7848294, -33.2770505], [-70.7848339, -33.2770378], [-70.7848386, -33.2770251], [-70.7848436, -33.2770126], [-70.7848488, -33.2770001], [-70.7848543, -33.2769877], [-70.7848601, -33.2769753], [-70.7848661, -33.2769631], [-70.7848723, -33.2769509], [-70.7848788, -33.2769388], [-70.7848855, -33.2769269], [-70.7848925, -33.276915], [-70.7848998, -33.2769032], [-70.7849072, -33.2768915], [-70.784915, -33.27688], [-70.7849229, -33.2768685], [-70.7849311, -33.2768572], [-70.7849395, -33.276846], [-70.7849482, -33.2768349], [-70.784957, -33.276824], [-70.7849661, -33.2768132], [-70.7849755, -33.2768025], [-70.784985, -33.2767919], [-70.7849947, -33.2767815], [-70.7850047, -33.2767712], [-70.7850149, -33.2767611], [-70.7850253, -33.2767511], [-70.7850358, -33.2767413], [-70.7850466, -33.2767317], [-70.7850576, -33.2767222], [-70.7850688, -33.2767128], [-70.7850802, -33.2767036], [-70.7850917, -33.2766946], [-70.7851035, -33.2766858], [-70.7851154, -33.2766771], [-70.7851275, -33.2766686], [-70.7851397, -33.2766603], [-70.7851522, -33.2766521], [-70.7851648, -33.2766441], [-70.7851776, -33.2766364], [-70.7851905, -33.2766288], [-70.7852036, -33.2766214], [-70.7852168, -33.2766142], [-70.7852302, -33.2766071], [-70.7852437, -33.2766003], [-70.7852573, -33.2765937], [-70.7852711, -33.2765873], [-70.785285, -33.276581], [-70.7852991, -33.276575], [-70.7853133, -33.2765692], [-70.7853276, -33.2765636], [-70.785342, -33.2765582], [-70.7853565, -33.276553], [-70.7853711, -33.276548], [-70.7853858, -33.2765432], [-70.7854006, -33.2765387], [-70.7854155, -33.2765343], [-70.7854305, -33.2765302]]]]}}]}