{
"type": "FeatureCollection",
"name": "lotes",
"crs": { "type": "name", "properties": { "name": "urn:ogc:def:crs:EPSG::32719" } },
"features": [
{ "type": "Feature", "properties": { "fid": "52", "Area": 64223.194 }, "geometry": { "type": "MultiPolygon", "coordinates": [ [ [ [ 331703.697344737418462, 6319261.803177580237389 ], [ 331664.381815171218477, 6319328.474938714876771 ], [ 331660.203327187220566, 6319335.466634673066437 ], [ 331623.50762108375784, 6319390.034092866815627 ], [ 331617.20653006224893, 6319398.374189523048699 ], [ 331610.780362386780325, 6319406.618298286572099 ], [ 331604.230580067902338, 6319414.764543549157679 ], [ 331597.558673239604104, 6319422.811071966774762 ], [ 331590.766159820312168, 6319430.756052882410586 ], [ 331583.854585167602636, 6319438.597678741440177 ], [ 331583.726742598693818, 6319438.73808008339256 ], [ 331583.596495523292106, 6319438.876253737136722 ], [ 331583.463882753101643, 6319439.012158528901637 ], [ 331583.328943804779556, 6319439.145753961056471 ], [ 331583.19171888823621, 6319439.277000224217772 ], [ 331583.05224889452802, 6319439.405858208425343 ], [ 331582.910575383750256, 6319439.532289516180754 ], [ 331582.766740572464187, 6319439.656256472691894 ], [ 331582.620787321415264, 6319439.777722137980163 ], [ 331582.472759122611023, 6319439.8966503161937 ], [ 331582.322700086282566, 6319440.013005569577217 ], [ 331582.170654927904252, 6319440.126753224059939 ], [ 331582.016668954747729, 6319440.237859386950731 ], [ 331581.860788052319549, 6319440.34629094786942 ], [ 331581.703058671031613, 6319440.45201559830457 ], [ 331581.543527811882086, 6319440.555001830682158 ], [ 331581.382243012776598, 6319440.655218959785998 ], [ 331581.219252334267367, 6319440.752637119963765 ], [ 331581.054604345234111, 6319440.847227282822132 ], [ 331580.888348108448554, 6319440.938961262814701 ], [ 331580.720533165789675, 6319441.027811722829938 ], [ 331580.551209523808211, 6319441.113752188161016 ], [ 331580.380427638418041, 6319441.196757048368454 ], [ 331580.208238400227856, 6319441.276801570318639 ], [ 331580.034693119116127, 6319441.353861901909113 ], [ 331579.859843509097118, 6319441.427915079519153 ], [ 331579.683741672837641, 6319441.498939037322998 ], [ 331579.506440086173825, 6319441.566912610083818 ], [ 331579.327991582336836, 6319441.631815543398261 ], [ 331579.148449336527847, 6319441.693628496490419 ], [ 331578.967866849678103, 6319441.752333051525056 ], [ 331578.786297932849266, 6319441.807911713607609 ], [ 331578.603796690877061, 6319441.860347921960056 ], [ 331578.420417506538797, 6319441.909626050852239 ], [ 331578.236215024197008, 6319441.955731417052448 ], [ 331578.051244133559521, 6319441.998650280758739 ], [ 331577.865559953206684, 6319442.038369853049517 ], [ 331577.679217814467847, 6319442.074878298677504 ], [ 331577.492273244599346, 6319442.108164737932384 ], [ 331577.304781950369943, 6319442.138219252228737 ], [ 331577.116799801413435, 6319442.165032885968685 ], [ 331576.928382813814096, 6319442.188597649335861 ], [ 331576.739587133110035, 6319442.20890651922673 ], [ 331576.55046901764581, 6319442.225953443907201 ], [ 331576.361084821925033, 6319442.239733344875276 ], [ 331576.171490979730152, 6319442.250242115929723 ], [ 331575.981743987242226, 6319442.2574766241014 ], [ 331575.791900386451744, 6319442.261434715241194 ], [ 331575.602016747870948, 6319442.262115208432078 ], [ 331575.412149654235691, 6319442.259517902508378 ], [ 331575.222355683101341, 6319442.253643569536507 ], [ 331575.032691390370019, 6319442.244493962265551 ], [ 331574.843213293293957, 6319442.232071804814041 ], [ 331574.653977853595279, 6319442.216380800120533 ], [ 331574.465041460702196, 6319442.197425623424351 ], [ 331574.276460415043402, 6319442.175211924128234 ], [ 331574.088290910935029, 6319442.149746320210397 ], [ 331573.900589020224288, 6319442.121036400087178 ], [ 331573.713410675351042, 6319442.089090719819069 ], [ 331573.526811652816832, 6319442.053918799385428 ], [ 331573.340847556421068, 6319442.015531117096543 ], [ 331573.155573800788261, 6319441.973939114250243 ], [ 331572.971045594837051, 6319441.929155183024704 ], [ 331572.787317925365642, 6319441.881192669272423 ], [ 331572.604445540462621, 6319441.830065865069628 ], [ 331572.422482933558058, 6319441.775790004990995 ], [ 331572.241484326834325, 6319441.718381263315678 ], [ 331572.0615036553354, 6319441.657856746576726 ], [ 331571.882594550668728, 6319441.594234489835799 ], [ 331571.70481032517273, 6319441.527533452026546 ], [ 331571.528203956026118, 6319441.457773509435356 ], [ 331571.352828069357201, 6319441.384975449182093 ], [ 331571.178734924644232, 6319441.309160963632166 ], [ 331571.00597639917396, 6319441.230352643877268 ], [ 331570.83460397250019, 6319441.148573976010084 ], [ 331570.664668711076956, 6319441.063849326223135 ], [ 331570.496221253240947, 6319440.976203943602741 ], [ 331570.329311793902889, 6319440.885663943365216 ], [ 331570.163990069646388, 6319440.792256305925548 ], [ 331570.00030534400139, 6319440.696008864790201 ], [ 331569.838306392601226, 6319440.596950300969183 ], [ 331569.678041488921735, 6319440.495110132731497 ], [ 331569.519558389438316, 6319440.390518706291914 ], [ 331569.36290431994712, 6319440.283207189291716 ], [ 331569.208125961071346, 6319440.173207557760179 ], [ 331569.055269434582442, 6319440.06055259052664 ], [ 331568.904380289488472, 6319439.945275858044624 ], [ 331341.69610763626406, 6319263.235621050000191 ], [ 331341.546311343263369, 6319263.117015868425369 ], [ 331341.398597695748322, 6319262.995826774276793 ], [ 331341.253011259366758, 6319262.872090328484774 ], [ 331341.109595958085265, 6319262.745843864046037 ], [ 331340.968395060743205, 6319262.61712547019124 ], [ 331340.829451168188825, 6319262.485973981209099 ], [ 331340.692806200298946, 6319262.352428965270519 ], [ 331340.558501383289695, 6319262.216530715115368 ], [ 331340.426577237376478, 6319262.078320230357349 ], [ 331340.297073564550374, 6319261.937839210033417 ], [ 331340.170029436587356, 6319261.795130036771297 ], [ 331340.045483182999305, 6319261.650235768407583 ], [ 331339.923472379916348, 6319261.503200118429959 ], [ 331339.804033838387113, 6319261.354067448526621 ], [ 331339.687203593493905, 6319261.202882752753794 ], [ 331339.573016893235035, 6319261.049691643565893 ], [ 331339.461508188163862, 6319260.894540339708328 ], [ 331339.352711120911408, 6319260.737475651316345 ], [ 331339.246658515825402, 6319260.578544964082539 ], [ 331339.143382369366009, 6319260.417796228080988 ], [ 331339.042913840326946, 6319260.255277942866087 ], [ 331338.94528324046405, 6319260.091039139777422 ], [ 331338.85052002518205, 6319259.925129370763898 ], [ 331338.758652784861624, 6319259.757598691619933 ], [ 331338.669709236244671, 6319259.588497646152973 ], [ 331338.583716213877779, 6319259.417877253144979 ], [ 331338.500699662137777, 6319259.245788989588618 ], [ 331338.420684627373703, 6319259.072284774854779 ], [ 331338.343695250456221, 6319258.897416955791414 ], [ 331338.269754759327043, 6319258.721238289959729 ], [ 331338.19888546213042, 6319258.543801931664348 ], [ 331338.131108740286436, 6319258.365161415189505 ], [ 331338.066445042320993, 6319258.18537063524127 ], [ 331338.004913877521176, 6319258.00448383577168 ], [ 331337.946533809998073, 6319257.822555591352284 ], [ 331337.891322453215253, 6319257.63964079041034 ], [ 331337.83929646469187, 6319257.455794618465006 ], [ 331337.790471540822182, 6319257.271072543226182 ], [ 331337.744862412218936, 6319257.085530295036733 ], [ 331337.702482839347795, 6319256.899223852902651 ], [ 331337.663345608278178, 6319256.712209426797926 ], [ 331337.627462526783347, 6319256.52454343996942 ], [ 331337.594844421022572, 6319256.336282510310411 ], [ 331337.565501131932251, 6319256.14748343732208 ], [ 331337.539441512431949, 6319255.958203183487058 ], [ 331337.516673424921464, 6319255.768498853780329 ], [ 331337.49720373848686, 6319255.578427684493363 ], [ 331337.481038327328861, 6319255.3880470180884 ], [ 331337.468182068492752, 6319255.197414295747876 ], [ 331337.458638840762433, 6319255.006587030366063 ], [ 331337.452411523438059, 6319254.815622795373201 ], [ 331337.449501995288301, 6319254.624579206109047 ], [ 331337.449911134084687, 6319254.433513900265098 ], [ 331337.453638816485181, 6319254.242484523914754 ], [ 331337.460683917743154, 6319254.051548710092902 ], [ 331337.471044312347658, 6319253.860764065757394 ], [ 331337.484716874547303, 6319253.670188150368631 ], [ 331337.501697479281574, 6319253.479878461919725 ], [ 331337.521981003461406, 6319253.289892418310046 ], [ 331337.545561327482574, 6319253.100287336856127 ], [ 331337.572431337030139, 6319252.911120424047112 ], [ 331337.602582925348543, 6319252.722448751330376 ], [ 331337.636006995569915, 6319252.534329241141677 ], [ 331337.672693463624455, 6319252.346818651072681 ], [ 331337.712631261034403, 6319252.15997355338186 ], [ 331337.755808338348288, 6319251.973850319162011 ], [ 331337.802211669040844, 6319251.78850510250777 ], [ 331337.85182725294726, 6319251.603993822820485 ], [ 331337.904640120919794, 6319251.420372148044407 ], [ 331337.96063433913514, 6319251.237695477902889 ], [ 331338.019793013983872, 6319251.056018926203251 ], [ 331338.082098296959884, 6319250.875397304072976 ], [ 331338.147531390481163, 6319250.695885107852519 ], [ 331338.21607255312847, 6319250.517536495812237 ], [ 331338.287701105698943, 6319250.340405276976526 ], [ 331338.362395437725354, 6319250.164544891566038 ], [ 331338.440133013646118, 6319249.99000839702785 ], [ 331338.520890379732009, 6319249.816848453134298 ], [ 331338.604643171245698, 6319249.645117302425206 ], [ 331338.691366119601298, 6319249.474866755306721 ], [ 331338.781033060280606, 6319249.306148178875446 ], [ 331338.873616940400098, 6319249.139012474566698 ], [ 331338.96908982709283, 6319248.973510068841279 ], [ 331339.067422915890347, 6319248.809690894559026 ], [ 331339.168586539337412, 6319248.647604375146329 ], [ 331339.272550176014192, 6319248.48729941342026 ], [ 331339.379282459733076, 6319248.328824374824762 ], [ 331339.488751188968308, 6319248.17222707066685 ], [ 331339.600923336693086, 6319248.017554746940732 ], [ 331339.715765060158446, 6319247.864854069426656 ], [ 331339.833241711196024, 6319247.714171107858419 ], [ 331339.953317846637219, 6319247.565551324747503 ], [ 331340.07595723925624, 6319247.419039557687938 ], [ 331340.201122888189275, 6319247.274680010974407 ], [ 331340.328777030284982, 6319247.132516237907112 ], [ 331364.106823416950647, 6319221.109984996728599 ], [ 331395.813693146919832, 6319186.452874399721622 ], [ 331397.336522678146139, 6319184.763274270109832 ], [ 331398.830465660023037, 6319183.04807960242033 ], [ 331400.295091989799403, 6319181.307784198783338 ], [ 331466.840581013238989, 6319102.329093853011727 ], [ 331703.697344737418462, 6319261.803177580237389 ] ] ] ] } },
{ "type": "Feature", "properties": { "fid": "53", "Area": 46960.711 }, "geometry": { "type": "MultiPolygon", "coordinates": [ [ [ [ 331616.307505858014338, 6319626.068145819939673 ], [ 331510.726134937314782, 6319537.536310190334916 ], [ 331572.892193994484842, 6319478.636316992342472 ], [ 331575.367359609983396, 6319476.275044161826372 ], [ 331577.802608974801842, 6319473.872625643387437 ], [ 331580.197258200671058, 6319471.429736106656492 ], [ 331582.550634800980333, 6319468.947061584331095 ], [ 331584.862077879603021, 6319466.425299284048378 ], [ 331587.130938316637184, 6319463.865157389082015 ], [ 331589.356578950537369, 6319461.267354860901833 ], [ 331591.538374757161364, 6319458.632621238008142 ], [ 331593.675713025324512, 6319455.961696429178119 ], [ 331595.767993528628722, 6319453.255330507643521 ], [ 331597.814628694381099, 6319450.514283499680459 ], [ 331599.81504376832163, 6319447.739325168542564 ], [ 331607.95064597891178, 6319438.385892336256802 ], [ 331615.921937085106038, 6319428.892039209604263 ], [ 331623.726493872527499, 6319419.26065185200423 ], [ 331631.361943812749814, 6319409.494658133946359 ], [ 331638.825965784664731, 6319399.597026847302914 ], [ 331646.116290779900737, 6319389.57076680008322 ], [ 331653.230702592874877, 6319379.418925900943577 ], [ 331660.167038494138978, 6319369.144590236246586 ], [ 331666.923189888242632, 6319358.750883129425347 ], [ 331673.497102954250295, 6319348.240964191965759 ], [ 331679.886779270600528, 6319337.618028361350298 ], [ 331718.944002811796963, 6319271.384305813349783 ], [ 331720.445745153410826, 6319272.161399930715561 ], [ 331721.960412141692359, 6319272.912991072051227 ], [ 331723.48757071752334, 6319273.638864347711205 ], [ 331725.026784250047058, 6319274.338812224566936 ], [ 331726.577612661989406, 6319275.012634579092264 ], [ 331728.139612555154599, 6319275.660138757899404 ], [ 331729.712337337317877, 6319276.281139634549618 ], [ 331731.295337349933106, 6319276.875459656119347 ], [ 331732.888159996538889, 6319277.442928901873529 ], [ 331734.490349872387014, 6319277.983385126106441 ], [ 331736.101448894594796, 6319278.49667380657047 ], [ 331737.720996432879474, 6319278.982648188248277 ], [ 331739.348529441631399, 6319279.441169326193631 ], [ 331740.983582591929007, 6319279.872106124646962 ], [ 331742.625688404950779, 6319280.275335373356938 ], [ 331744.274377385328989, 6319280.650741786696017 ], [ 331745.929178155434784, 6319280.998218029737473 ], [ 331747.58961759036174, 6319281.317664756439626 ], [ 331749.255220953025855, 6319281.60899063386023 ], [ 331750.925512029789388, 6319281.872112369164824 ], [ 331752.600013266899623, 6319282.106954731978476 ], [ 331754.278245906811208, 6319282.313450578600168 ], [ 331755.959730125148781, 6319282.491540870629251 ], [ 331828.20679972396465, 6319289.526282656006515 ], [ 331829.915483889169991, 6319289.70749029237777 ], [ 331831.620802300982177, 6319289.918029833585024 ], [ 331833.322251474834047, 6319290.157839117571712 ], [ 331835.019329068425577, 6319290.426847342401743 ], [ 331836.711534030095208, 6319290.7249750867486 ], [ 331838.398366746958345, 6319291.052134328521788 ], [ 331840.079329191998113, 6319291.408228475600481 ], [ 331841.753925071679987, 6319291.793152395635843 ], [ 331843.421659971878398, 6319292.206792440265417 ], [ 331845.082041504269, 6319292.649026485159993 ], [ 331846.734579451498576, 6319293.119723964482546 ], [ 331848.378785912122112, 6319293.618745907209814 ], [ 331850.014175444317516, 6319294.145944979041815 ], [ 331851.640265209542122, 6319294.701165529899299 ], [ 331853.256575114850421, 6319295.284243632107973 ], [ 331854.862627954862546, 6319295.895007137209177 ], [ 331856.457949552452192, 6319296.533275720663369 ], [ 331858.042068898852449, 6319297.198860936798155 ], [ 331859.614518292655703, 6319297.891566276550293 ], [ 331861.174833477998618, 6319298.611187222413719 ], [ 331862.722553781466559, 6319299.357511311769485 ], [ 331864.257222248357721, 6319300.130318196490407 ], [ 331796.306018249073531, 6319389.162643484771252 ], [ 331616.307505858014338, 6319626.068145819939673 ] ] ] ] } },
{ "type": "Feature", "properties": { "fid": "54", "Area": 3593.046 }, "geometry": { "type": "MultiPolygon", "coordinates": [ [ [ [ 331513.124427350994665, 6319656.657310786657035 ], [ 331395.41459002305055, 6319646.789644150994718 ], [ 331454.605475955060683, 6319590.70851512812078 ], [ 331513.124427350994665, 6319656.657310786657035 ] ] ] ] } },
{ "type": "Feature", "properties": { "fid": "55", "Area": 31363.525 }, "geometry": { "type": "MultiPolygon", "coordinates": [ [ [ [ 332895.306381750735454, 6317394.361129781231284 ], [ 332895.172050782945007, 6317394.551699839532375 ], [ 332895.034448670747224, 6317394.739921557717025 ], [ 332894.893616458342876, 6317394.925738791003823 ], [ 332894.74959615332773, 6317395.109096113592386 ], [ 332894.602430714236107, 6317395.289938834495842 ], [ 332894.452164037793409, 6317395.46821301151067 ], [ 332894.298840945702977, 6317395.643865467980504 ], [ 332894.142507171374746, 6317395.816843811422586 ], [ 332893.983209346188232, 6317395.987096444703639 ], [ 332893.820994985813741, 6317396.154572584666312 ], [ 332893.655912475602236, 6317396.319222276099026 ], [ 332893.488011056731921, 6317396.480996408499777 ], [ 332893.317340810899623, 6317396.639846726320684 ], [ 332893.1439526459435, 6317396.79572584759444 ], [ 332892.967898280243389, 6317396.948587276041508 ], [ 332892.789230227586813, 6317397.098385417833924 ], [ 332892.608001781161875, 6317397.245075589045882 ], [ 332892.424266998190433, 6317397.388614036142826 ], [ 332892.238080683164299, 6317397.528957943432033 ], [ 332892.049498372012749, 6317397.666065448895097 ], [ 332891.858576315338723, 6317397.799895656295121 ], [ 332891.665371461596806, 6317397.930408646352589 ], [ 332891.469941440154798, 6317398.057565490715206 ], [ 332891.272344544122461, 6317398.181328259408474 ], [ 332891.072639712889213, 6317398.301660035736859 ], [ 332890.870886514778249, 6317398.418524929322302 ], [ 332890.667145128943957, 6317398.531888079829514 ], [ 332890.461476327618584, 6317398.641715673729777 ], [ 332890.253941457893234, 6317398.747974950820208 ], [ 332890.04460242355708, 6317398.850634217262268 ], [ 332889.833521666529123, 6317398.949662850238383 ], [ 332889.620762148231734, 6317399.045031311921775 ], [ 332889.406387330906, 6317399.136711156927049 ], [ 332889.190461158403195, 6317399.224675036966801 ], [ 332888.973048037558328, 6317399.308896714821458 ], [ 332888.75421281857416, 6317399.389351068995893 ], [ 332888.534020775929093, 6317399.466014102101326 ], [ 332888.31253758870298, 6317399.538862945511937 ], [ 332888.089829321252182, 6317399.607875870540738 ], [ 332887.865962403302547, 6317399.67303229123354 ], [ 332887.641003610042389, 6317399.734312773682177 ], [ 332887.41502004256472, 6317399.791699038818479 ], [ 332887.188079107494559, 6317399.845173968933523 ], [ 332886.960248497023713, 6317399.894721614196897 ], [ 332886.73159616877092, 6317399.940327194519341 ], [ 332886.502190325467382, 6317399.981977107934654 ], [ 332886.272099394525867, 6317400.019658929668367 ], [ 332886.041392007726245, 6317400.05336142051965 ], [ 332885.810136980901007, 6317400.083074527792633 ], [ 332885.578403292922303, 6317400.108789388090372 ], [ 332885.346260065678507, 6317400.130498331971467 ], [ 332885.113776543119457, 6317400.148194883018732 ], [ 332884.881022070767358, 6317400.161873764358461 ], [ 332884.648066074820235, 6317400.171530894003808 ], [ 332884.41497804177925, 6317400.177163392305374 ], [ 332884.181827497377526, 6317400.178769579157233 ], [ 332883.948683986032847, 6317400.176348975859582 ], [ 332883.715617050183937, 6317400.169902303256094 ], [ 332883.482696209161077, 6317400.159431485459208 ], [ 332883.249990939046256, 6317400.144939645193517 ], [ 332883.017570651369169, 6317400.126431104727089 ], [ 332882.785504672734533, 6317400.10391138587147 ], [ 332882.55386222404195, 6317400.077387204393744 ], [ 332882.322712399996817, 6317400.046866472810507 ], [ 332882.09212414821377, 6317400.012358295731246 ], [ 332881.862166248785798, 6317399.973872965201735 ], [ 332881.632907293911558, 6317399.931421960704029 ], [ 332881.404415667173453, 6317399.88501794449985 ], [ 332881.176759523397777, 6317399.834674757905304 ], [ 332880.950006768049207, 6317399.780407418496907 ], [ 332880.724225037323777, 6317399.722232111729681 ], [ 332880.499481677659787, 6317399.660166191868484 ], [ 332880.275843725772575, 6317399.59422817081213 ], [ 332880.053377888631076, 6317399.52443771623075 ], [ 332879.832150523609016, 6317399.450815645977855 ], [ 332879.612227618752513, 6317399.373383920639753 ], [ 332879.393674772931263, 6317399.292165636084974 ], [ 332879.176557176280767, 6317399.207185017876327 ], [ 332878.960939590993803, 6317399.118467414751649 ], [ 332878.746886331704445, 6317399.026039289310575 ], [ 332878.534461246512365, 6317398.92992821149528 ], [ 332878.323727697890718, 6317398.830162848345935 ], [ 332844.955296548607294, 6317382.6787049472332 ], [ 332843.52041707013268, 6317381.999223127961159 ], [ 332842.074152462300844, 6317381.344323635101318 ], [ 332840.616923831868917, 6317380.714197156019509 ], [ 332839.149155477876775, 6317380.109027163125575 ], [ 332837.671274768305011, 6317379.528989863581955 ], [ 332836.183712015452329, 6317378.974254145286977 ], [ 332834.686900350789074, 6317378.444981529377401 ], [ 332833.181275598704815, 6317377.941326124593616 ], [ 332831.667276149790268, 6317377.463434578850865 ], [ 332830.145342832955066, 6317377.011446039192379 ], [ 332828.615918787254486, 6317376.585492110811174 ], [ 332827.079449332901277, 6317376.185696817003191 ], [ 332825.536381841346156, 6317375.812176566570997 ], [ 332823.987165605358314, 6317375.46504011657089 ], [ 332822.432251707767136, 6317375.144388541579247 ], [ 332820.872092890727799, 6317374.850315206684172 ], [ 332819.307143423182424, 6317374.582905735820532 ], [ 332817.737858969310764, 6317374.342237990349531 ], [ 332816.164696455292869, 6317374.128382044844329 ], [ 332814.588113936479203, 6317373.941400167532265 ], [ 332813.008570464036893, 6317373.781346802599728 ], [ 332811.426525951421354, 6317373.648268551565707 ], [ 332809.842441040033009, 6317373.542204162105918 ], [ 332808.256776965630706, 6317373.463184518739581 ], [ 332806.669995423697401, 6317373.411232626996934 ], [ 332805.082558434922248, 6317373.386363616213202 ], [ 332803.494928211090155, 6317373.388584725558758 ], [ 332801.907567020098213, 6317373.417895308695734 ], [ 332800.32093705155421, 6317373.474286831915379 ], [ 332798.735500282142311, 6317373.557742876000702 ], [ 332797.15171834116336, 6317373.668239139951766 ], [ 332795.570052376075182, 6317373.805743451230228 ], [ 332793.9909629180911, 6317373.970215773209929 ], [ 332792.41490974847693, 6317374.161608217284083 ], [ 332790.842351764207706, 6317374.37986505497247 ], [ 332789.27374684473034, 6317374.624922736547887 ], [ 332787.709551718377043, 6317374.896709909662604 ], [ 332786.150221829477232, 6317375.195147438906133 ], [ 332764.776864537037909, 6317379.475107866339386 ], [ 332763.727145152166486, 6317379.677738178521395 ], [ 332762.674712203675881, 6317379.865766685456038 ], [ 332772.313295790809207, 6317368.613982066512108 ], [ 332773.075850445427932, 6317367.841998243704438 ], [ 332775.062655726564117, 6317365.404464241117239 ], [ 332983.388234159501735, 6317122.211621853522956 ], [ 332991.769305156136397, 6317112.557292255572975 ], [ 333071.342303657904267, 6317139.989341554231942 ], [ 332895.306381750735454, 6317394.361129781231284 ] ] ] ] } },
{ "type": "Feature", "properties": { "fid": "56", "Area": 101965.477 }, "geometry": { "type": "MultiPolygon", "coordinates": [ [ [ [ 333168.036354183161166, 6317588.687108195386827 ], [ 333166.638836941332556, 6317588.010662222281098 ], [ 333104.487485688645393, 6317557.927290073595941 ], [ 333103.356290148396511, 6317557.367790713906288 ], [ 333102.234806052176282, 6317556.78907117433846 ], [ 333101.123359940771479, 6317556.191299960017204 ], [ 333100.022275432362221, 6317555.574651122093201 ], [ 333098.931873128109146, 6317554.939304210245609 ], [ 333097.852470518730115, 6317554.285444217734039 ], [ 333096.784381892415695, 6317553.613261526450515 ], [ 333095.727918242861051, 6317552.92295185662806 ], [ 333094.683387179044075, 6317552.214716203510761 ], [ 333093.651092835469171, 6317551.488760783337057 ], [ 333092.631335783866234, 6317550.745296971872449 ], [ 333091.624412945297081, 6317549.984541242010891 ], [ 333090.630617504008114, 6317549.206715102307498 ], [ 333089.650238821923267, 6317548.41204502992332 ], [ 333088.683562354475725, 6317547.600762409158051 ], [ 333087.730869567429181, 6317546.773103459738195 ], [ 333086.792437854921445, 6317545.929309168830514 ], [ 333085.868540458672214, 6317545.069625223986804 ], [ 333084.959446388587821, 6317544.194301938638091 ], [ 333084.065420344180893, 6317543.30359417758882 ], [ 333083.186722637736239, 6317542.397761287167668 ], [ 333082.323609118291643, 6317541.477067018859088 ], [ 333081.476331097423099, 6317540.541779449209571 ], [ 333080.645135275786743, 6317539.592170903459191 ], [ 333079.830263671348803, 6317538.62851787917316 ], [ 333079.031953549187165, 6317537.651100960560143 ], [ 333078.250437351991422, 6317536.660204741172493 ], [ 333077.485942632716615, 6317535.656117739155889 ], [ 333076.738691988168284, 6317534.639132312498987 ], [ 333076.008902994159143, 6317533.609544576145709 ], [ 333075.296788142295554, 6317532.567654312588274 ], [ 333074.60255477798637, 6317531.513764888048172 ], [ 333073.926405040139798, 6317530.448183161206543 ], [ 333073.268535802315455, 6317529.371219397522509 ], [ 333072.629138615215197, 6317528.283187173306942 ], [ 333072.008399651269428, 6317527.184403290040791 ], [ 333071.406499650096521, 6317526.075187678448856 ], [ 333070.82361386611592, 6317524.955863308161497 ], [ 333060.92132530931849, 6317505.537706562317908 ], [ 333060.164396307314746, 6317504.08413920737803 ], [ 333059.382774952566251, 6317502.64369912724942 ], [ 333058.576688833534718, 6317501.216805740259588 ], [ 333057.746372662368231, 6317499.803874523378909 ], [ 333056.892068206274416, 6317498.405316885560751 ], [ 333056.014024217438418, 6317497.021540053188801 ], [ 333055.112496360146906, 6317495.652946946211159 ], [ 333054.187747136922553, 6317494.299936066381633 ], [ 333053.240045811398886, 6317492.962901374325156 ], [ 333052.269668330671266, 6317491.642232183367014 ], [ 333051.276897244213615, 6317490.338313037529588 ], [ 333050.262021622213069, 6317489.051523606292903 ], [ 333049.225336970994249, 6317487.782238570041955 ], [ 333048.167145147221163, 6317486.530827513895929 ], [ 333047.087754269887228, 6317485.2976548159495 ], [ 333045.987478630500846, 6317484.083079546689987 ], [ 333044.866638601932209, 6317482.887455358169973 ], [ 333043.725560544582549, 6317481.711130388081074 ], [ 333042.564576711913105, 6317480.554447151720524 ], [ 333041.384025153354742, 6317479.417742446996272 ], [ 333040.184249615995213, 6317478.301347252912819 ], [ 333038.965599444403779, 6317477.205586637370288 ], [ 333037.728429478942417, 6317476.130779656581581 ], [ 333036.473099952680059, 6317475.07723926845938 ], [ 333035.199976386036724, 6317474.04527223855257 ], [ 333033.909429480787367, 6317473.035179047845304 ], [ 333032.601835011853836, 6317472.047253810800612 ], [ 333031.277573718049098, 6317471.081784186884761 ], [ 333029.937031191133428, 6317470.139051296748221 ], [ 333028.580597763473634, 6317469.219329640269279 ], [ 333027.208668394596316, 6317468.322887018322945 ], [ 333025.821642555936705, 6317467.449984451755881 ], [ 333024.419924114714377, 6317466.600876106880605 ], [ 333023.003921216295566, 6317465.775809224694967 ], [ 333021.574046165274922, 6317464.97502404358238 ], [ 333020.130715305451304, 6317464.198753731325269 ], [ 333018.674348898581229, 6317463.447224318981171 ], [ 333017.205371002259199, 6317462.720654632896185 ], [ 332935.30484755395446, 6317423.07801004499197 ], [ 332935.206424123723991, 6317422.864314259961247 ], [ 332935.111739698855672, 6317422.648935709148645 ], [ 332935.020823036844376, 6317422.431939808651805 ], [ 332934.933701750996988, 6317422.213392464444041 ], [ 332934.850402301817667, 6317421.99336005281657 ], [ 332934.770949989091605, 6317421.7719094036147 ], [ 332934.695368944026995, 6317421.549107774160802 ], [ 332934.623682122270111, 6317421.325022835284472 ], [ 332934.555911296512932, 6317421.099722646176815 ], [ 332934.492077050090302, 6317420.873275633901358 ], [ 332934.432198770809919, 6317420.645750576630235 ], [ 332934.37629464501515, 6317420.417216576635838 ], [ 332934.324381651822478, 6317420.187743045389652 ], [ 332934.276475558290258, 6317419.957399679347873 ], [ 332934.232590914529283, 6317419.726256437599659 ], [ 332934.192741049162578, 6317419.494383523240685 ], [ 332934.156938065425493, 6317419.261851360090077 ], [ 332934.125192837382201, 6317419.028730574995279 ], [ 332934.097515006782487, 6317418.79509196896106 ], [ 332934.073912979918532, 6317418.561006505042315 ], [ 332934.054393925180193, 6317418.326545278541744 ], [ 332934.038963770959526, 6317418.091779500246048 ], [ 332934.027627203671727, 6317417.856780474074185 ], [ 332934.020387666474562, 6317417.621619572862983 ], [ 332934.017247358162422, 6317417.386368220672011 ], [ 332934.01820723246783, 6317417.151097867637873 ], [ 332934.023266997945029, 6317416.915879971347749 ], [ 332934.032425117795356, 6317416.680785970762372 ], [ 332934.045678810507525, 6317416.445887269452214 ], [ 332934.063024050614331, 6317416.211255210451782 ], [ 332934.084455570147838, 6317415.976961057633162 ], [ 332934.109966859745327, 6317415.74307596962899 ], [ 332934.139550171268638, 6317415.509670982137322 ], [ 332934.173196519550402, 6317415.276816986501217 ], [ 332934.210895685479045, 6317415.044584703631699 ], [ 332934.252636219200213, 6317414.81304466817528 ], [ 332934.298405443085358, 6317414.582267203368247 ], [ 332934.348189456213731, 6317414.352322400547564 ], [ 332934.401973138039466, 6317414.12328009866178 ], [ 332934.459740153455641, 6317413.895209863781929 ], [ 332934.521472957392689, 6317413.66818096395582 ], [ 332934.587152800348122, 6317413.442262354306877 ], [ 332934.656759734032676, 6317413.217522649094462 ], [ 332934.730272617307492, 6317412.994030106812716 ], [ 332934.807669122936204, 6317412.771852607838809 ], [ 332934.888925743871368, 6317412.551057631149888 ], [ 332934.974017800879665, 6317412.331712236627936 ], [ 332935.062919449759647, 6317412.113883044570684 ], [ 332935.155603689257987, 6317411.897636213339865 ], [ 332935.252042369276751, 6317411.683037421666086 ], [ 332935.352206199371722, 6317411.47015184815973 ], [ 332935.456064757832792, 6317411.259044150821865 ], [ 332935.563586500589736, 6317411.049778445623815 ], [ 332935.674738771107513, 6317410.842418292537332 ], [ 332935.789487810165156, 6317410.6370266713202 ], [ 332935.907798766100314, 6317410.433665961958468 ], [ 332936.029635705577675, 6317410.232397930696607 ], [ 332936.154961624066345, 6317410.033283706754446 ], [ 332936.283738457597792, 6317409.836383763700724 ], [ 332936.41592709365068, 6317409.641757905483246 ], [ 333113.063284389558248, 6317154.3722606562078 ], [ 333208.71204289252637, 6317187.346278325654566 ], [ 333209.521152123925276, 6317187.633005471900105 ], [ 333210.325219697726425, 6317187.933580823242664 ], [ 333211.124008616548963, 6317188.247915784828365 ], [ 333211.917283438844606, 6317188.575917706824839 ], [ 333212.704810348455794, 6317188.917489912360907 ], [ 333213.486357223358937, 6317189.272531723603606 ], [ 333214.261693704000209, 6317189.640938491560519 ], [ 333215.030591261514928, 6317190.022601629607379 ], [ 333215.792823264782783, 6317190.417408643290401 ], [ 333216.548165047424845, 6317190.825243163853884 ], [ 333217.296393973927479, 6317191.245984982699156 ], [ 333218.037289505125955, 6317191.679510087706149 ], [ 333218.770633263629861, 6317192.125690697692335 ], [ 333219.49620909767691, 6317192.584395302459598 ], [ 333220.213803145161364, 6317193.05548869818449 ], [ 333220.923203896731138, 6317193.538832032121718 ], [ 333221.624202257720754, 6317194.034282839857042 ], [ 333222.316591610375326, 6317194.541695087216794 ], [ 333223.000167874095496, 6317195.060919216834009 ], [ 333223.674729566264432, 6317195.591802187263966 ], [ 333224.340077860921156, 6317196.134187522344291 ], [ 333224.996016648074146, 6317196.687915354967117 ], [ 333371.007226378191262, 6317322.10940960701555 ], [ 333168.036354183161166, 6317588.687108195386827 ] ] ] ] } },
{ "type": "Feature", "properties": { "fid": "57", "Area": 40711.839 }, "geometry": { "type": "MultiPolygon", "coordinates": [ [ [ [ 333034.724641320295632, 6317058.448016139678657 ], [ 333117.720146186475176, 6317078.823498620651662 ], [ 333199.892177743953653, 6316975.464306736364961 ], [ 333311.421982336847577, 6316835.17776087205857 ], [ 333381.337947994936258, 6316734.649461693130434 ], [ 333477.784229516459163, 6316595.973500708118081 ], [ 333505.789738636813127, 6316553.882615525275469 ], [ 333555.091512808052357, 6316487.889231371693313 ], [ 333526.533190434623975, 6316487.889231366105378 ], [ 333034.724641320295632, 6317058.448016139678657 ] ] ] ] } },
{ "type": "Feature", "properties": { "fid": "58", "Area": 42863.386 }, "geometry": { "type": "MultiPolygon", "coordinates": [ [ [ [ 331080.391517134848982, 6319457.800039695575833 ], [ 330992.474368881841656, 6319555.775327652692795 ], [ 330919.794111824128777, 6319516.716679100878537 ], [ 330840.747747209097724, 6319492.9567651450634 ], [ 330688.848155344370753, 6319463.37313689943403 ], [ 330663.744260924286209, 6319458.412497131153941 ], [ 330657.984518118493725, 6319440.196863142773509 ], [ 330681.722091368748806, 6319419.587923735380173 ], [ 330760.501846497703809, 6319365.131603120826185 ], [ 330978.40031768247718, 6319394.274351450614631 ], [ 331079.604447135294322, 6319458.560873268172145 ], [ 331080.391517134848982, 6319457.800039695575833 ] ] ] ] } },
{ "type": "Feature", "properties": { "fid": "59", "Area": 57824.438 }, "geometry": { "type": "MultiPolygon", "coordinates": [ [ [ [ 331119.654981483472511, 6319414.044648373499513 ], [ 331268.642715780180879, 6319244.431662204675376 ], [ 331238.200273866474163, 6319220.755264598876238 ], [ 331050.168744705442805, 6319145.349170250818133 ], [ 331031.019908987742383, 6319153.076287297531962 ], [ 331010.140952555346303, 6319186.189412300474942 ], [ 330981.214235365274362, 6319212.564682950265706 ], [ 330843.322359526879154, 6319307.882118102163076 ], [ 330886.388740795082413, 6319314.280750909820199 ], [ 331119.809741124685388, 6319413.868464441038668 ], [ 331119.654981483472511, 6319414.044648373499513 ] ] ] ] } },
{ "type": "Feature", "properties": { "fid": "63", "Area": 19271.996 }, "geometry": { "type": "MultiPolygon", "coordinates": [ [ [ [ 329836.258948483853601, 6319351.387595253996551 ], [ 329836.295675361761823, 6319351.820221196860075 ], [ 329836.324883447086904, 6319352.253419716842473 ], [ 329836.346563929924741, 6319352.68706015124917 ], [ 329836.360710270993877, 6319353.121011705137789 ], [ 329836.367318203498144, 6319353.555143487639725 ], [ 329836.366385734174401, 6319353.989324556663632 ], [ 329836.357913144456688, 6319354.423423952423036 ], [ 329836.341902989777736, 6319354.857310740277171 ], [ 329836.318360099161509, 6319355.290854050777853 ], [ 329836.287291573651601, 6319355.723923117853701 ], [ 329836.248706784273963, 6319356.156387316994369 ], [ 329836.202617369068321, 6319356.588116209022701 ], [ 329836.149037229595706, 6319357.018979572691023 ], [ 329836.087982526805717, 6319357.448847451247275 ], [ 329836.019471676263493, 6319357.87759018689394 ], [ 329835.94352534232894, 6319358.30507846083492 ], [ 329835.86016643216135, 6319358.731183332391083 ], [ 329835.769420088618062, 6319359.155776279978454 ], [ 329835.671313682920299, 6319359.578729236498475 ], [ 329835.565876806096639, 6319359.999914628453553 ], [ 329835.453141260310076, 6319360.419205418787897 ], [ 329835.333141049137339, 6319360.836475138552487 ], [ 329835.205912367382552, 6319361.251597930677235 ], [ 329835.071493590017781, 6319361.66444858442992 ], [ 329834.929925260832533, 6319362.074902574531734 ], [ 329834.781250079977326, 6319362.482836099341512 ], [ 329834.625512891216204, 6319362.888126116245985 ], [ 329834.462760668480769, 6319363.290650380775332 ], [ 329834.293042501376476, 6319363.690287483856082 ], [ 329834.116409580863547, 6319364.086916884407401 ], [ 329833.932915183249861, 6319364.48041895031929 ], [ 329833.742614654707722, 6319364.870674992911518 ], [ 329833.545565394160803, 6319365.257567301392555 ], [ 329833.341826835996471, 6319365.640979181975126 ], [ 329833.131460432428867, 6319366.020794986747205 ], [ 329832.914529634697828, 6319366.396900157444179 ], [ 329832.691099873976782, 6319366.769181249663234 ], [ 329832.461238541756757, 6319367.137525976635516 ], [ 329832.225014969357289, 6319367.501823237165809 ], [ 329831.98250040714629, 6319367.861963150091469 ], [ 329831.733768002944998, 6319368.217837089672685 ], [ 329831.478892780083697, 6319368.569337716326118 ], [ 329831.217951614642516, 6319368.916359010152519 ], [ 329830.951023212342989, 6319369.25879630073905 ], [ 329830.678188084857538, 6319369.596546301618218 ], [ 329830.399528525304049, 6319369.929507139138877 ], [ 329830.115128583798651, 6319370.257578386925161 ], [ 329829.825074041669723, 6319370.580661089159548 ], [ 329829.529452385962941, 6319370.898657796904445 ], [ 329829.22835278272396, 6319371.211472596973181 ], [ 329828.921866050513927, 6319371.519011135213077 ], [ 329828.610084632528014, 6319371.821180652827024 ], [ 329828.293102569063194, 6319372.117890007793903 ], [ 329827.971015469112899, 6319372.409049706533551 ], [ 329827.643920481321402, 6319372.694571927189827 ], [ 329827.311916264938191, 6319372.974370552226901 ], [ 329826.975102959957439, 6319373.248361186124384 ], [ 329826.63358215673361, 6319373.516461187042296 ], [ 329826.287456865771674, 6319373.778589691966772 ], [ 329825.936831486120354, 6319374.034667635336518 ], [ 329825.581811774347443, 6319374.284617778845131 ], [ 329825.22250481240917, 6319374.528364730998874 ], [ 329824.859018975344952, 6319374.765834974125028 ], [ 329824.491463898681104, 6319374.99695688020438 ], [ 329824.119950445310678, 6319375.221660737879574 ], [ 329823.74459067202406, 6319375.439878772012889 ], [ 329823.365497795748524, 6319375.651545163244009 ], [ 329822.982786159554962, 6319375.856596067547798 ], [ 329822.596571197733283, 6319376.054969637654722 ], [ 329822.206969401508104, 6319376.246606038883328 ], [ 329821.814098283590283, 6319376.431447469629347 ], [ 329821.418076342612039, 6319376.609438177198172 ], [ 329821.019023027853109, 6319376.780524477362633 ], [ 329820.617058702628128, 6319376.944654764607549 ], [ 329820.212304608605336, 6319377.101779533550143 ], [ 329819.804882828553673, 6319377.251851393841207 ], [ 329819.39491625019582, 6319377.394825077615678 ], [ 329818.982528528547846, 6319377.53065746370703 ], [ 329818.567844049190171, 6319377.659307579509914 ], [ 329818.15098789014155, 6319377.780736623331904 ], [ 329817.732085784722585, 6319377.894907968118787 ], [ 329817.311264083138667, 6319378.001787177287042 ], [ 329816.888649714761414, 6319378.101342014037073 ], [ 329816.46437014953699, 6319378.193542449735105 ], [ 329816.038553359801881, 6319378.278360676020384 ], [ 329815.611327781458385, 6319378.355771108530462 ], [ 329815.182822275324725, 6319378.425750399008393 ], [ 329814.753166088368744, 6319378.48827744089067 ], [ 329814.322488814534154, 6319378.54333337303251 ], [ 329813.890920355799608, 6319378.590901589952409 ], [ 329813.458590882888529, 6319378.630967744626105 ], [ 329813.025630796095356, 6319378.663519752211869 ], [ 329812.59217068599537, 6319378.688547792844474 ], [ 329812.158341293921694, 6319378.706044319085777 ], [ 329811.724273472500499, 6319378.716004052199423 ], [ 329811.290098146419041, 6319378.718423989601433 ], [ 329810.855946272669826, 6319378.713303401134908 ], [ 329810.421948801318649, 6319378.700643830001354 ], [ 329809.988236635690555, 6319378.68044909555465 ], [ 329809.554940593196079, 6319378.652725288644433 ], [ 329809.122191365691833, 6319378.617480772547424 ], [ 329808.69011948001571, 6319378.574726176448166 ], [ 329808.258855258813128, 6319378.524474396370351 ], [ 329807.828528781072237, 6319378.466740589588881 ], [ 329807.399269843008369, 6319378.401542169041932 ], [ 329806.971207918657456, 6319378.328898802399635 ], [ 329806.544472121226136, 6319378.248832398094237 ], [ 329806.119191163801588, 6319378.161367107182741 ], [ 329805.695493320759851, 6319378.066529310308397 ], [ 329805.273506388766691, 6319377.964347613044083 ], [ 329804.853357648709789, 6319377.854852836579084 ], [ 329804.435173826874234, 6319377.738078006543219 ], [ 329804.019081056932919, 6319377.614058343693614 ], [ 329803.605204841762315, 6319377.482831256464124 ], [ 329803.193670015782118, 6319377.344436326064169 ], [ 329802.78460070717847, 6319377.198915294371545 ], [ 329802.378120300476439, 6319377.046312054619193 ], [ 329801.974351399287116, 6319376.886672634631395 ], [ 329801.573415789345745, 6319376.720045185647905 ], [ 329801.175434402015526, 6319376.546479967422783 ], [ 329800.780527277151123, 6319376.36602932959795 ], [ 329705.570295429613907, 6319331.856818398460746 ], [ 329703.133335308462847, 6319330.244498629122972 ], [ 329824.726235172303859, 6319145.713534405454993 ], [ 329826.214993754460011, 6319143.411760772578418 ], [ 329827.664346753386781, 6319141.084973317570984 ], [ 329829.073873998015188, 6319138.733846582472324 ], [ 329830.443166862707585, 6319136.359062165953219 ], [ 329831.771828386001289, 6319133.961308523081243 ], [ 329833.059473385510501, 6319131.541280769743025 ], [ 329834.305728569743223, 6319129.099680476821959 ], [ 329835.510232646076474, 6319126.637215470895171 ], [ 329836.672636425762903, 6319124.154599626548588 ], [ 329837.792602924921084, 6319121.65255266148597 ], [ 329838.869807462440804, 6319119.131799925118685 ], [ 329839.90393775398843, 6319116.59307218901813 ], [ 329840.894694002519827, 6319114.037105438299477 ], [ 329841.841788985359017, 6319111.464640653692186 ], [ 329842.744948137144092, 6319108.876423599198461 ], [ 329843.603909629804548, 6319106.273204606026411 ], [ 329844.418424448231235, 6319103.655738352797925 ], [ 329844.960827352828346, 6319104.319370220415294 ], [ 329845.491775101458188, 6319104.99220203794539 ], [ 329846.011111678730231, 6319105.674036097712815 ], [ 329846.518684481037781, 6319106.364672048948705 ], [ 329847.073873893707059, 6319107.029899937100708 ], [ 329847.617452428268734, 6319107.704648634418845 ], [ 329848.149256845121272, 6319108.388715509325266 ], [ 329848.669127440545708, 6319109.081895134411752 ], [ 329849.176908094610553, 6319109.783979341387749 ], [ 329849.672446318087168, 6319110.494757293723524 ], [ 329850.155593298142776, 6319111.214015538804233 ], [ 329850.62620394321857, 6319111.941538079641759 ], [ 329851.084136926278006, 6319112.677106439135969 ], [ 329851.529254727764055, 6319113.420499719679356 ], [ 329851.961423676228151, 6319114.171494678594172 ], [ 329852.38051398913376, 6319114.929865785874426 ], [ 329852.786399811389856, 6319115.695385300554335 ], [ 329853.17895925330231, 6319116.46782333124429 ], [ 329853.558074427128304, 6319117.246947912499309 ], [ 329853.923631482583005, 6319118.032525067217648 ], [ 329854.275520640891045, 6319118.824318883940578 ], [ 329854.613636227848474, 6319119.622091582044959 ], [ 329854.937876705545932, 6319120.425603585317731 ], [ 329855.24814470281126, 6319121.234613596461713 ], [ 329855.544347044546157, 6319122.048878664150834 ], [ 329855.826394779491238, 6319122.868154260329902 ], [ 329856.094203207292594, 6319123.692194351926446 ], [ 329856.347691903647501, 6319124.520751476287842 ], [ 329856.586784744460601, 6319125.353576812893152 ], [ 329856.811409928952344, 6319126.190420259721577 ], [ 329857.02150000090478, 6319127.03103050775826 ], [ 329857.216991869150661, 6319127.875155117362738 ], [ 329857.397826826490927, 6319128.722540593706071 ], [ 329857.563950567157008, 6319129.572932462207973 ], [ 329857.715313203283586, 6319130.42607534583658 ], [ 329857.851869279926177, 6319131.281713041476905 ], [ 329857.9735777885071, 6319132.139588595367968 ], [ 329858.080402179330122, 6319132.999444384127855 ], [ 329858.17231037246529, 6319133.861022187396884 ], [ 329858.249274767353199, 6319134.724063269793987 ], [ 329858.311272251186892, 6319135.588308454491198 ], [ 329858.358284205838572, 6319136.453498204238713 ], [ 329858.390296513331123, 6319137.319372698664665 ], [ 329858.407299560145475, 6319138.185671910643578 ], [ 329858.409288240247406, 6319139.052135684527457 ], [ 329858.396261956368107, 6319139.918503819033504 ], [ 329858.368224620411638, 6319140.784516137093306 ], [ 329858.32518465211615, 6319141.649912571534514 ], [ 329858.267154976667371, 6319142.514433238655329 ], [ 329858.194153020624071, 6319143.377818519249558 ], [ 329858.106200706912205, 6319144.239809132181108 ], [ 329858.00332444801461, 6319145.100146219134331 ], [ 329857.8855551382876, 6319145.958571415394545 ], [ 329857.75292814464774, 6319146.814826930873096 ], [ 329832.928726790123619, 6319298.388345933519304 ], [ 329832.798137110017706, 6319299.230646077543497 ], [ 329832.681924798176624, 6319300.075049947947264 ], [ 329832.580123627034482, 6319300.921312152408063 ], [ 329832.492763180925976, 6319301.769186759367585 ], [ 329832.419868847646285, 6319302.618427369743586 ], [ 329832.361461810884066, 6319303.468787184916437 ], [ 329832.317559044342488, 6319304.320019083097577 ], [ 329832.288173306558747, 6319305.171875688247383 ], [ 329832.27331313729519, 6319306.024109442718327 ], [ 329832.272982855036389, 6319306.876472679898143 ], [ 329832.287182555824984, 6319307.728717694990337 ], [ 329832.315908113028854, 6319308.580596817657351 ], [ 329832.359151178738102, 6319309.431862483732402 ], [ 329832.416899186151568, 6319310.282267307862639 ], [ 329832.489135353127494, 6319311.131564154289663 ], [ 329836.258948483853601, 6319351.387595253996551 ] ] ] ] } },
{ "type": "Feature", "properties": { "fid": "64", "Area": 33051.331 }, "geometry": { "type": "MultiPolygon", "coordinates": [ [ [ [ 329688.086394578684121, 6319320.365709102712572 ], [ 329687.941584200772922, 6319320.581386730074883 ], [ 329687.793060397147201, 6319320.794524160213768 ], [ 329687.640867716283537, 6319321.00505746435374 ], [ 329687.485051807016134, 6319321.212923496030271 ], [ 329687.325659405149054, 6319321.418059905059636 ], [ 329687.162738319020718, 6319321.620405165478587 ], [ 329686.996337415534072, 6319321.819898582994938 ], [ 329686.82650660519721, 6319322.016480321995914 ], [ 329686.653296827396844, 6319322.210091420449317 ], [ 329686.476760034973267, 6319322.400673804804683 ], [ 329686.296949178678915, 6319322.588170312345028 ], [ 329686.113918191229459, 6319322.772524705156684 ], [ 329685.927721971296705, 6319322.953681686893106 ], [ 329685.738416366919409, 6319323.131586921401322 ], [ 329685.546058158681262, 6319323.30618704855442 ], [ 329685.350705042888876, 6319323.47742969635874 ], [ 329685.152415614051279, 6319323.645263503305614 ], [ 329684.951249347475823, 6319323.809638129547238 ], [ 329684.747266581223812, 6319323.970504270866513 ], [ 329684.540528498357162, 6319324.127813677303493 ], [ 329684.331097108195536, 6319324.281519166193902 ], [ 329684.119035227922723, 6319324.43157463427633 ], [ 329683.904406463785563, 6319324.577935072593391 ], [ 329683.687275191885419, 6319324.720556582324207 ], [ 329683.467706538911443, 6319324.859396385960281 ], [ 329683.245766362757422, 6319324.994412839412689 ], [ 329683.021521232381929, 6319325.125565445050597 ], [ 329682.795038408425171, 6319325.252814864739776 ], [ 329682.566385822428856, 6319325.376122931949794 ], [ 329682.335632056870963, 6319325.495452660135925 ], [ 329682.102846324385609, 6319325.610768257640302 ], [ 329681.868098447215743, 6319325.722035137936473 ], [ 329681.631458835909143, 6319325.829219926148653 ], [ 329681.392998468712904, 6319325.932290473021567 ], [ 329681.152788869687356, 6319326.031215864233673 ], [ 329680.910902087867726, 6319326.12596642691642 ], [ 329680.667410675028805, 6319326.216513741761446 ], [ 329680.422387664497364, 6319326.302830650471151 ], [ 329680.17590654885862, 6319326.384891262277961 ], [ 329679.928041258070152, 6319326.462670965120196 ], [ 329679.678866137284786, 6319326.536146427504718 ], [ 329679.428455924557056, 6319326.605295612476766 ], [ 329679.176885728316847, 6319326.67009777855128 ], [ 329678.92423100490123, 6319326.730533489957452 ], [ 329678.67056753608631, 6319326.786584617570043 ], [ 329678.415971406095196, 6319326.838234351947904 ], [ 329678.160518978955224, 6319326.885467199608684 ], [ 329677.904286875447724, 6319326.928268993273377 ], [ 329677.647351950290613, 6319326.966626894660294 ], [ 329677.389791268971749, 6319327.000529400072992 ], [ 329677.131682084756903, 6319327.029966339468956 ], [ 329676.873101815232076, 6319327.054928884841502 ], [ 329676.614128019544296, 6319327.075409547425807 ], [ 329676.354838374594692, 6319327.091402184218168 ], [ 329676.095310652279295, 6319327.102901998907328 ], [ 329675.835622695682105, 6319327.109905542805791 ], [ 329675.575852396141272, 6319327.11241071484983 ], [ 329675.316077669558581, 6319327.110416762530804 ], [ 329675.056376433232799, 6319327.103924285620451 ], [ 329674.796826582401991, 6319327.092935230582952 ], [ 329674.537505966844037, 6319327.0774528933689 ], [ 329683.997092767560389, 6319317.583748916164041 ], [ 329682.021983468846884, 6319316.276994759216905 ], [ 329611.424248820287175, 6319260.089631542563438 ], [ 329610.748942401318345, 6319259.542514177970588 ], [ 329610.083247899601702, 6319258.983741415664554 ], [ 329609.427366455085576, 6319258.413482087664306 ], [ 329608.781496242678259, 6319257.831908499822021 ], [ 329608.145832412235904, 6319257.239196373149753 ], [ 329607.520567030005623, 6319256.635524797253311 ], [ 329606.905889020184986, 6319256.021076170727611 ], [ 329606.30198410799494, 6319255.396036150865257 ], [ 329605.709034763625823, 6319254.760593592189252 ], [ 329605.127220146998297, 6319254.114940495230258 ], [ 329604.556716053630225, 6319253.459271944127977 ], [ 329603.997694861609489, 6319252.79378604888916 ], [ 329603.450325479439925, 6319252.11868388671428 ], [ 329602.914773295109626, 6319251.434169439598918 ], [ 329602.39120012591593, 6319250.740449534729123 ], [ 329601.879764169687405, 6319250.037733779288828 ], [ 329601.380619957111776, 6319249.326234499923885 ], [ 329600.893918304820545, 6319248.606166675686836 ], [ 329600.419806269928813, 6319247.877747875638306 ], [ 329599.958427105622832, 6319247.141198191791773 ], [ 329599.509920217853505, 6319246.396740172989666 ], [ 329599.074421123194043, 6319245.644598757848144 ], [ 329598.652061407861765, 6319244.885001205839217 ], [ 329598.242968688020483, 6319244.118177030235529 ], [ 329597.847266571247019, 6319243.344357927329838 ], [ 329597.465074619161896, 6319242.563777705654502 ], [ 329597.09650831122417, 6319241.776672219857574 ], [ 329596.741679009923246, 6319240.983279292471707 ], [ 329596.400693927076645, 6319240.183838648721576 ], [ 329596.073656091466546, 6319239.3785918392241 ], [ 329595.760664317756891, 6319238.567782170139253 ], [ 329595.461813176574651, 6319237.751654627732933 ], [ 329595.177192965929862, 6319236.9304558057338 ], [ 329594.906889683916233, 6319236.104433828964829 ], [ 329594.650985002808738, 6319235.273838280700147 ], [ 329594.409556244325358, 6319234.43892012629658 ], [ 329594.18267635628581, 6319233.599931636825204 ], [ 329593.970413890609052, 6319232.757126311771572 ], [ 329593.77283298241673, 6319231.91075880639255 ], [ 329593.589993330882862, 6319231.061084849759936 ], [ 329593.421950181131251, 6319230.208361173048615 ], [ 329593.268754307413474, 6319229.35284542478621 ], [ 329593.130451998033095, 6319228.494796101935208 ], [ 329593.007085041026585, 6319227.634472463279963 ], [ 329592.898690711823292, 6319226.772134454920888 ], [ 329592.805301761778537, 6319225.908042634837329 ], [ 329592.726946408394724, 6319225.042458088137209 ], [ 329592.663648326823022, 6319224.175642349757254 ], [ 329592.615426642587408, 6319223.30785733088851 ], [ 329592.582295925938524, 6319222.439365232363343 ], [ 329592.564266187255271, 6319221.570428469218314 ], [ 329592.56134287425084, 6319220.701309591531754 ], [ 329592.573526870284695, 6319219.832271203398705 ], [ 329592.600814493838698, 6319218.963575884699821 ], [ 329592.64319750003051, 6319218.095486113801599 ], [ 329592.700663082825486, 6319217.228264183737338 ], [ 329592.773193878878374, 6319216.362172124907374 ], [ 329592.860767973063048, 6319215.497471628710628 ], [ 329592.963358904758934, 6319214.634423964656889 ], [ 329593.080935676174704, 6319213.773289903067052 ], [ 329593.213462761312257, 6319212.914329634979367 ], [ 329593.360900117084384, 6319212.057802696712315 ], [ 329593.523203195247333, 6319211.20396788790822 ], [ 329593.700322955904994, 6319210.3530831951648 ], [ 329593.892205882119015, 6319209.505405713804066 ], [ 329594.098793996439781, 6319208.661191569641232 ], [ 329594.32002487819409, 6319207.82069584261626 ], [ 329594.555831682286225, 6319206.984172489494085 ], [ 329594.806143159687053, 6319206.151874264702201 ], [ 329595.070883678563405, 6319205.324052648618817 ], [ 329595.349973247561138, 6319204.500957768410444 ], [ 329595.643327539553866, 6319203.682838321663439 ], [ 329615.520847010950092, 6319149.72812922205776 ], [ 329616.134614283335395, 6319148.105667057447135 ], [ 329616.776432581653353, 6319146.494095460511744 ], [ 329617.446108776610345, 6319144.893899367190897 ], [ 329618.143441356427502, 6319143.305560293607414 ], [ 329618.86822048726026, 6319141.729556184262037 ], [ 329619.620228076179046, 6319140.166361274197698 ], [ 329620.399237837060355, 6319138.616445942781866 ], [ 329621.205015358631499, 6319137.080276574939489 ], [ 329622.037318174843676, 6319135.558315418660641 ], [ 329622.895895837922581, 6319134.051020445302129 ], [ 329623.780489993921947, 6319132.558845213614404 ], [ 329624.690834460081533, 6319131.082238734699786 ], [ 329625.626655305211898, 6319129.621645332314074 ], [ 329626.587670932058245, 6319128.177504513412714 ], [ 329627.573592162050772, 6319126.750250833109021 ], [ 329628.584122322266921, 6319125.340313764289021 ], [ 329629.618957334605511, 6319123.948117571882904 ], [ 329630.677785807580221, 6319122.574081180617213 ], [ 329631.760289129801095, 6319121.218618050217628 ], [ 329632.866141565784346, 6319119.88213605247438 ], [ 329633.995010354265105, 6319118.565037347376347 ], [ 329635.146555807965342, 6319117.267718262039125 ], [ 329636.320431416097563, 6319115.990569172427058 ], [ 329637.516283948498312, 6319114.733974384143949 ], [ 329638.733753561915364, 6319113.498312018811703 ], [ 329639.972473908332177, 6319112.283953898586333 ], [ 329641.232072245154995, 6319111.09126543533057 ], [ 329642.512169547495432, 6319109.920605519786477 ], [ 329643.812380622082856, 6319108.772326414473355 ], [ 329645.132314223097637, 6319107.646773648448288 ], [ 329646.471573170274496, 6319106.544285910204053 ], [ 329647.829754467995372, 6319105.46519494894892 ], [ 329649.206449426768813, 6319104.409825472161174 ], [ 329650.601243786164559, 6319103.378495052456856 ], [ 329652.013717839552555, 6319102.371514025144279 ], [ 329653.443446560122538, 6319101.389185400679708 ], [ 329654.889999729231931, 6319100.431804770603776 ], [ 329656.352942065452226, 6319099.49966022092849 ], [ 329657.831833355652634, 6319098.593032241798937 ], [ 329659.326228587597143, 6319097.712193646468222 ], [ 329660.835678083763923, 6319096.857409486547112 ], [ 329662.359727636678144, 6319096.028936975635588 ], [ 329663.897918645525351, 6319095.2270254092291 ], [ 329665.449788254161831, 6319094.451916088350117 ], [ 329667.014869490580168, 6319093.703842252492905 ], [ 329668.592691407073289, 6319092.983029003255069 ], [ 329670.182779222261161, 6319092.289693239144981 ], [ 329671.784654463815968, 6319091.62404359318316 ], [ 329673.397835112526082, 6319090.986280364915729 ], [ 329675.021835747116711, 6319090.376595462672412 ], [ 329676.65616769058397, 6319089.795172347687185 ], [ 329678.300339157169219, 6319089.2421859735623 ], [ 329679.953855400264729, 6319088.71780274156481 ], [ 329681.616218861250672, 6319088.222180441021919 ], [ 329683.286929319496267, 6319087.755468211136758 ], [ 329684.965484042535536, 6319087.317806489765644 ], [ 329686.65137793746544, 6319086.909326972439885 ], [ 329688.344103703042492, 6319086.530152575112879 ], [ 329690.043151982186828, 6319086.180397395044565 ], [ 329691.748011515359394, 6319085.86016667727381 ], [ 329693.458169294404797, 6319085.569556781090796 ], [ 329695.173110716743395, 6319085.308655154891312 ], [ 329696.892319740436506, 6319085.077540304511786 ], [ 329698.615279039368033, 6319084.876281777396798 ], [ 329700.34147015894996, 6319084.704940131865442 ], [ 329702.070373672118876, 6319084.56356692686677 ], [ 329703.801469335565343, 6319084.452204703353345 ], [ 329705.53423624637071, 6319084.370886971242726 ], [ 329707.268152998760343, 6319084.319638199172914 ], [ 329709.002697840915062, 6319084.2984738079831 ], [ 329710.737348832015414, 6319084.307400167919695 ], [ 329806.667875894811004, 6319085.633181536570191 ], [ 329807.534069524495862, 6319085.652659951709211 ], [ 329808.399795594683383, 6319085.687144500203431 ], [ 329809.264794155256823, 6319085.736624828539789 ], [ 329810.128805474610999, 6319085.80108607839793 ], [ 329810.991570117475931, 6319085.880508895032108 ], [ 329811.852829022915103, 6319085.974869430065155 ], [ 329812.712323582207318, 6319086.084139348939061 ], [ 329813.569795716379303, 6319086.208285842090845 ], [ 329814.424987953680102, 6319086.347271633334458 ], [ 329815.277643506997265, 6319086.501054987311363 ], [ 329816.12750635080738, 6319086.669589729979634 ], [ 329816.974321298243012, 6319086.852825255133212 ], [ 329817.817834077693988, 6319087.050706541165709 ], [ 329818.657791408826597, 6319087.263174173422158 ], [ 329819.493941079243086, 6319087.490164352580905 ], [ 329820.326032019511331, 6319087.731608921661973 ], [ 329821.153814379184041, 6319087.987435381859541 ], [ 329821.977039601362776, 6319088.257566916756332 ], [ 329822.79546049766941, 6319088.541922414675355 ], [ 329823.60883132222807, 6319088.840416491962969 ], [ 329824.416907845472451, 6319089.152959521859884 ], [ 329825.219447427662089, 6319089.479457655921578 ], [ 329826.016209091583733, 6319089.819812858477235 ], [ 329826.806953594961669, 6319090.173922930844128 ], [ 329827.591443502227776, 6319090.541681543923914 ], [ 329828.369443255942315, 6319090.922978273592889 ], [ 329829.140719247399829, 6319091.317698627710342 ], [ 329828.537267138250172, 6319093.68144397996366 ], [ 329827.893579166848212, 6319096.034550933167338 ], [ 329827.209842671116348, 6319098.376334642060101 ], [ 329826.48625664471183, 6319100.706113559193909 ], [ 329825.723031679110136, 6319103.023209626786411 ], [ 329824.920389902079478, 6319105.32694848254323 ], [ 329824.078564913303126, 6319107.616659649647772 ], [ 329823.197801716334652, 6319109.891676732338965 ], [ 329822.278356647177134, 6319112.151337614282966 ], [ 329821.320497299660929, 6319114.394984647631645 ], [ 329820.324502447852865, 6319116.621964843012393 ], [ 329819.290661964565516, 6319118.831630065105855 ], [ 329818.21927673718892, 6319121.023337215185165 ], [ 329817.110658580088057, 6319123.196448422968388 ], [ 329815.965130143857095, 6319125.350331228226423 ], [ 329814.783024821372237, 6319127.48435876891017 ], [ 329813.564686650817748, 6319129.597909959964454 ], [ 329812.310470215510577, 6319131.690369677729905 ], [ 329811.020740540814586, 6319133.761128935962915 ], [ 329809.695872987562325, 6319135.809585062786937 ], [ 329688.086394578684121, 6319320.365709102712572 ] ] ] ] } },
{ "type": "Feature", "properties": { "fid": "65", "Area": 102160.872 }, "geometry": { "type": "MultiPolygon", "coordinates": [ [ [ [ 329897.203028408752289, 6318519.807463061995804 ], [ 329727.714099655975588, 6318572.581992041319609 ], [ 329395.365165815281216, 6318628.718709369190037 ], [ 329394.522219928097911, 6318628.853699462488294 ], [ 329393.677092205849476, 6318628.97427817992866 ], [ 329392.830029013333842, 6318629.080410370603204 ], [ 329391.981277279730421, 6318629.172065096907318 ], [ 329391.131084426364396, 6318629.249215638265014 ], [ 329390.279698294703849, 6318629.311839506030083 ], [ 329389.427367074065842, 6318629.359918444417417 ], [ 329388.574339229206089, 6318629.393438437953591 ], [ 329387.720863428083248, 6318629.41238971427083 ], [ 329386.867188469099347, 6318629.416766749694943 ], [ 329386.013563208805863, 6318629.406568268314004 ], [ 329385.160236489260569, 6318629.381797241978347 ], [ 329384.307457065442577, 6318629.34246089309454 ], [ 329383.455473532842007, 6318629.28857068810612 ], [ 329382.604534254933242, 6318629.220142335630953 ], [ 329381.754887290706392, 6318629.137195785529912 ], [ 329380.906780322548002, 6318629.039755215868354 ], [ 329380.06046058377251, 6318628.927849032916129 ], [ 329379.216174786793999, 6318628.801509858109057 ], [ 329378.374169051123317, 6318628.660774521529675 ], [ 329377.534688831539825, 6318628.505684047937393 ], [ 329376.697978846670594, 6318628.336283648386598 ], [ 329375.864283007453196, 6318628.152622706256807 ], [ 329375.033844346413389, 6318627.954754759557545 ], [ 329374.206904946244322, 6318627.742737490683794 ], [ 329373.383705869840924, 6318627.51663270406425 ], [ 329372.564487089635804, 6318627.276506311260164 ], [ 329371.749487417750061, 6318627.022428314201534 ], [ 329370.938944436376914, 6318626.754472778178751 ], [ 329370.133094428572804, 6318626.472717815078795 ], [ 329369.332172309339512, 6318626.177245561033487 ], [ 329368.536411557055544, 6318625.868142149411142 ], [ 329351.327053526358213, 6318619.013730510137975 ], [ 329350.923397573817056, 6318618.84886322543025 ], [ 329350.522678368259221, 6318618.676981091499329 ], [ 329350.125017804792151, 6318618.498136393725872 ], [ 329349.730536848132033, 6318618.312383535318077 ], [ 329349.33935549587477, 6318618.119779020547867 ], [ 329348.951592741825152, 6318617.920381437055767 ], [ 329348.567366539908107, 6318617.714251440949738 ], [ 329348.186793768312782, 6318617.50145173445344 ], [ 329347.809990193753038, 6318617.282047050073743 ], [ 329347.437070436484646, 6318617.056104127317667 ], [ 329347.068147935380694, 6318616.823691696859896 ], [ 329346.703334913298022, 6318616.584880456328392 ], [ 329346.342742343025748, 6318616.33974305074662 ], [ 329345.986479913641233, 6318616.088354047387838 ], [ 329345.634655996924266, 6318615.83078991714865 ], [ 329345.287377614469733, 6318615.567129008471966 ], [ 329344.94475040526595, 6318615.297451524995267 ], [ 329344.606878593447618, 6318615.021839499473572 ], [ 329344.273864956514444, 6318614.740376771427691 ], [ 329343.945810794248246, 6318614.453148959204555 ], [ 329343.62281589768827, 6318614.1602434348315 ], [ 329343.304978519037832, 6318613.861749297007918 ], [ 329342.992395341512747, 6318613.557757345028222 ], [ 329342.685161450121086, 6318613.248360050842166 ], [ 329342.383370302559342, 6318612.933651530183852 ], [ 329342.087113701098133, 6318612.613727515563369 ], [ 329341.79648176417686, 6318612.288685322739184 ], [ 329341.511562899511773, 6318611.958623828366399 ], [ 329341.232443776796572, 6318611.62364343367517 ], [ 329340.959209301508963, 6318611.283846036531031 ], [ 329340.691942589182872, 6318610.939334999769926 ], [ 329340.430724939855281, 6318610.590215122327209 ], [ 329340.175635813677218, 6318610.236592601053417 ], [ 329339.926752806350123, 6318609.878575006499887 ], [ 329339.684151625900995, 6318609.516271242871881 ], [ 329339.447906069399323, 6318609.149791521020234 ], [ 329339.218088000605348, 6318608.779247320257127 ], [ 329338.994767328083981, 6318608.404751356691122 ], [ 329338.778011983959004, 6318608.0264175478369 ], [ 329338.567887903249357, 6318607.644360980950296 ], [ 329338.364459003845695, 6318607.258697873912752 ], [ 329338.167787166952621, 6318606.869545540772378 ], [ 329337.977932218345813, 6318606.477022359147668 ], [ 329337.794951910211239, 6318606.081247731111944 ], [ 329337.618901903508231, 6318605.682342046871781 ], [ 329337.44983575103106, 6318605.280426651239395 ], [ 329337.287804881168995, 6318604.875623801723123 ], [ 329337.132858582306653, 6318604.468056636862457 ], [ 329336.985043987631798, 6318604.057849134318531 ], [ 329336.844406061049085, 6318603.645126075483859 ], [ 329336.710987583326641, 6318603.230013007298112 ], [ 329336.584829139173962, 6318602.81263620313257 ], [ 329336.46596910484368, 6318602.393122625537217 ], [ 329336.354443636490032, 6318601.971599886193871 ], [ 329336.250286659109406, 6318601.548196209594607 ], [ 329336.153529856412206, 6318601.123040390200913 ], [ 329336.064202660811134, 6318600.696261757053435 ], [ 329335.98233224498108, 6318600.267990131862462 ], [ 329335.90794351301156, 6318599.838355791755021 ], [ 329335.841059093363583, 6318599.407489427365363 ], [ 329335.781699331710115, 6318598.975522104650736 ], [ 329335.729882284649648, 6318598.54258522298187 ], [ 329335.685623714583926, 6318598.108810478821397 ], [ 329335.64893708442105, 6318597.67432982288301 ], [ 329335.619833554024808, 6318597.239275419153273 ], [ 329335.59832197643118, 6318596.803779607638717 ], [ 329335.584408895170782, 6318596.367974862456322 ], [ 329335.578098542522639, 6318595.931993751786649 ], [ 329335.579392838058993, 6318595.495968896895647 ], [ 329335.588291388005018, 6318595.060032932087779 ], [ 329335.604791485588066, 6318594.624318465590477 ], [ 329335.628888111619744, 6318594.188958037644625 ], [ 329335.660573936067522, 6318593.754084080457687 ], [ 329335.699839320383035, 6318593.319828880019486 ], [ 329335.74667232047068, 6318592.886324532330036 ], [ 329335.801058690063655, 6318592.453702905215323 ], [ 329335.862981885380577, 6318592.02209559828043 ], [ 329335.932423069956712, 6318591.591633901931345 ], [ 329336.009361120348331, 6318591.162448760122061 ], [ 329336.09377263271017, 6318590.734670726582408 ], [ 329336.185631929896772, 6318590.308429927565157 ], [ 329336.284911069087684, 6318589.883856020867825 ], [ 329336.391579850460403, 6318589.461078158579767 ], [ 329336.505605826328974, 6318589.04022494610399 ], [ 329336.626954311039299, 6318588.621424403041601 ], [ 329336.755588391446508, 6318588.204803925007582 ], [ 329336.891468938323669, 6318587.790490243583918 ], [ 329337.034554617886897, 6318587.378609389066696 ], [ 329337.184801904892083, 6318586.969286653213203 ], [ 329337.342165095440578, 6318586.562646547332406 ], [ 329337.506596321065444, 6318586.158812767826021 ], [ 329337.678045563283376, 6318585.757908157072961 ], [ 329337.856460668728687, 6318585.360054666176438 ], [ 329338.041787365160417, 6318584.9653733195737 ], [ 329338.233969277935103, 6318584.573984175920486 ], [ 329338.432947947003413, 6318584.186006291769445 ], [ 329338.638662844896317, 6318583.801557686179876 ], [ 329338.851051394944079, 6318583.420755304396152 ], [ 329339.070048990484793, 6318583.043714985251427 ], [ 329339.295589014422148, 6318582.670551419258118 ], [ 329339.527602859539911, 6318582.301378118805587 ], [ 329339.766019949340262, 6318581.936307384632528 ], [ 329340.010767759464215, 6318581.575450267642736 ], [ 329340.261771839868743, 6318581.218916537240148 ], [ 329340.518955837353133, 6318580.866814646869898 ], [ 329340.782241518900264, 6318580.519251703284681 ], [ 329341.051548795367125, 6318580.176333433017135 ], [ 329341.326795745757408, 6318579.838164146989584 ], [ 329498.175719216756988, 6318390.529279887676239 ], [ 329498.737547898024786, 6318389.863084357231855 ], [ 329499.310902249708306, 6318389.206782033666968 ], [ 329499.895608094055206, 6318388.560572293587029 ], [ 329500.49148780485848, 6318387.92465144675225 ], [ 329501.098360361647792, 6318387.29921267926693 ], [ 329501.716041404171847, 6318386.684445990249515 ], [ 329502.344343288976233, 6318386.080538137815893 ], [ 329502.983075145864859, 6318385.487672582268715 ], [ 329503.632042936398648, 6318384.906029427424073 ], [ 329504.291049512510654, 6318384.335785369388759 ], [ 329504.95989467628533, 6318383.777113642543554 ], [ 329505.638375241309404, 6318383.230183961801231 ], [ 329506.32628509378992, 6318382.695162478834391 ], [ 329507.023415255593136, 6318382.17221172619611 ], [ 329507.729553947399836, 6318381.661490568891168 ], [ 329508.444486653490458, 6318381.163154157809913 ], [ 329509.167996186297387, 6318380.677353882230818 ], [ 329509.89986275305273, 6318380.204237320460379 ], [ 329510.639864021970425, 6318379.743948199786246 ], [ 329511.387775190232787, 6318379.296626350842416 ], [ 329512.143369051977061, 6318378.862407662905753 ], [ 329512.906416067446116, 6318378.441424047574401 ], [ 329513.676684432779439, 6318378.033803393132985 ], [ 329514.453940150269773, 6318377.63966953009367 ], [ 329515.2379470996093, 6318377.259142191149294 ], [ 329516.028467109601479, 6318376.892336974851787 ], [ 329516.825260030396748, 6318376.539365313947201 ], [ 329517.62808380642673, 6318376.200334434397519 ], [ 329518.436694550153334, 6318375.875347331166267 ], [ 329519.250846616050694, 6318375.564502730034292 ], [ 329520.070292675110977, 6318375.267895061522722 ], [ 329520.894783790165093, 6318374.985614432021976 ], [ 329521.724069491319824, 6318374.717746594920754 ], [ 329522.55789785226807, 6318374.464372924529016 ], [ 329523.39601556659909, 6318374.225570391863585 ], [ 329524.238168024923652, 6318374.001411544159055 ], [ 329525.084099392115604, 6318373.79196447506547 ], [ 329525.933552685077302, 6318373.597292814403772 ], [ 329526.786269850796089, 6318373.417455700226128 ], [ 329527.641991844633594, 6318373.252507763914764 ], [ 329528.500458709371742, 6318373.102499115280807 ], [ 329529.361409653676674, 6318372.967475324869156 ], [ 329530.224583131726831, 6318372.847477411851287 ], [ 329531.089716922433581, 6318372.742541829124093 ], [ 329531.956548209302127, 6318372.652700454927981 ], [ 329532.824813660117798, 6318372.577980581671 ], [ 329707.55366605281597, 6318359.074332632124424 ], [ 329708.409431177889928, 6318359.015575957484543 ], [ 329709.266078339656815, 6318358.971508550457656 ], [ 329710.123355414427351, 6318358.94214338157326 ], [ 329710.981010093179066, 6318358.927489093504846 ], [ 329711.83878995559644, 6318358.927549998275936 ], [ 329712.696442544693127, 6318358.942326079122722 ], [ 329713.553715440793894, 6318358.971812986768782 ], [ 329714.410356336040422, 6318359.016002042219043 ], [ 329715.266113108664285, 6318359.074880240485072 ], [ 329716.120733896910679, 6318359.148430253379047 ], [ 329716.973967173602432, 6318359.236630433239043 ], [ 329717.825561819656286, 6318359.339454821310937 ], [ 329718.675267198472284, 6318359.456873156130314 ], [ 329719.522833229450043, 6318359.588850878179073 ], [ 329720.368010461621452, 6318359.735349146649241 ], [ 329721.210550146934111, 6318359.896324842236936 ], [ 329722.050204313825816, 6318360.071730589494109 ], [ 329722.886725839867722, 6318360.261514763347805 ], [ 329723.719868524582125, 6318360.46562150772661 ], [ 329724.549387162027415, 6318360.683990750461817 ], [ 329725.37503761285916, 6318360.916558222845197 ], [ 329726.196576876100153, 6318361.163255476392806 ], [ 329727.01376316085225, 6318361.424009905196726 ], [ 329727.826355957309715, 6318361.69874476455152 ], [ 329728.634116107597947, 6318361.987379197962582 ], [ 329729.436805876204744, 6318362.289828253909945 ], [ 329730.234189019887708, 6318362.606002917513251 ], [ 329731.026030857174192, 6318362.935810135677457 ], [ 329731.812098337511998, 6318363.279152839444578 ], [ 329732.592160109896213, 6318363.635929979383945 ], [ 329733.365986590797547, 6318364.006036549806595 ], [ 329734.133350031741429, 6318364.389363623224199 ], [ 329734.894024586712476, 6318364.785798382014036 ], [ 329735.647786377987359, 6318365.195224148221314 ], [ 329760.815839050570503, 6318379.146822342649102 ], [ 329761.570914987998549, 6318379.556947366334498 ], [ 329762.332927313924301, 6318379.954036048613489 ], [ 329763.101650977972895, 6318380.337971113622189 ], [ 329763.876858947682194, 6318380.708639172837138 ], [ 329764.658322275558021, 6318381.065930753014982 ], [ 329765.445810166711453, 6318381.40974033344537 ], [ 329766.239090046845376, 6318381.739966373890638 ], [ 329767.037927631172352, 6318382.056511347182095 ], [ 329767.842086993565317, 6318382.359281765297055 ], [ 329768.651330635999329, 6318382.648188209161162 ], [ 329769.465419559041038, 6318382.923145353794098 ], [ 329770.284113332163543, 6318383.184071995317936 ], [ 329771.107170164934359, 6318383.43089107144624 ], [ 329771.934346978319809, 6318383.663529686629772 ], [ 329772.765399476455059, 6318383.881919136270881 ], [ 329773.600082218996249, 6318384.085994919762015 ], [ 329774.438148693181574, 6318384.275696767494082 ], [ 329775.279351387172937, 6318384.450968652963638 ], [ 329776.123441862815525, 6318384.611758812330663 ], [ 329776.970170828979462, 6318384.758019756525755 ], [ 329777.819288215425331, 6318384.889708291739225 ], [ 329778.670543246436864, 6318385.006785525009036 ], [ 329779.523684514977504, 6318385.109216877259314 ], [ 329780.378460057079792, 6318385.196972098201513 ], [ 329781.234617425885517, 6318385.270025270991027 ], [ 329782.091903766617179, 6318385.32835481967777 ], [ 329782.95006589096738, 6318385.371943516656756 ], [ 329783.808850352012087, 6318385.400778490118682 ], [ 329784.66800351900747, 6318385.414851222187281 ], [ 329785.527271652419586, 6318385.414157558232546 ], [ 329786.38640097854659, 6318385.398697702214122 ], [ 329787.245137764897663, 6318385.368476220406592 ], [ 329788.103228394815233, 6318385.323502038605511 ], [ 329788.960419442504644, 6318385.263788439333439 ], [ 329789.816457747772802, 6318385.189353057183325 ], [ 329790.671090490999632, 6318385.100217876955867 ], [ 329791.524065267585684, 6318384.996409222483635 ], [ 329792.375130162632558, 6318384.877957752905786 ], [ 329793.224033825215884, 6318384.74489845149219 ], [ 329794.070525542891119, 6318384.597270614467561 ], [ 329794.914355315384455, 6318384.435117842629552 ], [ 329795.75527392863296, 6318384.258488026447594 ], [ 329796.593033028359059, 6318384.067433330230415 ], [ 329797.427385193353985, 6318383.86201017908752 ], [ 329798.258084008703008, 6318383.642279243096709 ], [ 329799.084884138428606, 6318383.40830541588366 ], [ 329799.907541397958994, 6318383.160157799720764 ], [ 329800.725812826189213, 6318382.897909680381417 ], [ 329801.539456757425796, 6318382.621638510376215 ], [ 329802.34823289263295, 6318382.331425882875919 ], [ 329803.151902370387688, 6318382.027357507497072 ], [ 329803.950227837427519, 6318381.709523187950253 ], [ 329804.742973518790677, 6318381.378016791306436 ], [ 329805.529905287432484, 6318381.032936224713922 ], [ 329806.31079073343426, 6318380.674383401870728 ], [ 329807.085399232455529, 6318380.302464217878878 ], [ 329807.853502014069818, 6318379.917288513854146 ], [ 329808.614872229227331, 6318379.518970046192408 ], [ 329882.094977070286404, 6318340.26925356965512 ], [ 329897.203028408752289, 6318519.807463061995804 ] ] ] ] } },
{ "type": "Feature", "properties": { "fid": "66", "Area": 18187.388 }, "geometry": { "type": "MultiPolygon", "coordinates": [ [ [ [ 329992.126001530094072, 6318479.19527558144182 ], [ 329991.622997455182485, 6318479.90608399733901 ], [ 329991.10769094445277, 6318480.608024809509516 ], [ 329990.58023829292506, 6318481.300885115750134 ], [ 329990.040799479349516, 6318481.984454768709838 ], [ 329989.489538118010387, 6318482.658526437357068 ], [ 329988.926621409191284, 6318483.322895674034953 ], [ 329988.352220088068862, 6318483.977360972203314 ], [ 329987.766508373257238, 6318484.621723828837276 ], [ 329987.169663913897239, 6318485.255788804963231 ], [ 329986.561867735697888, 6318485.879363588057458 ], [ 329985.943304186104797, 6318486.492259043268859 ], [ 329985.314160878246184, 6318487.094289275817573 ], [ 329984.674628634355031, 6318487.685271689668298 ], [ 329984.024901427445002, 6318488.26502703409642 ], [ 329983.365176322928164, 6318488.833379468880594 ], [ 329982.695653418428265, 6318489.390156609937549 ], [ 329982.016535783419386, 6318489.935189582407475 ], [ 329981.328029397467617, 6318490.468313076533377 ], [ 329980.630343087716028, 6318490.989365393295884 ], [ 329979.923688465787563, 6318491.498188495635986 ], [ 329979.208279863290954, 6318491.994628054089844 ], [ 329978.484334266977385, 6318492.478533496148884 ], [ 329977.752071252965834, 6318492.949758051894605 ], [ 329977.011712920037098, 6318493.408158795908093 ], [ 329976.263483822345734, 6318493.853596694767475 ], [ 329975.507610901317094, 6318494.285936642438173 ], [ 329974.744323416729458, 6318494.705047510564327 ], [ 329973.973852877155878, 6318495.110802179202437 ], [ 329973.196432970056776, 6318495.503077582456172 ], [ 329972.412299490475561, 6318495.881754740141332 ], [ 329971.621690269734245, 6318496.246718797832727 ], [ 329970.824845103372354, 6318496.597859061323106 ], [ 329970.022005678212736, 6318496.935069027356803 ], [ 329969.213415499194525, 6318497.258246418088675 ], [ 329968.399319815565832, 6318497.567293213680387 ], [ 329967.579965546319727, 6318497.862115677446127 ], [ 329966.755601205455605, 6318498.142624388448894 ], [ 329965.926476826483849, 6318498.408734267577529 ], [ 329914.805428002320696, 6318514.326524842530489 ], [ 329899.381595861807, 6318331.03569904435426 ], [ 329900.143775165663101, 6318330.634611515328288 ], [ 329900.912750042742118, 6318330.246711868792772 ], [ 329901.688292326463852, 6318329.872115201316774 ], [ 329902.470171901397407, 6318329.510932660661638 ], [ 329903.258156771888025, 6318329.16327141597867 ], [ 329904.052013130683918, 6318328.82923462241888 ], [ 329904.851505428378005, 6318328.508921395987272 ], [ 329905.656396443257108, 6318328.202426777221262 ], [ 329906.46644735179143, 6318327.909841707907617 ], [ 329907.281417799415067, 6318327.631253002211452 ], [ 329908.101065971830394, 6318327.366743322461843 ], [ 329908.925148666778114, 6318327.116391152143478 ], [ 329909.753421366331168, 6318326.88027077447623 ], [ 329910.585638309072237, 6318326.658452250994742 ], [ 329911.421552563551813, 6318326.451001398265362 ], [ 329912.260916101105977, 6318326.257979769259691 ], [ 329913.103479869605508, 6318326.079444637522101 ], [ 329913.948993867379613, 6318325.915448976680636 ], [ 329914.797207217547111, 6318325.766041446477175 ], [ 329915.647868241998367, 6318325.631266378797591 ], [ 329916.500724536541384, 6318325.511163763701916 ], [ 329917.355523045640439, 6318325.405769238248467 ], [ 329918.212010137387551, 6318325.315114072524011 ], [ 329919.069931678823195, 6318325.239225166849792 ], [ 329919.929033111489844, 6318325.178125037811697 ], [ 329920.789059526694473, 6318325.131831815466285 ], [ 329921.649755741411354, 6318325.10035923589021 ], [ 329922.51086637377739, 6318325.083716636523604 ], [ 329923.372135919053108, 6318325.081908956170082 ], [ 329924.233308825234417, 6318325.094936731271446 ], [ 329925.094129569130018, 6318325.122796094976366 ], [ 329925.954342731973156, 6318325.165478782728314 ], [ 329926.813693075207993, 6318325.2229721294716 ], [ 329927.671925616334192, 6318325.295259075239301 ], [ 329928.528785704635084, 6318325.382318172603846 ], [ 329929.384019096498378, 6318325.48412358853966 ], [ 329930.237372031027917, 6318325.600645116530359 ], [ 329931.088591305189766, 6318325.731848183088005 ], [ 329931.937424349132925, 6318325.877693857997656 ], [ 329932.783619301044382, 6318326.038138865493238 ], [ 329933.626925081887748, 6318326.213135601021349 ], [ 329934.467091469850857, 6318326.402632138691843 ], [ 329935.303869174560532, 6318326.606572252698243 ], [ 329936.137009911239147, 6318326.824895431287587 ], [ 329936.966266474162694, 6318327.057536894455552 ], [ 329937.791392810177058, 6318327.304427612572908 ], [ 329938.61214409157401, 6318327.565494330599904 ], [ 329939.428276788792573, 6318327.840659586712718 ], [ 329940.239548742771149, 6318328.129841733723879 ], [ 329941.045719236484729, 6318328.432954967021942 ], [ 329941.846549066889565, 6318328.749909348785877 ], [ 329942.641800615354441, 6318329.080610833130777 ], [ 329943.431237918499392, 6318329.424961296841502 ], [ 329944.214626738161314, 6318329.782858564518392 ], [ 329944.991734630777501, 6318330.154196443967521 ], [ 330031.30083318304969, 6318372.31355044990778 ], [ 330031.69022801797837, 6318372.507974318228662 ], [ 330032.076179172785487, 6318372.709147587418556 ], [ 330032.458569670969155, 6318372.917009284719825 ], [ 330032.837283615197521, 6318373.131496408954263 ], [ 330033.212206222466193, 6318373.352543953806162 ], [ 330033.583223858790006, 6318373.580084920860827 ], [ 330033.950224073778372, 6318373.81405034661293 ], [ 330034.313095634686761, 6318374.054369318298995 ], [ 330034.671728560118936, 6318374.300969 ], [ 330035.026014153321739, 6318374.553774650208652 ], [ 330035.375845035130624, 6318374.812709646299481 ], [ 330035.721115176565945, 6318375.077695509418845 ], [ 330036.061719931021798, 6318375.348651925101876 ], [ 330036.397556065756362, 6318375.62549677118659 ], [ 330036.728521793498658, 6318375.908146139234304 ], [ 330037.054516802949365, 6318376.196514362469316 ], [ 330037.375442289572675, 6318376.490514039993286 ], [ 330037.691200985165779, 6318376.7900560637936 ], [ 330038.001697187602986, 6318377.095049648545682 ], [ 330038.306836789706722, 6318377.405402353033423 ], [ 330038.606527307827491, 6318377.721020114608109 ], [ 330038.900677909841761, 6318378.041807274334133 ], [ 330039.189199442742392, 6318378.36766660399735 ], [ 330039.472004459530581, 6318378.698499342426658 ], [ 330039.749007245933171, 6318379.034205217845738 ], [ 330040.020123846130446, 6318379.374682481400669 ], [ 330040.2852720884257, 6318379.719827940687537 ], [ 330040.544371609925292, 6318380.069536985829473 ], [ 330040.797343881160486, 6318380.42370362393558 ], [ 330041.04411222966155, 6318380.7822205144912 ], [ 330041.284601863299031, 6318381.144978993572295 ], [ 330041.51873989298474, 6318381.511869114823639 ], [ 330041.746455354616046, 6318381.882779679261148 ], [ 330041.967679230845533, 6318382.257598268799484 ], [ 330042.182344471570104, 6318382.636211279779673 ], [ 330042.390386014827527, 6318383.018503962084651 ], [ 330042.591740806004964, 6318383.404360446147621 ], [ 330042.786347817163914, 6318383.793663783930242 ], [ 330042.974148065666668, 6318384.186295984312892 ], [ 330043.155084631813224, 6318384.582138045690954 ], [ 330043.329102676070761, 6318384.98106999322772 ], [ 330043.49614945607027, 6318385.382970915175974 ], [ 330043.656174342148006, 6318385.787719001993537 ], [ 330043.809128833003342, 6318386.195191580802202 ], [ 330043.954966570192482, 6318386.605265149846673 ], [ 330044.093643352214713, 6318387.017815424129367 ], [ 330044.225117148132995, 6318387.432717363350093 ], [ 330044.34934810991399, 6318387.849845216609538 ], [ 330044.466298585000914, 6318388.269072558730841 ], [ 330044.575933127140161, 6318388.690272328443825 ], [ 330044.678218507731799, 6318389.113316863775253 ], [ 330044.773123725375626, 6318389.53807794675231 ], [ 330044.860620015650056, 6318389.964426838792861 ], [ 330044.940680859552231, 6318390.392234317958355 ], [ 330045.013281991821714, 6318390.821370722725987 ], [ 330045.078401408041827, 6318391.251705986447632 ], [ 330045.136019371333532, 6318391.683109682053328 ], [ 330045.186118418525439, 6318392.11545105651021 ], [ 330045.228683365217876, 6318392.548599071800709 ], [ 330045.263701310672332, 6318392.982422447763383 ], [ 330045.291161641303916, 6318393.416789698414505 ], [ 330045.311056034348439, 6318393.851569172926247 ], [ 330045.323378460074309, 6318394.286629095673561 ], [ 330045.328125183703378, 6318394.72183760534972 ], [ 330045.32529476651689, 6318395.157062795944512 ], [ 330045.314888066437561, 6318395.592172757722437 ], [ 330045.296908237622119, 6318396.027035614475608 ], [ 330045.27136072947178, 6318396.461519564501941 ], [ 330045.238253285060637, 6318396.895492922514677 ], [ 330045.197595938865561, 6318397.328824155963957 ], [ 330045.149401013506576, 6318397.76138192974031 ], [ 330045.093683116254397, 6318398.19303513970226 ], [ 330045.030459134432022, 6318398.623652959242463 ], [ 330044.959748230408877, 6318399.053104872815311 ], [ 330044.881571835605428, 6318399.481260720640421 ], [ 330044.795953644264955, 6318399.907990733161569 ], [ 330044.702919606119394, 6318400.333165573887527 ], [ 330044.602497918473091, 6318400.756656380370259 ], [ 330044.494719017820898, 6318401.178334796801209 ], [ 330044.379615570418537, 6318401.598073017783463 ], [ 330044.25722246262012, 6318402.015743827447295 ], [ 330044.127576790051535, 6318402.431220635771751 ], [ 330043.990717846550979, 6318402.84437751583755 ], [ 330043.846687112236395, 6318403.255089246667922 ], [ 330043.69552824087441, 6318403.66323134675622 ], [ 330043.537287046550773, 6318404.068680113181472 ], [ 330043.37201149010798, 6318404.471312661655247 ], [ 330043.199751664302312, 6318404.871006958186626 ], [ 330043.020559778728057, 6318405.267641860991716 ], [ 330042.834490143985022, 6318405.661097155883908 ], [ 330042.641599155263975, 6318406.051253591664135 ], [ 330042.441945275233593, 6318406.437992918305099 ], [ 330042.235589016170707, 6318406.821197918616235 ], [ 330042.022592921857722, 6318407.200752450153232 ], [ 330041.803021548606921, 6318407.576541473157704 ], [ 330041.576941445411649, 6318407.948451092466712 ], [ 330041.344421134097502, 6318408.316368587315083 ], [ 330041.10553108836757, 6318408.680182446725667 ], [ 330040.860343712731265, 6318409.039782403968275 ], [ 329992.126001530094072, 6318479.19527558144182 ] ] ] ] } },
{ "type": "Feature", "properties": { "fid": "67", "Area": 102462.15 }, "geometry": { "type": "MultiPolygon", "coordinates": [ [ [ [ 329896.636587499408051, 6318692.872026049531996 ], [ 329891.928426919505, 6318720.832625619135797 ], [ 329891.894997860887088, 6318721.021120424382389 ], [ 329891.858293560042512, 6318721.209004931151867 ], [ 329891.818325133761391, 6318721.396222233772278 ], [ 329891.775104687490966, 6318721.582715628668666 ], [ 329891.728645311610308, 6318721.768428632989526 ], [ 329891.678961077472195, 6318721.953304997645319 ], [ 329891.626067033037543, 6318722.137288729660213 ], [ 329891.569979198742658, 6318722.32032410427928 ], [ 329891.510714561969507, 6318722.502355684526265 ], [ 329891.448291072563734, 6318722.683328338898718 ], [ 329891.382727637013886, 6318722.863187254406512 ], [ 329891.314044112747069, 6318723.041877956129611 ], [ 329891.242261302191764, 6318723.219346323981881 ], [ 329891.167400946666021, 6318723.395538607612252 ], [ 329891.089485719276126, 6318723.570401441305876 ], [ 329891.008539218688384, 6318723.743881865404546 ], [ 329890.9245859614457, 6318723.915927336551249 ], [ 329890.837651374866255, 6318724.086485746316612 ], [ 329890.747761789185461, 6318724.255505437031388 ], [ 329890.654944429639727, 6318724.422935217618942 ], [ 329890.559227408259176, 6318724.588724376633763 ], [ 329890.46063971525291, 6318724.752822701819241 ], [ 329890.359211210277863, 6318724.915180491283536 ], [ 329890.25497261347482, 6318725.075748572126031 ], [ 329890.147955495980568, 6318725.23447831068188 ], [ 329890.038192270556465, 6318725.391321633942425 ], [ 329889.925716181693133, 6318725.54623103607446 ], [ 329889.81056129548233, 6318725.699159599840641 ], [ 329889.692762489430606, 6318725.850061007775366 ], [ 329889.572355441690888, 6318725.998889554291964 ], [ 329889.449376620526891, 6318726.145600164309144 ], [ 329889.323863273020834, 6318726.290148402564228 ], [ 329889.195853414013982, 6318726.432490488514304 ], [ 329889.065385814290494, 6318726.572583311237395 ], [ 329888.932499989285134, 6318726.710384439677 ], [ 329888.797236186568625, 6318726.845852137543261 ], [ 329888.659635374147911, 6318726.978945374488831 ], [ 329888.519739227776881, 6318727.109623841941357 ], [ 329888.377590118383523, 6318727.237847958691418 ], [ 329888.233231099264231, 6318727.363578890450299 ], [ 329888.086705893103499, 6318727.486778555437922 ], [ 329887.938058878586162, 6318727.607409640215337 ], [ 329887.787335077126045, 6318727.725435608066618 ], [ 329887.634580139070749, 6318727.840820712968707 ], [ 329887.479840329906438, 6318727.953530007041991 ], [ 329887.323162516462617, 6318728.06352935358882 ], [ 329887.164594152302016, 6318728.170785436406732 ], [ 329887.004183263808955, 6318728.275265771895647 ], [ 329886.841978435288183, 6318728.37693871371448 ], [ 329886.678028794471174, 6318728.475773468613625 ], [ 329886.51238399738213, 6318728.571740102022886 ], [ 329886.345094213669654, 6318728.664809547364712 ], [ 329886.176210111065302, 6318728.754953617230058 ], [ 329886.005782840249594, 6318728.842145009897649 ], [ 329885.83386401925236, 6318728.926357315853238 ], [ 329885.660505717911292, 6318729.007565029896796 ], [ 329885.485760441981256, 6318729.085743556730449 ], [ 329885.309681117301807, 6318729.160869217477739 ], [ 329885.132321073790081, 6318729.232919258996844 ], [ 329884.953734029200859, 6318729.301871858537197 ], [ 329884.773974073119462, 6318729.367706133052707 ], [ 329884.593095650023315, 6318729.430402141995728 ], [ 329884.41115354350768, 6318729.48994089756161 ], [ 329884.228202859056182, 6318729.546304365620017 ], [ 329884.044299007800873, 6318729.59947547595948 ], [ 329883.859497689467389, 6318729.64943812508136 ], [ 329883.673854875611141, 6318729.696177178993821 ], [ 329883.487426792737097, 6318729.739678482525051 ], [ 329883.300269905070309, 6318729.779928860254586 ], [ 329883.112440897617489, 6318729.816916121169925 ], [ 329882.923996658995748, 6318729.850629062391818 ], [ 329882.734994264144916, 6318729.881057473830879 ], [ 329882.545490956981666, 6318729.908192140050232 ], [ 329882.355544133286458, 6318729.932024841196835 ], [ 329882.165211322950199, 6318729.952548359520733 ], [ 329881.974550172977615, 6318729.969756479375064 ], [ 329881.783618429675698, 6318729.983643988147378 ], [ 329881.592473921424244, 6318729.99420668091625 ], [ 329881.401174540980719, 6318730.001441357657313 ], [ 329881.209778228017967, 6318730.005345826037228 ], [ 329881.018342951545492, 6318730.005918906070292 ], [ 329880.826926692388952, 6318730.003160421736538 ], [ 329880.635587425669655, 6318729.997071210294962 ], [ 329880.444383103051223, 6318729.987653114832938 ], [ 329880.253371635451913, 6318729.974908988922834 ], [ 329880.062610875407699, 6318729.958842691034079 ], [ 329879.872158599377144, 6318729.939459088258445 ], [ 329879.682072490511928, 6318729.916764051653445 ], [ 329879.492410120961722, 6318729.890764453448355 ], [ 329879.303228934586514, 6318729.86146816983819 ], [ 329879.114586229610723, 6318729.828884073533118 ], [ 329878.926539140928071, 6318729.793022032827139 ], [ 329878.739144623279572, 6318729.753892910666764 ], [ 329878.552459433616605, 6318729.711508556269109 ], [ 329878.366540114104282, 6318729.665881807915866 ], [ 329878.181442974891979, 6318729.61702648550272 ], [ 329877.997224077174906, 6318729.564957384951413 ], [ 329877.813939216139261, 6318729.509690277278423 ], [ 329849.254309846030083, 6318720.626079182140529 ], [ 329845.576639439736027, 6318719.516770407557487 ], [ 329841.880406749376561, 6318718.470974311232567 ], [ 329838.166708538716193, 6318717.489001207984984 ], [ 329834.436646753922105, 6318716.571142473258078 ], [ 329830.691328196669929, 6318715.717670458368957 ], [ 329826.931864195736125, 6318714.928838409483433 ], [ 329823.159370277193375, 6318714.204880393110216 ], [ 329819.374965833325405, 6318713.546011225320399 ], [ 329815.579773790726904, 6318712.952426408417523 ], [ 329811.774920276773628, 6318712.424302073195577 ], [ 329807.961534285685048, 6318711.961794928647578 ], [ 329804.140747343597468, 6318711.565042211674154 ], [ 329800.313693172531202, 6318711.234161648899317 ], [ 329796.48150735424133, 6318710.96925141941756 ], [ 329792.645326993137132, 6318710.770390130579472 ], [ 329788.806290378910489, 6318710.637636787258089 ], [ 329784.965536648815032, 6318710.571030782535672 ], [ 329781.124205449479632, 6318710.570591879077256 ], [ 329777.283436599071138, 6318710.636320207268 ], [ 329773.444369748816825, 6318710.768196264281869 ], [ 329769.608144044817891, 6318710.966180919669569 ], [ 329765.7758977903286, 6318711.230215424671769 ], [ 329761.948768107569776, 6318711.560221435502172 ], [ 329758.127890600822866, 6318711.956101030111313 ], [ 329754.314399018941913, 6318712.41773674171418 ], [ 329750.509424919320736, 6318712.944991591386497 ], [ 329746.714097331976518, 6318713.537709129974246 ], [ 329742.929542424622923, 6318714.195713482797146 ], [ 329739.156883168383501, 6318714.918809404596686 ], [ 329735.397239004669245, 6318715.70678233448416 ], [ 329731.651725512987468, 6318716.559398460201919 ], [ 329727.921454079973046, 6318717.47640479169786 ], [ 329724.207531569409184, 6318718.457529229111969 ], [ 329720.511059994169045, 6318719.502480647526681 ], [ 329716.833136188797653, 6318720.610948986373842 ], [ 329713.174851484480314, 6318721.782605334185064 ], [ 329709.537291384709533, 6318723.017102031968534 ], [ 329705.921535243804101, 6318724.31407277379185 ], [ 329702.328655946010258, 6318725.67313271574676 ], [ 329698.759719587571453, 6318727.09387859236449 ], [ 329695.215785160369705, 6318728.575888832099736 ], [ 329691.697904237371404, 6318730.118723685853183 ], [ 329688.207120661099907, 6318731.721925357356668 ], [ 329684.744470233330503, 6318733.385018136352301 ], [ 329681.310980408219621, 6318735.107508541084826 ], [ 329677.907669987296686, 6318736.88888546731323 ], [ 329674.5355488169007, 6318738.728620336391032 ], [ 329671.195617488934658, 6318740.626167252659798 ], [ 329667.888867043715436, 6318742.580963167361915 ], [ 329664.616278676025104, 6318744.59242804441601 ], [ 329661.378823443781585, 6318746.659965031780303 ], [ 329658.177461980143562, 6318748.78296064119786 ], [ 329655.01314420835115, 6318750.960784925147891 ], [ 329651.886809059767984, 6318753.192791671492159 ], [ 329648.799384195473976, 6318755.478318586945534 ], [ 329645.751785730884876, 6318757.816687500104308 ], [ 329642.744917963922489, 6318760.207204558886588 ], [ 329639.779673106677365, 6318762.6491604372859 ], [ 329636.856931020738557, 6318765.141830546781421 ], [ 329633.977558956015855, 6318767.684475250542164 ], [ 329631.142411293520126, 6318770.276340082287788 ], [ 329628.352329291810747, 6318772.916655972599983 ], [ 329625.608140837168321, 6318775.604639473371208 ], [ 329622.910660198365804, 6318778.339492993429303 ], [ 329620.260687784699257, 6318781.120405035093427 ], [ 329617.659009908558801, 6318783.946550431661308 ], [ 329615.106398552132305, 6318786.817090597003698 ], [ 329612.60361113853287, 6318789.731173769570887 ], [ 329610.151390306651592, 6318792.68793526943773 ], [ 329607.750463691132609, 6318795.686497751623392 ], [ 329605.401543706422672, 6318798.725971469655633 ], [ 329603.105327335186303, 6318801.805454535409808 ], [ 329474.779011257924139, 6318977.034812127240002 ], [ 329472.979694499226753, 6318979.448444123379886 ], [ 329471.139587175450288, 6318981.831124387681484 ], [ 329469.259221610904206, 6318984.182163637131453 ], [ 329467.33914177614497, 6318986.500881739892066 ], [ 329465.379903130698949, 6318988.786607912741601 ], [ 329463.382072462351061, 6318991.038680920377374 ], [ 329461.346227723173797, 6318993.2564492598176 ], [ 329459.272957862180192, 6318995.439271353185177 ], [ 329457.162862655241042, 6318997.586515733040869 ], [ 329455.016552531451453, 6318999.697561223059893 ], [ 329452.834648396354169, 6319001.771797119639814 ], [ 329450.617781452601776, 6319003.808623366989195 ], [ 329448.366593017184641, 6319005.807450732216239 ], [ 329446.081734335923102, 6319007.767700975760818 ], [ 329443.763866395223886, 6319009.68880701623857 ], [ 329441.41365973057691, 6319011.570213097147644 ], [ 329439.031794232840184, 6319013.411374947987497 ], [ 329436.618958951381501, 6319015.211759937927127 ], [ 329434.175851894833613, 6319016.970847235061228 ], [ 329431.703179829230066, 6319018.68812795355916 ], [ 329429.201658073230647, 6319020.363105300813913 ], [ 329426.672010291717015, 6319021.995294722728431 ], [ 329424.114968285954092, 6319023.584224044345319 ], [ 329421.531271782121621, 6319025.129433604888618 ], [ 329418.92166821716819, 6319026.630476390011609 ], [ 329411.459720863495022, 6319012.544321437366307 ], [ 329404.242628721927758, 6318998.331158500164747 ], [ 329397.272552801063284, 6318983.995243416167796 ], [ 329390.551580145722255, 6318969.54086877591908 ], [ 329384.081723211798817, 6318954.972362644039094 ], [ 329377.864919263811316, 6318940.294087257236242 ], [ 329371.90302979486296, 6318925.510437721386552 ], [ 329366.197839969128836, 6318910.625840692780912 ], [ 329360.751058087451383, 6318895.644753055647016 ], [ 329355.564315075753257, 6318880.571660585701466 ], [ 329350.639163996675052, 6318865.41107660997659 ], [ 329345.977079584670719, 6318850.167540648952127 ], [ 329341.579457804153208, 6318834.845617064274848 ], [ 329337.447615431912709, 6318819.449893687851727 ], [ 329333.582789662468713, 6318803.984980450943112 ], [ 329329.98613773775287, 6318788.455508001148701 ], [ 329326.658736600598786, 6318772.866126315668225 ], [ 329323.601582572329789, 6318757.221503312699497 ], [ 329320.815591054386459, 6318741.526323449797928 ], [ 329318.301596254052129, 6318725.785286324098706 ], [ 329318.240486854861956, 6318725.354838359169662 ], [ 329318.18687214597594, 6318724.92339279782027 ], [ 329318.140768342243973, 6318724.49108012393117 ], [ 329318.102189386845566, 6318724.058031081221998 ], [ 329318.071146947331727, 6318723.624376637861133 ], [ 329318.047650411899667, 6318723.190247945487499 ], [ 329318.031706886657048, 6318722.755776296369731 ], [ 329318.023321193410084, 6318722.321093090809882 ], [ 329318.02249586826656, 6318721.88632978964597 ], [ 329318.029231160820927, 6318721.451617879793048 ], [ 329318.0435250341543, 6318721.017088830471039 ], [ 329318.065373165300116, 6318720.582874058745801 ], [ 329318.094768946699332, 6318720.149104883894324 ], [ 329318.131703488179483, 6318719.715912491083145 ], [ 329318.176165619515814, 6318719.283427893184125 ], [ 329318.228141893923748, 6318718.851781885139644 ], [ 329318.287616592191625, 6318718.421105011366308 ], [ 329318.3545717272209, 6318717.991527521982789 ], [ 329318.428987049730495, 6318717.563179335556924 ], [ 329318.51084005413577, 6318717.13618999812752 ], [ 329318.600105985533446, 6318716.710688643157482 ], [ 329318.696757846977562, 6318716.286803958006203 ], [ 329318.80076640797779, 6318715.864664136432111 ], [ 329318.912100212997757, 6318715.444396848790348 ], [ 329319.030725591175724, 6318715.026129197329283 ], [ 329319.156606666452717, 6318714.609987678006291 ], [ 329319.289705368399154, 6318714.196098146028817 ], [ 329319.429981443681754, 6318713.784585773944855 ], [ 329319.577392468519974, 6318713.375575018115342 ], [ 329319.73189386096783, 6318712.96918957401067 ], [ 329319.893438895058353, 6318712.56555234733969 ], [ 329320.061978714365978, 6318712.164785409346223 ], [ 329320.237462347140536, 6318711.767009965144098 ], [ 329320.419836721557658, 6318711.372346315532923 ], [ 329320.609046682075132, 6318710.980913817882538 ], [ 329331.460772708756849, 6318689.020566172897816 ], [ 329331.656837897666264, 6318688.632334239780903 ], [ 329331.859627335157711, 6318688.247571928426623 ], [ 329332.069079643930309, 6318687.86639569234103 ], [ 329332.285131430195179, 6318687.488920900970697 ], [ 329332.507717302651145, 6318687.115261802449822 ], [ 329332.736769892217126, 6318686.745531491003931 ], [ 329332.972219872870483, 6318686.379841869696975 ], [ 329333.213995982077904, 6318686.018303621560335 ], [ 329333.462025042681489, 6318685.661026169545949 ], [ 329333.716231985017657, 6318685.308117650449276 ], [ 329333.976539869501721, 6318684.959684876725078 ], [ 329334.242869910085574, 6318684.615833307616413 ], [ 329334.515141498006415, 6318684.276667013764381 ], [ 329334.793272226175759, 6318683.942288650199771 ], [ 329335.077177914208733, 6318683.612799420021474 ], [ 329335.366772633802611, 6318683.288299049250782 ], [ 329335.661968734755646, 6318682.968885752372444 ], [ 329335.962676871567965, 6318682.654656204394996 ], [ 329336.268806030449923, 6318682.345705511048436 ], [ 329336.580263556796126, 6318682.042127182707191 ], [ 329336.896955183357932, 6318681.744013100862503 ], [ 329337.218785058706999, 6318681.451453493908048 ], [ 329337.545655776164494, 6318681.164536909200251 ], [ 329337.877468403428793, 6318680.883350186981261 ], [ 329338.214122512494214, 6318680.607978432439268 ], [ 329338.555516209860798, 6318680.338504990562797 ], [ 329338.901546167791821, 6318680.075011422857642 ], [ 329339.252107654989231, 6318679.817577477544546 ], [ 329339.607094568840694, 6318679.566281071864069 ], [ 329339.96639946725918, 6318679.321198265068233 ], [ 329340.329913601279259, 6318679.08240323420614 ], [ 329340.69752694782801, 6318678.849968254566193 ], [ 329341.069128243310843, 6318678.623963676393032 ], [ 329341.444605016964488, 6318678.404457902535796 ], [ 329341.823843625199515, 6318678.191517369821668 ], [ 329342.206729285768233, 6318677.985206528566778 ], [ 329342.593146112572867, 6318677.785587821155787 ], [ 329342.982977150764782, 6318677.592721665278077 ], [ 329343.376104412251152, 6318677.406666435301304 ], [ 329343.772408911085222, 6318677.227478443644941 ], [ 329344.171770699846093, 6318677.055211923085153 ], [ 329344.574068905669264, 6318676.88991901371628 ], [ 329344.979181767092086, 6318676.731649743393064 ], [ 329345.386986670549959, 6318676.58045201562345 ], [ 329345.797360187803861, 6318676.436371590942144 ], [ 329346.210178113193251, 6318676.299452078528702 ], [ 329346.625315501238219, 6318676.169734919443727 ], [ 329347.042646704358049, 6318676.047259374521673 ], [ 329347.462045411055442, 6318675.932062511332333 ], [ 329347.883384683984332, 6318675.824179197661579 ], [ 329348.306536998599768, 6318675.723642084747553 ], [ 329348.731374281458557, 6318675.630481602624059 ], [ 329349.157767949218396, 6318675.544725948013365 ], [ 329349.585588947462384, 6318675.466401074081659 ], [ 329350.014707789814565, 6318675.395530689507723 ], [ 329350.444994597055484, 6318675.332136242650449 ], [ 329350.876319136354141, 6318675.276236921548843 ], [ 329351.308550860965624, 6318675.227849644608796 ], [ 329351.741558949463069, 6318675.186989056877792 ], [ 329352.175212345493492, 6318675.1536675253883 ], [ 329639.018359454814345, 6318655.62119578756392 ], [ 329639.872340357745998, 6318655.555691562592983 ], [ 329640.725073936628178, 6318655.475568972527981 ], [ 329641.576309974072501, 6318655.380851526744664 ], [ 329642.425798692274839, 6318655.271567017771304 ], [ 329643.273290825891308, 6318655.147747514769435 ], [ 329644.118537695670966, 6318655.009429347701371 ], [ 329644.961291281098966, 6318654.856653105467558 ], [ 329645.801304293214343, 6318654.68946361541748 ], [ 329646.638330247369595, 6318654.507909936830401 ], [ 329647.472123535175342, 6318654.312045343220234 ], [ 329648.302439497085288, 6318654.101927306503057 ], [ 329649.129034493642393, 6318653.877617481164634 ], [ 329649.951665977365337, 6318653.63918168656528 ], [ 329855.620423626853153, 6318592.112737192772329 ], [ 329856.464810147881508, 6318591.874598710797727 ], [ 329857.313192642584909, 6318591.651113418862224 ], [ 329858.165316845173948, 6318591.44234829582274 ], [ 329859.020927368314005, 6318591.248365909792483 ], [ 329859.879767779901158, 6318591.069224399514496 ], [ 329860.741580679779872, 6318590.904977454803884 ], [ 329861.606107776809949, 6318590.755674300715327 ], [ 329862.473089966515545, 6318590.621359685435891 ], [ 329863.342267408617772, 6318590.502073862589896 ], [ 329864.213379604858346, 6318590.397852584719658 ], [ 329865.086165477114264, 6318590.308727085590363 ], [ 329865.960363445687108, 6318590.234724078327417 ], [ 329866.83571150759235, 6318590.175865742377937 ], [ 329867.711947315256111, 6318590.132169716060162 ], [ 329868.588808254920878, 6318590.103649096563458 ], [ 329869.466031525633298, 6318590.09031243249774 ], [ 329870.343354217708111, 6318590.092163719236851 ], [ 329871.22051339171594, 6318590.109202403575182 ], [ 329872.097246157180052, 6318590.141423377208412 ], [ 329872.973289751564153, 6318590.188816985115409 ], [ 329873.848381618736312, 6318590.251369021832943 ], [ 329874.722259487898555, 6318590.329060739837587 ], [ 329875.594661451992579, 6318590.421868856064975 ], [ 329876.465326046338305, 6318590.529765553772449 ], [ 329877.333992327039596, 6318590.652718495577574 ], [ 329878.20039994904073, 6318590.790690832771361 ], [ 329879.064289244182874, 6318590.943641213700175 ], [ 329879.925401299202349, 6318591.111523797735572 ], [ 329880.783478032972198, 6318591.294288270175457 ], [ 329881.638262274267618, 6318591.491879854351282 ], [ 329882.489497838600073, 6318591.704239331185818 ], [ 329883.336929604934994, 6318591.931303055025637 ], [ 329884.180303592409473, 6318592.173002973198891 ], [ 329885.019367036293261, 6318592.429266646504402 ], [ 329885.85386846360052, 6318592.700017272494733 ], [ 329886.683557768759783, 6318592.985173703171313 ], [ 329887.50818628835259, 6318593.284650476649404 ], [ 329888.327506875735708, 6318593.5983578376472 ], [ 329889.141273975197691, 6318593.926201765425503 ], [ 329889.949243695184123, 6318594.26808400452137 ], [ 329890.751173881872091, 6318594.623902088031173 ], [ 329891.546824191464111, 6318594.993549376726151 ], [ 329892.335956162307411, 6318595.37691508512944 ], [ 329893.118333286256529, 6318595.773884314112365 ], [ 329893.893721079744864, 6318596.18433809094131 ], [ 329894.661887153866701, 6318596.608153400011361 ], [ 329895.422601284168195, 6318597.045203220099211 ], [ 329896.175635479565244, 6318597.495356564410031 ], [ 329896.920764050679281, 6318597.95847852062434 ], [ 329897.657763677590992, 6318598.434430286288261 ], [ 329898.386413476604503, 6318598.923069215379655 ], [ 329899.106495066487696, 6318599.424248861148953 ], [ 329899.817792634130456, 6318599.937819016166031 ], [ 329900.520092998747714, 6318600.463625758886337 ], [ 329901.213185676431749, 6318601.001511503010988 ], [ 329901.896862942550797, 6318601.551315039396286 ], [ 329902.570919894671533, 6318602.112871589139104 ], [ 329903.235154513327871, 6318602.686012850143015 ], [ 329903.340448077826295, 6318610.91810713801533 ], [ 329903.304427578055765, 6318619.150795984081924 ], [ 329903.127103626902681, 6318627.381653735414147 ], [ 329902.808528470632154, 6318635.608255280181766 ], [ 329902.348795973113738, 6318643.828176760114729 ], [ 329901.748041588347405, 6318652.03899628482759 ], [ 329901.006442320533097, 6318660.238294647075236 ], [ 329900.124216672149487, 6318668.423656032420695 ], [ 329899.101624578994233, 6318676.592668734490871 ], [ 329897.938967334339395, 6318684.742925860919058 ], [ 329896.636587499408051, 6318692.872026049531996 ] ] ] ] } },
{ "type": "Feature", "properties": { "fid": "68", "Area": 93720.306 }, "geometry": { "type": "MultiPolygon", "coordinates": [ [ [ [ 329839.860272710502613, 6319030.052497367374599 ], [ 329839.118148179259151, 6319030.476552848704159 ], [ 329838.36888324690517, 6319030.887860437855124 ], [ 329837.612696870171931, 6319031.286299937404692 ], [ 329836.849810028448701, 6319031.671754912473261 ], [ 329836.080445659230463, 6319032.0441127223894 ], [ 329835.304828592867125, 6319032.403264553286135 ], [ 329834.523185487021692, 6319032.749105450697243 ], [ 329833.735744760197122, 6319033.081534350290895 ], [ 329832.942736525263172, 6319033.400454105809331 ], [ 329832.14439252205193, 6319033.705771520733833 ], [ 329831.340946049545892, 6319033.997397371567786 ], [ 329830.532631898007821, 6319034.275246438570321 ], [ 329829.71968628000468, 6319034.53923752438277 ], [ 329828.902346761606168, 6319034.789293483830988 ], [ 329828.080852192942984, 6319035.025341243483126 ], [ 329827.255442638357636, 6319035.247311824001372 ], [ 329826.426359306264203, 6319035.455140357837081 ], [ 329825.593844478542451, 6319035.648766113445163 ], [ 329824.758141440106556, 6319035.828132505528629 ], [ 329823.919494407309685, 6319035.99318711925298 ], [ 329823.078148456930649, 6319036.143881721422076 ], [ 329822.234349454462063, 6319036.280172274447978 ], [ 329821.388343982282095, 6319036.402018949389458 ], [ 329820.540379267418757, 6319036.509386139921844 ], [ 329819.69070310954703, 6319036.60224247071892 ], [ 329818.839563808578532, 6319036.68056080583483 ], [ 329817.987210091785528, 6319036.744318258017302 ], [ 329817.133891041448805, 6319036.79349619615823 ], [ 329816.279856021923479, 6319036.828080249018967 ], [ 329815.425354606821202, 6319036.848060309886932 ], [ 329814.570636505959556, 6319036.853430540300906 ], [ 329813.715951492602471, 6319036.844189370051026 ], [ 329812.861549330234993, 6319036.820339500904083 ], [ 329812.007679699803703, 6319036.781887901946902 ], [ 329811.15459212649148, 6319036.728845810517669 ], [ 329810.302535907016136, 6319036.661228725686669 ], [ 329809.451760036754422, 6319036.57905640732497 ], [ 329808.602513136807829, 6319036.482352869585156 ], [ 329701.122340167639777, 6319023.312088650651276 ], [ 329699.391645982512273, 6319023.115298731252551 ], [ 329697.657786698197015, 6319022.948683554306626 ], [ 329695.92128837259952, 6319022.812293672934175 ], [ 329694.182677864155266, 6319022.706170466728508 ], [ 329692.44248267239891, 6319022.630346134305 ], [ 329690.701230777427554, 6319022.584843681193888 ], [ 329688.95945048017893, 6319022.569676912389696 ], [ 329687.217670241661835, 6319022.584850430488586 ], [ 329685.476418523059692, 6319022.630359631031752 ], [ 329683.736223625135608, 6319022.7061907062307 ], [ 329681.997613527986687, 6319022.812320649623871 ], [ 329680.261115730856545, 6319022.948717260733247 ], [ 329678.527257092180662, 6319023.115339155308902 ], [ 329676.796563669631723, 6319023.31213578209281 ], [ 329675.069560560572427, 6319023.53904743026942 ], [ 329673.346771742624696, 6319023.796005254611373 ], [ 329671.628719914937392, 6319024.082931294105947 ], [ 329669.915926339337602, 6319024.399738495238125 ], [ 329668.208910682238638, 6319024.746330735273659 ], [ 329666.508190857130103, 6319025.122602859511971 ], [ 329664.81428286730079, 6319025.528440704569221 ], [ 329663.12770064920187, 6319025.963721139356494 ], [ 329661.448955916741397, 6319026.428312096744776 ], [ 329659.778558005928062, 6319026.922072620131075 ], [ 329658.117013720213436, 6319027.44485290069133 ], [ 329656.464827176940162, 6319027.996494324877858 ], [ 329654.8224996541976, 6319028.576829523779452 ], [ 329653.190529438841622, 6319029.185682421550155 ], [ 329651.569411675387528, 6319029.822868290357292 ], [ 329649.959638215543237, 6319030.488193807192147 ], [ 329648.361697469139472, 6319031.181457108817995 ], [ 329646.776074256107677, 6319031.902447858825326 ], [ 329645.203249658981804, 6319032.650947305373847 ], [ 329643.643700877262745, 6319033.426728351972997 ], [ 329642.097901082481258, 6319034.22955562453717 ], [ 329640.566319274832495, 6319035.059185543097556 ], [ 329639.04942014045082, 6319035.9153663944453 ], [ 329637.54766391107114, 6319036.797838412225246 ], [ 329636.06150622369023, 6319037.706333851441741 ], [ 329634.591397982847411, 6319038.640577072277665 ], [ 329633.137785223603714, 6319039.600284622050822 ], [ 329631.701108976267278, 6319040.585165322758257 ], [ 329630.281805132457521, 6319041.594920359551907 ], [ 329628.880304313031957, 6319042.629243369214237 ], [ 329627.497031737409998, 6319043.687820535153151 ], [ 329626.132407094351947, 6319044.770330681465566 ], [ 329624.78684441500809, 6319045.876445373520255 ], [ 329623.460751946899109, 6319047.0058290110901 ], [ 329622.1545320302248, 6319048.158138936385512 ], [ 329620.868580975860823, 6319049.333025535568595 ], [ 329619.603288945101667, 6319050.530132343992591 ], [ 329618.359039831149857, 6319051.749096157029271 ], [ 329617.136211142700631, 6319052.98954713717103 ], [ 329615.935173889563885, 6319054.25110892765224 ], [ 329614.756292469799519, 6319055.533398767001927 ], [ 329613.599924559472129, 6319056.836027605459094 ], [ 329612.466421003860887, 6319058.158600221388042 ], [ 329611.356125711172353, 6319059.500715342350304 ], [ 329610.269375548290554, 6319060.861965767107904 ], [ 329609.206500238215085, 6319062.241938487626612 ], [ 329608.167822260409594, 6319063.640214817598462 ], [ 329607.153656752721872, 6319065.056370514445007 ], [ 329606.164311415865086, 6319066.48997591342777 ], [ 329605.200086420110893, 6319067.940596053376794 ], [ 329604.261274314019829, 6319069.407790813595057 ], [ 329603.348159935907461, 6319070.891115042380989 ], [ 329602.461020327289589, 6319072.390118694864213 ], [ 329599.555455803114455, 6319077.398678791709244 ], [ 329598.674076991621405, 6319078.888137818314135 ], [ 329597.767053102841601, 6319080.362120336852968 ], [ 329596.834655819169711, 6319081.82018484454602 ], [ 329595.877164423116483, 6319083.261894602328539 ], [ 329594.894865713780746, 6319084.686817774549127 ], [ 329593.88805392064387, 6319086.094527550972998 ], [ 329592.85703061579261, 6319087.484602278098464 ], [ 329591.802104623289779, 6319088.856625583022833 ], [ 329590.723591927031521, 6319090.210186503827572 ], [ 329589.621815575577784, 6319091.544879604130983 ], [ 329588.49710558593506, 6319092.86030510161072 ], [ 329587.349798844428733, 6319094.15606898535043 ], [ 329586.180239005654585, 6319095.431783132255077 ], [ 329584.988776389916893, 6319096.68706542532891 ], [ 329583.775767877988983, 6319097.92153986915946 ], [ 329582.541576804360375, 6319099.134836697950959 ], [ 329581.286572848330252, 6319100.326592491008341 ], [ 329580.011131923412904, 6319101.496450280770659 ], [ 329578.715636064473074, 6319102.644059657119215 ], [ 329577.400473313580733, 6319103.769076874479651 ], [ 329576.066037603712175, 6319104.871164955198765 ], [ 329574.712728640588466, 6319105.949993788264692 ], [ 329573.340951783116907, 6319107.005240230821073 ], [ 329571.951117921969853, 6319108.036588203161955 ], [ 329570.543643356359098, 6319109.04372878279537 ], [ 329569.118949669529684, 6319110.026360300369561 ], [ 329567.677463602391072, 6319110.984188427217305 ], [ 329566.219616925634909, 6319111.916926261968911 ], [ 329564.745846310572233, 6319112.824294419959188 ], [ 329563.256593198166229, 6319113.706021117046475 ], [ 329561.752303666959051, 6319114.561842247843742 ], [ 329560.233428299252409, 6319115.391501465812325 ], [ 329558.700422046356834, 6319116.19475026242435 ], [ 329557.153744092211127, 6319116.971348039805889 ], [ 329555.593857715895865, 6319117.721062181517482 ], [ 329554.02123015280813, 6319118.443668124265969 ], [ 329552.436332454613876, 6319119.138949424959719 ], [ 329550.839639348501805, 6319119.806697824969888 ], [ 329549.2316290945746, 6319120.446713312529027 ], [ 329547.612783342890907, 6319121.058804182335734 ], [ 329545.98358698899392, 6319121.64278709422797 ], [ 329544.344528028799687, 6319122.198487127199769 ], [ 329542.696097412495874, 6319122.725737830623984 ], [ 329541.038788897101767, 6319123.224381275475025 ], [ 329539.373098899202887, 6319123.694268104620278 ], [ 329537.699526345590129, 6319124.135257570073009 ], [ 329536.018572524306364, 6319124.547217582352459 ], [ 329534.330740934296045, 6319124.930024746805429 ], [ 329532.636537134530954, 6319125.283564398996532 ], [ 329530.936468592786696, 6319125.607730643823743 ], [ 329529.231044533429667, 6319125.902426383458078 ], [ 329527.5207757850294, 6319126.167563346214592 ], [ 329525.806174627155997, 6319126.403062115423381 ], [ 329524.087754637235776, 6319126.608852152712643 ], [ 329522.366030536533799, 6319126.784871816635132 ], [ 329520.641518035903573, 6319126.931068383157253 ], [ 329518.914733681478538, 6319127.047398063354194 ], [ 329517.186194699897896, 6319127.133826010860503 ], [ 329515.456418843357824, 6319127.190326339565217 ], [ 329513.725924234546255, 6319127.21688212454319 ], [ 329511.995229211344849, 6319127.213485412299633 ], [ 329510.264852171763778, 6319127.180137219838798 ], [ 329508.535311418585479, 6319127.116847535595298 ], [ 329506.807125004008412, 6319127.023635318502784 ], [ 329505.080810574640054, 6319126.900528486818075 ], [ 329503.356885216373485, 6319126.747563915327191 ], [ 329501.635865299438592, 6319126.564787422306836 ], [ 329499.918266323802527, 6319126.352253754623234 ], [ 329498.204602764802985, 6319126.110026572830975 ], [ 329496.495387918897904, 6319125.838178431615233 ], [ 329494.791133750171866, 6319125.536790759302676 ], [ 329493.092350736726075, 6319125.205953828990459 ], [ 329491.399547717825044, 6319124.845766738988459 ], [ 329489.713231741683558, 6319124.456337374635041 ], [ 329488.03390791331185, 6319124.037782384082675 ], [ 329486.362079243350308, 6319123.590227136388421 ], [ 329485.945286495611072, 6319123.470874956808984 ], [ 329485.530626123596448, 6319123.344313062727451 ], [ 329485.118222831457388, 6319123.210579514503479 ], [ 329484.708200644410681, 6319123.069714531302452 ], [ 329484.300682871602476, 6319122.921760477125645 ], [ 329483.895792069088202, 6319122.766761847771704 ], [ 329483.493650002812501, 6319122.60476525593549 ], [ 329483.094377612171229, 6319122.435819420032203 ], [ 329482.698094973398838, 6319122.259975149296224 ], [ 329482.304921263654251, 6319122.077285327017307 ], [ 329481.914974725223146, 6319121.887804894708097 ], [ 329481.528372629720252, 6319121.691590835340321 ], [ 329481.145231243048329, 6319121.48870215844363 ], [ 329480.765665790298954, 6319121.279199880547822 ], [ 329480.38979042111896, 6319121.063147007487714 ], [ 329480.017718175542541, 6319120.840608512982726 ], [ 329479.64956094964873, 6319120.611651324667037 ], [ 329479.285429462324828, 6319120.376344297081232 ], [ 329478.925433221680578, 6319120.134758196771145 ], [ 329478.569680492160842, 6319119.886965677142143 ], [ 329478.218278262065724, 6319119.633041258901358 ], [ 329477.871332211361732, 6319119.373061307705939 ], [ 329477.528946679842193, 6319119.107104008086026 ], [ 329477.191224635753315, 6319118.835249344818294 ], [ 329476.858267644944135, 6319118.557579073123634 ], [ 329476.53017584013287, 6319118.274176700972021 ], [ 329476.207047890929971, 6319117.985127456486225 ], [ 329475.888980974152219, 6319117.690518268384039 ], [ 329475.57607074448606, 6319117.390437736175954 ], [ 329475.268411306024063, 6319117.084976106882095 ], [ 329474.966095183452126, 6319116.774225243367255 ], [ 329474.669213294691872, 6319116.458278600126505 ], [ 329474.377854923368432, 6319116.137231194414198 ], [ 329474.092107691976707, 6319115.811179577372968 ], [ 329473.812057535513304, 6319115.480221804231405 ], [ 329473.537788675632328, 6319115.144457408227026 ], [ 329473.26938359538326, 6319114.803987365216017 ], [ 329473.006923014298081, 6319114.458914067596197 ], [ 329472.750485864235088, 6319114.109341292642057 ], [ 329472.500149265455548, 6319113.755374168977141 ], [ 329465.134944251389243, 6319102.985287538729608 ], [ 329457.923018388799392, 6319092.11196530982852 ], [ 329450.865818463731557, 6319081.137588783167303 ], [ 329443.964760222646873, 6319070.064359530806541 ], [ 329437.221228088310454, 6319058.89449895452708 ], [ 329434.700877892202698, 6319052.169589020311832 ], [ 329437.701327885384671, 6319050.420985688455403 ], [ 329440.672020699246787, 6319048.622292279265821 ], [ 329443.612120200123172, 6319046.774015055038035 ], [ 329446.52079886541469, 6319044.876674233004451 ], [ 329449.397238015953917, 6319042.930803839117289 ], [ 329452.240628046973143, 6319040.936951561830938 ], [ 329455.05016865557991, 6319038.895678590983152 ], [ 329457.825069066311698, 6319036.807559465058148 ], [ 329460.564548253372777, 6319034.673181907273829 ], [ 329463.267835160891991, 6319032.493146662600338 ], [ 329465.93416891945526, 6319030.268067324534059 ], [ 329468.562799060717225, 6319027.998570165596902 ], [ 329471.152985728287604, 6319025.685293960385025 ], [ 329473.703999886172824, 6319023.328889805823565 ], [ 329476.21512352389982, 6319020.930020936764777 ], [ 329478.685649858554825, 6319018.489362541586161 ], [ 329481.11488353391178, 6319016.007601568475366 ], [ 329483.502140815835446, 6319013.48543653730303 ], [ 329485.846749785065185, 6319010.923577338457108 ], [ 329488.148050525982399, 6319008.322745034471154 ], [ 329490.405395312758628, 6319005.683671657927334 ], [ 329492.618148791254498, 6319003.007100004702806 ], [ 329494.785688158124685, 6319000.293783423490822 ], [ 329496.907403335964773, 6318997.544485608115792 ], [ 329498.982697145198472, 6318994.759980377741158 ], [ 329627.309013222227804, 6318819.530622785910964 ], [ 329629.296321561443619, 6318816.865419953130186 ], [ 329631.329243341926485, 6318814.234844045713544 ], [ 329633.407175345462747, 6318811.639675619080663 ], [ 329635.52950099814916, 6318809.080684724263847 ], [ 329637.695590553455986, 6318806.558630677871406 ], [ 329639.904801278898958, 6318804.074261835776269 ], [ 329642.156477647018619, 6318801.628315371461213 ], [ 329644.449951529735699, 6318799.221517057158053 ], [ 329646.784542396431789, 6318796.854581051506102 ], [ 329649.159557516279165, 6318794.528209680691361 ], [ 329651.574292163481005, 6318792.243093237280846 ], [ 329654.028029826469719, 6318789.999909773468971 ], [ 329656.520042420539539, 6318787.799324895255268 ], [ 329659.049590503855143, 6318785.641991572454572 ], [ 329661.615923496836331, 6318783.528549937531352 ], [ 329664.218279904976953, 6318781.459627102129161 ], [ 329666.855887544690631, 6318779.435836966149509 ], [ 329669.527963772474322, 6318777.457780039869249 ], [ 329672.233715717098676, 6318775.52604325953871 ], [ 329674.972340515058022, 6318773.641199820674956 ], [ 329677.743025548523292, 6318771.803809002041817 ], [ 329680.544948686670978, 6318770.014416003599763 ], [ 329683.377278529515024, 6318768.273551783524454 ], [ 329686.239174654649105, 6318766.581732897087932 ], [ 329689.129787866666447, 6318764.939461350440979 ], [ 329692.048260449024383, 6318763.34722444601357 ], [ 329694.993726418644655, 6318761.805494640022516 ], [ 329697.965311782900244, 6318760.31472940184176 ], [ 329700.962134798755869, 6318758.875371077097952 ], [ 329703.98330623464426, 6318757.487846761010587 ], [ 329707.027929634263273, 6318756.15256816521287 ], [ 329710.09510158241028, 6318754.869931500405073 ], [ 329713.183911973203067, 6318753.640317356213927 ], [ 329716.293444280163385, 6318752.464090590365231 ], [ 329719.422775828104932, 6318751.341600216925144 ], [ 329722.570978066767566, 6318750.273179308511317 ], [ 329725.737116846663412, 6318749.259144891053438 ], [ 329728.920252696028911, 6318748.299797853454947 ], [ 329732.119441099639516, 6318747.395422858186066 ], [ 329735.333732779079583, 6318746.546288255602121 ], [ 329738.562173974409234, 6318745.752646004781127 ], [ 329741.803806727228221, 6318745.0147315999493 ], [ 329745.057669164787512, 6318744.332763996906579 ], [ 329748.322795785556082, 6318743.706945553421974 ], [ 329751.598217745602597, 6318743.137461964972317 ], [ 329754.882963146199472, 6318742.624482212588191 ], [ 329758.176057322009001, 6318742.1681585079059 ], [ 329761.476523130433634, 6318741.768626254983246 ], [ 329764.783381241606548, 6318741.426004004664719 ], [ 329768.095650428789668, 6318741.140393421985209 ], [ 329771.412347859761212, 6318740.911879253573716 ], [ 329774.732489388261456, 6318740.740529305301607 ], [ 329778.055089846020564, 6318740.62639442179352 ], [ 329781.379163335310295, 6318740.56950846966356 ], [ 329784.703723521146458, 6318740.569888327270746 ], [ 329788.027783924306277, 6318740.627533882856369 ], [ 329791.350358213647269, 6318740.742428031750023 ], [ 329794.670460499182809, 6318740.91453668102622 ], [ 329797.987105624401011, 6318741.143808762542903 ], [ 329801.299309458467178, 6318741.430176245048642 ], [ 329804.606089188542683, 6318741.773554157465696 ], [ 329807.90646361123072, 6318742.173840609379113 ], [ 329811.199453423672821, 6318742.630916827358305 ], [ 329814.48408151435433, 6318743.144647184759378 ], [ 329817.75937325268751, 6318743.714879244565964 ], [ 329821.024356778536458, 6318744.34144380595535 ], [ 329824.27806329051964, 6318745.024154950864613 ], [ 329827.519527333264705, 6318745.762810102663934 ], [ 329830.747787084255833, 6318746.557190083898604 ], [ 329833.961884638760239, 6318747.4070591814816 ], [ 329837.160866294463631, 6318748.312165219336748 ], [ 329840.343782834417652, 6318749.272239630110562 ], [ 329872.298222802288365, 6318759.211823008954525 ], [ 329872.545358644623775, 6318759.291047000326216 ], [ 329872.79108684847597, 6318759.374534814618528 ], [ 329873.035333856416401, 6318759.462261460721493 ], [ 329873.278026554384269, 6318759.554200678132474 ], [ 329873.519092293572612, 6318759.65032494533807 ], [ 329873.758458912197966, 6318759.750605488196015 ], [ 329873.996054757211823, 6318759.855012287385762 ], [ 329874.231808705430012, 6318759.963514090515673 ], [ 329874.465650185302366, 6318760.07607841771096 ], [ 329874.697509197460022, 6318760.19267157278955 ], [ 329874.927316336252261, 6318760.313258654437959 ], [ 329875.15500281000277, 6318760.437803566455841 ], [ 329875.380500462080818, 6318760.566269025206566 ], [ 329875.603741790866479, 6318760.69861657731235 ], [ 329875.824659970297944, 6318760.834806603379548 ], [ 329876.04318886960391, 6318760.974798337556422 ], [ 329876.259263073443435, 6318761.11854987218976 ], [ 329876.472817900998052, 6318761.266018177382648 ], [ 329876.683789425820578, 6318761.417159108445048 ], [ 329876.892114494752605, 6318761.571927422657609 ], [ 329877.097730746667366, 6318761.730276790447533 ], [ 329877.300576631503645, 6318761.892159811221063 ], [ 329877.500591428368352, 6318762.057528025470674 ], [ 329877.697715263930149, 6318762.22633193153888 ], [ 329877.891889130114578, 6318762.398520999588072 ], [ 329878.083054902148433, 6318762.574043684639037 ], [ 329878.271155355439987, 6318762.752847445197403 ], [ 329878.456134183157701, 6318762.934878757223487 ], [ 329878.637936012819409, 6318763.120083130896091 ], [ 329878.816506423056126, 6318763.308405126444995 ], [ 329878.991791959793773, 6318763.499788369983435 ], [ 329879.163740152085666, 6318763.694175573065877 ], [ 329879.332299528294243, 6318763.891508545726538 ], [ 329879.497419630992226, 6318764.091728216968477 ], [ 329879.659051032329444, 6318764.294774654321373 ], [ 329879.817145348817576, 6318764.50058707408607 ], [ 329879.971655255765654, 6318764.709103870205581 ], [ 329880.122534501482733, 6318764.920262621715665 ], [ 329880.269737920956686, 6318765.134000121615827 ], [ 329880.413221449707635, 6318765.350252387113869 ], [ 329880.552942136651836, 6318765.568954684771597 ], [ 329880.68885815719841, 6318765.790041547268629 ], [ 329880.820928825472947, 6318766.013446792960167 ], [ 329880.949114606948569, 6318766.239103547297418 ], [ 329881.073377129854634, 6318766.466944260522723 ], [ 329881.193679196818266, 6318766.696900730952621 ], [ 329881.309984796098433, 6318766.92890412081033 ], [ 329881.422259112179745, 6318767.162884981371462 ], [ 329881.530468536366243, 6318767.398773272521794 ], [ 329881.634580676734913, 6318767.636498381383717 ], [ 329881.734564367856365, 6318767.875989147461951 ], [ 329881.830389680166263, 6318768.117173879407346 ], [ 329881.922027928812895, 6318768.359980380162597 ], [ 329882.009451682388317, 6318768.604335966520011 ], [ 329882.09263477101922, 6318768.85016749240458 ], [ 329882.171552294399589, 6318769.09740136936307 ], [ 329882.246180628833827, 6318769.345963588915765 ], [ 329882.316497434861958, 6318769.595779745839536 ], [ 329882.382481663429644, 6318769.846775057725608 ], [ 329882.444113562523853, 6318770.09887439198792 ], [ 329882.501374682993628, 6318770.352002283558249 ], [ 329882.554247883963399, 6318770.606082960031927 ], [ 329882.602717338188086, 6318770.86104036308825 ], [ 329882.646768536535092, 6318771.116798172704875 ], [ 329882.686388292524498, 6318771.373279829509556 ], [ 329882.72156474617077, 6318771.630408557131886 ], [ 329882.752287367649842, 6318771.888107384555042 ], [ 329882.778546960267704, 6318772.146299172192812 ], [ 329882.800335663370788, 6318772.404906631447375 ], [ 329882.817646954616066, 6318772.663852348923683 ], [ 329882.830475651891902, 6318772.923058810643852 ], [ 329882.83881791512249, 6318773.182448424398899 ], [ 329882.842671247024555, 6318773.441943544894457 ], [ 329882.842034494096879, 6318773.701466491445899 ], [ 329882.83690784702776, 6318773.960939577780664 ], [ 329882.82729284040397, 6318774.220285133458674 ], [ 329882.813192352361511, 6318774.479425523430109 ], [ 329882.79461060394533, 6318774.738283175043762 ], [ 329882.771553157421295, 6318774.996780601330101 ], [ 329882.744026914879214, 6318775.254840422421694 ], [ 329882.712040116253775, 6318775.512385389767587 ], [ 329882.675602336588781, 6318775.769338407553732 ], [ 329882.634724482893944, 6318776.025622559711337 ], [ 329839.860272710502613, 6319030.052497367374599 ] ] ] ] } },
{ "type": "Feature", "properties": { "fid": "69", "Area": 31809.651 }, "geometry": { "type": "MultiPolygon", "coordinates": [ [ [ [ 330140.808018144336529, 6319532.640586692839861 ], [ 329987.648013589147013, 6319462.710795062594116 ], [ 329986.102672980923671, 6319460.804408129304647 ], [ 329984.590274666028563, 6319458.871782952919602 ], [ 329983.111264057457447, 6319456.913488707505167 ], [ 329981.66607673530234, 6319454.930102123878896 ], [ 329980.255138318345416, 6319452.922207326628268 ], [ 329978.878864338912535, 6319450.890395655296743 ], [ 329977.537660120404325, 6319448.835265493951738 ], [ 329976.231920657737646, 6319446.757422095164657 ], [ 329974.962030501337722, 6319444.657477399334311 ], [ 329973.728363643633202, 6319442.536049856804311 ], [ 329972.531283409160096, 6319440.393764244392514 ], [ 329971.371142347226851, 6319438.231251480989158 ], [ 329970.248282128362916, 6319436.049148444086313 ], [ 329969.163033443619497, 6319433.848097779788077 ], [ 329968.115715907129925, 6319431.628747714683414 ], [ 329967.106637961987872, 6319429.391751863993704 ], [ 329966.136096789501607, 6319427.137769041582942 ], [ 329965.204378221475054, 6319424.8674630606547 ], [ 329964.311756656330545, 6319422.581502545624971 ], [ 329963.458494977967348, 6319420.280560730025172 ], [ 329962.644844478578307, 6319417.965315257199109 ], [ 329961.871044784493279, 6319415.636447985656559 ], [ 329961.137323785747867, 6319413.294644785113633 ], [ 329960.443897568795364, 6319410.940595334395766 ], [ 329959.79097035311861, 6319408.57499291934073 ], [ 329959.178734430752229, 6319406.198534227907658 ], [ 329958.607370109995827, 6319403.811919147148728 ], [ 329958.077045661979355, 6319401.415850550867617 ], [ 329957.587917271419428, 6319399.01103410217911 ], [ 329957.140128990344238, 6319396.598178037442267 ], [ 329956.733812695951201, 6319394.177992961369455 ], [ 329956.369088051433209, 6319391.751191637478769 ], [ 329956.046062471112236, 6319389.318488776683807 ], [ 329955.764831088483334, 6319386.880600828677416 ], [ 329955.52547672833316, 6319384.438245772384107 ], [ 329955.328069882409181, 6319381.992142898030579 ], [ 329955.172668688581325, 6319379.543012602254748 ], [ 329955.059318913670722, 6319377.091576173901558 ], [ 329954.988053940061945, 6319374.638555578887463 ], [ 329954.958894755807705, 6319372.184673251584172 ], [ 329954.971849948633462, 6319369.730651879683137 ], [ 329955.026915702968836, 6319367.277214189991355 ], [ 329955.124075801635627, 6319364.825082738883793 ], [ 329955.263301630213391, 6319362.374979699961841 ], [ 329955.444552185537759, 6319359.927626646123827 ], [ 329958.876531021669507, 6319318.425131476484239 ], [ 330148.340939359972253, 6319376.088630757294595 ], [ 330149.940080010215752, 6319376.590008420869708 ], [ 330151.530593812989537, 6319377.118114683777094 ], [ 330153.112034051853698, 6319377.672801217995584 ], [ 330154.683956558641512, 6319378.253912234678864 ], [ 330156.245919838431291, 6319378.861284520477057 ], [ 330157.797485193470493, 6319379.494747487828135 ], [ 330159.338216846401338, 6319380.154123218730092 ], [ 330160.86768206267152, 6319380.839226519688964 ], [ 330162.385451272013597, 6319381.549864971078932 ], [ 330163.891098189109471, 6319382.285838980227709 ], [ 330165.384199933498167, 6319383.046941839158535 ], [ 330166.864337148028426, 6319383.832959782332182 ], [ 330168.331094116845634, 6319384.643672046251595 ], [ 330169.784058882156387, 6319385.478850932791829 ], [ 330171.222823359828908, 6319386.338261869736016 ], [ 330172.646983454178553, 6319387.221663481555879 ], [ 330174.056139171181712, 6319388.128807651810348 ], [ 330175.449894731165841, 6319389.059439598582685 ], [ 330176.827858679636847, 6319390.013297940604389 ], [ 330178.189643997524399, 6319390.99011477548629 ], [ 330179.5348682096228, 6319391.989615751430392 ], [ 330180.863153492158744, 6319393.011520144529641 ], [ 330182.174126778903883, 6319394.055540940724313 ], [ 330183.467419865948614, 6319395.121384913101792 ], [ 330184.742669515137095, 6319396.208752703852952 ], [ 330209.08062079717638, 6319417.315766744315624 ], [ 330140.808018144336529, 6319532.640586692839861 ] ] ] ] } },
{ "type": "Feature", "properties": { "fid": "70", "Area": 4927.928 }, "geometry": { "type": "MultiPolygon", "coordinates": [ [ [ [ 329961.177418863400817, 6319450.624851483851671 ], [ 329925.779347328469157, 6319434.462800733745098 ], [ 329924.999657380161807, 6319434.098669493570924 ], [ 329924.226349573757034, 6319433.721173781901598 ], [ 329923.459652965480927, 6319433.330425414256752 ], [ 329922.699794653279241, 6319432.92654013261199 ], [ 329921.94699970970396, 6319432.50963756814599 ], [ 329921.20149111491628, 6319432.079841207712889 ], [ 329920.463489690970164, 6319431.637278360314667 ], [ 329919.73321403627051, 6319431.182080114260316 ], [ 329919.010880460729823, 6319430.714381298981607 ], [ 329918.29670292197261, 6319430.234320449642837 ], [ 329917.590892961539794, 6319429.742039762437344 ], [ 329916.893659642664716, 6319429.237685050815344 ], [ 329916.205209488107357, 6319428.721405708231032 ], [ 329915.52574641891988, 6319428.193354655988514 ], [ 329914.855471694259904, 6319427.653688305988908 ], [ 329914.194583851669449, 6319427.102566509507596 ], [ 329913.543278648226988, 6319426.540152508765459 ], [ 329912.901749002572615, 6319425.96661289408803 ], [ 329912.270184937864542, 6319425.38211754988879 ], [ 329911.648773525434081, 6319424.786839604377747 ], [ 329911.037698829197325, 6319424.180955382063985 ], [ 329910.437141851580236, 6319423.564644346013665 ], [ 329909.847280479385518, 6319422.938089052215219 ], [ 329909.268289431463927, 6319422.301475085318089 ], [ 329908.700340206793044, 6319421.65499101486057 ], [ 329908.143601033720188, 6319420.998828330077231 ], [ 329907.598236820253078, 6319420.333181388676167 ], [ 329907.064409104932565, 6319419.658247358165681 ], [ 329906.542276009276975, 6319418.974226154386997 ], [ 329906.031992190750316, 6319418.281320389360189 ], [ 329905.533708797011059, 6319417.579735301434994 ], [ 329905.047573421266861, 6319416.869678703136742 ], [ 329904.573730058269575, 6319416.151360916905105 ], [ 329904.112319062056486, 6319415.424994708970189 ], [ 329903.663477103982586, 6319414.690795231610537 ], [ 329903.22733713244088, 6319413.948979957029223 ], [ 329902.804028333513997, 6319413.199768614023924 ], [ 329902.393676092557143, 6319412.443383120931685 ], [ 329901.996401957294438, 6319411.680047522298992 ], [ 329901.612323601555545, 6319410.909987919032574 ], [ 329901.241554790583905, 6319410.133432406000793 ], [ 329900.884205347276293, 6319409.350611002184451 ], [ 329900.540381119702943, 6319408.561755579896271 ], [ 329900.210183949675411, 6319407.76709980238229 ], [ 329899.893711642595008, 6319406.966879049316049 ], [ 329899.591057938698214, 6319406.161330346949399 ], [ 329899.302312484825961, 6319405.350692302919924 ], [ 329899.027560808463022, 6319404.535205029882491 ], [ 329898.766884291777387, 6319403.715110078454018 ], [ 329898.520360148104373, 6319402.890650363638997 ], [ 329898.28806139860535, 6319402.062070092186332 ], [ 329898.07005685090553, 6319401.22961469180882 ], [ 329897.866411078721285, 6319400.393530739471316 ], [ 329897.677184402476996, 6319399.554065885953605 ], [ 329892.571162658103276, 6319375.957474755123258 ], [ 329892.394415272632614, 6319375.104814345017076 ], [ 329892.232543834892567, 6319374.24920517578721 ], [ 329892.085597441648133, 6319373.390906760469079 ], [ 329891.953620662912726, 6319372.530179427005351 ], [ 329891.836653528327588, 6319371.667284240946174 ], [ 329891.73473151482176, 6319370.802482924424112 ], [ 329891.647885536251124, 6319369.936037779785693 ], [ 329891.57614193361951, 6319369.068211605772376 ], [ 329891.519522467278875, 6319368.199267621152103 ], [ 329891.478044310410041, 6319367.329469382762909 ], [ 329891.451720043667592, 6319366.459080708213151 ], [ 329891.440557651396375, 6319365.588365591131151 ], [ 329891.44456051918678, 6319364.717588128522038 ], [ 329891.463727433001623, 6319363.847012433223426 ], [ 329891.49805257935077, 6319362.976902556605637 ], [ 329891.547525547095574, 6319362.107522410340607 ], [ 329891.612131330766715, 6319361.2391356844455 ], [ 329891.691850334929768, 6319360.372005767188966 ], [ 329891.78665838012239, 6319359.506395665928721 ], [ 329891.896526710421313, 6319358.642567927017808 ], [ 329892.021422001824249, 6319357.780784555710852 ], [ 329892.16130637266906, 6319356.921306937932968 ], [ 329892.316137394926045, 6319356.064395760186017 ], [ 329892.485868107178248, 6319355.210310929454863 ], [ 329892.670447028707713, 6319354.359311495907605 ], [ 329892.869818175386172, 6319353.511655576527119 ], [ 329893.08392107632244, 6319352.667600269429386 ], [ 329893.312690792430658, 6319351.827401584945619 ], [ 329893.556057936162688, 6319350.991314360871911 ], [ 329893.813948692346457, 6319350.159592189826071 ], [ 329894.086284840654116, 6319349.332487338222563 ], [ 329894.372983779467177, 6319348.510250674560666 ], [ 329894.673958550789393, 6319347.69313158839941 ], [ 329894.989117866614833, 6319346.881377920508385 ], [ 329895.318366136634722, 6319346.075235879980028 ], [ 329895.661603497341275, 6319345.274949976243079 ], [ 329896.018725842179265, 6319344.48076294362545 ], [ 329896.389624853152782, 6319343.692915663123131 ], [ 329896.774188033654355, 6319342.911647097207606 ], [ 329897.17229874280747, 6319342.137194208800793 ], [ 329897.583836230449378, 6319341.369791896082461 ], [ 329898.008675674092956, 6319340.609672918915749 ], [ 329898.446688216703478, 6319339.857067826204002 ], [ 329898.89774100552313, 6319339.112204889766872 ], [ 329899.361697232874576, 6319338.375310031697154 ], [ 329899.838416177139152, 6319337.646606757305562 ], [ 329900.327753245830536, 6319336.92631608992815 ], [ 329900.829560019192286, 6319336.214656498283148 ], [ 329901.343684295308776, 6319335.511843833141029 ], [ 329901.869970136322081, 6319334.818091264925897 ], [ 329902.408257915638387, 6319334.133609212934971 ], [ 329902.958384366414975, 6319333.458605285733938 ], [ 329903.520182630978525, 6319332.793284218758345 ], [ 329904.093482311582193, 6319332.137847807258368 ], [ 329904.678109522035811, 6319331.492494851350784 ], [ 329905.273886940267403, 6319330.857421091757715 ], [ 329905.880633862398099, 6319330.232819150201976 ], [ 329906.498166257457342, 6319329.618878474459052 ], [ 329907.126296822912991, 6319329.015785275958478 ], [ 329907.76483504200587, 6319328.423722479492426 ], [ 329908.413587241142523, 6319327.842869660817087 ], [ 329909.072356648684945, 6319327.273402997292578 ], [ 329909.740943454729859, 6319326.715495212934911 ], [ 329910.419144871819299, 6319326.169315526261926 ], [ 329911.106755196116865, 6319325.635029596276581 ], [ 329911.803565870039165, 6319325.112799476832151 ], [ 329912.509365545585752, 6319324.602783564478159 ], [ 329913.223940148192924, 6319324.105136550962925 ], [ 329913.9470729418681, 6319323.62000937666744 ], [ 329914.678544594731648, 6319323.147549184039235 ], [ 329915.418133245839272, 6319322.687899273820221 ], [ 329916.165614572179038, 6319322.241199061274529 ], [ 329916.920761856832542, 6319321.807584034278989 ], [ 329917.683346057834569, 6319321.387185712344944 ], [ 329918.453135877440218, 6319320.980131604708731 ], [ 329919.229897832381539, 6319320.586545174941421 ], [ 329920.013396324764472, 6319320.206545799039304 ], [ 329920.803393713373225, 6319319.840248735621572 ], [ 329921.599650385964196, 6319319.487765084952116 ], [ 329922.401924831559882, 6319319.149201757274568 ], [ 329923.209973714197986, 6319318.82466144207865 ], [ 329924.023551946389489, 6319318.514242575503886 ], [ 329924.842412763449829, 6319318.218039308674634 ], [ 329925.666307798644993, 6319317.936141483485699 ], [ 329926.494987158104777, 6319317.668634601868689 ], [ 329927.328199497016612, 6319317.415599799714983 ], [ 329928.165692095528357, 6319317.177113824523985 ], [ 329929.00721093575703, 6319316.953249012120068 ], [ 329929.852500778390095, 6319316.744073261506855 ], [ 329930.7013052405091, 6319316.549650017172098 ], [ 329931.553366873122286, 6319316.370038249529898 ], [ 329932.40842723933747, 6319316.205292436294258 ], [ 329933.266226992651355, 6319316.055462545715272 ], [ 329934.126505955762696, 6319315.920594023540616 ], [ 329934.989003199443687, 6319315.800727775320411 ], [ 329935.853457121469546, 6319315.695900157094002 ], [ 329936.719605526363011, 6319315.606142965145409 ], [ 329937.587185704498552, 6319315.531483422964811 ], [ 329938.455934512137901, 6319315.471944174729288 ], [ 329939.325588450999931, 6319315.427543279714882 ], [ 329940.195883748296183, 6319315.398294205777347 ], [ 329941.066556436649989, 6319315.384205822832882 ], [ 329937.944161040883046, 6319353.142946824431419 ], [ 329937.740670966624748, 6319355.889571354724467 ], [ 329937.584194177645259, 6319358.639274889603257 ], [ 329937.474776464689057, 6319361.391252775676548 ], [ 329937.412449846975505, 6319364.144699689932168 ], [ 329937.397232563409489, 6319366.898809881880879 ], [ 329937.42912906705169, 6319369.652777408249676 ], [ 329937.508130023896229, 6319372.405796363018453 ], [ 329937.634212315664627, 6319375.157061121426523 ], [ 329937.807339046383277, 6319377.905766572803259 ], [ 329938.027459553384688, 6319380.651108350604773 ], [ 329938.294509422034025, 6319383.392283078283072 ], [ 329938.608410504588392, 6319386.128488594666123 ], [ 329938.969070943072438, 6319388.858924195170403 ], [ 329939.376385196053889, 6319391.582790861837566 ], [ 329939.830234069784638, 6319394.299291499890387 ], [ 329940.330484752834309, 6319397.0076311705634 ], [ 329940.876990855089389, 6319399.707017323002219 ], [ 329941.469592450477649, 6319402.39666002523154 ], [ 329942.108116123883519, 6319405.075772198848426 ], [ 329942.792375021905173, 6319407.743569844402373 ], [ 329943.522168907395098, 6319410.399272275157273 ], [ 329944.297284218133427, 6319413.042102344334126 ], [ 329945.117494129401166, 6319415.671286670491099 ], [ 329945.982558620278724, 6319418.286055865697563 ], [ 329946.89222454384435, 6319420.885644761845469 ], [ 329947.846225701272488, 6319423.469292630441487 ], [ 329948.844282919890247, 6319426.036243409849703 ], [ 329949.886104134609923, 6319428.585745925083756 ], [ 329950.971384473552462, 6319431.117054105736315 ], [ 329952.099806347338017, 6319433.629427205771208 ], [ 329953.271039541810751, 6319436.122130020521581 ], [ 329954.484741314838175, 6319438.594433101825416 ], [ 329955.740556496602949, 6319441.045612969435751 ], [ 329957.038117593328934, 6319443.474952328018844 ], [ 329958.377044895139989, 6319445.88174027018249 ], [ 329959.756946587061975, 6319448.265272489748895 ], [ 329961.177418863400817, 6319450.624851483851671 ] ] ] ] } },
{ "type": "Feature", "properties": { "fid": "71", "Area": 7905.513 }, "geometry": { "type": "MultiPolygon", "coordinates": [ [ [ [ 329945.984480394457933, 6319274.259480084292591 ], [ 329926.640780554327648, 6319256.463339472189546 ], [ 329926.007431117992382, 6319255.870432624593377 ], [ 329925.384464346629102, 6319255.266625999473035 ], [ 329924.772067795565818, 6319254.652101383544505 ], [ 329924.170425837801304, 6319254.027043791487813 ], [ 329923.579719608591404, 6319253.39164140727371 ], [ 329923.000126950559206, 6319252.746085531078279 ], [ 329922.431822360609658, 6319252.090570518746972 ], [ 329921.874976937077008, 6319251.425293724052608 ], [ 329921.329758328211028, 6319250.750455441884696 ], [ 329920.796330682002008, 6319250.06625884398818 ], [ 329920.274854596354999, 6319249.37290991935879 ], [ 329919.765487071126699, 6319248.670617413707078 ], [ 329919.268381460569799, 6319247.959592765197158 ], [ 329918.783687427290715, 6319247.240050040185452 ], [ 329918.311550897138659, 6319246.512205870822072 ], [ 329917.852114015258849, 6319245.776279386132956 ], [ 329917.405515103542712, 6319245.032492151483893 ], [ 329916.971888618485536, 6319244.281068096868694 ], [ 329916.551365111314226, 6319243.522233451716602 ], [ 329916.144071188056841, 6319242.756216676905751 ], [ 329915.750129471940454, 6319241.983248395845294 ], [ 329915.369658566312864, 6319241.203561324626207 ], [ 329915.002773018612061, 6319240.417390202172101 ], [ 329914.64958328648936, 6319239.624971719458699 ], [ 329914.310195704048965, 6319238.82654444873333 ], [ 329913.984712449950166, 6319238.022348769009113 ], [ 329913.673231516906526, 6319237.212626799941063 ], [ 329913.375846681767143, 6319236.397622322663665 ], [ 329913.09264747769339, 6319235.57758070807904 ], [ 329912.823719166801311, 6319234.752748845145106 ], [ 329912.569142714841291, 6319233.923375063575804 ], [ 329912.328994766692631, 6319233.089709062129259 ], [ 329912.103347623196896, 6319232.252001831308007 ], [ 329911.892269219446462, 6319231.410505576990545 ], [ 329911.695823104470037, 6319230.565473646856844 ], [ 329911.514068421849515, 6319229.717160453088582 ], [ 329911.347059892083053, 6319228.865821396000683 ], [ 329911.194847796170507, 6319228.011712786741555 ], [ 329911.057477960304823, 6319227.155091769993305 ], [ 329910.934991742076818, 6319226.296216245740652 ], [ 329910.827426018251572, 6319225.435344795696437 ], [ 329910.734813173359726, 6319224.572736599482596 ], [ 329910.657181090209633, 6319223.708651361986995 ], [ 329910.594553141330834, 6319222.843349230475724 ], [ 329910.546948181989137, 6319221.97709072008729 ], [ 329910.514380544482265, 6319221.110136633738875 ], [ 329910.496860033948906, 6319220.242747983895242 ], [ 329910.4943919252255, 6319219.37518591247499 ], [ 329910.506976961391047, 6319218.507711615413427 ], [ 329910.534611353417858, 6319217.640586261637509 ], [ 329910.577286781626754, 6319216.774070914834738 ], [ 329910.634990397666115, 6319215.908426454290748 ], [ 329910.707704828877468, 6319215.043913499452174 ], [ 329910.795408183301333, 6319214.180792325176299 ], [ 329910.898074056196492, 6319213.319322791881859 ], [ 329911.015671538247261, 6319212.459764258936048 ], [ 329911.148165224469267, 6319211.602375512942672 ], [ 329911.295515225385316, 6319210.74741468578577 ], [ 329911.457677178608719, 6319209.895139179192483 ], [ 329911.634602262289263, 6319209.045805585570633 ], [ 329911.826237209665123, 6319208.199669611640275 ], [ 329938.22854429675499, 6319096.14573435857892 ], [ 329938.466505762189627, 6319095.257013896480203 ], [ 329938.719858266063966, 6319094.372558003291488 ], [ 329938.988525462686084, 6319093.492633201181889 ], [ 329939.272426391369663, 6319092.617504649795592 ], [ 329939.571475500997622, 6319091.747436061501503 ], [ 329939.885582675517071, 6319090.88268962316215 ], [ 329940.214653261355124, 6319090.023525920696557 ], [ 329940.558588095882442, 6319089.170203854329884 ], [ 329940.917283537157346, 6319088.322980566881597 ], [ 329941.290631495241541, 6319087.482111360877752 ], [ 329941.678519464796409, 6319086.647849625907838 ], [ 329942.080830559134483, 6319085.820446760393679 ], [ 329942.497443544969428, 6319085.00015209428966 ], [ 329942.928232879552525, 6319084.187212817370892 ], [ 329943.373068748100195, 6319083.381873901933432 ], [ 329943.831817102909554, 6319082.584378030151129 ], [ 329944.304339703987353, 6319081.794965520501137 ], [ 329944.790494160610251, 6319081.013874256052077 ], [ 329945.290133974165656, 6319080.241339612752199 ], [ 329945.803108582331333, 6319079.477594386786222 ], [ 329946.32926340441918, 6319078.722868726588786 ], [ 329946.868439887999557, 6319077.977390062063932 ], [ 329947.420475556806196, 6319077.241383038461208 ], [ 329947.985204059456009, 6319076.5150694437325 ], [ 329948.562455219624098, 6319075.798668147996068 ], [ 329949.152055087499321, 6319075.092395031824708 ], [ 329949.753825992054772, 6319074.396462924778461 ], [ 329950.367586594598833, 6319073.711081541143358 ], [ 329950.993151943432167, 6319073.036457413807511 ], [ 329951.63033352966886, 6319072.3727938355878 ], [ 329952.278939343930688, 6319071.720290795899928 ], [ 329952.938773934147321, 6319071.079144921153784 ], [ 329953.609638464753516, 6319070.449549416080117 ], [ 329954.291330776177347, 6319069.831694002263248 ], [ 329954.983645446132869, 6319069.225764867849648 ], [ 329955.686373851320241, 6319068.631944602355361 ], [ 329956.399304230348207, 6319068.050412150099874 ], [ 329957.122221747587901, 6319067.481342749670148 ], [ 329957.854908557841554, 6319066.924907886423171 ], [ 329958.597143871942535, 6319066.38127523753792 ], [ 329959.348704023519531, 6319065.850608620792627 ], [ 329960.109362536051776, 6319065.333067949861288 ], [ 329960.878890191495884, 6319064.828809180296957 ], [ 329961.657055099029094, 6319064.337984267622232 ], [ 329962.443622765073087, 6319063.86074111610651 ], [ 329963.238356164016295, 6319063.39722353965044 ], [ 329964.041015809576493, 6319062.947571216151118 ], [ 329964.851359826803673, 6319062.511919643729925 ], [ 329965.669144025363494, 6319062.090400102548301 ], [ 329966.494121972646099, 6319061.683139613829553 ], [ 329967.326045068504754, 6319061.290260902605951 ], [ 329968.164662619761657, 6319060.911882360465825 ], [ 329969.009721915936098, 6319060.548118006438017 ], [ 329969.860968305438291, 6319060.199077459983528 ], [ 329970.718145272228867, 6319059.864865900948644 ], [ 329971.58099451311864, 6319059.545584039762616 ], [ 329972.449256015650462, 6319059.241328091360629 ], [ 329973.322668136388529, 6319058.952189740724862 ], [ 329974.200967679847963, 6319058.678256115876138 ], [ 329975.083889977773651, 6319058.419609764590859 ], [ 329975.971168968826532, 6319058.176328629255295 ], [ 329976.862537278793752, 6319057.948486018925905 ], [ 329977.757726301206276, 6319057.736150593496859 ], [ 329978.656466278363951, 6319057.539386337623 ], [ 329979.55848638236057, 6319057.358252544887364 ], [ 329980.463514796982054, 6319057.192803799174726 ], [ 329981.371278799313586, 6319057.043089955113828 ], [ 329982.281504842219874, 6319056.909156129695475 ], [ 329983.193918636650778, 6319056.791042681783438 ], [ 329984.108245234296191, 6319056.68878520373255 ], [ 329985.024209110357333, 6319056.602414511144161 ], [ 329985.941534246783704, 6319056.531956629827619 ], [ 329986.859944215160795, 6319056.477432792074978 ], [ 329987.779162260296289, 6319056.438859428279102 ], [ 329988.698911383457016, 6319056.416248162277043 ], [ 329989.618914425838739, 6319056.409605807624757 ], [ 329990.53889415221056, 6319056.418934366665781 ], [ 329991.458573334210087, 6319056.44423102773726 ], [ 329989.523894050740637, 6319060.768551808781922 ], [ 329987.662130359327421, 6319065.124762330204248 ], [ 329985.873807674623094, 6319069.511633210815489 ], [ 329984.159430685103871, 6319073.927926417440176 ], [ 329982.51948321092641, 6319078.372395613230765 ], [ 329980.954428067081608, 6319082.84378650970757 ], [ 329979.464706933067646, 6319087.34083721973002 ], [ 329978.050740228034556, 6319091.862278616987169 ], [ 329976.712926992273424, 6319096.406834688968956 ], [ 329975.451644774526358, 6319100.973222902975976 ], [ 329974.267249525524676, 6319105.560154561884701 ], [ 329973.160075497289654, 6319110.166335172019899 ], [ 329972.130435149243567, 6319114.790464810095727 ], [ 329971.178619059559423, 6319119.431238481774926 ], [ 329970.304895843437407, 6319124.087346501648426 ], [ 329969.509512077260297, 6319128.757474852725863 ], [ 329945.984480394457933, 6319274.259480084292591 ] ] ] ] } },
{ "type": "Feature", "properties": { "fid": "72", "Area": 34374.954 }, "geometry": { "type": "MultiPolygon", "coordinates": [ [ [ [ 330266.198420240718406, 6319290.333728944882751 ], [ 330266.424912503163796, 6319290.459624915383756 ], [ 330266.649196151993237, 6319290.589414687827229 ], [ 330266.871204252471216, 6319290.723059529438615 ], [ 330267.090870548854582, 6319290.860519554466009 ], [ 330267.308129484474193, 6319291.001753740012646 ], [ 330267.522916221001651, 6319291.146719936281443 ], [ 330267.735166657890659, 6319291.295374880544841 ], [ 330267.94481745158555, 6319291.447674207389355 ], [ 330268.15180603438057, 6319291.603572465479374 ], [ 330268.356070632871706, 6319291.763023128733039 ], [ 330268.557550286932383, 6319291.9259786112234 ], [ 330268.756184867233969, 6319292.092390281148255 ], [ 330268.951915093755815, 6319292.262208474799991 ], [ 330269.144682553189341, 6319292.435382510535419 ], [ 330269.334429716342129, 6319292.611860708333552 ], [ 330269.521099955483805, 6319292.791590400971472 ], [ 330269.704637561168056, 6319292.974517947994173 ], [ 330269.8849877587636, 6319293.160588758066297 ], [ 330270.06209672492696, 6319293.349747301079333 ], [ 330270.235911603667773, 6319293.541937124915421 ], [ 330270.406380521948449, 6319293.737100872211158 ], [ 330270.573452605458442, 6319293.935180298052728 ], [ 330270.737077993515413, 6319294.136116289533675 ], [ 330270.8972078540246, 6319294.339848879724741 ], [ 330271.053794398263562, 6319294.546317265368998 ], [ 330271.206790894793812, 6319294.755459830164909 ], [ 330271.356151683663484, 6319294.967214156873524 ], [ 330271.501832189969718, 6319295.181517051532865 ], [ 330271.643788937130012, 6319295.398304556496441 ], [ 330271.781979559804313, 6319295.617511973716319 ], [ 330271.916362816700712, 6319295.83907388523221 ], [ 330272.046898602799047, 6319296.062924167141318 ], [ 330272.17354796116706, 6319296.288996015675366 ], [ 330272.296273094951175, 6319296.517221960239112 ], [ 330272.415037378203124, 6319296.747533890418708 ], [ 330272.52980536717223, 6319296.979863072745502 ], [ 330272.64054281078279, 6319297.214140171185136 ], [ 330272.747216660762206, 6319297.450295268557966 ], [ 330272.849795081536286, 6319297.688257887028158 ], [ 330272.948247459891718, 6319297.92795701045543 ], [ 330273.042544413881842, 6319298.16932110209018 ], [ 330273.132657801616006, 6319298.41227813065052 ], [ 330273.218560729990713, 6319298.656755588017404 ], [ 330273.300227562198415, 6319298.902680512517691 ], [ 330273.377633925818373, 6319299.14997951220721 ], [ 330273.450756719801575, 6319299.398578782565892 ], [ 330273.519574121572077, 6319299.648404132574797 ], [ 330273.584065593429841, 6319299.899381005205214 ], [ 330273.644211888604332, 6319300.151434497907758 ], [ 330273.6999950571917, 6319300.404489390552044 ], [ 330273.75139845139347, 6319300.658470160327852 ], [ 330273.798406730405986, 6319300.913301009684801 ], [ 330273.841005865309853, 6319301.168905888684094 ], [ 330273.879183142795227, 6319301.425208513624966 ], [ 330273.91292716935277, 6319301.682132394984365 ], [ 330273.942227874475066, 6319301.939600857906044 ], [ 330273.967076513741631, 6319302.197537061758339 ], [ 330273.98746567138005, 6319302.455864029936492 ], [ 330274.00338926241966, 6319302.714504667557776 ], [ 330274.014842534728814, 6319302.973381786607206 ], [ 330274.021822070237249, 6319303.232418128289282 ], [ 330274.024325785925612, 6319303.491536387242377 ], [ 330274.022352934582159, 6319303.750659230165184 ], [ 330274.015904105035588, 6319304.009709327481687 ], [ 330274.004981221805792, 6319304.268609368242323 ], [ 330273.989587544696406, 6319304.527282086201012 ], [ 330273.969727667863481, 6319304.785650284029543 ], [ 330273.945407518127467, 6319305.043636854737997 ], [ 330273.916634353634436, 6319305.301164804957807 ], [ 330273.883416761353146, 6319305.558157279156148 ], [ 330273.845764654630329, 6319305.814537581056356 ], [ 330273.803689270338509, 6319306.070229196920991 ], [ 330273.757203165325336, 6319306.325155817903578 ], [ 330273.70632021286292, 6319306.579241366125643 ], [ 330273.651055598340463, 6319306.832410010509193 ], [ 330273.591425814782269, 6319307.084586197510362 ], [ 330273.52744865801651, 6319307.335694666951895 ], [ 330273.459143221261911, 6319307.585660479962826 ], [ 330273.3865298894234, 6319307.834409036673605 ], [ 330273.309630333038513, 6319308.081866100430489 ], [ 330273.228467501932755, 6319308.327957821078598 ], [ 330273.143065618176479, 6319308.572610756382346 ], [ 330273.05345016886713, 6319308.815751891583204 ], [ 330272.959647898678668, 6319309.057308663614094 ], [ 330272.86168680182891, 6319309.297208984382451 ], [ 330272.759596113523003, 6319309.535381257534027 ], [ 330272.653406301571522, 6319309.771754403598607 ], [ 330272.543149057019036, 6319310.006257879547775 ], [ 330272.428857284830883, 6319310.238821701146662 ], [ 330272.310565093997866, 6319310.469376462511718 ], [ 330272.188307787408121, 6319310.697853356599808 ], [ 330272.062121851253323, 6319310.924184198491275 ], [ 330271.932044944434892, 6319311.148301441222429 ], [ 330241.748115289083216, 6319362.134438158012927 ], [ 330240.264364768459927, 6319361.339322417043149 ], [ 330238.76744023244828, 6319360.569295414723456 ], [ 330237.257765868387651, 6319359.824575357139111 ], [ 330235.735769476275891, 6319359.105373277328908 ], [ 330234.201882348104846, 6319358.411892976611853 ], [ 330232.656539145216811, 6319357.7443309687078 ], [ 330231.100177775253542, 6319357.102876421064138 ], [ 330229.533239268232137, 6319356.487711106427014 ], [ 330227.956167651398573, 6319355.899009344168007 ], [ 330226.369409823382739, 6319355.336937956511974 ], [ 330224.773415427713189, 6319354.801656219176948 ], [ 330223.168636725167744, 6319354.293315815739334 ], [ 330221.555528465949465, 6319353.812060796655715 ], [ 330219.93454776040744, 6319353.358027535490692 ], [ 330218.306153949990403, 6319352.931344693526626 ], [ 330216.67080847651232, 6319352.532133180648088 ], [ 330002.645204006345011, 6319302.190305288881063 ], [ 329980.068820538232103, 6319296.880022858269513 ], [ 329979.225306191656273, 6319296.673870512284338 ], [ 329978.385499123251066, 6319296.453100652433932 ], [ 329977.5496526240604, 6319296.217779866419733 ], [ 329976.718018790415954, 6319295.967979126609862 ], [ 329975.890848448150791, 6319295.703773775137961 ], [ 329975.068391076929402, 6319295.425243498757482 ], [ 329974.25089473486878, 6319295.132472301833332 ], [ 329973.438605983857997, 6319294.825548487715423 ], [ 329972.631769815168809, 6319294.50456462521106 ], [ 329971.830629575415514, 6319294.169617526233196 ], [ 329971.035426893504336, 6319293.820808213204145 ], [ 329970.246401607349981, 6319293.458241887390614 ], [ 329969.463791691756342, 6319293.082027901895344 ], [ 329968.687833186704665, 6319292.692279725335538 ], [ 329967.918760125990957, 6319292.289114907383919 ], [ 329967.156804466678295, 6319291.87265504617244 ], [ 329966.402196019364055, 6319291.443025748245418 ], [ 329965.655162378505338, 6319291.000356591306627 ], [ 329964.915928853908554, 6319290.544781088829041 ], [ 329964.184718403033912, 6319290.076436643488705 ], [ 329963.461751563358121, 6319289.59546451177448 ], [ 329962.747246386134066, 6319289.102009757421911 ], [ 329962.041418370441534, 6319288.59622120950371 ], [ 329962.863111188868061, 6319282.859185478650033 ], [ 329963.753725632792339, 6319277.132444347254932 ], [ 329982.887042746355291, 6319158.793134743347764 ], [ 329982.930824190087151, 6319158.536501933820546 ], [ 329982.97905300068669, 6319158.280667621642351 ], [ 329983.03171465016203, 6319158.025708871893585 ], [ 329983.088793275179341, 6319157.771702486090362 ], [ 329983.150271681661252, 6319157.518724978901446 ], [ 329983.216131350491196, 6319157.266852555796504 ], [ 329983.286352442577481, 6319157.016161088831723 ], [ 329983.360913805081509, 6319156.766726094298065 ], [ 329983.439792977645993, 6319156.518622708506882 ], [ 329983.522966199496295, 6319156.271925671026111 ], [ 329983.610408416076098, 6319156.026709292083979 ], [ 329983.702093287021853, 6319155.783047440461814 ], [ 329983.797993193904404, 6319155.541013514623046 ], [ 329983.898079248552676, 6319155.300680422224104 ], [ 329984.002321301959455, 6319155.06212056055665 ], [ 329984.110687952954322, 6319154.825405789539218 ], [ 329984.223146558098961, 6319154.590607417747378 ], [ 329984.339663241233211, 6319154.357796171680093 ], [ 329984.460202903777827, 6319154.12704218365252 ], [ 329984.584729235328268, 6319153.898414961993694 ], [ 329984.713204724597745, 6319153.671983378939331 ], [ 329984.845590670593083, 6319153.447815640829504 ], [ 329984.981847194489092, 6319153.225979274138808 ], [ 329985.121933251386508, 6319153.006541104987264 ], [ 329985.265806642884854, 6319152.789567233994603 ], [ 329985.413424029771704, 6319152.575123021379113 ], [ 329985.56474094488658, 6319152.363273062743247 ], [ 329985.719711806741543, 6319152.154081176035106 ], [ 329985.878289933199994, 6319151.947610376402736 ], [ 329986.040427555388305, 6319151.743922857567668 ], [ 329986.206075832189526, 6319151.543079979717731 ], [ 329986.375184865202755, 6319151.345142240636051 ], [ 329986.547703713236842, 6319151.15016926638782 ], [ 329986.723580408084672, 6319150.958219789899886 ], [ 329986.90276197012281, 6319150.769351631402969 ], [ 329987.085194424027577, 6319150.583621683530509 ], [ 329987.270822815422434, 6319150.401085896417499 ], [ 329987.459591226943303, 6319150.221799253486097 ], [ 329987.651442795584444, 6319150.045815762132406 ], [ 329987.846319729462266, 6319149.873188435100019 ], [ 329988.044163325452246, 6319149.703969271853566 ], [ 329988.244913986593019, 6319149.538209248334169 ], [ 329988.448511240480002, 6319149.375958295539021 ], [ 329988.654893757076934, 6319149.217265288345516 ], [ 329988.863999367284123, 6319149.062178031541407 ], [ 329989.075765081855934, 6319148.910743241198361 ], [ 329989.290127110143658, 6319148.763006535358727 ], [ 329989.507020879362244, 6319148.619012416340411 ], [ 329989.726381054322701, 6319148.478804259561002 ], [ 329989.948141556524206, 6319148.34242430049926 ], [ 329990.172235584701411, 6319148.209913621656597 ], [ 329990.398595634556841, 6319148.081312139518559 ], [ 329990.627153519133572, 6319147.956658591516316 ], [ 329990.857840389478952, 6319147.835990528576076 ], [ 329991.090586755308323, 6319147.719344300217927 ], [ 329991.325322505959775, 6319147.60675504244864 ], [ 329991.561976931523532, 6319147.498256672173738 ], [ 329991.800478744087741, 6319147.393881872296333 ], [ 329992.040756099275313, 6319147.293662083335221 ], [ 329992.282736617780756, 6319147.19762749504298 ], [ 329992.526347407430876, 6319147.105807036161423 ], [ 329992.771515084721614, 6319147.018228366039693 ], [ 329993.018165797344409, 6319146.93491786532104 ], [ 329993.266225246188696, 6319146.855900630354881 ], [ 329993.515618707751855, 6319146.781200464814901 ], [ 329993.766271056840196, 6319146.710839869454503 ], [ 329994.018106788862497, 6319146.64484003931284 ], [ 329994.271050042822026, 6319146.583220855332911 ], [ 329994.525024624075741, 6319146.526000879704952 ], [ 329994.77995402738452, 6319146.473197349347174 ], [ 329995.035761459788773, 6319146.424826169386506 ], [ 329995.292369863949716, 6319146.380901912227273 ], [ 329995.549701941141393, 6319146.341437807306647 ], [ 329995.807680174708366, 6319146.306445743888617 ], [ 329996.06622685334878, 6319146.27593626268208 ], [ 329996.325264094513841, 6319146.249918553046882 ], [ 329996.584713867865503, 6319146.22840045299381 ], [ 329996.844498018850572, 6319146.211388445459306 ], [ 329997.10453829204198, 6319146.198887652717531 ], [ 329997.364756355120335, 6319146.190901842899621 ], [ 329997.625073821982369, 6319146.187433419749141 ], [ 329997.885412276664283, 6319146.188483429141343 ], [ 329998.145693296857644, 6319146.194051554426551 ], [ 329998.405838477658108, 6319146.204136118292809 ], [ 329998.665769454906695, 6319146.218734082765877 ], [ 329998.925407929113135, 6319146.23784105014056 ], [ 329999.184675688797142, 6319146.261451265774667 ], [ 329999.443494634295348, 6319146.289557617157698 ], [ 329999.701786800927948, 6319146.322151637636125 ], [ 329999.959474382863846, 6319146.359223508276045 ], [ 330000.216479756345507, 6319146.400762063451111 ], [ 330000.472725503088441, 6319146.446754788048565 ], [ 330000.72813443368068, 6319146.497187829576433 ], [ 330000.982629610807635, 6319146.552045995369554 ], [ 330001.236134372244123, 6319146.611312760040164 ], [ 330001.488572354370262, 6319146.674970271065831 ], [ 330001.739867514697835, 6319146.742999352514744 ], [ 330001.989944155036937, 6319146.81537951156497 ], [ 330002.238726944371592, 6319146.892088945955038 ], [ 330002.486140941269696, 6319146.973104546777904 ], [ 330002.732111616700422, 6319147.058401910588145 ], [ 330002.97656487650238, 6319147.147955343127251 ], [ 330003.219427083444316, 6319147.241737868636847 ], [ 330003.460625079635065, 6319147.339721234515309 ], [ 330003.700086208584253, 6319147.441875928081572 ], [ 330003.937738336797338, 6319147.548171173781157 ], [ 330004.173509875952732, 6319147.658574955537915 ], [ 330004.407329804031178, 6319147.773054013028741 ], [ 330004.639127687027212, 6319147.891573864035308 ], [ 330004.868833699962124, 6319148.014098804444075 ], [ 330266.198420240718406, 6319290.333728944882751 ] ] ] ] } },
{ "type": "Feature", "properties": { "fid": "73", "Area": 48616.73 }, "geometry": { "type": "MultiPolygon", "coordinates": [ [ [ [ 330359.710268329479732, 6319162.874946835450828 ], [ 330294.434260481968522, 6319273.13797427341342 ], [ 330294.335081533761695, 6319273.302220779471099 ], [ 330294.233052902680356, 6319273.464712430723011 ], [ 330294.128205630171578, 6319273.625399791635573 ], [ 330294.020571615372319, 6319273.784233973361552 ], [ 330293.910183605039492, 6319273.941166652366519 ], [ 330293.797075184062123, 6319274.096150082536042 ], [ 330293.681280764692929, 6319274.249137111008167 ], [ 330293.562835576711223, 6319274.400081193074584 ], [ 330293.441775656072423, 6319274.548936405219138 ], [ 330293.31813783448888, 6319274.695657458156347 ], [ 330293.191959727846552, 6319274.840199714526534 ], [ 330293.063279724970926, 6319274.982519198209047 ], [ 330292.932136975694448, 6319275.122572608292103 ], [ 330292.798571379389614, 6319275.260317335836589 ], [ 330292.662623572337907, 6319275.395711473189294 ], [ 330292.524334915739018, 6319275.528713826090097 ], [ 330292.383747482846957, 6319275.659283930435777 ], [ 330292.240904046513606, 6319275.787382061593235 ], [ 330292.09584806568455, 6319275.912969245575368 ], [ 330291.948623672651593, 6319276.036007274873555 ], [ 330291.799275659373961, 6319276.156458714976907 ], [ 330291.647849463915918, 6319276.274286919273436 ], [ 330291.494391156593338, 6319276.389456040225923 ], [ 330291.33894742600387, 6319276.50193103775382 ], [ 330291.181565564824268, 6319276.611677692271769 ], [ 330291.022293455258477, 6319276.718662614934146 ], [ 330290.861179554718547, 6319276.822853255085647 ], [ 330290.698272881039884, 6319276.924217914231122 ], [ 330290.533622997289058, 6319277.022725752554834 ], [ 330290.367279997095466, 6319277.118346800096333 ], [ 330290.199294489051681, 6319277.211051965132356 ], [ 330290.029717581579462, 6319277.30081304255873 ], [ 330289.858600867213681, 6319277.387602722272277 ], [ 330289.685996407002676, 6319277.471394599415362 ], [ 330289.511956714617554, 6319277.552163182757795 ], [ 330289.336534740345087, 6319277.629883896559477 ], [ 330289.159783855022397, 6319277.704533096402884 ], [ 330288.981757833913434, 6319277.776088070124388 ], [ 330288.802510840178002, 6319277.844527048058808 ], [ 330288.622097408282571, 6319277.909829207696021 ], [ 330288.440572427876759, 6319277.971974682062864 ], [ 330288.257991126505658, 6319278.030944562517107 ], [ 330288.074409053253476, 6319278.086720909923315 ], [ 330287.889882061688695, 6319278.139286752790213 ], [ 330287.704466292751022, 6319278.188626099377871 ], [ 330287.518218157871161, 6319278.234723937697709 ], [ 330287.33119432174135, 6319278.277566243894398 ], [ 330287.143451685027685, 6319278.317139983177185 ], [ 330286.955047366966028, 6319278.353433114476502 ], [ 330286.766038688307162, 6319278.386434596963227 ], [ 330286.576483153563458, 6319278.416134390980005 ], [ 330286.386438433662988, 6319278.442523458041251 ], [ 330286.195962348312605, 6319278.465593772009015 ], [ 330286.00511284841923, 6319278.485338312573731 ], [ 330285.813947998685762, 6319278.501751072704792 ], [ 330285.622525959624909, 6319278.514827059581876 ], [ 330285.430904969980475, 6319278.524562293663621 ], [ 330285.239143329032231, 6319278.530953814275563 ], [ 330285.047299378900789, 6319278.533999676816165 ], [ 330284.855431486794259, 6319278.533698953688145 ], [ 330284.66359802702209, 6319278.530051737092435 ], [ 330284.471857363590971, 6319278.523059137165546 ], [ 330284.280267832218669, 6319278.512723280116916 ], [ 330284.088887722638901, 6319278.499047311022878 ], [ 330283.897775260906201, 6319278.482035391032696 ], [ 330283.706988591526169, 6319278.461692695505917 ], [ 330283.516585759993177, 6319278.43802541308105 ], [ 330283.326624695037026, 6319278.411040745675564 ], [ 330283.137163190927822, 6319278.380746902897954 ], [ 330282.948258890013676, 6319278.347153100185096 ], [ 330282.759969264967367, 6319278.31026955973357 ], [ 330282.572351601556875, 6319278.270107502117753 ], [ 330282.385462981183082, 6319278.226679147221148 ], [ 330282.199360263359267, 6319278.179997706785798 ], [ 330282.014100068423431, 6319278.130077383480966 ], [ 330281.829738760541659, 6319278.076933366246521 ], [ 330281.646332430187613, 6319278.020581821911037 ], [ 330281.463936877553351, 6319277.961039897054434 ], [ 330281.282607595087029, 6319277.898325705900788 ], [ 330281.102399750961922, 6319277.832458328455687 ], [ 330280.923368172137998, 6319277.763457804918289 ], [ 330280.74556732759811, 6319277.691345128230751 ], [ 330280.569051311991643, 6319277.616142237558961 ], [ 330280.393873829103541, 6319277.537872013635933 ], [ 330280.220088175381534, 6319277.456558269448578 ], [ 330280.047747223870829, 6319277.372225743718445 ], [ 330279.876903408090584, 6319277.284900094382465 ], [ 330279.707608705910388, 6319277.194607889279723 ], [ 329996.910562178934924, 6319123.183837038464844 ], [ 329996.744519025436603, 6319123.091542351990938 ], [ 329996.580094503937289, 6319122.99639397021383 ], [ 329996.41733765474055, 6319122.898420269601047 ], [ 329996.256297020474449, 6319122.797650472261012 ], [ 329996.097020632063504, 6319122.69411463290453 ], [ 329995.939555994176771, 6319122.587843631394207 ], [ 329995.783950071199797, 6319122.478869163431227 ], [ 329995.63024927303195, 6319122.36722373124212 ], [ 329995.478499441465829, 6319122.252940633334219 ], [ 329995.328745836392045, 6319122.136053954251111 ], [ 329995.181033122295048, 6319122.016598556190729 ], [ 329995.035405354923569, 6319121.89461006782949 ], [ 329994.891905968310311, 6319121.770124872215092 ], [ 329994.750577761500608, 6319121.643180097453296 ], [ 329994.611462886154186, 6319121.513813604600728 ], [ 329994.474602833739482, 6319121.382063979282975 ], [ 329994.340038423135411, 6319121.247970513999462 ], [ 329994.207809788698796, 6319121.111573204398155 ], [ 329994.077956367982551, 6319120.972912729717791 ], [ 329993.950516890152358, 6319120.832030448131263 ], [ 329993.82552936457796, 6319120.688968376256526 ], [ 329993.703031069075223, 6319120.543769183568656 ], [ 329993.58305853913771, 6319120.396476176567376 ], [ 329993.465647557051852, 6319120.247133284807205 ], [ 329993.350833140895702, 6319120.095785051584244 ], [ 329993.23864953458542, 6319119.942476616241038 ], [ 329993.129130197106861, 6319119.787253702990711 ], [ 329993.022307793085929, 6319119.630162608809769 ], [ 329992.918214182485826, 6319119.471250185742974 ], [ 329992.816880411701277, 6319119.310563830658793 ], [ 329992.718336703779642, 6319119.148151467554271 ], [ 329992.622612449747976, 6319118.984061538241804 ], [ 329992.529736199590843, 6319118.818342980928719 ], [ 329992.439735654043034, 6319118.65104522369802 ], [ 329992.352637655974831, 6319118.482218162156641 ], [ 329992.268468182708602, 6319118.311912150122225 ], [ 329992.187252337986138, 6319118.140177981927991 ], [ 329992.109014344809111, 6319117.967066877521574 ], [ 329992.033777537755668, 6319117.79263046849519 ], [ 329991.961564356577583, 6319117.616920781321824 ], [ 329991.892396339040715, 6319117.439990220591426 ], [ 329991.826294114696793, 6319117.26189155690372 ], [ 329991.763277398829814, 6319117.082677909173071 ], [ 329991.703364986286033, 6319116.902402728796005 ], [ 329991.646574746118858, 6319116.721119782887399 ], [ 329991.592923616291955, 6319116.538883139379323 ], [ 329991.542427598440554, 6319116.355747151188552 ], [ 329991.495101753040217, 6319116.171766439452767 ], [ 329991.450960195274092, 6319115.986995876766741 ], [ 329991.410016090492718, 6319115.801490572281182 ], [ 329991.372281650314108, 6319115.615305852144957 ], [ 329991.337768129305914, 6319115.4284972473979 ], [ 329991.306485821143724, 6319115.241120474413037 ], [ 329991.278444055875298, 6319115.053231418132782 ], [ 329991.253651197068393, 6319114.864886118099093 ], [ 329991.23211463924963, 6319114.676140747964382 ], [ 329991.213840805809014, 6319114.487051602452993 ], [ 329991.198835146962665, 6319114.297675077803433 ], [ 329991.187102138181217, 6319114.108067655935884 ], [ 329991.178645278909244, 6319113.918285888619721 ], [ 329991.1734670913429, 6319113.728386376984417 ], [ 329991.171569119964261, 6319113.538425761274993 ], [ 329991.172951930842828, 6319113.34846069663763 ], [ 329991.177615111577325, 6319113.158547841012478 ], [ 329991.185557271237485, 6319112.968743836507201 ], [ 329991.196776041237172, 6319112.779105293564498 ], [ 329991.211268075392582, 6319112.589688771404326 ], [ 329991.229029051435646, 6319112.400550764985383 ], [ 329991.250053672178183, 6319112.21174768358469 ], [ 329991.274335666850675, 6319112.023335840553045 ], [ 329991.301867793372367, 6319111.835371429100633 ], [ 329991.332641840097494, 6319111.647910511121154 ], [ 329991.366648628609255, 6319111.461008995771408 ], [ 329991.403878016339149, 6319111.274722628295422 ], [ 329991.444318899419159, 6319111.089106969535351 ], [ 329991.487959216407035, 6319110.904217379167676 ], [ 329992.564595892443322, 6319106.664978806860745 ], [ 329993.711315964639653, 6319102.444158592261374 ], [ 329994.927804678969551, 6319098.24291527364403 ], [ 329996.213728131435346, 6319094.062402018345892 ], [ 329997.568733359279577, 6319089.903766299597919 ], [ 329998.992448438133579, 6319085.768149588257074 ], [ 330000.48448258388089, 6319081.656687036156654 ], [ 330002.044426260225009, 6319077.570507165044546 ], [ 330003.671851290913764, 6319073.510731558315456 ], [ 330005.366310977202374, 6319069.478474549949169 ], [ 330007.127340220555197, 6319065.474842922762036 ], [ 330008.954455650295131, 6319061.500935599207878 ], [ 330010.847155756433494, 6319057.557843346148729 ], [ 330012.804921026923694, 6319053.646648470312357 ], [ 330110.45960795332212, 6319040.418786632828414 ], [ 330111.349998883379158, 6319040.311902309767902 ], [ 330112.242065373051446, 6319040.220045655965805 ], [ 330113.135553809464909, 6319040.143242785707116 ], [ 330114.030210175435059, 6319040.08151553478092 ], [ 330114.925780121935531, 6319040.034881450235844 ], [ 330115.82200903998455, 6319040.003353792242706 ], [ 330116.718642133404501, 6319039.986941521987319 ], [ 330117.615424491057638, 6319039.985649307258427 ], [ 330118.512101159372833, 6319039.999477514065802 ], [ 330119.408417214872316, 6319040.028422211296856 ], [ 330120.304117836465593, 6319040.072475171647966 ], [ 330121.198948378209025, 6319040.131623868830502 ], [ 330122.092654441425111, 6319040.20585148781538 ], [ 330122.984981947054621, 6319040.295136925764382 ], [ 330123.875677208183333, 6319040.399454799480736 ], [ 330124.764487001637463, 6319040.518775450065732 ], [ 330125.651158640510403, 6319040.653064956888556 ], [ 330126.535440045699943, 6319040.802285141311586 ], [ 330127.417079817678314, 6319040.966393578797579 ], [ 330128.295827307796571, 6319041.14534361474216 ], [ 330129.171432689821813, 6319041.339084373787045 ], [ 330130.043647030717693, 6319041.54756077658385 ], [ 330130.912222361657768, 6319041.770713551901281 ], [ 330131.77691174816573, 6319042.008479259908199 ], [ 330132.637469360721298, 6319042.260790302418172 ], [ 330218.230052956438158, 6319062.857318960130215 ], [ 330219.907898559235036, 6319063.276447541080415 ], [ 330221.578245102951769, 6319063.724529071711004 ], [ 330223.240593014576007, 6319064.201429537497461 ], [ 330224.89444511331385, 6319064.707006306387484 ], [ 330226.539306759368628, 6319065.241108168847859 ], [ 330228.174686001846567, 6319065.803575383499265 ], [ 330229.800093725789338, 6319066.394239725545049 ], [ 330231.415043798740953, 6319067.012924537062645 ], [ 330233.019053215684835, 6319067.659444780088961 ], [ 330234.611642244039103, 6319068.333607090637088 ], [ 330236.192334566789214, 6319069.035209837369621 ], [ 330237.760657424863894, 6319069.764043183997273 ], [ 330239.316141758987214, 6319070.519889147952199 ], [ 330240.858322349376976, 6319071.302521667443216 ], [ 330242.386737955443095, 6319072.111706670373678 ], [ 330243.900931453274097, 6319072.947202143259346 ], [ 330245.400449972657952, 6319073.808758202940226 ], [ 330246.884845032414887, 6319074.696117172017694 ], [ 330248.353672674507834, 6319075.609013657085598 ], [ 330249.806493596872315, 6319076.547174625098705 ], [ 330251.242873284849338, 6319077.510319487191737 ], [ 330252.662382140988484, 6319078.498160183429718 ], [ 330254.064595613628626, 6319079.510401266627014 ], [ 330255.449094323965255, 6319080.546739992685616 ], [ 330256.81546419125516, 6319081.606866410002112 ], [ 330359.710268329479732, 6319162.874946835450828 ] ] ] ] } },
{ "type": "Feature", "properties": { "fid": "74", "Area": 45352.918 }, "geometry": { "type": "MultiPolygon", "coordinates": [ [ [ [ 330375.853469326742925, 6318966.615119721740484 ], [ 330380.130389848724008, 6318969.967868364416063 ], [ 330384.46380448032869, 6318973.247272310778499 ], [ 330388.852455582353286, 6318976.452379815280437 ], [ 330393.295069484971464, 6318979.582260695286095 ], [ 330397.790356857469305, 6318982.636006600223482 ], [ 330402.337013082054909, 6318985.61273127514869 ], [ 330406.933718632906675, 6318988.511570816859603 ], [ 330411.579139458830468, 6318991.331683928146958 ], [ 330416.271927370631602, 6318994.072252159006894 ], [ 330421.010720432212111, 6318996.732480144128203 ], [ 330425.794143355917186, 6318999.31159583479166 ], [ 330430.620807901665103, 6319001.808850722387433 ], [ 330435.489313279860653, 6319004.223520057275891 ], [ 330440.398246557859238, 6319006.554903055541217 ], [ 330445.346183070156258, 6319008.802323105745018 ], [ 330450.331686831719708, 6319010.965127963572741 ], [ 330455.353310954698827, 6319013.042689943686128 ], [ 330455.594497624784708, 6319013.14252619817853 ], [ 330455.833910469315015, 6319013.246544356457889 ], [ 330456.071476985292975, 6319013.354712919332087 ], [ 330456.307125228748191, 6319013.466999128460884 ], [ 330456.540783836739138, 6319013.583368980325758 ], [ 330456.772382048831787, 6319013.703787232749164 ], [ 330457.001849728636444, 6319013.828217419795692 ], [ 330457.229117384762503, 6319013.956621858291328 ], [ 330457.454116192297079, 6319014.088961663655937 ], [ 330457.676778013235889, 6319014.225196758285165 ], [ 330457.897035417379811, 6319014.365285884588957 ], [ 330458.114821702765767, 6319014.509186618961394 ], [ 330458.33007091563195, 6319014.656855382956564 ], [ 330458.542717870499473, 6319014.808247457258403 ], [ 330458.752698170195799, 6319014.963316993787885 ], [ 330458.959948224830441, 6319015.122017032466829 ], [ 330459.164405271527357, 6319015.284299513325095 ], [ 330459.366007393109612, 6319015.450115290470421 ], [ 330459.564693537075073, 6319015.619414149783552 ], [ 330459.760403533931822, 6319015.792144820094109 ], [ 330459.953078115417156, 6319015.968254993669689 ], [ 330460.142658932658378, 6319016.147691336460412 ], [ 330460.329088573576882, 6319016.330399509519339 ], [ 330460.512310580408666, 6319016.516324181109667 ], [ 330460.692269466759171, 6319016.705409048125148 ], [ 330460.868910734425299, 6319016.897596846334636 ], [ 330461.042180889984593, 6319017.092829376459122 ], [ 330461.212027460860554, 6319017.291047513484955 ], [ 330461.378399011213332, 6319017.492191229946911 ], [ 330461.541245157597587, 6319017.696199611760676 ], [ 330461.700516584271099, 6319017.903010878711939 ], [ 330461.856165057863109, 6319018.11256240028888 ], [ 330462.008143442450091, 6319018.324790716171265 ], [ 330462.156405713176355, 6319018.539631556719542 ], [ 330462.300906970980577, 6319018.757019858807325 ], [ 330462.441603455343284, 6319018.976889790035784 ], [ 330462.578452558373101, 6319019.199174765497446 ], [ 330462.711412837030366, 6319019.42380747012794 ], [ 330462.840444026049227, 6319019.650719875469804 ], [ 330462.965507050044835, 6319019.879843264818192 ], [ 330463.086564035271294, 6319020.111108250916004 ], [ 330463.203578321321402, 6319020.344444798305631 ], [ 330463.316514471895061, 6319020.579782243818045 ], [ 330463.425338285800535, 6319020.817049318924546 ], [ 330463.530016807140782, 6319021.056174170225859 ], [ 330463.630518335383385, 6319021.297084382735193 ], [ 330463.726812435023021, 6319021.539706998504698 ], [ 330463.818869944661856, 6319021.783968543633819 ], [ 330463.906662985798903, 6319022.02979504596442 ], [ 330463.990164971619379, 6319022.277112061157823 ], [ 330464.069350614503492, 6319022.525844691321254 ], [ 330464.144195934175514, 6319022.775917612016201 ], [ 330464.214678264746908, 6319023.027255091816187 ], [ 330464.280776261526626, 6319023.279781015589833 ], [ 330464.342469907656778, 6319023.533418909646571 ], [ 330464.39974051999161, 6319023.78809196408838 ], [ 330464.452570754860062, 6319024.043723053298891 ], [ 330464.500944613362662, 6319024.300234762951732 ], [ 330464.544847446144558, 6319024.557549412362278 ], [ 330464.584265957702883, 6319024.815589076839387 ], [ 330464.619188210752327, 6319025.074275611899793 ], [ 330464.64960362954298, 6319025.333530679345131 ], [ 330464.675503003119957, 6319025.593275765888393 ], [ 330464.696878488175571, 6319025.853432211093605 ], [ 330464.713723611494061, 6319026.113921230658889 ], [ 330464.726033271756023, 6319026.374663938768208 ], [ 330464.733803741110023, 6319026.635581372305751 ], [ 330464.737032666394953, 6319026.896594516932964 ], [ 330464.735719069722109, 6319027.157624326646328 ], [ 330464.729863348940853, 6319027.418591753579676 ], [ 330464.719467277347576, 6319027.679417767561972 ], [ 330464.704534003336448, 6319027.94002337846905 ], [ 330464.685068049118854, 6319028.200329667888582 ], [ 330464.661075309850276, 6319028.460257804021239 ], [ 330464.632563051301986, 6319028.719729071483016 ], [ 330464.599539908056613, 6319028.978664892725646 ], [ 330464.562015880772378, 6319029.236986852250993 ], [ 330464.520002333098091, 6319029.494616720825434 ], [ 330464.473511988297105, 6319029.751476478762925 ], [ 330464.422558925347403, 6319030.007488339208066 ], [ 330464.367158574634232, 6319030.262574773281813 ], [ 330464.307327713584527, 6319030.516658529639244 ], [ 330464.243084461020771, 6319030.769662664271891 ], [ 330464.174448272329755, 6319031.02151055727154 ], [ 330464.101439932885114, 6319031.272125938907266 ], [ 330464.0240815525176, 6319031.521432915702462 ], [ 330463.942396558006294, 6319031.769355986267328 ], [ 330463.856409686675761, 6319032.015820072032511 ], [ 330463.76614697847981, 6319032.260750533081591 ], [ 330463.671635768318083, 6319032.50407319702208 ], [ 330463.572904677654151, 6319032.74571437574923 ], [ 330463.469983605900779, 6319032.985600891523063 ], [ 330463.362903721339535, 6319033.223660098388791 ], [ 330463.251697451749351, 6319033.459819901734591 ], [ 330463.136398474394809, 6319033.694008786231279 ], [ 330463.01704170613084, 6319033.92615582793951 ], [ 330462.893663292576093, 6319034.156190726906061 ], [ 330462.76630059722811, 6319034.384043818339705 ], [ 330462.634992190229241, 6319034.60964610055089 ], [ 330462.499777836550493, 6319034.832929252646863 ], [ 330462.360698484117165, 6319035.053825655952096 ], [ 330462.217796251294203, 6319035.272268416360021 ], [ 330462.071114414138719, 6319035.488191379234195 ], [ 330461.920697393303271, 6319035.701529157347977 ], [ 330461.766590740589891, 6319035.912217142060399 ], [ 330461.608841125154868, 6319036.120191530324519 ], [ 330461.447496319422498, 6319036.325389340519905 ], [ 330461.282605184533168, 6319036.527748430147767 ], [ 330461.114217655616812, 6319036.727207517251372 ], [ 330460.942384726600721, 6319036.923706199042499 ], [ 330460.767158434784506, 6319037.117184968665242 ], [ 330460.588591845240444, 6319037.30758523195982 ], [ 330460.406739034166094, 6319037.494849330745637 ], [ 330448.334286143362988, 6319049.712017325684428 ], [ 330421.887335311330389, 6319076.475993411615491 ], [ 330418.124913053296041, 6319080.348733205348253 ], [ 330414.428787442680914, 6319084.284795987419784 ], [ 330410.800024068448693, 6319088.283046996220946 ], [ 330407.239669098868035, 6319092.342333540320396 ], [ 330403.748748980346136, 6319096.461485331878066 ], [ 330400.328270141093526, 6319100.639314823783934 ], [ 330396.979218701366335, 6319104.874617553316057 ], [ 330393.70256018883083, 6319109.16617248672992 ], [ 330355.137848575657699, 6319073.121188132092357 ], [ 330353.87252187775448, 6319071.958740576170385 ], [ 330352.587409104569815, 6319070.818205117247999 ], [ 330351.282889664638788, 6319069.699918479658663 ], [ 330349.959348695876542, 6319068.604210819117725 ], [ 330348.617176952073351, 6319067.531405624933541 ], [ 330347.256770687410608, 6319066.481819626875222 ], [ 330345.878531539521646, 6319065.455762696452439 ], [ 330344.482866410922725, 6319064.453537760302424 ], [ 330343.070187348872423, 6319063.475440709851682 ], [ 330341.64091142360121, 6319062.521760310977697 ], [ 330340.195460605493281, 6319061.592778122983873 ], [ 330338.73426164011471, 6319060.688768412917852 ], [ 330337.257745922543108, 6319059.809998073615134 ], [ 330335.766349369776435, 6319058.95672654826194 ], [ 330334.260512292210478, 6319058.129205752164125 ], [ 330332.740679263544735, 6319057.327679995447397 ], [ 330331.207298989524134, 6319056.552385916933417 ], [ 330329.660824175574817, 6319055.803552408702672 ], [ 330328.101711392984726, 6319055.081400551833212 ], [ 330326.530420944211073, 6319054.386143549345434 ], [ 330324.947416727081873, 6319053.717986665666103 ], [ 330323.353166097484063, 6319053.077127162367105 ], [ 330321.74813973181881, 6319052.463754242286086 ], [ 330320.132811487885192, 6319051.878048994578421 ], [ 330318.507658264716156, 6319051.320184338837862 ], [ 330316.873159862239845, 6319050.790324974805117 ], [ 330315.229798839252908, 6319050.288627334870398 ], [ 330313.578060371160973, 6319049.815239538438618 ], [ 330311.918432106613182, 6319049.370301344431937 ], [ 330310.251404023671057, 6319048.953944113105536 ], [ 330308.577468285046052, 6319048.566290767863393 ], [ 330133.94216473121196, 6319009.701607715338469 ], [ 330132.262973977485672, 6319009.312689588405192 ], [ 330130.590735966397915, 6319008.894887086004019 ], [ 330128.92594750970602, 6319008.448324333876371 ], [ 330127.269103205821011, 6319007.973134004510939 ], [ 330125.620695293124299, 6319007.469457272440195 ], [ 330123.98121350351721, 6319006.937443777918816 ], [ 330122.351144917018246, 6319006.377251578494906 ], [ 330120.730973817000631, 6319005.789047104306519 ], [ 330119.121181546477601, 6319005.173005106858909 ], [ 330117.522246364795137, 6319004.529308608733118 ], [ 330115.934643305954523, 6319003.858148847706616 ], [ 330114.358844036993105, 6319003.159725222736597 ], [ 330112.795316718344111, 6319002.434245228767395 ], [ 330111.244525864429306, 6319001.681924403645098 ], [ 330109.706932205648627, 6319000.902986256405711 ], [ 330108.182992551708594, 6319000.097662204876542 ], [ 330106.67315965576563, 6318999.26619150582701 ], [ 330105.177882080024574, 6318998.408821184188128 ], [ 330103.697604062210303, 6318997.525805960409343 ], [ 330102.232765383960214, 6318996.617408170364797 ], [ 330100.783801239856984, 6318995.683897696435452 ], [ 330099.351142108265776, 6318994.725551877170801 ], [ 330097.935213623510208, 6318993.742655430920422 ], [ 330096.536436449270695, 6318992.73550037201494 ], [ 330095.15522615367081, 6318991.704385918565094 ], [ 330093.791993085935246, 6318990.649618408642709 ], [ 330092.44714225421194, 6318989.571511207148433 ], [ 330091.121073205431458, 6318988.470384613610804 ], [ 330089.814179906679783, 6318987.346565766260028 ], [ 330088.52685062790988, 6318986.200388544239104 ], [ 330087.259467826865148, 6318985.032193468883634 ], [ 330086.012408035167027, 6318983.842327605932951 ], [ 330084.786041746672709, 6318982.631144455634058 ], [ 330083.580733307288028, 6318981.39900385402143 ], [ 330082.396840806875844, 6318980.146271861158311 ], [ 330081.234715972561389, 6318978.873320657759905 ], [ 330080.094704064540565, 6318977.580528429709375 ], [ 330078.977143773459829, 6318976.268279256299138 ], [ 330077.882367119600531, 6318974.936962999403477 ], [ 330076.810699354391545, 6318973.586975186131895 ], [ 330075.762458863842767, 6318972.218716887757182 ], [ 330074.737957073724829, 6318970.832594606094062 ], [ 330170.652621098735835, 6318861.5204410944134 ], [ 330170.824499114183709, 6318861.327921199612319 ], [ 330170.999663952563424, 6318861.138386924751103 ], [ 330171.178063760511577, 6318860.951894376426935 ], [ 330171.359645726915915, 6318860.768498761579394 ], [ 330171.544356098747812, 6318860.588254370726645 ], [ 330171.732140196778346, 6318860.411214559338987 ], [ 330171.922942431934644, 6318860.237431737594306 ], [ 330172.116706321714446, 6318860.06695734988898 ], [ 330172.313374506949913, 6318859.899841859936714 ], [ 330172.512888768571429, 6318859.736134738661349 ], [ 330172.715190045011695, 6318859.575884448364377 ], [ 330172.920218449900858, 6318859.419138426892459 ], [ 330173.127913289237767, 6318859.265943075530231 ], [ 330173.338213079900015, 6318859.116343743167818 ], [ 330173.551055567630101, 6318858.97038471698761 ], [ 330173.766377745370846, 6318858.828109202906489 ], [ 330173.98411587200826, 6318858.689559319056571 ], [ 330174.204205491347238, 6318858.554776080884039 ], [ 330174.426581451029051, 6318858.42379938531667 ], [ 330174.65117792179808, 6318858.296668007038534 ], [ 330174.877928417292424, 6318858.173419579863548 ], [ 330175.106765813194215, 6318858.054090588353574 ], [ 330175.337622367718723, 6318857.938716356642544 ], [ 330175.570429741113912, 6318857.827331039123237 ], [ 330175.805119016207755, 6318857.719967609271407 ], [ 330176.041620718839113, 6318857.616657848469913 ], [ 330176.279864838172216, 6318857.51743233948946 ], [ 330176.519780847709626, 6318857.422320455312729 ], [ 330176.761297725897748, 6318857.331350352615118 ], [ 330177.00434397731442, 6318857.244548960588872 ], [ 330177.248847653914709, 6318857.161941973492503 ], [ 330177.494736376043875, 6318857.08355384785682 ], [ 330177.741937354148831, 6318857.009407785721123 ], [ 330177.990377410198562, 6318856.939525738358498 ], [ 330178.239982999395579, 6318856.873928391374648 ], [ 330178.490680231829174, 6318856.812635164707899 ], [ 330178.742394894477911, 6318856.755664201453328 ], [ 330178.995052473153919, 6318856.703032366931438 ], [ 330179.248578174447175, 6318856.654755241237581 ], [ 330179.502896948135458, 6318856.610847117379308 ], [ 330179.757933509012219, 6318856.571320991031826 ], [ 330180.013612359587569, 6318856.536188564263284 ], [ 330180.269857812148985, 6318856.505460237152874 ], [ 330180.526594011171255, 6318856.479145105928183 ], [ 330180.783744956017472, 6318856.457250960171223 ], [ 330181.041234523174353, 6318856.439784280955791 ], [ 330181.298986488836817, 6318856.426750240847468 ], [ 330181.556924551725388, 6318856.418152695521712 ], [ 330181.8149723552051, 6318856.413994192145765 ], [ 330182.073053510393947, 6318856.414275960996747 ], [ 330182.331091618339997, 6318856.418997918255627 ], [ 330182.589010292955209, 6318856.428158666007221 ], [ 330182.846733183541801, 6318856.441755494102836 ], [ 330183.104183997260407, 6318856.459784375503659 ], [ 330183.361286521772854, 6318856.482239974662662 ], [ 330183.617964648001362, 6318856.509115642867982 ], [ 330183.874142392422073, 6318856.540403424762189 ], [ 330184.129743919591419, 6318856.576094059273601 ], [ 330184.384693564730696, 6318856.616176979616284 ], [ 330184.638915855903178, 6318856.66064032074064 ], [ 330184.892335536656901, 6318856.709470919333398 ], [ 330185.144877588085365, 6318856.762654322199523 ], [ 330185.396467250946444, 6318856.820174784399569 ], [ 330185.647030048072338, 6318856.882015279494226 ], [ 330185.896491806255654, 6318856.948157498613 ], [ 330186.144778678135481, 6318857.01858186442405 ], [ 330186.391817164374515, 6318857.09326752834022 ], [ 330214.853284017241094, 6318865.965783457271755 ], [ 330219.977818129467778, 6318867.610852584242821 ], [ 330225.073868554492947, 6318869.342144693247974 ], [ 330230.139984659908805, 6318871.159166957251728 ], [ 330235.174724334210623, 6318873.061402146704495 ], [ 330240.176654397509992, 6318875.048308772966266 ], [ 330245.144351009454112, 6318877.119321248494089 ], [ 330250.076400074467529, 6318879.273850041441619 ], [ 330254.971397644432727, 6318881.511281848885119 ], [ 330259.827950318111107, 6318883.830979766324162 ], [ 330264.644675638061017, 6318886.232283473946154 ], [ 330269.420202483946923, 6318888.714509419165552 ], [ 330274.15317146293819, 6318891.276951017789543 ], [ 330278.842235296673607, 6318893.918878848664463 ], [ 330283.48605920461705, 6318896.639540866017342 ], [ 330288.083321284328122, 6318899.438162610866129 ], [ 330292.632712887425441, 6318902.31394743360579 ], [ 330297.132938992464915, 6318905.266076716594398 ], [ 330301.582718573044986, 6318908.293710113503039 ], [ 330305.980784963059705, 6318911.395985783077776 ], [ 330310.325886216829531, 6318914.572020636871457 ], [ 330314.616785465739667, 6318917.820910591632128 ], [ 330318.852261270105373, 6318921.141730823554099 ], [ 330375.853469326742925, 6318966.615119721740484 ] ] ] ] } },
{ "type": "Feature", "properties": { "fid": "75", "Area": 12053.729 }, "geometry": { "type": "MultiPolygon", "coordinates": [ [ [ [ 330147.118759541306645, 6318861.049878064543009 ], [ 330063.553844437992666, 6318956.287253079935908 ], [ 330020.209324411407579, 6318899.703994705341756 ], [ 330019.689930759952404, 6318899.013690176419914 ], [ 330019.182541004265659, 6318898.314515131525695 ], [ 330018.687306608306244, 6318897.606678285636008 ], [ 330018.204375407542102, 6318896.890390939079225 ], [ 330017.733891564595979, 6318896.165866915136576 ], [ 330017.275995526521001, 6318895.433322495780885 ], [ 330016.830823982541915, 6318894.692976358346641 ], [ 330016.398509823600762, 6318893.945049506612122 ], [ 330015.979182102368213, 6318893.189765208400786 ], [ 330015.572965994884726, 6318892.427348930388689 ], [ 330015.179982763191219, 6318891.658028264530003 ], [ 330014.800349719123915, 6318890.882032865658402 ], [ 330014.434180189156905, 6318890.099594379775226 ], [ 330014.081583480816334, 6318889.31094637978822 ], [ 330013.74266484985128, 6318888.51632428728044 ], [ 330013.417525468976237, 6318887.715965311042964 ], [ 330013.106262397428509, 6318886.910108371637762 ], [ 330012.808968552271836, 6318886.098994028754532 ], [ 330012.525732680514921, 6318885.282864413224161 ], [ 330012.256639332510531, 6318884.461963153444231 ], [ 330012.001768837042619, 6318883.636535302735865 ], [ 330011.761197277053725, 6318882.806827262043953 ], [ 330011.534996466885787, 6318881.973086713813245 ], [ 330011.323233931267168, 6318881.13556254375726 ], [ 330011.125972884590738, 6318880.294504765421152 ], [ 330010.943272212462034, 6318879.450164447538555 ], [ 330010.77518645406235, 6318878.602793639525771 ], [ 330010.621765785559546, 6318877.752645296044648 ], [ 330010.483056005556136, 6318876.899973199702799 ], [ 330010.359098521119449, 6318876.045031885616481 ], [ 330010.249930335616227, 6318875.188076568767428 ], [ 330010.155584037362132, 6318874.329363063909113 ], [ 330010.076087790366728, 6318873.469147711060941 ], [ 330010.011465325485915, 6318872.607687297277153 ], [ 330009.961735933553427, 6318871.745238982141018 ], [ 330009.926914459618274, 6318870.882060222327709 ], [ 330009.907011298404541, 6318870.018408687785268 ], [ 330009.902032391401008, 6318869.154542194679379 ], [ 330009.911979224823881, 6318868.29071862064302 ], [ 330009.936848829383962, 6318867.427195829339325 ], [ 330009.976633781159762, 6318866.564231597818434 ], [ 330010.031322203634772, 6318865.702083533629775 ], [ 330010.100897771539167, 6318864.84100900311023 ], [ 330010.185339715331793, 6318863.981265049427748 ], [ 330010.284622827777639, 6318863.123108319938183 ], [ 330010.398717471340206, 6318862.266794989816844 ], [ 330010.527589587145485, 6318861.412580681033432 ], [ 330017.79436284332769, 6318815.913791076280177 ], [ 330017.933419255248737, 6318815.087632554583251 ], [ 330018.086298435693607, 6318814.263919896446168 ], [ 330018.252957463962957, 6318813.442884356714785 ], [ 330018.433349550527055, 6318812.624756443314254 ], [ 330018.62742405035533, 6318811.809765843674541 ], [ 330018.835126477002632, 6318810.998141367919743 ], [ 330019.056398518092465, 6318810.19011087808758 ], [ 330019.291178051498719, 6318809.38590123038739 ], [ 330019.53939916298259, 6318808.585738204419613 ], [ 330019.80099216446979, 6318807.789846446365118 ], [ 330020.075883613724727, 6318806.99844940379262 ], [ 330020.363996335072443, 6318806.211769260466099 ], [ 330020.665249440877233, 6318805.430026876740158 ], [ 330142.124146959569771, 6318843.293360142968595 ], [ 330142.306846988853067, 6318843.352068008854985 ], [ 330142.488495065364987, 6318843.413954118266702 ], [ 330142.669035905273631, 6318843.478999636135995 ], [ 330142.848414561536629, 6318843.547184765338898 ], [ 330143.026576440955978, 6318843.618488755077124 ], [ 330143.203467320592608, 6318843.69288990367204 ], [ 330143.379033364297356, 6318843.770365567877889 ], [ 330143.553221139241941, 6318843.850892167538404 ], [ 330143.725977632042486, 6318843.934445194900036 ], [ 330143.897250264708418, 6318844.020999222062528 ], [ 330144.066986911231652, 6318844.110527904704213 ], [ 330144.235135912778787, 6318844.203003996051848 ], [ 330144.401646093756426, 6318844.298399351537228 ], [ 330144.566466777469032, 6318844.396684938110411 ], [ 330144.729547801369336, 6318844.497830841690302 ], [ 330144.890839532250538, 6318844.601806280203164 ], [ 330145.050292881554924, 6318844.708579608239233 ], [ 330145.20785932027502, 6318844.818118330091238 ], [ 330145.363490893621929, 6318844.930389108136296 ], [ 330145.51714023569366, 6318845.045357773080468 ], [ 330145.668760583852418, 6318845.162989335134625 ], [ 330145.818305792985484, 6318845.283247992396355 ], [ 330145.96573034953326, 6318845.406097144819796 ], [ 330146.110989385459106, 6318845.531499404460192 ], [ 330146.254038691578899, 6318845.659416604787111 ], [ 330146.394834731356241, 6318845.789809815585613 ], [ 330146.533334654115606, 6318845.922639352269471 ], [ 330146.669496307848021, 6318846.057864787057042 ], [ 330146.803278252249584, 6318846.195444965735078 ], [ 330146.934639771294314, 6318846.335338016040623 ], [ 330147.063540885515977, 6318846.477501361630857 ], [ 330147.189942364348099, 6318846.621891736984253 ], [ 330147.313805737998337, 6318846.768465195782483 ], [ 330147.435093309031799, 6318846.91717713046819 ], [ 330147.553768164070789, 6318847.06798227969557 ], [ 330147.669794184854254, 6318847.220834746025503 ], [ 330147.783136059180833, 6318847.375688011758029 ], [ 330147.893759291968308, 6318847.532494945451617 ], [ 330148.001630215381738, 6318847.69120782520622 ], [ 330148.106715999369044, 6318847.851778346113861 ], [ 330148.208984661323484, 6318848.014157639816403 ], [ 330148.308405076211784, 6318848.178296286612749 ], [ 330148.404946985829156, 6318848.344144331291318 ], [ 330148.498581007937901, 6318848.511651298962533 ], [ 330148.589278645347804, 6318848.680766209028661 ], [ 330148.677012294589076, 6318848.851437591947615 ], [ 330148.761755254294258, 6318849.023613505065441 ], [ 330148.843481733114459, 6318849.197241546586156 ], [ 330148.922166858043056, 6318849.372268874198198 ], [ 330148.99778668145882, 6318849.548642218112946 ], [ 330149.070318188692909, 6318849.726307900622487 ], [ 330149.139739305188414, 6318849.905211849138141 ], [ 330149.206028902728576, 6318850.085299614816904 ], [ 330149.269166806421708, 6318850.266516389325261 ], [ 330149.329133800405543, 6318850.448807019740343 ], [ 330149.38591163395904, 6318850.632116026245058 ], [ 330149.439483027032111, 6318850.816387619823217 ], [ 330149.489831675193273, 6318851.001565717160702 ], [ 330149.536942255159374, 6318851.187593961134553 ], [ 330149.580800428986549, 6318851.374415733851492 ], [ 330149.621392848493997, 6318851.561974177137017 ], [ 330149.658707159629557, 6318851.750212208367884 ], [ 330149.692732005845755, 6318851.939072538167238 ], [ 330149.723457031883299, 6318852.128497687168419 ], [ 330149.750872886623256, 6318852.318430003710091 ], [ 330149.774971226172056, 6318852.508811684325337 ], [ 330149.795744716248009, 6318852.699584785848856 ], [ 330149.813187034567818, 6318852.8906912477687 ], [ 330149.827292872651014, 6318853.08207290712744 ], [ 330149.83805793733336, 6318853.273671518079937 ], [ 330149.845478952396661, 6318853.465428767725825 ], [ 330149.849553659267258, 6318853.657286295667291 ], [ 330149.850280817772727, 6318853.849185710772872 ], [ 330149.847660206607543, 6318854.041068608872592 ], [ 330149.841692623449489, 6318854.232876591384411 ], [ 330149.832379884377588, 6318854.424551282078028 ], [ 330149.819724823813885, 6318854.616034345701337 ], [ 330149.803731293184683, 6318854.807267504744232 ], [ 330149.784404160047416, 6318854.998192558996379 ], [ 330149.761749306635465, 6318855.188751399517059 ], [ 330149.73577362782089, 6318855.378886031918228 ], [ 330149.70648502925178, 6318855.568538588471711 ], [ 330149.673892424732912, 6318855.757651349529624 ], [ 330149.638005733781029, 6318855.946166758425534 ], [ 330149.598835878307, 6318856.134027442894876 ], [ 330149.556394779589027, 6318856.32117622718215 ], [ 330149.510695354372729, 6318856.507556152530015 ], [ 330149.461751511145849, 6318856.693110496737063 ], [ 330149.409578145772684, 6318856.877782785333693 ], [ 330149.354191137012094, 6318857.061516813933849 ], [ 330149.295607341686264, 6318857.244256664998829 ], [ 330149.233844589674845, 6318857.425946721807122 ], [ 330149.168921678094193, 6318857.60653168708086 ], [ 330149.100858366116881, 6318857.78595660161227 ], [ 330149.029675368510652, 6318857.964166856370866 ], [ 330148.955394349584822, 6318858.141108215786517 ], [ 330148.878037916496396, 6318858.316726826131344 ], [ 330148.79762961238157, 6318858.490969240665436 ], [ 330148.714193909196183, 6318858.663782428018749 ], [ 330148.627756200381555, 6318858.835113792680204 ], [ 330148.538342792890035, 6318859.004911191761494 ], [ 330148.445980899326969, 6318859.173122948035598 ], [ 330148.350698629801627, 6318859.339697865769267 ], [ 330148.252524983079638, 6318859.504585250280797 ], [ 330148.151489837910049, 6318859.667734916321933 ], [ 330148.047623944003135, 6318859.829097211360931 ], [ 330147.940958912600763, 6318859.98862302582711 ], [ 330147.831527206813917, 6318860.146263807080686 ], [ 330147.719362131785601, 6318860.301971578970551 ], [ 330147.604497824562714, 6318860.455698951147497 ], [ 330147.48696924361866, 6318860.607399138621986 ], [ 330147.366812158434186, 6318860.757025972008705 ], [ 330147.244063138321508, 6318860.904533911496401 ], [ 330147.118759541306645, 6318861.049878064543009 ] ] ] ] } },
{ "type": "Feature", "properties": { "fid": "76", "Area": 7378.575 }, "geometry": { "type": "MultiPolygon", "coordinates": [ [ [ [ 330184.584599328925833, 6318818.350759345106781 ], [ 330184.458555450895801, 6318818.491940601728857 ], [ 330184.33010123600252, 6318818.630932402797043 ], [ 330184.19927471014671, 6318818.767693605273962 ], [ 330184.066114601388108, 6318818.902183722704649 ], [ 330183.930660328711383, 6318819.034362942911685 ], [ 330183.79295199009357, 6318819.164192137308419 ], [ 330183.653030350920744, 6318819.291632873937488 ], [ 330183.510936831706204, 6318819.416647424921393 ], [ 330183.366713495808654, 6318819.539198784157634 ], [ 330183.220403037266806, 6318819.659250672906637 ], [ 330183.072048767760862, 6318819.776767552830279 ], [ 330182.921694604156073, 6318819.891714635305107 ], [ 330182.769385055231396, 6318820.004057893529534 ], [ 330182.615165208640974, 6318820.113764069974422 ], [ 330182.459080717584584, 6318820.220800689421594 ], [ 330182.301177787187044, 6318820.325136066414416 ], [ 330182.141503160935827, 6318820.426739314571023 ], [ 330181.980104106653016, 6318820.525580355897546 ], [ 330181.817028402816504, 6318820.621629932895303 ], [ 330181.6523243241827, 6318820.714859609492123 ], [ 330181.486040627409238, 6318820.805241789668798 ], [ 330181.318226537026931, 6318820.892749717459083 ], [ 330181.148931730305776, 6318820.97735748719424 ], [ 330180.978206323052291, 6318821.059040052816272 ], [ 330180.806100854591932, 6318821.137773235328496 ], [ 330180.632666272576898, 6318821.213533726520836 ], [ 330180.457953918317799, 6318821.286299100145698 ], [ 330180.282015511242207, 6318821.356047814711928 ], [ 330180.10490313381888, 6318821.422759223729372 ], [ 330179.926669216016307, 6318821.486413577571511 ], [ 330179.747366519819479, 6318821.546992034651339 ], [ 330179.567048123455606, 6318821.604476660490036 ], [ 330179.385767406085506, 6318821.658850438892841 ], [ 330179.203578031563666, 6318821.710097273811698 ], [ 330179.020533932722174, 6318821.758201994933188 ], [ 330178.836689295538235, 6318821.803150361403823 ], [ 330178.652098542836029, 6318821.844929067417979 ], [ 330178.466816318454221, 6318821.883525745943189 ], [ 330178.28089747071499, 6318821.918928971514106 ], [ 330178.094397036591545, 6318821.951128263026476 ], [ 330177.907370225177146, 6318821.980114088393748 ], [ 330177.719872401328757, 6318822.005877868272364 ], [ 330177.531959069427103, 6318822.028411975130439 ], [ 330177.343685856671073, 6318822.04770973790437 ], [ 330177.155108497070614, 6318822.063765444792807 ], [ 330176.966282814391889, 6318822.07657434232533 ], [ 330176.777264706150163, 6318822.086132639087737 ], [ 330176.588110126671381, 6318822.092437504790723 ], [ 330176.398875070677605, 6318822.095487073995173 ], [ 330176.209615556814242, 6318822.095280443318188 ], [ 330176.020387610886246, 6318822.091817675158381 ], [ 330175.83124724944355, 6318822.085099793039262 ], [ 330175.642250462900847, 6318822.075128785334527 ], [ 330175.453453199472278, 6318822.061907606199384 ], [ 330175.264911348058376, 6318822.045440166257322 ], [ 330175.076680722122546, 6318822.025731342844665 ], [ 330174.888817042810842, 6318822.002786969766021 ], [ 330174.701375922828447, 6318821.976613837294281 ], [ 330174.514412849675864, 6318821.94721969589591 ], [ 330174.327983169350773, 6318821.914613245986402 ], [ 330174.142142070108093, 6318821.878804139792919 ], [ 330173.956944565696176, 6318821.839802977629006 ], [ 330173.772445479524322, 6318821.79762130510062 ], [ 330173.588699428248219, 6318821.752271609380841 ], [ 330173.405760805530008, 6318821.703767314553261 ], [ 330173.223683766031172, 6318821.652122779749334 ], [ 330173.042522209463641, 6318821.597353292629123 ], [ 330041.83230405888753, 6318780.694164481945336 ], [ 330042.542865268420428, 6318780.284318642690778 ], [ 330043.26005445321789, 6318779.886184849776328 ], [ 330043.983678583055735, 6318779.499870258383453 ], [ 330044.713542895682622, 6318779.125478846952319 ], [ 330045.449450949323364, 6318778.763111379928887 ], [ 330046.19120467553148, 6318778.41286538913846 ], [ 330046.938604432507418, 6318778.074835143052042 ], [ 330047.691449058940634, 6318777.7491116207093 ], [ 330048.449535927851684, 6318777.435782491229475 ], [ 330049.212661001482047, 6318777.134932085871696 ], [ 330049.980618885951117, 6318776.846641378477216 ], [ 330050.753202886669897, 6318776.570987962186337 ], [ 330051.530205063929316, 6318776.308046028017998 ], [ 330052.311416288954206, 6318776.057886346243322 ], [ 330053.096626300015487, 6318775.820576247759163 ], [ 330053.88562375906622, 6318775.596179603599012 ], [ 330105.541594066948164, 6318761.361794902011752 ], [ 330106.377767110418063, 6318761.139144662767649 ], [ 330107.21766801335616, 6318760.930998173542321 ], [ 330108.061045222624671, 6318760.737417775206268 ], [ 330108.907646143925376, 6318760.55846144631505 ], [ 330109.757217217353173, 6318760.394182783551514 ], [ 330110.609503993473481, 6318760.244630989618599 ], [ 330111.464251209516078, 6318760.109850856475532 ], [ 330112.321202865801752, 6318759.989882750436664 ], [ 330113.18010230246, 6318759.884762602858245 ], [ 330114.040692276088521, 6318759.79452189616859 ], [ 330114.902715037111193, 6318759.719187660142779 ], [ 330115.765912406728603, 6318759.658782456070185 ], [ 330116.630025854508858, 6318759.613324374891818 ], [ 330117.494796575512737, 6318759.582827033475041 ], [ 330118.359965567884501, 6318759.567299564369023 ], [ 330119.225273710675538, 6318759.5667466185987 ], [ 330120.090461841144133, 6318759.581168361008167 ], [ 330120.955270832404494, 6318759.61056047398597 ], [ 330121.819441671366803, 6318759.654914152808487 ], [ 330122.682715535862371, 6318759.714216114021838 ], [ 330123.544833872467279, 6318759.7884485963732 ], [ 330124.405538473743945, 6318759.877589367330074 ], [ 330125.264571555773728, 6318759.981611728668213 ], [ 330126.121675835282076, 6318760.100484524853528 ], [ 330126.97659460658906, 6318760.234172154217958 ], [ 330127.829071818618104, 6318760.382634576410055 ], [ 330128.678852151555475, 6318760.545827325433493 ], [ 330129.525681093335152, 6318760.723701525479555 ], [ 330130.369305015774444, 6318760.916203903034329 ], [ 330131.209471250593197, 6318761.123276801779866 ], [ 330132.045928165258374, 6318761.344858204014599 ], [ 330132.878425238071941, 6318761.580881743691862 ], [ 330133.706713133258745, 6318761.831276732496917 ], [ 330134.53054377582157, 6318762.095968175679445 ], [ 330135.349670425697695, 6318762.374876797199249 ], [ 330136.163847751682624, 6318762.667919063009322 ], [ 330136.972831904888153, 6318762.975007206201553 ], [ 330148.068625937099569, 6318767.297153729014099 ], [ 330148.882691093720496, 6318767.606120155192912 ], [ 330149.702013104513753, 6318767.900863728486001 ], [ 330150.526343497913331, 6318768.18129506520927 ], [ 330151.355432283424307, 6318768.447329117916524 ], [ 330152.189028027525637, 6318768.698885209858418 ], [ 330153.02687792974757, 6318768.935887050814927 ], [ 330153.868727899738587, 6318769.158262768760324 ], [ 330154.714322633808479, 6318769.36594492290169 ], [ 330155.563405692810193, 6318769.558870532549918 ], [ 330156.415719579556026, 6318769.736981088295579 ], [ 330157.271005817165133, 6318769.900222576223314 ], [ 330158.129005027352832, 6318770.048545490950346 ], [ 330158.989457008952741, 6318770.181904851458967 ], [ 330159.852100817137398, 6318770.300260214135051 ], [ 330160.716674842231441, 6318770.403575685806572 ], [ 330161.582916889339685, 6318770.491819935850799 ], [ 330162.450564257509541, 6318770.564966200850904 ], [ 330163.319353819824755, 6318770.622992299497128 ], [ 330164.189022102800664, 6318770.665880634449422 ], [ 330165.059305366536137, 6318770.693618198856711 ], [ 330165.929939684749115, 6318770.706196581013501 ], [ 330166.800661024462897, 6318770.703611966222525 ], [ 330167.671205326449126, 6318770.685865137726068 ], [ 330168.541308585205115, 6318770.652961478568614 ], [ 330169.410706928872969, 6318770.604910966940224 ], [ 330170.279136699449737, 6318770.541728174313903 ], [ 330171.146334532648325, 6318770.463432262651622 ], [ 330172.012037437758408, 6318770.370046976022422 ], [ 330172.875982877390925, 6318770.261600634083152 ], [ 330173.737908847280778, 6318770.138126126490533 ], [ 330174.597553955507465, 6318769.999660897068679 ], [ 330175.454657501773909, 6318769.846246939152479 ], [ 330176.308959556685295, 6318769.677930776029825 ], [ 330177.160201040329412, 6318769.494763453491032 ], [ 330178.008123801148031, 6318769.296800518408418 ], [ 330178.852470693760552, 6318769.084102007560432 ], [ 330179.692985657427926, 6318768.856732424348593 ], [ 330180.52941379341064, 6318768.614760721102357 ], [ 330181.361501442443114, 6318768.358260280452669 ], [ 330182.188996261451393, 6318768.08730889018625 ], [ 330183.011647300329059, 6318767.801988719031215 ], [ 330183.829205077840015, 6318767.502386295236647 ], [ 330184.641421657346655, 6318767.188592478632927 ], [ 330185.448050722072367, 6318766.860702430829406 ], [ 330186.248847649723757, 6318766.518815589137375 ], [ 330187.043569586705416, 6318766.163035636767745 ], [ 330187.831975521636195, 6318765.793470468372107 ], [ 330188.613826358690858, 6318765.410232161171734 ], [ 330189.388884989893995, 6318765.01343693677336 ], [ 330190.156916367181111, 6318764.603205130435526 ], [ 330190.917687573586591, 6318764.179661150090396 ], [ 330191.670967893849593, 6318763.742933442816138 ], [ 330192.416528884437867, 6318763.293154451064765 ], [ 330193.154144442931283, 6318762.830460579134524 ], [ 330193.883590876299422, 6318762.354992143809795 ], [ 330194.604646969062742, 6318761.866893339902163 ], [ 330195.317094050173182, 6318761.366312189027667 ], [ 330196.020716059487313, 6318760.853400501422584 ], [ 330196.715299613017123, 6318760.328313823789358 ], [ 330197.400634068064392, 6318759.791211397387087 ], [ 330198.076511586550623, 6318759.242256105877459 ], [ 330198.742727198638022, 6318758.681614428758621 ], [ 330199.399078864487819, 6318758.109456389211118 ], [ 330200.045367535669357, 6318757.525955501943827 ], [ 330200.681397215405013, 6318756.931288722902536 ], [ 330201.306975018291268, 6318756.325636393390596 ], [ 330201.921911228448153, 6318755.709182186983526 ], [ 330202.526019357319456, 6318755.082113051787019 ], [ 330203.119116200134158, 6318754.444619156420231 ], [ 330203.701021891320124, 6318753.796893830411136 ], [ 330204.271559959393926, 6318753.139133505523205 ], [ 330212.404724995780271, 6318743.595971219241619 ], [ 330212.68836514261784, 6318743.268936439417303 ], [ 330212.977625503437594, 6318742.946862032637 ], [ 330213.272419344924856, 6318742.629844571463764 ], [ 330213.572658274322748, 6318742.317979111336172 ], [ 330213.878252266382333, 6318742.011359164491296 ], [ 330214.189109690079931, 6318741.710076669231057 ], [ 330214.505137336207554, 6318741.414221963845193 ], [ 330214.826240445254371, 6318741.123883759602904 ], [ 330215.152322735928465, 6318740.839149111881852 ], [ 330215.483286433853209, 6318740.56010339781642 ], [ 330215.819032301078551, 6318740.286830288358033 ], [ 330216.159459665650502, 6318740.019411722198129 ], [ 330216.504466451879125, 6318739.757927884347737 ], [ 330216.853949211130384, 6318739.502457180060446 ], [ 330217.207803152501583, 6318739.253076210618019 ], [ 330217.565922174428124, 6318739.009859751909971 ], [ 330217.928198896523099, 6318738.772880730219185 ], [ 330218.29452469170792, 6318738.542210204526782 ], [ 330218.664789718808606, 6318738.317917338572443 ], [ 330219.038882955559529, 6318738.10006938688457 ], [ 330219.416692231723573, 6318737.888731669634581 ], [ 330219.798104262794368, 6318737.683967555873096 ], [ 330220.183004684222396, 6318737.485838443040848 ], [ 330220.571278085175436, 6318737.294403739273548 ], [ 330220.962808043637779, 6318737.109720844775438 ], [ 330221.357477161101997, 6318736.931845136918128 ], [ 330221.755167097842786, 6318736.760829949751496 ], [ 330222.155758608190808, 6318736.596726562827826 ], [ 330222.559131576563232, 6318736.4395841807127 ], [ 330222.965165053436067, 6318736.289449922740459 ], [ 330223.373737291432917, 6318736.146368805319071 ], [ 330223.784725781995803, 6318736.010383730754256 ], [ 330224.198007291997783, 6318735.881535473279655 ], [ 330224.613457900879439, 6318735.759862668812275 ], [ 330225.030953037552536, 6318735.645401799120009 ], [ 330225.450367518002167, 6318735.538187185302377 ], [ 330225.87157558259787, 6318735.438250974752009 ], [ 330226.294450934045017, 6318735.345623133704066 ], [ 330226.718866774986964, 6318735.260331435129046 ], [ 330227.144695846247487, 6318735.182401455007493 ], [ 330227.571810464782175, 6318735.111856558360159 ], [ 330228.000082562270109, 6318735.048717898316681 ], [ 330228.42938372323988, 6318734.993004407733679 ], [ 330228.859585223544855, 6318734.94473279081285 ], [ 330229.290558069187682, 6318734.90391752216965 ], [ 330229.722173034911975, 6318734.870570840314031 ], [ 330230.154300702852197, 6318734.844702743925154 ], [ 330230.586811501474585, 6318734.826320989988744 ], [ 330231.019575744343456, 6318734.815431088209152 ], [ 330231.452463668945711, 6318734.81203630566597 ], [ 330231.885345475864597, 6318734.816137660294771 ], [ 330232.318091367313173, 6318734.827733921818435 ], [ 330232.750571586366277, 6318734.846821612678468 ], [ 330233.182656455785036, 6318734.873395009897649 ], [ 330233.614216416783165, 6318734.907446146011353 ], [ 330234.045122068084311, 6318734.948964810930192 ], [ 330255.761867800611071, 6318737.23135413043201 ], [ 330184.584599328925833, 6318818.350759345106781 ] ] ] ] } },
{ "type": "Feature", "properties": { "fid": "77", "Area": 35929.705 }, "geometry": { "type": "MultiPolygon", "coordinates": [ [ [ [ 330442.352545912144706, 6318868.952911097556353 ], [ 330443.19344339548843, 6318870.462437083013356 ], [ 330444.060298074793536, 6318871.95720805041492 ], [ 330444.952851126552559, 6318873.436777693219483 ], [ 330445.870836054265965, 6318874.900704246014357 ], [ 330446.813978768128436, 6318876.348550612106919 ], [ 330447.781997666694224, 6318877.779884497635067 ], [ 330448.774603721103631, 6318879.194278537295759 ], [ 330449.791500561288558, 6318880.591310425661504 ], [ 330450.832384564506356, 6318881.970563038252294 ], [ 330451.896944945969153, 6318883.331624562852085 ], [ 330452.984863851626869, 6318884.67408861592412 ], [ 330454.095816453162115, 6318885.997554367408156 ], [ 330455.229471044905949, 6318887.301626660861075 ], [ 330456.385489142790902, 6318888.585916128009558 ], [ 330457.56352558551589, 6318889.850039309822023 ], [ 330458.763228637748398, 6318891.093618767336011 ], [ 330459.984240094840061, 6318892.316283194348216 ], [ 330461.226195389928762, 6318893.517667530104518 ], [ 330462.488723702786956, 6318894.697413070127368 ], [ 330463.771448070707265, 6318895.855167566798627 ], [ 330465.073985500668641, 6318896.990585341118276 ], [ 330466.395947084005456, 6318898.103327383287251 ], [ 330467.736938112473581, 6318899.193061451427639 ], [ 330469.09655819600448, 6318900.259462177753448 ], [ 330470.474401382321957, 6318901.302211156114936 ], [ 330471.870056278072298, 6318902.320997047238052 ], [ 330473.283106171933468, 6318903.315515662543476 ], [ 330474.713129158539232, 6318904.285470061935484 ], [ 330476.159698264906183, 6318905.230570638552308 ], [ 330477.622381577792112, 6318906.150535205379128 ], [ 330479.10074237245135, 6318907.045089082792401 ], [ 330480.594339243369177, 6318907.913965176790953 ], [ 330482.10272623563651, 6318908.756904060021043 ], [ 330483.625452978652902, 6318909.57365404907614 ], [ 330485.162064820004161, 6318910.363971281796694 ], [ 330486.712102961726487, 6318911.127619786188006 ], [ 330488.275104596861638, 6318911.864371553994715 ], [ 330489.850603047991171, 6318912.574006608687341 ], [ 330491.43812790629454, 6318913.256313066929579 ], [ 330493.037205172295216, 6318913.911087208427489 ], [ 330494.647357397130691, 6318914.538133531808853 ], [ 330496.268103825103026, 6318915.137264816090465 ], [ 330497.8989605375682, 6318915.708302171900868 ], [ 330499.539440596883651, 6318916.251075102947652 ], [ 330501.189054192393087, 6318916.76542154699564 ], [ 330502.847308786120266, 6318917.251187932677567 ], [ 330504.513709260208998, 6318917.708229220472276 ], [ 330506.187758064595982, 6318918.136408949270844 ], [ 330507.868955365556758, 6318918.535599272698164 ], [ 330509.556799195008352, 6318918.905681001022458 ], [ 330511.250785600452218, 6318919.246543638408184 ], [ 330512.950408795266412, 6318919.558085408993065 ], [ 330514.655161309754476, 6318919.840213294140995 ], [ 330516.3645341428346, 6318920.092843055725098 ], [ 330569.166873766458593, 6318927.430965116247535 ], [ 330505.268785436230246, 6318992.095031310804188 ], [ 330505.134074075904209, 6318992.229022918269038 ], [ 330504.997068468306679, 6318992.360667761415243 ], [ 330504.85780948982574, 6318992.489926565438509 ], [ 330504.716338688973337, 6318992.616760763339698 ], [ 330504.572698274161667, 6318992.741132515482605 ], [ 330504.426931101188529, 6318992.863004713319242 ], [ 330504.279080660373438, 6318992.982340997084975 ], [ 330504.129191063519102, 6318993.099105760455132 ], [ 330503.977307030931115, 6318993.21326416824013 ], [ 330503.823473877855577, 6318993.324782160110772 ], [ 330503.667737501149531, 6318993.433626462705433 ], [ 330503.51014436542755, 6318993.539764603599906 ], [ 330503.350741489382926, 6318993.643164915964007 ], [ 330503.189576431526802, 6318993.743796548806131 ], [ 330503.026697276218329, 6318993.841629478149116 ], [ 330502.862152619170956, 6318993.936634516343474 ], [ 330502.695991553075146, 6318994.028783316724002 ], [ 330502.528263652813621, 6318994.11804838757962 ], [ 330502.359018960793037, 6318994.204403095878661 ], [ 330502.188307971926406, 6318994.287821676582098 ], [ 330502.016181618615519, 6318994.36827924195677 ], [ 330501.84269125550054, 6318994.445751787163317 ], [ 330501.667888644267805, 6318994.520216198638082 ], [ 330501.491825938108377, 6318994.591650257818401 ], [ 330501.314555666060187, 6318994.6600326532498 ], [ 330501.136130717524793, 6318994.72534298337996 ], [ 330500.956604326434899, 6318994.787561760284007 ], [ 330500.776030055305455, 6318994.846670422703028 ], [ 330500.594461779284757, 6318994.902651335112751 ], [ 330500.411953670030925, 6318994.955487794242799 ], [ 330500.228560179821216, 6318995.005164037458599 ], [ 330500.044336024788208, 6318995.051665242761374 ], [ 330499.859336169087328, 6318995.09497753623873 ], [ 330499.673615808307659, 6318995.135087995789945 ], [ 330499.487230352999177, 6318995.171984654851258 ], [ 330499.300235411967151, 6318995.205656503327191 ], [ 330499.112686776148621, 6318995.236093496903777 ], [ 330498.924640401499346, 6318995.263286554254591 ], [ 330498.736152392462827, 6318995.287227561697364 ], [ 330498.547278985322919, 6318995.307909375987947 ], [ 330498.358076531323604, 6318995.325325827114284 ], [ 330498.168601479846984, 6318995.339471719227731 ], [ 330497.978910361707676, 6318995.35034283157438 ], [ 330497.789059772097971, 6318995.357935920357704 ], [ 330497.599106353765819, 6318995.362248720601201 ], [ 330497.409106780192815, 6318995.36327994428575 ], [ 330497.219117738655768, 6318995.361029285937548 ], [ 330497.029195913171861, 6318995.355497415177524 ], [ 330496.839397967851255, 6318995.346685983240604 ], [ 330496.649780529784039, 6318995.334597619250417 ], [ 330496.460400172160007, 6318995.31923592928797 ], [ 330496.271313397446647, 6318995.300605496391654 ], [ 330496.082576620625332, 6318995.278711879625916 ], [ 330495.894246152078267, 6318995.253561611287296 ], [ 330495.706378181115724, 6318995.225162195041776 ], [ 330495.519028758979402, 6318995.193522103130817 ], [ 330495.332253782311454, 6318995.158650775440037 ], [ 330495.146108976157848, 6318995.120558617636561 ], [ 330494.960649877670221, 6318995.079256992787123 ], [ 330494.7759318195167, 6318995.034758225083351 ], [ 330494.59200991311809, 6318994.987075589597225 ], [ 330494.408939032407943, 6318994.936223313212395 ], [ 330489.664867591985967, 6318993.530134056694806 ], [ 330484.945564705063589, 6318992.043029120191932 ], [ 330480.252413785608951, 6318990.475344434380531 ], [ 330475.586790581292007, 6318988.827539547346532 ], [ 330470.950062770454679, 6318987.10009749699384 ], [ 330466.343589560885448, 6318985.293524664826691 ], [ 330461.768721291678958, 6318983.408350627869368 ], [ 330457.226799037249293, 6318981.445128005929291 ], [ 330452.719154214311857, 6318979.40443229675293 ], [ 330448.247108191309962, 6318977.28686170745641 ], [ 330443.811971901508514, 6318975.093036984093487 ], [ 330439.415045458299574, 6318972.823601220734417 ], [ 330435.057617774349637, 6318970.4792196797207 ], [ 330430.740966183599085, 6318968.060579592362046 ], [ 330426.466356067045126, 6318965.568389956839383 ], [ 330422.23504048155155, 6318963.00338133238256 ], [ 330418.048259792733006, 6318960.366305623203516 ], [ 330413.907241311098915, 6318957.65793586242944 ], [ 330409.81319893267937, 6318954.879065978340805 ], [ 330405.767332782852463, 6318952.030510567128658 ], [ 330401.770828864537179, 6318949.113104654476047 ], [ 330397.824858710810076, 6318946.127703445963562 ], [ 330393.930579041247256, 6318943.075182081200182 ], [ 330328.083725459000561, 6318890.545074688270688 ], [ 330324.246570264338516, 6318887.536557300947607 ], [ 330320.359203861269634, 6318884.593205587007105 ], [ 330316.422732820676174, 6318881.715857396833599 ], [ 330312.438277691078838, 6318878.905331791378558 ], [ 330308.4069726804737, 6318876.162428808398545 ], [ 330304.329965332697611, 6318873.487929238937795 ], [ 330300.20841620140709, 6318870.882594401016831 ], [ 330296.043498519225977, 6318868.347165924496949 ], [ 330291.836397864157334, 6318865.882365538738668 ], [ 330287.58831182186259, 6318863.488894871436059 ], [ 330283.300449644855689, 6318861.167435241863132 ], [ 330278.974031908146571, 6318858.91864747274667 ], [ 330274.61029016203247, 6318856.743171701207757 ], [ 330270.210466581396759, 6318854.641627193428576 ], [ 330265.775813611980993, 6318852.614612170495093 ], [ 330261.30759361415403, 6318850.662703639827669 ], [ 330256.807078503305092, 6318848.786457228474319 ], [ 330252.275549387908541, 6318846.986407024785876 ], [ 330247.714296204911079, 6318845.263065427541733 ], [ 330243.124617352325004, 6318843.616922999732196 ], [ 330238.507819319900591, 6318842.048448330722749 ], [ 330233.865216317004524, 6318840.558087898418307 ], [ 330214.827933255757671, 6318834.623446576297283 ], [ 330214.645233226416167, 6318834.564738710410893 ], [ 330214.46358514984604, 6318834.502852600999177 ], [ 330214.283044309879187, 6318834.437807084061205 ], [ 330214.103665653557982, 6318834.36962195392698 ], [ 330213.925503774080426, 6318834.298317964188755 ], [ 330213.748612894385587, 6318834.223916815593839 ], [ 330213.573046850622632, 6318834.14644115138799 ], [ 330213.398859075619839, 6318834.065914551727474 ], [ 330213.226102582819294, 6318833.982361524365842 ], [ 330213.054829950036947, 6318833.895807498134673 ], [ 330212.885093303455506, 6318833.806278815492988 ], [ 330212.71694430190837, 6318833.71380272321403 ], [ 330212.550434120814316, 6318833.618407367728651 ], [ 330212.385613437043503, 6318833.52012178208679 ], [ 330212.222532413084991, 6318833.418975878506899 ], [ 330212.061240682145581, 6318833.315000439994037 ], [ 330211.901787332782988, 6318833.208227111957967 ], [ 330211.744220894004684, 6318833.098688390105963 ], [ 330211.588589320599567, 6318832.986417612060905 ], [ 330211.434939978469629, 6318832.871448947116733 ], [ 330211.283319630252663, 6318832.753817385062575 ], [ 330211.133774421061389, 6318832.633558727800846 ], [ 330210.986349864397198, 6318832.510709575377405 ], [ 330210.841090828471351, 6318832.385307315737009 ], [ 330210.698041522293352, 6318832.257390115410089 ], [ 330210.557245482399594, 6318832.126996904611588 ], [ 330210.418745559582021, 6318831.99416736792773 ], [ 330210.282583905791398, 6318831.858941933140159 ], [ 330210.148801961331628, 6318831.721361754462123 ], [ 330210.01744044222869, 6318831.581468704156578 ], [ 330209.88853932794882, 6318831.439305358566344 ], [ 330209.76213784905849, 6318831.294914983212948 ], [ 330209.638274475350045, 6318831.148341524414718 ], [ 330209.516986904258374, 6318830.999629589729011 ], [ 330209.398312049161177, 6318830.848824441432953 ], [ 330209.282286028319504, 6318830.695971974171698 ], [ 330209.168944153934717, 6318830.541118708439171 ], [ 330209.058320921089035, 6318830.384311774745584 ], [ 330208.950449997617397, 6318830.225598894990981 ], [ 330208.845364213571884, 6318830.06502837408334 ], [ 330208.743095551559236, 6318829.902649080380797 ], [ 330208.643675136612728, 6318829.738510433584452 ], [ 330208.547133226995356, 6318829.572662388905883 ], [ 330208.453499204828404, 6318829.405155421234667 ], [ 330208.362801567360293, 6318829.23604051116854 ], [ 330208.275067918002605, 6318829.065369128249586 ], [ 330208.190324958297424, 6318828.89319321513176 ], [ 330208.108598479419015, 6318828.719565173611045 ], [ 330208.02991335443221, 6318828.544537845999002 ], [ 330207.954293531016447, 6318828.368164502084255 ], [ 330207.881762023665942, 6318828.190498819574714 ], [ 330207.812340907170437, 6318828.01159487105906 ], [ 330207.746051309572067, 6318827.831507105380297 ], [ 330207.682913405820727, 6318827.65029033087194 ], [ 330207.622946411778685, 6318827.467999700456858 ], [ 330207.56616857816698, 6318827.284690693952143 ], [ 330207.512597185152117, 6318827.100419100373983 ], [ 330207.46224853687454, 6318826.915241003036499 ], [ 330207.415137956850231, 6318826.729212759062648 ], [ 330207.371279783023056, 6318826.542390986345708 ], [ 330207.3306873634574, 6318826.354832543060184 ], [ 330207.29337305232184, 6318826.166594511829317 ], [ 330207.259348206047434, 6318825.977734182029963 ], [ 330207.22862318000989, 6318825.788309033028781 ], [ 330207.201207325211726, 6318825.598376715555787 ], [ 330207.177108985662926, 6318825.407995034940541 ], [ 330207.156335495528765, 6318825.217221933417022 ], [ 330207.138893177208956, 6318825.026115471497178 ], [ 330207.12478733912576, 6318824.834733812138438 ], [ 330207.114022274385206, 6318824.643135201185942 ], [ 330207.106601259321906, 6318824.451377951540053 ], [ 330207.102526552451309, 6318824.25952042452991 ], [ 330207.101799393887632, 6318824.067621009424329 ], [ 330207.104420004994608, 6318823.875738110393286 ], [ 330207.110387588152662, 6318823.683930127881467 ], [ 330207.119700327224564, 6318823.49225543718785 ], [ 330207.132355387788266, 6318823.300772373564541 ], [ 330207.148348918417469, 6318823.109539214521646 ], [ 330207.167676051496528, 6318822.918614160269499 ], [ 330207.190330904908478, 6318822.728055319748819 ], [ 330207.216306583664846, 6318822.537920687347651 ], [ 330207.245595182292163, 6318822.348268130794168 ], [ 330207.278187786752824, 6318822.159155369736254 ], [ 330207.314074477704708, 6318821.970639959909022 ], [ 330207.353244333178736, 6318821.782779276371002 ], [ 330207.395685431896709, 6318821.595630492083728 ], [ 330207.441384857113007, 6318821.409250565804541 ], [ 330207.490328700339887, 6318821.223696222528815 ], [ 330207.542502065771259, 6318821.039023933932185 ], [ 330207.597889074531849, 6318820.855289904400706 ], [ 330207.656472869799472, 6318820.672550053335726 ], [ 330207.718235621869098, 6318820.490859996527433 ], [ 330207.783158533391543, 6318820.310275031253695 ], [ 330207.851221845427062, 6318820.130850117653608 ], [ 330207.922404843033291, 6318819.952639861963689 ], [ 330207.996685861959122, 6318819.775698503479362 ], [ 330208.074042295047548, 6318819.600079892203212 ], [ 330208.154450599162374, 6318819.42583747766912 ], [ 330208.237886302347761, 6318819.253024291247129 ], [ 330208.324324011162389, 6318819.081692925654352 ], [ 330208.413737418712117, 6318818.911895526573062 ], [ 330208.506099312275182, 6318818.743683770298958 ], [ 330208.601381581800524, 6318818.577108852565289 ], [ 330208.699555228580721, 6318818.412221468053758 ], [ 330208.80059037375031, 6318818.249071802012622 ], [ 330208.904456267657224, 6318818.087709506973624 ], [ 330209.011121299059596, 6318817.928183692507446 ], [ 330209.12055300490465, 6318817.77054291125387 ], [ 330209.232718079932965, 6318817.614835139364004 ], [ 330209.347582387214061, 6318817.461107767187059 ], [ 330209.465110968158115, 6318817.309407578781247 ], [ 330209.585268053400796, 6318817.15978074632585 ], [ 330209.708017073513474, 6318817.012272806838155 ], [ 330209.833320670761168, 6318816.866928653791547 ], [ 330277.686768248386215, 6318739.535620120353997 ], [ 330325.253577093128115, 6318744.53480267804116 ], [ 330326.968329435156193, 6318744.729994338005781 ], [ 330328.679457866819575, 6318744.954749468713999 ], [ 330330.386452732724138, 6318745.209001127630472 ], [ 330332.088805608684197, 6318745.492673587054014 ], [ 330333.786009453004226, 6318745.805682356469333 ], [ 330335.477558757760562, 6318746.147934204898775 ], [ 330337.162949699151795, 6318746.519327195361257 ], [ 330338.841680287616327, 6318746.919750708155334 ], [ 330340.513250517426059, 6318747.349085479043424 ], [ 330342.177162515406962, 6318747.807203631848097 ], [ 330343.832920689601451, 6318748.293968715704978 ], [ 330345.480031876417343, 6318748.809235749766231 ], [ 330347.118005487835035, 6318749.352851264178753 ], [ 330348.746353657508735, 6318749.92465334199369 ], [ 330350.364591385936365, 6318750.524471675045788 ], [ 330351.972236684930976, 6318751.152127608656883 ], [ 330353.568810721393675, 6318751.807434197515249 ], [ 330355.153837959573139, 6318752.490196258760989 ], [ 330356.726846303150523, 6318753.200210434384644 ], [ 330358.287367235287093, 6318753.937265248037875 ], [ 330359.834935958788265, 6318754.701141170226038 ], [ 330361.369091534113977, 6318755.491610682569444 ], [ 330362.889377016748767, 6318756.308438344858587 ], [ 330364.395339593465906, 6318757.151380867697299 ], [ 330365.886530716961715, 6318758.020187181420624 ], [ 330367.362506239674985, 6318758.914598516188562 ], [ 330368.822826545860153, 6318759.834348471835256 ], [ 330370.26705668278737, 6318760.779163104481995 ], [ 330371.694766490079928, 6318761.748761002905667 ], [ 330373.105530727829318, 6318762.742853375151753 ], [ 330374.498929203371517, 6318763.761144132353365 ], [ 330375.874546896433458, 6318764.803329980000854 ], [ 330377.231974082707893, 6318765.869100505486131 ], [ 330378.570806455798447, 6318766.95813827123493 ], [ 330379.890645247767679, 6318768.070118910633028 ], [ 330381.191097347938921, 6318769.204711222089827 ], [ 330382.471775419777259, 6318770.361577270552516 ], [ 330383.732298016548157, 6318771.540372487157583 ], [ 330384.97228969464777, 6318772.740745768882334 ], [ 330386.191381125594489, 6318773.962339589372277 ], [ 330387.389209206099622, 6318775.204790098592639 ], [ 330388.565417165926192, 6318776.467727236449718 ], [ 330389.719654674467165, 6318777.750774839892983 ], [ 330390.851577944937162, 6318779.053550755605102 ], [ 330391.960849836759735, 6318780.375666956417263 ], [ 330393.047139956033789, 6318781.716729653067887 ], [ 330394.110124753846321, 6318783.076339412480593 ], [ 330395.149487622955348, 6318784.454091278836131 ], [ 330396.164918991562445, 6318785.849574891850352 ], [ 330397.156116415979341, 6318787.262374610640109 ], [ 330398.122784670442343, 6318788.692069634795189 ], [ 330399.06463583529694, 6318790.138234135694802 ], [ 330399.981389382388443, 6318791.600437374785542 ], [ 330400.872772258997429, 6318793.078243838623166 ], [ 330401.738518968923017, 6318794.571213367395103 ], [ 330402.578371651412454, 6318796.078901282511652 ], [ 330442.352545912144706, 6318868.952911097556353 ] ] ] ] } },
{ "type": "Feature", "properties": { "fid": "78", "Area": 85201.463 }, "geometry": { "type": "MultiPolygon", "coordinates": [ [ [ [ 330714.585632205940783, 6318749.743154764175415 ], [ 330712.662999698135536, 6318754.256108709610999 ], [ 330710.66508300753776, 6318758.7362424088642 ], [ 330708.59244214539649, 6318763.182300093583763 ], [ 330706.445658067998011, 6318767.593035541474819 ], [ 330704.225332513742615, 6318771.967212435789406 ], [ 330701.932087834575213, 6318776.303604705259204 ], [ 330699.566566821478773, 6318780.60099686961621 ], [ 330697.129432524321601, 6318784.85818437859416 ], [ 330694.621368066058494, 6318789.073973953723907 ], [ 330692.043076451111119, 6318793.247183919884264 ], [ 330689.395280368451495, 6318797.376644535921514 ], [ 330686.678721988981124, 6318801.461198323406279 ], [ 330683.894162757438608, 6318805.499700391665101 ], [ 330681.042383179243188, 6318809.491018759086728 ], [ 330678.124182601284701, 6318813.434034667909145 ], [ 330675.140378988231532, 6318817.32764290086925 ], [ 330672.091808693076018, 6318821.170752088539302 ], [ 330668.979326222790405, 6318824.96228501573205 ], [ 330665.803803998685908, 6318828.701178926974535 ], [ 330662.566132112115156, 6318832.386385818012059 ], [ 330659.267218074703123, 6318836.016872732900083 ], [ 330655.907986564212479, 6318839.591622057370842 ], [ 330652.489379165170249, 6318843.109631796367466 ], [ 330629.848598164157011, 6318866.021818993613124 ], [ 330511.045882243895903, 6318817.93097354657948 ], [ 330509.455080612213351, 6318817.271023720502853 ], [ 330507.875880549312569, 6318816.583775028586388 ], [ 330506.308750474883709, 6318815.869431319646537 ], [ 330504.754155228554737, 6318815.128204482607543 ], [ 330503.212555931764655, 6318814.360314378514886 ], [ 330501.684409851208329, 6318813.565988777205348 ], [ 330500.170170263038017, 6318812.745463290251791 ], [ 330498.670286318520084, 6318811.898981302045286 ], [ 330497.18520291079767, 6318811.026793893426657 ], [ 330495.715360542875715, 6318810.129159770905972 ], [ 330494.261195196944755, 6318809.206345190294087 ], [ 330492.823138205159921, 6318808.25862387381494 ], [ 330491.401616121642292, 6318807.286276934668422 ], [ 330489.997050595935434, 6318806.289592788554728 ], [ 330488.609858247975353, 6318805.26886706892401 ], [ 330487.240450544515625, 6318804.224402543157339 ], [ 330485.889233676949516, 6318803.156509018503129 ], [ 330484.556608440994751, 6318802.065503250807524 ], [ 330483.242970117833465, 6318800.951708853244781 ], [ 330481.948708356707357, 6318799.815456197597086 ], [ 330480.674207059433684, 6318798.657082316465676 ], [ 330479.419844266434666, 6318797.476930806413293 ], [ 330478.185992044745944, 6318796.275351720862091 ], [ 330476.97301637759665, 6318795.052701470442116 ], [ 330475.781277055910323, 6318793.809342715889215 ], [ 330474.611127571377438, 6318792.545644259080291 ], [ 330473.462915011856239, 6318791.261980937793851 ], [ 330472.336979958286975, 6318789.958733510226011 ], [ 330471.233656383643392, 6318788.63628854136914 ], [ 330470.153271553921513, 6318787.29503829497844 ], [ 330469.096145931165665, 6318785.935380609706044 ], [ 330468.062593078240752, 6318784.557718784548342 ], [ 330467.052919565874618, 6318783.162461459636688 ], [ 330466.067424881679472, 6318781.750022494234145 ], [ 330383.389622257323936, 6318661.052153285592794 ], [ 330382.903727165714372, 6318660.329394010826945 ], [ 330382.430494393629488, 6318659.598281329497695 ], [ 330381.970067515154369, 6318658.859037052839994 ], [ 330381.522586219245568, 6318658.111885462887585 ], [ 330381.0881862671813, 6318657.357053235173225 ], [ 330380.666999451641459, 6318656.594769380055368 ], [ 330380.259153556427918, 6318655.825265166349709 ], [ 330379.864772317931056, 6318655.04877405334264 ], [ 330379.4839753874694, 6318654.265531620942056 ], [ 330379.116878295026254, 6318653.475775497965515 ], [ 330378.763592414208688, 6318652.67974528670311 ], [ 330378.424224928428885, 6318651.877682496793568 ], [ 330378.098878798366059, 6318651.069830465130508 ], [ 330377.787652730825357, 6318650.256434286013246 ], [ 330377.490641148644499, 6318649.437740734778345 ], [ 330377.207934162113816, 6318648.6139981970191 ], [ 330376.939617541793268, 6318647.78545658569783 ], [ 330376.685772692260798, 6318646.952367274090648 ], [ 330376.446476627490483, 6318646.114983011037111 ], [ 330376.221801947511267, 6318645.273557852953672 ], [ 330376.011816816346254, 6318644.428347077220678 ], [ 330375.8165849414072, 6318643.579607114195824 ], [ 330375.636165554111358, 6318642.727595463395119 ], [ 330375.470613391895313, 6318641.872570614330471 ], [ 330375.319978681625798, 6318641.014791975729167 ], [ 330375.184307124349289, 6318640.154519787058234 ], [ 330375.063639881438576, 6318639.292015047743917 ], [ 330374.958013562194537, 6318638.427539431490004 ], [ 330374.867460212553851, 6318637.561355212703347 ], [ 330374.792007305484731, 6318636.693725183606148 ], [ 330374.731677732663229, 6318635.824912572279572 ], [ 330374.686489797488321, 6318634.955180970020592 ], [ 330374.656457209552173, 6318634.08479424379766 ], [ 330374.641589080332778, 6318633.214016459882259 ], [ 330374.641889920749236, 6318632.343111804686487 ], [ 330374.65735963959014, 6318631.472344500944018 ], [ 330374.687993543338962, 6318630.601978730410337 ], [ 330374.733782338153105, 6318629.732278554700315 ], [ 330374.794712131842971, 6318628.863507831469178 ], [ 330412.385334039398003, 6318586.022177221253514 ], [ 330441.641164610453416, 6318552.679852828383446 ], [ 330442.712148960097693, 6318551.480350541882217 ], [ 330443.803712817083579, 6318550.299545071087778 ], [ 330444.915529833815526, 6318549.137789444997907 ], [ 330446.047267607587855, 6318547.995430996641517 ], [ 330447.198587779887021, 6318546.872811259701848 ], [ 330448.369146137672942, 6318545.770265866070986 ], [ 330449.558592716173735, 6318544.688124448060989 ], [ 330450.766571903543081, 6318543.626710534095764 ], [ 330451.992722547263838, 6318542.586341459304094 ], [ 330453.236678061948624, 6318541.567328264005482 ], [ 330454.498066539119463, 6318540.569975607097149 ], [ 330455.776510858326219, 6318539.594581668265164 ], [ 330457.071628799836617, 6318538.641438064165413 ], [ 330458.383033158956096, 6318537.710829757153988 ], [ 330459.710331861919258, 6318536.803034975193441 ], [ 330461.053128082829062, 6318535.918325123377144 ], [ 330462.411020362575073, 6318535.056964705698192 ], [ 330463.783602728741243, 6318534.219211244024336 ], [ 330465.170464816852473, 6318533.405315205454826 ], [ 330466.571191993250977, 6318532.615519922226667 ], [ 330467.985365479136817, 6318531.850061520002782 ], [ 330469.412562475481536, 6318531.109168850816786 ], [ 330470.852356289513409, 6318530.393063421361148 ], [ 330472.304316462599672, 6318529.701959326863289 ], [ 330473.768008898536209, 6318529.036063189618289 ], [ 330475.242995993467048, 6318528.39557409286499 ], [ 330476.7288367668516, 6318527.780683525837958 ], [ 330478.225086993188597, 6318527.191575324162841 ], [ 330479.731299334671348, 6318526.628425613977015 ], [ 330481.2470234753564, 6318526.09140276350081 ], [ 330482.771806255332194, 6318525.58066732622683 ], [ 330484.305191806401126, 6318525.096371998079121 ], [ 330485.846721688576508, 6318524.638661569915712 ], [ 330487.395935026754159, 6318524.207672885619104 ], [ 330488.952368648722768, 6318523.803534798324108 ], [ 330490.515557223581709, 6318523.426368134096265 ], [ 330492.085033401031978, 6318523.076285655610263 ], [ 330493.660327950725332, 6318522.753392027691007 ], [ 330495.240969902952202, 6318522.457783787511289 ], [ 330496.826486689271405, 6318522.189549311995506 ], [ 330498.416404283663724, 6318521.948768797330558 ], [ 330500.010247344558593, 6318521.73551423009485 ], [ 330501.607539356686175, 6318521.549849367700517 ], [ 330503.207802773627918, 6318521.391829717904329 ], [ 330504.810559160599951, 6318521.261502525769174 ], [ 330506.41532933752751, 6318521.158906753174961 ], [ 330508.021633522235788, 6318521.084073076024652 ], [ 330509.628991473990027, 6318521.037023865617812 ], [ 330511.236922636919189, 6318521.017773189581931 ], [ 330512.844946283788886, 6318521.026326802559197 ], [ 330514.452581659774296, 6318521.062682148069143 ], [ 330516.059348126058467, 6318521.126828355714679 ], [ 330517.664765303663444, 6318521.218746248632669 ], [ 330519.268353216990363, 6318521.338408345356584 ], [ 330520.869632437359542, 6318521.485778870992362 ], [ 330522.468124226259533, 6318521.660813764669001 ], [ 330524.063350678654388, 6318521.863460695371032 ], [ 330525.654834865650628, 6318522.093659078702331 ], [ 330527.242100977222435, 6318522.351340091787279 ], [ 330528.82467446452938, 6318522.636426693759859 ], [ 330530.402082181477454, 6318522.948833651840687 ], [ 330531.973852526571136, 6318523.2884675655514 ], [ 330533.539515583775938, 6318523.655226893723011 ], [ 330535.098603262740653, 6318524.049001985229552 ], [ 330536.650649439252447, 6318524.469675111584365 ], [ 330538.195190094062127, 6318524.917120503261685 ], [ 330539.731763452058658, 6318525.391204386949539 ], [ 330541.25991011998849, 6318525.891785024665296 ], [ 330542.779173224058468, 6318526.418712755665183 ], [ 330544.289098546316382, 6318526.971830043010414 ], [ 330545.789234660682268, 6318527.550971521064639 ], [ 330547.279133067699149, 6318528.155964042060077 ], [ 330754.641745627915952, 6318614.454004744067788 ], [ 330754.879922666063067, 6318614.555547248572111 ], [ 330755.116311532852706, 6318614.661185713484883 ], [ 330755.350841795792803, 6318614.770888663828373 ], [ 330755.583443576062564, 6318614.884623413905501 ], [ 330755.814047569641843, 6318615.002356076613069 ], [ 330756.042585067567416, 6318615.124051571823657 ], [ 330756.268987976596691, 6318615.249673642218113 ], [ 330756.493188839638606, 6318615.379184856079519 ], [ 330756.715120855544228, 6318615.512546626850963 ], [ 330756.934717899304815, 6318615.649719219654799 ], [ 330757.15191454149317, 6318615.790661761537194 ], [ 330757.366646068054251, 6318615.935332260094583 ], [ 330757.578848499222659, 6318616.083687609992921 ], [ 330757.788458608905785, 6318616.235683608800173 ], [ 330757.995413943368476, 6318616.391274968162179 ], [ 330758.19965283991769, 6318616.550415329635143 ], [ 330758.401114445063286, 6318616.713057277724147 ], [ 330758.599738733086269, 6318616.879152352921665 ], [ 330758.795466523384675, 6318617.048651065677404 ], [ 330758.988239498517942, 6318617.221502914093435 ], [ 330759.178000221494585, 6318617.397656397894025 ], [ 330759.364692152594216, 6318617.577059030532837 ], [ 330759.548259666655213, 6318617.759657357819378 ], [ 330759.728648069431074, 6318617.945396976545453 ], [ 330759.905803613830358, 6318618.134222542867064 ], [ 330760.079673515981995, 6318618.326077798381448 ], [ 330760.250205971067771, 6318618.520905576646328 ], [ 330760.417350168572739, 6318618.718647830188274 ], [ 330760.581056307593826, 6318618.919245640747249 ], [ 330760.74127561156638, 6318619.122639240697026 ], [ 330760.897960342816077, 6318619.32876802701503 ], [ 330761.051063816819806, 6318619.537570584565401 ], [ 330761.2005404161755, 6318619.748984699137509 ], [ 330761.346345603989903, 6318619.962947379797697 ], [ 330761.488435937266331, 6318620.179394876584411 ], [ 330761.626769080059603, 6318620.398262698203325 ], [ 330761.76130381564144, 6318620.619485631585121 ], [ 330761.892000059131533, 6318620.842997765168548 ], [ 330762.018818869430106, 6318621.068732501007617 ], [ 330762.141722460510209, 6318621.296622581779957 ], [ 330762.260674213059247, 6318621.526600106619298 ], [ 330762.37563868513098, 6318621.758596554398537 ], [ 330762.486581622972153, 6318621.992542800493538 ], [ 330762.59346997080138, 6318622.228369140997529 ], [ 330762.69627188105369, 6318622.466005310416222 ], [ 330762.794956723693758, 6318622.705380504019558 ], [ 330762.889495095412713, 6318622.946423400193453 ], [ 330762.979858828301076, 6318623.189062179997563 ], [ 330763.066020998347085, 6318623.433224548585713 ], [ 330763.147955933294725, 6318623.678837756626308 ], [ 330763.22563922055997, 6318623.925828623585403 ], [ 330763.299047714215703, 6318624.17412355914712 ], [ 330763.368159542034846, 6318624.423648581840098 ], [ 330763.432954112067819, 6318624.674329345114529 ], [ 330763.493412118579727, 6318624.926091159693897 ], [ 330763.549515548103955, 6318625.178859011270106 ], [ 330763.601247684389818, 6318625.432557587511837 ], [ 330763.648593113815878, 6318625.687111298553646 ], [ 330763.691537729697302, 6318625.942444300279021 ], [ 330763.730068736651447, 6318626.198480514809489 ], [ 330763.764174654206727, 6318626.455143655650318 ], [ 330763.793845320527907, 6318626.71235725004226 ], [ 330763.819071895151865, 6318626.970044661313295 ], [ 330763.839846861723345, 6318627.228129109367728 ], [ 330763.856164030381478, 6318627.48653369769454 ], [ 330763.868018539331388, 6318627.745181435719132 ], [ 330763.875406856474001, 6318628.003995257429779 ], [ 330763.878326780570205, 6318628.2628980493173 ], [ 330763.876777441531885, 6318628.521812670864165 ], [ 330763.870759300945792, 6318628.780661977827549 ], [ 330763.860274152073544, 6318629.039368845522404 ], [ 330763.845325118803885, 6318629.297856191173196 ], [ 330763.825916655361652, 6318629.556046999059618 ], [ 330763.802054544561543, 6318629.81386434007436 ], [ 330763.773745896003675, 6318630.071231396868825 ], [ 330763.740999144443776, 6318630.328071487136185 ], [ 330763.703824046824593, 6318630.584308084100485 ], [ 330763.66223167948192, 6318630.83986484259367 ], [ 330763.616234434943181, 6318631.09466561768204 ], [ 330763.565846018202137, 6318631.348634491674602 ], [ 330763.511081442644354, 6318631.601695794612169 ], [ 330763.451957025390584, 6318631.853774125687778 ], [ 330763.388490382698365, 6318632.104794377461076 ], [ 330763.320700424548704, 6318632.354681758210063 ], [ 330763.248607349174563, 6318632.603361814282835 ], [ 330763.172232636774424, 6318632.850760449655354 ], [ 330763.091599043342285, 6318633.096803952939808 ], [ 330763.006730593857355, 6318633.341419013217092 ], [ 330762.917652574949898, 6318633.584532747976482 ], [ 330762.824391527741682, 6318633.826072721742094 ], [ 330762.726975238882005, 6318634.065966965630651 ], [ 330714.585632205940783, 6318749.743154764175415 ] ] ] ] } },
{ "type": "Feature", "properties": { "fid": "79", "Area": 39116.52 }, "geometry": { "type": "MultiPolygon", "coordinates": [ [ [ [ 330897.393083619710524, 6318625.389394916594028 ], [ 330898.67792038503103, 6318626.429068335331976 ], [ 330899.94539859140059, 6318627.489834722131491 ], [ 330901.195171998464502, 6318628.571404304355383 ], [ 330902.426899202342611, 6318629.673481627367437 ], [ 330903.640243728819769, 6318630.795765633694828 ], [ 330904.83487412543036, 6318631.93794974591583 ], [ 330906.010464051738381, 6318633.099721950478852 ], [ 330907.16669236891903, 6318634.280764883384109 ], [ 330908.303243226895574, 6318635.480755915865302 ], [ 330909.419806151126977, 6318636.699367242865264 ], [ 330910.516076127183624, 6318637.936265973374248 ], [ 330911.591753684100695, 6318639.191114221699536 ], [ 330912.646544976276346, 6318640.463569195009768 ], [ 330913.680161863507237, 6318641.75328329578042 ], [ 330890.58580609614728, 6318639.151826861314476 ], [ 330885.823303363053128, 6318638.575288112275302 ], [ 330881.071026733377948, 6318637.919776062481105 ], [ 330876.330285675066989, 6318637.185471336357296 ], [ 330871.602386477694381, 6318636.372576268389821 ], [ 330866.888631892274134, 6318635.481314848177135 ], [ 330862.190320772235282, 6318634.51193265710026 ], [ 330857.508747715735808, 6318633.464696805924177 ], [ 330852.845202708733268, 6318632.339895853772759 ], [ 330848.200970769801643, 6318631.137839736416936 ], [ 330843.577331595763098, 6318629.858859674073756 ], [ 330838.9755592092406, 6318628.503308083862066 ], [ 330834.396921607491095, 6318627.07155848108232 ], [ 330829.842680413159542, 6318625.564005378633738 ], [ 330825.314090526604559, 6318623.981064176186919 ], [ 330820.812399779970292, 6318622.323171044699848 ], [ 330816.338848593644798, 6318620.590782810933888 ], [ 330811.894669634057209, 6318618.784376824274659 ], [ 330554.19517263607122, 6318511.537648944184184 ], [ 330552.416906795464456, 6318510.815561097115278 ], [ 330550.626421755761839, 6318510.124327720142901 ], [ 330548.824252822669223, 6318509.464155472815037 ], [ 330547.010938795225229, 6318508.835241729393601 ], [ 330545.187021804391406, 6318508.237774516455829 ], [ 330543.35304715129314, 6318507.671932461671531 ], [ 330541.509563143888954, 6318507.137884736061096 ], [ 330539.657120933232363, 6318506.635791004635394 ], [ 330537.796274348627776, 6318506.165801379829645 ], [ 330535.927579731971491, 6318505.728056374937296 ], [ 330534.051595771627035, 6318505.322686864994466 ], [ 330532.168883335252758, 6318504.949814043939114 ], [ 330530.280005302047357, 6318504.609549390152097 ], [ 330528.385526394646149, 6318504.301994632929564 ], [ 330526.486013010086026, 6318504.027241723611951 ], [ 330524.582033050770406, 6318503.785372805781662 ], [ 330522.674155754270032, 6318503.576460190117359 ], [ 330520.762951523531228, 6318503.400566337630153 ], [ 330518.848991755978204, 6318503.257743835449219 ], [ 330516.93284867296461, 6318503.148035382851958 ], [ 330515.015095148643013, 6318503.071473779156804 ], [ 330513.096304538601544, 6318503.028081915341318 ], [ 330511.177050508384127, 6318503.017872764728963 ], [ 330509.257906862301752, 6318503.040849378332496 ], [ 330507.33944737148704, 6318503.097004886716604 ], [ 330505.422245602589101, 6318503.186322501860559 ], [ 330503.506874746177346, 6318503.308775519952178 ], [ 330501.593907445552759, 6318503.464327330701053 ], [ 330499.683915625326335, 6318503.652931428514421 ], [ 330497.777470320521388, 6318503.874531425535679 ], [ 330495.875141505850479, 6318504.129061070270836 ], [ 330493.977497925341595, 6318504.416444265283644 ], [ 330492.085106922313571, 6318504.736595090478659 ], [ 330490.198534269584343, 6318505.089417829178274 ], [ 330488.318344000552315, 6318505.474806997925043 ], [ 330486.445098240394145, 6318505.892647375352681 ], [ 330484.579357038077433, 6318506.342814039438963 ], [ 330482.72167819889728, 6318506.825172401033342 ], [ 330480.872617117827758, 6318507.339578250423074 ], [ 330479.032726613280829, 6318507.885877792723477 ], [ 330477.202556761913002, 6318508.463907700963318 ], [ 330475.382654734188691, 6318509.073495158925653 ], [ 330473.573564630758483, 6318509.714457916095853 ], [ 330471.775827319885138, 6318510.386604343540967 ], [ 330469.989980275568087, 6318511.089733487926424 ], [ 330468.21655741694849, 6318511.823635132052004 ], [ 330466.456088948703837, 6318512.588089860975742 ], [ 330464.709101202606689, 6318513.382869121618569 ], [ 330462.97611647984013, 6318514.207735299132764 ], [ 330461.257652895292267, 6318515.06244177930057 ], [ 330459.554224222199991, 6318515.946733029559255 ], [ 330457.866339739062823, 6318516.860344669781625 ], [ 330456.194504076789599, 6318517.803003557026386 ], [ 330454.53921706834808, 6318518.774427861906588 ], [ 330452.900973599113058, 6318519.774327153339982 ], [ 330451.280263458727859, 6318520.802402491681278 ], [ 330449.677571195003111, 6318521.858346508815885 ], [ 330448.093375968863256, 6318522.941843505948782 ], [ 330446.528151411097497, 6318524.052569549530745 ], [ 330444.982365480915178, 6318525.190192561596632 ], [ 330443.456480325723533, 6318526.354372424073517 ], [ 330441.950952143233735, 6318527.544761079363525 ], [ 330440.466231045022141, 6318528.761002633720636 ], [ 330439.00276092189597, 6318530.002733465284109 ], [ 330437.56097931106342, 6318531.26958233024925 ], [ 330436.141317265748512, 6318532.561170475557446 ], [ 330434.744199225795455, 6318533.877111750654876 ], [ 330433.370042891066987, 6318535.217012727633119 ], [ 330432.019259096530732, 6318536.580472811125219 ], [ 330430.692251689441036, 6318537.967084364965558 ], [ 330429.389417408499867, 6318539.376432829536498 ], [ 330428.111145765346009, 6318540.808096849359572 ], [ 330398.855315194115974, 6318574.150421243160963 ], [ 330383.975554477830883, 6318591.108606981113553 ], [ 330420.378764677094296, 6318453.996784039773047 ], [ 330420.609309735067654, 6318453.157934573478997 ], [ 330420.854414548608474, 6318452.323223196901381 ], [ 330421.114004917675629, 6318451.492902601137757 ], [ 330421.388002256979235, 6318450.667224147357047 ], [ 330421.676323620020412, 6318449.846437790431082 ], [ 330421.978881723887753, 6318449.030792006291449 ], [ 330422.295584975741804, 6318448.220533712767065 ], [ 330422.626337500871159, 6318447.415908198803663 ], [ 330422.971039171156008, 6318446.617159045301378 ], [ 330423.329585635859985, 6318445.824528056196868 ], [ 330423.701868353062309, 6318445.038255183957517 ], [ 330424.087774622428697, 6318444.258578454144299 ], [ 330424.487187619321048, 6318443.485733897425234 ], [ 330424.899986430478748, 6318442.719955475069582 ], [ 330425.326046090107411, 6318441.961475008167326 ], [ 330425.765237618121319, 6318441.21052211150527 ], [ 330426.217428059142549, 6318440.467324119061232 ], [ 330426.682480522489641, 6318439.732106016948819 ], [ 330427.160254223854281, 6318439.005090375430882 ], [ 330427.650604527851101, 6318438.286497284658253 ], [ 330428.153382991906255, 6318437.576544281095266 ], [ 330428.668437410902698, 6318436.875446286983788 ], [ 330429.1956118636881, 6318436.183415545150638 ], [ 330429.7347467597574, 6318435.500661551952362 ], [ 330430.285678888147231, 6318434.827390995807946 ], [ 330430.848241466272157, 6318434.163807694800198 ], [ 330431.422264190914575, 6318433.510112534277141 ], [ 330432.007573289389256, 6318432.866503405384719 ], [ 330432.603991572337691, 6318432.2331751473248 ], [ 330433.211338487453759, 6318431.610319484956563 ], [ 330433.829430173966102, 6318430.998124974779785 ], [ 330434.458079518284649, 6318430.39677694439888 ], [ 330435.09709621075308, 6318429.806457439437509 ], [ 330435.746286803390831, 6318429.227345164865255 ], [ 330436.405454768100753, 6318428.659615435637534 ], [ 330437.074400556390174, 6318428.103440118022263 ], [ 330437.75292165990686, 6318427.558987582102418 ], [ 330438.440812671324238, 6318427.026422649621964 ], [ 330439.137865346972831, 6318426.505906541831791 ], [ 330439.843868669704534, 6318425.997596832923591 ], [ 330440.558608912630007, 6318425.501647403463721 ], [ 330441.28186970402021, 6318425.018208391033113 ], [ 330442.013432092731819, 6318424.547426145523787 ], [ 330442.753074614622165, 6318424.08944318536669 ], [ 330443.500573359197006, 6318423.644398155622184 ], [ 330444.255702037946321, 6318423.21242578420788 ], [ 330445.018232052330859, 6318422.793656839989126 ], [ 330445.787932563398499, 6318422.388218096457422 ], [ 330446.564570561400615, 6318421.996232291683555 ], [ 330447.347910936514381, 6318421.617818089202046 ], [ 330448.1377165496815, 6318421.25309004727751 ], [ 330448.933748304960318, 6318420.902158577926457 ], [ 330449.735765221354086, 6318420.565129918977618 ], [ 330450.5435245060944, 6318420.242106096819043 ], [ 330451.356781627982855, 6318419.933184901252389 ], [ 330452.175290391489398, 6318419.638459850102663 ], [ 330452.998803011258133, 6318419.358020165935159 ], [ 330453.827070187136997, 6318419.09195074532181 ], [ 330454.659841179731302, 6318418.840332134626806 ], [ 330455.496863886073697, 6318418.603240504860878 ], [ 330456.337884916050825, 6318418.38074763212353 ], [ 330457.18264966935385, 6318418.17292087059468 ], [ 330458.030902412196156, 6318417.979823133908212 ], [ 330458.882386354904156, 6318417.801512880250812 ], [ 330459.736843729566317, 6318417.638044087216258 ], [ 330460.59401586826425, 6318417.489466241560876 ], [ 330461.453643281187396, 6318417.355824323371053 ], [ 330462.315465735213365, 6318417.237158788368106 ], [ 330463.179222332779318, 6318417.133505560457706 ], [ 330464.044651590695139, 6318417.044896017760038 ], [ 330464.911491519538686, 6318416.971356986090541 ], [ 330465.77947970276, 6318416.912910726852715 ], [ 330466.64835337625118, 6318416.869574933312833 ], [ 330467.51784950774163, 6318416.841362725012004 ], [ 330468.38770487671718, 6318416.828282642178237 ], [ 330469.257656153698917, 6318416.830338643863797 ], [ 330470.127439980278723, 6318416.847530108876526 ], [ 330470.99679304874735, 6318416.879851832054555 ], [ 330471.865452181722503, 6318416.927294028922915 ], [ 330472.733154412067961, 6318416.989842338487506 ], [ 330473.599637062114198, 6318417.067477823235095 ], [ 330474.464637823577505, 6318417.160176983103156 ], [ 330475.327894836605992, 6318417.267911753617227 ], [ 330476.189146769407671, 6318417.39064952172339 ], [ 330477.048132897005416, 6318417.528353131376207 ], [ 330477.904593180457596, 6318417.680980894714594 ], [ 330478.758268345496617, 6318417.848486608825624 ], [ 330479.60889996093465, 6318418.030819563195109 ], [ 330480.456230516952928, 6318418.22792456112802 ], [ 330694.632164850307163, 6318470.017379674129188 ], [ 330695.475584812986199, 6318470.229105154983699 ], [ 330696.315195075876545, 6318470.455466633662581 ], [ 330697.150741678779013, 6318470.696395642124116 ], [ 330697.981971890549175, 6318470.951819305308163 ], [ 330698.808634285756852, 6318471.221660364419222 ], [ 330699.630478820530698, 6318471.505837199278176 ], [ 330700.447256908228155, 6318471.804263854399323 ], [ 330701.258721494756173, 6318472.116850062273443 ], [ 330702.064627133309841, 6318472.443501274101436 ], [ 330702.864730058296118, 6318472.784118687734008 ], [ 330703.658788259490393, 6318473.138599273748696 ], [ 330704.446561554912478, 6318473.50683581084013 ], [ 330705.227811663644388, 6318473.888716918416321 ], [ 330706.002302277891431, 6318474.284127087332308 ], [ 330706.769799134403002, 6318474.692946714349091 ], [ 330707.530070085369516, 6318475.115052144043148 ], [ 330708.282885168620851, 6318475.550315700471401 ], [ 330709.028016677184496, 6318475.998605726286769 ], [ 330709.765239228203427, 6318476.459786627441645 ], [ 330710.49432983098086, 6318476.933718906715512 ], [ 330711.21506795467576, 6318477.420259213075042 ], [ 330711.927235594717786, 6318477.919260380789638 ], [ 330712.630617338989396, 6318478.430571474134922 ], [ 330713.325000432727393, 6318478.954037835821509 ], [ 330714.010174843249843, 6318479.489501130767167 ], [ 330897.393083619710524, 6318625.389394916594028 ] ] ] ] } },
{ "type": "Feature", "properties": { "fid": "80", "Area": 31903.831 }, "geometry": { "type": "MultiPolygon", "coordinates": [ [ [ [ 330435.513818487524986, 6319592.417144757695496 ], [ 330553.922025138221215, 6319609.056475394405425 ], [ 330519.376919964677654, 6319685.532808627001941 ], [ 330262.898343433102127, 6319588.384584822691977 ], [ 330157.274825168016832, 6319540.159001094289124 ], [ 330222.90218511770945, 6319429.302476258017123 ], [ 330383.911520032095723, 6319568.937331030145288 ], [ 330385.237312724173535, 6319570.067040736787021 ], [ 330386.582581167051103, 6319571.173486894927919 ], [ 330387.946917210239917, 6319572.256333811208606 ], [ 330389.329906918224879, 6319573.315252954140306 ], [ 330390.731130696076434, 6319574.349923050031066 ], [ 330392.150163416634314, 6319575.360030183568597 ], [ 330393.586574549670331, 6319576.345267890952528 ], [ 330395.039928292157128, 6319577.305337254889309 ], [ 330396.509783701039851, 6319578.239946992136538 ], [ 330397.995694826473482, 6319579.148813544772565 ], [ 330399.497210847446695, 6319580.031661165878177 ], [ 330401.013876208511647, 6319580.8882220024243 ], [ 330402.545230757852551, 6319581.718236175365746 ], [ 330404.090809887042269, 6319582.521451861597598 ], [ 330405.650144671963062, 6319583.29762536752969 ], [ 330407.222762015182525, 6319584.046521205455065 ], [ 330408.808184789086226, 6319584.767912161536515 ], [ 330410.405931981280446, 6319585.461579367518425 ], [ 330412.015518839936703, 6319586.127312368713319 ], [ 330413.636457021231763, 6319586.76490918174386 ], [ 330415.268254737253301, 6319587.374176361598074 ], [ 330416.910416905535385, 6319587.954929060302675 ], [ 330418.562445298826788, 6319588.506991078145802 ], [ 330420.223838696721941, 6319589.030194920487702 ], [ 330421.894093037408311, 6319589.524381849914789 ], [ 330423.572701570636127, 6319589.989401930943131 ], [ 330425.259155011561234, 6319590.4251140775159 ], [ 330426.952941695228219, 6319590.831386096775532 ], [ 330428.653547731810249, 6319591.208094727247953 ], [ 330430.360457162430976, 6319591.555125675164163 ], [ 330432.073152115917765, 6319591.872373653575778 ], [ 330433.791112965671346, 6319592.159742410294712 ], [ 330435.513818487524986, 6319592.417144757695496 ] ] ] ] } },
{ "type": "Feature", "properties": { "fid": "81", "Area": 39745.726 }, "geometry": { "type": "MultiPolygon", "coordinates": [ [ [ [ 330606.594212264637463, 6319462.222358107566833 ], [ 330606.775834126514383, 6319462.280427747406065 ], [ 330606.956422132032458, 6319462.341636864468455 ], [ 330607.135922017332632, 6319462.4059670669958 ], [ 330607.314279845508281, 6319462.473399025388062 ], [ 330607.491442022845149, 6319462.543912475928664 ], [ 330607.667355315003078, 6319462.617486230097711 ], [ 330607.841966862790287, 6319462.694098182022572 ], [ 330608.015224198112264, 6319462.773725310340524 ], [ 330608.187075259978883, 6319462.856343688443303 ], [ 330608.357468409871217, 6319462.941928490065038 ], [ 330608.526352447341196, 6319463.030453998595476 ], [ 330608.693676625320222, 6319463.121893613599241 ], [ 330608.859390665660612, 6319463.216219859197736 ], [ 330609.023444773803931, 6319463.313404391519725 ], [ 330609.185789654206019, 6319463.413418008945882 ], [ 330609.346376524714287, 6319463.516230657696724 ], [ 330609.505157131585293, 6319463.62181144580245 ], [ 330609.662083763687406, 6319463.730128645896912 ], [ 330609.817109267110936, 6319463.841149711981416 ], [ 330609.97018705913797, 6319463.954841283150017 ], [ 330610.121271142328624, 6319464.071169197559357 ], [ 330610.270316118199844, 6319464.190098498947918 ], [ 330610.417277201253455, 6319464.311593453399837 ], [ 330610.562110231898259, 6319464.435617552138865 ], [ 330610.704771690187044, 6319464.562133527360857 ], [ 330610.845218708564062, 6319464.691103364340961 ], [ 330610.983409084903542, 6319464.822488308884203 ], [ 330611.119301295198966, 6319464.956248882226646 ], [ 330611.252854506019503, 6319465.092344891279936 ], [ 330611.384028586733621, 6319465.230735441669822 ], [ 330611.51278412155807, 6319465.371378947980702 ], [ 330611.639082421606872, 6319465.514233150519431 ], [ 330611.762885536125395, 6319465.659255123697221 ], [ 330611.884156264306512, 6319465.806401289999485 ], [ 330612.002858166175429, 6319465.955627434886992 ], [ 330612.118955573707353, 6319466.106888717971742 ], [ 330612.232413601421285, 6319466.260139687918127 ], [ 330612.343198157090228, 6319466.415334294550121 ], [ 330612.451275951636489, 6319466.572425905615091 ], [ 330612.556614509376232, 6319466.731367316097021 ], [ 330612.659182177798357, 6319466.892110766842961 ], [ 330612.758948136877734, 6319467.05460795853287 ], [ 330612.855882408563048, 6319467.21881006192416 ], [ 330612.949955865682568, 6319467.384667737409472 ], [ 330613.041140240558889, 6319467.552131147123873 ], [ 330613.129408133798279, 6319467.721149970777333 ], [ 330613.214733022265136, 6319467.891673421487212 ], [ 330613.297089267172851, 6319468.063650258816779 ], [ 330613.376452121825423, 6319468.237028807401657 ], [ 330613.452797738893423, 6319468.411756969057024 ], [ 330613.526103177748155, 6319468.587782241404057 ], [ 330613.596346411271952, 6319468.765051730908453 ], [ 330613.663506332493853, 6319468.943512171506882 ], [ 330613.727562760876026, 6319469.123109937645495 ], [ 330613.788496448483784, 6319469.30379106476903 ], [ 330613.84628908574814, 6319469.485501259565353 ], [ 330613.900923306879122, 6319469.668185921385884 ], [ 330613.952382695162669, 6319469.851790156215429 ], [ 330614.000651787908282, 6319470.036258794367313 ], [ 330614.045716080931015, 6319470.221536405384541 ], [ 330614.087562033149879, 6319470.407567317597568 ], [ 330614.126177070545964, 6319470.5942956302315 ], [ 330614.161549589887727, 6319470.781665233895183 ], [ 330614.193668962281663, 6319470.969619829207659 ], [ 330614.222525536431931, 6319471.158102937042713 ], [ 330614.248110641376115, 6319471.347057920880616 ], [ 330614.27041658910457, 6319471.53642800450325 ], [ 330614.289436677121557, 6319471.726156284101307 ], [ 330614.305165190191474, 6319471.916185749694705 ], [ 330614.317597402143292, 6319472.106459300033748 ], [ 330614.326729577209335, 6319472.296919760294259 ], [ 330614.332558971422259, 6319472.487509901635349 ], [ 330614.335083833080716, 6319472.678172454237938 ], [ 330614.334303403564263, 6319472.868850125931203 ], [ 330614.330217917333357, 6319473.059485622681677 ], [ 330614.322828601987567, 6319473.25002166070044 ], [ 330614.312137677916326, 6319473.440400987863541 ], [ 330614.298148357600439, 6319473.63056639675051 ], [ 330614.280864844622556, 6319473.820460746064782 ], [ 330614.26029233232839, 6319474.010026975534856 ], [ 330614.236437002546154, 6319474.199208124540746 ], [ 330614.209306023316458, 6319474.38794734608382 ], [ 330614.178907547087874, 6319474.576187927275896 ], [ 330614.145250708214007, 6319474.763873305171728 ], [ 330614.108345619926695, 6319474.950947082601488 ], [ 330614.068203371658456, 6319475.137353046797216 ], [ 330614.02483602555003, 6319475.323035187087953 ], [ 330613.97825661272509, 6319475.507937707938254 ], [ 330613.928479129681364, 6319475.692005048505962 ], [ 330613.87551853369223, 6319475.875181900337338 ], [ 330613.819390738557559, 6319476.057413221336901 ], [ 330613.760112609772477, 6319476.238644254393876 ], [ 330613.697701959579717, 6319476.418820541352034 ], [ 330613.632177541323472, 6319476.59788794349879 ], [ 330613.563559044036083, 6319476.775792652741075 ], [ 330613.491867086559068, 6319476.952481212094426 ], [ 330613.417123211082071, 6319477.127900529652834 ], [ 330613.339349876565393, 6319477.301997893489897 ], [ 330610.549127571459394, 6319483.495683061890304 ], [ 330607.82754828222096, 6319489.719836228527129 ], [ 330577.653209821728524, 6319556.520118108950555 ], [ 330400.823702034249436, 6319508.052391542121768 ], [ 330399.190385006717406, 6319507.589770658873022 ], [ 330397.56515634781681, 6319507.099490738473833 ], [ 330395.948484406631906, 6319506.581693067215383 ], [ 330394.340835066279396, 6319506.036526860669255 ], [ 330392.742671610089019, 6319505.464149221777916 ], [ 330391.154454587493092, 6319504.86472509521991 ], [ 330389.576641681836918, 6319504.23842721991241 ], [ 330388.009687578130979, 6319503.585436077788472 ], [ 330386.454043832258321, 6319502.905939845368266 ], [ 330384.910158740647603, 6319502.20013433508575 ], [ 330383.378477211284917, 6319501.468222943134606 ], [ 330381.8594406353659, 6319500.710416585206985 ], [ 330380.353486760170199, 6319499.926933644339442 ], [ 330378.86104956275085, 6319499.11799989733845 ], [ 330377.38255912513705, 6319498.283848460763693 ], [ 330375.918441510177217, 6319497.424719713628292 ], [ 330374.46911863895366, 6319496.540861235931516 ], [ 330373.035008168953937, 6319495.632527732290328 ], [ 330371.616523373930249, 6319494.699980961158872 ], [ 330370.214073024631944, 6319493.743489658460021 ], [ 330368.828061271226034, 6319492.763329460285604 ], [ 330367.458887526590843, 6319491.759782823733985 ], [ 330366.106946351414081, 6319490.733138945885003 ], [ 330364.772627340222243, 6319489.683693678118289 ], [ 330363.45631500944728, 6319488.611749443225563 ], [ 330362.158388686482795, 6319487.517615148797631 ], [ 330360.879222400253639, 6319486.401606095954776 ], [ 330359.61918477358995, 6319485.264043889939785 ], [ 330358.37863891676534, 6319484.105256346054375 ], [ 330357.157942323363386, 6319482.925577397458255 ], [ 330355.957446766551584, 6319481.725346998311579 ], [ 330354.777498198323883, 6319480.504911022260785 ], [ 330353.618436649499927, 6319479.264621169306338 ], [ 330352.480596131761558, 6319478.00483485776931 ], [ 330268.551680242526345, 6319383.480274759232998 ], [ 330267.45402084349189, 6319382.264249901287258 ], [ 330266.336588945938274, 6319381.066369036212564 ], [ 330265.199684420716949, 6319379.886953624896705 ], [ 330264.043612364446744, 6319378.72632017172873 ], [ 330262.868683017441072, 6319377.584780140779912 ], [ 330261.675211680587381, 6319376.462639873847365 ], [ 330260.463518630480394, 6319375.360200503841043 ], [ 330259.233929033856839, 6319374.277757878415287 ], [ 330257.986772859992925, 6319373.21560248080641 ], [ 330256.722384792228695, 6319372.174019346013665 ], [ 330290.263820463267621, 6319315.516445441171527 ], [ 330290.362999411474448, 6319315.352198935113847 ], [ 330290.465028042555787, 6319315.189707283861935 ], [ 330290.569875315064564, 6319315.029019922949374 ], [ 330290.677509329863824, 6319314.870185741223395 ], [ 330290.78789734019665, 6319314.713253062218428 ], [ 330290.901005761174019, 6319314.558269632048905 ], [ 330291.016800180543214, 6319314.405282603576779 ], [ 330291.13524536852492, 6319314.254338521510363 ], [ 330291.25630528916372, 6319314.105483310297132 ], [ 330291.379943110689055, 6319313.958762256428599 ], [ 330291.506121217331383, 6319313.81422 ], [ 330291.634801220265217, 6319313.671900517307222 ], [ 330291.765943969541695, 6319313.531847106292844 ], [ 330291.899509565846529, 6319313.394102378748357 ], [ 330292.035457372898236, 6319313.258708242326975 ], [ 330292.173746029497124, 6319313.125705889426172 ], [ 330292.314333462330978, 6319312.995135785080492 ], [ 330292.457176898664329, 6319312.867037653923035 ], [ 330292.602232879493386, 6319312.741450469940901 ], [ 330292.749457272526342, 6319312.618412440642715 ], [ 330292.898805285803974, 6319312.497961000539362 ], [ 330293.050231481203809, 6319312.380132796242833 ], [ 330293.20368978852639, 6319312.264963675290346 ], [ 330293.359133519115858, 6319312.152488677762449 ], [ 330293.516515380295459, 6319312.0427420232445 ], [ 330293.67578748986125, 6319311.935757100582123 ], [ 330293.836901390342973, 6319311.831566460430622 ], [ 330293.999808064021636, 6319311.730201801285148 ], [ 330294.164457947772462, 6319311.631693962961435 ], [ 330294.330800947966054, 6319311.536072915419936 ], [ 330294.498786455951631, 6319311.443367750383914 ], [ 330294.66836336342385, 6319311.353606673888862 ], [ 330294.839480077789631, 6319311.266816994175315 ], [ 330295.012084537942428, 6319311.183025116100907 ], [ 330295.186124230385758, 6319311.102256533689797 ], [ 330295.361546204600018, 6319311.024535818956792 ], [ 330295.5382970898645, 6319310.949886620044708 ], [ 330295.716323110973462, 6319310.878331645391881 ], [ 330295.895570104708895, 6319310.809892668388784 ], [ 330296.075983536546119, 6319310.744590507820249 ], [ 330296.25750851695193, 6319310.682445034384727 ], [ 330296.440089818323031, 6319310.623475152999163 ], [ 330296.623671891517006, 6319310.567698806524277 ], [ 330296.808198883081786, 6319310.515132963657379 ], [ 330296.99361465201946, 6319310.465793617069721 ], [ 330297.179862786841113, 6319310.419695778749883 ], [ 330297.366886622912716, 6319310.376853472553194 ], [ 330297.554629259684589, 6319310.337279733270407 ], [ 330297.743033577688038, 6319310.30098660197109 ], [ 330297.932042256288696, 6319310.267985118553042 ], [ 330298.1215977910324, 6319310.238285325467587 ], [ 330298.31164251093287, 6319310.211896258406341 ], [ 330298.502118596283253, 6319310.188825944438577 ], [ 330298.692968096060213, 6319310.169081403873861 ], [ 330298.884132945793681, 6319310.1526686437428 ], [ 330299.075554984796327, 6319310.139592656865716 ], [ 330299.267175974440761, 6319310.129857422783971 ], [ 330299.458937615389004, 6319310.123465902172029 ], [ 330299.650781565462239, 6319310.120420039631426 ], [ 330299.842649457568768, 6319310.120720762759447 ], [ 330300.03448291728273, 6319310.124367979355156 ], [ 330300.226223580655642, 6319310.131360580213368 ], [ 330300.417813112027943, 6319310.141696437261999 ], [ 330300.609193221549504, 6319310.155372406356037 ], [ 330300.800305683282204, 6319310.172384326346219 ], [ 330300.991092352604028, 6319310.192727021872997 ], [ 330301.181495184078813, 6319310.216394303366542 ], [ 330301.371456249034964, 6319310.243378970772028 ], [ 330301.56091775308596, 6319310.27367281448096 ], [ 330301.749822054000106, 6319310.307266616262496 ], [ 330301.938111678988207, 6319310.344150156714022 ], [ 330302.125729342340492, 6319310.384312214329839 ], [ 330302.312617962656077, 6319310.427740570157766 ], [ 330302.498720680479892, 6319310.474422010593116 ], [ 330302.683980875415727, 6319310.524342332966626 ], [ 330302.868342183239292, 6319310.577486351132393 ], [ 330303.051748513535131, 6319310.633837894536555 ], [ 330303.234144066169392, 6319310.693379819393158 ], [ 330303.415473348577507, 6319310.756094011478126 ], [ 330303.595681192644406, 6319310.821961387991905 ], [ 330303.77471277146833, 6319310.890961911529303 ], [ 330303.952513615950011, 6319310.963074589148164 ], [ 330304.12902963149827, 6319311.038277478888631 ], [ 330304.304207114328165, 6319311.116547702811658 ], [ 330304.477992768050171, 6319311.197861447930336 ], [ 330304.650333719502669, 6319311.282193973660469 ], [ 330304.821177535282914, 6319311.369519622996449 ], [ 330304.990472237288486, 6319311.459811828099191 ], [ 330496.121123478980735, 6319415.549226093105972 ], [ 330504.951373850635719, 6319420.264177843928337 ], [ 330513.858176363748498, 6319424.832871380262077 ], [ 330522.83910870726686, 6319429.254064192064106 ], [ 330531.891728409798816, 6319433.526553882285953 ], [ 330541.01357350370381, 6319437.64917849842459 ], [ 330550.202163194480818, 6319441.620816841721535 ], [ 330559.454998535860796, 6319445.440388778224587 ], [ 330568.769563109148294, 6319449.106855531223118 ], [ 330578.143323707568925, 6319452.619219959713519 ], [ 330587.573731025331654, 6319455.976526835933328 ], [ 330597.058220350940246, 6319459.177863098680973 ], [ 330606.594212264637463, 6319462.222358107566833 ] ] ] ] } },
{ "type": "Feature", "properties": { "fid": "82", "Area": 41291.844 }, "geometry": { "type": "MultiPolygon", "coordinates": [ [ [ [ 330600.764967501570936, 6319343.767654864117503 ], [ 330733.978160228813067, 6319361.58420276734978 ], [ 330671.486924743279815, 6319404.781122452579439 ], [ 330669.22894194611581, 6319406.370736028067768 ], [ 330666.998554660123773, 6319407.998842346481979 ], [ 330664.79641901346622, 6319409.664962457492948 ], [ 330662.623182823532261, 6319411.36860622651875 ], [ 330660.479485406074673, 6319413.109272481873631 ], [ 330658.365957387082744, 6319414.886449159123003 ], [ 330656.283220517681912, 6319416.69961345475167 ], [ 330654.231887490663212, 6319418.548231977969408 ], [ 330652.212561760796234, 6319420.431760907173157 ], [ 330650.225837366830092, 6319422.349646151997149 ], [ 330648.272298757103272, 6319424.301323515363038 ], [ 330646.352520617423579, 6319426.286218859255314 ], [ 330644.467067702033091, 6319428.303748272359371 ], [ 330642.616494667425286, 6319430.353318245150149 ], [ 330640.80134590936359, 6319432.434325841255486 ], [ 330639.02215540263569, 6319434.546158877201378 ], [ 330637.279446543718223, 6319436.68819610029459 ], [ 330635.573731997283176, 6319438.859807372093201 ], [ 330633.905513544974383, 6319441.060353855602443 ], [ 330632.275281938025728, 6319443.289188200607896 ], [ 330632.162484025640879, 6319443.443369382061064 ], [ 330632.047025557723828, 6319443.59556842315942 ], [ 330631.928941358113661, 6319443.745739417150617 ], [ 330631.808267042506486, 6319443.893837071955204 ], [ 330631.685039007919841, 6319444.039816718548536 ], [ 330631.559294421516825, 6319444.183634327724576 ], [ 330631.431071209604852, 6319444.32524652313441 ], [ 330631.300408045994118, 6319444.464610590599477 ], [ 330631.167344340356067, 6319444.601684497669339 ], [ 330631.031920226523653, 6319444.736426901072264 ], [ 330630.894176550209522, 6319444.86879715975374 ], [ 330630.754154856724199, 6319444.998755349777639 ], [ 330630.611897378461435, 6319445.126262273639441 ], [ 330630.467447022208944, 6319445.251279473304749 ], [ 330630.320847356051672, 6319445.373769243247807 ], [ 330630.172142596449703, 6319445.493694637902081 ], [ 330630.021377594675869, 6319445.611019485630095 ], [ 330629.868597823486198, 6319445.725708400830626 ], [ 330629.71384936326649, 6319445.837726791389287 ], [ 330629.557178888237104, 6319445.947040871717036 ], [ 330629.39863365230849, 6319446.053617670200765 ], [ 330629.238261474762112, 6319446.157425041310489 ], [ 330629.076110725989565, 6319446.258431676775217 ], [ 330628.912230312882457, 6319446.356607112102211 ], [ 330628.746669663873035, 6319446.451921734027565 ], [ 330628.579478714265861, 6319446.544346796348691 ], [ 330628.410707891045604, 6319446.633854421786964 ], [ 330628.240408097801264, 6319446.720417614094913 ], [ 330628.068630699126516, 6319446.804010263644159 ], [ 330627.895427505485713, 6319446.884607158601284 ], [ 330627.720850757148582, 6319446.962183989584446 ], [ 330627.544953108765185, 6319447.03671735804528 ], [ 330627.367787613533437, 6319447.108184784650803 ], [ 330627.18940770678455, 6319447.176564713940024 ], [ 330627.009867190325167, 6319447.241836519911885 ], [ 330626.829220215964597, 6319447.303980517201126 ], [ 330626.647521269216668, 6319447.362977962940931 ], [ 330626.464825152826961, 6319447.418811060488224 ], [ 330626.281186970532872, 6319447.471462971530855 ], [ 330626.096662109834142, 6319447.520917816087604 ], [ 330625.91130622610217, 6319447.56716067623347 ], [ 330625.725175224943087, 6319447.6101776054129 ], [ 330625.538325246016029, 6319447.649955628439784 ], [ 330625.350812645803671, 6319447.686482748948038 ], [ 330625.162693980499171, 6319447.719747948460281 ], [ 330624.974025989242364, 6319447.749741195701063 ], [ 330624.784865576773882, 6319447.776453442871571 ], [ 330624.595269796438515, 6319447.799876633100212 ], [ 330624.405295832781121, 6319447.820003701373935 ], [ 330624.21500098449178, 6319447.836828578263521 ], [ 330624.024442647001706, 6319447.850346188992262 ], [ 330623.833678295311984, 6319447.860552456229925 ], [ 330623.64276546635665, 6319447.867444301024079 ], [ 330623.451761742122471, 6319447.87101964559406 ], [ 330623.260724731779192, 6319447.871277410537004 ], [ 330623.069712054624688, 6319447.86821751948446 ], [ 330622.878781322622672, 6319447.861840893514454 ], [ 330622.687990122998599, 6319447.852149457670748 ], [ 330622.497396000951994, 6319447.839146134443581 ], [ 330622.30705644225236, 6319447.822834845632315 ], [ 330622.117028855660465, 6319447.803220511414111 ], [ 330621.927370556222741, 6319447.78030904661864 ], [ 330621.738138747226913, 6319447.75410736259073 ], [ 330621.549390503612813, 6319447.724623361602426 ], [ 330621.361182754335459, 6319447.691865936852992 ], [ 330621.173572265310213, 6319447.655844968743622 ], [ 330620.986615622357931, 6319447.616571320220828 ], [ 330620.800369214091916, 6319447.574056838639081 ], [ 330620.614889214921277, 6319447.528314345516264 ], [ 330620.430231568054296, 6319447.479357637465 ], [ 330620.246451968676411, 6319447.427201481536031 ], [ 330610.987816792330705, 6319444.629779499955475 ], [ 330601.776365061698016, 6319441.680703019723296 ], [ 330592.614580661931541, 6319438.580767264589667 ], [ 330583.504934085241985, 6319435.330808139406145 ], [ 330574.449881764885504, 6319431.931701999157667 ], [ 330565.451865412585903, 6319428.384365421719849 ], [ 330556.513311360264197, 6319424.689754951745272 ], [ 330547.636629905726295, 6319420.848866848275065 ], [ 330538.824214662599843, 6319416.862736812792718 ], [ 330530.078441915160511, 6319412.732439714483917 ], [ 330521.401669977407437, 6319408.459089295007288 ], [ 330512.796238556969911, 6319404.043837870471179 ], [ 330504.264468124543782, 6319399.487876022234559 ], [ 330314.858632649469655, 6319296.337793332524598 ], [ 330314.692538323753979, 6319296.245469621382654 ], [ 330314.528063647972886, 6319296.15029045380652 ], [ 330314.3652577077155, 6319296.052284236997366 ], [ 330314.204169090429787, 6319295.951480219140649 ], [ 330314.044845871045254, 6319295.847908482886851 ], [ 330313.887335597653873, 6319295.741599938832223 ], [ 330313.731685277307406, 6319295.632586313411593 ], [ 330313.57794136198936, 6319295.52090014051646 ], [ 330313.426149734703358, 6319295.406574750319123 ], [ 330313.276355695794336, 6319295.289644264616072 ], [ 330313.128603949560784, 6319295.17014357727021 ], [ 330312.982938590750564, 6319295.048108352348208 ], [ 330312.839403091347776, 6319294.923575011081994 ], [ 330312.698040287825279, 6319294.796580717898905 ], [ 330312.558892368222587, 6319294.667163372971117 ], [ 330312.42200085951481, 6319294.5353615982458 ], [ 330312.287406615447253, 6319294.401214730925858 ], [ 330312.155149803904351, 6319294.26476280298084 ], [ 330312.025269895384554, 6319294.126046538352966 ], [ 330311.897805651067756, 6319293.985107334330678 ], [ 330311.772795110999141, 6319293.841987253166735 ], [ 330311.65027558314614, 6319293.696729007177055 ], [ 330311.530283631989732, 6319293.549375946633518 ], [ 330311.412855067639612, 6319293.399972047656775 ], [ 330311.298024935240392, 6319293.248561898246408 ], [ 330311.18582750443602, 6319293.095190684311092 ], [ 330311.076296259299852, 6319292.939904177561402 ], [ 330310.969463888031896, 6319292.782748721539974 ], [ 330310.865362273470964, 6319292.623771218582988 ], [ 330310.764022483548615, 6319292.463019112125039 ], [ 330310.665474761801306, 6319292.300540377385914 ], [ 330310.569748518755659, 6319292.136383503675461 ], [ 330310.476872322615236, 6319291.970597482286394 ], [ 330310.386873891169671, 6319291.803231789730489 ], [ 330310.299780083470978, 6319291.634336373768747 ], [ 330310.215616891568061, 6319291.463961640372872 ], [ 330310.134409432939719, 6319291.292158434167504 ], [ 330310.056181942985859, 6319291.118978030048311 ], [ 330309.980957767693326, 6319290.944472109898925 ], [ 330309.908759356942028, 6319290.768692753277719 ], [ 330309.83960825734539, 6319290.591692418791354 ], [ 330309.773525106313173, 6319290.413523931987584 ], [ 330309.710529625532217, 6319290.234240463003516 ], [ 330309.650640615262091, 6319290.053895518183708 ], [ 330309.593875948572531, 6319289.872542918659747 ], [ 330309.540252566279378, 6319289.69023678638041 ], [ 330309.489786471647676, 6319289.50703153014183 ], [ 330309.442492725618649, 6319289.322981824167073 ], [ 330309.398385442502331, 6319289.13814259506762 ], [ 330309.357477785495576, 6319288.952569007873535 ], [ 330309.319781963073183, 6319288.766316443681717 ], [ 330309.285309225087985, 6319288.579440487548709 ], [ 330309.254069859453011, 6319288.391996909864247 ], [ 330309.226073189289309, 6319288.204041651450098 ], [ 330309.201327569782734, 6319288.015630804933608 ], [ 330309.179840385972057, 6319287.826820598915219 ], [ 330309.161618050478864, 6319287.63766738306731 ], [ 330309.146666001528502, 6319287.448227605782449 ], [ 330309.134988701378461, 6319287.258557804860175 ], [ 330309.126589634979609, 6319287.068714584223926 ], [ 330309.121471308928449, 6319286.87875460088253 ], [ 330309.119635250710417, 6319286.688734544441104 ], [ 330309.121082008292433, 6319286.498711125925183 ], [ 330309.125811149948277, 6319286.308741054497659 ], [ 330309.133821264258586, 6319286.118881025351584 ], [ 330309.145109960692935, 6319285.929187698289752 ], [ 330309.159673870308325, 6319285.739717687480152 ], [ 330309.177508646738715, 6319285.550527535378933 ], [ 330309.19860896730097, 6319285.361673705279827 ], [ 330309.222968534915708, 6319285.17321255709976 ], [ 330309.250580079795327, 6319284.985200336202979 ], [ 330309.281435361539479, 6319284.797693151049316 ], [ 330309.315525171812624, 6319284.610746962018311 ], [ 330309.352839336846955, 6319284.424417560920119 ], [ 330309.393366720760241, 6319284.238760554231703 ], [ 330309.437095228640828, 6319284.05383135098964 ], [ 330309.484011810214724, 6319283.869685139507055 ], [ 330309.534102463745512, 6319283.686376877129078 ], [ 330309.587352240341716, 6319283.503961268812418 ], [ 330309.643745248264167, 6319283.322492755018175 ], [ 330309.70326465764083, 6319283.142025493085384 ], [ 330309.765892705647275, 6319282.962613341398537 ], [ 330309.831610701745376, 6319282.78430984262377 ], [ 330309.900399033096619, 6319282.607168208807707 ], [ 330309.972237170732114, 6319282.431241307407618 ], [ 330310.047103675373364, 6319282.256581640802324 ], [ 330310.124976204067934, 6319282.083241333253682 ], [ 330310.205831516650505, 6319281.911272117868066 ], [ 330310.289645482786, 6319281.740725315175951 ], [ 330310.376393089303747, 6319281.571651823818684 ], [ 330310.466048447415233, 6319281.404102100990713 ], [ 330310.558584800455719, 6319281.238126150332391 ], [ 330310.653974532382563, 6319281.073773506097496 ], [ 330373.963539622898679, 6319174.132424873299897 ], [ 330575.536729672050569, 6319333.338386316783726 ], [ 330576.219396284723189, 6319333.868054501712322 ], [ 330576.911113816313446, 6319334.38584688026458 ], [ 330577.611675697262399, 6319334.891608822159469 ], [ 330578.320872716896702, 6319335.385189289227128 ], [ 330579.03849308565259, 6319335.86644088383764 ], [ 330579.764322498522233, 6319336.335219887085259 ], [ 330580.498144198965747, 6319336.791386307217181 ], [ 330581.239739043812733, 6319337.234803916886449 ], [ 330581.988885568396654, 6319337.665340297855437 ], [ 330582.74536005302798, 6319338.082866877317429 ], [ 330583.508936589583755, 6319338.487258968874812 ], [ 330584.279387148970272, 6319338.878395806998014 ], [ 330585.056481649458874, 6319339.256160585209727 ], [ 330585.839988025079947, 6319339.620440491475165 ], [ 330586.629672295006458, 6319339.971126738935709 ], [ 330587.425298633752391, 6319340.308114602230489 ], [ 330588.226629441021942, 6319340.631303444504738 ], [ 330589.033425413188525, 6319340.940596751868725 ], [ 330589.845445614482742, 6319341.235902158543468 ], [ 330590.662447548937052, 6319341.517131477594376 ], [ 330591.484187233087141, 6319341.784200723282993 ], [ 330592.310419268382248, 6319342.037030140869319 ], [ 330593.140896914817858, 6319342.275544227100909 ], [ 330593.97537216451019, 6319342.499671754427254 ], [ 330594.813595815736335, 6319342.709345789626241 ], [ 330595.655317547381856, 6319342.904503718018532 ], [ 330596.500285993737634, 6319343.085087259300053 ], [ 330597.348248819471337, 6319343.251042484305799 ], [ 330598.198952795006335, 6319343.402319834567606 ], [ 330599.052143872249871, 6319343.538874132558703 ], [ 330599.907567260263022, 6319343.660664599388838 ], [ 330600.764967501570936, 6319343.767654864117503 ] ] ] ] } },
{ "type": "Feature", "properties": { "fid": "83", "Area": 107472.618 }, "geometry": { "type": "MultiPolygon", "coordinates": [ [ [ [ 330905.962435320660006, 6319242.700476720929146 ], [ 330816.935061900585424, 6319304.240439407527447 ], [ 330580.966574825230055, 6319271.674716904759407 ], [ 330580.122157899080776, 6319271.550827031955123 ], [ 330579.279978601902258, 6319271.412542262114584 ], [ 330578.440282307274174, 6319271.25990288797766 ], [ 330577.603313665313181, 6319271.092953379265964 ], [ 330576.769316531426739, 6319270.911742379888892 ], [ 330575.938533895125147, 6319270.716322684660554 ], [ 330575.111207809590269, 6319270.506751231849194 ], [ 330574.287579320662189, 6319270.283089079894125 ], [ 330573.467888397106435, 6319270.045401394367218 ], [ 330572.652373860299122, 6319269.793757427483797 ], [ 330571.84127331484342, 6319269.528230496682227 ], [ 330571.034823079360649, 6319269.248897964134812 ], [ 330570.233258117455989, 6319268.955841216258705 ], [ 330569.436811969557311, 6319268.649145634844899 ], [ 330568.645716684462968, 6319268.328900579363108 ], [ 330567.860202752228361, 6319267.995199353434145 ], [ 330567.080499036528636, 6319267.648139183409512 ], [ 330566.306832708360162, 6319267.287821186706424 ], [ 330565.539429179625586, 6319266.914350344799459 ], [ 330564.778512037533801, 6319266.527835469692945 ], [ 330564.024302979407366, 6319266.128389174118638 ], [ 330563.277021748188417, 6319265.716127840802073 ], [ 330562.536886068352032, 6319265.2911715824157 ], [ 330561.804111582459882, 6319264.8536442136392 ], [ 330561.078911788354162, 6319264.403673209249973 ], [ 330560.361497976991814, 6319263.941389671526849 ], [ 330559.6520791707444, 6319263.466928289271891 ], [ 330558.95086206268752, 6319262.980427299626172 ], [ 330558.258050956239458, 6319262.482028446160257 ], [ 330557.573847705731168, 6319261.971876941621304 ], [ 330556.898451657500118, 6319261.450121420435607 ], [ 330556.232059591857251, 6319260.916913898661733 ], [ 330555.574865665752441, 6319260.372409731149673 ], [ 330554.927061356254853, 6319259.81676755938679 ], [ 330554.288835404673591, 6319259.250149274244905 ], [ 330553.660373761551455, 6319258.672719963826239 ], [ 330406.934622338972986, 6319121.533682919107378 ], [ 330409.787214024981949, 6319117.742097401991487 ], [ 330412.699415129667614, 6319113.996101567521691 ], [ 330415.670497169252485, 6319110.296632473357022 ], [ 330418.699716930743307, 6319106.64461553748697 ], [ 330421.786316658253781, 6319103.040964308194816 ], [ 330424.929524242237676, 6319099.486580234020948 ], [ 330428.128553412854671, 6319095.98235244024545 ], [ 330431.382603936479427, 6319092.529157506301999 ], [ 330434.69086181599414, 6319089.127859244123101 ], [ 330491.03411887830589, 6319032.109203526750207 ], [ 330491.168461629422382, 6319031.975572333671153 ], [ 330491.305086304200813, 6319031.844275079667568 ], [ 330491.443952361063566, 6319031.715350726619363 ], [ 330491.585018593177665, 6319031.588837530463934 ], [ 330491.728243140794802, 6319031.464773033745587 ], [ 330491.873583503765985, 6319031.343194048851728 ], [ 330492.020996554230805, 6319031.224136654287577 ], [ 330492.170438549132086, 6319031.107636178843677 ], [ 330492.321865143312607, 6319030.993727193213999 ], [ 330492.475231402844656, 6319030.882443496957421 ], [ 330492.630491818126757, 6319030.773818112909794 ], [ 330492.787600317620672, 6319030.667883275076747 ], [ 330492.946510281180963, 6319030.564670416526496 ], [ 330493.107174554257654, 6319030.464210166595876 ], [ 330493.269545461749658, 6319030.36653233319521 ], [ 330493.433574822032824, 6319030.271665903739631 ], [ 330493.599213961337227, 6319030.179639026522636 ], [ 330493.766413728357293, 6319030.090479010716081 ], [ 330493.935124508629087, 6319030.004212312400341 ], [ 330494.105296239198651, 6319029.920864530839026 ], [ 330494.276878423755988, 6319029.840460398234427 ], [ 330494.449820147361606, 6319029.763023773208261 ], [ 330494.624070091696922, 6319029.688577635213733 ], [ 330494.799576550140046, 6319029.617144074290991 ], [ 330494.976287443365436, 6319029.548744288273156 ], [ 330495.154150334594306, 6319029.483398572541773 ], [ 330495.333112445136067, 6319029.421126319095492 ], [ 330495.513120670220815, 6319029.361946006305516 ], [ 330495.694121594598982, 6319029.305875194258988 ], [ 330495.876061508373823, 6319029.252930521033704 ], [ 330496.058886423241347, 6319029.203127698972821 ], [ 330496.242542088031769, 6319029.15648150537163 ], [ 330496.426974005182274, 6319029.113005782477558 ], [ 330496.612127446860541, 6319029.072713430970907 ], [ 330496.797947470971849, 6319029.035616406239569 ], [ 330496.984378937748261, 6319029.001725717447698 ], [ 330497.171366525813937, 6319028.971051421016455 ], [ 330497.358854749065358, 6319028.943602618761361 ], [ 330497.546787972503807, 6319028.919387456029654 ], [ 330497.735110429348424, 6319028.898413118906319 ], [ 330497.923766237217933, 6319028.880685830488801 ], [ 330498.112699414719827, 6319028.866210851818323 ], [ 330498.301853898272384, 6319028.854992477223277 ], [ 330498.491173558635637, 6319028.847034036181867 ], [ 330498.680602217500564, 6319028.842337890528142 ], [ 330498.870083664194681, 6319028.840905433520675 ], [ 330499.059561672445852, 6319028.842737089842558 ], [ 330499.248980016971473, 6319028.847832316532731 ], [ 330499.438282490184065, 6319028.856189601123333 ], [ 330499.62741291889688, 6319028.86780646443367 ], [ 330499.816315180971287, 6319028.882679458707571 ], [ 330500.004933221964166, 6319028.900804171338677 ], [ 330500.193211071775295, 6319028.922175223007798 ], [ 330500.381092861294746, 6319028.946786272339523 ], [ 330615.995486046944279, 6319045.105430079624057 ], [ 330814.959942683286499, 6319072.913349894806743 ], [ 330826.613908586092293, 6319074.645359643734992 ], [ 330838.236067442339845, 6319076.579319972544909 ], [ 330849.822919937549159, 6319078.714648585766554 ], [ 330861.370977387821767, 6319081.050702556967735 ], [ 330872.876762789790519, 6319083.586778525263071 ], [ 330884.336811868066434, 6319086.322112902998924 ], [ 330895.747674117737915, 6319089.255882108584046 ], [ 330907.105913843726739, 6319092.387202814221382 ], [ 330918.408111195021775, 6319095.715132210403681 ], [ 330929.650863194314297, 6319099.238668290898204 ], [ 330940.830784762802068, 6319102.956750156357884 ], [ 330951.94450973928906, 6319106.868258328177035 ], [ 330962.988691893580835, 6319110.972015092149377 ], [ 331009.363796034711413, 6319129.258814642205834 ], [ 331009.540208871825598, 6319129.330147637054324 ], [ 331009.715361369773746, 6319129.404521609656513 ], [ 331009.889201113081072, 6319129.481914302334189 ], [ 331010.061676079465542, 6319129.562302555888891 ], [ 331010.232734654739033, 6319129.645662313327193 ], [ 331010.40232564881444, 6319129.731968628242612 ], [ 331010.570398310665041, 6319129.821195673197508 ], [ 331010.736902343691327, 6319129.913316747173667 ], [ 331010.901787920680363, 6319130.008304282091558 ], [ 331011.065005698706955, 6319130.106129853054881 ], [ 331011.226506834093016, 6319130.206764183938503 ], [ 331011.386242996668443, 6319130.310177160426974 ], [ 331011.544166384614073, 6319130.41633783467114 ], [ 331011.700229738489725, 6319130.525214438326657 ], [ 331011.854386355553288, 6319130.636774390004575 ], [ 331012.006590103614144, 6319130.75098430365324 ], [ 331012.15679543488659, 6319130.867810001596808 ], [ 331012.304957399668638, 6319130.987216522917151 ], [ 331012.451031659671571, 6319131.109168136492372 ], [ 331012.594974501407705, 6319131.233628344722092 ], [ 331012.736742849287111, 6319131.360559904947877 ], [ 331012.876294278306887, 6319131.489924830384552 ], [ 331013.013587027031463, 6319131.621684407815337 ], [ 331013.148580009874422, 6319131.755799209699035 ], [ 331013.28123282949673, 6319131.892229098826647 ], [ 331013.411505788739305, 6319132.030933249741793 ], [ 331013.539359902846627, 6319132.171870153397322 ], [ 331013.664756910759024, 6319132.31499763391912 ], [ 331013.787659286812413, 6319132.460272859781981 ], [ 331013.908030251739547, 6319132.607652355916798 ], [ 331014.025833783962298, 6319132.757092019543052 ], [ 331014.141034630127251, 6319132.908547130413353 ], [ 331014.253598315757699, 6319133.061972361989319 ], [ 331014.363491155614611, 6319133.217321803793311 ], [ 331014.470680263708346, 6319133.374548966065049 ], [ 331014.575133563077543, 6319133.533606796525419 ], [ 331014.676819795568008, 6319133.694447698071599 ], [ 331014.775708531029522, 6319133.857023536227643 ], [ 331014.871770176512655, 6319134.021285660564899 ], [ 331014.96497598499991, 6319134.187184914946556 ], [ 331015.055298064253293, 6319134.354671652428806 ], [ 331015.142709384788759, 6319134.523695752955973 ], [ 331015.22718378843274, 6319134.694206633605063 ], [ 331015.308695995714515, 6319134.866153268143535 ], [ 331015.38722161372425, 6319135.039484201930463 ], [ 331015.462737143214326, 6319135.214147564023733 ], [ 331015.535219985758886, 6319135.390091085806489 ], [ 331015.60464845050592, 6319135.567262114956975 ], [ 331015.671001760638319, 6319135.745607632212341 ], [ 331015.734260059602093, 6319135.925074267201126 ], [ 331015.794404416927136, 6319136.105608312413096 ], [ 331015.851416834164411, 6319136.287155742757022 ], [ 331015.905280250066426, 6319136.469662229530513 ], [ 331015.955978545651305, 6319136.653073157183826 ], [ 331016.003496549266856, 6319136.837333637289703 ], [ 331016.047820040897932, 6319137.022388529963791 ], [ 331016.088935756415594, 6319137.20818245690316 ], [ 331016.126831391826272, 6319137.394659817218781 ], [ 331016.161495606589597, 6319137.581764807924628 ], [ 331016.192918027285486, 6319137.769441436044872 ], [ 331016.221089250640944, 6319137.957633539102972 ], [ 331016.246000846207608, 6319138.146284798160195 ], [ 331016.267645359039307, 6319138.33533876016736 ], [ 331016.286016311962157, 6319138.524738848209381 ], [ 331016.301108207320794, 6319138.714428383857012 ], [ 331016.312916528841015, 6319138.904350602068007 ], [ 331016.321437742793933, 6319139.094448666088283 ], [ 331016.32666929916013, 6319139.28466568980366 ], [ 331016.328609632328153, 6319139.474944748915732 ], [ 331016.32725816173479, 6319139.665228902362287 ], [ 331016.322615291748662, 6319139.855461205355823 ], [ 331016.314682411786634, 6319140.045584729872644 ], [ 331016.303461895789951, 6319140.235542581416667 ], [ 331016.288957101583946, 6319140.425277912989259 ], [ 331016.271172369772103, 6319140.614733946509659 ], [ 331016.250113022571895, 6319140.803853985853493 ], [ 331016.225785362068564, 6319140.992581435479224 ], [ 331016.198196668468881, 6319141.180859818123281 ], [ 331016.167355197831057, 6319141.368632789701223 ], [ 331016.133270179561805, 6319141.555844158865511 ], [ 331016.095951813913416, 6319141.742437901906669 ], [ 331016.055411268491298, 6319141.92835817951709 ], [ 331016.011660675285384, 6319142.113549352623522 ], [ 331015.964713126886636, 6319142.297956003807485 ], [ 331015.914582672645338, 6319142.48152294754982 ], [ 331015.861284314363729, 6319142.664195250719786 ], [ 331015.804834001755808, 6319142.84591824747622 ], [ 331015.745248628023546, 6319143.026637556031346 ], [ 331015.682546024268959, 6319143.206299095414579 ], [ 331015.616744954604656, 6319143.384849101305008 ], [ 331015.547865110449493, 6319143.56223414093256 ], [ 331015.475927104300354, 6319143.73840113170445 ], [ 331015.400952464086004, 6319143.913297354243696 ], [ 331014.495517592818942, 6319145.928551085293293 ], [ 331013.555435104179196, 6319147.927877177484334 ], [ 331012.580985063978005, 6319149.910679998807609 ], [ 331011.572457776754163, 6319151.876368840225041 ], [ 331010.530153699161019, 6319153.824358089827001 ], [ 331009.45438335055951, 6319155.754067411646247 ], [ 331008.345467220409773, 6319157.664921912364662 ], [ 331007.203735672810581, 6319159.556352319195867 ], [ 331006.029528848186601, 6319161.427795141935349 ], [ 331004.823196561832447, 6319163.278692849911749 ], [ 331003.58509819972096, 6319165.108494028449059 ], [ 331002.315602611575741, 6319166.916653551161289 ], [ 331001.015088000625838, 6319168.702632738277316 ], [ 330999.683941811381374, 6319170.465899515897036 ], [ 330998.322560613916721, 6319172.205928579904139 ], [ 330996.931349985883571, 6319173.92220154684037 ], [ 330995.510724391438998, 6319175.614207111299038 ], [ 330994.061107058078051, 6319177.281441196799278 ], [ 330992.582929850381333, 6319178.923407106660306 ], [ 330991.076633141376078, 6319180.539615673944354 ], [ 330989.542665681277867, 6319182.1295854030177 ], [ 330987.981484463962261, 6319183.692842616699636 ], [ 330986.393554590758868, 6319185.22892159409821 ], [ 330984.779349131626077, 6319186.737364714033902 ], [ 330983.139348984754179, 6319188.217722584493458 ], [ 330981.474042732792441, 6319189.669554185122252 ], [ 330979.783926497562788, 6319191.092426990158856 ], [ 330978.069503792095929, 6319192.485917103476822 ], [ 330976.331285370863043, 6319193.849609381519258 ], [ 330974.569789077329915, 6319195.183097557164729 ], [ 330972.785539689881261, 6319196.485984364524484 ], [ 330970.979068765358534, 6319197.757881650701165 ], [ 330905.962435320660006, 6319242.700476720929146 ] ] ] ] } },
{ "type": "Feature", "properties": { "fid": "84", "Area": 36817.305 }, "geometry": { "type": "MultiPolygon", "coordinates": [ [ [ [ 330866.550180563644972, 6319025.449296075850725 ], [ 330866.880304899998009, 6319025.724876479245722 ], [ 330867.215120546403341, 6319025.994737775996327 ], [ 330867.554528436623514, 6319026.258800118230283 ], [ 330867.898428145854268, 6319026.516985374502838 ], [ 330868.246717920119409, 6319026.769217151217163 ], [ 330868.599294706480578, 6319027.015420819632709 ], [ 330868.956054183654487, 6319027.255523530766368 ], [ 330869.316890792688355, 6319027.489454242400825 ], [ 330869.681697768275626, 6319027.717143739573658 ], [ 330870.050367170479149, 6319027.938524652272463 ], [ 330870.422789916279726, 6319028.153531476855278 ], [ 330870.798855812347028, 6319028.362100597470999 ], [ 330871.178453587344848, 6319028.564170302823186 ], [ 330871.561470924818423, 6319028.759680802933872 ], [ 330871.947794496605638, 6319028.948574249632657 ], [ 330872.337309996364638, 6319029.130794753320515 ], [ 330872.729902173101436, 6319029.306288397870958 ], [ 330873.125454865687061, 6319029.475003256462514 ], [ 330873.523851036967244, 6319029.636889412067831 ], [ 330873.924972808454186, 6319029.791898963041604 ], [ 330874.32870149507653, 6319029.939986045472324 ], [ 330874.734917640686035, 6319030.081106842495501 ], [ 330875.143501052865759, 6319030.215219600126147 ], [ 330875.554330838902388, 6319030.342284635640681 ], [ 330875.967285441467538, 6319030.46226435340941 ], [ 330876.382242674473673, 6319030.575123253278434 ], [ 330876.799079759221058, 6319030.68082794174552 ], [ 330877.217673360835761, 6319030.779347143135965 ], [ 330877.637899624882266, 6319030.870651707984507 ], [ 330878.059634213568643, 6319030.954714619554579 ], [ 330878.482752343057655, 6319031.031511005014181 ], [ 330878.907128820021171, 6319031.10101814288646 ], [ 330879.332638078834862, 6319031.163215466775 ], [ 330879.759154218714684, 6319031.218084573745728 ], [ 330880.186551040911581, 6319031.265609228052199 ], [ 330880.614702086197212, 6319031.305775368586183 ], [ 330881.043480672058649, 6319031.338571111671627 ], [ 330881.472759930358734, 6319031.363986751995981 ], [ 330881.902412844938226, 6319031.382014770060778 ], [ 330882.332312288810499, 6319031.392649833112955 ], [ 330882.762331062345766, 6319031.395888792350888 ], [ 330883.192341930349357, 6319031.391730691306293 ], [ 330883.622217660129536, 6319031.380176758393645 ], [ 330896.488557334349025, 6319030.923595148138702 ], [ 330896.91759780771099, 6319030.9046790022403 ], [ 330897.346250042377505, 6319030.878395737148821 ], [ 330897.774387545941863, 6319030.844753108918667 ], [ 330898.201883977570105, 6319030.803761045448482 ], [ 330898.628613185836002, 6319030.755431643687189 ], [ 330899.054449245682918, 6319030.699779164046049 ], [ 330899.479266495560296, 6319030.636820029467344 ], [ 330899.902939574501943, 6319030.566572819836438 ], [ 330900.325343459378928, 6319030.489058263599873 ], [ 330900.746353501453996, 6319030.404299235902727 ], [ 330901.165845463227015, 6319030.312320747412741 ], [ 330901.583695555396844, 6319030.213149941526353 ], [ 330901.999780472950079, 6319030.10681608133018 ], [ 330902.413977431948297, 6319029.993350546807051 ], [ 330902.826164205383975, 6319029.872786820866168 ], [ 330903.236219159676693, 6319029.745160480029881 ], [ 330903.644021290063392, 6319029.610509186983109 ], [ 330904.049450256803539, 6319029.468872675672174 ], [ 330904.452386420336552, 6319029.320292742922902 ], [ 330904.852710876730271, 6319029.16481323260814 ], [ 330905.250305492838379, 6319029.002480027265847 ], [ 330905.645052940933965, 6319028.833341029472649 ], [ 330906.03683673357591, 6319028.657446151599288 ], [ 330906.425541257834993, 6319028.474847298115492 ], [ 330906.811051809461787, 6319028.285598354414105 ], [ 330907.193254626763519, 6319028.08975516539067 ], [ 330907.572036924015265, 6319027.887375522404909 ], [ 330907.947286925045773, 6319027.678519148379564 ], [ 330908.318893895950168, 6319027.463247674517334 ], [ 330908.686748177802656, 6319027.241624625399709 ], [ 330909.050741219136398, 6319027.01371540222317 ], [ 330909.410765607957728, 6319026.779587258584797 ], [ 330909.766715103352908, 6319026.539309283718467 ], [ 330910.118484666803852, 6319026.292952382937074 ], [ 330910.465970493387431, 6319026.04058925434947 ], [ 330910.809070042218082, 6319025.782294368371367 ], [ 330911.147682066773996, 6319025.51814394723624 ], [ 330911.481706644815858, 6319025.248215938918293 ], [ 330911.811045207781717, 6319024.97258999850601 ], [ 330912.135600570007227, 6319024.691347460262477 ], [ 330912.455276957130991, 6319024.40457131806761 ], [ 330912.769980034790933, 6319024.112346196547151 ], [ 330913.079616936040111, 6319023.814758331514895 ], [ 330913.384096288995352, 6319023.511895537376404 ], [ 330913.683328243729193, 6319023.203847187571228 ], [ 330913.977224498754367, 6319022.890704185701907 ], [ 330914.265698327217251, 6319022.572558938525617 ], [ 330914.548664602276403, 6319022.24950532708317 ], [ 330914.826039822364692, 6319021.921638684347272 ], [ 330915.097742135752924, 6319021.589055760763586 ], [ 330915.363691364938859, 6319021.251854699105024 ], [ 330915.623809029872064, 6319020.91013500560075 ], [ 330915.878018371528015, 6319020.563997520133853 ], [ 330916.126244374318048, 6319020.213544385507703 ], [ 330916.368413788324688, 6319019.858879017643631 ], [ 330916.604455150896683, 6319019.500106075778604 ], [ 330916.83429880766198, 6319019.137331432662904 ], [ 330917.057876933307853, 6319018.770662140101194 ], [ 330917.275123551255092, 6319018.400206400081515 ], [ 330917.485974553448614, 6319018.026073531247675 ], [ 330917.690367719100323, 6319017.648373939096928 ], [ 330931.427384748472832, 6318991.734326883219182 ], [ 330931.633698383520823, 6318991.35315078124404 ], [ 330931.846589272026904, 6318990.975608722306788 ], [ 330932.065993423748296, 6318990.6018141862005 ], [ 330932.291844891034998, 6318990.231879527680576 ], [ 330932.524075788096525, 6318989.865915940143168 ], [ 330932.762616311665624, 6318989.504033423960209 ], [ 330933.007394762011245, 6318989.146340752951801 ], [ 330933.258337564358953, 6318988.792945440858603 ], [ 330933.51536929118447, 6318988.443953709676862 ], [ 330933.778412684681825, 6318988.09947045892477 ], [ 330934.047388680046424, 6318987.759599233046174 ], [ 330934.322216429398395, 6318987.424442186951637 ], [ 330934.602813325764146, 6318987.094100063666701 ], [ 330934.889095028280281, 6318986.768672155216336 ], [ 330935.180975487281103, 6318986.448256278410554 ], [ 330935.478366970259231, 6318986.132948741316795 ], [ 330935.781180088175461, 6318985.822844319976866 ], [ 330936.08932382252533, 6318985.518036223016679 ], [ 330936.402705552289262, 6318985.218616069294512 ], [ 330936.721231082279701, 6318984.924673858098686 ], [ 330937.044804671022575, 6318984.636297941207886 ], [ 330937.373329059861135, 6318984.353574997745454 ], [ 330937.706705501885153, 6318984.076590008102357 ], [ 330938.044833791907877, 6318983.80542622692883 ], [ 330938.387612296326552, 6318983.540165159851313 ], [ 330938.734937983972486, 6318983.28088653832674 ], [ 330939.086706456670072, 6318983.027668295428157 ], [ 330939.442811980959959, 6318982.78058654256165 ], [ 330939.803147519822232, 6318982.539715548045933 ], [ 330940.167604764690623, 6318982.305127711035311 ], [ 330940.536074168223422, 6318982.076893542893231 ], [ 330940.908444976899773, 6318981.855081645771861 ], [ 330941.284605264838319, 6318981.639758691191673 ], [ 330941.664441966859158, 6318981.430989400483668 ], [ 330942.047840912826359, 6318981.2288365252316 ], [ 330942.434686861990485, 6318981.033360827714205 ], [ 330942.824863537272904, 6318980.84462106321007 ], [ 330943.218253660714254, 6318980.662673961371183 ], [ 330943.614738988282625, 6318980.487574213184416 ], [ 330944.01420034567127, 6318980.319374449551105 ], [ 330944.416517664096318, 6318980.158125225454569 ], [ 330944.821570016210899, 6318980.00387501064688 ], [ 330945.229235652659554, 6318979.856670168228447 ], [ 330945.63939203863265, 6318979.71655494440347 ], [ 330946.051915890537202, 6318979.583571455441415 ], [ 330946.466683213307988, 6318979.457759671844542 ], [ 330946.883569337485824, 6318979.339157410897315 ], [ 330947.302448956761509, 6318979.227800321765244 ], [ 330947.723196165519767, 6318979.12372187525034 ], [ 330948.145684497023467, 6318979.026953354477882 ], [ 330948.569786960957572, 6318978.937523846514523 ], [ 330948.995376081962604, 6318978.85546023119241 ], [ 330949.422323937818874, 6318978.780787176452577 ], [ 330949.850502197863534, 6318978.713527125306427 ], [ 330950.279782161582261, 6318978.653700295835733 ], [ 330950.710034797433764, 6318978.601324670016766 ], [ 330951.141130781325046, 6318978.556415990926325 ], [ 330951.57294053590158, 6318978.518987757153809 ], [ 330952.005334269080777, 6318978.489051219075918 ], [ 330952.438182013283949, 6318978.466615374200046 ], [ 330952.871353664551862, 6318978.451686967164278 ], [ 330953.304719021485653, 6318978.444270484149456 ], [ 330953.738147824478801, 6318978.444368154741824 ], [ 330954.171509794890881, 6318978.451979949139059 ], [ 330954.604674674104899, 6318978.467103580012918 ], [ 330955.037512262817472, 6318978.489734501577914 ], [ 330955.469892460037954, 6318978.519865911453962 ], [ 330955.901685302262194, 6318978.557488753460348 ], [ 330956.332761002646293, 6318978.602591716684401 ], [ 330956.762989989714697, 6318978.655161246657372 ], [ 330957.192242946650367, 6318978.715181541629136 ], [ 330957.620390849886462, 6318978.7826345609501 ], [ 330958.047305008163676, 6318978.857500028796494 ], [ 330958.472857100889087, 6318978.939755442552269 ], [ 330958.896919216960669, 6318979.029376079328358 ], [ 330959.319363893126138, 6318979.126335000619292 ], [ 330959.740064152283594, 6318979.230603062547743 ], [ 330960.158893541723955, 6318979.342148925177753 ], [ 330960.575726170965936, 6318979.46093905903399 ], [ 331069.061201376491226, 6319011.396781774237752 ], [ 331062.309692973794881, 6319027.484515234827995 ], [ 331034.995821744727436, 6319095.375021019950509 ], [ 331034.92294328508433, 6319095.55171646270901 ], [ 331034.847005700867157, 6319095.727118950337172 ], [ 331034.768031919142231, 6319095.901175525039434 ], [ 331034.686045783921145, 6319096.073833636008203 ], [ 331034.601072048651986, 6319096.245041152462363 ], [ 331034.51313636865234, 6319096.414746384136379 ], [ 331034.422265293716919, 6319096.582898092456162 ], [ 331034.328486259793863, 6319096.749445510096848 ], [ 331034.231827580777463, 6319096.914338351227343 ], [ 331034.132318440068047, 6319097.077526831999421 ], [ 331034.029988881724421, 6319097.238961682654917 ], [ 331033.924869801150635, 6319097.398594161495566 ], [ 331033.816992936248425, 6319097.556376072578132 ], [ 331033.706390857230872, 6319097.7122597778216 ], [ 331033.593096957483795, 6319097.866198212839663 ], [ 331033.477145442739129, 6319098.018144899047911 ], [ 331033.358571321412455, 6319098.168053962290287 ], [ 331033.237410393543541, 6319098.315880140289664 ], [ 331033.113699240377173, 6319098.461578802205622 ], [ 331032.987475212896243, 6319098.605105957947671 ], [ 331032.858776420995127, 6319098.746418273076415 ], [ 331032.727641721605323, 6319098.885473081842065 ], [ 331032.59411070717033, 6319099.022228402085602 ], [ 331032.458223693654872, 6319099.156642943620682 ], [ 331032.320021708321292, 6319099.288676124066114 ], [ 331032.179546477331314, 6319099.418288079090416 ], [ 331032.03684041328961, 6319099.545439676381648 ], [ 331031.89194660220528, 6319099.67009252589196 ], [ 331031.744908790802583, 6319099.792208992876112 ], [ 331031.595771372900344, 6319099.911752206273377 ], [ 331031.444579376431648, 6319100.028686075471342 ], [ 331031.291378449532203, 6319100.142975294031203 ], [ 331031.136214846919756, 6319100.254585355520248 ], [ 331030.97913541586604, 6319100.363482562825084 ], [ 331030.820187582168728, 6319100.469634037464857 ], [ 331030.659419335541315, 6319100.573007729835808 ], [ 331030.496879215585068, 6319100.673572429455817 ], [ 331030.332616296538617, 6319100.771297773346305 ], [ 331030.1666801731335, 6319100.866154256276786 ], [ 331029.999120945052709, 6319100.958113239146769 ], [ 331029.829989202145953, 6319101.047146957367659 ], [ 331029.659336008888204, 6319101.133228529244661 ], [ 331029.487212889303919, 6319101.21633196529001 ], [ 331029.313671811076347, 6319101.296432174742222 ], [ 331029.138765170064289, 6319101.373504973948002 ], [ 331028.962545774469618, 6319101.447527092881501 ], [ 331028.785066828713752, 6319101.518476181663573 ], [ 331028.606381917605177, 6319101.586330819875002 ], [ 331028.426544990041293, 6319101.651070521213114 ], [ 331028.245610342768487, 6319101.712675739079714 ], [ 331028.063632603792939, 6319101.77112787310034 ], [ 331027.880666716315318, 6319101.826409274712205 ], [ 331027.696767921675928, 6319101.87850325461477 ], [ 331027.511991742940154, 6319101.927394084632397 ], [ 331027.326393968076445, 6319101.973067001439631 ], [ 331027.140030633192509, 6319102.015508217737079 ], [ 331026.952958005364053, 6319102.054704918526113 ], [ 331026.76523256598739, 6319102.090645269490778 ], [ 331026.576910993433557, 6319102.123318419791758 ], [ 331026.388050146168098, 6319102.152714503929019 ], [ 331026.198707045288756, 6319102.178824647329748 ], [ 331026.008938857761677, 6319102.20164096634835 ], [ 331025.818802878726274, 6319102.221156572923064 ], [ 331025.628356514323968, 6319102.237365573644638 ], [ 331025.437657264585141, 6319102.250263075344265 ], [ 331025.246762705734, 6319102.259845185093582 ], [ 331025.05573047301732, 6319102.266109007410705 ], [ 331024.864618243242148, 6319102.269052653573453 ], [ 331024.67348371737171, 6319102.268675233237445 ], [ 331024.482384603121318, 6319102.264976860955358 ], [ 331024.291378597496077, 6319102.257958652451634 ], [ 331024.100523369445, 6319102.247622728347778 ], [ 331023.909876542224083, 6319102.233972208574414 ], [ 331023.719495676399674, 6319102.217011214233935 ], [ 331023.529438252036925, 6319102.196744865737855 ], [ 331023.339761651703157, 6319102.173179282806814 ], [ 331023.150523142830934, 6319102.146321579813957 ], [ 331022.961779860779643, 6319102.116179866716266 ], [ 331022.773588791198563, 6319102.082763242535293 ], [ 331022.586006753088441, 6319102.046081798151135 ], [ 331022.399090381630231, 6319102.006146606989205 ], [ 331022.212896110955626, 6319101.962969726882875 ], [ 331022.027480157150421, 6319101.916564193554223 ], [ 331021.842898501374293, 6319101.866944018751383 ], [ 331021.659206872864161, 6319101.814124182797968 ], [ 331021.476460732170381, 6319101.758120633661747 ], [ 331021.294715254334733, 6319101.698950280435383 ], [ 331021.114025312301237, 6319101.636630987748504 ], [ 331020.93444546032697, 6319101.571181571111083 ], [ 331020.756029917509295, 6319101.502621790394187 ], [ 330973.681526508822571, 6319082.942329259589314 ], [ 330962.149383431533352, 6319078.657257762737572 ], [ 330950.544624947942793, 6319074.572928904555738 ], [ 330938.870745133259334, 6319070.690572435036302 ], [ 330927.131258874607738, 6319067.011357292532921 ], [ 330915.32970081246458, 6319063.536391249857843 ], [ 330903.469624276563991, 6319060.266720586456358 ], [ 330891.554600215924438, 6319057.20332976616919 ], [ 330879.588216123636812, 6319054.347141144797206 ], [ 330867.574074956879485, 6319051.699014691635966 ], [ 330855.51579405204393, 6319049.259747731499374 ], [ 330843.417004035320133, 6319047.03007470164448 ], [ 330831.281347730080597, 6319045.010666935704648 ], [ 330819.112479059549514, 6319043.20213245600462 ], [ 330626.73603569495026, 6319016.314974820241332 ], [ 330542.923255873378366, 6319004.601027976721525 ], [ 330542.73380375339184, 6319004.572865814901888 ], [ 330542.544870698475279, 6319004.541409274563193 ], [ 330542.35651399003109, 6319004.506667894311249 ], [ 330542.168790734780487, 6319004.46865220554173 ], [ 330541.981757847242989, 6319004.427373735234141 ], [ 330541.795472032797989, 6319004.382844997569919 ], [ 330541.609989770164248, 6319004.335079493001103 ], [ 330541.425367294577882, 6319004.284091703593731 ], [ 330541.241660580562893, 6319004.229897087439895 ], [ 330541.058925324934535, 6319004.172512076795101 ], [ 330540.877216930035502, 6319004.111954068765044 ], [ 330540.696590486797504, 6319004.04824142344296 ], [ 330540.517100758326706, 6319003.981393457390368 ], [ 330540.338802162907086, 6319003.91143043898046 ], [ 330540.161748757644091, 6319003.838373578153551 ], [ 330539.985994222399313, 6319003.762245026417077 ], [ 330539.811591842910275, 6319003.68306786287576 ], [ 330539.638594495190773, 6319003.600866094231606 ], [ 330539.467054629232734, 6319003.515664641745389 ], [ 330539.297024252999108, 6319003.427489336580038 ], [ 330539.128554916940629, 6319003.336366914212704 ], [ 330538.96169769827975, 6319003.242324999533594 ], [ 330538.796503185294569, 6319003.14539210498333 ], [ 330538.633021462301258, 6319003.045597619377077 ], [ 330538.471302094229031, 6319002.942971797659993 ], [ 330538.311394111718982, 6319002.83754575625062 ], [ 330538.15334599633934, 6319002.729351457208395 ], [ 330537.997205665626097, 6319002.618421703577042 ], [ 330537.843020458705723, 6319002.504790127277374 ], [ 330537.690837122092489, 6319002.388491179794073 ], [ 330537.540701795252971, 6319002.269560120999813 ], [ 330537.392659996752627, 6319002.148033007979393 ], [ 330537.246756610402372, 6319002.023946687579155 ], [ 330537.1030358717544, 6319001.897338779643178 ], [ 330536.961541354539804, 6319001.768247668631375 ], [ 330536.822315957571846, 6319001.636712495237589 ], [ 330536.68540189176565, 6319001.50277313683182 ], [ 330536.5508406671579, 6319001.366470201872289 ], [ 330536.418673080508597, 6319001.2278450159356 ], [ 330536.288939202844631, 6319001.086939607746899 ], [ 330536.161678367410786, 6319000.943796697072685 ], [ 330536.036929157562554, 6319000.798459682613611 ], [ 330535.914729395182803, 6319000.650972628034651 ], [ 330535.795116129331291, 6319000.50138024892658 ], [ 330535.678125624661334, 6319000.349727899767458 ], [ 330535.563793350826018, 6319000.196061559021473 ], [ 330535.452153971535154, 6319000.040427816100419 ], [ 330535.343241333961487, 6318999.882873855531216 ], [ 330535.237088458612561, 6318999.723447444848716 ], [ 330535.133727529377211, 6318999.562196921557188 ], [ 330535.033189883572049, 6318999.399171171709895 ], [ 330534.935506002453621, 6318999.234419624321163 ], [ 330534.84070550231263, 6318999.067992228083313 ], [ 330534.74881712498609, 6318998.899939440190792 ], [ 330534.659868729650043, 6318998.730312213301659 ], [ 330534.573887283855584, 6318998.559161975048482 ], [ 330534.490898855845444, 6318998.386540614999831 ], [ 330534.410928606346715, 6318998.212500468827784 ], [ 330534.334000781062059, 6318998.037094304338098 ], [ 330534.260138703160919, 6318997.860375299118459 ], [ 330534.189364766411018, 6318997.682397034019232 ], [ 330534.121700428368058, 6318997.503213467076421 ], [ 330534.057166203740053, 6318997.322878925129771 ], [ 330533.995781658275519, 6318997.141448082402349 ], [ 330533.937565402651671, 6318996.958975945599377 ], [ 330533.88253508717753, 6318996.775517837144434 ], [ 330533.830707396089565, 6318996.591129379346967 ], [ 330533.782098042720463, 6318996.405866473913193 ], [ 330533.736721764609683, 6318996.219785291701555 ], [ 330533.694592319137882, 6318996.032942247577012 ], [ 330533.655722479219548, 6318995.845393991097808 ], [ 330533.62012402957771, 6318995.657197382301092 ], [ 330533.587807763018645, 6318995.468409479595721 ], [ 330533.558783477405086, 6318995.279087521135807 ], [ 330533.533059972338378, 6318995.08928890619427 ], [ 330533.510645046830177, 6318994.899071177467704 ], [ 330533.491545496624894, 6318994.70849200617522 ], [ 330533.475767112511676, 6318994.517609174363315 ], [ 330533.463314678170718, 6318994.326480552554131 ], [ 330533.454191968950909, 6318994.135164088569582 ], [ 330533.448401750705671, 6318993.943717786110938 ], [ 330533.445945779036265, 6318993.752199689857662 ], [ 330533.446824798418675, 6318993.560667864046991 ], [ 330533.451038542436436, 6318993.369180376641452 ], [ 330533.458585733547807, 6318993.177795286290348 ], [ 330533.469464083551429, 6318992.986570615321398 ], [ 330533.483670294284821, 6318992.79556434135884 ], [ 330533.501200058672111, 6318992.604834374040365 ], [ 330533.522048062004615, 6318992.41443853918463 ], [ 330533.546207983512431, 6318992.224434562027454 ], [ 330533.573672498227097, 6318992.034880048595369 ], [ 330533.604433279426303, 6318991.845832468941808 ], [ 330533.638481000962202, 6318991.657349138520658 ], [ 330533.675805340055376, 6318991.469487202353776 ], [ 330533.716394980670884, 6318991.282303618267179 ], [ 330533.760237616603263, 6318991.095855136401951 ], [ 330533.807319955551066, 6318990.910198285244405 ], [ 330533.857627722900361, 6318990.725389352068305 ], [ 330533.911145666148514, 6318990.54148436896503 ], [ 330533.967857559560798, 6318990.358539091423154 ], [ 330534.027746208943427, 6318990.176608988083899 ], [ 330534.090793457173277, 6318989.995749214664102 ], [ 330534.156980189261958, 6318989.81601460557431 ], [ 330534.226286338525824, 6318989.637459653429687 ], [ 330534.298690892464947, 6318989.46013849414885 ], [ 330534.374171899165958, 6318989.284104886464775 ], [ 330534.452706474112347, 6318989.109412203542888 ], [ 330534.534270806820132, 6318988.936113406904042 ], [ 330534.618840168404859, 6318988.76426103990525 ], [ 330534.706388918741141, 6318988.593907203525305 ], [ 330534.796890514611732, 6318988.425103547051549 ], [ 330534.890317517274525, 6318988.257901249453425 ], [ 330534.986641601251904, 6318988.092351003549993 ], [ 330535.085833562654443, 6318987.928503001108766 ], [ 330535.187863328203093, 6318987.766406917944551 ], [ 330535.292699964018539, 6318987.60611189994961 ], [ 330535.400311685400084, 6318987.447666544467211 ], [ 330535.510665866255295, 6318987.291118890978396 ], [ 330535.623729048995301, 6318987.136516400612891 ], [ 330535.739466954721138, 6318986.983905947767198 ], [ 330535.857844493584707, 6318986.833333801478148 ], [ 330535.97882577549899, 6318986.684845611453056 ], [ 330536.102374120906461, 6318986.538486396893859 ], [ 330536.228452071954962, 6318986.394300533458591 ], [ 330536.357021403964609, 6318986.252331733703613 ], [ 330536.488043136661872, 6318986.112623041495681 ], [ 330536.621477547101676, 6318985.975216814316809 ], [ 330591.416774063720368, 6318930.523109998553991 ], [ 330757.952676247281488, 6318953.667174948379397 ], [ 330759.649697850632947, 6318953.917870916426182 ], [ 330761.342169382085558, 6318954.19764029700309 ], [ 330763.029592792678159, 6318954.506400761194527 ], [ 330764.711471519200131, 6318954.844061449170113 ], [ 330766.387310630059801, 6318955.210522996261716 ], [ 330768.056616970861796, 6318955.605677562765777 ], [ 330769.71889930969337, 6318956.029408865608275 ], [ 330771.373668481654022, 6318956.481592210941017 ], [ 330773.020437532744836, 6318956.962094535119832 ], [ 330774.658721863059327, 6318957.470774438232183 ], [ 330776.288039369683247, 6318958.007482229731977 ], [ 330777.907910588372033, 6318958.572059971280396 ], [ 330779.517858834587969, 6318959.164341521449387 ], [ 330781.117410343897063, 6318959.784152589738369 ], [ 330782.706094411434606, 6318960.431310781277716 ], [ 330784.283443530148361, 6318961.105625654570758 ], [ 330785.848993528692517, 6318961.806898777373135 ], [ 330787.402283707866445, 6318962.534923783503473 ], [ 330788.94285697612213, 6318963.28948643617332 ], [ 330790.470259984314907, 6318964.070364685729146 ], [ 330791.984043258824386, 6318964.877328742295504 ], [ 330793.483761333976872, 6318965.71014113817364 ], [ 330794.968972883070819, 6318966.56855679769069 ], [ 330796.439240848412737, 6318967.452323113568127 ], [ 330797.894132569665089, 6318968.361180016770959 ], [ 330799.333219911379274, 6318969.29486005473882 ], [ 330800.756079388898797, 6318970.253088471479714 ], [ 330802.162292292923667, 6318971.235583285801113 ], [ 330803.551444812968839, 6318972.242055375128984 ], [ 330804.923128158785403, 6318973.272208562120795 ], [ 330806.276938680850435, 6318974.325739701278508 ], [ 330807.612477989227045, 6318975.402338766492903 ], [ 330808.929353070678189, 6318976.501688943244517 ], [ 330866.550180563644972, 6319025.449296075850725 ] ] ] ] } },
{ "type": "Feature", "properties": { "fid": "85", "Area": 72003.561 }, "geometry": { "type": "MultiPolygon", "coordinates": [ [ [ [ 330973.564616151095834, 6318855.866677511483431 ], [ 330973.667094706732314, 6318856.287059442140162 ], [ 330973.776833485811949, 6318856.705604806542397 ], [ 330973.893799615208991, 6318857.122188227251172 ], [ 330974.017958056880161, 6318857.536684913560748 ], [ 330974.149271618458442, 6318857.948970700614154 ], [ 330974.287700964079704, 6318858.358922085724771 ], [ 330974.433204626257066, 6318858.766416264697909 ], [ 330974.585739018511958, 6318859.171331170015037 ], [ 330974.745258448121604, 6318859.573545508086681 ], [ 330974.911715130030643, 6318859.972938790917397 ], [ 330975.085059201053809, 6318860.369391379877925 ], [ 330975.265238734835293, 6318860.762784512713552 ], [ 330975.452199757448398, 6318861.153000347316265 ], [ 330975.645886263402645, 6318861.539921992458403 ], [ 330975.846240232756827, 6318861.923433542251587 ], [ 330976.053201648173854, 6318862.303420113399625 ], [ 330976.266708512906916, 6318862.679767878726125 ], [ 330976.48669686971698, 6318863.052364100702107 ], [ 330976.71310081955744, 6318863.421097164973617 ], [ 330976.945852541655768, 6318863.785856616683304 ], [ 330977.184882313769776, 6318864.146533189341426 ], [ 330977.430118532967754, 6318864.503018839284778 ], [ 330977.681487737107091, 6318864.855206779204309 ], [ 330977.938914626894984, 6318865.202991508878767 ], [ 330978.202322088531218, 6318865.546268846839666 ], [ 330978.471631216467358, 6318865.884935962036252 ], [ 330978.746761337446515, 6318866.218891406431794 ], [ 330979.027630034484901, 6318866.54803513828665 ], [ 330979.314153171493672, 6318866.872268563136458 ], [ 330979.606244918599259, 6318867.191494554281235 ], [ 330979.903817777812947, 6318867.505617483519018 ], [ 330980.206782609282527, 6318867.814543255604804 ], [ 330980.515048657951411, 6318868.118179329670966 ], [ 330980.82852358056698, 6318868.416434747166932 ], [ 330981.147113473853096, 6318868.709220166318119 ], [ 330981.470722901984118, 6318868.996447880752385 ], [ 330981.799254925746936, 6318869.278031849302351 ], [ 330982.132611131179146, 6318869.553887721151114 ], [ 330982.470691659313161, 6318869.82393286190927 ], [ 330982.813395235862117, 6318870.088086378760636 ], [ 330983.160619201720692, 6318870.346269141882658 ], [ 330983.512259543815162, 6318870.598403811454773 ], [ 330983.868210925837047, 6318870.844414858147502 ], [ 330984.228366720315535, 6318871.084228589199483 ], [ 330984.592619040224236, 6318871.317773165181279 ], [ 330984.960858771402854, 6318871.544978627935052 ], [ 330985.332975605211686, 6318871.765776915475726 ], [ 330985.708858071709983, 6318871.980101886205375 ], [ 331046.069821567158215, 6318905.708598744124174 ], [ 331046.446705723938067, 6318905.923506445251405 ], [ 331046.819803749560378, 6318906.144922007806599 ], [ 331047.1890032805386, 6318906.372778747230768 ], [ 331047.554193127609324, 6318906.607008044607937 ], [ 331047.915263309027068, 6318906.84753935597837 ], [ 331048.272105083800852, 6318907.094300243072212 ], [ 331048.624610984290484, 6318907.347216391004622 ], [ 331048.972674848686438, 6318907.606211630627513 ], [ 331049.316191853024065, 6318907.871207961812615 ], [ 331049.655058542557526, 6318908.142125576734543 ], [ 331049.989172863133717, 6318908.418882886879146 ], [ 331050.318434191809501, 6318908.701396541669965 ], [ 331050.642743367236108, 6318908.989581459201872 ], [ 331050.962002719403245, 6318909.283350847661495 ], [ 331051.276116099208593, 6318909.582616236060858 ], [ 331051.584988907154184, 6318909.887287494726479 ], [ 331051.888528122217394, 6318910.197272869758308 ], [ 331052.186642329557799, 6318910.512479004450142 ], [ 331052.479241748107597, 6318910.832810970023274 ], [ 331052.766238257696386, 6318911.158172293566167 ], [ 331053.047545425593853, 6318911.488464989699423 ], [ 331053.323078532353975, 6318911.823589585721493 ], [ 331053.592754597659223, 6318912.163445154204965 ], [ 331053.856492404884193, 6318912.507929343730211 ], [ 331054.114212526008487, 6318912.856938407756388 ], [ 331054.36583734524902, 6318913.210367238149047 ], [ 331054.611291082343087, 6318913.568109394982457 ], [ 331054.850499815773219, 6318913.930057139135897 ], [ 331055.083391504595056, 6318914.296101465821266 ], [ 331055.309896010498051, 6318914.666132136248052 ], [ 331055.529945118585601, 6318915.040037709288299 ], [ 331055.743472558271606, 6318915.417705579660833 ], [ 331055.950414022780024, 6318915.799022006802261 ], [ 331056.150707189110108, 6318916.18387215398252 ], [ 331056.344291736313608, 6318916.572140116244555 ], [ 331056.531109363830183, 6318916.963708963245153 ], [ 331056.711103809007909, 6318917.358460768125951 ], [ 331056.884220864274539, 6318917.756276646628976 ], [ 331057.050408393028192, 6318918.157036790624261 ], [ 331057.209616345760878, 6318918.560620506294072 ], [ 331057.36179677490145, 6318918.96690624859184 ], [ 331057.50690384930931, 6318919.375771660357714 ], [ 331057.64489386806963, 6318919.787093604914844 ], [ 331057.775725273648277, 6318920.200748208910227 ], [ 331057.899358664464671, 6318920.616610893048346 ], [ 331058.015756806649733, 6318921.034556416794658 ], [ 331058.124884645454586, 6318921.454458908177912 ], [ 331058.226709315553308, 6318921.876191909424961 ], [ 331058.321200151112862, 6318922.299628409557045 ], [ 331058.408328694931697, 6318922.72464088536799 ], [ 331058.488068707112689, 6318923.151101338677108 ], [ 331058.560396172921173, 6318923.578881335444748 ], [ 331058.625289309944492, 6318924.007852043025196 ], [ 331058.682728574844077, 6318924.437884273007512 ], [ 331058.732696669001598, 6318924.868848514743149 ], [ 331058.775178543815855, 6318925.300614977255464 ], [ 331058.810161405301187, 6318925.733053628355265 ], [ 331058.837634717987385, 6318926.166034233756363 ], [ 331058.857590207888279, 6318926.59942639619112 ], [ 331058.870021865121089, 6318927.033099592663348 ], [ 331058.874925945710856, 6318927.466923218220472 ], [ 331058.872300972812809, 6318927.900766619481146 ], [ 331058.862147736886982, 6318928.334499140270054 ], [ 331058.844469295814633, 6318928.767990156076849 ], [ 331058.819270973559469, 6318929.201109114103019 ], [ 331058.786560359003488, 6318929.633725577034056 ], [ 331058.746347303385846, 6318930.065709254704416 ], [ 331058.698643917392474, 6318930.49693005066365 ], [ 331058.643464567547198, 6318930.927258096635342 ], [ 331058.580825871787965, 6318931.356563793495297 ], [ 331058.510746694577392, 6318931.784717850387096 ], [ 331058.433248141256627, 6318932.211591323837638 ], [ 331058.348353551467881, 6318932.637055654078722 ], [ 331058.256088492344134, 6318933.060982706956565 ], [ 331058.156480750767514, 6318933.483244813047349 ], [ 331058.049560324870981, 6318933.90371480025351 ], [ 331057.93535941519076, 6318934.322266039438546 ], [ 331057.813912414771039, 6318934.738772478885949 ], [ 331057.685255899094045, 6318935.153108681552112 ], [ 331057.549428614671342, 6318935.565149864181876 ], [ 331057.406471467693336, 6318935.974771936424077 ], [ 331057.256427511572838, 6318936.381851534359157 ], [ 331057.099341934081167, 6318936.786266060546041 ], [ 331056.935262043611147, 6318937.187893720343709 ], [ 331056.764237254916225, 6318937.586613558232784 ], [ 331056.586319074442144, 6318937.982305495068431 ], [ 331056.40156108449446, 6318938.374850362539291 ], [ 331056.210018927464262, 6318938.764129940420389 ], [ 331056.011750288773328, 6318939.150026992894709 ], [ 331055.806814879644662, 6318939.532425300218165 ], [ 331055.595274419058114, 6318939.911209699697793 ], [ 331055.377192615240347, 6318940.286266115494072 ], [ 331055.15263514633989, 6318940.657481593079865 ], [ 331054.921669640869368, 6318941.024744336493313 ], [ 331054.684365657099988, 6318941.387943740934134 ], [ 331054.440794662223198, 6318941.746970422565937 ], [ 331054.191030010930263, 6318942.101716256700456 ], [ 331053.935146923118737, 6318942.452074406668544 ], [ 331053.673222461249679, 6318942.797939356416464 ], [ 331053.405335507472046, 6318943.139206946827471 ], [ 331053.131566739408299, 6318943.475774398073554 ], [ 331052.851998606114648, 6318943.807540349662304 ], [ 331052.566715303226374, 6318944.134404885582626 ], [ 331052.275802747637499, 6318944.456269565969706 ], [ 331051.979348551365547, 6318944.773037457838655 ], [ 331051.677441995649133, 6318945.084613162092865 ], [ 331051.370174003473949, 6318945.39090284332633 ], [ 331051.057637112797238, 6318945.691814257763326 ], [ 331050.739925448142458, 6318945.987256783992052 ], [ 331050.417134692543186, 6318946.277141443453729 ], [ 331050.08936205873033, 6318946.561380933970213 ], [ 331049.756706259737257, 6318946.83988965395838 ], [ 331049.419267479213886, 6318947.112583726644516 ], [ 331049.077147341391537, 6318947.379381026141346 ], [ 331048.730448880174663, 6318947.640201203525066 ], [ 331048.379276508407202, 6318947.894965708255768 ], [ 331048.02373598626582, 6318948.143597816117108 ], [ 331047.663934389478527, 6318948.386022646911442 ], [ 331047.299980077019427, 6318948.622167192399502 ], [ 331046.931982658512425, 6318948.851960333064198 ], [ 331046.560052961285692, 6318949.07533286511898 ], [ 331046.184302996785846, 6318949.292217516340315 ], [ 331045.804845927166753, 6318949.502548969350755 ], [ 331045.421796030830592, 6318949.706263880245388 ], [ 331045.035268668376375, 6318949.903300896286964 ], [ 331044.64538024761714, 6318950.093600678257644 ], [ 331044.252248188538942, 6318950.277105915360153 ], [ 331043.855990888027009, 6318950.453761341050267 ], [ 331043.456727684300859, 6318950.623513754457235 ], [ 331043.054578820592724, 6318950.786312032490969 ], [ 331042.649665409466252, 6318950.942107144743204 ], [ 331042.242109395796433, 6318951.0908521739766 ], [ 331041.832033520564437, 6318951.23250232078135 ], [ 331041.419561283488292, 6318951.367014927789569 ], [ 331041.004816906002816, 6318951.494349483400583 ], [ 331040.587925293832086, 6318951.614467640407383 ], [ 331040.169011999445502, 6318951.727333221584558 ], [ 331039.74820318404818, 6318951.832912237383425 ], [ 331039.325625579745974, 6318951.931172891519964 ], [ 331038.901406451361254, 6318952.022085591219366 ], [ 331038.475673558132257, 6318952.105622955597937 ], [ 331038.048555115121417, 6318952.181759828701615 ], [ 331037.620179754623678, 6318952.250473278574646 ], [ 331037.190676487516612, 6318952.311742613092065 ], [ 331036.760174664435908, 6318952.36554937902838 ], [ 331036.328803936659824, 6318952.411877372302115 ], [ 331035.896694217110053, 6318952.45071264076978 ], [ 331035.463975641410798, 6318952.482043487951159 ], [ 331035.03077852842398, 6318952.505860478617251 ], [ 331034.597233341191895, 6318952.522156439721584 ], [ 331034.163470647472423, 6318952.530926464125514 ], [ 331033.729621080739889, 6318952.532167909666896 ], [ 331033.29581530042924, 6318952.5258804038167 ], [ 331032.862183952936903, 6318952.512065839022398 ], [ 331032.428857631981373, 6318952.490728376433253 ], [ 331031.995966839545872, 6318952.461874441243708 ], [ 331031.563641946355347, 6318952.425512723624706 ], [ 330801.904052817088086, 6318931.101043874397874 ], [ 330800.194936689280439, 6318930.927528754808009 ], [ 330798.489053466182668, 6318930.72467939183116 ], [ 330796.786906585621182, 6318930.492555649019778 ], [ 330795.088998382620048, 6318930.231226030737162 ], [ 330793.395829941495322, 6318929.940767659805715 ], [ 330791.707900947600137, 6318929.621266257017851 ], [ 330790.025709540117532, 6318929.272816111333668 ], [ 330788.349752164795063, 6318928.895520059391856 ], [ 330786.68052342790179, 6318928.489489445462823 ], [ 330785.018515949661378, 6318928.054844099096954 ], [ 330783.364220219373237, 6318927.591712290421128 ], [ 330781.718124450359028, 6318927.100230699405074 ], [ 330780.080714436015114, 6318926.580544371157885 ], [ 330778.452473406447098, 6318926.032806674949825 ], [ 330776.833881885686424, 6318925.45717925671488 ], [ 330775.22541755012935, 6318924.853831997141242 ], [ 330773.627555087441579, 6318924.222942952997983 ], [ 330647.923920253524557, 6318873.338634221814573 ], [ 330668.099679692997597, 6318852.921035656705499 ], [ 330671.728309577447362, 6318849.186899797059596 ], [ 330675.293915791320615, 6318845.392538483254611 ], [ 330678.795498901512474, 6318841.539015267044306 ], [ 330682.232077420456335, 6318837.627410285174847 ], [ 330685.602688081155065, 6318833.658819952979684 ], [ 330688.906386107555591, 6318829.634356658905745 ], [ 330692.142245478811674, 6318825.555148453451693 ], [ 330695.309359189297538, 6318821.422338731586933 ], [ 330698.406839502626099, 6318817.23708591144532 ], [ 330701.43381820054492, 6318813.000563113950193 ], [ 330704.389446826302446, 6318808.713957827538252 ], [ 330707.272896922368091, 6318804.37847158126533 ], [ 330710.083360262797214, 6318799.99531960207969 ], [ 330712.820049079658929, 6318795.565730482339859 ], [ 330715.482196283934172, 6318791.090945826843381 ], [ 330718.069055680476595, 6318786.57221990916878 ], [ 330720.57990217715269, 6318782.010819321498275 ], [ 330723.014031988102943, 6318777.408022615127265 ], [ 330725.370762831007596, 6318772.765119946561754 ], [ 330727.649434118473437, 6318768.083412713371217 ], [ 330729.849407142901327, 6318763.364213190041482 ], [ 330731.970065255765803, 6318758.608844158239663 ], [ 330734.0108140403172, 6318753.818638541735709 ], [ 330782.267047598783392, 6318637.865384243428707 ], [ 330782.3415121017606, 6318637.690721082501113 ], [ 330782.418980309448671, 6318637.51736924611032 ], [ 330782.499429140007123, 6318637.34538038726896 ], [ 330782.582834623521194, 6318637.174805748276412 ], [ 330782.669171909277793, 6318637.005696153268218 ], [ 330782.758415272808634, 6318636.838101987726986 ], [ 330782.850538123981096, 6318636.672073188237846 ], [ 330782.945513014507014, 6318636.507659221999347 ], [ 330783.043311646499205, 6318636.344909076578915 ], [ 330783.143904880678747, 6318636.183871244080365 ], [ 330783.247262745047919, 6318636.024593707174063 ], [ 330783.353354443970602, 6318635.867123920470476 ], [ 330783.462148367194459, 6318635.711508804932237 ], [ 330783.573612099396996, 6318635.557794724591076 ], [ 330783.687712429731619, 6318635.406027479097247 ], [ 330783.804415361781139, 6318635.256252287887037 ], [ 330783.923686123685911, 6318635.108513778075576 ], [ 330784.045489178504795, 6318634.962855966761708 ], [ 330784.16978823475074, 6318634.819322253577411 ], [ 330784.29654625733383, 6318634.677955404855311 ], [ 330784.425725478387903, 6318634.53879754152149 ], [ 330784.557287408737466, 6318634.401890126056969 ], [ 330784.69119284930639, 6318634.267273948527873 ], [ 330784.82740190270124, 6318634.134989120066166 ], [ 330784.965873985085636, 6318634.005075054243207 ], [ 330785.106567838520277, 6318633.877570459619164 ], [ 330785.249441543011926, 6318633.75251332577318 ], [ 330785.39445252896985, 6318633.62994091399014 ], [ 330785.541557590244338, 6318633.509889745153487 ], [ 330785.690712896466721, 6318633.392395589500666 ], [ 330785.841874006553553, 6318633.277493452653289 ], [ 330785.994995881803334, 6318633.165217571891844 ], [ 330786.150032899226062, 6318633.05560139939189 ], [ 330786.306938865280244, 6318632.948677594773471 ], [ 330786.465667029493488, 6318632.844478016719222 ], [ 330786.626170098490547, 6318632.743033712729812 ], [ 330786.788400250137784, 6318632.644374906085432 ], [ 330786.952309147629421, 6318632.54853099398315 ], [ 330787.117847953923047, 6318632.455530533567071 ], [ 330787.284967346524354, 6318632.365401233546436 ], [ 330787.453617531864438, 6318632.278169948607683 ], [ 330787.623748260200955, 6318632.193862669169903 ], [ 330787.795308840868529, 6318632.112504514865577 ], [ 330787.968248157005291, 6318632.034119726158679 ], [ 330788.142514681036118, 6318631.958731658756733 ], [ 330788.318056489923038, 6318631.886362774297595 ], [ 330788.494821280590259, 6318631.817034634761512 ], [ 330788.672756385698449, 6318631.75076789688319 ], [ 330788.851808789127972, 6318631.687582305632532 ], [ 330789.031925141811371, 6318631.627496686764061 ], [ 330789.213051777798682, 6318631.570528943091631 ], [ 330789.395134730031714, 6318631.516696047969162 ], [ 330789.57811974658398, 6318631.466014040634036 ], [ 330789.761952306667808, 6318631.418498022481799 ], [ 330789.946577637107112, 6318631.374162151478231 ], [ 330790.131940728286281, 6318631.333019636571407 ], [ 330790.317986351030413, 6318631.295082736760378 ], [ 330790.50465907267062, 6318631.260362754575908 ], [ 330790.691903273691423, 6318631.22887003608048 ], [ 330790.879663164319936, 6318631.200613964349031 ], [ 330791.067882801115047, 6318631.175602958537638 ], [ 330791.256506103731226, 6318631.153844470158219 ], [ 330791.445476871507708, 6318631.135344982147217 ], [ 330791.634738800115883, 6318631.120110006071627 ], [ 330791.824235498788767, 6318631.108144083060324 ], [ 330792.013910506444518, 6318631.099450776353478 ], [ 330792.20370730914874, 6318631.094032676890492 ], [ 330792.39356935658725, 6318631.091891399584711 ], [ 330792.583440078946296, 6318631.093027581460774 ], [ 330792.773262903909199, 6318631.097440884448588 ], [ 330792.962981273361947, 6318631.105129993520677 ], [ 330793.152538660389837, 6318631.116092618554831 ], [ 330793.341878586041275, 6318631.130325491540134 ], [ 330793.530944636033382, 6318631.147824373096228 ], [ 330793.71968047786504, 6318631.168584048748016 ], [ 330793.908029877289664, 6318631.192598332650959 ], [ 330794.095936715195421, 6318631.219860071316361 ], [ 330794.283345004485454, 6318631.250361140817404 ], [ 330794.470198906376027, 6318631.284092453308403 ], [ 330794.656442747509573, 6318631.321043958887458 ], [ 330794.842021036078222, 6318631.36120464745909 ], [ 330795.026878478762228, 6318631.404562553390861 ], [ 330795.210959996853489, 6318631.451104758307338 ], [ 330795.394210742902942, 6318631.500817393884063 ], [ 330795.576576117076911, 6318631.553685649298131 ], [ 330795.758001783222426, 6318631.609693772159517 ], [ 330795.938433685223572, 6318631.668825074099004 ], [ 330796.117818063066807, 6318631.73106193728745 ], [ 330796.296101468731649, 6318631.796385817229748 ], [ 330796.473230782488827, 6318631.864777252078056 ], [ 330796.649153228208888, 6318631.93621586356312 ], [ 330804.978630029188935, 6318635.402691905386746 ], [ 330809.699609064729884, 6318637.321607609279454 ], [ 330814.451789739134256, 6318639.161895458586514 ], [ 330819.233862610766664, 6318640.92304837051779 ], [ 330824.044510001374874, 6318642.604581069201231 ], [ 330828.882406359130982, 6318644.206030213274062 ], [ 330833.746218623768073, 6318645.726954532787204 ], [ 330838.634606594045181, 6318647.166934943757951 ], [ 330843.54622329713311, 6318648.525574665516615 ], [ 330848.479715359513648, 6318649.802499331533909 ], [ 330853.433723379974253, 6318650.997357090003788 ], [ 330858.406882304290775, 6318652.109818705357611 ], [ 330863.397821801365353, 6318653.139577642083168 ], [ 330868.405166640528478, 6318654.086350155062973 ], [ 330873.427537070994731, 6318654.949875366874039 ], [ 330878.463549201434944, 6318655.729915335774422 ], [ 330883.511815381818451, 6318656.426255125552416 ], [ 330888.570944585546385, 6318657.038702863268554 ], [ 330925.688592518330552, 6318661.21980862878263 ], [ 330926.409165193210356, 6318662.793179952539504 ], [ 330927.102403382363264, 6318664.378784920088947 ], [ 330927.768099480250385, 6318665.976148687303066 ], [ 330928.406054129300173, 6318667.584792888723314 ], [ 330929.016076279862318, 6318669.204235780052841 ], [ 330929.59798324725125, 6318670.833992381580174 ], [ 330930.151600766461343, 6318672.473574628122151 ], [ 330930.676763044437394, 6318674.12249151058495 ], [ 330931.173312809609342, 6318675.780249222181737 ], [ 330931.641101359215099, 6318677.446351312100887 ], [ 330932.07998860348016, 6318679.12029882799834 ], [ 330932.489843107992783, 6318680.801590470597148 ], [ 330973.564616151095834, 6318855.866677511483431 ] ] ] ] } },
{ "type": "Feature", "properties": { "fid": "86", "Area": 27796.612 }, "geometry": { "type": "MultiPolygon", "coordinates": [ [ [ [ 331116.892941798025277, 6318897.421615786850452 ], [ 331088.792473819514271, 6318880.579134044237435 ], [ 331087.316863943415228, 6318879.677268523722887 ], [ 331085.857070908008609, 6318878.750019787810743 ], [ 331084.413531306083314, 6318877.797665157355368 ], [ 331082.986676869506482, 6318876.820489461533725 ], [ 331081.576934339827858, 6318875.818784952163696 ], [ 331080.184725340863224, 6318874.792851217091084 ], [ 331078.810466252558399, 6318873.742995092645288 ], [ 331077.454568086366635, 6318872.669530567713082 ], [ 331076.117436362372246, 6318871.572778691537678 ], [ 331074.799470988160465, 6318870.453067480586469 ], [ 331073.501066138851456, 6318869.310731815174222 ], [ 331072.222610139520839, 6318868.146113344468176 ], [ 331070.964485349075403, 6318866.959560381248593 ], [ 331069.727068045700435, 6318865.751427796669304 ], [ 331068.510728314344306, 6318864.522076918743551 ], [ 331067.315829936240334, 6318863.27187541872263 ], [ 331066.142730279942043, 6318862.001197205856442 ], [ 331064.99178019433748, 6318860.710422312840819 ], [ 331063.863323904050048, 6318859.399936782196164 ], [ 331062.757698906178121, 6318858.070132552646101 ], [ 331061.675235869537573, 6318856.721407340839505 ], [ 331060.616258535534143, 6318855.354164520278573 ], [ 331059.581083621655125, 6318853.968813003972173 ], [ 331058.570020726649091, 6318852.56576712243259 ], [ 331057.583372237684671, 6318851.14544649515301 ], [ 331056.621433240245096, 6318849.708275911398232 ], [ 331055.684491429652553, 6318848.254685195162892 ], [ 331054.772827025211882, 6318846.785109086893499 ], [ 331053.886712686158717, 6318845.299987104721367 ], [ 331053.02641343040159, 6318843.799763416871428 ], [ 331052.192186554952059, 6318842.284886707551777 ], [ 331051.384281559207011, 6318840.755810043774545 ], [ 331050.602940070384648, 6318839.212990741245449 ], [ 331049.848395770823117, 6318837.656890222802758 ], [ 331049.120874328655191, 6318836.087973884306848 ], [ 331048.420593329996336, 6318834.506710956804454 ], [ 331047.747762213868555, 6318832.913574360311031 ], [ 331047.102582209685352, 6318831.309040569700301 ], [ 330994.821474465774372, 6318697.968642788007855 ], [ 330978.012678840139415, 6318667.1138388607651 ], [ 331188.318465224816464, 6318690.803667960688472 ], [ 331188.507872059999499, 6318690.826668825931847 ], [ 331188.696851460903417, 6318690.852951426059008 ], [ 331188.88534657121636, 6318690.882507853209972 ], [ 331189.073300680494867, 6318690.915329216048121 ], [ 331189.260657240927685, 6318690.951405637897551 ], [ 331189.44735988456523, 6318690.990726267918944 ], [ 331189.633352440141607, 6318691.033279273658991 ], [ 331189.818578950013034, 6318691.07905185315758 ], [ 331190.002983687096275, 6318691.128030235879123 ], [ 331190.186511171516031, 6318691.180199685506523 ], [ 331190.36910618719412, 6318691.235544506460428 ], [ 331190.550713798729703, 6318691.294048048555851 ], [ 331190.731279367813841, 6318691.355692710727453 ], [ 331190.910748569585849, 6318691.420459944754839 ], [ 331191.089067409047857, 6318691.488330265507102 ], [ 331191.266182237246539, 6318691.559283254668117 ], [ 331191.442039767629467, 6318691.633297564461827 ], [ 331191.61658709164476, 6318691.710350926965475 ], [ 331191.789771695213858, 6318691.790420160628855 ], [ 331191.96154147409834, 6318691.87348117493093 ], [ 331192.131844749674201, 6318691.959508980624378 ], [ 331192.300630284647923, 6318692.048477695323527 ], [ 331192.467847298306879, 6318692.140360551886261 ], [ 331192.633445481886156, 6318692.235129906795919 ], [ 331192.797375013469718, 6318692.33275724761188 ], [ 331192.959586573473644, 6318692.433213202282786 ], [ 331193.120031358906999, 6318692.536467547528446 ], [ 331193.278661098564044, 6318692.642489218153059 ], [ 331193.435428067052271, 6318692.75124631728977 ], [ 331193.590285099635366, 6318692.86270612385124 ], [ 331193.743185606144834, 6318692.976835104636848 ], [ 331193.89408358494984, 6318693.093598921783268 ], [ 331194.042933636985254, 6318693.212962446734309 ], [ 331194.189690979372244, 6318693.33488976676017 ], [ 331194.334311458747834, 6318693.459344199858606 ], [ 331194.476751564652659, 6318693.586288303136826 ], [ 331194.616968442685902, 6318693.715683883056045 ], [ 331194.75491990725277, 6318693.847492010332644 ], [ 331194.890564454370178, 6318693.981673029251397 ], [ 331195.023861274064984, 6318694.118186570703983 ], [ 331195.154770262772217, 6318694.256991561502218 ], [ 331195.283252035325859, 6318694.398046243004501 ], [ 331195.40926793665858, 6318694.541308176703751 ], [ 331195.532780053792521, 6318694.686734260991216 ], [ 331195.653751226956956, 6318694.834280743263662 ], [ 331195.77214506076416, 6318694.983903232030571 ], [ 331195.887925935327075, 6318695.135556711815298 ], [ 331196.001059016911313, 6318695.289195557124913 ], [ 331196.11151026841253, 6318695.444773544557393 ], [ 331196.219246459426358, 6318695.602243865840137 ], [ 331196.324235176551156, 6318695.761559145525098 ], [ 331196.426444832992274, 6318695.922671451233327 ], [ 331196.525844677933492, 6318696.08553231228143 ], [ 331196.622404806024861, 6318696.250092728994787 ], [ 331196.71609616628848, 6318696.416303191334009 ], [ 331196.806890570733231, 6318696.584113695658743 ], [ 331196.894760702969506, 6318696.753473752178252 ], [ 331196.97968012659112, 6318696.9243324091658 ], [ 331197.061623292625882, 6318697.096638260409236 ], [ 331197.140565547859296, 6318697.270339467562735 ], [ 331197.216483141644858, 6318697.445383770391345 ], [ 331197.289353233471047, 6318697.621718505397439 ], [ 331197.359153899771627, 6318697.799290620721877 ], [ 331197.425864140270278, 6318697.978046691045165 ], [ 331197.489463884558063, 6318698.157932937145233 ], [ 331197.549933998147026, 6318698.338895238004625 ], [ 331197.607256287999917, 6318698.520879150368273 ], [ 331197.661413508059923, 6318698.703829920850694 ], [ 331197.712389364780392, 6318698.887692508287728 ], [ 331197.760168521490414, 6318699.072411595843732 ], [ 331197.80473660340067, 6318699.25793160777539 ], [ 331197.846080201794393, 6318699.444196730852127 ], [ 331197.8841868781019, 6318699.631150923669338 ], [ 331197.919045167451259, 6318699.818737939931452 ], [ 331197.950644582509995, 6318700.00690134242177 ], [ 331197.978975616279058, 6318700.195584519766271 ], [ 331198.004029745061416, 6318700.384730705991387 ], [ 331198.025799431081396, 6318700.57428299356252 ], [ 331198.044278124754783, 6318700.764184354804456 ], [ 331198.059460266609676, 6318700.95437765493989 ], [ 331198.071341288916301, 6318701.144805673509836 ], [ 331198.079917617200408, 6318701.335411118343472 ], [ 331198.085186671174597, 6318701.526136644184589 ], [ 331198.087146865553223, 6318701.716924868524075 ], [ 331198.085797610634472, 6318701.907718392089009 ], [ 331198.081139312358573, 6318702.098459811881185 ], [ 331198.073173372191377, 6318702.28909174259752 ], [ 331198.061902186775114, 6318702.479556829668581 ], [ 331198.047329147171695, 6318702.669797769747674 ], [ 331198.029458637756761, 6318702.859757328405976 ], [ 331198.008296035113744, 6318703.049378354102373 ], [ 331197.983847706171218, 6318703.238603796809912 ], [ 331197.956121006456669, 6318703.427376727573574 ], [ 331197.925124277768191, 6318703.615640350617468 ], [ 331197.890866845846176, 6318703.803338025696576 ], [ 331197.853359017288312, 6318703.990413282997906 ], [ 331197.812612076697405, 6318704.176809838041663 ], [ 331197.76863828318892, 6318704.362471613101661 ], [ 331197.721450866665691, 6318704.547342748381197 ], [ 331197.671064023918007, 6318704.731367624364793 ], [ 331197.617492914316244, 6318704.914490875788033 ], [ 331197.560753655212466, 6318705.09665740840137 ], [ 331197.500863317109179, 6318705.277812414802611 ], [ 331197.437839918711688, 6318705.457901393994689 ], [ 331197.371702421049122, 6318705.636870163492858 ], [ 331197.302470722293947, 6318705.814664878882468 ], [ 331197.230165651999414, 6318705.991232049651444 ], [ 331116.892941798025277, 6318897.421615786850452 ] ] ] ] } },
{ "type": "Feature", "properties": { "fid": "87", "Area": 77701.544 }, "geometry": { "type": "MultiPolygon", "coordinates": [ [ [ [ 331621.430349098751321, 6318694.124598406255245 ], [ 331621.690332369413227, 6318694.265571530908346 ], [ 331621.952719180146232, 6318694.402018899098039 ], [ 331622.217430754739325, 6318694.533899545669556 ], [ 331622.484387618955225, 6318694.661173877306283 ], [ 331622.753509624570142, 6318694.78380368091166 ], [ 331623.024715973297134, 6318694.901752141304314 ], [ 331623.297925241000485, 6318695.014983844943345 ], [ 331623.573055402259342, 6318695.123464798554778 ], [ 331623.850023855047766, 6318695.227162430994213 ], [ 331624.128747445181943, 6318695.326045610010624 ], [ 331624.409142491756938, 6318695.420084646902978 ], [ 331624.691124812001362, 6318695.509251310490072 ], [ 331624.9746097465395, 6318695.593518828973174 ], [ 331625.259512184828054, 6318695.672861902974546 ], [ 331625.545746590942144, 6318695.747256712056696 ], [ 331625.833227028837427, 6318695.816680919378996 ], [ 331626.121867188543547, 6318695.881113682873547 ], [ 331626.411580411775503, 6318695.94053565710783 ], [ 331626.702279718185309, 6318695.994929002597928 ], [ 331626.993877831322607, 6318696.044277388602495 ], [ 331627.286287204886321, 6318696.088565999642015 ], [ 331627.579420049034525, 6318696.127781538292766 ], [ 331627.873188356636092, 6318696.16191223077476 ], [ 331628.167503929988015, 6318696.190947831608355 ], [ 331628.46227840683423, 6318696.214879620820284 ], [ 331628.75742328731576, 6318696.233700416050851 ], [ 331629.052849960222375, 6318696.247404565103352 ], [ 331629.348469729884528, 6318696.255987954325974 ], [ 331629.644193842541426, 6318696.259448006749153 ], [ 331629.939933513232972, 6318696.257783683016896 ], [ 331630.235599952167831, 6318696.250995483249426 ], [ 331630.53110439167358, 6318696.239085445180535 ], [ 331630.826358112681191, 6318696.222057145088911 ], [ 331631.121272471325938, 6318696.199915694072843 ], [ 331631.41575892578112, 6318696.172667741775513 ], [ 331631.709729062451515, 6318696.140321466140449 ], [ 331632.003094623039942, 6318696.102886580862105 ], [ 331632.295767530566081, 6318696.060374324209988 ], [ 331632.587659916025586, 6318696.012797459028661 ], [ 331632.878684144816361, 6318695.960170269943774 ], [ 331633.168752842932008, 6318695.902508556842804 ], [ 331633.45777892327169, 6318695.839829632081091 ], [ 331633.745675611717161, 6318695.772152312099934 ], [ 331634.03235647326801, 6318695.699496917426586 ], [ 331634.317735437944066, 6318695.621885260567069 ], [ 331634.601726826629601, 6318695.539340642280877 ], [ 331634.884245376801118, 6318695.451887845993042 ], [ 331635.165206268138718, 6318695.359553127549589 ], [ 331635.444525147904642, 6318695.26236420776695 ], [ 331635.722118156438228, 6318695.160350264981389 ], [ 331635.997901952126995, 6318695.053541928529739 ], [ 331636.271793736726977, 6318694.941971263848245 ], [ 331636.543711279809941, 6318694.82567176874727 ], [ 331636.813572943792678, 6318694.704678360372782 ], [ 331637.081297708326019, 6318694.579027362167835 ], [ 331637.346805194567423, 6318694.448756500147283 ], [ 331637.610015689395368, 6318694.313904884271324 ], [ 331637.870850169390906, 6318694.174513001926243 ], [ 331638.129230324295349, 6318694.030622703023255 ], [ 331638.385078580933623, 6318693.882277186028659 ], [ 331638.638318126089871, 6318693.729520989581943 ], [ 331638.888872929848731, 6318693.572399975731969 ], [ 331639.136667768354528, 6318693.410961315967143 ], [ 331639.381628246337641, 6318693.245253479108214 ], [ 331639.623680819466244, 6318693.07532621640712 ], [ 331639.862752816465218, 6318692.901230544783175 ], [ 331640.098772461002227, 6318692.723018731921911 ], [ 331640.331668892991729, 6318692.540744283236563 ], [ 331640.561372190190013, 6318692.354461922310293 ], [ 331640.787813388800714, 6318692.164227575995028 ], [ 331641.010924504720606, 6318691.970098359510303 ], [ 331641.230638553330209, 6318691.772132555022836 ], [ 331641.446889570099302, 6318691.570389598608017 ], [ 331641.659612630144693, 6318691.364930058829486 ], [ 331641.868743867729791, 6318691.155815620906651 ], [ 331642.074220495589543, 6318690.943109067156911 ], [ 331642.2759808236151, 6318690.726874257437885 ], [ 331642.473964277480263, 6318690.507176112383604 ], [ 331642.668111416685861, 6318690.284080592915416 ], [ 331642.858363952604122, 6318690.057654676958919 ], [ 331643.044664765882771, 6318689.827966344542801 ], [ 331643.226957923499867, 6318689.595084556378424 ], [ 331643.405188695818651, 6318689.359079228714108 ], [ 331643.579303572652861, 6318689.120021218433976 ], [ 331643.749250279623084, 6318688.877982296980917 ], [ 331643.914977793814614, 6318688.633035131730139 ], [ 331644.076436358969659, 6318688.385253262706101 ], [ 331644.2335775004467, 6318688.134711081162095 ], [ 331644.386354039888829, 6318687.881483808159828 ], [ 331644.534720109368209, 6318687.625647469423711 ], [ 331644.678631164948456, 6318687.367278874851763 ], [ 331644.818044000421651, 6318687.106455593369901 ], [ 331644.952916759881191, 6318686.843255932442844 ], [ 331645.083208950643893, 6318686.57775891199708 ], [ 331645.208881455182564, 6318686.310044242069125 ], [ 331645.329896542883944, 6318686.04019229952246 ], [ 331645.446217881457414, 6318685.768284100107849 ], [ 331645.557810547936242, 6318685.494401278905571 ], [ 331645.66464103886392, 6318685.218626064248383 ], [ 331645.766677280596923, 6318684.941041251644492 ], [ 331739.765846889931709, 6318727.698326281271875 ], [ 331624.386853599164169, 6318848.733482784591615 ], [ 331623.424158496723976, 6318849.758954416029155 ], [ 331622.477253422955982, 6318850.799023984931409 ], [ 331621.546359707252122, 6318851.85344838630408 ], [ 331620.631694936659187, 6318852.92198115773499 ], [ 331606.10220745956758, 6318870.160688802599907 ], [ 331605.977216838975437, 6318870.306386531330645 ], [ 331605.849702726758551, 6318870.4498809017241 ], [ 331605.719703957263846, 6318870.591128214262426 ], [ 331605.587260121537838, 6318870.730085451155901 ], [ 331605.452411555277649, 6318870.866710293106735 ], [ 331605.315199326490983, 6318871.000961131416261 ], [ 331605.175665223156102, 6318871.132797080092132 ], [ 331605.033851740241516, 6318871.262177987955511 ], [ 331604.889802067074925, 6318871.38906445261091 ], [ 331604.743560073780827, 6318871.513417831622064 ], [ 331604.595170298358425, 6318871.635200251825154 ], [ 331604.444677932769991, 6318871.754374624229968 ], [ 331604.29212880943669, 6318871.870904656127095 ], [ 331604.137569387094118, 6318871.984754857607186 ], [ 331603.981046736706048, 6318872.095890554599464 ], [ 331603.822608527203556, 6318872.204277901910245 ], [ 331603.662303010816686, 6318872.309883890673518 ], [ 331603.500179008522537, 6318872.412676356732845 ], [ 331603.336285895085894, 6318872.512623996473849 ], [ 331603.170673584041651, 6318872.6096963705495 ], [ 331603.00339251261903, 6318872.70386391505599 ], [ 331602.834493626083713, 6318872.795097951777279 ], [ 331602.664028362487443, 6318872.883370694704354 ], [ 331602.492048637010157, 6318872.968655261211097 ], [ 331602.318606825952884, 6318873.050925678573549 ], [ 331602.143755750905257, 6318873.130156889557838 ], [ 331601.967548662680201, 6318873.206324766390026 ], [ 331601.790039225015789, 6318873.279406109824777 ], [ 331601.611281498335302, 6318873.349378664977849 ], [ 331601.431329923274461, 6318873.416221121326089 ], [ 331601.250239303859416, 6318873.479913121089339 ], [ 331601.068064791266806, 6318873.540435268543661 ], [ 331600.884861866536085, 6318873.597769130021334 ], [ 331600.700686324038543, 6318873.65189724508673 ], [ 331600.515594254422467, 6318873.702803129330277 ], [ 331600.329642027267255, 6318873.750471279025078 ], [ 331600.1428862742614, 6318873.79488717764616 ], [ 331599.955383871798404, 6318873.836037297733128 ], [ 331599.767191923572682, 6318873.873909107409418 ], [ 331599.578367743408307, 6318873.908491072244942 ], [ 331599.388968837505672, 6318873.939772659912705 ], [ 331599.199052887328435, 6318873.967744344845414 ], [ 331599.008677731559146, 6318873.992397608235478 ], [ 331598.817901348869782, 6318874.013724940828979 ], [ 331598.626781840168405, 6318874.031719848513603 ], [ 331598.435377410729416, 6318874.046376850455999 ], [ 331598.243746352673043, 6318874.057691482827067 ], [ 331598.051947027153801, 6318874.065660299733281 ], [ 331597.860037846548948, 6318874.070280874148011 ], [ 331597.668077256705146, 6318874.071551798842847 ], [ 331597.476123719126917, 6318874.069472688250244 ], [ 331597.284235693048686, 6318874.064044172875583 ], [ 331597.092471617972478, 6318874.055267908610404 ], [ 331596.900889895565342, 6318874.043146566487849 ], [ 331596.709548871789593, 6318874.027683839201927 ], [ 331596.518506819615141, 6318874.008884434588253 ], [ 331596.327821920684073, 6318873.986754079349339 ], [ 331596.137552248022985, 6318873.961299512535334 ], [ 331595.947755748173222, 6318873.932528486475348 ], [ 331595.758490223495755, 6318873.900449763052166 ], [ 331595.569813314708881, 6318873.865073112770915 ], [ 331595.381782483309507, 6318873.826409308239818 ], [ 331595.194454993994441, 6318873.784470125101507 ], [ 331595.007887897198088, 6318873.739268336445093 ], [ 331594.822138011804782, 6318873.690817708149552 ], [ 331594.637261907861102, 6318873.639132996089756 ], [ 331594.453315889346413, 6318873.584229939617217 ], [ 331594.270355976885185, 6318873.52612526062876 ], [ 331594.088437890750356, 6318873.464836654253304 ], [ 331593.90761703409953, 6318873.400382786057889 ], [ 331593.727948475745507, 6318873.332783286459744 ], [ 331593.549486933625303, 6318873.262058740481734 ], [ 331593.372286758210976, 6318873.188230689615011 ], [ 331593.196401915687602, 6318873.111321616917849 ], [ 331593.02188597159693, 6318873.031354945152998 ], [ 331592.848792074772064, 6318872.948355028405786 ], [ 331592.677172940806486, 6318872.862347143702209 ], [ 331592.507080836279783, 6318872.773357485421002 ], [ 331592.338567562575918, 6318872.681413155049086 ], [ 331592.171684440341778, 6318872.586542154662311 ], [ 331592.006482293771114, 6318872.488773375749588 ], [ 331591.84301143506309, 6318872.388136594556272 ], [ 331591.68132164911367, 6318872.284662460908294 ], [ 331591.521462178614456, 6318872.178382486104965 ], [ 331591.363481708511245, 6318872.06932903919369 ], [ 331591.207428351801354, 6318871.957535331137478 ], [ 331591.05334963434143, 6318871.843035409227014 ], [ 331590.901292480761185, 6318871.725864144042134 ], [ 331590.751303200027905, 6318871.606057220138609 ], [ 331590.603427471243776, 6318871.483651124872267 ], [ 331412.522892923268955, 6318721.437401846982539 ], [ 331410.671273262472823, 6318719.904453272931278 ], [ 331408.793420999252703, 6318718.403754242695868 ], [ 331406.889897752320394, 6318716.935753579251468 ], [ 331404.961272817628924, 6318715.500890323892236 ], [ 331403.00812299863901, 6318714.099593608640134 ], [ 331401.031032433442306, 6318712.732282525859773 ], [ 331399.030592420254834, 6318711.399366004392505 ], [ 331397.007401240523905, 6318710.101242686621845 ], [ 331394.962063980055973, 6318708.838300806470215 ], [ 331392.895192347932607, 6318707.610918080434203 ], [ 331390.807404493622016, 6318706.419461587443948 ], [ 331388.699324822111521, 6318705.264287661761045 ], [ 331386.571583807177376, 6318704.145741787739098 ], [ 331384.424817802908365, 6318703.064158492721617 ], [ 331382.259668853075709, 6318702.019861252978444 ], [ 331380.076784499455243, 6318701.013162391260266 ], [ 331377.876817588112317, 6318700.044362985529006 ], [ 331375.660426073940471, 6318699.11375277955085 ], [ 331373.428272824094165, 6318698.221610095351934 ], [ 331371.181025419617072, 6318697.368201750330627 ], [ 331368.919355955906212, 6318696.553782978095114 ], [ 331366.643940841546282, 6318695.778597350232303 ], [ 331364.355460596212652, 6318695.042876706458628 ], [ 331362.054599646944553, 6318694.346841081045568 ], [ 331359.742046123545151, 6318693.690698641352355 ], [ 331357.418491652817465, 6318693.074645622633398 ], [ 331355.084631151636131, 6318692.498866272158921 ], [ 331352.741162619146053, 6318691.963532789610326 ], [ 331350.388786928087939, 6318691.468805280514061 ], [ 331348.028207615017891, 6318691.014831705950201 ], [ 331345.660130670061335, 6318690.601747837848961 ], [ 331343.285264325561002, 6318690.229677218012512 ], [ 331340.904318844608497, 6318689.89873112551868 ], [ 331338.518006308295298, 6318689.60900853574276 ], [ 331228.812266088032629, 6318677.251239965669811 ], [ 330967.499650814686902, 6318647.815762685611844 ], [ 330951.287594176712446, 6318618.05635338742286 ], [ 330950.879339099919889, 6318617.291224938817322 ], [ 330950.484415832092054, 6318616.519130797125399 ], [ 330950.102943180885632, 6318615.74030323792249 ], [ 330949.735035907593556, 6318614.95497656147927 ], [ 330949.380804692511447, 6318614.163387022912502 ], [ 330949.040356101701036, 6318613.365772762335837 ], [ 330948.713792554859538, 6318612.562373733147979 ], [ 330948.401212294527795, 6318611.753431626595557 ], [ 330948.102709356578998, 6318610.939189802855253 ], [ 330947.818373541871551, 6318610.119893217459321 ], [ 330947.548290389357135, 6318609.295788344927132 ], [ 330947.292541150120087, 6318608.467123106122017 ], [ 330947.051202763104811, 6318607.634146795608103 ], [ 330946.824347831949126, 6318606.79711000341922 ], [ 330946.612044603156392, 6318605.956264542415738 ], [ 330946.414356945548207, 6318605.111863369122148 ], [ 330946.231344330881257, 6318604.264160512015224 ], [ 330946.063061816210393, 6318603.413410992361605 ], [ 330945.909560027299449, 6318602.5598707459867 ], [ 330945.770885143254418, 6318601.703796550631523 ], [ 330945.647078882611822, 6318600.845445945858955 ], [ 330945.538178490940481, 6318599.98507715575397 ], [ 330945.444216729665641, 6318599.122949010692537 ], [ 330945.365221865882631, 6318598.259320871904492 ], [ 330945.301217664207797, 6318597.394452550448477 ], [ 330945.252223379618954, 6318596.528604231774807 ], [ 330945.218253751401789, 6318595.662036395631731 ], [ 330945.199318998784292, 6318594.795009736903012 ], [ 330945.195424818200991, 6318593.927785091102123 ], [ 330945.206572381022852, 6318593.060623351484537 ], [ 330945.232758333790116, 6318592.193785392679274 ], [ 330945.273974798677955, 6318591.327531992457807 ], [ 330945.330209376232233, 6318590.46212375164032 ], [ 330945.40144514903659, 6318589.597821017727256 ], [ 330945.4876606867183, 6318588.734883805736899 ], [ 330945.588830052351113, 6318587.873571719974279 ], [ 330945.7049228103715, 6318587.014143873937428 ], [ 330945.835904035833664, 6318586.156858816742897 ], [ 330945.981734324537683, 6318585.301974451169372 ], [ 330946.142369805369526, 6318584.449747959151864 ], [ 330946.317762153106742, 6318583.600435722619295 ], [ 330946.507858603203204, 6318582.75429324619472 ], [ 330946.712601967446972, 6318581.911575081758201 ], [ 330946.931930651364382, 6318581.072534749284387 ], [ 330947.165778672730085, 6318580.237424664199352 ], [ 330947.414075681241229, 6318579.406496059149504 ], [ 330947.676746979821473, 6318578.579998908564448 ], [ 330947.953713547147345, 6318577.758181854151189 ], [ 330948.244892061222345, 6318576.941292128525674 ], [ 330948.55019492469728, 6318576.129575483500957 ], [ 330948.869530291005503, 6318575.323276112787426 ], [ 330949.202802092127968, 6318574.522636582143605 ], [ 330949.549910067289602, 6318573.727897754870355 ], [ 330949.910749793518335, 6318572.939298716373742 ], [ 330950.285212716611568, 6318572.157076708041131 ], [ 330950.673186184139922, 6318571.381467051804066 ], [ 330951.074553479149472, 6318570.612703079357743 ], [ 330951.489193855202757, 6318569.851016064174473 ], [ 330951.916982572991401, 6318569.096635149791837 ], [ 330952.357790937647223, 6318568.349787282757461 ], [ 330952.811486337450333, 6318567.610697142779827 ], [ 330953.27793228381779, 6318566.879587075673044 ], [ 330953.756988452340011, 6318566.156677027232945 ], [ 330954.248510724923108, 6318565.442184475250542 ], [ 330954.752351233270019, 6318564.736324367113411 ], [ 330955.268358403234743, 6318564.039309049956501 ], [ 330955.796377000457142, 6318563.351348213851452 ], [ 330956.336248177278321, 6318562.672648822888732 ], [ 330956.887809520121664, 6318562.003415055572987 ], [ 330957.450895098620094, 6318561.343848241493106 ], [ 330958.025335515558254, 6318560.694146803580225 ], [ 330958.610957957687788, 6318560.054506196640432 ], [ 330959.207586247881409, 6318559.42511884868145 ], [ 330959.815040897927247, 6318558.806174102239311 ], [ 330960.433139162720181, 6318558.197858159430325 ], [ 330961.061695095035248, 6318557.600354025140405 ], [ 330961.700519601756241, 6318557.013841450214386 ], [ 330962.349420500511769, 6318556.438496880233288 ], [ 330963.008202577591874, 6318555.874493399634957 ], [ 330963.676667646563146, 6318555.322000682353973 ], [ 330964.354614608164411, 6318554.78118493873626 ], [ 330965.041839510435238, 6318554.252208867110312 ], [ 330965.738135610416066, 6318553.735231602564454 ], [ 330966.443293436081149, 6318553.230408672243357 ], [ 330967.157100849610288, 6318552.737891944125295 ], [ 330967.87934311083518, 6318552.257829586043954 ], [ 330968.609802942257375, 6318551.790366020053625 ], [ 330969.348260594240855, 6318551.335641876794398 ], [ 330970.094493910903111, 6318550.893793952651322 ], [ 330970.848278397344984, 6318550.464955172501504 ], [ 330971.609387286880519, 6318550.049254548735917 ], [ 330972.377591609489173, 6318549.646817137487233 ], [ 330973.152660260500852, 6318549.257764008827507 ], [ 330973.934360070095863, 6318548.882212202996016 ], [ 330974.722455873794388, 6318548.520274701528251 ], [ 330975.516710582713131, 6318548.17206038814038 ], [ 330976.316885255277157, 6318547.837674017995596 ], [ 330977.122739168989938, 6318547.517216188833117 ], [ 330977.934029892727267, 6318547.210783304646611 ], [ 330978.750513359846082, 6318546.918467552401125 ], [ 330979.5719439414097, 6318546.640356872230768 ], [ 330980.398074520460796, 6318546.376534930430353 ], [ 330981.228656565770507, 6318546.127081093378365 ], [ 330982.063440207217354, 6318545.892070406116545 ], [ 330982.902174310584087, 6318545.671573569998145 ], [ 330983.744606553111225, 6318545.465656918473542 ], [ 330984.59048349969089, 6318545.274382397532463 ], [ 330985.439550678769592, 6318545.097807551734149 ], [ 330986.291552659065928, 6318544.935985499992967 ], [ 330987.146233126462903, 6318544.788964924402535 ], [ 330988.003334961016662, 6318544.656790055334568 ], [ 330988.862600314430892, 6318544.539500655606389 ], [ 330989.723770687356591, 6318544.43713200930506 ], [ 330990.586587007506751, 6318544.349714914336801 ], [ 330991.450789707363583, 6318544.277275667525828 ], [ 330992.316118802293204, 6318544.21983606275171 ], [ 330993.182313968951348, 6318544.177413377910852 ], [ 330994.049114623339847, 6318544.150020377710462 ], [ 330994.916259999270551, 6318544.137665301561356 ], [ 330995.783489226887468, 6318544.140351867303252 ], [ 330996.650541411130689, 6318544.158079265616834 ], [ 330997.517155710200313, 6318544.190842163749039 ], [ 330998.383071414020378, 6318544.23863070551306 ], [ 330999.248028022644576, 6318544.301430515013635 ], [ 331000.111765324778389, 6318544.379222698509693 ], [ 331000.97402347571915, 6318544.471983854658902 ], [ 331001.834543075936381, 6318544.57968607544899 ], [ 331002.693065248895437, 6318544.702296962030232 ], [ 331003.549331718939357, 6318544.839779626578093 ], [ 331004.403084888937883, 6318544.992092710919678 ], [ 331005.254067917994689, 6318545.159190392121673 ], [ 331006.102024798456114, 6318545.341022402048111 ], [ 331006.946700432978105, 6318545.537534038536251 ], [ 331621.430349098751321, 6318694.124598406255245 ] ] ] ] } },
{ "type": "Feature", "properties": { "fid": "88", "Area": 31676.478 }, "geometry": { "type": "MultiPolygon", "coordinates": [ [ [ [ 330854.751750167517457, 6319715.518262609839439 ], [ 330783.826706066145562, 6319794.622366410680115 ], [ 330622.546647734590806, 6319720.633410370908678 ], [ 330537.411282554850914, 6319691.668493898585439 ], [ 330537.438479124510195, 6319691.382587014697492 ], [ 330537.470501743198838, 6319691.097180372104049 ], [ 330537.507341271440964, 6319690.812355428002775 ], [ 330537.548987194953952, 6319690.528193472884595 ], [ 330537.595427627849858, 6319690.244775608181953 ], [ 330537.646649315604009, 6319689.962182723917067 ], [ 330537.702637639304157, 6319689.680495473556221 ], [ 330537.763376619492192, 6319689.399794251658022 ], [ 330537.828848920937162, 6319689.120159172452986 ], [ 330537.899035857466515, 6319688.841670045629144 ], [ 330537.973917397146579, 6319688.564406353980303 ], [ 330538.053472168452572, 6319688.288447230122983 ], [ 330538.137677465914749, 6319688.013871435075998 ], [ 330538.226509256812278, 6319687.740757333114743 ], [ 330538.31994218804175, 6319687.469182874076068 ], [ 330538.417949593160301, 6319687.199225565418601 ], [ 330538.520503500360064, 6319686.930962456390262 ], [ 330538.627574640035164, 6319686.664470110088587 ], [ 330538.739132453454658, 6319686.399824584834278 ], [ 330538.855145101319067, 6319686.137101412750781 ], [ 330572.494310109410435, 6319611.666348468512297 ], [ 330732.016390194767155, 6319634.083212209865451 ], [ 330733.699469698127359, 6319634.334348597563803 ], [ 330735.378032041131519, 6319634.614088764414191 ], [ 330737.051591141265817, 6319634.92235170211643 ], [ 330738.719662364921533, 6319635.259048141539097 ], [ 330740.38176266773371, 6319635.624080583453178 ], [ 330742.037410734337755, 6319636.017343319952488 ], [ 330743.686127117834985, 6319636.438722467981279 ], [ 330745.327434378617909, 6319636.888096005655825 ], [ 330746.960857222613413, 6319637.365333800204098 ], [ 330748.585922639118508, 6319637.870297652669251 ], [ 330750.202160037239082, 6319638.402841334231198 ], [ 330751.80910138291074, 6319638.962810629047453 ], [ 330753.406281333765946, 6319639.550043380819261 ], [ 330754.993237374350429, 6319640.164369536563754 ], [ 330756.569509949651547, 6319640.805611197836697 ], [ 330758.134642598684877, 6319641.47358267288655 ], [ 330759.688182086159941, 6319642.168090527877212 ], [ 330761.229678534145933, 6319642.88893364649266 ], [ 330762.758685551933013, 6319643.635903283953667 ], [ 330764.274760365835391, 6319644.408783131279051 ], [ 330765.777463946898934, 6319645.207349376752973 ], [ 330767.266361138259526, 6319646.031370767392218 ], [ 330768.741020781220868, 6319646.88060868345201 ], [ 330770.20101583993528, 6319647.754817198961973 ], [ 330771.645923525327817, 6319648.653743159025908 ], [ 330773.075325417157728, 6319649.57712624873966 ], [ 330774.48880758555606, 6319650.524699074216187 ], [ 330775.885960710642394, 6319651.496187234297395 ], [ 330777.266380201210268, 6319652.491309403441846 ], [ 330778.629666311724577, 6319653.509777409955859 ], [ 330779.975424258271232, 6319654.551296324469149 ], [ 330781.303264332760591, 6319655.615564540959895 ], [ 330854.751750167517457, 6319715.518262609839439 ] ] ] ] } },
{ "type": "Feature", "properties": { "fid": "89", "Area": 40955.748 }, "geometry": { "type": "MultiPolygon", "coordinates": [ [ [ [ 330884.778493934834842, 6319682.028834453783929 ], [ 330884.762832953070756, 6319682.046308691613376 ], [ 330877.344020540360361, 6319690.320656837895513 ], [ 330782.734681249887217, 6319619.849377373233438 ], [ 330781.3676183334901, 6319618.848989821970463 ], [ 330779.983805607713293, 6319617.871903024613857 ], [ 330778.583640176511835, 6319616.918397368863225 ], [ 330777.167523836425971, 6319615.988746476359665 ], [ 330775.735862961271778, 6319615.083217123523355 ], [ 330774.289068385784049, 6319614.202069164253771 ], [ 330772.82755528728012, 6319613.345555455423892 ], [ 330771.351743066858035, 6319612.513921786099672 ], [ 330769.862055229023099, 6319611.707406803965569 ], [ 330768.358919259917457, 6319610.926241951063275 ], [ 330766.842766504909378, 6319610.170651391148567 ], [ 330765.314032044727355, 6319609.440851952880621 ], [ 330763.773154570546467, 6319608.737053060904145 ], [ 330762.220576258085202, 6319608.059456681832671 ], [ 330760.656742641003802, 6319607.408257259055972 ], [ 330759.082102482498158, 6319606.78364166431129 ], [ 330757.497107647126541, 6319606.185789139010012 ], [ 330755.902212970715482, 6319605.614871244877577 ], [ 330754.297876130032819, 6319605.071051815524697 ], [ 330752.684557511354797, 6319604.554486907087266 ], [ 330751.062720078567509, 6319604.065324754454195 ], [ 330749.432829239871353, 6319603.603705729357898 ], [ 330595.228406529466156, 6319561.337356131523848 ], [ 330628.860665917920414, 6319486.881890923716128 ], [ 330629.967342034331523, 6319484.29808278568089 ], [ 330631.106517046398949, 6319481.72843751590699 ], [ 330631.215305382676888, 6319481.492630187422037 ], [ 330631.328159749275073, 6319481.258741559460759 ], [ 330631.445046319975518, 6319481.02684173732996 ], [ 330631.565930059994571, 6319480.797000227496028 ], [ 330631.690774736402091, 6319480.569285921752453 ], [ 330631.819542929180898, 6319480.34376707393676 ], [ 330631.952196042111609, 6319480.120511279441416 ], [ 330632.088694314705208, 6319479.899585454724729 ], [ 330632.228996833902784, 6319479.681055819615722 ], [ 330632.373061546240933, 6319479.464987874962389 ], [ 330632.520845270832069, 6319479.251446382142603 ], [ 330632.672303711995482, 6319479.040495348162949 ], [ 330632.827391472470481, 6319478.83219800144434 ], [ 330632.986062067328021, 6319478.62661677505821 ], [ 330633.148267937765922, 6319478.423813289031386 ], [ 330633.313960465253331, 6319478.223848330788314 ], [ 330633.48308998614084, 6319478.026781836524606 ], [ 330633.655605806794483, 6319477.832672872580588 ], [ 330633.831456218380481, 6319477.641579620540142 ], [ 330634.010588512697723, 6319477.453559356741607 ], [ 330634.192948997835629, 6319477.268668438307941 ], [ 330634.378483014297672, 6319477.086962283588946 ], [ 330634.56713495135773, 6319476.908495353534818 ], [ 330634.758848263707478, 6319476.733321143314242 ], [ 330634.953565488453023, 6319476.561492156237364 ], [ 330635.151228262402583, 6319476.393059897236526 ], [ 330635.351777339470573, 6319476.228074849583209 ], [ 330635.555152608372737, 6319476.066586465574801 ], [ 330635.76129311072873, 6319475.908643147908151 ], [ 330635.97013705939753, 6319475.754292238503695 ], [ 330636.181621856871061, 6319475.603579999879003 ], [ 330636.395684114133473, 6319475.456551607698202 ], [ 330636.612259669578634, 6319475.313251129351556 ], [ 330636.831283608276863, 6319475.173721518367529 ], [ 330637.052690281532705, 6319475.038004594855011 ], [ 330637.276413326268084, 6319474.906141038052738 ], [ 330637.502385685336776, 6319474.778170373290777 ], [ 330637.730539627198596, 6319474.654130956158042 ], [ 330637.960806766583119, 6319474.534059965051711 ], [ 330638.193118084745947, 6319474.417993390932679 ], [ 330638.427403950248845, 6319474.305966021493077 ], [ 330638.663594139739871, 6319474.198011435568333 ], [ 330638.901617859257385, 6319474.094161991029978 ], [ 330639.141403765068389, 6319473.994448814541101 ], [ 330639.382879985379986, 6319473.898901793174446 ], [ 330639.62597414170159, 6319473.807549566030502 ], [ 330639.8706133706728, 6319473.720419514924288 ], [ 330640.116724345716648, 6319473.637537754140794 ], [ 330640.364233299216721, 6319473.558929127641022 ], [ 330640.61306604440324, 6319473.484617196023464 ], [ 330640.863147997879423, 6319473.414624233730137 ], [ 330641.114404201740399, 6319473.348971219733357 ], [ 330641.36675934609957, 6319473.287677832879126 ], [ 330641.620137791731395, 6319473.230762443505228 ], [ 330641.874463592714164, 6319473.178242112509906 ], [ 330642.129660519072786, 6319473.130132581107318 ], [ 330642.385652079770807, 6319473.086448269896209 ], [ 330642.642361545644235, 6319473.047202271409333 ], [ 330642.899711972335353, 6319473.012406350113451 ], [ 330643.157626223284751, 6319472.982070935890079 ], [ 330643.416026993014384, 6319472.956205120310187 ], [ 330643.674836830236018, 6319472.934816655702889 ], [ 330643.933978160959668, 6319472.91791195422411 ], [ 330644.193373311951291, 6319472.905496082268655 ], [ 330644.452944533783011, 6319472.897572761401534 ], [ 330644.712614024349023, 6319472.894144366495311 ], [ 330644.972303952032235, 6319472.895211924798787 ], [ 330645.231936479161959, 6319472.900775115936995 ], [ 330645.491433785122354, 6319472.910832273773849 ], [ 330645.75071808998473, 6319472.925380382686853 ], [ 330646.009711677557789, 6319472.944415083155036 ], [ 330646.268336918903515, 6319472.967930668964982 ], [ 330646.52651629538741, 6319472.995920091867447 ], [ 330646.784172422019765, 6319473.028374962508678 ], [ 330647.041228070680518, 6319473.065285554155707 ], [ 330647.297606193227693, 6319473.106640801765025 ], [ 330647.553229944605846, 6319473.152428310364485 ], [ 330647.808022705838084, 6319473.202634355984628 ], [ 330648.061908107134514, 6319473.257243890315294 ], [ 330670.956317315867636, 6319478.389468721114099 ], [ 330738.514490484725684, 6319491.480873215012252 ], [ 330837.323412461788394, 6319510.628039335832 ], [ 330843.844071259431075, 6319511.948973765596747 ], [ 330850.341434334521182, 6319513.380103387869895 ], [ 330856.813639594183769, 6319514.921018050983548 ], [ 330863.25883215572685, 6319516.571276143193245 ], [ 330869.675164878135547, 6319518.330404710955918 ], [ 330876.060798891296145, 6319520.197899603284895 ], [ 330882.413904123066459, 6319522.173225611448288 ], [ 330888.732659823901486, 6319524.25581662170589 ], [ 330895.015255088510457, 6319526.445075781084597 ], [ 330901.259889374894556, 6319528.74037566408515 ], [ 330907.464773020357825, 6319531.141058456152678 ], [ 330913.628127754491288, 6319533.646436141803861 ], [ 330919.748187208664604, 6319536.255790698342025 ], [ 330925.823197422316298, 6319538.968374305404723 ], [ 330931.851417345693335, 6319541.783409559167922 ], [ 330937.831119338865392, 6319544.700089692138135 ], [ 330943.760589666489977, 6319547.717578806914389 ], [ 330949.638128989492543, 6319550.835012114606798 ], [ 330955.462052851682529, 6319554.051496184431016 ], [ 330961.23069216258591, 6319557.366109197959304 ], [ 330966.942393675970379, 6319560.777901211753488 ], [ 330972.59552046348108, 6319564.285894433967769 ], [ 330978.188452383736148, 6319567.889083501882851 ], [ 330983.719586546882056, 6319571.586435769684613 ], [ 330884.778493934834842, 6319682.028834453783929 ] ] ] ] } },
{ "type": "Feature", "properties": { "fid": "90", "Area": 98177.585 }, "geometry": { "type": "MultiPolygon", "coordinates": [ [ [ [ 331575.941036419128068, 6318882.667076867073774 ], [ 331576.137612837250344, 6318882.835629981011152 ], [ 331576.331250342016574, 6318883.007551349699497 ], [ 331576.521891227341257, 6318883.182789739221334 ], [ 331576.709478680160828, 6318883.361292926594615 ], [ 331576.893956797313876, 6318883.543007715605199 ], [ 331577.075270602421369, 6318883.727879953570664 ], [ 331577.253366061951965, 6318883.915854546241462 ], [ 331577.428190101578366, 6318884.106875476427376 ], [ 331577.599690621718764, 6318884.30088581610471 ], [ 331577.767816513485741, 6318884.497827748768032 ], [ 331577.932517673471011, 6318884.697642583400011 ], [ 331578.093745018995833, 6318884.900270773097873 ], [ 331578.251450502546504, 6318885.105651932768524 ], [ 331578.405587126093451, 6318885.313724856823683 ], [ 331578.556108955352101, 6318885.52442753687501 ], [ 331578.702971133170649, 6318885.737697180360556 ], [ 331578.846129893034231, 6318885.953470231965184 ], [ 331578.985542571987025, 6318886.171682388521731 ], [ 331579.121167623670772, 6318886.392268620431423 ], [ 331579.252964630257338, 6318886.615163190290332 ], [ 331579.380894314788748, 6318886.84029967430979 ], [ 331579.504918552935123, 6318887.067610977217555 ], [ 331579.625000384054147, 6318887.297029359266162 ], [ 331579.741104022541549, 6318887.528486452065408 ], [ 331579.853194868133869, 6318887.761913277208805 ], [ 331579.961239516560454, 6318887.997240271419287 ], [ 331580.065205769438762, 6318888.234397305175662 ], [ 331580.165062643645797, 6318888.473313702270389 ], [ 331580.260780380689539, 6318888.71391826402396 ], [ 331580.352330455731135, 6318888.956139286980033 ], [ 331580.439685585850384, 6318889.199904587119818 ], [ 331580.52281973825302, 6318889.445141519419849 ], [ 331580.601708138012327, 6318889.691777001135051 ], [ 331580.676327275577933, 6318889.939737531356514 ], [ 331580.746654913644306, 6318890.188949216157198 ], [ 331580.812670093786437, 6318890.439337786287069 ], [ 331580.874353142804466, 6318890.690828625112772 ], [ 331580.931685678428039, 6318890.943346784450114 ], [ 331580.984650614962447, 6318891.196817010641098 ], [ 331581.033232168294489, 6318891.451163767836988 ], [ 331581.077415860607289, 6318891.706311258487403 ], [ 331581.117188524629455, 6318891.962183443829417 ], [ 331581.152538307767827, 6318892.218704072758555 ], [ 331581.183454675250687, 6318892.475796699523926 ], [ 331581.209928413794842, 6318892.733384707011282 ], [ 331581.231951633933932, 6318892.991391330957413 ], [ 331581.249517772404943, 6318893.249739683233202 ], [ 331581.262621594418306, 6318893.50835277326405 ], [ 331581.271259194880258, 6318893.76715353038162 ], [ 331581.275427999615204, 6318894.026064830832183 ], [ 331581.275126766355243, 6318894.285009515471756 ], [ 331581.270355584856588, 6318894.543910415843129 ], [ 331581.261115876899567, 6318894.802690376527607 ], [ 331581.247410396113992, 6318895.061272278428078 ], [ 331581.229243226873223, 6318895.319579062052071 ], [ 331581.206619783188216, 6318895.57753374800086 ], [ 331581.179546807019506, 6318895.835059463977814 ], [ 331581.148032366472762, 6318896.092079463414848 ], [ 331581.112085853237659, 6318896.348517152480781 ], [ 331581.07171797961928, 6318896.604296110570431 ], [ 331581.026940775802359, 6318896.85934011079371 ], [ 331580.977767585893162, 6318897.113573149777949 ], [ 331580.924213063961361, 6318897.366919460706413 ], [ 331580.866293169849087, 6318897.619303544983268 ], [ 331580.804025164339691, 6318897.87065018992871 ], [ 331580.737427603919059, 6318898.12088449113071 ], [ 331580.666520335478708, 6318898.369931874796748 ], [ 331580.591324490087572, 6318898.617718123830855 ], [ 331580.511862476938404, 6318898.864169394597411 ], [ 331580.428157976595685, 6318899.10921224206686 ], [ 331580.340235933836084, 6318899.352773640304804 ], [ 331580.248122550430708, 6318899.594781005755067 ], [ 331580.151845277170651, 6318899.835162216797471 ], [ 331580.05143280577613, 6318900.073845638893545 ], [ 331579.946915060107131, 6318900.310760141350329 ], [ 331579.83832318772329, 6318900.54583511967212 ], [ 331579.725689550163224, 6318900.779000519774854 ], [ 331579.609047713398468, 6318901.010186856612563 ], [ 331579.488432438054588, 6318901.239325233735144 ], [ 331579.363879668700974, 6318901.466347364708781 ], [ 331579.23542652343167, 6318901.691185594536364 ], [ 331579.103111282747705, 6318901.913772920146585 ], [ 331578.966973377973773, 6318902.134043007157743 ], [ 331578.827053379674908, 6318902.35193021222949 ], [ 331578.68339298554929, 6318902.567369604483247 ], [ 331578.536035007971805, 6318902.780296978540719 ], [ 331578.38502336118836, 6318902.990648881532252 ], [ 331578.230403048277367, 6318903.198362624272704 ], [ 331578.07222014782019, 6318903.403376307338476 ], [ 331577.91052179998951, 6318903.605628834106028 ], [ 331577.745356192230247, 6318903.805059931240976 ], [ 331454.262730878137518, 6319050.312696990557015 ], [ 331307.677284246659838, 6319007.902928826399148 ], [ 331306.027162366954144, 6319007.410082157701254 ], [ 331304.385772427311167, 6319006.8888920545578 ], [ 331302.753601231088396, 6319006.339513093233109 ], [ 331301.131132847687695, 6319005.762108207680285 ], [ 331299.518848468724173, 6319005.156848644837737 ], [ 331297.917226265650243, 6319004.523913912475109 ], [ 331296.326741247437894, 6319003.863491726107895 ], [ 331294.747865120181814, 6319003.175777954049408 ], [ 331293.181066147051752, 6319002.460976558737457 ], [ 331291.626809009176213, 6319001.719299536198378 ], [ 331290.08555466827238, 6319000.950966851785779 ], [ 331288.557760229450651, 6319000.15620637871325 ], [ 331287.043878806056455, 6318999.335253826342523 ], [ 331285.544359385035932, 6318998.488352673128247 ], [ 331284.059646693873219, 6318997.615754093043506 ], [ 331132.490461865847465, 6318906.770248242653906 ], [ 331217.206422786810435, 6318704.906054708175361 ], [ 331217.30934967257781, 6318704.666646581143141 ], [ 331217.416420119523536, 6318704.429062670096755 ], [ 331217.527601811219938, 6318704.193374684080482 ], [ 331217.642861190484837, 6318703.959653759375215 ], [ 331217.76216346945148, 6318703.727970438078046 ], [ 331217.885472639871296, 6318703.498394647613168 ], [ 331218.01275148417335, 6318703.270995678380132 ], [ 331218.143961586756632, 6318703.045842166058719 ], [ 331218.279063345282339, 6318702.823002066463232 ], [ 331218.418015982955694, 6318702.602542637847364 ], [ 331218.560777560691349, 6318702.384530419483781 ], [ 331218.707304989686236, 6318702.169031213968992 ], [ 331218.857554044632707, 6318701.956110062077641 ], [ 331219.011479376873467, 6318701.74583122972399 ], [ 331219.169034528196789, 6318701.53825818374753 ], [ 331219.330171944806352, 6318701.333453574217856 ], [ 331219.494842991756741, 6318701.13147921487689 ], [ 331219.662997967447154, 6318700.932396068237722 ], [ 331219.834586118871812, 6318700.73626422137022 ], [ 331220.009555656753946, 6318700.543142870999873 ], [ 331220.187853771261871, 6318700.353090304881334 ], [ 331220.369426647899672, 6318700.166163887828588 ], [ 331220.554219483805355, 6318699.982420035637915 ], [ 331220.7421765041654, 6318699.801914208568633 ], [ 331220.933240979269613, 6318699.624700886197388 ], [ 331221.127355241391342, 6318699.450833556242287 ], [ 331221.324460702482611, 6318699.280364695005119 ], [ 331221.524497871403582, 6318699.113345755264163 ], [ 331221.727406372432597, 6318698.949827146716416 ], [ 331221.933124963077717, 6318698.789858222939074 ], [ 331222.141591552703176, 6318698.633487265557051 ], [ 331222.352743221272249, 6318698.480761472135782 ], [ 331222.566516238322947, 6318698.331726937554777 ], [ 331222.782846082234755, 6318698.186428644694388 ], [ 331223.001667459728196, 6318698.044910448603332 ], [ 331223.2229143253644, 6318697.907215060666203 ], [ 331223.446519901801366, 6318697.77338404301554 ], [ 331223.672416699700989, 6318697.643457787111402 ], [ 331223.900536538101733, 6318697.517475508153439 ], [ 331224.130810565315187, 6318697.39547523111105 ], [ 331224.363169279240537, 6318697.277493777684867 ], [ 331224.597542548668571, 6318697.163566758856177 ], [ 331224.83385963429464, 6318697.053728558123112 ], [ 331225.072049210197292, 6318696.948012328706682 ], [ 331225.312039385316893, 6318696.846449977718294 ], [ 331225.553757724992465, 6318696.749072159640491 ], [ 331225.797131273138802, 6318696.655908265151083 ], [ 331226.042086573899724, 6318696.566986412741244 ], [ 331226.288549694116227, 6318696.482333441264927 ], [ 331226.536446245620027, 6318696.401974900625646 ], [ 331226.785701407468878, 6318696.325935046188533 ], [ 331227.036239948647562, 6318696.25423682667315 ], [ 331227.287986250885297, 6318696.186901884153485 ], [ 331227.540864331298508, 6318696.12395054101944 ], [ 331227.794797865499277, 6318696.065401796251535 ], [ 331228.049710210470948, 6318696.011273323558271 ], [ 331228.305524427792989, 6318695.961581458337605 ], [ 331228.562163306749426, 6318695.916341199539602 ], [ 331228.819549387844745, 6318695.875566201284528 ], [ 331229.077604986086953, 6318695.839268771000206 ], [ 331229.336252214212436, 6318695.807459862902761 ], [ 331229.595413006609306, 6318695.780149079859257 ], [ 331229.855009142542258, 6318695.757344662211835 ], [ 331230.114962269901298, 6318695.739053495228291 ], [ 331230.375193928775843, 6318695.725281097926199 ], [ 331230.635625575319864, 6318695.716031627729535 ], [ 331230.896178605267778, 6318695.711307876743376 ], [ 331231.15677437762497, 6318695.711111269891262 ], [ 331231.417334238591138, 6318695.71544186770916 ], [ 331231.677779545192607, 6318695.724298361688852 ], [ 331231.93803168903105, 6318695.737678079865873 ], [ 331232.19801211997401, 6318695.755576983094215 ], [ 331232.457642369961832, 6318695.777989669702947 ], [ 331232.716844076581765, 6318695.804909374564886 ], [ 331325.671854159678333, 6318706.275797215290368 ], [ 331328.367185585782863, 6318706.603037837892771 ], [ 331331.056454942154232, 6318706.976840259507298 ], [ 331333.738857935706619, 6318707.397092685103416 ], [ 331336.413592326978687, 6318707.86366942897439 ], [ 331339.079858170007356, 6318708.376430948264897 ], [ 331341.736858051444869, 6318708.935223889537156 ], [ 331344.383797329326626, 6318709.539881131611764 ], [ 331347.019884370442014, 6318710.190221837721765 ], [ 331349.644330787239596, 6318710.886051505804062 ], [ 331352.256351673568133, 6318711.627162030898035 ], [ 331354.85516583948629, 6318712.413331765681505 ], [ 331357.439996044908185, 6318713.244325587525964 ], [ 331360.01006923179375, 6318714.119894965551794 ], [ 331362.564616755757015, 6318715.039778038859367 ], [ 331365.102874615695328, 6318716.003699694760144 ], [ 331367.624083682254422, 6318717.011371647007763 ], [ 331370.127489925071131, 6318718.062492527067661 ], [ 331372.612344638095237, 6318719.156747970730066 ], [ 331375.077904663572554, 6318720.293810714036226 ], [ 331377.523432614339981, 6318721.473340690135956 ], [ 331379.948197094199713, 6318722.694985130801797 ], [ 331382.35147291701287, 6318723.95837867166847 ], [ 331384.732541323173791, 6318725.263143465854228 ], [ 331387.090690194803756, 6318726.608889289200306 ], [ 331389.425214268674608, 6318727.995213663205504 ], [ 331391.735415347269736, 6318729.42170197237283 ], [ 331394.020602507283911, 6318730.88792759180069 ], [ 331396.280092306551524, 6318732.393452008254826 ], [ 331398.513208988297265, 6318733.937824957072735 ], [ 331400.719284683349542, 6318735.520584557205439 ], [ 331402.897659609734546, 6318737.14125744253397 ], [ 331405.047682270174846, 6318738.799358910880983 ], [ 331407.168709646735806, 6318740.494393066503108 ], [ 331409.260107393434737, 6318742.225852967239916 ], [ 331575.941036419128068, 6318882.667076867073774 ] ] ] ] } },
{ "type": "Feature", "properties": { "fid": "91", "Area": 41497.616 }, "geometry": { "type": "MultiPolygon", "coordinates": [ [ [ [ 331367.723064011137467, 6319152.988859506323934 ], [ 331366.853197904711124, 6319154.036561695858836 ], [ 331365.998934294562787, 6319155.097024145536125 ], [ 331365.160460338287521, 6319156.170014521107078 ], [ 331364.337959733966272, 6319157.255297745577991 ], [ 331363.531612680351827, 6319158.352636048570275 ], [ 331362.741595836996567, 6319159.461789017543197 ], [ 331331.875772063736804, 6319203.482045629993081 ], [ 331314.206785512214992, 6319227.994083303026855 ], [ 331314.094189544266555, 6319228.147472322918475 ], [ 331313.978957186045591, 6319228.298890773206949 ], [ 331313.861122917791363, 6319228.448293345980346 ], [ 331313.740721998212393, 6319228.595635335892439 ], [ 331313.617790454125497, 6319228.740872655063868 ], [ 331313.492365069570951, 6319228.883961846120656 ], [ 331313.364483374753036, 6319229.024860091507435 ], [ 331313.234183634805959, 6319229.163525232113898 ], [ 331313.101504838617984, 6319229.2999157756567 ], [ 331312.96648668666603, 6319229.433990912511945 ], [ 331312.829169579665177, 6319229.56571052223444 ], [ 331312.689594606054015, 6319229.695035191252828 ], [ 331312.547803529945668, 6319229.821926224045455 ], [ 331312.403838778554928, 6319229.946345651522279 ], [ 331312.257743429567199, 6319230.068256244063377 ], [ 331312.109561198099982, 6319230.187621522694826 ], [ 331311.959336423780769, 6319230.304405770264566 ], [ 331311.807114057417493, 6319230.418574043549597 ], [ 331311.652939647436142, 6319230.530092180706561 ], [ 331311.496859326492995, 6319230.638926811516285 ], [ 331311.338919797562994, 6319230.745045371353626 ], [ 331311.179168319737073, 6319230.84841610584408 ], [ 331311.01765269448515, 6319230.949008084833622 ], [ 331310.854421251046006, 6319231.046791208907962 ], [ 331310.689522832108196, 6319231.141736218705773 ], [ 331310.523006779199932, 6319231.23381470516324 ], [ 331310.354922917729709, 6319231.322999115101993 ], [ 331310.185321542492602, 6319231.409262763336301 ], [ 331310.014253402070608, 6319231.492579837329686 ], [ 331309.841769684106112, 6319231.572925406508148 ], [ 331309.667921999818645, 6319231.650275429710746 ], [ 331309.492762368521653, 6319231.724606762640178 ], [ 331309.316343202081043, 6319231.795897162519395 ], [ 331309.138717289199121, 6319231.864125299267471 ], [ 331308.959937779814936, 6319231.929270755499601 ], [ 331308.780058168864343, 6319231.9913140386343 ], [ 331308.599132280680351, 6319232.050236584618688 ], [ 331308.417214252403937, 6319232.106020762585104 ], [ 331308.234358518267982, 6319232.15864987950772 ], [ 331308.050619792949874, 6319232.208108188584447 ], [ 331307.866053055447992, 6319232.254380889236927 ], [ 331307.680713532434311, 6319232.297454137355089 ], [ 331307.49465668189805, 6319232.337315043434501 ], [ 331307.307938176381867, 6319232.373951680026948 ], [ 331307.120613886392675, 6319232.407353085465729 ], [ 331306.932739863870665, 6319232.437509264796972 ], [ 331306.744372325076256, 6319232.46441119350493 ], [ 331306.555567634059116, 6319232.488050824031234 ], [ 331306.366382285486907, 6319232.508421081118286 ], [ 331306.176872888230719, 6319232.525515870191157 ], [ 331305.987096147844568, 6319232.539330075494945 ], [ 331305.797108849976212, 6319232.549859564751387 ], [ 331305.60696784342872, 6319232.557101186364889 ], [ 331305.416730022698175, 6319232.561052773147821 ], [ 331305.226452311500907, 6319232.561713143251836 ], [ 331305.036191645311192, 6319232.559082099236548 ], [ 331304.846004954713862, 6319232.553160428069532 ], [ 331304.655949148000218, 6319232.543949901126325 ], [ 331304.466081094287802, 6319232.531453276053071 ], [ 331304.276457606581971, 6319232.515674290247262 ], [ 331304.087135424662847, 6319232.496617666445673 ], [ 331303.898171198263299, 6319232.474289106205106 ], [ 331303.709621469839476, 6319232.448695290833712 ], [ 331303.521542657865211, 6319232.419843879528344 ], [ 331303.333991040068213, 6319232.387743503786623 ], [ 331303.147022736200597, 6319232.352403769269586 ], [ 331302.960693691566121, 6319232.313835251145065 ], [ 331302.775059660256375, 6319232.272049489431083 ], [ 331302.590176188328769, 6319232.227058987133205 ], [ 331302.406098597217351, 6319232.178877207450569 ], [ 331302.222881967318244, 6319232.127518566325307 ], [ 331302.040581121284049, 6319232.072998432442546 ], [ 331301.859250607842114, 6319232.015333118848503 ], [ 331301.678944685379975, 6319231.95453988108784 ], [ 331301.499717305647209, 6319231.890636908821762 ], [ 331301.321622097631916, 6319231.823643323965371 ], [ 331301.144712351670023, 6319231.753579173237085 ], [ 331300.969041003321763, 6319231.68046542070806 ], [ 331300.794660617539193, 6319231.604323943145573 ], [ 331300.621623373008333, 6319231.525177525356412 ], [ 331300.449981046665926, 6319231.443049849011004 ], [ 331300.279784997808747, 6319231.357965487986803 ], [ 331300.11108615307603, 6319231.269949902780354 ], [ 331299.943934991257265, 6319231.179029429331422 ], [ 331299.778381527750753, 6319231.085231272503734 ], [ 331299.614475300186314, 6319230.988583499565721 ], [ 331299.452265353058465, 6319230.889115029014647 ], [ 331299.291800223465543, 6319230.786855625919998 ], [ 331299.13312792632496, 6319230.681835886090994 ], [ 331298.976295940054115, 6319230.574087237007916 ], [ 331298.821351192542352, 6319230.463641916401684 ], [ 331298.66834004689008, 6319230.350532975047827 ], [ 331298.51730828761356, 6319230.23479425534606 ], [ 331298.368301106907893, 6319230.116460390388966 ], [ 331298.221363091375679, 6319229.995566788129508 ], [ 331298.07653820811538, 6319229.872149622999132 ], [ 331294.070050783979241, 6319226.456613682210445 ], [ 331290.006320607382804, 6319223.109387323260307 ], [ 331285.88651219708845, 6319219.831429742276669 ], [ 331281.711806141887791, 6319216.623680282384157 ], [ 331277.483398762356956, 6319213.487058169208467 ], [ 331273.202501767897047, 6319210.422462247312069 ], [ 331268.870341909409035, 6319207.430770718492568 ], [ 331264.488160628126934, 6319204.512840894050896 ], [ 331260.057213699445128, 6319201.669508947059512 ], [ 331255.578770873253234, 6319198.90158967487514 ], [ 331251.054115510138217, 6319196.209876263514161 ], [ 331246.484544213511981, 6319193.595140061341226 ], [ 331241.871366458013654, 6319191.058130356483161 ], [ 331237.215904214419425, 6319188.599574166350067 ], [ 331232.519491570594255, 6319186.220176023431122 ], [ 331227.783474349416792, 6319183.920617777854204 ], [ 331223.009209722978994, 6319181.701558399945498 ], [ 331218.198065823758952, 6319179.563633793033659 ], [ 331213.351421352359466, 6319177.507456609047949 ], [ 331208.470665182743687, 6319175.533616074360907 ], [ 331147.032250991556793, 6319151.290159286931157 ], [ 331057.969004814862274, 6319116.174761665984988 ], [ 331057.792196586669888, 6319116.103273508138955 ], [ 331057.616654319164809, 6319116.028730778023601 ], [ 331057.442430778988637, 6319115.951155882328749 ], [ 331057.269578336447012, 6319115.870572141371667 ], [ 331057.098148949735332, 6319115.787003776058555 ], [ 331056.928194149280898, 6319115.700475906953216 ], [ 331056.759765022201464, 6319115.611014544032514 ], [ 331056.592912197054829, 6319115.51864657830447 ], [ 331056.427685828588437, 6319115.423399775288999 ], [ 331056.264135582605377, 6319115.325302765704691 ], [ 331056.102310621121433, 6319115.224385036155581 ], [ 331055.94225958752213, 6319115.12067692168057 ], [ 331055.784030591952614, 6319115.014209597371519 ], [ 331055.627671196882147, 6319114.905015065334737 ], [ 331055.473228402785026, 6319114.793126148171723 ], [ 331055.320748634054326, 6319114.678576480597258 ], [ 331055.17027772491565, 6319114.561400493606925 ], [ 331055.021860905922949, 6319114.44163341075182 ], [ 331054.875542789988685, 6319114.319311233237386 ], [ 331054.731367359287106, 6319114.194470728747547 ], [ 331054.589377951866481, 6319114.067149424925447 ], [ 331054.449617248727009, 6319113.937385592609644 ], [ 331054.312127260840498, 6319113.805218238383532 ], [ 331054.176949316752143, 6319113.670687090605497 ], [ 331054.04412404994946, 6319113.533832588233054 ], [ 331053.913691386696883, 6319113.394695868715644 ], [ 331053.785690534103196, 6319113.253318755887449 ], [ 331053.660159968305379, 6319113.109743745997548 ], [ 331053.537137422768865, 6319112.964013998396695 ], [ 331053.416659877286293, 6319112.81617331597954 ], [ 331053.298763546394184, 6319112.666266139596701 ], [ 331053.18348386901198, 6319112.514337530359626 ], [ 331053.070855497207958, 6319112.360433156602085 ], [ 331052.960912286303937, 6319112.204599281772971 ], [ 331052.8536872844561, 6319112.046882746741176 ], [ 331052.749212722585071, 6319111.887330961413682 ], [ 331052.647520005120896, 6319111.725991885177791 ], [ 331052.548639700049534, 6319111.562914015725255 ], [ 331052.452601530123502, 6319111.398146372288465 ], [ 331052.359434363665059, 6319111.231738484464586 ], [ 331052.269166206009686, 6319111.063740370795131 ], [ 331052.181824191182386, 6319110.894202532246709 ], [ 331052.097434573457576, 6319110.723175929859281 ], [ 331052.01602271979209, 6319110.550711973570287 ], [ 331051.937613101908937, 6319110.3768625035882 ], [ 331051.862229289254174, 6319110.201679778285325 ], [ 331051.78989394166274, 6319110.025216457433999 ], [ 331051.720628802489955, 6319109.847525582648814 ], [ 331051.654454692383297, 6319109.668660568073392 ], [ 331051.591391502821352, 6319109.488675178959966 ], [ 331051.531458190118428, 6319109.307623516768217 ], [ 331051.474672769778408, 6319109.125560005195439 ], [ 331051.421052311023232, 6319108.942539370618761 ], [ 331051.370612931845244, 6319108.758616627193987 ], [ 331051.323369793943129, 6319108.573847061954439 ], [ 331051.279337098181713, 6319108.388286215253174 ], [ 331051.238528080575634, 6319108.201989863999188 ], [ 331051.200955007923767, 6319108.015014008618891 ], [ 331051.166629174491391, 6319107.827414852567017 ], [ 331051.135560898284893, 6319107.639248786494136 ], [ 331051.1077595181996, 6319107.450572371482849 ], [ 331051.083233391225804, 6319107.261442322283983 ], [ 331051.061989889654797, 6319107.071915490552783 ], [ 331051.04403539915802, 6319106.88204884622246 ], [ 331051.029375316691585, 6319106.691899462603033 ], [ 331051.018014048982877, 6319106.501524495892227 ], [ 331051.009955011191778, 6319106.310981172136962 ], [ 331051.005200625746511, 6319106.120326766744256 ], [ 331051.003752321761567, 6319105.929618590511382 ], [ 331051.00561053463025, 6319105.738913967274129 ], [ 331051.010774705791846, 6319105.548270221799612 ], [ 331051.019243282964453, 6319105.357744660228491 ], [ 331051.031013720436022, 6319105.167394553311169 ], [ 331051.046082480228506, 6319104.977277119643986 ], [ 331051.064445032738149, 6319104.78744950518012 ], [ 331051.08609585830709, 6319104.597968772985041 ], [ 331051.111028448853176, 6319104.408891878090799 ], [ 331051.13923530979082, 6319104.220275655388832 ], [ 331051.170707962417509, 6319104.032176802866161 ], [ 331051.205436946300324, 6319103.844651860184968 ], [ 331051.243411822069902, 6319103.657757197506726 ], [ 331051.284621174854692, 6319103.471548992209136 ], [ 331051.329052617307752, 6319103.286083218641579 ], [ 331051.376692793797702, 6319103.10141562577337 ], [ 331051.427527383959386, 6319102.917601723223925 ], [ 331051.481541107350495, 6319102.734696764498949 ], [ 331051.538717727758922, 6319102.552755729295313 ], [ 331051.599040058383252, 6319102.371833306737244 ], [ 331051.662489966780413, 6319102.191983883269131 ], [ 331051.729048380278982, 6319102.013261517509818 ], [ 331051.798695292207412, 6319101.835719933733344 ], [ 331078.95901841763407, 6319034.326868541538715 ], [ 331086.435587162850425, 6319016.511435608379543 ], [ 331198.184786996222101, 6319049.408050225116313 ], [ 331199.734022154472768, 6319049.850581933744252 ], [ 331201.290186062164139, 6319050.268095743842423 ], [ 331202.852874744858127, 6319050.660483269020915 ], [ 331204.421682534099091, 6319051.027642647735775 ], [ 331205.996202173060738, 6319051.36947856657207 ], [ 331207.576024922251236, 6319051.685902286320925 ], [ 331209.160740665218327, 6319051.976831664331257 ], [ 331210.749938015651423, 6319052.242191175930202 ], [ 331212.343204423494171, 6319052.481911934912205 ], [ 331213.940126282686833, 6319052.695931712165475 ], [ 331215.540289037977345, 6319052.884194946847856 ], [ 331217.143277292954735, 6319053.046652766875923 ], [ 331396.602585453656502, 6319069.774860632605851 ], [ 331398.257224615255836, 6319069.942987421527505 ], [ 331399.908838813309558, 6319070.138609282672405 ], [ 331401.5569711952121, 6319070.361672107130289 ], [ 331403.201165871578269, 6319070.612114192917943 ], [ 331404.840968042146415, 6319070.889866265468299 ], [ 331406.475924121623393, 6319071.194851494394243 ], [ 331408.105581865238491, 6319071.526985519565642 ], [ 331409.72949049383169, 6319071.886176469735801 ], [ 331411.347200818418059, 6319072.272324986755848 ], [ 331412.958265364635736, 6319072.68532426096499 ], [ 331414.56223849626258, 6319073.125060050748289 ], [ 331416.158676538791042, 6319073.59141072165221 ], [ 331417.747137901838869, 6319074.084247277118266 ], [ 331419.327183201618027, 6319074.603433392941952 ], [ 331420.898375382123049, 6319075.148825457319617 ], [ 331422.460279836319387, 6319075.720272609964013 ], [ 331424.012464526225813, 6319076.317616782151163 ], [ 331425.554500102531165, 6319076.94069274328649 ], [ 331427.085960023046937, 6319077.589328144676983 ], [ 331428.60642067110166, 6319078.263343567028642 ], [ 331430.1154614725383, 6319078.962552571669221 ], [ 331367.723064011137467, 6319152.988859506323934 ] ] ] ] } },
{ "type": "Feature", "properties": { "fid": "92", "Area": 23486.405 }, "geometry": { "type": "MultiPolygon", "coordinates": [ [ [ [ 331146.526287947199307, 6319961.014688543044031 ], [ 330830.327850581204984, 6319815.955265052616596 ], [ 330830.454069866915233, 6319815.734205330722034 ], [ 330830.584022312832531, 6319815.515319355763495 ], [ 330830.717670493409969, 6319815.298670163378119 ], [ 330830.854975918715354, 6319815.084320148453116 ], [ 330830.995899045548867, 6319814.872331043705344 ], [ 330831.140399288909975, 6319814.662763898260891 ], [ 330831.288435033580754, 6319814.455679068341851 ], [ 330831.439963646058459, 6319814.251136192120612 ], [ 330831.594941486953758, 6319814.049194177612662 ], [ 330831.753323923621792, 6319813.849911181256175 ], [ 330831.915065342793241, 6319813.653344597667456 ], [ 330832.080119163845666, 6319813.459551035426557 ], [ 330832.248437852249481, 6319813.268586306832731 ], [ 330892.377809222612996, 6319746.205109717324376 ], [ 331015.370600913942326, 6319846.514870789833367 ], [ 331016.730744914617389, 6319847.604571561329067 ], [ 331018.109673205413856, 6319848.670402806252241 ], [ 331019.506966945249587, 6319849.71204078476876 ], [ 331020.922201714653056, 6319850.729169105179608 ], [ 331022.354947644635104, 6319851.721478822641075 ], [ 331023.804769547190517, 6319852.68866852670908 ], [ 331025.271227047778666, 6319853.630444440990686 ], [ 331026.75387471873546, 6319854.546520506963134 ], [ 331028.2522622148972, 6319855.436618470586836 ], [ 331029.765934410097543, 6319856.300467970781028 ], [ 331031.29443153552711, 6319857.137806618586183 ], [ 331032.837289319490083, 6319857.948380077257752 ], [ 331034.394039128266741, 6319858.731942140497267 ], [ 331035.964208108489402, 6319859.488254806026816 ], [ 331037.547319330857135, 6319860.217088347300887 ], [ 331039.142891934898216, 6319860.918221387080848 ], [ 331040.750441275071353, 6319861.59144095890224 ], [ 331042.369479068089277, 6319862.236542577855289 ], [ 331043.999513540940825, 6319862.853330297395587 ], [ 331045.640049580542836, 6319863.441616772674024 ], [ 331047.290588884032331, 6319864.001223313622177 ], [ 331048.950630110048223, 6319864.531979945488274 ], [ 331050.619669031060766, 6319865.03372545260936 ], [ 331052.297198686748743, 6319865.506307432428002 ], [ 331053.982709537493065, 6319865.949582342989743 ], [ 331055.675689619616605, 6319866.363415540196002 ], [ 331057.375624700682238, 6319866.747681325301528 ], [ 331059.081998435722198, 6319867.102262980304658 ], [ 331060.794292523991317, 6319867.427052803337574 ], [ 331062.511986866535153, 6319867.721952141262591 ], [ 331064.234559724165592, 6319867.986871419474483 ], [ 331065.961487875669263, 6319868.22173017077148 ], [ 331067.692246777180117, 6319868.426457059569657 ], [ 331069.426310721086338, 6319868.600989898666739 ], [ 331071.163152996043209, 6319868.74527567718178 ], [ 331072.902246046636719, 6319868.859270568005741 ], [ 331074.643061633920297, 6319868.942939945496619 ], [ 331076.385070995718706, 6319868.996258396655321 ], [ 331078.127745007222984, 6319869.019209725782275 ], [ 331079.870554341701791, 6319869.01178696192801 ], [ 331081.612969631387386, 6319868.973992358893156 ], [ 331083.354461628186982, 6319868.905837397091091 ], [ 331085.094501364452299, 6319868.807342777960002 ], [ 331086.832560313690919, 6319868.678538419306278 ], [ 331088.568110550928395, 6319868.519463444128633 ], [ 331193.672233450226486, 6319857.961597927846014 ], [ 331189.792448229796719, 6319865.559969418682158 ], [ 331186.01772884192178, 6319873.211078894324601 ], [ 331182.348791985830758, 6319880.913473652675748 ], [ 331178.78633427596651, 6319888.665691253729165 ], [ 331146.526287947199307, 6319961.014688543044031 ] ] ] ] } },
{ "type": "Feature", "properties": { "fid": "93", "Area": 47867.619 }, "geometry": { "type": "MultiPolygon", "coordinates": [ [ [ [ 331229.07121074188035, 6319798.24258423037827 ], [ 331224.951977141783573, 6319804.459837229922414 ], [ 331220.907930248475168, 6319810.726256066001952 ], [ 331219.494853620184585, 6319810.558800123631954 ], [ 331218.084302831499372, 6319810.371254069730639 ], [ 331216.676563494431321, 6319810.163655878975987 ], [ 331215.271920651954133, 6319809.936047585681081 ], [ 331009.480234685528558, 6319775.085179528221488 ], [ 331007.819061153393704, 6319774.789421887136996 ], [ 331006.163114218157716, 6319774.465678418055177 ], [ 331004.512865322816651, 6319774.114041291177273 ], [ 331002.868784288410097, 6319773.734610614366829 ], [ 331001.231339179852512, 6319773.327494411729276 ], [ 330999.600996172870509, 6319772.892808588221669 ], [ 330997.97821942117298, 6319772.430676896125078 ], [ 330996.36347092455253, 6319771.941230904310942 ], [ 330994.757210397045128, 6319771.424609957262874 ], [ 330993.159895136195701, 6319770.880961133167148 ], [ 330991.571979892905802, 6319770.310439209453762 ], [ 330989.993916741863359, 6319769.713206609711051 ], [ 330988.426154952903744, 6319769.089433366432786 ], [ 330986.869140863243956, 6319768.439297065138817 ], [ 330985.323317750007845, 6319767.762982797808945 ], [ 330983.789125704439357, 6319767.060683108866215 ], [ 330982.267001506406814, 6319766.332597940228879 ], [ 330980.75737850018777, 6319765.578934577293694 ], [ 330979.260686470952351, 6319764.799907584674656 ], [ 330977.777351522294339, 6319763.995738748461008 ], [ 330976.307795955392066, 6319763.166657014749944 ], [ 330974.85243814822752, 6319762.312898419797421 ], [ 330973.411692436842714, 6319761.434706024825573 ], [ 330971.985968997294549, 6319760.532329850830138 ], [ 330970.575673728657421, 6319759.606026800349355 ], [ 330969.181208137888461, 6319758.65606058947742 ], [ 330967.802969225042034, 6319757.682701670564711 ], [ 330966.441349370754324, 6319756.686227155849338 ], [ 330917.604827729635872, 6319720.309562966227531 ], [ 330970.937461889989208, 6319660.7827218612656 ], [ 330971.777186299092136, 6319659.861747791059315 ], [ 330972.632836156350095, 6319658.955550437793136 ], [ 330973.504151477012783, 6319658.064405145123601 ], [ 330974.390867516514845, 6319657.188582682050765 ], [ 330975.292714850860648, 6319656.328349163755774 ], [ 330976.209419458464254, 6319655.483965966850519 ], [ 330977.140702803386375, 6319654.655689652077854 ], [ 330978.086281920142937, 6319653.843771888874471 ], [ 330979.045869499444962, 6319653.048459372483194 ], [ 330980.01917397568468, 6319652.269993755035102 ], [ 330981.005899615411181, 6319651.508611569181085 ], [ 330982.005746607144829, 6319650.764544156379998 ], [ 330983.018411152646877, 6319650.03801759891212 ], [ 330984.043585559178609, 6319649.329252646304667 ], [ 330985.08095833286643, 6319648.638464654795825 ], [ 330986.130214273347519, 6319647.965863515622914 ], [ 330987.191034569812473, 6319647.311653595417738 ], [ 330988.263096897513606, 6319646.676033671945333 ], [ 330989.346075516019482, 6319646.059196876361966 ], [ 330990.439641367876902, 6319645.461330629885197 ], [ 330991.543462178960908, 6319644.882616591639817 ], [ 330992.657202558941208, 6319644.323230599984527 ], [ 330993.780524103844073, 6319643.783342623151839 ], [ 330994.913085498148575, 6319643.263116701506078 ], [ 330996.054542619094718, 6319642.762710904702544 ], [ 330997.204548640991561, 6319642.282277276739478 ], [ 330998.362754140398465, 6319641.82196179497987 ], [ 330999.528807202819735, 6319641.381904325447977 ], [ 331000.702353529050015, 6319640.962238576263189 ], [ 331001.883036543207709, 6319640.563092060387135 ], [ 331003.07049750094302, 6319640.184586056508124 ], [ 331004.264375598577317, 6319639.826835571788251 ], [ 331005.464308082417119, 6319639.489949307404459 ], [ 331006.669930359290447, 6319639.174029623158276 ], [ 331007.880876107257791, 6319638.879172511398792 ], [ 331009.096777386788744, 6319638.605467561632395 ], [ 331010.317264752637129, 6319638.352997937239707 ], [ 331011.541967366123572, 6319638.121840351261199 ], [ 331012.770513107767329, 6319637.912065039388835 ], [ 331014.002528690500185, 6319637.723735739476979 ], [ 331015.237639772705734, 6319637.556909675709903 ], [ 331016.475471072539221, 6319637.411637536250055 ], [ 331017.715646481316071, 6319637.287963462993503 ], [ 331018.957789178297389, 6319637.185925032012165 ], [ 331020.201521744951606, 6319637.10555324703455 ], [ 331021.446466279623564, 6319637.046872530132532 ], [ 331022.692244512552861, 6319637.009900709614158 ], [ 331023.938477920484729, 6319636.994649020023644 ], [ 331025.184787841979414, 6319637.001122095622122 ], [ 331026.430795592314098, 6319637.029317968524992 ], [ 331027.676122578501236, 6319637.079228073358536 ], [ 331028.920390414539725, 6319637.150837243534625 ], [ 331030.163221036200412, 6319637.244123721495271 ], [ 331331.314974925771821, 6319662.489805659279227 ], [ 331331.470356116304174, 6319662.60089195612818 ], [ 331331.623785026953556, 6319662.714659478515387 ], [ 331331.775215396366548, 6319662.831073923967779 ], [ 331331.924601565871853, 6319662.950100190006196 ], [ 331332.071898492984474, 6319663.071702389977872 ], [ 331332.217061765317339, 6319663.195843858644366 ], [ 331332.360047613736242, 6319663.322487164288759 ], [ 331332.500812925747596, 6319663.451594122685492 ], [ 331332.639315258304123, 6319663.583125805482268 ], [ 331332.775512850610539, 6319663.717042554169893 ], [ 331332.909364636871032, 6319663.853303991258144 ], [ 331333.040830258629285, 6319663.991869029588997 ], [ 331333.169870076875668, 6319664.1326958918944 ], [ 331333.296445183921605, 6319664.275742115452886 ], [ 331333.420517415332142, 6319664.420964569784701 ], [ 331333.54204936127644, 6319664.568319466896355 ], [ 331333.661004377936479, 6319664.717762378975749 ], [ 331333.777346598333679, 6319664.86924824398011 ], [ 331333.891040943504777, 6319665.022731388919055 ], [ 331334.002053132688161, 6319665.178165534511209 ], [ 331334.110349693917669, 6319665.335503815673292 ], [ 331334.21589797391789, 6319665.494698790833354 ], [ 331334.318666148232296, 6319665.655702462419868 ], [ 331334.418623230594676, 6319665.818466283380985 ], [ 331334.51573908230057, 6319665.98294117860496 ], [ 331334.609984421287663, 6319666.149077556096017 ], [ 331334.70133083104156, 6319666.316825321875513 ], [ 331334.789750769152306, 6319666.486133899539709 ], [ 331334.875217575579882, 6319666.656952237710357 ], [ 331334.957705480628647, 6319666.829228833317757 ], [ 331335.037189612921793, 6319667.002911740913987 ], [ 331335.113646006619092, 6319667.177948593162 ], [ 331335.187051608925685, 6319667.354286612942815 ], [ 331335.257384286785964, 6319667.531872631981969 ], [ 331335.324622833810281, 6319667.71065310575068 ], [ 331335.388746976444963, 6319667.890574127435684 ], [ 331335.449737380258739, 6319668.071581448428333 ], [ 331335.507575655530673, 6319668.253620493225753 ], [ 331335.562244363187347, 6319668.436636372469366 ], [ 331335.613727019692305, 6319668.620573905296624 ], [ 331335.662008102168329, 6319668.805377630516887 ], [ 331335.707073053112254, 6319668.990991827100515 ], [ 331335.748908284644131, 6319669.177360529080033 ], [ 331335.787501182756387, 6319669.364427544176579 ], [ 331335.822840111097321, 6319669.552136466838419 ], [ 331335.854914414405357, 6319669.740430701524019 ], [ 331335.883714421768673, 6319669.929253473877907 ], [ 331335.909231449477375, 6319670.118547851219773 ], [ 331335.931457803759258, 6319670.308256756514311 ], [ 331335.950386782933492, 6319670.498322991654277 ], [ 331335.966012679680716, 6319670.68868924677372 ], [ 331335.978330782498233, 6319670.879298123531044 ], [ 331335.987337377329823, 6319671.070092151872814 ], [ 331335.993029748438857, 6319671.261013802140951 ], [ 331335.995406179572456, 6319671.452005509287119 ], [ 331335.994465954194311, 6319671.643009686842561 ], [ 331335.990209355775733, 6319671.833968742750585 ], [ 331335.982637667737436, 6319672.024825100786984 ], [ 331335.971753173042089, 6319672.215521213598549 ], [ 331335.957559153612237, 6319672.405999584123492 ], [ 331335.940059889107943, 6319672.596202779561281 ], [ 331335.919260655937251, 6319672.786073450930417 ], [ 331335.895167725277133, 6319672.975554347969592 ], [ 331335.867788361676503, 6319673.164588339626789 ], [ 331335.837130820378661, 6319673.353118429891765 ], [ 331335.803204345167615, 6319673.541087773628533 ], [ 331335.766019165399484, 6319673.728439694270492 ], [ 331335.725586493033916, 6319673.915117702446878 ], [ 331335.681918519141618, 6319674.10106551181525 ], [ 331335.635028410411905, 6319674.286227055825293 ], [ 331335.584930304961745, 6319674.470546506345272 ], [ 331335.531639308144804, 6319674.653968285769224 ], [ 331335.475171488069464, 6319674.836437092162669 ], [ 331335.415543870767578, 6319675.017897905781865 ], [ 331335.352774434839375, 6319675.198296015150845 ], [ 331335.286882106447592, 6319675.377577025443316 ], [ 331335.217886753031053, 6319675.555686881765723 ], [ 331335.145809177949559, 6319675.732571881264448 ], [ 331335.070671113731805, 6319675.908178688958287 ], [ 331334.992495215730742, 6319676.082454358227551 ], [ 331334.91130505525507, 6319676.255346341058612 ], [ 331334.827125112467911, 6319676.426802506670356 ], [ 331334.739980768994428, 6319676.596771160140634 ], [ 331334.649898300296627, 6319676.765201052650809 ], [ 331334.556904867698904, 6319676.932041399180889 ], [ 331334.461028510238975, 6319677.097241895273328 ], [ 331334.362298136227764, 6319677.260752730071545 ], [ 331334.260743514460046, 6319677.422524602152407 ], [ 331334.156395265308674, 6319677.582508734427392 ], [ 331334.049284851527773, 6319677.740656889975071 ], [ 331333.939444568648469, 6319677.896921383216977 ], [ 331333.826907535258215, 6319678.051255099475384 ], [ 331333.711707683221903, 6319678.203611503355205 ], [ 331333.59387974702986, 6319678.353944657370448 ], [ 331333.473459253844339, 6319678.502209234051406 ], [ 331333.350482512381859, 6319678.648360528051853 ], [ 331333.224986602144782, 6319678.792354473844171 ], [ 331333.097009362187237, 6319678.93414765316993 ], [ 331332.966589379764628, 6319679.073697314597666 ], [ 331332.833765978633892, 6319679.210961380973458 ], [ 331332.698579207237344, 6319679.34589846432209 ], [ 331332.561069826129824, 6319679.47846787981689 ], [ 331317.089076906151604, 6319694.137596854008734 ], [ 331309.522864567232318, 6319701.429300057701766 ], [ 331302.081713528779801, 6319708.848584120161831 ], [ 331294.767774744017515, 6319716.393304408527911 ], [ 331287.583162394061219, 6319724.061280030757189 ], [ 331280.529953276447486, 6319731.850294468924403 ], [ 331273.610186205245554, 6319739.758096215315163 ], [ 331266.825861421471927, 6319747.782399425283074 ], [ 331260.178940014913678, 6319755.920884577557445 ], [ 331253.671343357185833, 6319764.171199148520827 ], [ 331247.304952546663117, 6319772.530958284623921 ], [ 331241.081607864238322, 6319780.997745499946177 ], [ 331235.003108241769951, 6319789.569113366305828 ], [ 331229.07121074188035, 6319798.24258423037827 ] ] ] ] } },
{ "type": "Feature", "properties": { "fid": "94", "Area": 49025.037 }, "geometry": { "type": "MultiPolygon", "coordinates": [ [ [ [ 331479.401567718246952, 6319946.416520360857248 ], [ 331414.34589208784746, 6320031.6587920691818 ], [ 331409.959245894744527, 6320037.406602441333234 ], [ 331409.424272670352366, 6320038.095046823844314 ], [ 331408.877376596094109, 6320038.774058386683464 ], [ 331408.318723961536307, 6320039.443430669605732 ], [ 331407.748484631069005, 6320040.102960142306983 ], [ 331407.166831992100924, 6320040.752446266822517 ], [ 331406.573942902497947, 6320041.391691560856998 ], [ 331405.969997636508197, 6320042.020501655526459 ], [ 331405.355179830221459, 6320042.6386853531003 ], [ 331404.729676425689831, 6320043.246054688468575 ], [ 331404.093677613942418, 6320043.842424985021353 ], [ 331403.447376777301542, 6320044.427614908665419 ], [ 331402.790970430534799, 6320045.001446528360248 ], [ 331402.124658161075786, 6320045.563745361752808 ], [ 331401.448642568313517, 6320046.114340437576175 ], [ 331400.763129202241544, 6320046.653064340353012 ], [ 331400.068326500419062, 6320047.179753266274929 ], [ 331399.364445725281257, 6320047.694247068837285 ], [ 331398.651700899295975, 6320048.196389311924577 ], [ 331397.930308740236796, 6320048.686027312651277 ], [ 331397.200488595233764, 6320049.163012191653252 ], [ 331396.462462373950984, 6320049.627198915928602 ], [ 331395.716454481240362, 6320050.078446346335113 ], [ 331394.96269174880581, 6320050.516617273911834 ], [ 331394.201403366518207, 6320050.941578469239175 ], [ 331393.432820812158752, 6320051.35320071876049 ], [ 331392.657177781627979, 6320051.751358862966299 ], [ 331391.874710117641371, 6320052.135931839235127 ], [ 331391.085655737842899, 6320052.506802712567151 ], [ 331390.290254562802147, 6320052.863858715631068 ], [ 331389.488748442789074, 6320053.20699128229171 ], [ 331388.681381084490567, 6320053.536096080206335 ], [ 331387.868397976621054, 6320053.851073039695621 ], [ 331387.050046315474901, 6320054.151826390065253 ], [ 331386.226574929722119, 6320054.438264682888985 ], [ 331385.398234204738401, 6320054.710300823673606 ], [ 331384.565276006527711, 6320054.967852097935975 ], [ 331383.727953604946379, 6320055.210840194486082 ], [ 331382.886521596985403, 6320055.439191227778792 ], [ 331382.041235829063226, 6320055.652835768647492 ], [ 331381.19235331955133, 6320055.851708852685988 ], [ 331380.34013218031032, 6320056.035750013776124 ], [ 331379.484831538400613, 6320056.204903289675713 ], [ 331378.626711457152851, 6320056.359117248095572 ], [ 331377.76603285735473, 6320056.498344998806715 ], [ 331376.903057437506504, 6320056.622544208541512 ], [ 331376.03804759477498, 6320056.731677113100886 ], [ 331375.171266344666947, 6320056.82571052853018 ], [ 331374.302977241342887, 6320056.904615864157677 ], [ 331373.433444297581445, 6320056.968369127251208 ], [ 331372.562931904220022, 6320057.016950933262706 ], [ 331371.69170474994462, 6320057.050346509553492 ], [ 331370.820027740846854, 6320057.068545702844858 ], [ 331369.948165919689927, 6320057.071542979218066 ], [ 331369.076384385465644, 6320057.059337427839637 ], [ 331368.204948212835006, 6320057.031932758167386 ], [ 331367.334122371394187, 6320056.989337304607034 ], [ 331366.464171645056922, 6320056.931564018130302 ], [ 331365.595360551786143, 6320056.858630465343595 ], [ 331364.727953263034578, 6320056.770558822900057 ], [ 331363.862213523359969, 6320056.667375869117677 ], [ 331362.998404570156708, 6320056.549112978391349 ], [ 331362.136789054027759, 6320056.415806110017002 ], [ 331361.277628958458081, 6320056.267495796084404 ], [ 331360.421185520244762, 6320056.104227134026587 ], [ 331359.567719150392804, 6320055.926049766130745 ], [ 331358.717489354545251, 6320055.733017870225012 ], [ 331357.870754654228222, 6320055.52519013825804 ], [ 331357.027772508328781, 6320055.302629763260484 ], [ 331356.188799234631006, 6320055.06540441699326 ], [ 331355.354089932050556, 6320054.813586230389774 ], [ 331354.523898402927443, 6320054.547251771204174 ], [ 331353.698477076017298, 6320054.266482022590935 ], [ 331352.878076929657254, 6320053.971362354233861 ], [ 331352.062947415222879, 6320053.66198250092566 ], [ 331351.253336381807458, 6320053.338436532765627 ], [ 331350.449490000260994, 6320053.000822828151286 ], [ 331349.651652688859031, 6320052.649244041182101 ], [ 331306.329015153809451, 6320033.105664778500795 ], [ 331164.301024998072535, 6319969.03442071005702 ], [ 331196.578913602686953, 6319896.645408884622157 ], [ 331200.41337701579323, 6319888.316408207640052 ], [ 331204.374990351730958, 6319880.047128812409937 ], [ 331208.462823761161417, 6319871.839511621743441 ], [ 331212.67591776890913, 6319863.695483083836734 ], [ 331217.013283499283716, 6319855.616954724304378 ], [ 331371.876320266281255, 6319840.060732280835509 ], [ 331373.610228857025504, 6319839.901793372817338 ], [ 331375.346641917480156, 6319839.773067846894264 ], [ 331377.085033019189723, 6319839.674594729207456 ], [ 331378.824875134101603, 6319839.606403873302042 ], [ 331380.565640794113278, 6319839.568515952676535 ], [ 331382.306802251201589, 6319839.56094245519489 ], [ 331384.047831637377385, 6319839.583685674704611 ], [ 331385.788201124581974, 6319839.636738717556 ], [ 331387.527383085049223, 6319839.720085499808192 ], [ 331389.264850250736345, 6319839.833700752817094 ], [ 331391.000075873686001, 6319839.977550030685961 ], [ 331392.732533885457087, 6319840.151589725166559 ], [ 331394.461699056613725, 6319840.355767070315778 ], [ 331396.187047156097833, 6319840.590020166710019 ], [ 331397.908055110019632, 6319840.854277995415032 ], [ 331399.624201160215307, 6319841.148460442200303 ], [ 331401.334965022746474, 6319841.472478318959475 ], [ 331403.039828045060858, 6319841.826233393512666 ], [ 331404.738273363851476, 6319842.209618417546153 ], [ 331406.429786061285995, 6319842.622517160139978 ], [ 331408.113853321410716, 6319843.064804443158209 ], [ 331409.789964585448615, 6319843.536346178501844 ], [ 331411.457611706631724, 6319844.036999409087002 ], [ 331413.116289104276802, 6319844.56661235075444 ], [ 331414.765493917104322, 6319845.125024440698326 ], [ 331416.404726155567914, 6319845.712066386826336 ], [ 331418.033488853543531, 6319846.327560213394463 ], [ 331419.651288218912669, 6319846.971319323405623 ], [ 331421.257633783447091, 6319847.643148546107113 ], [ 331422.85203855112195, 6319848.342844204045832 ], [ 331424.434019146312494, 6319849.070194170810282 ], [ 331426.003095959720667, 6319849.824977935291827 ], [ 331427.55879329435993, 6319850.606966669671237 ], [ 331429.100639509269968, 6319851.415923298336565 ], [ 331430.628167162940372, 6319852.251602570526302 ], [ 331432.140913154697046, 6319853.113751131109893 ], [ 331433.638418865215499, 6319854.002107605338097 ], [ 331439.858732550928835, 6319857.765741181559861 ], [ 331465.538161701289937, 6319873.303215118125081 ], [ 331466.274525615968741, 6319873.757505754940212 ], [ 331467.002918315527495, 6319874.224470285698771 ], [ 331467.723121686722152, 6319874.703968879766762 ], [ 331468.43492006836459, 6319875.195857954211533 ], [ 331469.138100316282362, 6319875.699990214779973 ], [ 331469.832451866765041, 6319876.21621470246464 ], [ 331470.517766799952369, 6319876.7443768363446 ], [ 331471.193839901941828, 6319877.284318462014198 ], [ 331471.860468726139516, 6319877.835877894423902 ], [ 331472.517453654145356, 6319878.398889974690974 ], [ 331473.164597955241334, 6319878.973186110146344 ], [ 331473.801707845472265, 6319879.558594331145287 ], [ 331474.428592545678839, 6319880.154939340427518 ], [ 331475.045064338482916, 6319880.762042565271258 ], [ 331475.650938624807168, 6319881.379722213372588 ], [ 331476.246033978648484, 6319882.007793321274221 ], [ 331476.830172201909591, 6319882.646067818626761 ], [ 331477.403178377484437, 6319883.294354576617479 ], [ 331477.964880921703298, 6319883.952459468506277 ], [ 331478.515111635671929, 6319884.620185430161655 ], [ 331479.05370575573761, 6319885.29733251221478 ], [ 331479.580502002732828, 6319885.983697948046029 ], [ 331480.095342630287632, 6319886.679076209664345 ], [ 331480.598073472094256, 6319887.383259067311883 ], [ 331481.088543988065794, 6319888.096035660244524 ], [ 331481.566607309447136, 6319888.817192548885942 ], [ 331482.032120282645337, 6319889.546513787470758 ], [ 331482.484943512245081, 6319890.283780984580517 ], [ 331482.924941402743571, 6319891.028773370198905 ], [ 331483.351982199121267, 6319891.781267859041691 ], [ 331483.76593802619027, 6319892.541039121337235 ], [ 331484.166684927185997, 6319893.307859647087753 ], [ 331484.554102900438011, 6319894.081499815918505 ], [ 331484.928075935749803, 6319894.861727966926992 ], [ 331485.288492048857734, 6319895.64831046294421 ], [ 331485.635243315075058, 6319896.44101176597178 ], [ 331485.968225901597179, 6319897.239594507031143 ], [ 331486.287340098409913, 6319898.043819555081427 ], [ 331486.592490348615684, 6319898.853446087799966 ], [ 331486.883585276489612, 6319899.668231667019427 ], [ 331487.160537715244573, 6319900.487932310439646 ], [ 331487.423264732875396, 6319901.312302561476827 ], [ 331487.671687657188158, 6319902.141095568425953 ], [ 331487.905732099257875, 6319902.974063153378665 ], [ 331488.12532797572203, 6319903.810955887660384 ], [ 331488.330409529735334, 6319904.651523168198764 ], [ 331488.520915350702126, 6319905.4955132920295 ], [ 331488.696788392728195, 6319906.342673531733453 ], [ 331488.857975991501007, 6319907.192750208079815 ], [ 331489.004429880180396, 6319908.045488770119846 ], [ 331489.136106204066891, 6319908.900633870624006 ], [ 331489.25296553329099, 6319909.757929441519082 ], [ 331489.354972874978557, 6319910.617118768393993 ], [ 331489.442097683553584, 6319911.477944572456181 ], [ 331489.514313869934995, 6319912.340149084106088 ], [ 331489.571599809394684, 6319913.203474120236933 ], [ 331489.613938347902149, 6319914.067661164328456 ], [ 331489.641316807479598, 6319914.932451437227428 ], [ 331489.653726989810821, 6319915.797585984691978 ], [ 331489.651165178627707, 6319916.662805745378137 ], [ 331489.633632141165435, 6319917.527851634658873 ], [ 331489.601133127522189, 6319918.392464618198574 ], [ 331489.553677869378589, 6319919.256385792978108 ], [ 331489.491280576970894, 6319920.119356461800635 ], [ 331489.413959934783634, 6319920.981118213385344 ], [ 331489.321739096136298, 6319921.84141299687326 ], [ 331489.214645676082, 6319922.699983201920986 ], [ 331489.09271174314199, 6319923.556571734137833 ], [ 331488.955973809817806, 6319924.41092209238559 ], [ 331488.804472821531817, 6319925.262778447009623 ], [ 331488.638254144461825, 6319926.111885712482035 ], [ 331488.45736755192047, 6319926.957989629358053 ], [ 331488.261867209454067, 6319927.800836835987866 ], [ 331488.051811658544466, 6319928.640174945816398 ], [ 331487.827263799321372, 6319929.475752624683082 ], [ 331487.58829087135382, 6319930.307319661602378 ], [ 331487.334964433917776, 6319931.134627049788833 ], [ 331487.067360344226472, 6319931.957427054643631 ], [ 331486.785558734845836, 6319932.775473294779658 ], [ 331486.489643989887554, 6319933.588520809076726 ], [ 331486.179704719455913, 6319934.396326135843992 ], [ 331485.855833733163308, 6319935.198647381737828 ], [ 331485.518128012481611, 6319935.995244296267629 ], [ 331485.166688681638334, 6319936.785878342576325 ], [ 331484.80162097729044, 6319937.570312768220901 ], [ 331484.423034216975793, 6319938.348312679678202 ], [ 331484.031041766516864, 6319939.119645109400153 ], [ 331483.62576100602746, 6319939.884079084731638 ], [ 331483.20731329463888, 6319940.641385700553656 ], [ 331482.775823934352957, 6319941.391338185407221 ], [ 331482.331422132381704, 6319942.133711969479918 ], [ 331481.874240962439217, 6319942.868284753523767 ], [ 331481.404417325102258, 6319943.594836574047804 ], [ 331480.922091906482819, 6319944.313149867579341 ], [ 331480.427409136376809, 6319945.023009540513158 ], [ 331479.920517145073973, 6319945.724203027784824 ], [ 331479.401567718246952, 6319946.416520360857248 ] ] ] ] } },
{ "type": "Feature", "properties": { "fid": "95", "Area": 29687.153 }, "geometry": { "type": "MultiPolygon", "coordinates": [ [ [ [ 331575.724399490805808, 6319769.650744807906449 ], [ 331564.190895273175556, 6319777.516940796747804 ], [ 331562.773104452062398, 6319778.466296268627048 ], [ 331561.339321904000826, 6319779.391322879120708 ], [ 331559.88996506127296, 6319780.291751314885914 ], [ 331558.425455890712328, 6319781.167319423519075 ], [ 331556.946220770420041, 6319782.017772293649614 ], [ 331555.452690365898889, 6319782.842862322926521 ], [ 331553.945299504615832, 6319783.642349293455482 ], [ 331552.424487049342133, 6319784.416000442579389 ], [ 331550.89069577032933, 6319785.163590529002249 ], [ 331549.344372216728516, 6319785.884901898913085 ], [ 331547.785966586088762, 6319786.579724548384547 ], [ 331546.215932593680918, 6319787.247856188565493 ], [ 331544.634727340308018, 6319787.889102296903729 ], [ 331543.04281117906794, 6319788.503276181407273 ], [ 331541.440647581417579, 6319789.090199030935764 ], [ 331539.828703002480324, 6319789.649699968285859 ], [ 331538.207446744781919, 6319790.181616100482643 ], [ 331536.577350821928121, 6319790.685792564414442 ], [ 331534.93888982111821, 6319791.16208257433027 ], [ 331533.292540765018202, 6319791.610347463749349 ], [ 331531.638782972760964, 6319792.030456721782684 ], [ 331529.978097920538858, 6319792.422288040630519 ], [ 331528.310969101206865, 6319792.785727340728045 ], [ 331526.637881883769296, 6319793.120668809860945 ], [ 331524.959323372051585, 6319793.427014932967722 ], [ 331523.275782262557186, 6319793.704676521010697 ], [ 331521.587748702615499, 6319793.953572735190392 ], [ 331519.895714147482067, 6319794.173631112091243 ], [ 331518.200171217147727, 6319794.364787582308054 ], [ 331516.501613553089555, 6319794.526986493729055 ], [ 331514.800535674614366, 6319794.660180622711778 ], [ 331513.097432834561914, 6319794.764331192709506 ], [ 331511.392800875473768, 6319794.839407878927886 ], [ 331509.687136085005477, 6319794.885388825088739 ], [ 331507.980935051571578, 6319794.902260644361377 ], [ 331506.274694519641344, 6319794.890018424019217 ], [ 331504.568911245209165, 6319794.848665728233755 ], [ 331502.864081851090305, 6319794.77821459621191 ], [ 331501.160702682565898, 6319794.67868554033339 ], [ 331499.459269662504084, 6319794.550107535906136 ], [ 331497.760278147237841, 6319794.392518019303679 ], [ 331496.064222782326397, 6319794.205962869338691 ], [ 331494.371597358433064, 6319793.9904963998124 ], [ 331492.682894667610526, 6319793.74618134368211 ], [ 331489.038426154351328, 6319793.187129866331816 ], [ 331391.460510455013718, 6319778.218945139087737 ], [ 331389.780356052971911, 6319777.975792825222015 ], [ 331388.096316019305959, 6319777.761197794228792 ], [ 331386.408875701366924, 6319777.575221893377602 ], [ 331384.718521426606458, 6319777.417918721213937 ], [ 331383.025740362063516, 6319777.289333613589406 ], [ 331381.331020374433137, 6319777.189503628760576 ], [ 331379.634849889087491, 6319777.118457539007068 ], [ 331377.937717749446165, 6319777.076215818524361 ], [ 331376.240113076055422, 6319777.062790643423796 ], [ 331374.542525125783868, 6319777.078185882419348 ], [ 331372.845443150494248, 6319777.122397097758949 ], [ 331371.149356256413739, 6319777.195411548018456 ], [ 331369.454753262805752, 6319777.297208189964294 ], [ 331367.76212256134022, 6319777.427757686004043 ], [ 331366.071951975347474, 6319777.587022410705686 ], [ 331364.384728618955705, 6319777.774956462904811 ], [ 331362.70093875710154, 6319777.991505679674447 ], [ 331361.021067665016744, 6319778.236607651226223 ], [ 331359.345599488646258, 6319778.510191737674177 ], [ 331357.675017104833387, 6319778.812179090455174 ], [ 331356.009801982494537, 6319779.142482675611973 ], [ 331354.350434043502901, 6319779.50100729893893 ], [ 331352.697391524794511, 6319779.887649632059038 ], [ 331351.051150840008631, 6319780.302298242226243 ], [ 331349.412186442641541, 6319780.744833626784384 ], [ 331347.780970689142123, 6319781.215128244832158 ], [ 331260.486368202604353, 6319807.187542933039367 ], [ 331258.893668391101528, 6319807.64707800373435 ], [ 331257.293570098874625, 6319808.080149160698056 ], [ 331255.686513011460193, 6319808.486637400463223 ], [ 331254.072938726400025, 6319808.866431025788188 ], [ 331252.453290632169228, 6319809.219425674527884 ], [ 331250.828013786231168, 6319809.545524348504841 ], [ 331249.197554792801384, 6319809.844637441448867 ], [ 331247.56236167991301, 6319810.116682758554816 ], [ 331245.922883776715025, 6319810.361585548147559 ], [ 331244.279571589489933, 6319810.579278511926532 ], [ 331250.076447860861663, 6319802.05123701132834 ], [ 331256.019390050787479, 6319793.624333401210606 ], [ 331262.106634014344309, 6319785.301069181412458 ], [ 331268.336372770951129, 6319777.083915090188384 ], [ 331274.706757040810771, 6319768.975310364738107 ], [ 331281.215895794099197, 6319760.977662021294236 ], [ 331287.861856811970938, 6319753.093344138003886 ], [ 331294.642667260370217, 6319745.324697151780128 ], [ 331301.556314275541808, 6319737.674027161672711 ], [ 331308.600745561532676, 6319730.143605249002576 ], [ 331315.773869999626186, 6319722.735666794702411 ], [ 331323.07355826877756, 6319715.452410825528204 ], [ 331330.497643477923702, 6319708.295999354682863 ], [ 331374.980371230165474, 6319666.150294739753008 ], [ 331533.326677030883729, 6319679.424534125253558 ], [ 331556.115688177000266, 6319705.106946462765336 ], [ 331580.337607762077823, 6319732.404196106828749 ], [ 331580.622285438352264, 6319732.73067166749388 ], [ 331580.901263948762789, 6319733.062030479311943 ], [ 331581.174459542671684, 6319733.398173065856099 ], [ 331581.441790205659345, 6319733.738998516462743 ], [ 331581.703175683913287, 6319734.084404514171183 ], [ 331581.958537508384325, 6319734.434287365525961 ], [ 331582.207799018418882, 6319734.788542035035789 ], [ 331582.450885384518187, 6319735.147062174044549 ], [ 331582.687723631272092, 6319735.509740152396262 ], [ 331582.918242658721283, 6319735.87646709382534 ], [ 331583.142373264068738, 6319736.247132903896272 ], [ 331583.360048162401654, 6319736.621626308187842 ], [ 331583.571202006714884, 6319736.999834882095456 ], [ 331583.775771407817956, 6319737.381645085290074 ], [ 331583.973694953019731, 6319737.766942297108471 ], [ 331584.16491322487127, 6319738.155610850080848 ], [ 331584.349368818802759, 6319738.547534063458443 ], [ 331584.527006360469386, 6319738.942594280466437 ], [ 331584.697772522340529, 6319739.340672901831567 ], [ 331584.861616039648652, 6319739.741650423966348 ], [ 331585.018487725872546, 6319740.145406470634043 ], [ 331585.168340487522073, 6319740.551819832995534 ], [ 331585.311129338108003, 6319740.960768504068255 ], [ 331585.44681141176261, 6319741.372129715047777 ], [ 331585.575345976219978, 6319741.785779974423349 ], [ 331585.696694444806781, 6319742.201595102436841 ], [ 331585.810820388258435, 6319742.619450269266963 ], [ 331585.917689545429312, 6319743.039220032282174 ], [ 331586.017269833711907, 6319743.460778377018869 ], [ 331586.109531358757522, 6319743.88399874791503 ], [ 331586.19444642320741, 6319744.308754092082381 ], [ 331586.271989535191096, 6319744.734916898421943 ], [ 331586.342137416009791, 6319745.162359229288995 ], [ 331586.404869006830268, 6319745.590952764265239 ], [ 331586.46016547549516, 6319746.020568839274347 ], [ 331586.508010221703444, 6319746.451078481040895 ], [ 331586.548388882307336, 6319746.882352448068559 ], [ 331586.581289335386828, 6319747.314261271618307 ], [ 331586.6067017041496, 6319747.746675289236009 ], [ 331586.624618359608576, 6319748.179464689455926 ], [ 331586.635033923201263, 6319748.612499546259642 ], [ 331586.637945268128533, 6319749.045649860985577 ], [ 331586.633351520344149, 6319749.47878560051322 ], [ 331586.621254058904015, 6319749.911776735447347 ], [ 331586.601656515558716, 6319750.344493279233575 ], [ 331586.574564773531165, 6319750.77680532913655 ], [ 331586.539986965886783, 6319751.208583103492856 ], [ 331586.497933473088779, 6319751.639696980826557 ], [ 331586.44841691973852, 6319752.070017538033426 ], [ 331586.391452170850243, 6319752.499415592290461 ], [ 331586.327056327601895, 6319752.92776223551482 ], [ 331586.255248721863609, 6319753.354928876273334 ], [ 331586.176050910493359, 6319753.780787277035415 ], [ 331586.089486669166945, 6319754.205209594219923 ], [ 331585.995581984694581, 6319754.628068414516747 ], [ 331585.894365047803149, 6319755.049236793071032 ], [ 331585.785866244114004, 6319755.468588293530047 ], [ 331585.670118145470042, 6319755.885997024364769 ], [ 331585.54715550004039, 6319756.301337678916752 ], [ 331585.4170152216102, 6319756.714485568925738 ], [ 331585.279736378928646, 6319757.125316666439176 ], [ 331585.135360183659941, 6319757.53370763733983 ], [ 331584.983929978159722, 6319757.93953588232398 ], [ 331584.82549122243654, 6319758.342679568566382 ], [ 331584.660091480414849, 6319758.743017671629786 ], [ 331584.48778040590696, 6319759.14043000806123 ], [ 331584.308609727362636, 6319759.534797271713614 ], [ 331584.122633232618682, 6319759.926001073792577 ], [ 331583.9299067526008, 6319760.313923972658813 ], [ 331583.730488144617993, 6319760.69844951108098 ], [ 331583.52443727501668, 6319761.079462254419923 ], [ 331583.311816001078114, 6319761.456847819499671 ], [ 331583.092688152682967, 6319761.830492915585637 ], [ 331582.867119512928184, 6319762.200285370461643 ], [ 331582.635177798510995, 6319762.566114172339439 ], [ 331582.396932639298029, 6319762.927869497798383 ], [ 331582.152455557486974, 6319763.285442746244371 ], [ 331581.901819946127944, 6319763.638726571574807 ], [ 331581.645101047179196, 6319763.987614918500185 ], [ 331581.382375928689726, 6319764.332003046758473 ], [ 331581.113723461923655, 6319764.671787572093308 ], [ 331580.839224297378678, 6319765.006866487674415 ], [ 331580.558960841037333, 6319765.337139203213155 ], [ 331580.273017229046673, 6319765.662506567314267 ], [ 331579.981479302980006, 6319765.982870905660093 ], [ 331579.684434583759867, 6319766.298136041499674 ], [ 331579.381972245464567, 6319766.608207331970334 ], [ 331579.07418308861088, 6319766.912991692312062 ], [ 331578.761159512738232, 6319767.212397623807192 ], [ 331578.442995488992892, 6319767.506335245445371 ], [ 331578.1197865314316, 6319767.794716314412653 ], [ 331577.791629668849055, 6319768.077454258687794 ], [ 331577.458623415324837, 6319768.354464197531343 ], [ 331577.120867740770336, 6319768.625662972219288 ], [ 331576.778464040893596, 6319768.890969168394804 ], [ 331576.431515106698498, 6319769.150303138419986 ], [ 331576.080125093751121, 6319769.403587031178176 ], [ 331575.724399490805808, 6319769.650744807906449 ] ] ] ] } },
{ "type": "Feature", "properties": { "fid": "96", "Area": 38407.489 }, "geometry": { "type": "MultiPolygon", "coordinates": [ [ [ [ 331433.803432470245752, 6319567.26534531172365 ], [ 331441.656110625015572, 6319576.115036816336215 ], [ 331371.48339136649156, 6319642.601038187742233 ], [ 331371.343084706692025, 6319642.731672214344144 ], [ 331371.200522774364799, 6319642.859841254539788 ], [ 331371.055748869664967, 6319642.985506381839514 ], [ 331370.908806964696851, 6319643.108629426918924 ], [ 331370.759741689893417, 6319643.229172993451357 ], [ 331370.608598320686724, 6319643.34710046928376 ], [ 331370.455422763770912, 6319643.462376035749912 ], [ 331370.300261543015949, 6319643.574964681640267 ], [ 331370.143161785323173, 6319643.684832209721208 ], [ 331369.984171206422616, 6319643.791945250704885 ], [ 331369.82333809643751, 6319643.896271269768476 ], [ 331369.660711304983124, 6319643.99777858145535 ], [ 331369.49634022655664, 6319644.096436354331672 ], [ 331369.33027478546137, 6319644.192214623093605 ], [ 331369.16256542049814, 6319644.285084298811853 ], [ 331368.993263069889508, 6319644.375017171725631 ], [ 331368.822419155738316, 6319644.46198592800647 ], [ 331368.650085568195209, 6319644.545964152552187 ], [ 331098.192097309918609, 6319621.873353879898787 ], [ 331095.891901654540561, 6319621.312420686706901 ], [ 331093.601593768631574, 6319620.712390781380236 ], [ 331091.321838132687844, 6319620.073438247665763 ], [ 331089.05329616565723, 6319619.395748463459313 ], [ 331086.796626033086795, 6319618.679518044926226 ], [ 331084.55248245614348, 6319617.924954789690673 ], [ 331082.321516521798912, 6319617.132277617231011 ], [ 331080.104375493712723, 6319616.301716504618526 ], [ 331077.901702624687459, 6319615.433512420393527 ], [ 331075.714136969763786, 6319614.527917253784835 ], [ 331073.542313201236539, 6319613.585193742997944 ], [ 331071.386861423903611, 6319612.605615396983922 ], [ 331069.248406992875971, 6319611.589466418139637 ], [ 331067.127570331795141, 6319610.537041619420052 ], [ 331065.024966752855107, 6319609.448646337725222 ], [ 331062.941206278337631, 6319608.324596345424652 ], [ 331060.876893463777378, 6319607.165217760950327 ], [ 331058.832627222232986, 6319605.97084695007652 ], [ 331056.809000650828239, 6319604.741830432787538 ], [ 331054.806600858457386, 6319603.478524780832231 ], [ 331052.826008795585949, 6319602.181296511553228 ], [ 331050.867799085797742, 6319600.850521988235414 ], [ 331048.932539858738892, 6319599.486587303690612 ], [ 331047.020792585681193, 6319598.089888172224164 ], [ 331043.241836689645424, 6319594.963046534918249 ], [ 331043.096171120589133, 6319594.840378100052476 ], [ 331042.952650985738728, 6319594.715206323191524 ], [ 331042.811319300846662, 6319594.587568719871342 ], [ 331042.672218425781466, 6319594.457503546029329 ], [ 331042.535390051605646, 6319594.325049784034491 ], [ 331042.400875188410282, 6319594.190247134305537 ], [ 331042.2687141529168, 6319594.053135997615755 ], [ 331042.138946556253359, 6319593.913757471367717 ], [ 331042.011611292313319, 6319593.77215332724154 ], [ 331041.886746525764465, 6319593.628366008400917 ], [ 331041.764389681105968, 6319593.482438610866666 ], [ 331041.644577430852223, 6319593.334414870478213 ], [ 331041.527345685171895, 6319593.18433915451169 ], [ 331041.412729580537416, 6319593.032256441190839 ], [ 331041.300763469655067, 6319592.878212315030396 ], [ 331041.19148091081297, 6319592.722252944484353 ], [ 331041.084914658160415, 6319592.564425073564053 ], [ 331040.981096651637927, 6319592.404776006937027 ], [ 331040.880058007373009, 6319592.243353595025837 ], [ 331040.781829008657951, 6319592.080206217244267 ], [ 331040.686439096520189, 6319591.91538277361542 ], [ 331040.593916861223988, 6319591.74893266428262 ], [ 331040.504290033364668, 6319591.580905777402222 ], [ 331040.417585475894157, 6319591.411352474242449 ], [ 331040.333829175739083, 6319591.240323573350906 ], [ 331040.253046236291993, 6319591.067870333790779 ], [ 331040.175260869727936, 6319590.894044444896281 ], [ 331040.100496389786713, 6319590.718898004852235 ], [ 331040.02877520484617, 6319590.542483508586884 ], [ 331039.960118811111897, 6319590.364853831008077 ], [ 331039.894547786156181, 6319590.18606221023947 ], [ 331039.832081782864407, 6319590.006162234582007 ], [ 331039.772739523556083, 6319589.825207822024822 ], [ 331039.71653879416408, 6319589.643253210000694 ], [ 331039.663496439170558, 6319589.460352932102978 ], [ 331039.613628356368281, 6319589.276561808772385 ], [ 331039.566949492145795, 6319589.091934924013913 ], [ 331039.523473837063648, 6319588.906527614220977 ], [ 331039.483214421605226, 6319588.720395450480282 ], [ 331039.446183312276844, 6319588.533594219945371 ], [ 331039.412391608057078, 6319588.346179910004139 ], [ 331039.381849436846096, 6319588.158208692446351 ], [ 331039.354565952788107, 6319587.969736904837191 ], [ 331039.33054933330277, 6319587.780821038410068 ], [ 331039.309806776524056, 6319587.591517711989582 ], [ 331039.292344499495812, 6319587.401883664540946 ], [ 331039.278167735901661, 6319587.211975733749568 ], [ 331039.267280734900851, 6319587.021850837394595 ], [ 331039.259686759382021, 6319586.8315659603104 ], [ 331039.255388085555751, 6319586.641178134828806 ], [ 331039.2543860017322, 6319586.450744422152638 ], [ 331039.2566808082629, 6319586.260321900248528 ], [ 331039.262271817366127, 6319586.069967642426491 ], [ 331039.271157353301533, 6319585.879738701507449 ], [ 331039.283334752952214, 6319585.689692091196775 ], [ 331039.298800366406795, 6319585.499884773977101 ], [ 331039.31754955847282, 6319585.310373637825251 ], [ 331039.339576709491666, 6319585.121215483173728 ], [ 331039.364875217666849, 6319584.932467004284263 ], [ 331039.393437500461005, 6319584.744184771552682 ], [ 331039.425254997273441, 6319584.556425218470395 ], [ 331039.460318171710242, 6319584.369244619272649 ], [ 331039.498616514727473, 6319584.182699075900018 ], [ 331039.540138547599781, 6319583.996844499371946 ], [ 331039.584871825354639, 6319583.811736593022943 ], [ 331039.632802940614056, 6319583.627430838532746 ], [ 331039.683917527436279, 6319583.443982475437224 ], [ 331039.738200265855994, 6319583.261446487158537 ], [ 331039.795634886308108, 6319583.079877581447363 ], [ 331039.856204174517188, 6319582.89933018013835 ], [ 331039.919889976736158, 6319582.719858394935727 ], [ 331039.986673205101397, 6319582.541516019031405 ], [ 331040.056533843453508, 6319582.364356502890587 ], [ 331040.129450953158084, 6319582.18843294493854 ], [ 331040.205402679624967, 6319582.013798073865473 ], [ 331040.284366258652881, 6319581.840504230931401 ], [ 331040.366318023356143, 6319581.668603355064988 ], [ 331040.451233411266003, 6319581.498146967962384 ], [ 331040.539086971548386, 6319581.329186159186065 ], [ 331040.629852372920141, 6319581.161771569401026 ], [ 331040.723502411157824, 6319580.995953376404941 ], [ 331040.820009017596021, 6319580.83178127836436 ], [ 331040.91934326745104, 6319580.669304480776191 ], [ 331041.021475388202816, 6319580.508571681566536 ], [ 331041.126374769082759, 6319580.349631054326892 ], [ 331041.234009969630279, 6319580.192530238069594 ], [ 331041.344348729529884, 6319580.037316317670047 ], [ 331041.457357978273649, 6319579.884035814553499 ], [ 331041.573003844649065, 6319579.732734669931233 ], [ 331041.691251667565666, 6319579.583458230830729 ], [ 331041.812066005833913, 6319579.436251237988472 ], [ 331041.935410649050027, 6319579.291157813742757 ], [ 331042.061248628247995, 6319579.148221443407238 ], [ 331107.744696899782866, 6319505.829468028619885 ], [ 331110.6076540647191, 6319502.633709489367902 ], [ 331125.430493524298072, 6319486.087801766581833 ], [ 331150.073521735728718, 6319501.565420811995864 ], [ 331150.813546510529704, 6319502.021289358846843 ], [ 331151.561383701104205, 6319502.464225399307907 ], [ 331152.316807325347327, 6319502.894095086492598 ], [ 331153.079589108354412, 6319503.310768521390855 ], [ 331153.849498551979195, 6319503.714119792915881 ], [ 331154.626303004042711, 6319504.104027016088367 ], [ 331155.409767728997394, 6319504.480372368358076 ], [ 331156.199655978474766, 6319504.843042125925422 ], [ 331156.995729063288309, 6319505.191926696337759 ], [ 331157.797746425087098, 6319505.52692065294832 ], [ 331158.605465709406417, 6319505.8479227675125 ], [ 331159.418642838660162, 6319506.154836039058864 ], [ 331160.237032086239196, 6319506.447567722760141 ], [ 331161.060386150144041, 6319506.726029363460839 ], [ 331161.888456228538416, 6319506.990136813372374 ], [ 331162.72099209408043, 6319507.239810263738036 ], [ 331163.557742170291021, 6319507.474974269978702 ], [ 331164.398453607049305, 6319507.695557768456638 ], [ 331165.242872357252054, 6319507.901494103483856 ], [ 331166.090743253414985, 6319508.09272104408592 ], [ 331166.941810085088946, 6319508.269180806353688 ], [ 331167.795815675810445, 6319508.430820067413151 ], [ 331405.275354107434396, 6319551.244414801709354 ], [ 331406.115140649257228, 6319551.403236707672477 ], [ 331406.952089787402656, 6319551.57638974301517 ], [ 331407.78595697687706, 6319551.763823315501213 ], [ 331408.616498573042918, 6319551.965482658706605 ], [ 331409.443471902923193, 6319552.181308850646019 ], [ 331410.266635336331092, 6319552.411238830536604 ], [ 331411.085748356068507, 6319552.655205414630473 ], [ 331411.900571628590114, 6319552.913137321360409 ], [ 331412.710867073561531, 6319553.184959184378386 ], [ 331413.516397933824919, 6319553.470591582357883 ], [ 331414.316928844200447, 6319553.769951057620347 ], [ 331415.112225900578778, 6319554.082950140349567 ], [ 331415.902056727965828, 6319554.409497376531363 ], [ 331416.686190548585728, 6319554.749497354961932 ], [ 331417.464398249285296, 6319555.102850730530918 ], [ 331418.236452448414639, 6319555.469454258680344 ], [ 331419.002127562242094, 6319555.849200824275613 ], [ 331419.761199870961718, 6319556.241979468613863 ], [ 331420.513447584118694, 6319556.647675428539515 ], [ 331421.258650905103423, 6319557.066170164383948 ], [ 331421.996592095703818, 6319557.497341398149729 ], [ 331422.727055539609864, 6319557.941063147038221 ], [ 331423.449827805394307, 6319558.397205762565136 ], [ 331424.164697708911262, 6319558.865635965019464 ], [ 331424.871456374879926, 6319559.346216886304319 ], [ 331425.569897298119031, 6319559.838808106258512 ], [ 331426.259816403675359, 6319560.343265697360039 ], [ 331426.941012106719427, 6319560.859442263841629 ], [ 331427.613285371102393, 6319561.387186986394227 ], [ 331428.276439767738339, 6319561.926345664076507 ], [ 331428.930281532055233, 6319562.476760762743652 ], [ 331429.574619620398153, 6319563.038271458819509 ], [ 331430.20926576590864, 6319563.61071368586272 ], [ 331430.83403453376377, 6319564.193920184858143 ], [ 331431.448743375018239, 6319564.787720549851656 ], [ 331432.053212680155411, 6319565.391941281966865 ], [ 331432.647265831532422, 6319566.006405835039914 ], [ 331433.230729254835751, 6319566.630934671498835 ], [ 331433.803432470245752, 6319567.26534531172365 ] ] ] ] } },
{ "type": "Feature", "properties": { "fid": "97", "Area": 40136.069 }, "geometry": { "type": "MultiPolygon", "coordinates": [ [ [ [ 331545.809245932847261, 6319459.996004565618932 ], [ 331545.959261149109807, 6319460.114786204881966 ], [ 331546.107187519490253, 6319460.236159314401448 ], [ 331546.252980282646604, 6319460.36008716840297 ], [ 331546.396595322876237, 6319460.486532268114388 ], [ 331546.537989183329046, 6319460.615456350147724 ], [ 331546.677119079453405, 6319460.746820405125618 ], [ 331546.813942911510821, 6319460.88058468233794 ], [ 331546.948419277789071, 6319461.016708705574274 ], [ 331547.080507486767601, 6319461.155151285231113 ], [ 331547.210167569632176, 6319461.295870530419052 ], [ 331547.33736029220745, 6319461.43882385827601 ], [ 331547.462047167005949, 6319461.583968014456332 ], [ 331547.584190464753192, 6319461.731259079650044 ], [ 331547.703753225912806, 6319461.880652482621372 ], [ 331547.820699271687772, 6319462.03210301976651 ], [ 331547.934993215138093, 6319462.185564863495529 ], [ 331548.046600471832789, 6319462.340991576202214 ], [ 331548.155487270269077, 6319462.498336127959192 ], [ 331548.261620662233327, 6319462.657550907693803 ], [ 331548.364968532521743, 6319462.818587737157941 ], [ 331548.465499608893879, 6319462.981397889554501 ], [ 331548.563183471502271, 6319463.145932097919285 ], [ 331548.65799056191463, 6319463.312140576541424 ], [ 331548.749892192310654, 6319463.479973032139242 ], [ 331548.838860553922132, 6319463.649378680624068 ], [ 331548.924868725647684, 6319463.820306259207428 ], [ 331549.007890682143625, 6319463.992704047821462 ], [ 331549.087901301623788, 6319464.1665198802948 ], [ 331549.164876373426523, 6319464.341701161116362 ], [ 331549.238792605523486, 6319464.518194882199168 ], [ 331549.309627631562762, 6319464.695947637781501 ], [ 331549.377360017271712, 6319464.874905640259385 ], [ 331549.441969267441891, 6319465.055014739744365 ], [ 331549.503435831808019, 6319465.236220435239375 ], [ 331549.561741111101583, 6319465.418467896990478 ], [ 331549.61686746252235, 6319465.601701977662742 ], [ 331549.668798205384519, 6319465.78586723189801 ], [ 331549.717517625831533, 6319465.970907932147384 ], [ 331549.763010981725529, 6319466.156768088229001 ], [ 331549.805264507071115, 6319466.343391458503902 ], [ 331549.844265416439157, 6319466.530721573159099 ], [ 331549.88000190834282, 6319466.718701748177409 ], [ 331549.912463169195689, 6319466.907275101169944 ], [ 331549.941639376571402, 6319467.096384570933878 ], [ 331549.967521701881196, 6319467.285972936078906 ], [ 331549.99010231345892, 6319467.47598282713443 ], [ 331550.009374378423672, 6319467.66635674983263 ], [ 331550.025332065357361, 6319467.857037098146975 ], [ 331550.03797054552706, 6319468.047966172918677 ], [ 331550.047285994573031, 6319468.239086201414466 ], [ 331550.053275593789294, 6319468.430339351296425 ], [ 331550.055937530763913, 6319468.621667752042413 ], [ 331550.055271000019275, 6319468.813013508915901 ], [ 331550.051276203186717, 6319469.004318721592426 ], [ 331550.043954349122941, 6319469.195525503717363 ], [ 331550.033307653327938, 6319469.38657599594444 ], [ 331550.019339337421115, 6319469.577412389218807 ], [ 331550.002053628093563, 6319469.767976937815547 ], [ 331549.98145575588569, 6319469.95821197796613 ], [ 331549.957551953557413, 6319470.148059946484864 ], [ 331549.930349454109091, 6319470.337463396601379 ], [ 331549.899856488977093, 6319470.526365015655756 ], [ 331549.866082284948789, 6319470.714707645587623 ], [ 331549.829037061834242, 6319470.902434293180704 ], [ 331549.788732029323, 6319471.089488155208528 ], [ 331549.745179383375216, 6319471.2758126296103 ], [ 331549.698392302612774, 6319471.461351336911321 ], [ 331549.648384944477584, 6319471.646048134192824 ], [ 331549.595172440749593, 6319471.829847133718431 ], [ 331549.538770893181209, 6319472.012692719697952 ], [ 331549.479197368433233, 6319472.194529564119875 ], [ 331549.416469892952591, 6319472.375302645377815 ], [ 331549.350607447559014, 6319472.554957261309028 ], [ 331549.281629961798899, 6319472.733439051546156 ], [ 331549.209558307600673, 6319472.910694007761776 ], [ 331549.134414293279406, 6319473.086668494157493 ], [ 331549.056220656901132, 6319473.261309263296425 ], [ 331548.97500105923973, 6319473.434563468210399 ], [ 331548.890780076617375, 6319473.606378685683012 ], [ 331548.803583193686791, 6319473.776702925562859 ], [ 331548.713436795573216, 6319473.945484647527337 ], [ 331548.620368159783538, 6319474.112672780640423 ], [ 331548.524405448231846, 6319474.278216735459864 ], [ 331548.425577698391862, 6319474.442066418007016 ], [ 331548.323914814856835, 6319474.604172251187265 ], [ 331548.219447559909895, 6319474.764485181309283 ], [ 331548.112207544618286, 6319474.922956698574126 ], [ 331548.002227218879852, 6319475.079538851976395 ], [ 331547.889539861876983, 6319475.234184261411428 ], [ 331547.77417957194848, 6319475.38684613071382 ], [ 331547.656181256170385, 6319475.53747826628387 ], [ 331547.535580619936809, 6319475.686035088263452 ], [ 331547.412414156075101, 6319475.832471644505858 ], [ 331547.286719133669976, 6319475.976743624545634 ], [ 331547.158533587178681, 6319476.118807372637093 ], [ 331547.027896304382011, 6319476.25861990172416 ], [ 331546.894846815266646, 6319476.396138904616237 ], [ 331546.759425379394088, 6319476.531322770752013 ], [ 331546.621672974666581, 6319476.664130593650043 ], [ 331495.685364198463503, 6319524.924359510652721 ], [ 331437.399300235731062, 6319476.050470213405788 ], [ 331436.739183743309695, 6319475.506499311886728 ], [ 331436.069858257716987, 6319474.973900475539267 ], [ 331435.391519665718079, 6319474.452829577960074 ], [ 331434.704366492282134, 6319473.943439117632806 ], [ 331434.008599841734394, 6319473.445878172293305 ], [ 331433.304423339490313, 6319472.960292362608016 ], [ 331432.592043072159868, 6319472.486823799088597 ], [ 331431.871667527128011, 6319472.02561105042696 ], [ 331431.143507532018702, 6319471.576789095066488 ], [ 331430.407776192354504, 6319471.14048928860575 ], [ 331429.664688829740044, 6319470.716839318163693 ], [ 331428.914462918532081, 6319470.305963171645999 ], [ 331428.157318022276741, 6319469.907981097698212 ], [ 331427.393475729506463, 6319469.523009569384158 ], [ 331426.623159588663839, 6319469.151161255314946 ], [ 331425.846595043083653, 6319468.792544981464744 ], [ 331425.064009364636149, 6319468.447265700437129 ], [ 331424.275631587370299, 6319468.115424464456737 ], [ 331423.481692440516781, 6319467.797118390910327 ], [ 331422.68242428090889, 6319467.492440635338426 ], [ 331421.878061024879571, 6319467.201480367220938 ], [ 331421.068838080100249, 6319466.924322738312185 ], [ 331420.254992276313715, 6319466.661048863083124 ], [ 331419.436761796299834, 6319466.411735792644322 ], [ 331418.614386106026359, 6319466.176456491462886 ], [ 331417.788105884683318, 6319465.955279816873372 ], [ 331416.958162954077125, 6319465.748270498588681 ], [ 331416.124800208082888, 6319465.555489121936262 ], [ 331415.288261541223619, 6319465.376992107369006 ], [ 331414.448791777773295, 6319465.212831691838801 ], [ 331413.606636599521153, 6319465.063055922277272 ], [ 331412.762042474467307, 6319464.927708629518747 ], [ 331411.915256584237795, 6319464.806829426437616 ], [ 331411.066526751907077, 6319464.700453690253198 ], [ 331410.216101369587705, 6319464.608612552285194 ], [ 331409.364229325437918, 6319464.531332891434431 ], [ 331408.511159931134898, 6319464.46863732393831 ], [ 331407.657142848765943, 6319464.420544199645519 ], [ 331406.802428017719649, 6319464.387067593634129 ], [ 331233.245205600513145, 6319459.075744261033833 ], [ 331232.392858754319604, 6319459.042380638420582 ], [ 331231.541205105488189, 6319458.994481370784342 ], [ 331230.690492522087879, 6319458.932060398161411 ], [ 331229.840968598262407, 6319458.855135886929929 ], [ 331228.992880582401995, 6319458.76373022608459 ], [ 331228.14647530473303, 6319458.65787001978606 ], [ 331227.301999105897266, 6319458.537586076185107 ], [ 331226.459697765007149, 6319458.402913403697312 ], [ 331225.619816428283229, 6319458.253891197964549 ], [ 331224.782599537575152, 6319458.090562831610441 ], [ 331223.948290759231895, 6319457.912975839339197 ], [ 331223.117132913263049, 6319457.721181906759739 ], [ 331222.289367902558297, 6319457.515236854553223 ], [ 331221.465236642630771, 6319457.295200621709228 ], [ 331220.644978991302196, 6319457.061137247830629 ], [ 331219.828833679202944, 6319456.813114855438471 ], [ 331219.017038239864632, 6319456.551205630414188 ], [ 331218.209828940918669, 6319456.275485799647868 ], [ 331217.407440715236589, 6319455.986035609617829 ], [ 331216.61010709265247, 6319455.682939301244915 ], [ 331215.818060131627135, 6319455.366285091266036 ], [ 331215.031530352251139, 6319455.036165137775242 ], [ 331170.454353076696862, 6319435.877513129264116 ], [ 331302.665685065090656, 6319288.559014133177698 ], [ 331302.842168774048332, 6319288.365782305598259 ], [ 331303.021996701601893, 6319288.17565877828747 ], [ 331303.20511411211919, 6319287.988701422698796 ], [ 331303.391465268621687, 6319287.804967143572867 ], [ 331303.580993450013921, 6319287.624511865898967 ], [ 331303.773640968021937, 6319287.447390515357256 ], [ 331303.969349185063038, 6319287.273657005280256 ], [ 331304.168058531766292, 6319287.103364215232432 ], [ 331304.369708525482565, 6319286.936563977971673 ], [ 331304.574237788387109, 6319286.773307065479457 ], [ 331304.781584066280629, 6319286.613643168471754 ], [ 331304.991684247448575, 6319286.457620886154473 ], [ 331305.204474382160697, 6319286.305287706665695 ], [ 331305.419889701646753, 6319286.156689998693764 ], [ 331305.637864638352767, 6319286.011872990056872 ], [ 331305.858332845498808, 6319285.870880761183798 ], [ 331306.081227217335254, 6319285.73375622741878 ], [ 331306.306479909806512, 6319285.600541125051677 ], [ 331306.534022360981908, 6319285.471276002936065 ], [ 331306.763785311894026, 6319285.346000206656754 ], [ 331306.995698827784508, 6319285.224751866422594 ], [ 331307.229692319291644, 6319285.107567887753248 ], [ 331307.465694563987199, 6319284.994483939372003 ], [ 331307.703633727971464, 6319284.885534441098571 ], [ 331307.943437387759332, 6319284.780752555467188 ], [ 331308.185032552457415, 6319284.680170174688101 ], [ 331308.42834568588296, 6319284.583817915059626 ], [ 331308.673302728740964, 6319284.491725102998316 ], [ 331308.919829121616203, 6319284.403919769451022 ], [ 331309.167849827324972, 6319284.32042864151299 ], [ 331309.417289353732485, 6319284.241277131251991 ], [ 331309.66807177697774, 6319284.166489331051707 ], [ 331309.920120764523745, 6319284.096088005229831 ], [ 331310.173359598091338, 6319284.030094580724835 ], [ 331310.427711197407916, 6319283.968529145233333 ], [ 331310.683098143490497, 6319283.91141043882817 ], [ 331310.939442702103406, 6319283.858755845576525 ], [ 331311.196666847681627, 6319283.810581394471228 ], [ 331311.454692286846694, 6319283.76690174639225 ], [ 331311.713440482330043, 6319283.727730197831988 ], [ 331311.972832676954567, 6319283.693078671582043 ], [ 331312.232789917325135, 6319283.662957714870572 ], [ 331312.493233078334015, 6319283.637376495637 ], [ 331312.754082886734977, 6319283.61634279973805 ], [ 331313.015259945590515, 6319283.599863030947745 ], [ 331313.276684758428019, 6319283.587942203506827 ], [ 331313.538277753279544, 6319283.580583947710693 ], [ 331313.799959306954406, 6319283.577790501527488 ], [ 331314.061649769428186, 6319283.579562715254724 ], [ 331314.323269487824291, 6319283.585900050587952 ], [ 331314.584738830919378, 6319283.596800578758121 ], [ 331314.845978213183116, 6319283.612260980531573 ], [ 331315.106908119167201, 6319283.632276550866663 ], [ 331315.367449127486907, 6319283.65684119798243 ], [ 331315.627521935210098, 6319283.685947444289923 ], [ 331315.887047381955199, 6319283.719586430117488 ], [ 331316.145946473814547, 6319283.757747917436063 ], [ 331316.404140407743398, 6319283.800420289859176 ], [ 331316.661550595134031, 6319283.847590559162199 ], [ 331316.918098685971927, 6319283.899244368076324 ], [ 331317.173706592642702, 6319283.955365994013846 ], [ 331317.428296513855457, 6319284.0159383546561 ], [ 331317.681790957984049, 6319284.0809430135414 ], [ 331317.93411276693223, 6319284.150360184721649 ], [ 331318.185185139474925, 6319284.224168738350272 ], [ 331318.434931654715911, 6319284.302346209995449 ], [ 331318.68327629531268, 6319284.384868802502751 ], [ 331318.930143470701296, 6319284.471711399964988 ], [ 331319.175458039913792, 6319284.562847566790879 ], [ 331319.419145334570203, 6319284.658249565400183 ], [ 331319.661131181695964, 6319284.757888356223702 ], [ 331319.901341926073655, 6319284.861733612604439 ], [ 331320.13970445288578, 6319284.969753724522889 ], [ 331320.376146209833678, 6319285.081915815360844 ], [ 331320.610595229256433, 6319285.19818574283272 ], [ 331320.842980150016956, 6319285.318528119474649 ], [ 331321.07323023932986, 6319285.442906313575804 ], [ 331321.301275414065458, 6319285.571282468736172 ], [ 331321.527046262403019, 6319285.703617509454489 ], [ 331321.750474064552691, 6319285.839871155098081 ], [ 331321.971490814117715, 6319285.980001934804022 ], [ 331322.190029238408897, 6319286.123967193998396 ], [ 331322.406022819166537, 6319286.271723113954067 ], [ 331322.619405812758487, 6319286.423224721103907 ], [ 331322.83011327002896, 6319286.578425901941955 ], [ 331323.038081056263763, 6319286.737279415130615 ], [ 331545.809245932847261, 6319459.996004565618932 ] ] ] ] } },
{ "type": "Feature", "properties": { "fid": "98", "Area": 50456.283 }, "geometry": { "type": "MultiPolygon", "coordinates": [ [ [ [ 331877.699188981205225, 6318966.7286989511922 ], [ 331839.488392290484626, 6319031.527040423825383 ], [ 331839.389434826909564, 6319031.691555446013808 ], [ 331839.287621252064127, 6319031.854318366385996 ], [ 331839.18298257922288, 6319032.015279604122043 ], [ 331839.075550682435278, 6319032.174390131607652 ], [ 331838.965358286455739, 6319032.33160147909075 ], [ 331838.852438956964761, 6319032.486865760758519 ], [ 331838.736827090266161, 6319032.640135681256652 ], [ 331838.618557902926113, 6319032.79136455245316 ], [ 331838.497667420771904, 6319032.940506308339536 ], [ 331838.374192468298133, 6319033.087515519931912 ], [ 331838.2481706571416, 6319033.232347406446934 ], [ 331838.119640374789014, 6319033.374957850202918 ], [ 331837.988640772819053, 6319033.515303410589695 ], [ 331837.855211754911579, 6319033.653341338038445 ], [ 331837.719393964915071, 6319033.789029584266245 ], [ 331837.58122877421556, 6319033.922326816245914 ], [ 331837.440758269221988, 6319034.053192432038486 ], [ 331837.298025238676928, 6319034.181586568243802 ], [ 331837.153073160443455, 6319034.307470113970339 ], [ 331837.005946188292, 6319034.430804724805057 ], [ 331836.856689138512593, 6319034.551552831195295 ], [ 331836.705347476294264, 6319034.669677652418613 ], [ 331836.551967301755212, 6319034.785143206827343 ], [ 331836.396595335914753, 6319034.897914322093129 ], [ 331836.239278906723484, 6319035.007956647314131 ], [ 331836.080065934162121, 6319035.115236661396921 ], [ 331835.919004916155245, 6319035.219721687026322 ], [ 331835.756144913320895, 6319035.32137989718467 ], [ 331835.591535534476861, 6319035.420180324465036 ], [ 331835.425226921215653, 6319035.516092875041068 ], [ 331835.25726973277051, 6319035.609088332392275 ], [ 331835.087715130473953, 6319035.699138367548585 ], [ 331834.916614762332756, 6319035.786215553060174 ], [ 331834.744020747253671, 6319035.870293362997472 ], [ 331834.569985658919904, 6319035.951346185989678 ], [ 331834.394562510133255, 6319036.02934933360666 ], [ 331834.217804736515973, 6319036.104279045015574 ], [ 331834.039766180212609, 6319036.176112495362759 ], [ 331833.860501073475461, 6319036.244827804155648 ], [ 331833.6800640221918, 6319036.310404039919376 ], [ 331833.498509989178274, 6319036.372821226716042 ], [ 331833.315894277649932, 6319036.432060352526605 ], [ 331833.132272514107171, 6319036.488103372976184 ], [ 331832.947700631397311, 6319036.54093321505934 ], [ 331832.762234852067195, 6319036.590533788315952 ], [ 331832.575931670668069, 6319036.636889982968569 ], [ 331832.38884783704998, 6319036.679987678304315 ], [ 331832.201040338666644, 6319036.719813746400177 ], [ 331832.012566383578815, 6319036.7563560558483 ], [ 331831.823483382700942, 6319036.789603475481272 ], [ 331831.633848932629917, 6319036.819545878097415 ], [ 331831.443720797833521, 6319036.846174143254757 ], [ 331831.253156893188134, 6319036.869480159133673 ], [ 331831.062215266225394, 6319036.889456827193499 ], [ 331830.8709540796699, 6319036.90609806124121 ], [ 331830.679431593569461, 6319036.919398793019354 ], [ 331830.487706147541758, 6319036.929354970343411 ], [ 331830.295836142904591, 6319036.935963560827076 ], [ 331830.103880025213584, 6319036.939222551882267 ], [ 331829.911896266101394, 6319036.939130950719118 ], [ 331829.719943345757201, 6319036.935688784345984 ], [ 331829.528079734824132, 6319036.928897102363408 ], [ 331829.33636387687875, 6319036.918757972307503 ], [ 331829.144854170328472, 6319036.905274484306574 ], [ 331828.953608951007482, 6319036.888450744561851 ], [ 331828.762686474015936, 6319036.86829187721014 ], [ 331828.572144896199461, 6319036.844804023392498 ], [ 331828.382042258279398, 6319036.817994338460267 ], [ 331828.192436467506923, 6319036.787870988249779 ], [ 331828.003385279560462, 6319036.75444314815104 ], [ 331827.814946281199809, 6319036.717721001245081 ], [ 331827.627176872920245, 6319036.677715733647346 ], [ 331827.440134251024574, 6319036.634439530782402 ], [ 331827.253875390451867, 6319036.58790557552129 ], [ 331827.068457027547993, 6319036.538128041662276 ], [ 331826.883935642486904, 6319036.485122092999518 ], [ 331826.700367442274, 6319036.428903875872493 ], [ 331826.517808343633078, 6319036.369490512646735 ], [ 331826.336313955718651, 6319036.306900103576481 ], [ 331826.15593956358498, 6319036.241151713766158 ], [ 331825.97674011089839, 6319036.172265370376408 ], [ 331825.798770183697343, 6319036.100262057036161 ], [ 331825.622083993221167, 6319036.02516370639205 ], [ 331825.446735359844752, 6319035.946993194520473 ], [ 331825.272777696489356, 6319035.865774332545698 ], [ 331825.100263992266264, 6319035.781531861051917 ], [ 331824.929246796644293, 6319035.69429144077003 ], [ 331824.759778202977031, 6319035.604079646058381 ], [ 331824.591909833136015, 6319035.510923956520855 ], [ 331824.425692821387202, 6319035.414852747693658 ], [ 331714.490724253002554, 6318970.58753408305347 ], [ 331710.345074383483734, 6318968.095906274393201 ], [ 331706.241704361571465, 6318965.535246898420155 ], [ 331702.181763560336549, 6318962.906273208558559 ], [ 331698.16638918814715, 6318960.209721590392292 ], [ 331694.196705970156472, 6318957.446347362361848 ], [ 331690.273825833108276, 6318954.616924557834864 ], [ 331686.398847594100516, 6318951.722245711833239 ], [ 331682.572856652550399, 6318948.763121636584401 ], [ 331678.796924686466809, 6318945.740381197072566 ], [ 331675.072109351982363, 6318942.654871077276766 ], [ 331639.264207013358828, 6318912.48401914909482 ], [ 331639.119225200091023, 6318912.359692945145071 ], [ 331638.976423787360545, 6318912.232868312858045 ], [ 331638.835845824098215, 6318912.103583482094109 ], [ 331638.697533688973635, 6318911.971877429634333 ], [ 331638.561529077764135, 6318911.837789858691394 ], [ 331638.427872990432661, 6318911.701361190527678 ], [ 331638.29660571902059, 6318911.562632554210722 ], [ 331638.167766835424118, 6318911.421645770780742 ], [ 331638.041395179578103, 6318911.278443342074752 ], [ 331637.917528847407084, 6318911.133068437688053 ], [ 331637.796205179824028, 6318910.985564882867038 ], [ 331637.677460751147009, 6318910.835977143608034 ], [ 331637.561331358097959, 6318910.684350314550102 ], [ 331637.447852009150665, 6318910.53073010686785 ], [ 331637.337056913820561, 6318910.375162828713655 ], [ 331637.228979472478386, 6318910.217695378698409 ], [ 331637.123652266163845, 6318910.05837522726506 ], [ 331637.021107046981342, 6318909.897250402718782 ], [ 331636.921374728146475, 6318909.734369478188455 ], [ 331636.824485375138465, 6318909.569781555794179 ], [ 331636.730468196212314, 6318909.403536251746118 ], [ 331636.639351533900481, 6318909.235683682374656 ], [ 331636.55116285616532, 6318909.066274450160563 ], [ 331636.465928748541046, 6318908.895359623245895 ], [ 331636.383674905751832, 6318908.722990727052093 ], [ 331636.304426123970188, 6318908.549219723790884 ], [ 331636.22820629371563, 6318908.374098997563124 ], [ 331636.155038392171264, 6318908.197681342251599 ], [ 331636.084944476606324, 6318908.020019939169288 ], [ 331636.017945677565876, 6318907.841168347746134 ], [ 331635.954062192584388, 6318907.661180483177304 ], [ 331635.893313280015718, 6318907.480110605247319 ], [ 331635.835717253154144, 6318907.298013298772275 ], [ 331635.781291475053877, 6318907.114943460561335 ], [ 331635.730052352882922, 6318906.930956277996302 ], [ 331635.682015333266463, 6318906.746107215993106 ], [ 331635.637194897397421, 6318906.560451999306679 ], [ 331635.595604556961916, 6318906.374046594835818 ], [ 331635.557256849715486, 6318906.186947197653353 ], [ 331635.522163336048834, 6318905.999210210517049 ], [ 331635.490334595262539, 6318905.810892228968441 ], [ 331635.46178022242384, 6318905.622050022706389 ], [ 331635.436508825572673, 6318905.432740520685911 ], [ 331635.414528023044113, 6318905.243020792491734 ], [ 331635.395844441198278, 6318905.052948029711843 ], [ 331635.380463712441269, 6318904.862579533830285 ], [ 331635.368390473362524, 6318904.671972692944109 ], [ 331635.359628363570664, 6318904.481184966862202 ], [ 331635.354180024587549, 6318904.29027387034148 ], [ 331635.35204709880054, 6318904.099296956323087 ], [ 331635.353230229171459, 6318903.908311796374619 ], [ 331635.357729059120174, 6318903.71737596578896 ], [ 331635.365542232408188, 6318903.526547023095191 ], [ 331635.376667393662501, 6318903.335882496088743 ], [ 331635.391101189015899, 6318903.145439862273633 ], [ 331635.408839267387521, 6318902.955276533961296 ], [ 331635.429876281297766, 6318902.765449835918844 ], [ 331635.454205889021978, 6318902.576016995124519 ], [ 331635.481820756103843, 6318902.387035117484629 ], [ 331635.512712557741906, 6318902.198561172932386 ], [ 331635.546871981292497, 6318902.010651980526745 ], [ 331635.584288729005493, 6318901.823364185169339 ], [ 331635.624951521225739, 6318901.636754249222577 ], [ 331635.668848099710885, 6318901.45087842643261 ], [ 331635.715965231414884, 6318901.265792751684785 ], [ 331635.766288712387905, 6318901.08155302144587 ], [ 331635.819803371967282, 6318900.898214776068926 ], [ 331635.876493077725172, 6318900.715833284892142 ], [ 331635.93634073989233, 6318900.534463528543711 ], [ 331635.999328316771425, 6318900.354160183109343 ], [ 331636.065436820092145, 6318900.174977604299784 ], [ 331636.134646320715547, 6318899.996969806030393 ], [ 331636.206935954687651, 6318899.820190452970564 ], [ 331636.28228392964229, 6318899.644692835398018 ], [ 331636.360667531029321, 6318899.470529859885573 ], [ 331636.442063129274175, 6318899.297754028812051 ], [ 331636.526446186937392, 6318899.126417428255081 ], [ 331636.613791265699547, 6318898.956571709364653 ], [ 331636.704072034568526, 6318898.78826807346195 ], [ 331636.797261277388316, 6318898.621557258069515 ], [ 331636.893330901337322, 6318898.45648951921612 ], [ 331636.992251945135649, 6318898.293114618398249 ], [ 331637.093994588067289, 6318898.131481807678938 ], [ 331637.198528158653062, 6318897.971639811061323 ], [ 331637.305821144196671, 6318897.813636817038059 ], [ 331637.415841200039722, 6318897.657520455308259 ], [ 331637.528555159573443, 6318897.503337789326906 ], [ 331637.643929043901153, 6318897.351135299541056 ], [ 331637.761928072315641, 6318897.200958869419992 ], [ 331637.882516672834754, 6318897.052853769622743 ], [ 331638.005658492736984, 6318896.906864649616182 ], [ 331638.131316409562714, 6318896.763035518117249 ], [ 331638.259452542464714, 6318896.621409734711051 ], [ 331638.390028263442218, 6318896.482029994018376 ], [ 331781.166567136649974, 6318746.706340075470507 ], [ 331942.332869762729388, 6318821.039368517696857 ], [ 331938.846458461601287, 6318831.903251687996089 ], [ 331935.18166200252017, 6318842.70826386846602 ], [ 331931.339473785890732, 6318853.451476191170514 ], [ 331927.320935296767857, 6318864.129976539872587 ], [ 331923.127135822840501, 6318874.740870341658592 ], [ 331918.759212159086019, 6318885.281281347386539 ], [ 331914.218348299327772, 6318895.748352413997054 ], [ 331909.505775115801953, 6318906.13924627751112 ], [ 331904.622770024987403, 6318916.451146325096488 ], [ 331899.570656641852111, 6318926.681257353164256 ], [ 331894.350804420595523, 6318936.826806332916021 ], [ 331888.964628283807542, 6318946.885043152607977 ], [ 331883.413588238589, 6318956.853241370990872 ], [ 331877.699188981205225, 6318966.7286989511922 ] ] ] ] } },
{ "type": "Feature", "properties": { "fid": "99", "Area": 74797.672 }, "geometry": { "type": "MultiPolygon", "coordinates": [ [ [ [ 331893.33752999472199, 6319262.028161554597318 ], [ 331753.844118115259334, 6319218.443755113519728 ], [ 331752.299269652983639, 6319217.947277755476534 ], [ 331750.762680479965638, 6319217.425798847340047 ], [ 331837.349869572673924, 6319070.590173101052642 ], [ 331893.204153071623296, 6318975.871788613498211 ], [ 331898.984094635641668, 6318965.885782006196678 ], [ 331904.601227495004423, 6318955.807296460494399 ], [ 331910.05407238798216, 6318945.638986128382385 ], [ 331915.341193317901343, 6318935.383528814651072 ], [ 331920.461197931086645, 6318925.043625274673104 ], [ 331925.412737883860245, 6318914.621998504735529 ], [ 331930.194509197142906, 6318904.121393019333482 ], [ 331934.805252600286622, 6318893.544574134983122 ], [ 331939.243753862509038, 6318882.894327237270772 ], [ 331943.508844112569932, 6318872.173457047902048 ], [ 331947.599400146806147, 6318861.384786890819669 ], [ 331951.514344724826515, 6318850.531157939694822 ], [ 331955.252646853157785, 6318839.615428480319679 ], [ 331958.813322056725156, 6318828.640473147854209 ], [ 332155.035101063200273, 6318919.141768036410213 ], [ 331893.33752999472199, 6319262.028161554597318 ] ] ] ] } },
{ "type": "Feature", "properties": { "fid": "100", "Area": 43452.907 }, "geometry": { "type": "MultiPolygon", "coordinates": [ [ [ [ 331734.276847127242945, 6319209.946079342626035 ], [ 331732.767462535412051, 6319209.071218627505004 ], [ 331731.273569867713377, 6319208.170159354805946 ], [ 331729.795623808633536, 6319207.243175772018731 ], [ 331728.334074189362582, 6319206.290550017729402 ], [ 331726.889365850482136, 6319205.312572036869824 ], [ 331725.461938506748993, 6319204.309539487585425 ], [ 331724.052226613275707, 6319203.28175765555352 ], [ 331722.660659233224578, 6319202.229539358988404 ], [ 331721.287659907247871, 6319201.153204853646457 ], [ 331592.176839585183188, 6319098.108496489934623 ], [ 331590.835883748077322, 6319097.056843898259103 ], [ 331589.47720151359681, 6319096.028195117600262 ], [ 331588.101187461405061, 6319095.022848879918456 ], [ 331586.708241204789374, 6319094.041097151115537 ], [ 331585.298767274187412, 6319093.083225047215819 ], [ 331583.873175000015181, 6319092.149510744959116 ], [ 331582.431878393574152, 6319091.240225409157574 ], [ 331580.975296026910655, 6319090.355633107945323 ], [ 331579.503850911394693, 6319089.495990740135312 ], [ 331578.017970374668948, 6319088.66154795512557 ], [ 331576.518085936550051, 6319087.852547088637948 ], [ 331575.004633183882106, 6319087.069223085418344 ], [ 331573.478051643818617, 6319086.311803432181478 ], [ 331571.938784656405915, 6319085.580508094280958 ], [ 331570.387279245711397, 6319084.875549449585378 ], [ 331568.823985989904031, 6319084.197132227942348 ], [ 331567.249358890578151, 6319083.545453451573849 ], [ 331565.6638552408549, 6319082.920702376402915 ], [ 331564.067935492435936, 6319082.323060438036919 ], [ 331562.462063122133259, 6319081.752701200544834 ], [ 331560.846704497060273, 6319081.209790303371847 ], [ 331559.222328739298973, 6319080.694485415704548 ], [ 331557.589407589577604, 6319080.206936188973486 ], [ 331499.61314909538487, 6319063.43337688781321 ], [ 331610.711107700888533, 6318931.57813922315836 ], [ 331610.881535617460031, 6318931.379414526745677 ], [ 331611.055405801220331, 6318931.18369447439909 ], [ 331611.232665289600845, 6318930.991038684733212 ], [ 331611.413260087661911, 6318930.801505842246115 ], [ 331611.597135184449144, 6318930.6151536796242 ], [ 331611.784234569873661, 6318930.432038962841034 ], [ 331611.974501251592301, 6318930.252217469736934 ], [ 331612.167877272586338, 6318930.075743975117803 ], [ 331612.364303728565574, 6318929.90267223585397 ], [ 331612.56372078624554, 6318929.733054970391095 ], [ 331612.766067701159045, 6318929.566943845711648 ], [ 331612.971282836515456, 6318929.404389461502433 ], [ 331613.17930368182715, 6318929.245441333390772 ], [ 331613.39006687188521, 6318929.090147878043354 ], [ 331613.603508206142578, 6318928.938556399196386 ], [ 331613.819562668388244, 6318928.790713073685765 ], [ 331614.038164446305018, 6318928.646662935614586 ], [ 331614.259246951667592, 6318928.506449863314629 ], [ 331614.482742840598803, 6318928.37011656910181 ], [ 331614.708584034116939, 6318928.237704579718411 ], [ 331614.936701738741249, 6318928.109254229813814 ], [ 331615.167026467679534, 6318927.984804646112025 ], [ 331615.399488061782904, 6318927.86439373716712 ], [ 331615.634015710907988, 6318927.748058182187378 ], [ 331615.870537975803018, 6318927.635833417065442 ], [ 331616.10898280935362, 6318927.527753627859056 ], [ 331616.349277579050977, 6318927.423851734958589 ], [ 331616.59134908876149, 6318927.324159389361739 ], [ 331616.835123601078521, 6318927.228706957772374 ], [ 331617.080526860081591, 6318927.137523515149951 ], [ 331617.327484113397077, 6318927.050636838190258 ], [ 331617.575920135597698, 6318926.968073393218219 ], [ 331617.825759250554256, 6318926.889858329668641 ], [ 331618.076925354893319, 6318926.816015471704304 ], [ 331618.329341940989252, 6318926.746567313559353 ], [ 331618.582932120247278, 6318926.681535009294748 ], [ 331618.837618646793999, 6318926.620938369072974 ], [ 331619.093323940469418, 6318926.564795849844813 ], [ 331619.34997011104133, 6318926.51312455534935 ], [ 331619.607478981663007, 6318926.465940223075449 ], [ 331619.86577211250551, 6318926.423257227055728 ], [ 331620.12477082508849, 6318926.385088568553329 ], [ 331620.384396225854289, 6318926.351445874199271 ], [ 331620.644569230382331, 6318926.322339391335845 ], [ 331620.90521058748709, 6318926.297777987085283 ], [ 331621.166240903257858, 6318926.277769141830504 ], [ 331621.427580665331334, 6318926.262318952009082 ], [ 331621.689150267047808, 6318926.251432122662663 ], [ 331621.950870031840168, 6318926.24511197116226 ], [ 331622.212660237331875, 6318926.243360420688987 ], [ 331622.474441139667761, 6318926.246178006753325 ], [ 331622.736132997844834, 6318926.253563870675862 ], [ 331622.997656097984873, 6318926.265515761449933 ], [ 331623.25893077760702, 6318926.28203004039824 ], [ 331623.519877449958585, 6318926.303101675584912 ], [ 331623.780416628113016, 6318926.328724248334765 ], [ 331624.04046894935891, 6318926.358889955095947 ], [ 331624.299955199181568, 6318926.39358960557729 ], [ 331624.55879633553559, 6318926.432812631130219 ], [ 331624.816913513001055, 6318926.476547083817422 ], [ 331625.074228106532246, 6318926.524779640138149 ], [ 331625.33066173561383, 6318926.57749561034143 ], [ 331625.586136288067792, 6318926.63467893563211 ], [ 331625.840573943918571, 6318926.696312196552753 ], [ 331626.093897198908962, 6318926.762376620434225 ], [ 331626.346028888365254, 6318926.832852083258331 ], [ 331626.596892210538499, 6318926.907717116177082 ], [ 331626.846410750062205, 6318926.986948915757239 ], [ 331627.094508501060773, 6318927.07052334677428 ], [ 331627.341109890723601, 6318927.158414952456951 ], [ 331627.586139801715035, 6318927.250596958212554 ], [ 331627.829523595632054, 6318927.347041286528111 ], [ 331628.07118713541422, 6318927.447718558833003 ], [ 331628.311056807986461, 6318927.552598108537495 ], [ 331628.549059546785429, 6318927.661647986620665 ], [ 331628.785122853762005, 6318927.774834976531565 ], [ 331629.019174821791239, 6318927.892124600708485 ], [ 331629.251144156383816, 6318928.013481130823493 ], [ 331629.480960197455715, 6318928.138867600820959 ], [ 331629.70855294080684, 6318928.268245816230774 ], [ 331629.933853059483226, 6318928.401576369069517 ], [ 331630.156791924848221, 6318928.538818643428385 ], [ 331630.377301627537236, 6318928.679930835030973 ], [ 331630.595314998296089, 6318928.824869959615171 ], [ 331630.810765628004447, 6318928.973591866903007 ], [ 331631.023587888397742, 6318929.126051255501807 ], [ 331631.233716951683164, 6318929.282201684080064 ], [ 331631.441088810563087, 6318929.441995588131249 ], [ 331631.645640297560021, 6318929.605384292080998 ], [ 331631.847309104225133, 6318929.77231802791357 ], [ 331663.473881246114615, 6318956.420084655284882 ], [ 331667.430691997637041, 6318959.697771874256432 ], [ 331671.441803115536459, 6318962.908779881894588 ], [ 331675.506091068848036, 6318966.052209260873497 ], [ 331679.622417431557551, 6318969.127179521135986 ], [ 331683.78962920140475, 6318972.13282934948802 ], [ 331688.006559122994076, 6318975.06831684987992 ], [ 331692.272026014514267, 6318977.932819777168334 ], [ 331696.584835098765325, 6318980.725535772740841 ], [ 331700.943778337852564, 6318983.445682582445443 ], [ 331705.347634771373123, 6318986.092498280107975 ], [ 331815.282603243249469, 6319050.919816887937486 ], [ 331815.445319838006981, 6319051.017671330831945 ], [ 331815.60632316156989, 6319051.118319788016379 ], [ 331815.765565242560115, 6319051.221732270903885 ], [ 331815.922998634632677, 6319051.327877969481051 ], [ 331816.078576430096291, 6319051.436725255101919 ], [ 331816.232252274290659, 6319051.548241698183119 ], [ 331816.38398037920706, 6319051.662394070997834 ], [ 331816.533715537167154, 6319051.779148362576962 ], [ 331816.681413134327158, 6319051.898469785228372 ], [ 331816.827029163774569, 6319052.020322787575424 ], [ 331816.970520239090547, 6319052.144671062007546 ], [ 331817.111843606748153, 6319052.271477559581399 ], [ 331817.250957159209065, 6319052.400704498402774 ], [ 331817.387819447321817, 6319052.532313373871148 ], [ 331817.522389692720026, 6319052.66626497451216 ], [ 331817.654627799871378, 6319052.802519387565553 ], [ 331817.784494368243031, 6319052.9410360166803 ], [ 331817.911950703768525, 6319053.081773590296507 ], [ 331818.036958830722142, 6319053.224690175615251 ], [ 331818.15948150260374, 6319053.369743189774454 ], [ 331818.279482213489246, 6319053.51688941475004 ], [ 331818.396925209090114, 6319053.666085007600486 ], [ 331818.511775496881455, 6319053.817285515367985 ], [ 331818.623998857103288, 6319053.970445887185633 ], [ 331818.733561852597632, 6319054.125520489178598 ], [ 331818.840431838762015, 6319054.282463116571307 ], [ 331818.944576973619405, 6319054.441227006725967 ], [ 331819.045966226782184, 6319054.601764857769012 ], [ 331819.144569389231037, 6319054.764028835110366 ], [ 331819.24035708187148, 6319054.92797059379518 ], [ 331819.333300764672458, 6319055.093541285023093 ], [ 331819.423372744873632, 6319055.260691578499973 ], [ 331819.51054618525086, 6319055.429371669888496 ], [ 331819.594795112439897, 6319055.59953130222857 ], [ 331819.676094424270559, 6319055.771119775250554 ], [ 331819.754419897391926, 6319055.944085964001715 ], [ 331819.829748194664717, 6319056.118378331884742 ], [ 331819.902056871855166, 6319056.293944950215518 ], [ 331819.971324384445325, 6319056.470733506605029 ], [ 331820.037530093977693, 6319056.648691328242421 ], [ 331820.100654274458066, 6319056.827765391208231 ], [ 331820.160678117885254, 6319057.00790234003216 ], [ 331820.217583739955444, 6319057.189048502594233 ], [ 331820.271354185650125, 6319057.371149906888604 ], [ 331820.321973433834501, 6319057.554152294062078 ], [ 331820.369426402554382, 6319057.738001138903201 ], [ 331820.413698952936102, 6319057.922641663812101 ], [ 331820.454777894017752, 6319058.108018854632974 ], [ 331820.492650986241642, 6319058.294077476486564 ], [ 331820.527306945179589, 6319058.480762095190585 ], [ 331820.558735445025377, 6319058.668017085641623 ], [ 331820.586927121679764, 6319058.855786656029522 ], [ 331820.61187357531162, 6319059.044014859013259 ], [ 331820.633567373093683, 6319059.232645613141358 ], [ 331820.652002051298041, 6319059.421622714027762 ], [ 331820.667172117333394, 6319059.610889856703579 ], [ 331820.679073051200248, 6319059.800390647724271 ], [ 331820.68770130694611, 6319059.990068625658751 ], [ 331820.693054313887842, 6319060.179867275990546 ], [ 331820.69513047701912, 6319060.369730046018958 ], [ 331820.693929177708924, 6319060.559600368142128 ], [ 331820.689450773992576, 6319060.749421668238938 ], [ 331820.681696600106079, 6319060.939137388952076 ], [ 331820.670668966427911, 6319061.128691005520523 ], [ 331820.65637115878053, 6319061.318026038818061 ], [ 331820.6388074370916, 6319061.507086075842381 ], [ 331820.617983034579083, 6319061.6958147874102 ], [ 331820.593904155830387, 6319061.884155940264463 ], [ 331820.566577975347172, 6319062.072053417563438 ], [ 331820.536012634867802, 6319062.259451234713197 ], [ 331820.502217241446488, 6319062.446293557062745 ], [ 331820.465201864542905, 6319062.632524714805186 ], [ 331820.424977532878984, 6319062.818089218810201 ], [ 331820.381556231353898, 6319063.002931781113148 ], [ 331820.334950897551607, 6319063.186997326090932 ], [ 331820.285175417491701, 6319063.370231012813747 ], [ 331820.232244621904101, 6319063.552578244358301 ], [ 331820.176174281688873, 6319063.733984692022204 ], [ 331820.116981103026774, 6319063.914396303705871 ], [ 331820.054682722722646, 6319064.093759326264262 ], [ 331819.989297702617478, 6319064.272020318545401 ], [ 331819.920845524349716, 6319064.449126166291535 ], [ 331819.849346583359875, 6319064.625024101696908 ], [ 331819.77482218289515, 6319064.799661714583635 ], [ 331819.697294527664781, 6319064.972986971959472 ], [ 331819.616786717146169, 6319065.14494823012501 ], [ 331819.533322738832794, 6319065.315494255162776 ], [ 331819.44692746095825, 6319065.484574230387807 ], [ 331819.357626625162084, 6319065.652137778699398 ], [ 331819.265446838806383, 6319065.818134974688292 ], [ 331819.170415567408781, 6319065.98251635953784 ], [ 331734.276847127242945, 6319209.946079342626035 ] ] ] ] } },
{ "type": "Feature", "properties": { "fid": "101", "Area": 28444.323 }, "geometry": { "type": "MultiPolygon", "coordinates": [ [ [ [ 331952.061801268777344, 6318786.767132824286819 ], [ 331949.014780446188524, 6318798.246233575977385 ], [ 331945.771485747827683, 6318809.671430706977844 ], [ 331942.332869762729388, 6318821.039368517696857 ], [ 331781.166567136649974, 6318746.706340075470507 ], [ 331923.582434835727327, 6318597.309002051129937 ], [ 331977.439089582650922, 6318533.378199119120836 ], [ 331977.609353607695084, 6318533.179626319557428 ], [ 331977.783054379397072, 6318532.984052710235119 ], [ 331977.960139076574706, 6318532.791537763550878 ], [ 331978.140553848876152, 6318532.6021400205791 ], [ 331978.32424383336911, 6318532.41591707803309 ], [ 331978.511153171246406, 6318532.232925564050674 ], [ 331978.701225024531595, 6318532.053221125155687 ], [ 331978.894401593715884, 6318531.876858407631516 ], [ 331979.090624135104008, 6318531.703891043551266 ], [ 331979.289832978625782, 6318531.534371630288661 ], [ 331979.491967546346132, 6318531.368351717479527 ], [ 331979.696966370393056, 6318531.205881791189313 ], [ 331979.90476711204974, 6318531.047011257149279 ], [ 331980.115306580497418, 6318530.891788426786661 ], [ 331980.328520752082113, 6318530.740260502323508 ], [ 331980.544344789755996, 6318530.592473562806845 ], [ 331980.762713062984403, 6318530.448472548276186 ], [ 331980.983559167303611, 6318530.308301249518991 ], [ 331981.206815944984555, 6318530.172002291306853 ], [ 331981.432415505056269, 6318530.039617120288312 ], [ 331981.660289244318847, 6318529.911185995675623 ], [ 331981.89036786777433, 6318529.78674797154963 ], [ 331982.12258141010534, 6318529.666340888477862 ], [ 331982.35685925668804, 6318529.550001362338662 ], [ 331982.593130165303592, 6318529.43776477035135 ], [ 331982.831322287442163, 6318529.329665242694318 ], [ 331983.071363190480042, 6318529.225735653191805 ], [ 331983.313179879623931, 6318529.126007604412735 ], [ 331983.556698820088059, 6318529.030511423945427 ], [ 331983.801845959271304, 6318528.939276151359081 ], [ 331984.048546749574598, 6318528.852329529821873 ], [ 331984.296726171043701, 6318528.76969800144434 ], [ 331984.546308753953781, 6318528.6914066914469 ], [ 331984.79721860185964, 6318528.617479409091175 ], [ 331985.049379414704163, 6318528.547938634641469 ], [ 331985.30271451221779, 6318528.482805515639484 ], [ 331985.557146856794134, 6318528.422099857591093 ], [ 331985.812599077238701, 6318528.365840122103691 ], [ 331986.068993492342997, 6318528.31404341571033 ], [ 331986.326252134167589, 6318528.266725490801036 ], [ 331986.584296772198286, 6318528.223900735378265 ], [ 331986.843048936629202, 6318528.185582173056901 ], [ 331987.102429942809977, 6318528.151781456544995 ], [ 331987.362360914645251, 6318528.122508862987161 ], [ 331987.622762808867265, 6318528.097773294895887 ], [ 331987.883556439017411, 6318528.077582274563611 ], [ 331988.144662499486003, 6318528.06194194033742 ], [ 331988.406001589610241, 6318528.050857050344348 ], [ 331988.66749423800502, 6318528.044330974109471 ], [ 331988.929060926486272, 6318528.042365697212517 ], [ 331989.190622114401776, 6318528.044961815699935 ], [ 331989.452098262670916, 6318528.052118541672826 ], [ 331989.713409858173691, 6318528.06383369769901 ], [ 331989.974477437848691, 6318528.080103722400963 ], [ 331990.235221612732857, 6318528.100923667661846 ], [ 331990.495563092234079, 6318528.126287201419473 ], [ 331990.755422708345577, 6318528.156186612322927 ], [ 331991.014721439452842, 6318528.190612806938589 ], [ 331991.273380434606224, 6318528.22955531720072 ], [ 331991.531321037211455, 6318528.273002300411463 ], [ 331991.788464809302241, 6318528.320940544828773 ], [ 331992.044733555230778, 6318528.373355473391712 ], [ 331992.300049345358275, 6318528.430231145583093 ], [ 331992.554334539861884, 6318528.491550267674029 ], [ 331992.807511812308803, 6318528.557294191792607 ], [ 331993.059504173172172, 6318528.627442926168442 ], [ 331993.310234993288759, 6318528.701975138857961 ], [ 331993.55962802702561, 6318528.780868164263666 ], [ 331993.807607435737737, 6318528.86409801337868 ], [ 331994.054097810469102, 6318528.95163937471807 ], [ 331994.299024195177481, 6318529.043465629220009 ], [ 331994.542312109319028, 6318529.139548851177096 ], [ 331994.783887570782099, 6318529.239859824068844 ], [ 331995.023677118006162, 6318529.344368043355644 ], [ 331995.261607832624577, 6318529.453041728585958 ], [ 331995.49760736146709, 6318529.565847833640873 ], [ 331995.731603938736953, 6318529.682752053253353 ], [ 331995.963526407547761, 6318529.803718839772046 ], [ 331996.193304241809528, 6318529.928711405955255 ], [ 331996.420867567707319, 6318530.057691743597388 ], [ 331996.646147184772417, 6318530.190620630979538 ], [ 331996.869074586837087, 6318530.327457644045353 ], [ 331997.089581983338576, 6318530.468161172233522 ], [ 331997.30760231934255, 6318530.612688429653645 ], [ 331997.523069296323229, 6318530.760995464399457 ], [ 331997.735917392303236, 6318530.913037179037929 ], [ 331997.946081881527789, 6318531.06876733712852 ], [ 331998.153498854371719, 6318531.22813858371228 ], [ 331998.35810523678083, 6318531.39110245462507 ], [ 331998.559838809247594, 6318531.557609393261373 ], [ 331998.758638226019684, 6318531.727608765475452 ], [ 331998.954443033435382, 6318531.90104887727648 ], [ 331999.147193688666448, 6318532.07787698507309 ], [ 331999.336831577471457, 6318532.25803931709379 ], [ 331999.523299032240175, 6318532.441481087356806 ], [ 331999.706539349455852, 6318532.628146513365209 ], [ 331999.886496806982905, 6318532.817978829145432 ], [ 332000.06311668100534, 6318533.010920310392976 ], [ 332000.236345262499526, 6318533.206912282854319 ], [ 332000.406129873881582, 6318533.40589514747262 ], [ 332000.572418884723447, 6318533.607808395288885 ], [ 332000.735161727759987, 6318533.812590626068413 ], [ 332000.894308913906571, 6318534.020179565995932 ], [ 332001.049812047567684, 6318534.23051208909601 ], [ 332001.201623841305263, 6318534.443524234928191 ], [ 332001.349698130157776, 6318534.659151227213442 ], [ 332001.493989885726478, 6318534.877327495254576 ], [ 332001.634455229796004, 6318535.097986694425344 ], [ 332001.771051447896753, 6318535.321061722002923 ], [ 332001.903737001994159, 6318535.546484743244946 ], [ 332002.032471543294378, 6318535.774187208153307 ], [ 332002.157215924409684, 6318536.00409987475723 ], [ 332002.277932211582083, 6318536.236152827739716 ], [ 332002.394583695626352, 6318536.470275500789285 ], [ 332002.507134903687984, 6318536.706396699883044 ], [ 332002.615551609662361, 6318536.944444620981812 ], [ 332002.719800844788551, 6318537.184346875175834 ], [ 332002.819850907544605, 6318537.426030511036515 ], [ 332002.915671373426449, 6318537.669422033242881 ], [ 332003.007233104028273, 6318537.914447428658605 ], [ 332003.09450825600652, 6318538.161032185889781 ], [ 332003.177470289636403, 6318538.409101321361959 ], [ 332003.256093976728152, 6318538.658579397946596 ], [ 332003.330355408252217, 6318538.909390551038086 ], [ 332003.400232001906261, 6318539.161458510905504 ], [ 332003.465702508576214, 6318539.414706625975668 ], [ 332003.526747019262984, 6318539.669057884253561 ], [ 332003.583346970612183, 6318539.924434939399362 ], [ 332003.635485150967725, 6318540.180760133080184 ], [ 332003.683145705552306, 6318540.43795551918447 ], [ 332003.726314141007606, 6318540.695942885242403 ], [ 332003.76497733022552, 6318540.954643779434264 ], [ 332003.79912351584062, 6318541.213979532010853 ], [ 332003.828742314304691, 6318541.473871282301843 ], [ 332003.853824718738906, 6318541.734239997342229 ], [ 332003.874363101727795, 6318541.995006501674652 ], [ 332003.890351217705756, 6318542.256091496907175 ], [ 332003.901784204819705, 6318542.517415589652956 ], [ 332003.908658586326055, 6318542.778899313881993 ], [ 332003.910972271754872, 6318543.040463152341545 ], [ 332003.908724557608366, 6318543.302027566358447 ], [ 332003.901916127302684, 6318543.563513015396893 ], [ 332003.890549051342532, 6318543.824839984066784 ], [ 332003.874626786331646, 6318544.085929003544152 ], [ 332003.854154174099676, 6318544.346700679510832 ], [ 332003.829137440246996, 6318544.607075712643564 ], [ 332003.799584192165639, 6318544.866974924691021 ], [ 332003.765503416885622, 6318545.126319281756878 ], [ 332003.726905478106346, 6318545.385029919445515 ], [ 332003.683802113169804, 6318545.643028165213764 ], [ 332003.636206429509912, 6318545.900235563516617 ], [ 332003.584132900694385, 6318546.15657389909029 ], [ 332003.527597361942753, 6318546.411965222097933 ], [ 332003.466617005120497, 6318546.666331868618727 ], [ 332001.362674294563476, 6318555.437504592351615 ], [ 331999.409733340493403, 6318564.243529092520475 ], [ 331952.061801268777344, 6318786.767132824286819 ] ] ] ] } },
{ "type": "Feature", "properties": { "fid": "102", "Area": 85778.961 }, "geometry": { "type": "MultiPolygon", "coordinates": [ [ [ [ 332562.027956389531028, 6318384.605863738805056 ], [ 332496.180497077235486, 6318358.014789084903896 ], [ 332495.395125230716076, 6318357.689842833206058 ], [ 332494.615390355233103, 6318357.351593624800444 ], [ 332493.841517762630247, 6318357.00013919826597 ], [ 332493.073731070850044, 6318356.635581110604107 ], [ 332492.312252139206976, 6318356.258024703711271 ], [ 332491.557301004359033, 6318355.867579076439142 ], [ 332490.809095816686749, 6318355.464357052929699 ], [ 332490.067852777196094, 6318355.04847514629364 ], [ 332489.333786075294483, 6318354.620053530670702 ], [ 332488.607107826508582, 6318354.17921600304544 ], [ 332487.88802801159909, 6318353.726089945994318 ], [ 332487.176754415442701, 6318353.260806296020746 ], [ 332486.473492567543872, 6318352.783499500714242 ], [ 332485.778445682022721, 6318352.294307483360171 ], [ 332485.091814599407371, 6318351.793371599167585 ], [ 332484.413797728309873, 6318351.280836598947644 ], [ 332483.744590988266282, 6318350.756850585341454 ], [ 332483.084387752984185, 6318350.221564969047904 ], [ 332482.433378794463351, 6318349.67513442505151 ], [ 332481.791752228047699, 6318349.117716849781573 ], [ 332481.159693457884714, 6318348.549473315477371 ], [ 332480.537385123490822, 6318347.970568020828068 ], [ 332479.925007046665996, 6318347.381168245337903 ], [ 332479.322736180096399, 6318346.781444303691387 ], [ 332478.730746555665974, 6318346.171569489873946 ], [ 332478.149209234456066, 6318345.551720034331083 ], [ 332477.578292257327121, 6318344.922075048089027 ], [ 332477.018160596024245, 6318344.282816473394632 ], [ 332313.091895186691545, 6318153.959994033910334 ], [ 332441.308601989119779, 6318019.311303074471653 ], [ 332442.52060638013063, 6318018.019699765369296 ], [ 332443.713574782479554, 6318016.710493844002485 ], [ 332444.887251573556568, 6318015.383965841494501 ], [ 332446.041385264194105, 6318014.040399997495115 ], [ 332447.175728552916553, 6318012.680084205232561 ], [ 332448.290038378792815, 6318011.303309944458306 ], [ 332471.953458147996571, 6317981.624620520509779 ], [ 332595.759034355694894, 6318078.469334416091442 ], [ 332720.703404068364762, 6318176.20484931115061 ], [ 332562.027956389531028, 6318384.605863738805056 ] ] ] ] } },
{ "type": "Feature", "properties": { "fid": "103", "Area": 35953.466 }, "geometry": { "type": "MultiPolygon", "coordinates": [ [ [ [ 333720.237228931102436, 6316622.00137294922024 ], [ 333497.457733645220287, 6316688.655749353580177 ], [ 333497.207348206662573, 6316688.728298848494887 ], [ 333496.955739793251269, 6316688.796486115083098 ], [ 333496.702984397648834, 6316688.860290559008718 ], [ 333496.449158359086141, 6316688.919692909345031 ], [ 333496.194338340254035, 6316688.974675225093961 ], [ 333495.938601303787436, 6316689.025220900774002 ], [ 333495.68202448944794, 6316689.071314668282866 ], [ 333495.424685390666127, 6316689.112942607142031 ], [ 333495.166661731083877, 6316689.150092144496739 ], [ 333494.908031440922059, 6316689.182752060703933 ], [ 333494.648872633930296, 6316689.210912490263581 ], [ 333494.389263583230786, 6316689.234564929269254 ], [ 333494.12928269803524, 6316689.253702233545482 ], [ 333493.869008499837946, 6316689.268318622373044 ], [ 333493.60851959878346, 6316689.27840968221426 ], [ 333493.347894669743255, 6316689.283972364850342 ], [ 333493.08721242879983, 6316689.285004989244044 ], [ 333492.826551609265152, 6316689.28150724619627 ], [ 333492.565990937931929, 6316689.273480189032853 ], [ 333492.305609111499507, 6316689.260926243849099 ], [ 333492.045484772592317, 6316689.243849202059209 ], [ 333491.78569648595294, 6316689.222254221327603 ], [ 333491.526322714926209, 6316689.196147823706269 ], [ 333491.267441797710489, 6316689.165537894703448 ], [ 333491.00913192355074, 6316689.130433678627014 ], [ 333490.751471109280828, 6316689.09084577858448 ], [ 333490.494537175633013, 6316689.046786150895059 ], [ 333490.238407723838463, 6316688.998268102295697 ], [ 333489.983160112227779, 6316688.945306288078427 ], [ 333489.728871432715096, 6316688.887916701845825 ], [ 333489.475618487573229, 6316688.826116679236293 ], [ 333489.223477766267024, 6316688.759924883954227 ], [ 333488.972525422344916, 6316688.689361308701336 ], [ 333488.722837250446901, 6316688.614447265863419 ], [ 333488.474488663428929, 6316688.535205380059779 ], [ 333488.227554669429082, 6316688.451659586280584 ], [ 333487.982109849574044, 6316688.36383511684835 ], [ 333487.738228334870655, 6316688.271758496761322 ], [ 333487.495983784552664, 6316688.175457537174225 ], [ 333487.255449363088701, 6316688.074961322359741 ], [ 333487.016697718761861, 6316687.970300205983222 ], [ 333486.779800961143337, 6316687.86150579713285 ], [ 333486.544830639672, 6316687.748610956594348 ], [ 333486.311857722059358, 6316687.631649780087173 ], [ 333486.080952572519891, 6316687.510657594539225 ], [ 333485.852184930990916, 6316687.385670942254364 ], [ 333485.625623891653959, 6316687.256727572530508 ], [ 333485.401337882271037, 6316687.123866430483758 ], [ 333485.179394643520936, 6316686.987127644009888 ], [ 333484.959861208451912, 6316686.846552510745823 ], [ 333484.742803882283624, 6316686.702183489687741 ], [ 333484.528288222441915, 6316686.554064184427261 ], [ 333484.316379018651787, 6316686.402239330112934 ], [ 333484.107140273437835, 6316686.246754782274365 ], [ 333483.900635182741098, 6316686.087657501921058 ], [ 333483.696926116826944, 6316685.924995540641248 ], [ 333483.496074601600412, 6316685.758818027563393 ], [ 333483.298141299863346, 6316685.589175152592361 ], [ 333483.103185992920771, 6316685.416118152439594 ], [ 333482.911267562827561, 6316685.239699294790626 ], [ 333482.722443974285852, 6316685.059971863403916 ], [ 333482.536772257240955, 6316684.876990141347051 ], [ 333482.354308489884716, 6316684.690809394232929 ], [ 333482.175107781251427, 6316684.501485853455961 ], [ 333481.999224254977889, 6316684.309076700359583 ], [ 333481.826711032888852, 6316684.113640047609806 ], [ 333481.657620218757074, 6316683.915234922431409 ], [ 333481.492002882761881, 6316683.713921248912811 ], [ 333481.329909046005923, 6316683.509759830310941 ], [ 333481.171387665264774, 6316683.302812326699495 ], [ 333481.016486618493218, 6316683.093141244724393 ], [ 333480.865252690156922, 6316682.880809909664094 ], [ 333480.717731557087973, 6316682.665882450528443 ], [ 333480.573967774864286, 6316682.448423783294857 ], [ 333480.434004764130805, 6316682.22849958576262 ], [ 333480.29788479761919, 6316682.0061762817204 ], [ 333480.165648987400346, 6316681.781521017663181 ], [ 333480.037337272369768, 6316681.554601646959782 ], [ 333479.912988406256773, 6316681.325486704707146 ], [ 333479.792639945924748, 6316681.094245390966535 ], [ 333479.676328239904251, 6316680.860947547480464 ], [ 333479.564088417682797, 6316680.625663634389639 ], [ 333479.455954378761817, 6316680.388464717194438 ], [ 333479.35195878270315, 6316680.149422434158623 ], [ 333479.25213303900091, 6316679.908608983270824 ], [ 333479.156507297942881, 6316679.666097097098827 ], [ 333479.065110441064462, 6316679.421960022300482 ], [ 333478.977970072824974, 6316679.176271492615342 ], [ 333478.895112512051128, 6316678.929105714894831 ], [ 333478.816562784078997, 6316678.68053734023124 ], [ 333478.7423446130706, 6316678.430641441605985 ], [ 333478.672480414970778, 6316678.179493495263159 ], [ 333478.606991290813312, 6316677.927169354632497 ], [ 333478.545897020085249, 6316677.673745229840279 ], [ 333478.489216054964345, 6316677.419297660700977 ], [ 333478.436965514731128, 6316677.163903499022126 ], [ 333478.389161180472001, 6316676.907639878802001 ], [ 333478.345817490422633, 6316676.650584201328456 ], [ 333478.306947535602376, 6316676.392814102582633 ], [ 333478.272563055856153, 6316676.13440743740648 ], [ 333478.242674436245579, 6316675.875442251563072 ], [ 333478.217290703963954, 6316675.615996760316193 ], [ 333478.196419525542296, 6316675.356149322353303 ], [ 333478.180067204812076, 6316675.095978419296443 ], [ 333478.168238680518698, 6316674.835562630556524 ], [ 333478.160937525215559, 6316674.574980608187616 ], [ 333478.158165944041684, 6316674.314311056397855 ], [ 333478.159924774197862, 6316674.053632703609765 ], [ 333478.166213484364562, 6316673.793024281971157 ], [ 333478.177030175167602, 6316673.53256450407207 ], [ 333478.19237157976022, 6316673.27233203407377 ], [ 333478.21223306452157, 6316673.012405470013618 ], [ 333478.23660863074474, 6316672.752863317728043 ], [ 333478.265490916382987, 6316672.493783965706825 ], [ 333478.298871198086999, 6316672.235245663672686 ], [ 333478.336739394173492, 6316671.977326496504247 ], [ 333478.379084067302756, 6316671.720104362815619 ], [ 333478.425892428203952, 6316671.463656952604651 ], [ 333478.477150339516811, 6316671.208061718381941 ], [ 333478.532842319866177, 6316670.953395858407021 ], [ 333478.592951548693236, 6316670.699736287817359 ], [ 333478.657459871377796, 6316670.44715961907059 ], [ 333478.72634780453518, 6316670.195742138661444 ], [ 333478.799594542186242, 6316669.945559780113399 ], [ 333478.877177961694542, 6316669.696688106283545 ], [ 333478.959074630693067, 6316669.449202283285558 ], [ 333479.045259814127348, 6316669.203177058137953 ], [ 333479.135707481589634, 6316668.958686738274992 ], [ 333479.230390315467957, 6316668.715805166400969 ], [ 333479.329279718804173, 6316668.474605699069798 ], [ 333479.432345824257936, 6316668.235161185264587 ], [ 333479.539557503012475, 6316667.997543944977224 ], [ 333479.650882374087814, 6316667.761825744062662 ], [ 333479.76628681429429, 6316667.528077777475119 ], [ 333479.885735968186054, 6316667.296370641328394 ], [ 333480.009193758945912, 6316667.066774319857359 ], [ 333480.136622898688074, 6316666.83935815654695 ], [ 333480.267984900332522, 6316666.614190837368369 ], [ 333480.403240088839084, 6316666.391340369358659 ], [ 333480.542347613431048, 6316666.170874059200287 ], [ 333480.685265459644143, 6316665.952858495526016 ], [ 333480.831950462132227, 6316665.737359522841871 ], [ 333482.964315972407348, 6316662.662428431212902 ], [ 333509.014329175581224, 6316625.495980854146183 ], [ 333509.752051036222838, 6316624.458625718019903 ], [ 333510.503902124415617, 6316623.431464988738298 ], [ 333611.148592569225002, 6316487.889231370761991 ], [ 333793.01854526437819, 6316487.889231369830668 ], [ 333768.844232555537019, 6316572.748756320215762 ], [ 333768.492929768806789, 6316573.942681485787034 ], [ 333768.121042964747176, 6316575.130356168374419 ], [ 333767.728683255321812, 6316576.311425517313182 ], [ 333767.315967869479209, 6316577.485536652617157 ], [ 333766.883020117937122, 6316578.652338774874806 ], [ 333766.429969356395304, 6316579.811483267694712 ], [ 333765.95695094706025, 6316580.96262380387634 ], [ 333765.464106217841618, 6316582.105416445061564 ], [ 333764.951582420500927, 6316583.239519749768078 ], [ 333764.419532686471939, 6316584.364594870246947 ], [ 333763.868115981051233, 6316585.480305659584701 ], [ 333763.297497056075372, 6316586.586318765766919 ], [ 333762.707846400619019, 6316587.682303735055029 ], [ 333762.0993401898304, 6316588.767933109775186 ], [ 333761.472160232835449, 6316589.842882527038455 ], [ 333760.826493917789776, 6316590.906830814667046 ], [ 333760.162534156290349, 6316591.95946008618921 ], [ 333759.480479325749911, 6316593.000455837696791 ], [ 333758.780533209850546, 6316594.029507042840123 ], [ 333758.06290493789129, 6316595.046306242235005 ], [ 333757.327808922156692, 6316596.050549637526274 ], [ 333756.575464794063009, 6316597.041937180794775 ], [ 333755.806097338325344, 6316598.020172666758299 ], [ 333755.019936425844207, 6316598.984963818453252 ], [ 333754.217216945020482, 6316599.936022378504276 ], [ 333753.398178731789812, 6316600.873064188286662 ], [ 333752.563066497619729, 6316601.795809280127287 ], [ 333751.71212975657545, 6316602.703981956467032 ], [ 333750.845622750814073, 6316603.597310875542462 ], [ 333749.96380437456537, 6316604.475529127754271 ], [ 333749.066938096657395, 6316605.338374321348965 ], [ 333748.15529188211076, 6316606.18558865506202 ], [ 333747.229138111695647, 6316607.016919 ], [ 333746.288753500848543, 6316607.832116970792413 ], [ 333745.334419016900938, 6316608.630939004011452 ], [ 333744.366419794969261, 6316609.413146427832544 ], [ 333743.385045053146314, 6316610.178505536168814 ], [ 333742.39058800553903, 6316610.926787654869258 ], [ 333741.383345775248017, 6316611.657769212499261 ], [ 333740.363619305251632, 6316612.371231807395816 ], [ 333739.331713268475141, 6316613.066962271928787 ], [ 333738.287935976870358, 6316613.744752735830843 ], [ 333737.23259928933112, 6316614.404400690458715 ], [ 333736.166018518444616, 6316615.045709046535194 ], [ 333735.088512336194981, 6316615.668486193753779 ], [ 333734.000402679026593, 6316616.27254606038332 ], [ 333732.902014651335776, 6316616.857708165422082 ], [ 333731.793676428496838, 6316617.423797673545778 ], [ 333730.675719158840366, 6316617.970645450986922 ], [ 333729.548476864700206, 6316618.498088110238314 ], [ 333728.412286342529114, 6316619.00596806127578 ], [ 333727.267487062257715, 6316619.494133561849594 ], [ 333726.114421066071372, 6316619.962438758462667 ], [ 333724.953432866022922, 6316620.41074372921139 ], [ 333723.784869341063313, 6316620.838914532214403 ], [ 333722.609079633664805, 6316621.24682323820889 ], [ 333721.426415045163594, 6316621.634347971528769 ], [ 333720.237228931102436, 6316622.00137294922024 ] ] ] ] } },
{ "type": "Feature", "properties": { "fid": "106", "Area": 46323.996 }, "geometry": { "type": "MultiPolygon", "coordinates": [ [ [ [ 333723.963545462058391, 6316634.455872742459178 ], [ 333725.367445735668298, 6316634.022579366341233 ], [ 333726.763646986044478, 6316633.565084888599813 ], [ 333728.1517320573912, 6316633.083526000380516 ], [ 333729.531286218843888, 6316632.578046580776572 ], [ 333730.901897288451437, 6316632.048797655850649 ], [ 333732.263155756285414, 6316631.49593735486269 ], [ 333733.614654906617943, 6316630.91963086090982 ], [ 333734.955990939866751, 6316630.320050362497568 ], [ 333736.28676309279399, 6316629.697375001385808 ], [ 333737.606573758414015, 6316629.05179082043469 ], [ 333738.91502860491164, 6316628.383490705862641 ], [ 333740.21173669322161, 6316627.692674332298338 ], [ 333741.496310594200622, 6316626.979548101313412 ], [ 333742.768366503820289, 6316626.244325079955161 ], [ 333744.027524358476512, 6316625.487224937416613 ], [ 333745.273407948028762, 6316624.70847387984395 ], [ 333746.5056450284319, 6316623.908304581418633 ], [ 333747.723867433087435, 6316623.086956116370857 ], [ 333748.927711182506755, 6316622.244673886336386 ], [ 333750.116816593334079, 6316621.381709547713399 ], [ 333751.29082838568138, 6316620.498320935294032 ], [ 333752.449395789415576, 6316619.594771988689899 ], [ 333753.592172648699488, 6316618.67133266851306 ], [ 333754.718817525659688, 6316617.728278879076242 ], [ 333755.82899380242452, 6316616.76589238550514 ], [ 333756.922369781474117, 6316615.784460728988051 ], [ 333757.998618784884457, 6316614.784277140162885 ], [ 333759.057419251883402, 6316613.765640453435481 ], [ 333760.098454835067969, 6316612.728855016641319 ], [ 333761.12141449470073, 6316611.674230598844588 ], [ 333762.125992591842078, 6316610.602082299999893 ], [ 333763.111888979561627, 6316609.512730455026031 ], [ 333764.078809092461597, 6316608.406500540673733 ], [ 333765.026464035152458, 6316607.283723074942827 ], [ 333765.954570668051019, 6316606.14473352022469 ], [ 333766.862851692305412, 6316604.989872181788087 ], [ 333767.751035732449964, 6316603.819484109990299 ], [ 333768.618857417721301, 6316602.633918991312385 ], [ 333769.466057461104356, 6316601.433531047776341 ], [ 333770.292382736923173, 6316600.218678930774331 ], [ 333771.097586356394459, 6316598.989725612103939 ], [ 333771.881427741551306, 6316597.747038277797401 ], [ 333772.643672696838621, 6316596.490988216362894 ], [ 333773.38409347954439, 6316595.221950709819794 ], [ 333774.102468867320567, 6316593.940304920077324 ], [ 333774.798584224539809, 6316592.646433775313199 ], [ 333775.472231566614937, 6316591.340723859146237 ], [ 333776.123209621640854, 6316590.023565288633108 ], [ 333776.751323891046923, 6316588.69535160344094 ], [ 333777.356386707397178, 6316587.356479646638036 ], [ 333777.938217290560715, 6316586.007349445484579 ], [ 333778.496641801728401, 6316584.648364090360701 ], [ 333779.031493395217694, 6316583.279929619282484 ], [ 333779.542612268647645, 6316581.902454892173409 ], [ 333780.029845710319933, 6316580.51635146792978 ], [ 333780.493048145086505, 6316579.122033487074077 ], [ 333780.932081177714281, 6316577.719917541369796 ], [ 333781.34681363432901, 6316576.31042255461216 ], [ 333806.535754146112595, 6316487.889231368899345 ], [ 333916.921242252923548, 6316487.889231368899345 ], [ 334006.178128056228161, 6316487.889231368899345 ], [ 333780.089003420376685, 6316784.829959215596318 ], [ 333619.427097240055446, 6316665.73259216081351 ], [ 333723.963545462058391, 6316634.455872742459178 ] ] ] ] } },
{ "type": "Feature", "properties": { "fid": "107", "Area": 10729.257 }, "geometry": { "type": "MultiPolygon", "coordinates": [ [ [ [ 332760.923792156332638, 6317558.000178156420588 ], [ 332700.178171488922089, 6317630.304418477229774 ], [ 332610.510388353082817, 6317554.588435517624021 ], [ 332670.626785106607713, 6317486.986189076676965 ], [ 332760.923792156332638, 6317558.000178156420588 ] ] ] ] } },
{ "type": "Feature", "properties": { "fid": "108", "Area": 11786.886 }, "geometry": { "type": "MultiPolygon", "coordinates": [ [ [ [ 332700.178171587467659, 6317630.304418351501226 ], [ 332610.512463736056816, 6317554.590187982656062 ], [ 332584.827566104358993, 6317585.806289385072887 ], [ 332577.988172126468271, 6317592.0427863355726 ], [ 332545.925530592910945, 6317631.074017466977239 ], [ 332636.222317566454876, 6317707.171649879775941 ], [ 332700.178171587467659, 6317630.304418351501226 ] ] ] ] } },
{ "type": "Feature", "properties": { "fid": "109", "Area": 11941.48 }, "geometry": { "type": "MultiPolygon", "coordinates": [ [ [ [ 332481.146510357852094, 6317706.209522882476449 ], [ 332545.925530589942355, 6317631.074017470702529 ], [ 332636.222317535895854, 6317707.171649917960167 ], [ 332573.801281625637785, 6317785.23852960858494 ], [ 332481.146510357852094, 6317706.209522882476449 ] ] ] ] } },
{ "type": "Feature", "properties": { "fid": "110", "Area": 20235.789 }, "geometry": { "type": "MultiPolygon", "coordinates": [ [ [ [ 332115.385978025500663, 6318302.738332663662732 ], [ 331954.246360662800726, 6318494.019552263431251 ], [ 331881.934002347465139, 6318430.191952199675143 ], [ 331978.517917784221936, 6318316.615931935608387 ], [ 331979.086878369038459, 6318315.958541559055448 ], [ 331979.667183378245682, 6318315.311143419705331 ], [ 331980.258657355851028, 6318314.673933260142803 ], [ 331980.861121469002683, 6318314.047103740274906 ], [ 331981.474393561831675, 6318313.430844384245574 ], [ 331982.09828821074916, 6318312.825341517105699 ], [ 331982.73261678032577, 6318312.230778215453029 ], [ 331983.377187480626162, 6318311.647334245033562 ], [ 331984.031805424776394, 6318311.075186011381447 ], [ 331984.696272688161116, 6318310.514506503939629 ], [ 331985.370388368319254, 6318309.965465244837105 ], [ 331986.053948645421769, 6318309.42822823766619 ], [ 331986.746746844204608, 6318308.902957917191088 ], [ 331987.448573496192694, 6318308.38981309812516 ], [ 331988.159216403146274, 6318307.888948932290077 ], [ 331988.878460701263975, 6318307.400516854599118 ], [ 331989.606088926200755, 6318306.92466454487294 ], [ 331990.341881078493316, 6318306.461535877548158 ], [ 331991.085614690440707, 6318306.011270879767835 ], [ 331991.837064893275965, 6318305.574005688540637 ], [ 331992.596004485036246, 6318305.149872513487935 ], [ 331993.362203999364283, 6318304.738999591208994 ], [ 331994.135431774775498, 6318304.341511148959398 ], [ 331994.915454024856444, 6318303.957527368329465 ], [ 331995.702034908928908, 6318303.587164347991347 ], [ 331996.494936603179667, 6318303.230534066446126 ], [ 331997.293919372779783, 6318302.887744352221489 ], [ 331998.098741644236725, 6318302.558898848481476 ], [ 331998.909160078503191, 6318302.244096981361508 ], [ 331999.724929644493386, 6318301.943433931097388 ], [ 332000.545803693181369, 6318301.657000605016947 ], [ 332001.371534032339696, 6318301.384883605875075 ], [ 332002.201871001219843, 6318301.127165208570659 ], [ 332003.036563546396792, 6318300.88392333406955 ], [ 332003.875359297497198, 6318300.655231527984142 ], [ 332004.71800464350963, 6318300.441158935427666 ], [ 332005.564244809560478, 6318300.241770280525088 ], [ 332006.413823933748063, 6318300.05712584964931 ], [ 332007.266485144849867, 6318299.887281469069421 ], [ 332008.121970639564097, 6318299.732288493774831 ], [ 332008.980021760682575, 6318299.592193783260882 ], [ 332009.84037907543825, 6318299.467039697803557 ], [ 332010.702782453619875, 6318299.35686407610774 ], [ 332011.566971146501601, 6318299.261700231581926 ], [ 332012.432683865365107, 6318299.181576935574412 ], [ 332013.299658861011267, 6318299.116518413648009 ], [ 332014.167634002340492, 6318299.066544337198138 ], [ 332015.036346855922602, 6318299.03166981600225 ], [ 332015.905534765333869, 6318299.011905393563211 ], [ 332016.774934930435847, 6318299.007257045246661 ], [ 332017.644284487003461, 6318299.017726178281009 ], [ 332018.513320586062036, 6318299.043309626169503 ], [ 332115.385978025500663, 6318302.738332663662732 ] ] ] ] } },
{ "type": "Feature", "properties": { "fid": "111", "Area": 10407.433 }, "geometry": { "type": "MultiPolygon", "coordinates": [ [ [ [ 331954.246360662800726, 6318494.019552263431251 ], [ 331884.061132164380979, 6318576.329329743981361 ], [ 331812.093848642194644, 6318512.31915398593992 ], [ 331881.934002347232308, 6318430.191952199675143 ], [ 331954.246360662800726, 6318494.019552263431251 ] ] ] ] } },
{ "type": "Feature", "properties": { "fid": "112", "Area": 10047.589 }, "geometry": { "type": "MultiPolygon", "coordinates": [ [ [ [ 331875.705088410351891, 6318569.311203192919493 ], [ 331884.061132164148148, 6318576.329329743981361 ], [ 331809.403470456309151, 6318654.646894417703152 ], [ 331742.336158842139412, 6318594.349383910186589 ], [ 331812.093848642194644, 6318512.31915398593992 ], [ 331875.705088410351891, 6318569.311203192919493 ] ] ] ] } },
{ "type": "Feature", "properties": { "fid": "113", "Area": 10058.307 }, "geometry": { "type": "MultiPolygon", "coordinates": [ [ [ [ 331809.403470456309151, 6318654.646894417703152 ], [ 331739.765846890106332, 6318727.698326281271875 ], [ 331647.166258119104896, 6318685.577666841447353 ], [ 331648.1771530318656, 6318684.017188670113683 ], [ 331671.271695821371395, 6318677.916288974694908 ], [ 331742.336158842139412, 6318594.349383910186589 ], [ 331809.403470456309151, 6318654.646894417703152 ] ] ] ] } },
{ "type": "Feature", "properties": { "fid": "114", "Area": 12358.601 }, "geometry": { "type": "MultiPolygon", "coordinates": [ [ [ [ 332511.306604708952364, 6317863.397508435882628 ], [ 332416.167724569095299, 6317783.130720629356802 ], [ 332481.146510358958039, 6317706.209522883407772 ], [ 332573.801281625346746, 6317785.23852960858494 ], [ 332511.306604708952364, 6317863.397508435882628 ] ] ] ] } },
{ "type": "Feature", "properties": { "fid": "115", "Area": 13901.178 }, "geometry": { "type": "MultiPolygon", "coordinates": [ [ [ [ 332441.590428595256526, 6317950.588056522421539 ], [ 332354.649404358060565, 6317872.573322783224285 ], [ 332345.253331086540129, 6317864.120083097368479 ], [ 332353.682519608468283, 6317854.5032904651016 ], [ 332402.692022507486399, 6317798.525392322801054 ], [ 332410.57978281378746, 6317790.090912776999176 ], [ 332416.098080497002229, 6317783.213199702091515 ], [ 332511.277939019026235, 6317863.433359186165035 ], [ 332441.590428595256526, 6317950.588056522421539 ] ] ] ] } },
{ "type": "Feature", "properties": { "fid": "116", "Area": 16357.829 }, "geometry": { "type": "MultiPolygon", "coordinates": [ [ [ [ 332414.058242377301212, 6317985.021190124563873 ], [ 332413.207235897192731, 6317986.066844412125647 ], [ 332412.338283670134842, 6317987.097633889876306 ], [ 332411.45164529705653, 6317988.113250605762005 ], [ 332410.54758566262899, 6317989.113391144201159 ], [ 332409.626374856103212, 6317990.097756710834801 ], [ 332359.39859788492322, 6318042.847718304023147 ], [ 332260.818293199816253, 6317960.987930175848305 ], [ 332345.374013018968981, 6317864.401508326642215 ], [ 332441.572791488375515, 6317950.610114373266697 ], [ 332414.058242377301212, 6317985.021190124563873 ] ] ] ] } },
{ "type": "Feature", "properties": { "fid": "117", "Area": 9546.3 }, "geometry": { "type": "MultiPolygon", "coordinates": [ [ [ [ 332760.923792156565469, 6317558.000178156420588 ], [ 332670.632475229620468, 6317486.990664067678154 ], [ 332682.346569263725542, 6317473.638358376920223 ], [ 332694.192507096333429, 6317458.870166504755616 ], [ 332704.600661901233252, 6317446.899518847465515 ], [ 332715.411258211534005, 6317434.251136366277933 ], [ 332729.979393812071066, 6317417.157474605366588 ], [ 332730.525625053676777, 6317416.534706332720816 ], [ 332731.373823266651016, 6317417.436365942470729 ], [ 332732.206819855666254, 6317418.352088031359017 ], [ 332733.024381710856687, 6317419.281616338528693 ], [ 332733.826280041772407, 6317420.224690739996731 ], [ 332734.612290441407822, 6317421.181047322228551 ], [ 332735.3821929487749, 6317422.150418453849852 ], [ 332752.406222511723172, 6317446.167519613169134 ], [ 332753.427421355154365, 6317447.549344038590789 ], [ 332754.472198374453001, 6317448.913428640924394 ], [ 332755.540245463955216, 6317450.259371149353683 ], [ 332756.631247655604966, 6317451.586774644441903 ], [ 332757.744883211853448, 6317452.895247673615813 ], [ 332758.880823720595799, 6317454.18440436758101 ], [ 332760.038734192028642, 6317455.453864553011954 ], [ 332761.218273157253861, 6317456.703253864310682 ], [ 332762.419092769152485, 6317457.932203855365515 ], [ 332763.640838905004784, 6317459.140352108515799 ], [ 332764.883151270798407, 6317460.327342338860035 ], [ 332766.145663507457357, 6317461.492824502289295 ], [ 332767.428003299050033, 6317462.636454897001386 ], [ 332768.729792482336052, 6317463.757896265946329 ], [ 332770.050647158641368, 6317464.856817894615233 ], [ 332771.390177806606516, 6317465.932895709760487 ], [ 332772.747989397554193, 6317466.985812375321984 ], [ 332774.12368151161354, 6317468.015257384628057 ], [ 332775.516848455939908, 6317469.020927155390382 ], [ 332776.927079384389799, 6317470.002525112591684 ], [ 332778.353958418534603, 6317470.959761782549322 ], [ 332779.797064770478755, 6317471.892354876734316 ], [ 332781.255972866958473, 6317472.800029370933771 ], [ 332782.73025247460464, 6317473.682517590932548 ], [ 332784.21946882706834, 6317474.539559291675687 ], [ 332785.723182753077708, 6317475.370901730842888 ], [ 332787.240950806124602, 6317476.176299743354321 ], [ 332788.772325394966174, 6317476.955515816807747 ], [ 332810.089458542002831, 6317487.274146858602762 ], [ 332810.186943521955982, 6317487.485759970732033 ], [ 332810.280762021662667, 6317487.69902393873781 ], [ 332810.370886097138282, 6317487.913875239901245 ], [ 332810.457288904755842, 6317488.130249881185591 ], [ 332810.539944709336851, 6317488.348083416 ], [ 332810.618828891718294, 6317488.567310960963368 ], [ 332810.693917956086807, 6317488.787867219187319 ], [ 332810.765189537138212, 6317489.009686497971416 ], [ 332810.832622406480368, 6317489.232702727429569 ], [ 332810.896196479152422, 6317489.45684948284179 ], [ 332810.955892819503788, 6317489.682060001417994 ], [ 332811.011693646898493, 6317489.908267203718424 ], [ 332811.063582341012079, 6317490.135403713211417 ], [ 332811.111543446662836, 6317490.363401877693832 ], [ 332811.155562678584829, 6317490.592193787917495 ], [ 332811.195626925618853, 6317490.821711296215653 ], [ 332811.23172425449593, 6317491.051886041648686 ], [ 332811.263843913679011, 6317491.282649466767907 ], [ 332811.291976336156949, 6317491.513932837173343 ], [ 332811.316113142762333, 6317491.745667264796793 ], [ 332811.336247144208755, 6317491.977783728390932 ], [ 332811.35237234365195, 6317492.210213091224432 ], [ 332811.364483938144986, 6317492.442886123433709 ], [ 332811.372578320151661, 6317492.675733523443341 ], [ 332811.376653078885283, 6317492.908685937523842 ], [ 332811.376707000541501, 6317493.141673979349434 ], [ 332811.372740069171414, 6317493.374628254212439 ], [ 332811.364753466274124, 6317493.607479375787079 ], [ 332811.352749570622109, 6317493.840157989412546 ], [ 332811.336731957737356, 6317494.07259479071945 ], [ 332811.316705398319755, 6317494.304720548912883 ], [ 332811.292675857432187, 6317494.536466124467552 ], [ 332811.264650492288638, 6317494.767762492410839 ], [ 332811.23263765021693, 6317494.998540759086609 ], [ 332811.196646866330411, 6317495.228732188232243 ], [ 332811.15668886055937, 6317495.458268217742443 ], [ 332811.112775534449611, 6317495.687080477364361 ], [ 332811.064919967669994, 6317495.9151008175686 ], [ 332811.013136413996108, 6317496.142261320725083 ], [ 332810.957440297293942, 6317496.368494327180088 ], [ 332810.89784820668865, 6317496.593732452951372 ], [ 332810.834377891849726, 6317496.817908611148596 ], [ 332810.767048257403076, 6317497.04095602966845 ], [ 332810.69587935769232, 6317497.26280827447772 ], [ 332810.620892390375957, 6317497.483399265445769 ], [ 332810.542109690490179, 6317497.702663300558925 ], [ 332810.459554723580368, 6317497.92053506989032 ], [ 332810.373252078716177, 6317498.136949681676924 ], [ 332810.28322746133199, 6317498.35184267628938 ], [ 332810.189507685368881, 6317498.565150046721101 ], [ 332810.092120665358379, 6317498.77680825907737 ], [ 332809.991095408215187, 6317498.986754271201789 ], [ 332809.886462004447822, 6317499.194925550371408 ], [ 332809.778251619252842, 6317499.4012600928545 ], [ 332809.666496483259834, 6317499.605696440674365 ], [ 332809.551229882927146, 6317499.808173702098429 ], [ 332809.432486150588375, 6317500.008631570264697 ], [ 332809.310300654149614, 6317500.207010337151587 ], [ 332809.184709786844905, 6317500.403250914998353 ], [ 332809.055750956060365, 6317500.597294854931533 ], [ 332808.923462572391145, 6317500.789084360003471 ], [ 332808.78788403805811, 6317500.978562305681407 ], [ 332808.649055735440925, 6317501.165672254748642 ], [ 332808.507019014621619, 6317501.350358476862311 ], [ 332808.361816181568429, 6317501.532565962523222 ], [ 332808.213490484980866, 6317501.712240441702306 ], [ 332760.923792156565469, 6317558.000178156420588 ] ] ] ] } },
{ "type": "Feature", "properties": { "fid": "118", "Area": 89853.457 }, "geometry": { "type": "MultiPolygon", "coordinates": [ [ [ [ 333586.18260078394087, 6317039.502573060803115 ], [ 333345.294088456605095, 6316860.829100148752332 ], [ 333346.366736241383478, 6316859.43876828532666 ], [ 333347.41909435641719, 6316858.03301640227437 ], [ 333348.450941160554066, 6316856.612140568904579 ], [ 333349.462059332698118, 6316855.176440042443573 ], [ 333439.656761802034453, 6316725.113140473142266 ], [ 333439.804497594188433, 6316724.903937706723809 ], [ 333439.955783632060047, 6316724.697287769056857 ], [ 333440.110575813043397, 6316724.493250902742147 ], [ 333440.268829012347851, 6316724.291886589489877 ], [ 333440.430497096269391, 6316724.093253528699279 ], [ 333440.595532935461961, 6316723.897409628145397 ], [ 333440.763888419023715, 6316723.704411976970732 ], [ 333440.935514468175825, 6316723.514316840097308 ], [ 333441.110361050756183, 6316723.327179632149637 ], [ 333441.288377195771318, 6316723.143054908141494 ], [ 333441.469511008181144, 6316722.961996342986822 ], [ 333441.65370968420757, 6316722.784056719392538 ], [ 333441.840919526410289, 6316722.609287910163403 ], [ 333442.03108595975209, 6316722.437740862369537 ], [ 333442.224153547198512, 6316722.269465586170554 ], [ 333442.420066005899571, 6316722.104511136189103 ], [ 333442.618766223837156, 6316721.942925600335002 ], [ 333442.820196276181377, 6316721.784756083972752 ], [ 333443.024297442345414, 6316721.6300486959517 ], [ 333443.231010223040357, 6316721.478848536498845 ], [ 333443.440274357737508, 6316721.331199683248997 ], [ 333443.652028842014261, 6316721.187145178206265 ], [ 333443.866211945540272, 6316721.046727016568184 ], [ 333444.082761229947209, 6316720.909986132755876 ], [ 333444.301613567164168, 6316720.776962389238179 ], [ 333445.500846351787914, 6316720.078373722732067 ], [ 333446.711325378797483, 6316719.39945846889168 ], [ 333447.932727934326977, 6316718.740397626534104 ], [ 333449.164728392439429, 6316718.101366901770234 ], [ 333450.406998301739804, 6316717.482536659575999 ], [ 333451.659206473035738, 6316716.884071880020201 ], [ 333452.921019067522138, 6316716.306132114492357 ], [ 333454.192099685955327, 6316715.74887144099921 ], [ 333455.472109458060004, 6316715.212438425980508 ], [ 333456.760707133216783, 6316714.696976082399487 ], [ 333458.057549171266146, 6316714.202621831558645 ], [ 333459.362289833952673, 6316713.729507469572127 ], [ 333460.674581277475227, 6316713.277759128250182 ], [ 333461.994073644687887, 6316712.847497244365513 ], [ 333463.320415159047116, 6316712.438836524263024 ], [ 333619.42709724267479, 6316665.732592163607478 ], [ 333780.089003420434892, 6316784.829959215596318 ], [ 333586.18260078394087, 6317039.502573060803115 ] ] ] ] } },
{ "type": "Feature", "properties": { "fid": "131", "Area": 8353.104 }, "geometry": { "type": "MultiPolygon", "coordinates": [ [ [ [ 330294.03677874756977, 6319841.341235865838826 ], [ 330207.36941654747352, 6319827.500855879858136 ], [ 330259.973410053178668, 6319711.032856681384146 ], [ 330311.158342174254358, 6319734.141213478520513 ], [ 330294.03677874756977, 6319841.341235865838826 ] ] ] ] } },
{ "type": "Feature", "properties": { "fid": "132", "Area": 16017.563 }, "geometry": { "type": "MultiPolygon", "coordinates": [ [ [ [ 330207.36941654747352, 6319827.500855879858136 ], [ 330141.480146643240005, 6319762.450221933424473 ], [ 330139.590532480855472, 6319760.563216289505363 ], [ 330137.733708528743591, 6319758.643936009146273 ], [ 330135.910225955070928, 6319756.692950799129903 ], [ 330134.120626031013671, 6319754.710839779116213 ], [ 330132.365439970453735, 6319752.698191306553781 ], [ 330130.645188771770336, 6319750.65560280252248 ], [ 330128.960383063764311, 6319748.583680576644838 ], [ 330127.31152295373613, 6319746.483039645478129 ], [ 330125.699097878998145, 6319744.354303549975157 ], [ 330124.123586461821105, 6319742.1981041720137 ], [ 330122.585456367349252, 6319740.015081543475389 ], [ 330121.085164164425805, 6319737.805883659981191 ], [ 330119.623155190609396, 6319735.571166285313666 ], [ 330118.199863419518806, 6319733.311592759564519 ], [ 330116.815711332252249, 6319731.027833800762892 ], [ 330115.471109791949857, 6319728.720567304641008 ], [ 330114.166457921790425, 6319726.390478147193789 ], [ 330112.90214298653882, 6319724.038257977925241 ], [ 330111.678540277585853, 6319721.664605013094842 ], [ 330110.496013001597021, 6319719.270223835483193 ], [ 330109.354912172595505, 6319716.855825177393854 ], [ 330108.255576507886872, 6319714.422125712968409 ], [ 330107.198332327534445, 6319711.969847848638892 ], [ 330106.183493457210716, 6319709.49971950147301 ], [ 330105.211361135356128, 6319707.012473889626563 ], [ 330074.915454758796841, 6319627.485119476914406 ], [ 330259.973410053178668, 6319711.032856681384146 ], [ 330207.36941654747352, 6319827.500855879858136 ] ] ] ] } },
{ "type": "Feature", "properties": { "fid": "133", "Area": 9358.769 }, "geometry": { "type": "MultiPolygon", "coordinates": [ [ [ [ 330423.134743225760758, 6320385.857440445572138 ], [ 330333.777687454596162, 6320351.633743055164814 ], [ 330338.388014226686209, 6320344.048429167829454 ], [ 330345.746321669779718, 6320334.950655466876924 ], [ 330380.957551195751876, 6320297.267059698700905 ], [ 330434.534961576107889, 6320239.927696595899761 ], [ 330447.323374086525291, 6320251.056593950837851 ], [ 330447.832341176399495, 6320251.507369879633188 ], [ 330448.333372847177088, 6320251.966949798166752 ], [ 330448.826316830585711, 6320252.435194035060704 ], [ 330449.311023316171486, 6320252.91196028701961 ], [ 330449.787344996992033, 6320253.397103660739958 ], [ 330450.255137114436366, 6320253.890476715750992 ], [ 330450.714257501938846, 6320254.391929510980844 ], [ 330451.164566628460307, 6320254.901309651322663 ], [ 330451.605927640688606, 6320255.41846233047545 ], [ 330452.038206404831726, 6320255.943230380304158 ], [ 330452.461271547304932, 6320256.475454319268465 ], [ 330452.874994494428392, 6320257.014972400851548 ], [ 330453.279249512008391, 6320257.561620657332242 ], [ 330453.673913742939476, 6320258.115232960321009 ], [ 330454.058867245097645, 6320258.675641058944166 ], [ 330454.433993027312681, 6320259.242674642242491 ], [ 330454.799177085398696, 6320259.816161381080747 ], [ 330455.154308436380234, 6320260.395926988683641 ], [ 330455.499279152427334, 6320260.981795269064605 ], [ 330455.833984393684659, 6320261.573588170111179 ], [ 330456.158322439994663, 6320262.171125841327012 ], [ 330456.472194721922278, 6320262.774226684123278 ], [ 330456.775505850731861, 6320263.382707411423326 ], [ 330457.068163647199981, 6320263.99638309981674 ], [ 330457.35007916984614, 6320264.61506724730134 ], [ 330457.621166741941124, 6320265.238571830093861 ], [ 330457.881343977234792, 6320265.866707359440625 ], [ 330458.130531805451028, 6320266.499282938428223 ], [ 330458.36865449603647, 6320267.136106320656836 ], [ 330458.595639681268949, 6320267.7769839707762 ], [ 330458.811418378085364, 6320268.421721118502319 ], [ 330459.015925009327475, 6320269.070121823810041 ], [ 330459.209097423474304, 6320269.721989030018449 ], [ 330459.390876913559623, 6320270.377124629914761 ], [ 330459.561208235099912, 6320271.035329519771039 ], [ 330459.720039622741751, 6320271.696403665468097 ], [ 330459.867322806094307, 6320272.360146161168814 ], [ 330460.003013024455868, 6320273.026355287991464 ], [ 330460.127069040259812, 6320273.694828580133617 ], [ 330460.239453151647467, 6320274.365362879820168 ], [ 330460.340131204051431, 6320275.037754408083856 ], [ 330460.429072600440122, 6320275.711798815988004 ], [ 330460.506250310689211, 6320276.387291256338358 ], [ 330460.571640879672486, 6320277.064026441425085 ], [ 330460.625224434712436, 6320277.741798703558743 ], [ 330460.666984691109974, 6320278.420402061194181 ], [ 330460.696908957674168, 6320279.099630281329155 ], [ 330460.71498813998187, 6320279.779276939108968 ], [ 330460.72121674369555, 6320280.459135483950377 ], [ 330460.715592875843868, 6320281.138999300077558 ], [ 330460.698118245578371, 6320281.818661770783365 ], [ 330460.668798163649626, 6320282.497916338965297 ], [ 330460.627641540602781, 6320283.176556574180722 ], [ 330460.574660884449258, 6320283.85437623038888 ], [ 330460.509872296475805, 6320284.53116931207478 ], [ 330460.433295466529671, 6320285.206730135716498 ], [ 330460.344953667081427, 6320285.880853390321136 ], [ 330460.244873746007215, 6320286.553334204480052 ], [ 330460.133086118556093, 6320287.223968205042183 ], [ 330460.009624758036807, 6320287.892551580443978 ], [ 330459.87452718563145, 6320288.558881140314043 ], [ 330459.727834458695725, 6320289.22275438066572 ], [ 330459.569591158593539, 6320289.883969546295702 ], [ 330459.399845376901794, 6320290.542325684800744 ], [ 330459.218648701091297, 6320291.197622718289495 ], [ 330459.026056198519655, 6320291.849661492742598 ], [ 330458.822126399842091, 6320292.498243849724531 ], [ 330458.606921281374525, 6320293.143172678537667 ], [ 330458.380506245885044, 6320293.784251977689564 ], [ 330458.142950103152543, 6320294.421286918222904 ], [ 330423.134743225760758, 6320385.857440445572138 ] ] ] ] } },
{ "type": "Feature", "properties": { "fid": "134", "Area": 13244.654 }, "geometry": { "type": "MultiPolygon", "coordinates": [ [ [ [ 331078.613642578478903, 6320314.572408435866237 ], [ 331039.45054560340941, 6320318.063651100732386 ], [ 330984.759569147601724, 6320247.163361456245184 ], [ 330984.691696648893412, 6320247.07319637387991 ], [ 330984.62539486278547, 6320246.981870082207024 ], [ 330984.560683651943691, 6320246.88940994348377 ], [ 330984.49758240225492, 6320246.795843653380871 ], [ 330984.436110017413739, 6320246.701199244707823 ], [ 330984.376284913276322, 6320246.605505069717765 ], [ 330984.318125011923257, 6320246.508789796382189 ], [ 330984.261647736886516, 6320246.411082398146391 ], [ 330984.206870007445104, 6320246.312412146478891 ], [ 330984.153808233735617, 6320246.212808600626886 ], [ 330984.102478311862797, 6320246.11230159830302 ], [ 330984.052895619126502, 6320246.010921251028776 ], [ 330984.0050750093651, 6320245.908697929233313 ], [ 330983.959030808589887, 6320245.80566225759685 ], [ 330983.914776810561307, 6320245.701845101080835 ], [ 330983.872326272772625, 6320245.59727756306529 ], [ 330983.831691912433598, 6320245.491990968585014 ], [ 330983.792885902745184, 6320245.386016858741641 ], [ 330983.755919868999626, 6320245.279386982321739 ], [ 330983.720804885495454, 6320245.172133282758296 ], [ 330983.687551471812185, 6320245.064287889748812 ], [ 330983.656169589958154, 6320244.955883112736046 ], [ 330983.626668641227297, 6320244.846951426006854 ], [ 330983.599057463405188, 6320244.737525464966893 ], [ 330983.573344328266103, 6320244.627638009376824 ], [ 330983.549536938720848, 6320244.517321979627013 ], [ 330983.527642427070532, 6320244.406610423699021 ], [ 330983.507667352387216, 6320244.295536507852376 ], [ 330983.48961769870948, 6320244.184133509173989 ], [ 330983.473498873296194, 6320244.072434799745679 ], [ 330983.459315705054905, 6320243.96047384198755 ], [ 330983.447072442853823, 6320243.848284178413451 ], [ 330983.436772754532285, 6320243.735899416729808 ], [ 330983.428419725678395, 6320243.623353225179017 ], [ 330983.422015858639497, 6320243.510679320432246 ], [ 330983.417563071881887, 6320243.397911458276212 ], [ 330983.415062699350528, 6320243.28508341871202 ], [ 330983.414515490119811, 6320243.172229005023837 ], [ 330983.4159216080443, 6320243.059382024221122 ], [ 330983.419280631991569, 6320242.946576283313334 ], [ 330983.42459155555116, 6320242.833845576271415 ], [ 330983.431852787849493, 6320242.721223674714565 ], [ 330983.44106215343345, 6320242.608744316734374 ], [ 330983.452216893492732, 6320242.496441200375557 ], [ 330983.465313666267321, 6320242.384347967803478 ], [ 330983.480348548269831, 6320242.27249819971621 ], [ 330983.497317035391461, 6320242.160925405099988 ], [ 330983.516214044240769, 6320242.049663006328046 ], [ 330983.537033913715277, 6320241.938744336366653 ], [ 330983.559770406689495, 6320241.828202624805272 ], [ 330983.584416711761151, 6320241.718070985749364 ], [ 330983.610965445521288, 6320241.608382413163781 ], [ 330983.639408654533327, 6320241.499169766902924 ], [ 330983.669737817835994, 6320241.390465764328837 ], [ 330983.70194384950446, 6320241.282302971929312 ], [ 330983.736017101386096, 6320241.17471379134804 ], [ 330983.771947365894448, 6320241.067730454728007 ], [ 330983.809723879094236, 6320240.961385011672974 ], [ 330983.849335324019194, 6320240.855709320865571 ], [ 330983.890769833989907, 6320240.750735039822757 ], [ 330983.934014996164478, 6320240.64649361744523 ], [ 330983.979057855263818, 6320240.543016280978918 ], [ 330984.025884917471558, 6320240.440334031358361 ], [ 330984.074482154450379, 6320240.338477628305554 ], [ 330984.124835007591173, 6320240.237477586604655 ], [ 330984.176928392320406, 6320240.137364163994789 ], [ 330984.23074670258211, 6320240.038167350925505 ], [ 330984.286273815669119, 6320239.939916864968836 ], [ 330984.343493096937891, 6320239.842642140574753 ], [ 330984.402387404756155, 6320239.746372317895293 ], [ 330984.462939095741604, 6320239.651136237196624 ], [ 330984.525130029942375, 6320239.556962430477142 ], [ 330984.588941576424986, 6320239.463879108428955 ], [ 330984.654354618687648, 6320239.371914158575237 ], [ 330984.721349560422823, 6320239.281095129437745 ], [ 330984.789906331454404, 6320239.191449229605496 ], [ 330984.860004393733107, 6320239.103003314696252 ], [ 330984.931622747506481, 6320239.015783880837262 ], [ 330985.004739937547129, 6320238.929817057214677 ], [ 330985.079334059555549, 6320238.845128597691655 ], [ 330985.15538276679581, 6320238.76174387242645 ], [ 330985.232863276905846, 6320238.679687862284482 ], [ 330985.311752378358506, 6320238.598985149525106 ], [ 330985.392026437853929, 6320238.519659909419715 ], [ 330985.473661407013424, 6320238.441735908389091 ], [ 330985.556632829946466, 6320238.365236488170922 ], [ 330985.640915850235615, 6320238.290184568613768 ], [ 330985.726485218619928, 6320238.21660263184458 ], [ 330985.813315300445538, 6320238.144512721337378 ], [ 330985.901380083407275, 6320238.073936434462667 ], [ 330985.99065318563953, 6320238.004894915036857 ], [ 331039.313297620043159, 6320197.235670343972743 ], [ 331041.355220363242552, 6320195.647640006616712 ], [ 331043.370702245330904, 6320194.02618336956948 ], [ 331045.359196137695108, 6320192.371740598231554 ], [ 331047.320162238087505, 6320190.684760812669992 ], [ 331049.253068216901738, 6320188.965701965615153 ], [ 331051.157389361935202, 6320187.215030717663467 ], [ 331053.032608720706776, 6320185.433222310617566 ], [ 331054.878217240679078, 6320183.620760439895093 ], [ 331056.693713907618076, 6320181.778137120418251 ], [ 331058.478605881566182, 6320179.905852558091283 ], [ 331060.232408630545251, 6320178.004415006376803 ], [ 331061.954646062280517, 6320176.074340637773275 ], [ 331063.644850653130561, 6320174.11615339294076 ], [ 331065.302563575329259, 6320172.130384849384427 ], [ 331066.927334821317345, 6320170.117574067786336 ], [ 331144.046833240892738, 6320229.282642751932144 ], [ 331078.613642578478903, 6320314.572408435866237 ] ] ] ] } },
{ "type": "Feature", "properties": { "fid": "135", "Area": 13691.952 }, "geometry": { "type": "MultiPolygon", "coordinates": [ [ [ [ 330293.9744339636527, 6319841.310009326785803 ], [ 330311.095997389871627, 6319734.109986938536167 ], [ 330444.06019752798602, 6319794.139062867499888 ], [ 330453.595144243445247, 6319798.44378578197211 ], [ 330453.729382213554345, 6319798.50580115057528 ], [ 330453.862521058064885, 6319798.570142324082553 ], [ 330453.994520483887754, 6319798.63678983040154 ], [ 330454.125340542697813, 6319798.705723499879241 ], [ 330454.254941643099301, 6319798.776922469958663 ], [ 330454.383284562616609, 6319798.850365192629397 ], [ 330454.510330459510442, 6319798.9260294418782 ], [ 330454.636040884710383, 6319799.003892318345606 ], [ 330454.760377793165389, 6319799.083930257707834 ], [ 330454.883303555543534, 6319799.16611903719604 ], [ 330455.004780969640706, 6319799.250433783046901 ], [ 330455.12477327149827, 6319799.336848978884518 ], [ 330455.243244146637153, 6319799.425338471308351 ], [ 330455.360157741000876, 6319799.515875480137765 ], [ 330455.475478672015015, 6319799.608432604931295 ], [ 330455.58917203877354, 6319799.702981835231185 ], [ 330455.701203433214687, 6319799.79949455615133 ], [ 330455.811538950132672, 6319799.897941557690501 ], [ 330455.920145197596867, 6319799.998293047770858 ], [ 330456.026989307021722, 6319800.100518655031919 ], [ 330456.132038943120278, 6319800.204587442800403 ], [ 330456.235262313683052, 6319800.310467914678156 ], [ 330456.336628179065883, 6319800.418128027580678 ], [ 330456.436105862085242, 6319800.527535198256373 ], [ 330456.533665256691165, 6319800.638656317256391 ], [ 330456.629276837571524, 6319800.751457754522562 ], [ 330456.722911668824963, 6319800.865905370563269 ], [ 330456.814541412750259, 6319800.981964530423284 ], [ 330456.904138338635676, 6319801.099600109271705 ], [ 330456.991675330791622, 6319801.218776506371796 ], [ 330457.077125897048973, 6319801.339457653462887 ], [ 330457.160464176675305, 6319801.461607027798891 ], [ 330457.241664948058315, 6319801.585187662392855 ], [ 330457.320703636738472, 6319801.710162156261504 ], [ 330457.397556322393939, 6319801.836492688395083 ], [ 330457.472199746349361, 6319801.964141024276614 ], [ 330457.544611318502575, 6319802.093068534508348 ], [ 330457.614769124193117, 6319802.223236198537052 ], [ 330457.6826519308961, 6319802.354604624211788 ], [ 330457.748239194508642, 6319802.487134052440524 ], [ 330457.811511065810919, 6319802.620784374885261 ], [ 330457.872448396112304, 6319802.755515145137906 ], [ 330457.931032743363176, 6319802.891285586170852 ], [ 330457.987246377568226, 6319803.028054609894753 ], [ 330458.041072286316194, 6319803.165780824609101 ], [ 330458.092494179669302, 6319803.304422548040748 ], [ 330458.141496495343745, 6319803.443937821313739 ], [ 330458.188064403191675, 6319803.584284422919154 ], [ 330458.232183810032438, 6319803.725419877097011 ], [ 330458.273841363494284, 6319803.867301471531391 ], [ 330458.313024456379935, 6319804.009886266663671 ], [ 330458.349721230275463, 6319804.153131110593677 ], [ 330458.383920579275582, 6319804.296992651186883 ], [ 330458.415612153301481, 6319804.441427351906896 ], [ 330458.444786361185834, 6319804.586391499266028 ], [ 330458.471434373699594, 6319804.731841223314404 ], [ 330458.495548126054928, 6319804.877732502296567 ], [ 330458.517120320466347, 6319805.024021185934544 ], [ 330458.536144428362604, 6319805.170663001015782 ], [ 330458.552614692191128, 6319805.317613567225635 ], [ 330458.566526127513498, 6319805.464828412048519 ], [ 330458.577874524111394, 6319805.612262981943786 ], [ 330458.58665644749999, 6319805.75987265817821 ], [ 330458.592869239975698, 6319805.907612767070532 ], [ 330458.596511021198239, 6319806.055438596755266 ], [ 330458.597580689121969, 6319806.203305409289896 ], [ 330458.59607791993767, 6319806.351168454624712 ], [ 330458.592003168538213, 6319806.498982983641326 ], [ 330458.585357667994685, 6319806.646704261191189 ], [ 330458.576143429556396, 6319806.794287580996752 ], [ 330458.564363241894171, 6319806.941688278689981 ], [ 330458.55002066999441, 6319807.088861745782197 ], [ 330458.533120054635219, 6319807.235763439908624 ], [ 330458.51366651058197, 6319807.38234890345484 ], [ 330458.491665925364941, 6319807.528573773801327 ], [ 330449.158705869223922, 6319866.092225339263678 ], [ 330293.9744339636527, 6319841.310009326785803 ] ] ] ] } },
{ "type": "Feature", "properties": { "fid": "136", "Area": 3758.636 }, "geometry": { "type": "MultiPolygon", "coordinates": [ [ [ [ 330461.996044187340885, 6319868.142289352603257 ], [ 330470.032358237542212, 6319817.714998003095388 ], [ 330470.056820308440365, 6319817.569623156450689 ], [ 330470.083799894258846, 6319817.424694412387908 ], [ 330470.113288879743777, 6319817.280255364254117 ], [ 330470.145278394804336, 6319817.136349458247423 ], [ 330470.179758817248512, 6319816.993019980378449 ], [ 330470.216719775693491, 6319816.850310041569173 ], [ 330470.256150152534246, 6319816.708262570202351 ], [ 330470.29803808737779, 6319816.566920290701091 ], [ 330470.342370980710257, 6319816.426325719803572 ], [ 330470.389135497505777, 6319816.286521146073937 ], [ 330470.438317571359221, 6319816.1475486215204 ], [ 330470.489902408735361, 6319816.009449948556721 ], [ 330470.543874493334442, 6319815.872266666032374 ], [ 330470.60021759069059, 6319815.736040038056672 ], [ 330470.658914753235877, 6319815.60081104002893 ], [ 330470.719948325364385, 6319815.466620347462595 ], [ 330470.783299948670901, 6319815.33350832387805 ], [ 330470.848950567422435, 6319815.201515008695424 ], [ 330470.916880434495397, 6319815.070680105127394 ], [ 330470.987069117021747, 6319814.941042966209352 ], [ 330471.059495502850041, 6319814.812642586417496 ], [ 330471.134137806657236, 6319814.685517587698996 ], [ 330471.210973576700781, 6319814.559706207364798 ], [ 330471.289979701221455, 6319814.43524628970772 ], [ 330471.371132415952161, 6319814.312175270169973 ], [ 330471.454407310695387, 6319814.190530168823898 ], [ 330471.539779337006621, 6319814.070347574539483 ], [ 330471.627222815703135, 6319813.951663636602461 ], [ 330471.716711444372777, 6319813.834514056332409 ], [ 330471.808218305639457, 6319813.718934070318937 ], [ 330471.901715874846559, 6319813.604958443902433 ], [ 330471.997176028729882, 6319813.49262145999819 ], [ 330472.094570053624921, 6319813.381956908851862 ], [ 330472.193868654081598, 6319813.272998077794909 ], [ 330472.295041961886454, 6319813.165777741000056 ], [ 330472.398059544968419, 6319813.060328149236739 ], [ 330472.502890416304581, 6319812.95668102055788 ], [ 330472.609503043699078, 6319812.854867530986667 ], [ 330472.717865358863492, 6319812.754918306134641 ], [ 330472.827944767253939, 6319812.656863409094512 ], [ 330472.939708157791756, 6319812.560732334852219 ], [ 330473.053121912991628, 6319812.466553999111056 ], [ 330473.168151918856893, 6319812.374356728978455 ], [ 330473.284763575182296, 6319812.284168256446719 ], [ 330473.402921806205995, 6319812.196015710942447 ], [ 330473.522591070795897, 6319812.109925606288016 ], [ 330473.643735373334493, 6319812.025923839770257 ], [ 330473.766318274603691, 6319811.944035677239299 ], [ 330473.890302902553231, 6319811.864285749383271 ], [ 330474.01565196365118, 6319811.786698046140373 ], [ 330474.142327753885183, 6319811.711295903660357 ], [ 330474.270292170054745, 6319811.638102002441883 ], [ 330474.399506721529178, 6319811.567138359881938 ], [ 330474.529932541539893, 6319811.498426320962608 ], [ 330474.661530399112962, 6319811.431986552663147 ], [ 330474.794260710477829, 6319811.367839040234685 ], [ 330474.928083551523741, 6319811.306003078818321 ], [ 330475.062958669266663, 6319811.246497267857194 ], [ 330475.19884549442213, 6319811.189339507371187 ], [ 330475.335703153221402, 6319811.134546988643706 ], [ 330475.473490479984321, 6319811.082136193290353 ], [ 330475.612166029284708, 6319811.032122885808349 ], [ 330475.751688088697847, 6319810.984522109851241 ], [ 330475.89201469096588, 6319810.939348184503615 ], [ 330476.033103627036326, 6319810.896614695899189 ], [ 330476.174912458343897, 6319810.856334499083459 ], [ 330476.317398530023638, 6319810.818519709631801 ], [ 330476.46051898325095, 6319810.783181702718139 ], [ 330476.604230768571142, 6319810.750331106595695 ], [ 330476.748490658588707, 6319810.719977803528309 ], [ 330476.893255261005834, 6319810.692130922339857 ], [ 330477.038481031835545, 6319810.666798840276897 ], [ 330477.184124288207386, 6319810.643989176489413 ], [ 330477.330141221813392, 6319810.623708792030811 ], [ 330477.476487911888398, 6319810.605963787063956 ], [ 330477.623120338481385, 6319810.590759498998523 ], [ 330477.769994395668618, 6319810.578100501559675 ], [ 330477.91706590494141, 6319810.567990601994097 ], [ 330478.064290628244635, 6319810.560432842001319 ], [ 330478.211624281597324, 6319810.555429494939744 ], [ 330478.359022548131179, 6319810.552982063964009 ], [ 330478.50644109165296, 6319810.553091287612915 ], [ 330478.653835569741204, 6319810.555757131427526 ], [ 330478.801161647308618, 6319810.560978794470429 ], [ 330478.948375009815209, 6319810.568754705600441 ], [ 330479.095431376597844, 6319810.579082526266575 ], [ 330479.24228651431622, 6319810.591959149576724 ], [ 330479.388896250049584, 6319810.607380702160299 ], [ 330479.535216484684497, 6319810.625342545099556 ], [ 330479.68120320624439, 6319810.645839277654886 ], [ 330479.826812503160909, 6319810.668864731676877 ], [ 330479.972000577137806, 6319810.694411983713508 ], [ 330480.116723756829742, 6319810.722473347559571 ], [ 330480.260938510589767, 6319810.753040383569896 ], [ 330480.404601459740661, 6319810.786103897728026 ], [ 330480.547669391613454, 6319810.821653943508863 ], [ 330480.690099272411317, 6319810.85967982839793 ], [ 330480.831848260422703, 6319810.900170114822686 ], [ 330480.972873718594201, 6319810.943112622946501 ], [ 330481.113133227627259, 6319810.98849443718791 ], [ 330481.252584598434623, 6319811.036301906220615 ], [ 330481.391185885237064, 6319811.086520649492741 ], [ 330481.528895397786982, 6319811.13913556188345 ], [ 330481.665671714174096, 6319811.194130818359554 ], [ 330481.801473693107255, 6319811.251489874906838 ], [ 330481.936260486487299, 6319811.31119547970593 ], [ 330541.394961858633906, 6319838.268398141488433 ], [ 330532.213194408454001, 6319879.355645985342562 ], [ 330461.996044187340885, 6319868.142289352603257 ] ] ] ] } },
{ "type": "Feature", "properties": { "fid": "137", "Area": 26024.534 }, "geometry": { "type": "MultiPolygon", "coordinates": [ [ [ [ 330781.16093142144382, 6319929.370824459940195 ], [ 331096.569558447692543, 6320072.131512922234833 ], [ 331070.569744843523949, 6320129.698020720854402 ], [ 331069.640602422354277, 6320131.71219371445477 ], [ 331068.679437301587313, 6320133.711283531039953 ], [ 331067.686494247114751, 6320135.69478109292686 ], [ 331066.662026117439382, 6320137.662181289866567 ], [ 331065.606293798831757, 6320139.612983114086092 ], [ 331064.519566139439121, 6320141.546689782291651 ], [ 331063.402119880425744, 6320143.462808866985142 ], [ 331062.254239585483447, 6320145.360852415673435 ], [ 331061.076217568712309, 6320147.240337083116174 ], [ 331059.868353819823824, 6320149.100784246809781 ], [ 331058.630955928005278, 6320150.941720134578645 ], [ 331047.256424095248803, 6320143.515246539376676 ], [ 331035.757432552229147, 6320136.282980090938509 ], [ 331024.137296827218961, 6320129.247006085701287 ], [ 331012.39936737815151, 6320122.40935321804136 ], [ 331000.547028626664542, 6320115.771993005648255 ], [ 330988.583697982307058, 6320109.33683920931071 ], [ 330976.512824857025407, 6320103.105747292749584 ], [ 330964.33788967091823, 6320097.080513878725469 ], [ 330952.062402848328929, 6320091.262876235879958 ], [ 330939.689903805963695, 6320085.654511774890125 ], [ 330927.223959932278376, 6320080.257037567906082 ], [ 330914.668165558832698, 6320075.072009879164398 ], [ 330902.026140923902858, 6320070.100923718884587 ], [ 330889.301531128876377, 6320065.345212411135435 ], [ 330876.498005086963531, 6320060.806247180327773 ], [ 330863.619254465447739, 6320056.485336753539741 ], [ 330850.668992621358484, 6320052.383726990781724 ], [ 330837.65095353074139, 6320048.502600516192615 ], [ 330824.568890711758286, 6320044.843076382763684 ], [ 330811.426576143014245, 6320041.40620975010097 ], [ 330798.227799175307155, 6320038.192991575226188 ], [ 330781.16093142144382, 6319929.370824459940195 ] ] ] ] } },
{ "type": "Feature", "properties": { "fid": "138", "Area": 4965.831 }, "geometry": { "type": "MultiPolygon", "coordinates": [ [ [ [ 331078.5512978695333, 6320314.541181703098118 ], [ 331039.388200937304646, 6320318.0324243651703 ], [ 331017.664027404505759, 6320289.869639647193253 ], [ 331098.669678935781121, 6320227.886746910400689 ], [ 331127.854164692107588, 6320250.276701930910349 ], [ 331078.5512978695333, 6320314.541181703098118 ] ] ] ] } },
{ "type": "Feature", "properties": { "fid": "139", "Area": 8278.823 }, "geometry": { "type": "MultiPolygon", "coordinates": [ [ [ [ 331127.854164692107588, 6320250.276701930910349 ], [ 331098.669678935781121, 6320227.886746910400689 ], [ 331017.664027404505759, 6320289.869639647193253 ], [ 330984.697224482428282, 6320247.13213472161442 ], [ 330984.629351983661763, 6320247.041969639249146 ], [ 330984.563050197612029, 6320246.950643347576261 ], [ 330984.498338986712042, 6320246.858183207921684 ], [ 330984.435237736965064, 6320246.764616918750107 ], [ 330984.37376535218209, 6320246.669972510077059 ], [ 330984.313940247986466, 6320246.574278335087001 ], [ 330984.255780346691608, 6320246.477563061751425 ], [ 330984.19930307159666, 6320246.379855663515627 ], [ 330984.144525342155248, 6320246.281185411848128 ], [ 330984.091463568387553, 6320246.1815818650648 ], [ 330984.040133646514732, 6320246.081074863672256 ], [ 330983.990550953778438, 6320245.979694516398013 ], [ 330983.942730344017036, 6320245.877471194602549 ], [ 330983.896686143241823, 6320245.774435522034764 ], [ 330983.852432145155035, 6320245.670618366450071 ], [ 330983.809981607366353, 6320245.566050827503204 ], [ 330983.769347247027326, 6320245.460764233022928 ], [ 330983.730541237280704, 6320245.354790124110878 ], [ 330983.693575203593355, 6320245.248160246759653 ], [ 330983.658460220030975, 6320245.140906547196209 ], [ 330983.625206806347705, 6320245.033061154186726 ], [ 330983.593824924493674, 6320244.92465637717396 ], [ 330983.564323975762818, 6320244.81572469137609 ], [ 330983.536712797940709, 6320244.706298729404807 ], [ 330983.510999662743416, 6320244.596411273814738 ], [ 330983.487192273198161, 6320244.486095244064927 ], [ 330983.465297761547845, 6320244.375383688136935 ], [ 330983.445322686806321, 6320244.264309772290289 ], [ 330983.427273033128586, 6320244.152906773611903 ], [ 330983.411154207715299, 6320244.041208064183593 ], [ 330983.39697103947401, 6320243.929247106425464 ], [ 330983.384727777272929, 6320243.817057441920042 ], [ 330983.37442808895139, 6320243.704672680236399 ], [ 330983.366075060097501, 6320243.59212648961693 ], [ 330983.359671193000395, 6320243.47945258487016 ], [ 330983.355218406242784, 6320243.366684721782804 ], [ 330983.352718033711426, 6320243.253856683149934 ], [ 330983.352170824422501, 6320243.141002268530428 ], [ 330983.35357694234699, 6320243.028155287727714 ], [ 330983.356935966294259, 6320242.915349546819925 ], [ 330983.36224688985385, 6320242.802618839778006 ], [ 330983.369508122093976, 6320242.689996938221157 ], [ 330983.378717487736139, 6320242.577517581172287 ], [ 330983.389872227737214, 6320242.465214463882148 ], [ 330983.402969000511803, 6320242.35312123131007 ], [ 330983.418003882514313, 6320242.241271464154124 ], [ 330983.434972369635943, 6320242.129698668606579 ], [ 330983.453869378485251, 6320242.018436269834638 ], [ 330983.474689247959759, 6320241.907517600804567 ], [ 330983.497425740875769, 6320241.796975888311863 ], [ 330983.522072046005633, 6320241.686844249255955 ], [ 330983.548620779707562, 6320241.577155676670372 ], [ 330983.577063988719601, 6320241.467943030409515 ], [ 330983.607393152022269, 6320241.359239027835429 ], [ 330983.639599183690734, 6320241.251076235435903 ], [ 330983.673672435572371, 6320241.143487054854631 ], [ 330983.709602700022515, 6320241.036503718234599 ], [ 330983.747379213222302, 6320240.930158275179565 ], [ 330983.786990658205468, 6320240.824482584372163 ], [ 330983.828425168117974, 6320240.719508303329349 ], [ 330983.871670330292545, 6320240.615266880951822 ], [ 330983.916713189391885, 6320240.511789544485509 ], [ 330983.963540251599625, 6320240.409107294864953 ], [ 330984.012137488578446, 6320240.307250891812146 ], [ 330984.06249034171924, 6320240.206250850111246 ], [ 330984.114583726390265, 6320240.106137426570058 ], [ 330984.168402036651969, 6320240.006940613500774 ], [ 330984.223929149738979, 6320239.908690127544105 ], [ 330984.28114843100775, 6320239.811415403150022 ], [ 330984.340042738826014, 6320239.715145580470562 ], [ 330984.400594429811463, 6320239.619909500703216 ], [ 330984.462785364012234, 6320239.525735693052411 ], [ 330984.526596910494845, 6320239.432652371935546 ], [ 330984.592009952757508, 6320239.340687421150506 ], [ 330984.659004894434474, 6320239.249868392013013 ], [ 330984.727561665524263, 6320239.160222492180765 ], [ 330984.797659727802966, 6320239.071776577271521 ], [ 330984.86927808157634, 6320238.98455714341253 ], [ 330984.942395271616988, 6320238.898590319789946 ], [ 330985.016989393625408, 6320238.813901859335601 ], [ 330985.09303810086567, 6320238.730517135001719 ], [ 330985.170518610917497, 6320238.64846112485975 ], [ 330985.249407712428365, 6320238.567758411169052 ], [ 330985.329681771923788, 6320238.488433171994984 ], [ 330985.411316741083283, 6320238.410509170033038 ], [ 330985.494288164016325, 6320238.334009750746191 ], [ 330985.578571184305474, 6320238.258957830257714 ], [ 330985.664140552747995, 6320238.185375893488526 ], [ 330985.750970634573605, 6320238.113285982981324 ], [ 330985.839035417535342, 6320238.042709697037935 ], [ 330985.928308519534767, 6320237.973668176680803 ], [ 331039.250952954404056, 6320197.204443608410656 ], [ 331041.292875697545242, 6320195.616413270123303 ], [ 331043.308357579517178, 6320193.994956633076072 ], [ 331045.296851471823175, 6320192.340513861738145 ], [ 331047.257817572157364, 6320190.653534077107906 ], [ 331049.190723550971597, 6320188.934475230053067 ], [ 331051.095044695946854, 6320187.183803981170058 ], [ 331052.97026405466022, 6320185.401995574124157 ], [ 331054.815872574574314, 6320183.589533703401685 ], [ 331056.631369241455104, 6320181.746910383924842 ], [ 331058.41626121540321, 6320179.874625821597874 ], [ 331060.170063964440487, 6320177.973188270814717 ], [ 331061.892301396117546, 6320176.043113901279867 ], [ 331063.582505987025797, 6320174.084926656447351 ], [ 331065.240218909224495, 6320172.099158112891018 ], [ 331066.864990155212581, 6320170.086347331292927 ], [ 331143.984488574787974, 6320229.251416015438735 ], [ 331127.854164692107588, 6320250.276701930910349 ] ] ] ] } },
{ "type": "Feature", "properties": { "fid": "140", "Area": 10851.066 }, "geometry": { "type": "MultiPolygon", "coordinates": [ [ [ [ 330781.160931420978159, 6319929.370824459008873 ], [ 330798.813338440842927, 6320041.926520938053727 ], [ 330786.741530119732488, 6320039.174922244623303 ], [ 330774.629525293537881, 6320036.6060332627967 ], [ 330762.480089151998982, 6320034.22044047433883 ], [ 330750.295995430555195, 6320032.018688512966037 ], [ 330658.045326511841267, 6320015.491590353660285 ], [ 330657.934158099407796, 6320015.470674090087414 ], [ 330657.823370511585381, 6320015.447826411575079 ], [ 330657.712997301714495, 6320015.42305423785001 ], [ 330657.603071897639893, 6320015.396365071646869 ], [ 330657.493627591582481, 6320015.367766996845603 ], [ 330657.384697529952973, 6320015.337268674746156 ], [ 330657.276314703514799, 6320015.304879340343177 ], [ 330657.168511937255971, 6320015.270608804188669 ], [ 330657.061321880551986, 6320015.234467446804047 ], [ 330656.954776997154113, 6320015.196466211229563 ], [ 330656.848909555410501, 6320015.156616609543562 ], [ 330656.743751618487295, 6320015.114930708892643 ], [ 330656.639335034706164, 6320015.071421134285629 ], [ 330656.535691427881829, 6320015.026101063936949 ], [ 330656.432852187717799, 6320014.978984222747386 ], [ 330656.330848460202105, 6320014.93008488137275 ], [ 330656.229711138352286, 6320014.879417848773301 ], [ 330656.129470852843951, 6320014.826998471282423 ], [ 330656.03015796263935, 6320014.7728426232934 ], [ 330655.931802545732353, 6320014.716966707259417 ], [ 330655.834434390242677, 6320014.659387645311654 ], [ 330655.73808298521908, 6320014.600122877396643 ], [ 330655.642777511849999, 6320014.539190351031721 ], [ 330655.548546834557783, 6320014.476608520373702 ], [ 330655.455419492092915, 6320014.412396339699626 ], [ 330655.363423689268529, 6320014.346573256887496 ], [ 330655.27258728799643, 6320014.279159205965698 ], [ 330655.182937799254432, 6320014.210174605250359 ], [ 330655.094502374297008, 6320014.139640346169472 ], [ 330655.007307796913665, 6320014.067577792331576 ], [ 330654.921380474930629, 6320013.994008767418563 ], [ 330654.836746432585642, 6320013.918955554254353 ], [ 330654.753431302146055, 6320013.842440881766379 ], [ 330654.671460316574667, 6320013.764487924054265 ], [ 330654.59085830184631, 6320013.685120291076601 ], [ 330654.511649669148028, 6320013.604362018406391 ], [ 330654.433858407719526, 6320013.522237566299736 ], [ 330654.35750807763543, 6320013.438771805725992 ], [ 330654.282621802412905, 6320013.353990016505122 ], [ 330654.209222262259573, 6320013.26791787520051 ], [ 330654.13733168708859, 6320013.180581449531019 ], [ 330654.066971849824768, 6320013.092007190920413 ], [ 330653.998164059710689, 6320013.002221924252808 ], [ 330653.930929156020284, 6320012.911252843216062 ], [ 330653.865287501597777, 6320012.819127498194575 ], [ 330653.8012589768623, 6320012.725873790681362 ], [ 330653.738862973521464, 6320012.631519963033497 ], [ 330653.678118388925213, 6320012.536094591021538 ], [ 330653.619043620361481, 6320012.439626577310264 ], [ 330653.561656559293624, 6320012.342145136557519 ], [ 330653.505974586005323, 6320012.243679793551564 ], [ 330653.452014564478304, 6320012.144260368309915 ], [ 330653.399792837095447, 6320012.043916971422732 ], [ 330653.349325219867751, 6320011.94267999380827 ], [ 330653.300626997486688, 6320011.840580095537007 ], [ 330653.253712918784004, 6320011.737648200243711 ], [ 330653.208597192191519, 6320011.633915479294956 ], [ 330653.165293481608387, 6320011.529413351789117 ], [ 330653.123814901977312, 6320011.424173466861248 ], [ 330653.084174015675671, 6320011.31822769716382 ], [ 330653.046382828324568, 6320011.211608129553497 ], [ 330653.010452785470989, 6320011.104347054846585 ], [ 330652.976394768920727, 6320010.996476959437132 ], [ 330652.944219093536958, 6320010.88803051225841 ], [ 330652.913935504155234, 6320010.779040557332337 ], [ 330652.885553172440268, 6320010.669540104456246 ], [ 330652.859080694324803, 6320010.559562315233052 ], [ 330652.834526087390259, 6320010.449140500277281 ], [ 330652.811896788189188, 6320010.33830810058862 ], [ 330652.791199650324415, 6320010.227098682895303 ], [ 330652.772440942178946, 6320010.115545929409564 ], [ 330652.755626344995108, 6320010.003683623857796 ], [ 330652.740760951244738, 6320009.89154564589262 ], [ 330652.727849263173994, 6320009.779165958054364 ], [ 330652.716895191231743, 6320009.666578594595194 ], [ 330652.707902052905411, 6320009.553817654959857 ], [ 330652.700872571906075, 6320009.440917289815843 ], [ 330652.695808877237141, 6320009.327911692671478 ], [ 330652.692712502437644, 6320009.214835088700056 ], [ 330652.691584385349415, 6320009.101721723563969 ], [ 330652.692424867593218, 6320008.988605855032802 ], [ 330652.69523369462695, 6320008.875521742738783 ], [ 330652.700010015745647, 6320008.762503634206951 ], [ 330652.706752384372521, 6320008.649585759267211 ], [ 330652.715458758524619, 6320008.536802316084504 ], [ 330652.726126501453109, 6320008.424187461845577 ], [ 330652.738752382167149, 6320008.311775304377079 ], [ 330652.753332576830871, 6320008.199599889107049 ], [ 330652.769862669752911, 6320008.08769518788904 ], [ 330652.788337654434144, 6320007.97609509434551 ], [ 330652.80875193560496, 6320007.864833406172693 ], [ 330652.83109933056403, 6320007.753943821415305 ], [ 330652.855373071157373, 6320007.64345992449671 ], [ 330652.881565805757418, 6320007.533415175974369 ], [ 330652.909669601591304, 6320007.423842904157937 ], [ 330652.93967594706919, 6320007.314776294864714 ], [ 330652.971575754520018, 6320007.206248380243778 ], [ 330653.005359362578019, 6320007.098292028531432 ], [ 330653.041016539616976, 6320006.990939936600626 ], [ 330653.078536486369558, 6320006.884224615991116 ], [ 330653.117907839477994, 6320006.778178387321532 ], [ 330653.159118674870115, 6320006.672833368182182 ], [ 330653.202156511426438, 6320006.568221462890506 ], [ 330653.247008314530831, 6320006.464374355040491 ], [ 330653.293660500377882, 6320006.361323496326804 ], [ 330653.342098939756397, 6320006.259100095368922 ], [ 330653.392308962589595, 6320006.157735113054514 ], [ 330653.444275362067856, 6320006.057259248569608 ], [ 330653.497982399654575, 6320005.957702932879329 ], [ 330653.553413809568156, 6320005.859096315689385 ], [ 330653.610552803671453, 6320005.761469263583422 ], [ 330653.66938207676867, 6320005.664851342327893 ], [ 330653.729883811727632, 6320005.569271815009415 ], [ 330653.792039684951305, 6320005.47475962806493 ], [ 330653.855830871791113, 6320005.381343406625092 ], [ 330653.921238052309491, 6320005.289051441475749 ], [ 330653.988241417158861, 6320005.197911685332656 ], [ 330654.056820673635229, 6320005.107951740734279 ], [ 330654.126955051673576, 6320005.019198853522539 ], [ 330654.198623310250696, 6320004.931679902598262 ], [ 330654.271803743904456, 6320004.845421395264566 ], [ 330654.346474188903812, 6320004.760449454188347 ], [ 330654.422612030582968, 6320004.676789816468954 ], [ 330654.500194209686015, 6320004.594467816874385 ], [ 330654.579197229351848, 6320004.513508389703929 ], [ 330745.302969827782363, 6319913.12736942153424 ], [ 330781.160931420978159, 6319929.370824459008873 ] ] ] ] } },
{ "type": "Feature", "properties": { "fid": "141", "Area": 10887.605 }, "geometry": { "type": "MultiPolygon", "coordinates": [ [ [ [ 331042.550625255331397, 6320170.397731228731573 ], [ 331040.866689027461689, 6320172.065771955996752 ], [ 331039.15455517207738, 6320173.704856684431434 ], [ 331037.414721529348753, 6320175.314508815295994 ], [ 331035.647693993814755, 6320176.894260306842625 ], [ 331033.853986367175821, 6320178.443651812151074 ], [ 331032.03412020887481, 6320179.962232811376452 ], [ 331030.188624684582464, 6320181.44956174492836 ], [ 331028.318036412354559, 6320182.905206139199436 ], [ 330995.989240212831646, 6320207.623008422553539 ], [ 330994.910751631250605, 6320208.433099074289203 ], [ 330993.818589271104429, 6320209.2246582088992 ], [ 330992.713071521022357, 6320209.997455069795251 ], [ 330991.594520662911236, 6320210.751264370977879 ], [ 330990.463262778241187, 6320211.485866360366344 ], [ 330989.319627652701456, 6320212.201046885922551 ], [ 330988.163948680448812, 6320212.896597457118332 ], [ 330986.996562766376883, 6320213.572315306402743 ], [ 330985.817810228501912, 6320214.228003447875381 ], [ 330984.628034698136616, 6320214.863470734097064 ], [ 330983.427583020355087, 6320215.478531912900507 ], [ 330982.216805152304005, 6320216.073007681407034 ], [ 330980.996054061572067, 6320216.64672473538667 ], [ 330979.765685623162426, 6320217.199515827000141 ], [ 330978.526058515533805, 6320217.731219802983105 ], [ 330977.277534116583411, 6320218.241681662388146 ], [ 330976.020476397650782, 6320218.730752592906356 ], [ 330974.755251817929093, 6320219.198290022090077 ], [ 330973.482229217304848, 6320219.644157650880516 ], [ 330972.20177970896475, 6320220.068225501105189 ], [ 330970.914276571245864, 6320220.470369946211576 ], [ 330969.620095138787292, 6320220.85047375317663 ], [ 330968.319612693041563, 6320221.208426114171743 ], [ 330967.013208352262154, 6320221.5441226772964 ], [ 330965.701262961316388, 6320221.857465581968427 ], [ 330964.384158980043139, 6320222.148363479413092 ], [ 330963.062280372483656, 6320222.416731568984687 ], [ 330961.73601249436615, 6320222.662491613999009 ], [ 330960.405741980997846, 6320222.88557197060436 ], [ 330959.07185663463315, 6320223.085907607339323 ], [ 330957.73474531120155, 6320223.26344012003392 ], [ 330956.394797807210125, 6320223.418117756024003 ], [ 330955.05240474594757, 6320223.549895422533154 ], [ 330953.707957463455386, 6320223.658734703436494 ], [ 330952.361847894906532, 6320223.744603870436549 ], [ 330951.014468459819909, 6320223.807477890513837 ], [ 330949.666211948089767, 6320223.847338434308767 ], [ 330948.317471405141987, 6320223.864173881709576 ], [ 330946.968640017672442, 6320223.857979324646294 ], [ 330945.620110998686869, 6320223.828756569884717 ], [ 330944.27227747318102, 6320223.776514135301113 ], [ 330942.92553236335516, 6320223.701267251744866 ], [ 330941.580268274061382, 6320223.603037854656577 ], [ 330922.719940363429487, 6320222.063905849121511 ], [ 330901.995740540325642, 6320089.921762324869633 ], [ 330914.156225112499669, 6320094.832819079048932 ], [ 330926.232719697989523, 6320099.946931122802198 ], [ 330938.221833966206759, 6320105.26266273111105 ], [ 330950.120202117657755, 6320110.77852157689631 ], [ 330961.924483828712255, 6320116.49295914825052 ], [ 330973.631365189270582, 6320122.404371186159551 ], [ 330985.237559633271303, 6320128.51109813246876 ], [ 330996.739808861399069, 6320134.811425597406924 ], [ 331008.134883755585179, 6320141.303584840148687 ], [ 331019.419585285650101, 6320147.985753264278173 ], [ 331030.590745407505892, 6320154.856054931879044 ], [ 331041.645227952394634, 6320161.912561087869108 ], [ 331041.725044475111645, 6320161.965459319762886 ], [ 331041.803927984146867, 6320162.019739078357816 ], [ 331041.881854569655843, 6320162.075383911840618 ], [ 331041.958800611668266, 6320162.132376953028142 ], [ 331042.03474278759677, 6320162.190700928680599 ], [ 331042.109658078989014, 6320162.250338159501553 ], [ 331042.183523778803647, 6320162.311270569451153 ], [ 331042.256317497929558, 6320162.373479690402746 ], [ 331042.328017172345426, 6320162.436946664936841 ], [ 331042.398601069638971, 6320162.50165225751698 ], [ 331042.468047795409802, 6320162.567576853558421 ], [ 331042.536336300196126, 6320162.63470047339797 ], [ 331042.603445885353722, 6320162.70300277043134 ], [ 331042.669356209808029, 6320162.772463042289019 ], [ 331042.734047295758501, 6320162.843060234561563 ], [ 331042.79749953513965, 6320162.91477295011282 ], [ 331042.859693695325404, 6320162.987579451873899 ], [ 331042.92061092494987, 6320163.061457671225071 ], [ 331042.980232759728096, 6320163.136385216377676 ], [ 331043.038541128160432, 6320163.212339376099408 ], [ 331043.095518356596585, 6320163.289297128096223 ], [ 331043.151147175114602, 6320163.367235146462917 ], [ 331043.205410722293891, 6320163.446129808202386 ], [ 331043.258292550744954, 6320163.52595719974488 ], [ 331043.309776631649584, 6320163.606693125329912 ], [ 331043.359847359999549, 6320163.688313112594187 ], [ 331043.408489559195004, 6320163.770792422816157 ], [ 331043.455688485584687, 6320163.854106056503952 ], [ 331043.501429832947906, 6320163.938228760845959 ], [ 331043.545699736860115, 6320164.02313503716141 ], [ 331043.588484779000282, 6320164.108799151144922 ], [ 331043.629771990992595, 6320164.195195136591792 ], [ 331043.669548858539201, 6320164.28229680750519 ], [ 331043.707803325087298, 6320164.370077761821449 ], [ 331043.744523795554414, 6320164.458511393517256 ], [ 331043.779699139820877, 6320164.547570898197591 ], [ 331043.813318696105853, 6320164.63722928147763 ], [ 331043.845372274168767, 6320164.727459367364645 ], [ 331043.875850158452522, 6320164.818233805708587 ], [ 331043.904743110993877, 6320164.90952508430928 ], [ 331043.932042374159209, 6320165.001305530779064 ], [ 331043.957739673438482, 6320165.093547327443957 ], [ 331043.981827219948173, 6320165.186222515068948 ], [ 331044.004297712643165, 6320165.279303002171218 ], [ 331044.025144340528641, 6320165.372760577127337 ], [ 331044.044360784988385, 6320165.466566911898553 ], [ 331044.061941221356392, 6320165.560693574137986 ], [ 331044.077880321070552, 6320165.655112031847239 ], [ 331044.092173252778593, 6320165.749793669208884 ], [ 331044.104815684317145, 6320165.844709784723818 ], [ 331044.115803783701267, 6320165.939831611700356 ], [ 331044.125134220405016, 6320166.035130316391587 ], [ 331044.132804166292772, 6320166.130577014759183 ], [ 331044.138811296608765, 6320166.226142775267363 ], [ 331044.143153790500946, 6320166.321798631921411 ], [ 331044.145830331835896, 6320166.417515590786934 ], [ 331044.146840109315235, 6320166.513264641165733 ], [ 331044.146182816824876, 6320166.609016759321094 ], [ 331044.143858653609641, 6320166.704742923378944 ], [ 331044.139868324156851, 6320166.800414117984474 ], [ 331044.134213037963491, 6320166.896001344546676 ], [ 331044.126894509128761, 6320166.991475631482899 ], [ 331044.117914955946617, 6320167.086808037944138 ], [ 331044.107277100149076, 6320167.181969670578837 ], [ 331044.094984166091308, 6320167.276931683532894 ], [ 331044.081039879878517, 6320167.371665294282138 ], [ 331044.065448468085378, 6320167.466141789220273 ], [ 331044.048214656475466, 6320167.560332532040775 ], [ 331044.029343668662477, 6320167.654208972118795 ], [ 331044.008841224596836, 6320167.747742655687034 ], [ 331043.986713538644835, 6320167.840905232354999 ], [ 331043.962967317725997, 6320167.933668464422226 ], [ 331043.937609759508632, 6320168.026004234328866 ], [ 331043.910648549965117, 6320168.117884555831552 ], [ 331043.882091861101799, 6320168.209281577728689 ], [ 331043.851948348572478, 6320168.300167599692941 ], [ 331043.820227149000857, 6320168.390515071339905 ], [ 331043.786937877244782, 6320168.480296608991921 ], [ 331043.75209062336944, 6320168.56948500033468 ], [ 331043.71569594979519, 6320168.658053210936487 ], [ 331043.677764887863304, 6320168.74597439635545 ], [ 331043.638308934634551, 6320168.833221905864775 ], [ 331043.597340049338527, 6320168.919769295491278 ], [ 331043.554870649881195, 6320169.005590331740677 ], [ 331043.510913608886767, 6320169.090659002773464 ], [ 331043.465482249855995, 6320169.174949523061514 ], [ 331043.418590343324468, 6320169.258436343632638 ], [ 331043.370252102322411, 6320169.341094160452485 ], [ 331043.320482178474776, 6320169.422897919081151 ], [ 331043.269295657111797, 6320169.503822823986411 ], [ 331043.21670805325266, 6320169.583844346925616 ], [ 331043.162735306250397, 6320169.662938232533634 ], [ 331043.10739377560094, 6320169.74108050763607 ], [ 331043.050700235471595, 6320169.818247487768531 ], [ 331042.992671869986225, 6320169.894415780901909 ], [ 331042.93332626769552, 6320169.969562302343547 ], [ 331042.872681416512933, 6320170.043664274737239 ], [ 331042.810755698184948, 6320170.116699236445129 ], [ 331042.747567882644944, 6320170.188645049929619 ], [ 331042.683137122308835, 6320170.259479910135269 ], [ 331042.617482946545351, 6320170.3291823444888 ], [ 331042.550625254865736, 6320170.397731226868927 ], [ 331042.550625255331397, 6320170.397731228731573 ] ] ] ] } },
{ "type": "Feature", "properties": { "fid": "142", "Area": 12822.295 }, "geometry": { "type": "MultiPolygon", "coordinates": [ [ [ [ 330901.99574053985998, 6320089.92176232393831 ], [ 330922.719940363895148, 6320222.063905850052834 ], [ 330884.725468266289681, 6320218.96329655405134 ], [ 330872.500044594693463, 6320217.8815161222592 ], [ 330860.290537914843298, 6320216.632845034822822 ], [ 330848.099226362770423, 6320215.217516276985407 ], [ 330835.92838467983529, 6320213.635793930850923 ], [ 330835.842858973657712, 6320213.623330565169454 ], [ 330835.757561476319097, 6320213.609390735626221 ], [ 330835.672517674625851, 6320213.593978606164455 ], [ 330835.587752979714423, 6320213.577098784036934 ], [ 330835.503292719076853, 6320213.558756312355399 ], [ 330835.419162129459437, 6320213.538956671021879 ], [ 330835.335386349062901, 6320213.517705775797367 ], [ 330835.251990409917198, 6320213.495009978301823 ], [ 330835.168999230721965, 6320213.47087605856359 ], [ 330835.086437609221321, 6320213.445311227813363 ], [ 330835.004330214695074, 6320213.418323124758899 ], [ 330834.922701580857392, 6320213.389919814653695 ], [ 330834.841576098231599, 6320213.360109783709049 ], [ 330834.760978006990626, 6320213.328901938162744 ], [ 330834.680931389913894, 6320213.296305604279041 ], [ 330834.60146016482031, 6320213.262330520898104 ], [ 330834.52258807758335, 6320213.226986839435995 ], [ 330834.444338695262559, 6320213.190285122022033 ], [ 330834.366735398594756, 6320213.152236334048212 ], [ 330834.289801375474781, 6320213.112851845100522 ], [ 330834.213559613679536, 6320213.072143422439694 ], [ 330834.138032894174103, 6320213.030123230069876 ], [ 330834.063243784359656, 6320212.986803824082017 ], [ 330833.989214631146751, 6320212.94219814799726 ], [ 330833.91596755431965, 6320212.896319529041648 ], [ 330833.843524440133478, 6320212.849181677214801 ], [ 330833.771906934503932, 6320212.800798675976694 ], [ 330833.701136436720844, 6320212.751184982247651 ], [ 330833.631234092928935, 6320212.700355421751738 ], [ 330833.562220789899584, 6320212.648325181566179 ], [ 330833.494117148802616, 6320212.595109808258712 ], [ 330833.426943518861663, 6320212.540725202299654 ], [ 330833.360719971591607, 6320212.48518761433661 ], [ 330833.295466294512153, 6320212.42851363774389 ], [ 330833.231201985385269, 6320212.370720208622515 ], [ 330833.167946246336214, 6320212.311824594624341 ], [ 330833.105717978090979, 6320212.251844393089414 ], [ 330833.044535774446558, 6320212.190797527320683 ], [ 330832.984417916683014, 6320212.12870223633945 ], [ 330832.925382367800921, 6320212.065577075816691 ], [ 330832.867446767690126, 6320212.00144090782851 ], [ 330832.810628427483607, 6320211.936312894336879 ], [ 330832.754944324435201, 6320211.870212496258318 ], [ 330832.700411096855532, 6320211.80315946508199 ], [ 330832.647045039280783, 6320211.735173835419118 ], [ 330832.59486209746683, 6320211.666275922209024 ], [ 330832.543877863674425, 6320211.596486311405897 ], [ 330832.494107571837958, 6320211.525825855322182 ], [ 330832.445566093374509, 6320211.454315668903291 ], [ 330832.398267932410818, 6320211.381977118551731 ], [ 330832.352227221592329, 6320211.308831819333136 ], [ 330832.307457717892248, 6320211.234901625663042 ], [ 330832.263972798420582, 6320211.160208629444242 ], [ 330832.221785456349608, 6320211.084775148890913 ], [ 330832.180908297304995, 6320211.008623722009361 ], [ 330832.141353535291273, 6320210.931777103804052 ], [ 330832.103132989315782, 6320210.854258256033063 ], [ 330832.066258079605177, 6320210.776090340688825 ], [ 330832.030739824345801, 6320210.697296715341508 ], [ 330831.996588836424053, 6320210.617900922894478 ], [ 330831.963815320050344, 6320210.537926685996354 ], [ 330831.932429068023339, 6320210.457397901453078 ], [ 330831.902439458412118, 6320210.376338631846011 ], [ 330831.873855452169664, 6320210.294773097150028 ], [ 330831.84668559016427, 6320210.212725668214262 ], [ 330831.820937990734819, 6320210.130220862105489 ], [ 330831.796620347246062, 6320210.04728333093226 ], [ 330831.77373992576031, 6320209.963937855325639 ], [ 330831.752303563000169, 6320209.880209340713918 ], [ 330831.732317664078437, 6320209.796122803352773 ], [ 330831.713788200751878, 6320209.711703368462622 ], [ 330831.696720709616784, 6320209.626976261846721 ], [ 330831.681120290537365, 6320209.541966798715293 ], [ 330831.66699160495773, 6320209.456700379960239 ], [ 330810.189863581210375, 6320072.513257171958685 ], [ 330810.168506081565283, 6320072.369002930819988 ], [ 330810.149626471684314, 6320072.224403521977365 ], [ 330810.13323030853644, 6320072.079501504078507 ], [ 330810.119322417885996, 6320071.934339527972043 ], [ 330810.107906893419567, 6320071.788960318081081 ], [ 330810.098987094941549, 6320071.643406664952636 ], [ 330810.092565647850279, 6320071.497721409425139 ], [ 330810.088644442264922, 6320071.35194743052125 ], [ 330810.087224632210564, 6320071.206127634271979 ], [ 330810.088306635676417, 6320071.060304939746857 ], [ 330810.091890134091955, 6320070.914522268809378 ], [ 330810.097974072850775, 6320070.768822527490556 ], [ 330810.106556661135983, 6320070.623248601332307 ], [ 330810.117635372909717, 6320070.477843336760998 ], [ 330810.131206947320607, 6320070.3326495308429 ], [ 330810.147267389809713, 6320070.187709920108318 ], [ 330810.165811973332893, 6320070.04306716285646 ], [ 330810.186835239641368, 6320069.898763832636178 ], [ 330810.210331000911538, 6320069.754842402413487 ], [ 330810.236292341607623, 6320069.611345233395696 ], [ 330810.264711620518938, 6320069.468314560130239 ], [ 330810.295580472913571, 6320069.325792482122779 ], [ 330810.328889813215937, 6320069.1838209470734 ], [ 330810.364629837335087, 6320069.042441742494702 ], [ 330810.402790025924332, 6320068.901696480810642 ], [ 330810.443359147291631, 6320068.761626586318016 ], [ 330810.486325260601006, 6320068.622273287735879 ], [ 330810.53167571965605, 6320068.483677600510418 ], [ 330810.579397176334169, 6320068.345880316570401 ], [ 330810.629475584777538, 6320068.208921995013952 ], [ 330810.681896205351222, 6320068.072842947207391 ], [ 330810.736643608950544, 6320067.93768322467804 ], [ 330810.79370168177411, 6320067.803482608869672 ], [ 330810.853053629864007, 6320067.670280600897968 ], [ 330810.914681984053459, 6320067.538116404786706 ], [ 330810.97856860520551, 6320067.407028920017183 ], [ 330811.044694689451717, 6320067.277056732214987 ], [ 330811.113040773954708, 6320067.148238093592227 ], [ 330811.183586742146872, 6320067.020610921084881 ], [ 330811.256311830307823, 6320066.894212778657675 ], [ 330811.331194633094128, 6320066.769080869853497 ], [ 330811.408213110233191, 6320066.645252024754882 ], [ 330811.487344592635054, 6320066.522762688808143 ], [ 330811.568565789610147, 6320066.401648916304111 ], [ 330811.651852795097511, 6320066.28194635361433 ], [ 330811.73718109523179, 6320066.163690232671797 ], [ 330811.82452557515353, 6320066.046915361657739 ], [ 330811.913860526692588, 6320065.931656109169126 ], [ 330812.005159655585885, 6320065.817946400493383 ], [ 330812.099984928907361, 6320065.703942508436739 ], [ 330812.196784540952649, 6320065.591610167175531 ], [ 330812.295529031485785, 6320065.480983562767506 ], [ 330812.396188348415308, 6320065.372096365317702 ], [ 330812.498731856816448, 6320065.264981713145971 ], [ 330812.603128348477185, 6320065.159672205336392 ], [ 330812.709346051095054, 6320065.056199892424047 ], [ 330812.817352638172451, 6320064.954596266150475 ], [ 330812.927115238679107, 6320064.854892247356474 ], [ 330813.038600447296631, 6320064.757118180394173 ], [ 330813.151774334372021, 6320064.661303822882473 ], [ 330813.266602456336841, 6320064.567478334531188 ], [ 330813.383049866068177, 6320064.475670269690454 ], [ 330813.501081123773474, 6320064.3859075717628 ], [ 330813.62066030758433, 6320064.29821755643934 ], [ 330813.741751024499536, 6320064.212626913562417 ], [ 330813.864316421502735, 6320064.12916169129312 ], [ 330813.98831919679651, 6320064.047847292385995 ], [ 330814.113721611094661, 6320063.96870846208185 ], [ 330814.240485499147326, 6320063.891769288107753 ], [ 330814.368572281324305, 6320063.817053184844553 ], [ 330814.49794297554763, 6320063.744582892395556 ], [ 330814.628558208758477, 6320063.67438046541065 ], [ 330814.760378229198977, 6320063.606467270292342 ], [ 330814.89336291863583, 6320063.54086397588253 ], [ 330815.027471804060042, 6320063.47759054787457 ], [ 330815.162664070609026, 6320063.416666242294014 ], [ 330815.298898573499173, 6320063.358109602704644 ], [ 330815.436133850831538, 6320063.301938449032605 ], [ 330815.574328136164695, 6320063.248169876635075 ], [ 330815.713439371204004, 6320063.196820249781013 ], [ 330815.853425218374468, 6320063.147905196994543 ], [ 330815.994243074266706, 6320063.101439603604376 ], [ 330816.135850081976969, 6320063.05743761267513 ], [ 330816.27820314449491, 6320063.015912614762783 ], [ 330816.421258937858511, 6320062.976877247914672 ], [ 330816.564973924134392, 6320062.940343392081559 ], [ 330816.709304364747368, 6320062.906322167254984 ], [ 330816.854206333984621, 6320062.874823926016688 ], [ 330816.999635731917806, 6320062.845858255401254 ], [ 330817.145548298372887, 6320062.819433971308172 ], [ 330817.291899625910446, 6320062.795559113845229 ], [ 330817.438645173737314, 6320062.774240951053798 ], [ 330817.585740280919708, 6320062.755485970526934 ], [ 330817.733140180294868, 6320062.739299880340695 ], [ 330817.88080001185881, 6320062.72568760626018 ], [ 330818.028674836445134, 6320062.714653289876878 ], [ 330818.176719649520237, 6320062.706200291402638 ], [ 330818.324889394803904, 6320062.700331183150411 ], [ 330818.473138978064526, 6320062.697047750465572 ], [ 330818.621423280681483, 6320062.696350992657244 ], [ 330818.769697173440363, 6320062.698241122998297 ], [ 330818.917915530328173, 6320062.702717564068735 ], [ 330819.066033242386766, 6320062.709778956137598 ], [ 330819.214005231042393, 6320062.719423147849739 ], [ 330819.361786462191958, 6320062.731647205539048 ], [ 330819.509331959823612, 6320062.746447407640517 ], [ 330819.656596819579136, 6320062.763819251209497 ], [ 330819.803536222549155, 6320062.783757448196411 ], [ 330819.950105448951945, 6320062.806255931966007 ], [ 330820.096259891521186, 6320062.831307853572071 ], [ 330820.241955069359392, 6320062.858905589208007 ], [ 330820.387146641209256, 6320062.889040740206838 ], [ 330820.531790419190656, 6320062.921704134903848 ], [ 330820.675842382130213, 6320062.956885832361877 ], [ 330820.819258688949049, 6320062.994575125165284 ], [ 330832.588003416720312, 6320066.299114133231342 ], [ 330844.304058298992459, 6320069.785858821123838 ], [ 330855.964602580701467, 6320073.45396972168237 ], [ 330867.566828871727921, 6320077.302563700824976 ], [ 330879.107943822571542, 6320081.330714171752334 ], [ 330890.585168796649668, 6320085.537451317533851 ], [ 330901.99574053985998, 6320089.921762325800955 ], [ 330901.99574053985998, 6320089.92176232393831 ] ] ] ] } },
{ "type": "Feature", "properties": { "fid": "143", "Area": 16756.667 }, "geometry": { "type": "MultiPolygon", "coordinates": [ [ [ [ 330533.935796670150012, 6320272.378151590935886 ], [ 330532.001132153789513, 6320273.364343826659024 ], [ 330530.050408496579621, 6320274.318376912735403 ], [ 330528.084160221507773, 6320275.239989432506263 ], [ 330526.102926105202641, 6320276.128928853198886 ], [ 330524.107249030901585, 6320276.984951592981815 ], [ 330522.097675839089788, 6320277.807823091745377 ], [ 330520.074757178255823, 6320278.597317871637642 ], [ 330518.039047353435308, 6320279.353219602257013 ], [ 330515.991104174870998, 6320280.07532115560025 ], [ 330512.55835592886433, 6320265.983701189048588 ], [ 330468.971262933220714, 6320227.796944734640419 ], [ 330469.024468517454807, 6320227.055683873593807 ], [ 330469.090461151150521, 6320226.315451835282147 ], [ 330469.169221170712262, 6320225.576469184830785 ], [ 330469.260725108208135, 6320224.838956114836037 ], [ 330469.364945698354859, 6320224.103132381103933 ], [ 330469.481851886841469, 6320223.369217235594988 ], [ 330469.611408839351498, 6320222.637429360300303 ], [ 330469.753577952098567, 6320221.907986804842949 ], [ 330469.908316863351502, 6320221.181106919422746 ], [ 330470.075579465832561, 6320220.457006290555 ], [ 330470.255315920745488, 6320219.735900677740574 ], [ 330470.447472672443837, 6320219.018004946410656 ], [ 330470.651992464321665, 6320218.303533006459475 ], [ 330470.868814356217626, 6320217.592697747051716 ], [ 330471.097873742110096, 6320216.885710975155234 ], [ 330471.339102369733155, 6320216.182783348485827 ], [ 330471.592428360774647, 6320215.484124318696558 ], [ 330471.857776232238393, 6320214.789942061528563 ], [ 330472.135066919086967, 6320214.100443422794342 ], [ 330472.424217797582969, 6320213.415833849459887 ], [ 330472.7251427101437, 6320212.736317333765328 ], [ 330473.037751990836114, 6320212.062096348963678 ], [ 330473.361952492210548, 6320211.393371791578829 ], [ 330473.697647613007575, 6320210.730342919938266 ], [ 330474.044737326912582, 6320210.073207295499742 ], [ 330474.403118212416302, 6320209.422160723246634 ], [ 330474.772683483548462, 6320208.777397193945944 ], [ 330475.153323021833785, 6320208.1391088264063 ], [ 330475.544923408946488, 6320207.507485809735954 ], [ 330475.947367960703559, 6320206.882716347463429 ], [ 330476.36053676152369, 6320206.264986600726843 ], [ 330476.784306700516026, 6320205.654480632394552 ], [ 330477.218551507976372, 6320205.051380353979766 ], [ 330477.663141792872921, 6320204.455865469761193 ], [ 330478.117945081670769, 6320203.868113424628973 ], [ 330478.582825857796706, 6320203.288299349136651 ], [ 330479.057645601627883, 6320202.716596009209752 ], [ 330479.54226283216849, 6320202.1531737530604 ], [ 330572.178355936426669, 6320096.416567298583686 ], [ 330591.674081427976489, 6320154.17066116631031 ], [ 330591.702402841765434, 6320154.25222690589726 ], [ 330591.732128456002101, 6320154.333291449584067 ], [ 330591.763249406823888, 6320154.41383062582463 ], [ 330591.795756414532661, 6320154.493820417672396 ], [ 330591.829639786097687, 6320154.57323697488755 ], [ 330591.864889418124221, 6320154.652056615799665 ], [ 330591.901494799705688, 6320154.730255838483572 ], [ 330591.939445015741512, 6320154.807811325415969 ], [ 330591.978728750196751, 6320154.884699949994683 ], [ 330592.0193342891871, 6320154.960898785851896 ], [ 330592.061249524995219, 6320155.036385112442076 ], [ 330592.104461959039327, 6320155.111136419698596 ], [ 330592.148958706238773, 6320155.185130418278277 ], [ 330592.194726498390082, 6320155.258345045149326 ], [ 330592.241751688299701, 6320155.330758469179273 ], [ 330592.290020253858529, 6320155.402349096722901 ], [ 330592.339517802174669, 6320155.473095581866801 ], [ 330592.390229573938996, 6320155.542976828292012 ], [ 330592.442140447790734, 6320155.611971998587251 ], [ 330592.495234944741242, 6320155.680060520768166 ], [ 330592.549497232888825, 6320155.747222090139985 ], [ 330592.604911132249981, 6320155.813436682336032 ], [ 330592.661460119241383, 6320155.878684551455081 ], [ 330592.719127331976779, 6320155.942946243099868 ], [ 330592.77789557504002, 6320156.0062025943771 ], [ 330592.837747324781958, 6320156.068434744141996 ], [ 330592.898664734326303, 6320156.129624135792255 ], [ 330592.960629639215767, 6320156.189752522855997 ], [ 330593.023623562592547, 6320156.248801976442337 ], [ 330593.087627720669843, 6320156.306754889898002 ], [ 330593.152623028494418, 6320156.363593981601298 ], [ 330593.218590105650946, 6320156.419302303344011 ], [ 330593.285509281791747, 6320156.473863244056702 ], [ 330593.353360602806788, 6320156.527260535396636 ], [ 330593.422123836528044, 6320156.579478253610432 ], [ 330593.49177847901592, 6320156.630500828847289 ], [ 330593.562303760380019, 6320156.680313047021627 ], [ 330593.633678651181981, 6320156.728900054469705 ], [ 330593.705881868605502, 6320156.776247365400195 ], [ 330593.778891882917378, 6320156.822340859100223 ], [ 330593.852686923812144, 6320156.867166792973876 ], [ 330593.927244986814912, 6320156.910711800679564 ], [ 330594.00254383997526, 6320156.952962895855308 ], [ 330594.078561030444689, 6320156.993907482363284 ], [ 330594.155273891228717, 6320157.033533350564539 ], [ 330594.23265954782255, 6320157.071828683838248 ], [ 330594.310694925196003, 6320157.108782063238323 ], [ 330594.389356754370965, 6320157.144382471218705 ], [ 330594.468621579930186, 6320157.178619290702045 ], [ 330594.548465766303707, 6320157.211482314392924 ], [ 330594.628865505335853, 6320157.242961741983891 ], [ 330594.709796823211946, 6320157.273048186674714 ], [ 330594.791235587617848, 6320157.301732678897679 ], [ 330594.873157514841296, 6320157.329006663523614 ], [ 330594.955538177222479, 6320157.354862008243799 ], [ 330595.038353010138962, 6320157.379291004501283 ], [ 330595.121577319689095, 6320157.402286366559565 ], [ 330595.205186289793346, 6320157.423841238953173 ], [ 330595.289154989703093, 6320157.443949193693697 ], [ 330595.373458381276578, 6320157.462604234926403 ], [ 330595.458071326778736, 6320157.47980079986155 ], [ 330595.542968596040737, 6320157.495533761568367 ], [ 330595.628124874085188, 6320157.509798428043723 ], [ 330595.713514768809546, 6320157.522590545937419 ], [ 330595.799112818436697, 6320157.533906300552189 ], [ 330595.884893498965539, 6320157.543742318637669 ], [ 330595.970831232145429, 6320157.552095666527748 ], [ 330596.056900392752141, 6320157.558963852934539 ], [ 330638.242787850555032, 6320160.758753945119679 ], [ 330638.416696843807586, 6320160.773472326807678 ], [ 330638.590322478674352, 6320160.791223596781492 ], [ 330638.763611867150757, 6320160.812002348713577 ], [ 330638.936512223619502, 6320160.835802252404392 ], [ 330639.108970880915876, 6320160.862616058439016 ], [ 330639.280935306451283, 6320160.892435600049794 ], [ 330639.452353118278552, 6320160.925251792185009 ], [ 330639.623172100749798, 6320160.96105463989079 ], [ 330639.793340220872778, 6320160.999833237379789 ], [ 330639.962805643677711, 6320161.041575770825148 ], [ 330640.131516748457216, 6320161.086269526742399 ], [ 330640.299422144074924, 6320161.133900891058147 ], [ 330640.466470685030799, 6320161.184455352835357 ], [ 330640.632611486595124, 6320161.237917514517903 ], [ 330640.797793940757401, 6320161.294271090999246 ], [ 330640.961967731360346, 6320161.353498915210366 ], [ 330641.1250828494085, 6320161.415582946501672 ], [ 330641.287089608493261, 6320161.480504273436964 ], [ 330641.447938659752253, 6320161.548243120312691 ], [ 330641.607581007061526, 6320161.618778853677213 ], [ 330641.765968021820299, 6320161.692089986987412 ], [ 330641.92305145773571, 6320161.768154188990593 ], [ 330642.078783465723973, 6320161.846948290243745 ], [ 330642.233116608287673, 6320161.928448288701475 ], [ 330642.386003874067683, 6320162.012629359029233 ], [ 330642.537398692104034, 6320162.099465859122574 ], [ 330642.6872549460968, 6320162.188931337557733 ], [ 330642.835526988375932, 6320162.280998541973531 ], [ 330642.982169653812889, 6320162.375639428384602 ], [ 330643.127138273674063, 6320162.472825167700648 ], [ 330643.270388689066749, 6320162.572526156902313 ], [ 330643.411877264559735, 6320162.674712025560439 ], [ 330643.551560901338235, 6320162.779351646080613 ], [ 330643.689397050475236, 6320162.886413145810366 ], [ 330643.825343725620769, 6320162.995863911695778 ], [ 330643.959359516215045, 6320163.107670604251325 ], [ 330644.091403599712066, 6320163.221799166873097 ], [ 330644.221435754210688, 6320163.338214833289385 ], [ 330644.349416370678227, 6320163.456882143393159 ], [ 330644.475306464883033, 6320163.577764949761331 ], [ 330644.599067689618096, 6320163.700826430693269 ], [ 330644.720662345935125, 6320163.826029099524021 ], [ 330644.840053394902498, 6320163.953334818594158 ], [ 330644.957204468897544, 6320164.082704809494317 ], [ 330645.072079882549588, 6320164.214099664241076 ], [ 330645.184644643741194, 6320164.347479360178113 ], [ 330645.294864464085549, 6320164.482803267426789 ], [ 330645.402705769578461, 6320164.620030165649951 ], [ 330645.5081357107847, 6320164.759118253365159 ], [ 330645.611122172616888, 6320164.900025163777173 ], [ 330645.711633784405421, 6320165.042707975022495 ], [ 330645.809639929444529, 6320165.187123224139214 ], [ 330645.905110754014459, 6320165.333226921036839 ], [ 330645.998017176811118, 6320165.480974561534822 ], [ 330646.088330897677224, 6320165.630321140401065 ], [ 330646.176024406100623, 6320165.781221164390445 ], [ 330646.261070989829022, 6320165.93362866807729 ], [ 330646.343444742902648, 6320166.087497227825224 ], [ 330646.423120573337656, 6320166.242779972031713 ], [ 330646.500074211275205, 6320166.399429600685835 ], [ 330646.574282215733547, 6320166.557398397475481 ], [ 330646.645721982349642, 6320166.716638243757188 ], [ 330646.714371749840211, 6320166.877100631594658 ], [ 330646.780210606812034, 6320167.038736685179174 ], [ 330646.84321849810658, 6320167.201497166417539 ], [ 330646.903376230970025, 6320167.365332498215139 ], [ 330646.96066548069939, 6320167.530192773789167 ], [ 330647.015068796463311, 6320167.696027776226401 ], [ 330647.066569606424309, 6320167.862786988727748 ], [ 330647.115152223093901, 6320168.030419616959989 ], [ 330647.160801847581752, 6320168.198874598369002 ], [ 330647.203504574601538, 6320168.368100618012249 ], [ 330647.243247396545485, 6320168.538046129047871 ], [ 330647.280018207326066, 6320168.708659364841878 ], [ 330647.313805806217715, 6320168.879888353869319 ], [ 330647.344599901174661, 6320169.051680939272046 ], [ 330647.372391112032346, 6320169.223984790965915 ], [ 330647.397170973301399, 6320169.39674742333591 ], [ 330647.418931936786976, 6320169.569916211999953 ], [ 330647.437667373917066, 6320169.743438406847417 ], [ 330647.453371577663347, 6320169.917261151596904 ], [ 330647.466039764403831, 6320170.0913314986974 ], [ 330647.475668075319845, 6320170.265596424229443 ], [ 330647.482253577443771, 6320170.440002845600247 ], [ 330647.485794264823198, 6320170.614497637376189 ], [ 330647.48628905887017, 6320170.789027645252645 ], [ 330647.483737809001468, 6320170.963539707474411 ], [ 330647.47814129217295, 6320171.137980665080249 ], [ 330647.469501213287003, 6320171.312297381460667 ], [ 330647.457820204552263, 6320171.486436759121716 ], [ 330644.154272599611431, 6320215.040259056724608 ], [ 330613.73038788465783, 6320230.867381107993424 ], [ 330533.935796670150012, 6320272.378151590935886 ] ] ] ] } },
{ "type": "Feature", "properties": { "fid": "144", "Area": 18765.289 }, "geometry": { "type": "MultiPolygon", "coordinates": [ [ [ [ 330631.305206871591508, 6320244.832652089186013 ], [ 330659.609435094986111, 6320230.108218346722424 ], [ 330661.626880854833871, 6320229.080755102448165 ], [ 330663.661781858827453, 6320228.088310638442636 ], [ 330665.713530308450572, 6320227.131181383505464 ], [ 330667.78151337307645, 6320226.209653220139444 ], [ 330669.865113372914493, 6320225.324001397006214 ], [ 330671.963707963761408, 6320224.474490446038544 ], [ 330674.076670322567225, 6320223.661374107003212 ], [ 330676.203369334863964, 6320222.884895245544612 ], [ 330678.343169783358462, 6320222.145285786129534 ], [ 330680.495432537281886, 6320221.442766641266644 ], [ 330682.659514743718319, 6320220.777547642588615 ], [ 330684.834770019399002, 6320220.149827484972775 ], [ 330687.020548643777147, 6320219.559793657623231 ], [ 330689.216197753092274, 6320219.007622398436069 ], [ 330691.421061535482295, 6320218.493478631600738 ], [ 330693.634481426677667, 6320218.017515926621854 ], [ 330695.85579630691791, 6320217.579876447096467 ], [ 330698.084342698275577, 6320217.180690909735858 ], [ 330700.319454962795135, 6320216.820078547112644 ], [ 330702.56046550150495, 6320216.498147068545222 ], [ 330704.806704953487497, 6320216.214992631226778 ], [ 330707.057502396288328, 6320215.970699809491634 ], [ 330709.3121855459176, 6320215.765341569669545 ], [ 330711.570080957608297, 6320215.598979251459241 ], [ 330713.830514227447566, 6320215.471662543714046 ], [ 330716.092810193251353, 6320215.383429474197328 ], [ 330718.356293136603199, 6320215.334306398406625 ], [ 330720.620286984427366, 6320215.324307987466455 ], [ 330722.884115511260461, 6320215.353437227196991 ], [ 330725.147102540766355, 6320215.421685419045389 ], [ 330727.408572148124222, 6320215.529032177291811 ], [ 330729.667848861659877, 6320215.675445438362658 ], [ 330731.924257864768151, 6320215.860881470143795 ], [ 330734.177125197311398, 6320216.085284886881709 ], [ 330736.425777957076207, 6320216.348588661290705 ], [ 330738.669544500589836, 6320216.650714146904647 ], [ 330740.907754643936642, 6320216.991571105085313 ], [ 330743.139739862817805, 6320217.371057723648846 ], [ 330745.3648334920872, 6320217.789060657843947 ], [ 330747.582370925229043, 6320218.245455052703619 ], [ 330764.776714709587395, 6320221.939402894116938 ], [ 330776.008739077020437, 6320224.279183929786086 ], [ 330793.155855014454573, 6320304.412786955945194 ], [ 330839.200671966187656, 6320330.607464527711272 ], [ 330839.666850277222693, 6320335.836830789223313 ], [ 330659.907218432519585, 6320351.861725248396397 ], [ 330631.305206871591508, 6320244.832652089186013 ] ] ] ] } },
{ "type": "Feature", "properties": { "fid": "145", "Area": 13030.222 }, "geometry": { "type": "MultiPolygon", "coordinates": [ [ [ [ 330631.30520687205717, 6320244.832652090117335 ], [ 330659.907218432519585, 6320351.861725247465074 ], [ 330490.840035348664969, 6320366.93342815246433 ], [ 330486.075201715808362, 6320313.483793593011796 ], [ 330486.66783144423971, 6320313.008774943649769 ], [ 330487.268393823120277, 6320312.543825977481902 ], [ 330487.876717772858683, 6320312.089079142548144 ], [ 330488.49263000296196, 6320311.644663980230689 ], [ 330489.115955061279237, 6320311.210707088932395 ], [ 330489.746515384002123, 6320310.787332087755203 ], [ 330490.384131346130744, 6320310.374659582041204 ], [ 330491.028621312929317, 6320309.972807127982378 ], [ 330491.679801691439934, 6320309.581889200024307 ], [ 330492.337486982694827, 6320309.202017156407237 ], [ 330493.001489834976383, 6320308.833299209363759 ], [ 330493.671621096669696, 6320308.475840394385159 ], [ 330494.347689870453905, 6320308.129742540419102 ], [ 330495.029503567668144, 6320307.795104236342013 ], [ 330495.716867963084951, 6320307.472020810469985 ], [ 330496.409587250265758, 6320307.160584298893809 ], [ 330497.107464097382035, 6320306.860883417539299 ], [ 330497.810299703385681, 6320306.57300354167819 ], [ 330498.517893854528666, 6320306.29702667798847 ], [ 330499.230044981755782, 6320306.03303144313395 ], [ 330499.946550217689946, 6320305.78109304048121 ], [ 330500.667205454723444, 6320305.541283237747848 ], [ 330501.391805402934551, 6320305.313670349307358 ], [ 330502.120143648877274, 6320305.098319213837385 ], [ 330502.852012713963632, 6320304.895291177555919 ], [ 330503.587204114010092, 6320304.704644075594842 ], [ 330504.32550841831835, 6320304.526432218030095 ], [ 330505.066715309396386, 6320304.360706370323896 ], [ 330507.561036511324346, 6320303.803157800808549 ], [ 330510.045663299912121, 6320303.203884584829211 ], [ 330512.519897762918845, 6320302.56305505335331 ], [ 330514.983044907217845, 6320301.880849211476743 ], [ 330517.434412854083348, 6320301.157458684407175 ], [ 330519.87331303342944, 6320300.393086666241288 ], [ 330522.299060377234127, 6320299.587947865016758 ], [ 330524.710973512148485, 6320298.742268436588347 ], [ 330527.108374950534198, 6320297.85628592595458 ], [ 330529.490591281151865, 6320296.930249199271202 ], [ 330531.856953358044848, 6320295.964418371208012 ], [ 330534.206796488608234, 6320294.959064738824964 ], [ 330536.539460620377213, 6320293.914470695890486 ], [ 330538.854290526127443, 6320292.830929661169648 ], [ 330541.150635988335125, 6320291.708745993673801 ], [ 330543.4278519814834, 6320290.54823490511626 ], [ 330631.30520687205717, 6320244.832652090117335 ] ] ] ] } },
{ "type": "Feature", "properties": { "fid": "146", "Area": 12021.693 }, "geometry": { "type": "MultiPolygon", "coordinates": [ [ [ [ 331066.864990156143904, 6320170.086347333155572 ], [ 331068.453244589385577, 6320168.051125724799931 ], [ 331070.007819599239156, 6320165.9900639411062 ], [ 331071.528294854448177, 6320163.903719258494675 ], [ 331073.014259243791457, 6320161.792655789293349 ], [ 331074.465310987376142, 6320159.657444329932332 ], [ 331075.881057744845748, 6320157.498662206344306 ], [ 331077.26111672190018, 6320155.316893116571009 ], [ 331078.605114773556124, 6320153.112726976163685 ], [ 331079.912688505079132, 6320150.886759754270315 ], [ 331081.183484370412771, 6320148.639593314379454 ], [ 331082.417158767464571, 6320146.371835254132748 ], [ 331083.613378131238278, 6320144.08409873675555 ], [ 331084.771819023881108, 6320141.777002329006791 ], [ 331085.892168222286273, 6320139.451169829815626 ], [ 331086.974122802726924, 6320137.107230107299984 ], [ 331112.958535803481936, 6320079.576377687975764 ], [ 331221.279228950385004, 6320128.500555046834052 ], [ 331143.984488574787974, 6320229.251416015438735 ], [ 331066.864990156143904, 6320170.086347333155572 ] ] ] ] } },
{ "type": "Feature", "properties": { "fid": "147", "Area": 1025.698 }, "geometry": { "type": "MultiPolygon", "coordinates": [ [ [ [ 330458.099726756103337, 6320369.852103408426046 ], [ 330472.489758293610066, 6320332.267512476071715 ], [ 330472.775526725687087, 6320331.540108385495842 ], [ 330473.073884562763851, 6320330.817776806652546 ], [ 330473.384741814050358, 6320330.100735610350966 ], [ 330473.708004718937445, 6320329.389201069250703 ], [ 330474.043575774820056, 6320328.683387798257172 ], [ 330474.391353766841348, 6320327.983508681878448 ], [ 330474.751233798160683, 6320327.289774820208549 ], [ 330475.123107321851421, 6320326.602395456284285 ], [ 330475.506862173497211, 6320325.921577916480601 ], [ 330475.902382604894228, 6320325.24752754997462 ], [ 330476.309549319266807, 6320324.580447663553059 ], [ 330476.728239507065155, 6320323.920539462007582 ], [ 330477.158326882869005, 6320323.268001985736191 ], [ 330477.599681723921094, 6320322.62303205486387 ], [ 330478.052170908718836, 6320321.985824203118682 ], [ 330478.515657957526855, 6320321.356570626609027 ], [ 330478.990003073471598, 6320320.735461119562387 ], [ 330479.475063184567261, 6320320.122683022171259 ], [ 330479.9706919870805, 6320319.518421160057187 ], [ 330480.476739989419002, 6320318.922857790254056 ], [ 330480.993054557533469, 6320318.336172546260059 ], [ 330481.519479960610624, 6320317.758542385883629 ], [ 330482.055857418279629, 6320317.190141531638801 ], [ 330482.602025148458779, 6320316.6311414251104 ], [ 330483.157818416017108, 6320316.081710672006011 ], [ 330483.723069582716562, 6320315.542014992795885 ], [ 330484.297608157445211, 6320315.012217168696225 ], [ 330484.881260848080274, 6320314.492476997897029 ], [ 330485.473851613234729, 6320313.982951245270669 ], [ 330486.075201715808362, 6320313.483793592080474 ], [ 330490.840035332832485, 6320366.933427969925106 ], [ 330458.099726756103337, 6320369.852103408426046 ] ] ] ] } },
{ "type": "Feature", "properties": { "fid": "148", "Area": 992.597 }, "geometry": { "type": "MultiPolygon", "coordinates": [ [ [ [ 330491.645943241659552, 6320274.263554421253502 ], [ 330478.207916658837348, 6320257.225681781768799 ], [ 330477.756632300443016, 6320256.647245580330491 ], [ 330477.31528544559842, 6320256.06119185872376 ], [ 330476.884004649997223, 6320255.467691321857274 ], [ 330476.462915537471417, 6320254.866916846483946 ], [ 330476.052140762971248, 6320254.259043426252902 ], [ 330475.651799977291375, 6320253.644248121418059 ], [ 330475.262009791855235, 6320253.022710011340678 ], [ 330474.882883744954597, 6320252.39461013674736 ], [ 330474.514532268687617, 6320251.760131452232599 ], [ 330474.157062656653579, 6320251.119458768516779 ], [ 330473.810579032811802, 6320250.472778701223433 ], [ 330473.475182321039028, 6320249.820279615931213 ], [ 330473.150970215909183, 6320249.162151571363211 ], [ 330472.838037154171616, 6320248.498586270026863 ], [ 330472.536474287044257, 6320247.829776993021369 ], [ 330472.246369453961961, 6320247.155918553471565 ], [ 330471.967807156848721, 6320246.477207232266665 ], [ 330471.700868535437621, 6320245.793840724043548 ], [ 330471.44563134375494, 6320245.106018082238734 ], [ 330471.202169927535579, 6320244.413939654827118 ], [ 330470.970555202220567, 6320243.717807030305266 ], [ 330470.750854632700793, 6320243.017822979949415 ], [ 330470.543132213526405, 6320242.314191394485533 ], [ 330470.347448450163938, 6320241.607117229141295 ], [ 330470.163860341534019, 6320240.896806439384818 ], [ 330469.992421363247558, 6320240.183465925976634 ], [ 330469.833181452122517, 6320239.467303471639752 ], [ 330469.686186991690192, 6320238.748527678661048 ], [ 330469.55148079857463, 6320238.027347913943231 ], [ 330469.429102110036183, 6320237.303974243812263 ], [ 330469.319086572621018, 6320236.578617370687425 ], [ 330469.221466231683735, 6320235.851488579064608 ], [ 330469.136269522248767, 6320235.122799665667117 ], [ 330469.063521260337438, 6320234.392762884497643 ], [ 330469.003242636157665, 6320233.661590881645679 ], [ 330468.955451207642909, 6320232.929496631957591 ], [ 330468.920160895620938, 6320232.196693380363286 ], [ 330468.897381979390047, 6320231.463394578546286 ], [ 330468.887121093983296, 6320230.729813822545111 ], [ 330468.889381228247657, 6320229.996164790354669 ], [ 330468.904161723854486, 6320229.262661178596318 ], [ 330468.93145827553235, 6320228.529516643844545 ], [ 330468.971262932289392, 6320227.796944735571742 ], [ 330512.55835592886433, 6320265.983701189048588 ], [ 330515.991104174870998, 6320280.075321154668927 ], [ 330512.960827285889536, 6320281.074645784683526 ], [ 330512.629673431219999, 6320281.168361644260585 ], [ 330512.29695600719424, 6320281.256365356966853 ], [ 330511.962773536157329, 6320281.338630864396691 ], [ 330511.627224973984994, 6320281.415133806876838 ], [ 330511.290409681445453, 6320281.485851529985666 ], [ 330510.952427394047845, 6320281.550763093866408 ], [ 330510.613378193113022, 6320281.609849277883768 ], [ 330510.273362475796603, 6320281.663092584349215 ], [ 330509.932480925461277, 6320281.710477247834206 ], [ 330509.590834481816273, 6320281.751989237964153 ], [ 330509.248524311173242, 6320281.787616261281073 ], [ 330508.905651776236482, 6320281.81734776776284 ], [ 330508.562318406300619, 6320281.841174954548478 ], [ 330508.218625867215451, 6320281.859090766869485 ], [ 330507.874675931059755, 6320281.871089897118509 ], [ 330507.530570446164347, 6320281.877168794162571 ], [ 330507.186411306902301, 6320281.877325657755136 ], [ 330506.842300423653796, 6320281.871560440398753 ], [ 330506.498339692305308, 6320281.859874850139022 ], [ 330506.154630964447279, 6320281.842272346839309 ], [ 330505.811276016931515, 6320281.818758143112063 ], [ 330505.468376522010658, 6320281.789339202456176 ], [ 330505.126034016895574, 6320281.754024234600365 ], [ 330504.784349874011241, 6320281.712823698297143 ], [ 330504.443425270670559, 6320281.665749792940915 ], [ 330504.103361159446649, 6320281.612816457636654 ], [ 330503.764258238021284, 6320281.554039366543293 ], [ 330503.426216919440776, 6320281.489435925148427 ], [ 330503.08933730237186, 6320281.41902526281774 ], [ 330502.753719141648617, 6320281.342828230001032 ], [ 330502.419461818353739, 6320281.260867387987673 ], [ 330502.086664310714696, 6320281.17316700797528 ], [ 330501.755425164767075, 6320281.079753058962524 ], [ 330501.425842464901507, 6320280.980653202161193 ], [ 330501.098013805225492, 6320280.875896781682968 ], [ 330500.772036260284949, 6320280.765514818020165 ], [ 330500.448006356484257, 6320280.64953999593854 ], [ 330500.12602004368091, 6320280.528006658889353 ], [ 330499.806172666430939, 6320280.400950793176889 ], [ 330499.488558935932815, 6320280.268410022370517 ], [ 330499.173272902087774, 6320280.130423593334854 ], [ 330498.860407925327308, 6320279.987032365985215 ], [ 330498.550056649488397, 6320279.8382788002491 ], [ 330498.242310973699205, 6320279.68420694489032 ], [ 330497.93726202583639, 6320279.524862421676517 ], [ 330497.635000135051087, 6320279.360292415134609 ], [ 330497.335614805284422, 6320279.190545655786991 ], [ 330497.039194688666612, 6320279.015672409906983 ], [ 330496.745827559381723, 6320278.835724459029734 ], [ 330496.455600287416019, 6320278.650755087845027 ], [ 330496.168598813062999, 6320278.460819068364799 ], [ 330495.884908121544868, 6320278.26597264315933 ], [ 330495.604612217459362, 6320278.066273509524763 ], [ 330495.327794100390747, 6320277.861780801787972 ], [ 330495.054535740055144, 6320277.652555070817471 ], [ 330494.784918051911518, 6320277.438658273778856 ], [ 330494.519020873587579, 6320277.22015374712646 ], [ 330494.256922940898221, 6320276.99710619263351 ], [ 330493.998701864678878, 6320276.769581658765674 ], [ 330493.744434107735287, 6320276.537647518329322 ], [ 330493.494194962258916, 6320276.301372449845076 ], [ 330493.248058527591638, 6320276.060826418921351 ], [ 330493.006097688048612, 6320275.816080653108656 ], [ 330492.768384091672488, 6320275.567207625135779 ], [ 330492.534988128696568, 6320275.31428103055805 ], [ 330492.305978910939302, 6320275.057375764474273 ], [ 330492.081424251140561, 6320274.796567899174988 ], [ 330491.861390643112827, 6320274.531934664584696 ], [ 330491.645943241659552, 6320274.263554421253502 ] ] ] ] } },
{ "type": "Feature", "properties": { "fid": "149", "Area": 16116.906 }, "geometry": { "type": "MultiPolygon", "coordinates": [ [ [ [ 330771.541019862052053, 6320202.421272748149931 ], [ 330751.888243476394564, 6320198.20276418980211 ], [ 330749.526568500790745, 6320197.71502426173538 ], [ 330747.157429318409413, 6320197.264937089756131 ], [ 330744.781426196685061, 6320196.852616712450981 ], [ 330742.399161142297089, 6320196.478167599067092 ], [ 330728.631568297743797, 6320171.194171296432614 ], [ 330728.581019412435126, 6320171.103225531987846 ], [ 330728.528901042125653, 6320171.013170008547604 ], [ 330728.475228860334028, 6320170.924031808041036 ], [ 330728.420019007811788, 6320170.83583773765713 ], [ 330728.363288088003173, 6320170.748614320531487 ], [ 330728.305053161690012, 6320170.662387786433101 ], [ 330728.245331741811242, 6320170.577184066176414 ], [ 330728.18414178857347, 6320170.493028785102069 ], [ 330728.121501703571994, 6320170.409947249107063 ], [ 330728.057430324784946, 6320170.327964443713427 ], [ 330727.991946920345072, 6320170.247105025686324 ], [ 330727.925071183242835, 6320170.167393309995532 ], [ 330727.856823225039989, 6320170.088853268884122 ], [ 330727.787223570048809, 6320170.011508521623909 ], [ 330727.716293149103876, 6320169.935382328927517 ], [ 330727.644053293042816, 6320169.860497583635151 ], [ 330727.570525726827327, 6320169.786876806989312 ], [ 330727.495732562325429, 6320169.71454213745892 ], [ 330727.419696292257868, 6320169.643515328876674 ], [ 330727.342439783154987, 6320169.573817742057145 ], [ 330727.263986268313602, 6320169.505470336414874 ], [ 330727.184359341277741, 6320169.438493666239083 ], [ 330727.103582948213443, 6320169.372907874174416 ], [ 330727.021681381273083, 6320169.308732682839036 ], [ 330726.938679270679131, 6320169.245987392030656 ], [ 330726.854601577797439, 6320169.184690872207284 ], [ 330726.769473587395623, 6320169.124861555173993 ], [ 330726.683320900076069, 6320169.06651743594557 ], [ 330726.59616942476714, 6320169.009676057845354 ], [ 330726.508045370457694, 6320168.954354517161846 ], [ 330726.418975238979328, 6320168.900569449178874 ], [ 330726.328985816333443, 6320168.848337030038238 ], [ 330726.238104165240657, 6320168.797672966495156 ], [ 330726.14635761664249, 6320168.748592494986951 ], [ 330726.053773761494085, 6320168.701110376045108 ], [ 330725.960380442789756, 6320168.65524088870734 ], [ 330725.866205746715423, 6320168.610997827723622 ], [ 330725.771277994499542, 6320168.568394497968256 ], [ 330725.675625733972993, 6320168.527443711645901 ], [ 330725.579277730721515, 6320168.488157783634961 ], [ 330725.482262959587388, 6320168.450548529624939 ], [ 330725.384610595880076, 6320168.414627257734537 ], [ 330725.286350006761495, 6320168.380404773168266 ], [ 330725.187510742282029, 6320168.347891366109252 ], [ 330725.088122526474763, 6320168.317096814513206 ], [ 330724.988215248391498, 6320168.288030379451811 ], [ 330724.887818953371607, 6320168.260700802318752 ], [ 330724.786963833670598, 6320168.235116302035749 ], [ 330724.685680219496135, 6320168.211284572258592 ], [ 330724.583998570102267, 6320168.189212779514492 ], [ 330724.481949464243371, 6320168.168907562270761 ], [ 330724.379563591326587, 6320168.15037502720952 ], [ 330724.276871741982177, 6320168.133620746433735 ], [ 330724.1739047987503, 6320168.118649759329855 ], [ 330724.070693727117032, 6320168.10546656884253 ], [ 330723.967269565735478, 6320168.094075137749314 ], [ 330723.863663417636417, 6320168.08447889238596 ], [ 330723.75990644027479, 6320168.076680719852448 ], [ 330723.656029836682137, 6320168.070682964287698 ], [ 330723.552064845804125, 6320168.066487429663539 ], [ 330699.589668717700988, 6320167.307525147683918 ], [ 330699.332037114130799, 6320167.297147998586297 ], [ 330699.074621942359954, 6320167.282344022765756 ], [ 330698.817499261931516, 6320167.263117592781782 ], [ 330698.560745046066586, 6320167.239474390633404 ], [ 330698.304435159021523, 6320167.211421402171254 ], [ 330698.048645333794411, 6320167.178966915234923 ], [ 330697.793451149715111, 6320167.142120520584285 ], [ 330697.538928010093514, 6320167.100893105380237 ], [ 330697.285151120042428, 6320167.055296850390732 ], [ 330697.032195464067627, 6320167.005345229059458 ], [ 330696.780135784123559, 6320166.951053 ], [ 330696.529046557378024, 6320166.892436205409467 ], [ 330696.279001974209677, 6320166.829512165859342 ], [ 330696.030075916380156, 6320166.762299472466111 ], [ 330695.782341935264412, 6320166.69081798568368 ], [ 330695.535873229731806, 6320166.615088826045394 ], [ 330695.290742625133134, 6320166.535134370438755 ], [ 330695.047022551123518, 6320166.450978241860867 ], [ 330694.804785020824056, 6320166.362645307555795 ], [ 330694.564101609168574, 6320166.27016166690737 ], [ 330694.32504343194887, 6320166.1735546477139 ], [ 330694.08768112474354, 6320166.07285279314965 ], [ 330693.852084822021425, 6320165.968085858970881 ], [ 330693.61832413636148, 6320165.859284800477326 ], [ 330693.386468138196506, 6320165.746481766924262 ], [ 330693.156585334916599, 6320165.629710086621344 ], [ 330692.928743651020341, 6320165.509004265069962 ], [ 330692.703010407858528, 6320165.384399966336787 ], [ 330692.47945230390178, 6320165.255934007465839 ], [ 330692.258135394717101, 6320165.123644347302616 ], [ 330692.039125073875766, 6320164.987570074386895 ], [ 330691.822486053220928, 6320164.847751394845545 ], [ 330691.608282344124746, 6320164.704229622147977 ], [ 330691.396577238221653, 6320164.557047162204981 ], [ 330691.187433288956527, 6320164.4062475040555 ], [ 330690.980912292958237, 6320164.251875204965472 ], [ 330690.777075271937065, 6320164.093975879251957 ], [ 330690.57598245452391, 6320163.932596180588007 ], [ 330690.377693258400541, 6320163.767783792689443 ], [ 330690.182266273070127, 6320163.599587414413691 ], [ 330689.989759242045693, 6320163.428056742064655 ], [ 330689.800229046319146, 6320163.253242460079491 ], [ 330689.613731687131803, 6320163.07519622053951 ], [ 330689.430322269734461, 6320162.893970631994307 ], [ 330689.25005498691462, 6320162.709619241766632 ], [ 330689.072983102931175, 6320162.522196521051228 ], [ 330688.899158938089386, 6320162.331757848151028 ], [ 330688.728633852908388, 6320162.138359492644668 ], [ 330688.561458233161829, 6320161.942058600485325 ], [ 330688.397681475034915, 6320161.742913170717657 ], [ 330688.23735197033966, 6320161.540982048027217 ], [ 330688.080517092254013, 6320161.33632489759475 ], [ 330687.927223181526642, 6320161.129002189263701 ], [ 330687.777515532448888, 6320160.919075182639062 ], [ 330676.387634869199246, 6320144.653725345619023 ], [ 330676.240289192995988, 6320144.447051821276546 ], [ 330676.089467542537022, 6320144.242901084013283 ], [ 330675.935213102842681, 6320144.041331587359309 ], [ 330675.777570041886065, 6320143.84240104816854 ], [ 330675.616583497903775, 6320143.646166427060962 ], [ 330675.45229956653202, 6320143.452683911658823 ], [ 330675.284765287477057, 6320143.262008901685476 ], [ 330675.114028631185647, 6320143.074195994995534 ], [ 330674.940138484991621, 6320142.889298966154456 ], [ 330674.763144639262464, 6320142.707370758987963 ], [ 330674.583097772905603, 6320142.528463465161622 ], [ 330674.400049439165741, 6320142.352628311142325 ], [ 330674.214052050607279, 6320142.179915644228458 ], [ 330674.025158864213154, 6320142.01037491671741 ], [ 330673.83342396619264, 6320141.844054674729705 ], [ 330673.63890225632349, 6320141.681002541445196 ], [ 330673.441649432410486, 6320141.521265202201903 ], [ 330673.241721974278335, 6320141.364888396114111 ], [ 330673.039177127473522, 6320141.211916899308562 ], [ 330672.834072887140792, 6320141.062394510954618 ], [ 330672.626467981142923, 6320140.916364044882357 ], [ 330672.41642185341334, 6320140.773867314681411 ], [ 330672.203994646843057, 6320140.634945120662451 ], [ 330671.989247186167631, 6320140.499637242406607 ], [ 330671.77224096050486, 6320140.367982421070337 ], [ 330671.553038105543237, 6320140.240018354728818 ], [ 330671.331701386196073, 6320140.115781682543457 ], [ 330671.108294178149663, 6320139.995307978242636 ], [ 330670.882880450051744, 6320139.878631738014519 ], [ 330670.655524745117873, 6320139.765786368399858 ], [ 330620.050709236878902, 6320115.180086596868932 ], [ 330619.957825138582848, 6320115.133963644504547 ], [ 330619.865752083598636, 6320115.086242213845253 ], [ 330619.774517578305677, 6320115.036936559714377 ], [ 330619.684148878324777, 6320114.986061413772404 ], [ 330619.594672980892938, 6320114.933631973341107 ], [ 330619.506116616306826, 6320114.879663902334869 ], [ 330619.418506240239367, 6320114.824173321947455 ], [ 330619.331868025823496, 6320114.76717681158334 ], [ 330619.246227855677716, 6320114.70869139675051 ], [ 330619.16161131428089, 6320114.648734550923109 ], [ 330619.078043680288829, 6320114.587324185296893 ], [ 330618.995549919025507, 6320114.524478646926582 ], [ 330618.914154675090685, 6320114.460216708481312 ], [ 330618.833882264676504, 6320114.394557569175959 ], [ 330618.754756668815389, 6320114.327520843595266 ], [ 330618.676801525754854, 6320114.259126559831202 ], [ 330618.600040124088991, 6320114.189395149238408 ], [ 330618.524495395889971, 6320114.118347443640232 ], [ 330618.450189909606706, 6320114.046004667878151 ], [ 330618.377145863603801, 6320113.972388435155153 ], [ 330618.305385079351254, 6320113.897520735859871 ], [ 330618.234928994905204, 6320113.821423938497901 ], [ 330618.165798658679705, 6320113.744120775721967 ], [ 330618.098014722869266, 6320113.66563434060663 ], [ 330618.031597437511664, 6320113.58598808106035 ], [ 330617.966566644434351, 6320113.505205790512264 ], [ 330617.90294177114265, 6320113.42331160325557 ], [ 330617.840741825173609, 6320113.340329984202981 ], [ 330617.779985388449859, 6320113.256285722367465 ], [ 330617.720690611517057, 6320113.171203927136958 ], [ 330617.662875208363403, 6320113.085110016167164 ], [ 330617.606556451006327, 6320112.998029707930982 ], [ 330617.551751164312009, 6320112.909989018924534 ], [ 330617.498475721047726, 6320112.821014249697328 ], [ 330617.446746036934201, 6320112.731131981126964 ], [ 330617.396577565814368, 6320112.640369064174592 ], [ 330617.347985295346007, 6320112.548752616159618 ], [ 330617.300983742112294, 6320112.456310003995895 ], [ 330617.255586947547272, 6320112.363068846985698 ], [ 330617.21180847362848, 6320112.269056998193264 ], [ 330617.169661398977041, 6320112.174302544444799 ], [ 330617.129158314783126, 6320112.078833792358637 ], [ 330617.090311321022455, 6320111.982679262757301 ], [ 330617.053132023080252, 6320111.885867681354284 ], [ 330617.017631527967751, 6320111.78842797037214 ], [ 330616.983820441295393, 6320111.690389239229262 ], [ 330616.951708863954991, 6320111.591780776157975 ], [ 330616.921306389034726, 6320111.492632039822638 ], [ 330616.892622099025175, 6320111.392972650006413 ], [ 330616.865664563316386, 6320111.292832379229367 ], [ 330616.840441835287493, 6320111.192241145297885 ], [ 330616.816961449978407, 6320111.091228997334838 ], [ 330616.795230422052555, 6320110.989826113916934 ], [ 330616.775255243584979, 6320110.888062787242234 ], [ 330616.757041882025078, 6320110.785969418473542 ], [ 330616.74059577845037, 6320110.683576507493854 ], [ 330616.725921846053097, 6320110.580914644524455 ], [ 330616.713024468568619, 6320110.478014498949051 ], [ 330616.70190749905305, 6320110.374906810000539 ], [ 330616.692574258660898, 6320110.271622382104397 ], [ 330616.68502753553912, 6320110.168192069977522 ], [ 330616.679269584303256, 6320110.064646773971617 ], [ 330616.6753021251061, 6320109.961017426103354 ], [ 330616.673126343113836, 6320109.857334985397756 ], [ 330616.672742888447829, 6320109.753630427643657 ], [ 330616.674151876010001, 6320109.649934732355177 ], [ 330617.301636779215187, 6320081.426485135219991 ], [ 330617.305154603731353, 6320081.168179062195122 ], [ 330617.304223523999099, 6320080.909850714728236 ], [ 330617.298843815980945, 6320080.651576710864902 ], [ 330617.289017075381707, 6320080.393433654680848 ], [ 330617.274746216717176, 6320080.135498110204935 ], [ 330617.25603547267383, 6320079.877846581861377 ], [ 330617.232890392886475, 6320079.620555486530066 ], [ 330617.205317842133809, 6320079.363701137714088 ], [ 330617.173325998242944, 6320079.107359715737402 ], [ 330617.136924349993933, 6320078.851607252843678 ], [ 330617.096123693976551, 6320078.596519604325294 ], [ 330617.050936131621711, 6320078.342172427102923 ], [ 330617.00137506541796, 6320078.088641160167754 ], [ 330616.947455195011571, 6320077.836001001298428 ], [ 330616.889192512899172, 6320077.584326882846653 ], [ 330616.826604299654718, 6320077.333693449385464 ], [ 330616.759709118749015, 6320077.084175039082766 ], [ 330616.688526811136398, 6320076.835845658555627 ], [ 330616.613078489317559, 6320076.588778960518539 ], [ 330616.533386531053111, 6320076.343048226088285 ], [ 330616.449474572727922, 6320076.098726336844265 ], [ 330616.361367502482608, 6320075.85588575899601 ], [ 330616.269091452588327, 6320075.614598517306149 ], [ 330616.172673791879788, 6320075.374936177395284 ], [ 330616.072143117547967, 6320075.136969823390245 ], [ 330615.967529246816412, 6320074.900770033709705 ], [ 330615.858863207802642, 6320074.666406867094338 ], [ 330615.746177230554167, 6320074.433949832804501 ], [ 330615.62950473750243, 6320074.203467877581716 ], [ 330615.508880333334673, 6320073.975029361434281 ], [ 330615.384339794982225, 6320073.748702039942145 ], [ 330615.255920060793869, 6320073.52455304004252 ], [ 330615.123659219709225, 6320073.302648844197392 ], [ 330614.987596500024665, 6320073.08305526804179 ], [ 330614.847772257518955, 6320072.865837442688644 ], [ 330614.704227963695303, 6320072.651059795171022 ], [ 330614.557006193383131, 6320072.438786027021706 ], [ 330614.406150612223428, 6320072.229079098440707 ], [ 330614.251705963572022, 6320072.02200120780617 ], [ 330614.093718055286445, 6320071.817613773979247 ], [ 330613.932233746105339, 6320071.615977417677641 ], [ 330613.767300931969658, 6320071.417151943780482 ], [ 330613.598968531412538, 6320071.221196322701871 ], [ 330613.427286471414845, 6320071.028168675489724 ], [ 330613.2523056724458, 6320070.838126253336668 ], [ 330613.07407803327078, 6320070.651125421747565 ], [ 330612.892656415817328, 6320070.467221645638347 ], [ 330612.708094629226252, 6320070.28646946977824 ], [ 330612.520447413960937, 6320070.108922503888607 ], [ 330612.329770425800234, 6320069.93463340960443 ], [ 330602.844650792423636, 6320061.413471619598567 ], [ 330625.490360845811665, 6320035.565225367434323 ], [ 330720.449058553669602, 6320052.577478371560574 ], [ 330720.701817658205982, 6320052.625001193024218 ], [ 330720.953724820108619, 6320052.676850641146302 ], [ 330721.204705983633175, 6320052.733011472970247 ], [ 330721.45468736521434, 6320052.793467178940773 ], [ 330721.703595475351904, 6320052.858199984766543 ], [ 330721.951357139798347, 6320052.927190861664712 ], [ 330722.197899521619547, 6320053.000419527292252 ], [ 330722.443150142091326, 6320053.077864454127848 ], [ 330722.68703690241091, 6320053.15950287412852 ], [ 330722.929488104593474, 6320053.245310787111521 ], [ 330723.170432472776156, 6320053.335262968204916 ], [ 330723.409799174114596, 6320053.429332973435521 ], [ 330723.647517839388456, 6320053.527493147179484 ], [ 330723.883518584014382, 6320053.629714632406831 ], [ 330724.117732028418686, 6320053.735967377200723 ], [ 330724.350089318468235, 6320053.846220147795975 ], [ 330724.580522145610303, 6320053.960440529510379 ], [ 330724.80896276718704, 6320054.078594944439828 ], [ 330725.035344026109669, 6320054.200648658908904 ], [ 330725.259599370707292, 6320054.326565789990127 ], [ 330725.481662874401081, 6320054.456309320405126 ], [ 330725.701469254738186, 6320054.589841109700501 ], [ 330725.918953893065918, 6320054.727121900767088 ], [ 330726.134052853158209, 6320054.868111335672438 ], [ 330726.346702900133096, 6320055.012767966836691 ], [ 330726.556841519020963, 6320055.161049268208444 ], [ 330726.764406933216378, 6320055.31291164830327 ], [ 330726.969338122580666, 6320055.468310461379588 ], [ 330727.171574841311667, 6320055.627200023271143 ], [ 330727.371057635813486, 6320055.789533625356853 ], [ 330727.567727862100583, 6320055.955263542942703 ], [ 330727.761527702910826, 6320056.124341054819524 ], [ 330727.952400184934959, 6320056.29671645630151 ], [ 330728.140289195463993, 6320056.472339072264731 ], [ 330728.325139498745557, 6320056.651157272979617 ], [ 330728.506896752398461, 6320056.833118489012122 ], [ 330728.685507523419801, 6320057.018169227987528 ], [ 330728.860919303726405, 6320057.206255088560283 ], [ 330729.033080525696278, 6320057.397320776246488 ], [ 330729.201940577302594, 6320057.591310122981668 ], [ 330729.367449817014858, 6320057.788166098296642 ], [ 330729.529559588409029, 6320057.987830830737948 ], [ 330729.688222234137356, 6320058.190245623700321 ], [ 330766.256296242587268, 6320105.675044123083353 ], [ 330766.547528852999676, 6320106.104315259493887 ], [ 330766.831295547250193, 6320106.538557824678719 ], [ 330767.107511482201517, 6320106.977641984820366 ], [ 330767.376094072358683, 6320107.421436457894742 ], [ 330767.636963014374487, 6320107.869808554649353 ], [ 330767.890040311380289, 6320108.322624216787517 ], [ 330768.13525029597804, 6320108.77974805701524 ], [ 330768.372519653115887, 6320109.24104340095073 ], [ 330768.601777441857848, 6320109.706372326239944 ], [ 330768.822955116571393, 6320110.175595703534782 ], [ 330769.035986547591165, 6320110.648573242127895 ], [ 330769.240808040893171, 6320111.125163525342941 ], [ 330769.437358357012272, 6320111.605224058032036 ], [ 330769.625578729610424, 6320112.08861130848527 ], [ 330769.805412882880773, 6320112.575180747546256 ], [ 330769.976807048311457, 6320113.064786897972226 ], [ 330770.139709980983753, 6320113.557283371686935 ], [ 330770.294072974706069, 6320114.052522917278111 ], [ 330770.439849876565859, 6320114.55035746563226 ], [ 330770.576997100899462, 6320115.050638167187572 ], [ 330770.705473642272409, 6320115.553215445950627 ], [ 330770.825241087470204, 6320116.057939034886658 ], [ 330770.93626362743089, 6320116.564658027142286 ], [ 330771.038508067606017, 6320117.073220920749009 ], [ 330771.131943838030566, 6320117.583475660532713 ], [ 330771.216543002403341, 6320118.095269684679806 ], [ 330771.292280266527086, 6320118.608449973165989 ], [ 330771.359132985759061, 6320119.122863091528416 ], [ 330771.417081171937753, 6320119.638355234637856 ], [ 330771.466107499145437, 6320120.154772276990116 ], [ 330771.506197309063282, 6320120.671959814615548 ], [ 330771.537338615220506, 6320121.189763214439154 ], [ 330771.559522106777877, 6320121.708027659915388 ], [ 330771.572741151088849, 6320122.226598193868995 ], [ 330771.576991796027869, 6320122.745319770649076 ], [ 330771.541019862052053, 6320202.421272748149931 ] ] ] ] } },
{ "type": "Feature", "properties": { "fid": "150", "Area": 10292.367 }, "geometry": { "type": "MultiPolygon", "coordinates": [ [ [ [ 330849.688234721776098, 6320236.082055350765586 ], [ 330849.567611243168358, 6320236.068815935403109 ], [ 330849.446776387107093, 6320236.057669489644468 ], [ 330849.32576646655798, 6320236.048619360662997 ], [ 330849.204617846931797, 6320236.041668269783258 ], [ 330849.083366935374215, 6320236.036818305030465 ], [ 330848.96205016982276, 6320236.034070924855769 ], [ 330848.840704007947352, 6320236.03342695441097 ], [ 330848.719364916207269, 6320236.034886586479843 ], [ 330848.598069359082729, 6320236.038449384272099 ], [ 330848.47685378784081, 6320236.044114274904132 ], [ 330848.355754629708827, 6320236.051879557780921 ], [ 330848.234808277105913, 6320236.061742898076773 ], [ 330848.114051076234318, 6320236.073701332323253 ], [ 330847.993519316718448, 6320236.087751266546547 ], [ 330847.873249220370781, 6320236.103888479061425 ], [ 330847.75327693024883, 6320236.122108119539917 ], [ 330847.633638500003144, 6320236.142404713667929 ], [ 330847.514369882992469, 6320236.164772160351276 ], [ 330847.395506921340711, 6320236.189203740097582 ], [ 330847.277085335401352, 6320236.215692108497024 ], [ 330847.159140712756198, 6320236.2442293073982 ], [ 330847.041708497738, 6320236.274806759320199 ], [ 330846.924823980603833, 6320236.307415275834501 ], [ 330846.80852228711592, 6320236.342045057564974 ], [ 330846.692838367831428, 6320236.37868569791317 ], [ 330846.577806987625081, 6320236.417326185852289 ], [ 330846.463462715444621, 6320236.457954908721149 ], [ 330846.349839913484175, 6320236.500559656880796 ], [ 330846.236972727347165, 6320236.545127627439797 ], [ 330846.124895075452514, 6320236.591645426116884 ], [ 330846.013640638964716, 6320236.640099075622857 ], [ 330845.903242851723917, 6320236.690474011935294 ], [ 330845.79373489000136, 6320236.742755099199712 ], [ 330845.68514966283692, 6320236.796926624141634 ], [ 330845.577519801794551, 6320236.852972308173776 ], [ 330845.470877651416231, 6320236.910875309258699 ], [ 330845.365255259501282, 6320236.970618224702775 ], [ 330845.26068436721107, 6320237.032183103263378 ], [ 330845.157196399930399, 6320237.095551441423595 ], [ 330845.054822457372211, 6320237.160704197362065 ], [ 330844.953593304671813, 6320237.227621790952981 ], [ 330844.853539362899028, 6320237.296284113079309 ], [ 330844.75469069974497, 6320237.366670528426766 ], [ 330844.657077021023724, 6320237.438759885728359 ], [ 330844.560727661184501, 6320237.512530520558357 ], [ 330844.465671574813314, 6320237.587960263714194 ], [ 330844.371937327785417, 6320237.665026446804404 ], [ 330844.279553088766988, 6320237.743705911561847 ], [ 330844.188546620833222, 6320237.823975011706352 ], [ 330844.098945272853598, 6320237.905809625983238 ], [ 330844.010775971517432, 6320237.989185162819922 ], [ 330843.924065213184804, 6320238.074076564051211 ], [ 330843.838839055795688, 6320238.160458320751786 ], [ 330843.755123111302964, 6320238.248304472304881 ], [ 330843.672942537639756, 6320238.337588619440794 ], [ 330843.592322031443473, 6320238.428283931687474 ], [ 330843.513285820547026, 6320238.520363153889775 ], [ 330843.43585765658645, 6320238.613798613660038 ], [ 330843.360060808015987, 6320238.708562231622636 ], [ 330843.285918053006753, 6320238.80462553165853 ], [ 330843.213451672694646, 6320238.901959644630551 ], [ 330843.142683444428258, 6320239.000535318627954 ], [ 330843.073634635249618, 6320239.100322931073606 ], [ 330843.006325995374937, 6320239.201292494311929 ], [ 330842.94077775219921, 6320239.303413665853441 ], [ 330842.877009604126215, 6320239.406655754894018 ], [ 330842.815040714398492, 6320239.510987736284733 ], [ 330842.754889705800451, 6320239.61637825705111 ], [ 330842.696574654662982, 6320239.722795645706356 ], [ 330842.640113085566554, 6320239.830207920633256 ], [ 330842.585521966160741, 6320239.938582804054022 ], [ 330842.532817702041939, 6320240.047887727618217 ], [ 330842.482016131631099, 6320240.158089842647314 ], [ 330842.433132521691732, 6320240.269156032241881 ], [ 330842.386181562556885, 6320240.381052917800844 ], [ 330842.341177363647148, 6320240.493746873922646 ], [ 330842.298133449628949, 6320240.607204033993185 ], [ 330842.257062755757943, 6320240.721390302293003 ], [ 330842.217977624561172, 6320240.836271363310516 ], [ 330842.180889801704325, 6320240.951812694780529 ], [ 330842.145810432732105, 6320241.067979572340846 ], [ 330842.112750059517566, 6320241.184737088158727 ], [ 330842.081718617293518, 6320241.302050153724849 ], [ 330842.052725431451108, 6320241.419883513823152 ], [ 330842.025779215036891, 6320241.538201758638024 ], [ 330842.000888065726031, 6320241.656969332136214 ], [ 330841.978059463726822, 6320241.776150541380048 ], [ 330841.957300269510597, 6320241.895709570497274 ], [ 330841.938616721425205, 6320242.015610491856933 ], [ 330841.922014434239827, 6320242.135817270725965 ], [ 330841.907498397282325, 6320242.256293784826994 ], [ 330841.895072972751223, 6320242.377003827132285 ], [ 330841.884741894726176, 6320242.497911124490201 ], [ 330841.876508267887402, 6320242.618979341350496 ], [ 330841.87037456658436, 6320242.740172094665468 ], [ 330841.866342634020839, 6320242.861452964134514 ], [ 330841.864413681963924, 6320242.982785502448678 ], [ 330841.864588290045504, 6320243.10413324739784 ], [ 330841.866866405762266, 6320243.225459732115269 ], [ 330841.871247344533913, 6320243.346728495322168 ], [ 330841.877729789819568, 6320243.467903095297515 ], [ 330841.886311793525238, 6320243.588947115465999 ], [ 330841.896990776644088, 6320243.709824182093143 ], [ 330841.909763529896736, 6320243.830497967079282 ], [ 330841.924626214953605, 6320243.950932207517326 ], [ 330841.941574365308043, 6320244.071090711280704 ], [ 330841.960602887673303, 6320244.190937367267907 ], [ 330841.981706063786987, 6320244.310436161234975 ], [ 330842.004877551749814, 6320244.429551180452108 ], [ 330842.03011038817931, 6320244.548246629536152 ], [ 330842.057396990130655, 6320244.666486838832498 ], [ 330842.086729157541413, 6320244.784236274659634 ], [ 330842.118098075618036, 6320244.901459551416337 ], [ 330842.151494317513425, 6320245.018121441826224 ], [ 330842.186907847120892, 6320245.134186887182295 ], [ 330842.224328022042755, 6320245.249621008522809 ], [ 330842.263743596966378, 6320245.36438911408186 ], [ 330842.305142726749182, 6320245.478456716053188 ], [ 330842.34851297037676, 6320245.591789534315467 ], [ 330842.393841294397134, 6320245.704353510402143 ], [ 330842.44111407676246, 6320245.816114817745984 ], [ 330842.490317111369222, 6320245.927039869129658 ], [ 330843.441203574242536, 6320247.976512288674712 ], [ 330844.425758213328663, 6320250.010025118477643 ], [ 330845.443713263783138, 6320252.027025311253965 ], [ 330846.494791876757517, 6320254.026964313350618 ], [ 330847.578708194952924, 6320256.009298210963607 ], [ 330848.695167430501897, 6320257.973487875424325 ], [ 330849.843865944712888, 6320259.918999116867781 ], [ 330851.024491331190802, 6320261.845302821137011 ], [ 330852.236722500354517, 6320263.751875099726021 ], [ 330853.480229767039418, 6320265.638197432272136 ], [ 330854.754674939904362, 6320267.503756803460419 ], [ 330856.059711413749028, 6320269.348045844584703 ], [ 330857.394984263461083, 6320271.170562972314656 ], [ 330858.760130340699106, 6320272.970812524668872 ], [ 330902.931583861354738, 6320330.233802596107125 ], [ 330926.236871458124369, 6320328.156223942525685 ], [ 331018.180234361439943, 6320319.959819270297885 ], [ 330966.897384043317288, 6320253.477756462991238 ], [ 330966.661775168147869, 6320253.17773288115859 ], [ 330966.420999523252249, 6320252.881839689798653 ], [ 330966.175129503535572, 6320252.590165855363011 ], [ 330965.924239035404753, 6320252.302799077704549 ], [ 330965.668403554882389, 6320252.019825760275126 ], [ 330965.407699984731153, 6320251.741330984048545 ], [ 330965.14220671140356, 6320251.467398485168815 ], [ 330964.872003561642487, 6320251.19811062887311 ], [ 330964.597171778150368, 6320250.9335483815521 ], [ 330964.317793995374814, 6320250.673791290260851 ], [ 330964.033954214712139, 6320250.418917457573116 ], [ 330963.745737779070623, 6320250.169003515504301 ], [ 330963.453231347375549, 6320249.924124608747661 ], [ 330963.156522868317552, 6320249.684354363940656 ], [ 330962.85570155410096, 6320249.449764873832464 ], [ 330962.550857853610069, 6320249.220426673069596 ], [ 330962.242083424993325, 6320248.996408718638122 ], [ 330961.929471108480357, 6320248.77777836471796 ], [ 330961.613114898034837, 6320248.56460134871304 ], [ 330961.293109913473018, 6320248.356941767968237 ], [ 330960.969552371534519, 6320248.154862058348954 ], [ 330960.642539557302371, 6320247.958422981202602 ], [ 330960.312169794575311, 6320247.76768359914422 ], [ 330959.97854241670575, 6320247.582701263017952 ], [ 330959.641757736331783, 6320247.403531592339277 ], [ 330959.301917015516665, 6320247.230228457599878 ], [ 330958.959122435189784, 6320247.062843967229128 ], [ 330958.613477064296603, 6320246.901428449898958 ], [ 330958.265084829123225, 6320246.746030436828732 ], [ 330957.914050481806044, 6320246.596696653403342 ], [ 330957.560479568783194, 6320246.453471999615431 ], [ 330957.204478399304207, 6320246.31639953982085 ], [ 330956.846154013241176, 6320246.185520487837493 ], [ 330956.485614149074536, 6320246.060874195769429 ], [ 330956.12296721135499, 6320245.942498140968382 ], [ 330955.758322238223627, 6320245.830427914857864 ], [ 330955.3917888685246, 6320245.724697215482593 ], [ 330955.023477308859583, 6320245.625337833538651 ], [ 330954.653498300642241, 6320245.532379642128944 ], [ 330954.281963086512405, 6320245.445850591175258 ], [ 330953.908983376983088, 6320245.365776699967682 ], [ 330953.534671317029279, 6320245.292182042263448 ], [ 330953.159139452094678, 6320245.225088746286929 ], [ 330952.782500694447663, 6320245.164516986347735 ], [ 330952.404868289188016, 6320245.110484973527491 ], [ 330952.026355780137237, 6320245.063008954748511 ], [ 330951.647076975787058, 6320245.022103203460574 ], [ 330951.267145914956927, 6320244.987780020572245 ], [ 330883.120428567752242, 6320239.426575288176537 ], [ 330871.963052387407515, 6320238.447584637440741 ], [ 330860.818435989145655, 6320237.332689458504319 ], [ 330849.688234721776098, 6320236.082055350765586 ] ] ] ] } },
{ "type": "Feature", "properties": { "fid": "151", "Area": 94365.601 }, "geometry": { "type": "MultiPolygon", "coordinates": [ [ [ [ 332345.702327692648396, 6318668.72342021483928 ], [ 332060.492691338993609, 6318444.674158785492182 ], [ 332063.722613037272822, 6318438.397180925123394 ], [ 332067.039617339964025, 6318432.165782390162349 ], [ 332070.443061195313931, 6318425.981171233579516 ], [ 332071.363711031677667, 6318424.36828860361129 ], [ 332072.312086224555969, 6318422.771550994366407 ], [ 332073.287903729535174, 6318421.191434955224395 ], [ 332074.290872311743442, 6318419.628412075340748 ], [ 332075.320692633278668, 6318418.08294884301722 ], [ 332076.377057342149783, 6318416.555506503209472 ], [ 332077.45965116401203, 6318415.04654092527926 ], [ 332078.568150996696204, 6318413.556502462364733 ], [ 332079.702226006018464, 6318412.085835820063949 ], [ 332080.861537725024391, 6318410.634979921393096 ], [ 332082.045740154688247, 6318409.204367778263986 ], [ 332139.845792678417638, 6318340.592535411939025 ], [ 332172.12262576026842, 6318304.90244404412806 ], [ 332328.732434701465536, 6318310.876026963815093 ], [ 332329.582533726876136, 6318310.915700062178075 ], [ 332330.431834385788534, 6318310.969835987314582 ], [ 332331.280090638436377, 6318311.038419057615101 ], [ 332332.127056747616734, 6318311.121429403312504 ], [ 332332.972487349878065, 6318311.218842978589237 ], [ 332333.816137526475359, 6318311.330631560645998 ], [ 332334.657762874674518, 6318311.456762766465545 ], [ 332335.497119578067213, 6318311.597200054675341 ], [ 332336.333964477700647, 6318311.751902743242681 ], [ 332337.168055142159574, 6318311.920826013199985 ], [ 332337.999149937881157, 6318312.103920929133892 ], [ 332338.827008099353407, 6318312.301134447567165 ], [ 332339.651389798615128, 6318312.512409438379109 ], [ 332340.472056214755867, 6318312.73768469505012 ], [ 332341.288769603241235, 6318312.976894955150783 ], [ 332342.101293364772573, 6318313.229970921762288 ], [ 332342.909392113680951, 6318313.496839278377593 ], [ 332343.712831746204756, 6318313.777422714047134 ], [ 332344.511379508476239, 6318314.071639944799244 ], [ 332345.304804063518532, 6318314.37940573785454 ], [ 332346.092875558766536, 6318314.700630933046341 ], [ 332346.875365692365449, 6318315.035222472622991 ], [ 332347.652047779236455, 6318315.383083427324891 ], [ 332348.422696817026008, 6318315.744113022461534 ], [ 332349.187089551065583, 6318316.118206667713821 ], [ 332349.945004539156798, 6318316.505255990661681 ], [ 332350.696222215599846, 6318316.905148864723742 ], [ 332351.440524955047294, 6318317.317769440822303 ], [ 332352.177697135135531, 6318317.742998184636235 ], [ 332352.907525199465454, 6318318.180711908265948 ], [ 332353.629797719127964, 6318318.630783808417618 ], [ 332354.344305453880224, 6318319.093083499930799 ], [ 332355.050841413089074, 6318319.567477055825293 ], [ 332355.749200915452093, 6318320.0538270464167 ], [ 332356.439181648369413, 6318320.551992576569319 ], [ 332357.120583726558834, 6318321.061829330399632 ], [ 332485.396047068526968, 6318418.753507223911583 ], [ 332486.084239405638073, 6318419.287151620723307 ], [ 332486.763033195224125, 6318419.832700910046697 ], [ 332487.432222522504162, 6318420.389989595860243 ], [ 332488.091604386107065, 6318420.958848623558879 ], [ 332488.740978760004509, 6318421.539105427451432 ], [ 332489.380148653814103, 6318422.130583982914686 ], [ 332490.008920172811486, 6318422.733104864135385 ], [ 332490.62710257654544, 6318423.346485293470323 ], [ 332491.234508337045554, 6318423.970539199188352 ], [ 332491.830953195225447, 6318424.605077273212373 ], [ 332492.416256217227783, 6318425.249907024204731 ], [ 332492.990239848964848, 6318425.904832840897143 ], [ 332493.552729970193468, 6318426.569656049832702 ], [ 332494.10355594730936, 6318427.244174973107874 ], [ 332494.64255068503553, 6318427.928184993565083 ], [ 332495.169550677121151, 6318428.621478614397347 ], [ 332495.684396056109108, 6318429.323845520615578 ], [ 332496.186930641473737, 6318430.035072647035122 ], [ 332496.677001987351105, 6318430.754944240674376 ], [ 332497.154461428697687, 6318431.483241925016046 ], [ 332497.619164126168471, 6318432.219744768925011 ], [ 332498.070969110412989, 6318432.964229349978268 ], [ 332498.509739324566908, 6318433.716469826176763 ], [ 332498.935341665928718, 6318434.476238003000617 ], [ 332499.347647026297636, 6318435.243303401395679 ], [ 332499.746530331147369, 6318436.017433328554034 ], [ 332500.131870577752125, 6318436.79839294962585 ], [ 332500.503550871449988, 6318437.585945357568562 ], [ 332500.861458461673465, 6318438.379851643927395 ], [ 332501.205484775593504, 6318439.179870976135135 ], [ 332501.535525451530702, 6318439.985760662704706 ], [ 332501.85148037027102, 6318440.797276235185564 ], [ 332502.153253685683012, 6318441.614171517081559 ], [ 332502.440753853530623, 6318442.436198700219393 ], [ 332502.713893659587484, 6318443.263108417391777 ], [ 332502.972590245713945, 6318444.094649825245142 ], [ 332503.216765135293826, 6318444.930570669472218 ], [ 332503.446344256924931, 6318445.770617372356355 ], [ 332503.661257966654375, 6318446.614535100758076 ], [ 332506.379957148979884, 6318457.692782114259899 ], [ 332345.702327692648396, 6318668.72342021483928 ] ] ] ] } },
{ "type": "Feature", "properties": { "fid": "152", "Area": 101486.264 }, "geometry": { "type": "MultiPolygon", "coordinates": [ [ [ [ 332155.035101063200273, 6318919.141768036410213 ], [ 331958.813322056841571, 6318828.640473147854209 ], [ 331961.703072565083858, 6318819.255576523020864 ], [ 331964.462934427254368, 6318809.831665171310306 ], [ 331967.092381206224672, 6318800.370536681264639 ], [ 331969.590911341365427, 6318790.873995740897954 ], [ 332017.015600049926434, 6318567.989654745906591 ], [ 332018.908450926712248, 6318559.455798738636076 ], [ 332020.948148422176018, 6318550.955844801850617 ], [ 332023.134086222096812, 6318542.492319607175887 ], [ 332025.465614541200921, 6318534.067738994956017 ], [ 332027.942040316527709, 6318525.68460723105818 ], [ 332030.562627413310111, 6318517.345416259020567 ], [ 332033.326596843777224, 6318509.052644962444901 ], [ 332036.233126998820808, 6318500.808758424594998 ], [ 332039.281353892118204, 6318492.616207198239863 ], [ 332042.470371417002752, 6318484.477426575496793 ], [ 332045.799231615848839, 6318476.394835866056383 ], [ 332049.266944961913396, 6318468.370837677270174 ], [ 332052.872480653168168, 6318460.407817197032273 ], [ 332056.614766919054091, 6318452.508141487836838 ], [ 332060.492691338993609, 6318444.674158785492182 ], [ 332345.702327692648396, 6318668.72342021483928 ], [ 332155.035101063200273, 6318919.141768036410213 ] ] ] ] } },
{ "type": "Feature", "properties": { "fid": "153", "Area": 12199.247 }, "geometry": { "type": "MultiPolygon", "coordinates": [ [ [ [ 332284.836151894007344, 6318121.154312770813704 ], [ 332204.997821900527924, 6318028.459854898042977 ], [ 332214.146290755888913, 6318017.19306246843189 ], [ 332260.818293199583422, 6317960.987930175848305 ], [ 332359.398597884806804, 6318042.847718304023147 ], [ 332284.836151894007344, 6318121.154312770813704 ] ] ] ] } },
{ "type": "Feature", "properties": { "fid": "154", "Area": 97970.438 }, "geometry": { "type": "MultiPolygon", "coordinates": [ [ [ [ 332720.703404068248346, 6318176.20484931115061 ], [ 332719.564610563276801, 6318175.314048310741782 ], [ 332471.953458148112986, 6317981.624620520509779 ], [ 332665.03753704886185, 6317739.458337442949414 ], [ 332911.65949608257506, 6317922.384461425244808 ], [ 332913.130296339164488, 6317923.47539343778044 ], [ 332720.703404068248346, 6318176.20484931115061 ] ] ] ] } },
{ "type": "Feature", "properties": { "fid": "155", "Area": 103078.842 }, "geometry": { "type": "MultiPolygon", "coordinates": [ [ [ [ 333026.277091123745777, 6317774.870759530924261 ], [ 332913.130296339048073, 6317923.47539343778044 ], [ 332911.659496082225814, 6317922.384461425244808 ], [ 332665.037537049036473, 6317739.458337442949414 ], [ 332681.016127977345604, 6317719.417969557456672 ], [ 332681.870728075678926, 6317718.359993410296738 ], [ 332682.738706242176704, 6317717.312964872457087 ], [ 332852.123966596496757, 6317515.608253058977425 ], [ 332852.276487612805795, 6317515.429804094135761 ], [ 332852.432088457862847, 6317515.254034156911075 ], [ 332852.590722082764842, 6317515.080996396020055 ], [ 332852.752340521663427, 6317514.910743133164942 ], [ 332852.916894906258676, 6317514.743325845338404 ], [ 332853.084335480409209, 6317514.578795156441629 ], [ 332853.254611615382601, 6317514.417200814001262 ], [ 332853.427671824931167, 6317514.258591679856181 ], [ 332853.603463781182654, 6317514.103015711531043 ], [ 332853.781934330007061, 6317513.950519951991737 ], [ 332853.963029507605825, 6317513.801150510087609 ], [ 332854.146694556460716, 6317513.654952550306916 ], [ 332854.332873941923026, 6317513.511970278806984 ], [ 332854.52151136926841, 6317513.37224692851305 ], [ 332854.712549800460692, 6317513.235824747011065 ], [ 332854.905931471381336, 6317513.102744986303151 ], [ 332855.101597909466363, 6317512.973047882318497 ], [ 332855.299489951401483, 6317512.846772653982043 ], [ 332855.499547760700807, 6317512.723957481794059 ], [ 332855.701710846275091, 6317512.604639501310885 ], [ 332855.90591808030149, 6317512.488854791037738 ], [ 332856.112107716850005, 6317512.376638360321522 ], [ 332856.320217410626356, 6317512.268024139106274 ], [ 332856.530184235889465, 6317512.163044970482588 ], [ 332856.74194470513612, 6317512.061732595786452 ], [ 332856.955434788658749, 6317511.964117649011314 ], [ 332857.170589933753945, 6317511.87022964656353 ], [ 332857.387345084280241, 6317511.780096975155175 ], [ 332857.60563470015768, 6317511.693746890872717 ], [ 332857.825392777565867, 6317511.611205500550568 ], [ 332858.046552868443541, 6317511.532497764565051 ], [ 332858.269048100919463, 6317511.457647480070591 ], [ 332858.49281119951047, 6317511.386677279137075 ], [ 332858.717774505086709, 6317511.319608622230589 ], [ 332858.943869995942805, 6317511.256461788900197 ], [ 332859.1710293078213, 6317511.197255871258676 ], [ 332859.399183754809201, 6317511.142008773051202 ], [ 332961.893842091434635, 6317560.752916513942182 ], [ 332963.400891627767123, 6317561.4662931188941 ], [ 332964.920103571319487, 6317562.153388131409883 ], [ 332966.451019636588171, 6317562.813994281925261 ], [ 332967.993178007483948, 6317563.447912292554975 ], [ 332969.546113476506434, 6317564.054950935766101 ], [ 332971.109357585257385, 6317564.634927092120051 ], [ 332972.682438765536062, 6317565.187665806151927 ], [ 332974.264882481656969, 6317565.713000337593257 ], [ 332975.856211373757105, 6317566.210772216320038 ], [ 332977.455945401568897, 6317566.680831282399595 ], [ 332979.063601989357267, 6317567.123035738244653 ], [ 332980.678696171438787, 6317567.537252189591527 ], [ 332982.300740738690365, 6317567.923355682753026 ], [ 332983.929246384999715, 6317568.281229745596647 ], [ 332985.563721855520271, 6317568.61076642293483 ], [ 332987.203674094402231, 6317568.911866305395961 ], [ 332988.848608393687755, 6317569.184438564814627 ], [ 332990.498028542497195, 6317569.428400976583362 ], [ 332992.151436976797413, 6317569.643679945729673 ], [ 332993.808334929461125, 6317569.830210532061756 ], [ 332995.468222580733709, 6317569.987936466932297 ], [ 332997.130599208874628, 6317570.116810170933604 ], [ 332998.794963341380935, 6317570.216792767867446 ], [ 333000.460812906327192, 6317570.287854096852243 ], [ 333002.127645383472554, 6317570.329972720704973 ], [ 333003.79495795618277, 6317570.343135935254395 ], [ 333005.462247663002927, 6317570.327339769341052 ], [ 333007.129011549346615, 6317570.282588987611234 ], [ 333036.976214031223208, 6317569.221768723800778 ], [ 333038.260915241611656, 6317569.187275100499392 ], [ 333039.546021740417928, 6317569.17509738355875 ], [ 333040.83114591834601, 6317569.185239246115088 ], [ 333042.115900160802994, 6317569.217697628773749 ], [ 333043.399896964721847, 6317569.272462741471827 ], [ 333044.682749055500608, 6317569.34951806627214 ], [ 333045.964069503941573, 6317569.448840362019837 ], [ 333047.243471842608415, 6317569.570399672724307 ], [ 333048.520570182765368, 6317569.714159332215786 ], [ 333049.794979330443311, 6317569.880075980909169 ], [ 333051.066314902913291, 6317570.06809957511723 ], [ 333052.334193444403354, 6317570.27817340567708 ], [ 333053.598232541931793, 6317570.510234108194709 ], [ 333054.858050940441899, 6317570.764211691915989 ], [ 333056.113268657994922, 6317571.040029550902545 ], [ 333057.363507100264542, 6317571.337604495696723 ], [ 333058.608389174740296, 6317571.65684677194804 ], [ 333059.847539404465351, 6317571.997660090215504 ], [ 333061.080584041366819, 6317572.359941656701267 ], [ 333062.30715117888758, 6317572.743582201190293 ], [ 333063.526870864152443, 6317573.148466010577977 ], [ 333064.739375209668651, 6317573.574470966123044 ], [ 333065.944298504153267, 6317574.021468577906489 ], [ 333067.141277322836686, 6317574.489324023015797 ], [ 333068.329950637300499, 6317574.977896189317107 ], [ 333069.509959924034774, 6317575.487037714570761 ], [ 333070.680949272878934, 6317576.016595034860075 ], [ 333071.842565494065639, 6317576.566408425569534 ], [ 333147.563149665249512, 6317613.214473591186106 ], [ 333148.877132543595508, 6317613.850429199635983 ], [ 333026.277091123745777, 6317774.870759530924261 ] ] ] ] } },
{ "type": "Feature", "properties": { "fid": "156", "Area": 86135.796 }, "geometry": { "type": "MultiPolygon", "coordinates": [ [ [ [ 333401.354318346711807, 6317282.252173696644604 ], [ 333366.358618156460579, 6317269.315816648304462 ], [ 333365.546223730198108, 6317269.007460435852408 ], [ 333364.739310686127283, 6317268.685032773762941 ], [ 333363.938122734019998, 6317268.348631044849753 ], [ 333363.142901854531374, 6317267.998356851749122 ], [ 333362.35388822609093, 6317267.634315986186266 ], [ 333361.571320152317639, 6317267.256618398241699 ], [ 333360.795433990191668, 6317266.86537816375494 ], [ 333360.026464078517165, 6317266.460713447071612 ], [ 333359.264642667083535, 6317266.042746469378471 ], [ 333358.510199846932665, 6317265.611603465862572 ], [ 333357.763363480276894, 6317265.167414655908942 ], [ 333357.024359132105019, 6317264.710314195603132 ], [ 333356.293410001904704, 6317264.240440141409636 ], [ 333355.570736856316216, 6317263.757934408262372 ], [ 333354.856557962368242, 6317263.262942725792527 ], [ 333354.151089021470398, 6317262.755614596419036 ], [ 333353.454543104686309, 6317262.236103245988488 ], [ 333352.767130587715656, 6317261.704565580934286 ], [ 333352.089059088029899, 6317261.161162139847875 ], [ 333351.420533401658759, 6317260.606057046912611 ], [ 333350.761755441722926, 6317260.039417957887053 ], [ 333350.112924177024979, 6317259.461416013538837 ], [ 333349.474235572386533, 6317258.872225786559284 ], [ 333348.845882529218215, 6317258.272025227546692 ], [ 333348.2280548272538, 6317257.660995613783598 ], [ 333347.620939067332074, 6317257.03932149335742 ], [ 333347.024718614993617, 6317256.407190629281104 ], [ 333346.439573545125313, 6317255.7647939408198 ], [ 333345.86568058753619, 6317255.112325450405478 ], [ 333345.303213073464576, 6317254.449982221238315 ], [ 333344.752340883540455, 6317253.777964298613369 ], [ 333344.213230396155268, 6317253.096474651247263 ], [ 333343.686044437461533, 6317252.405719106085598 ], [ 333343.170942231954541, 6317251.705906291492283 ], [ 333342.668079354567453, 6317250.997247569262981 ], [ 333342.177607683697715, 6317250.279956974089146 ], [ 333341.699675355048385, 6317249.554251147434115 ], [ 333341.234426717332099, 6317248.820349272340536 ], [ 333340.782002288324293, 6317248.078473006375134 ], [ 333340.342538712488022, 6317247.328846416436136 ], [ 333339.916168719937559, 6317246.571695911698043 ], [ 333339.503021085925866, 6317245.807250170968473 ], [ 333339.103220592427533, 6317245.035740078426898 ], [ 333338.71688798989635, 6317244.257398650981486 ], [ 333287.680749688763171, 6317139.151661988347769 ], [ 333287.29810503416229, 6317138.380592772737145 ], [ 333286.902242956042755, 6317137.616225137375295 ], [ 333286.493280782597139, 6317136.858785629272461 ], [ 333286.071339724294376, 6317136.108498743735254 ], [ 333285.636544838605914, 6317135.365586855448782 ], [ 333285.189024992578197, 6317134.630270151421428 ], [ 333284.72891282470664, 6317133.902766570448875 ], [ 333284.256344705761876, 6317133.183291734196246 ], [ 333283.771460698277224, 6317132.47205888479948 ], [ 333283.274404514988419, 6317131.769278821535408 ], [ 333282.765323476400226, 6317131.07515983749181 ], [ 333282.24436846683966, 6317130.389907661825418 ], [ 333281.711693890043534, 6317129.71372539177537 ], [ 333281.167457623232622, 6317129.046813438646495 ], [ 333280.6118209703709, 6317128.389369465410709 ], [ 333280.044948614260647, 6317127.741588330827653 ], [ 333279.467008567880839, 6317127.103662026114762 ], [ 333278.87817212450318, 6317126.475779624655843 ], [ 333278.27861380687682, 6317125.858127221465111 ], [ 333277.668511315714568, 6317125.250887881033123 ], [ 333277.04804547666572, 6317124.654241578653455 ], [ 333276.417400187114254, 6317124.068365152925253 ], [ 333275.77676236134721, 6317123.493432249873877 ], [ 333275.126321875373833, 6317122.929613270796835 ], [ 333274.466271510638762, 6317122.377075322903693 ], [ 333273.796806896629278, 6317121.835982172749937 ], [ 333273.118126453249715, 6317121.306494190357625 ], [ 333272.430431331857108, 6317120.78876831009984 ], [ 333271.733925355423708, 6317120.282957978546619 ], [ 333271.028814958583098, 6317119.789213109761477 ], [ 333270.315309126046486, 6317119.307680043391883 ], [ 333269.593619330902584, 6317118.838501499034464 ], [ 333268.863959471753333, 6317118.38181653432548 ], [ 333268.126545809500385, 6317117.937760503962636 ], [ 333267.381596903083846, 6317117.50646502058953 ], [ 333266.629333544929978, 6317117.088057913817465 ], [ 333265.869978695176542, 6317116.682663192972541 ], [ 333265.103757415898144, 6317116.290401012636721 ], [ 333264.330896804283839, 6317115.911387632600963 ], [ 333263.551625925232656, 6317115.545735388062894 ], [ 333262.766175743658096, 6317115.19355265237391 ], [ 333261.974779055861291, 6317114.85494380723685 ], [ 333261.177670420729555, 6317114.530009212903678 ], [ 333260.375086089887191, 6317114.218845173716545 ], [ 333259.567263938020915, 6317113.921543915756047 ], [ 333258.754443392215762, 6317113.638193554244936 ], [ 333257.936865360999946, 6317113.368878070265055 ], [ 333257.114772162924055, 6317113.113677284680307 ], [ 333256.288407454791013, 6317112.872666835784912 ], [ 333255.458016159478575, 6317112.645918156020343 ], [ 333254.623844393121544, 6317112.433498450554907 ], [ 333163.127522776427213, 6317089.971056644804776 ], [ 333344.745942115085199, 6316861.523781167343259 ], [ 333345.294088456081226, 6316860.829100148752332 ], [ 333586.18260078394087, 6317039.502573060803115 ], [ 333401.354318346711807, 6317282.252173696644604 ] ] ] ] } },
{ "type": "Feature", "properties": { "fid": "203", "Area": 5307.84 }, "geometry": { "type": "MultiPolygon", "coordinates": [ [ [ [ 333887.254697996482719, 6316260.371410576626658 ], [ 333854.216668953129556, 6316303.689898095093668 ], [ 333854.088840251148213, 6316303.854484899900854 ], [ 333853.958172660204582, 6316304.016827051527798 ], [ 333853.824705588398501, 6316304.176875588484108 ], [ 333853.68847928813193, 6316304.334582242183387 ], [ 333853.54953484388534, 6316304.489899449050426 ], [ 333853.407914159935899, 6316304.642780368216336 ], [ 333853.26365994772641, 6316304.793178890831769 ], [ 333853.116815712885, 6316304.941049658693373 ], [ 333852.967425742244814, 6316305.086348076350987 ], [ 333852.815535090339836, 6316305.229030322283506 ], [ 333852.661189565900713, 6316305.369053365662694 ], [ 333852.504435718001332, 6316305.506374975666404 ], [ 333852.345320822147187, 6316305.640953738242388 ], [ 333852.183892865723465, 6316305.772749065421522 ], [ 333852.020200533967, 6316305.901721209287643 ], [ 333851.854293194774073, 6316306.027831273153424 ], [ 333851.686220884264912, 6316306.151041223667562 ], [ 333851.516034291300457, 6316306.271313901990652 ], [ 333851.343784742581192, 6316306.388613034039736 ], [ 333851.169524186872877, 6316306.502903244458139 ], [ 333850.993305179406889, 6316306.614150064066052 ], [ 333850.815180866164155, 6316306.722319941036403 ], [ 333850.635204967751633, 6316306.827380254864693 ], [ 333850.453431762987748, 6316306.929299318231642 ], [ 333850.2699160730117, 6316307.028046393766999 ], [ 333850.084713244345039, 6316307.123591700568795 ], [ 333849.897879132360686, 6316307.215906423516572 ], [ 333849.709470084344503, 6316307.30496272072196 ], [ 333849.519542922673281, 6316307.390733733773232 ], [ 333849.328154927527066, 6316307.473193595185876 ], [ 333849.135363819659688, 6316307.552317435853183 ], [ 333848.941227742936462, 6316307.628081392496824 ], [ 333848.745805246930104, 6316307.700462616048753 ], [ 333848.549155269167386, 6316307.769439276307821 ], [ 333848.351337117375806, 6316307.834990571253002 ], [ 333848.152410451555625, 6316307.897096730768681 ], [ 333847.952435266051907, 6316307.95573902502656 ], [ 333847.751471871393733, 6316308.010899766348302 ], [ 333847.54958087624982, 6316308.062562321312726 ], [ 333847.346823168860283, 6316308.110711106099188 ], [ 333847.143259899108671, 6316308.155331602320075 ], [ 333846.938952459604479, 6316308.196410350501537 ], [ 333846.733962467464153, 6316308.233934964053333 ], [ 333846.528351745684631, 6316308.26789412368089 ], [ 333846.322182304458693, 6316308.298277588561177 ], [ 333846.115516322490294, 6316308.325076195411384 ], [ 333845.908416128251702, 6316308.348281862214208 ], [ 333845.700944181066006, 6316308.3678875900805 ], [ 333845.49316305242246, 6316308.383887466043234 ], [ 333845.285135407175403, 6316308.396276664920151 ], [ 333845.076923984393943, 6316308.405051450245082 ], [ 333844.868591578560881, 6316308.41020917519927 ], [ 333844.660201020771638, 6316308.411748284474015 ], [ 333844.451815159525722, 6316308.409668314270675 ], [ 333844.243496842042077, 6316308.403969892300665 ], [ 333844.03530889499234, 6316308.394654735922813 ], [ 333843.827314105874393, 6316308.381725654937327 ], [ 333843.619575203862041, 6316308.365186548791826 ], [ 333843.41215484100394, 6316308.34504240565002 ], [ 333843.205115573247895, 6316308.32129929959774 ], [ 333842.998519841581583, 6316308.293964393436909 ], [ 333842.792429953347892, 6316308.263045930303633 ], [ 333842.586908063152805, 6316308.228553233668208 ], [ 333842.382016154471785, 6316308.190496707335114 ], [ 333842.177816020615865, 6316308.148887828923762 ], [ 333841.974369246396236, 6316308.103739147074521 ], [ 333841.771737189381383, 6316308.055064277723432 ], [ 333841.569980961387046, 6316308.002877900376916 ], [ 333841.369161410199013, 6316307.947195755317807 ], [ 333841.169339100946672, 6316307.888034635223448 ], [ 333840.970574298058636, 6316307.825412382371724 ], [ 333840.772926947218366, 6316307.759347882121801 ], [ 333840.576456656737719, 6316307.689861061051488 ], [ 333840.381222680269275, 6316307.61697287298739 ], [ 333840.187283898470923, 6316307.540705302730203 ], [ 333839.994698801310733, 6316307.46108135022223 ], [ 333839.803525470604654, 6316307.378125029616058 ], [ 333839.613821562437806, 6316307.291861360892653 ], [ 333839.425644289527554, 6316307.202316358685493 ], [ 333839.239050404343288, 6316307.109517029486597 ], [ 333839.05409618181875, 6316307.013491360470653 ], [ 333838.870837402355392, 6316306.914268312975764 ], [ 333838.689329334942158, 6316306.811877811327577 ], [ 333838.509626720682718, 6316306.706350734457374 ], [ 333838.331783756089862, 6316306.597718910314143 ], [ 333838.155854076961987, 6316306.486015099100769 ], [ 333837.981890741852112, 6316306.371272990480065 ], [ 333837.809946216468234, 6316306.253527189604938 ], [ 333837.640072357549798, 6316306.132813206873834 ], [ 333837.472320397442672, 6316306.009167449548841 ], [ 333837.306740928499494, 6316305.882627207785845 ], [ 333837.143383887887467, 6316305.753230643458664 ], [ 333836.982298542454373, 6316305.621016783639789 ], [ 333836.823533473943826, 6316305.486025500111282 ], [ 333836.667136564385146, 6316305.348297507502139 ], [ 333836.513154981541447, 6316305.207874340936542 ], [ 333784.329411249316763, 6316256.782409589737654 ], [ 333820.456054584879894, 6316209.424082562327385 ], [ 333887.254697996482719, 6316260.371410576626658 ] ] ] ] } },
{ "type": "Feature", "properties": { "fid": "204", "Area": 3164.034 }, "geometry": { "type": "MultiPolygon", "coordinates": [ [ [ [ 333887.256920814921614, 6316260.373105920851231 ], [ 333910.092236732016318, 6316230.428395577706397 ], [ 333843.296169610403012, 6316179.483032499440014 ], [ 333820.456054584879894, 6316209.424082562327385 ], [ 333887.256920814921614, 6316260.373105920851231 ] ] ] ] } },
{ "type": "Feature", "properties": { "fid": "205", "Area": 14495.511 }, "geometry": { "type": "MultiPolygon", "coordinates": [ [ [ [ 333843.296169609820936, 6316179.483032499440014 ], [ 333910.092236731434241, 6316230.428395577706397 ], [ 333942.414169681782369, 6316188.050243078731 ], [ 333942.643771964125335, 6316187.754563289694488 ], [ 333942.878487619687803, 6316187.462926004081964 ], [ 333943.118245487916283, 6316187.175419638864696 ], [ 333943.362972879782319, 6316186.892131359316409 ], [ 333943.61259559931932, 6316186.613147052936256 ], [ 333943.867037966672797, 6316186.338551300577819 ], [ 333944.126222840626724, 6316186.068427353166044 ], [ 333944.390071642177645, 6316185.802857107482851 ], [ 333944.658504378399812, 6316185.54192107822746 ], [ 333944.931439666543156, 6316185.285698373802006 ], [ 333945.208794758713339, 6316185.034266676753759 ], [ 333945.490485567192081, 6316184.78770221490413 ], [ 333945.776426689699292, 6316184.546079740859568 ], [ 333946.066531435353681, 6316184.309472508728504 ], [ 333946.360711850924417, 6316184.077952253632247 ], [ 333946.65887874760665, 6316183.851589166559279 ], [ 333946.96094172791345, 6316183.6304518757388 ], [ 333947.266809213149827, 6316183.414607425220311 ], [ 333947.576388471294194, 6316183.204121253453195 ], [ 333947.889585644879844, 6316182.999057175591588 ], [ 333948.206305779516697, 6316182.799477362073958 ], [ 333948.526452852995135, 6316182.6054423218593 ], [ 333948.849929803807754, 6316182.417010881006718 ], [ 333949.17663856112631, 6316182.234240168705583 ], [ 333949.506480074313004, 6316182.057185595855117 ], [ 333949.8393543427228, 6316181.885900842025876 ], [ 333950.175160446553491, 6316181.720437836833298 ], [ 333950.51379657688085, 6316181.56084674410522 ], [ 333950.855160066974349, 6316181.407175949774683 ], [ 333951.199147423089016, 6316181.259472042322159 ], [ 333951.545654356013983, 6316181.117779801599681 ], [ 333951.894575812795665, 6316180.98214218672365 ], [ 333952.245806008228101, 6316180.852600320242345 ], [ 333952.599238457332831, 6316180.729193475097418 ], [ 333952.954766007314902, 6316180.611959065310657 ], [ 333953.31228087033378, 6316180.500932634808123 ], [ 333953.671674655925017, 6316180.39614784438163 ], [ 333954.032838404003996, 6316180.297636461444199 ], [ 333954.395662617927883, 6316180.205428352579474 ], [ 333954.760037297615781, 6316180.119551473297179 ], [ 333955.12585197284352, 6316180.04003186058253 ], [ 333955.492995736945886, 6316179.966893621720374 ], [ 333955.861357280227821, 6316179.900158930569887 ], [ 333956.230824923724867, 6316179.839848020114005 ], [ 333956.601286653254647, 6316179.785979175008833 ], [ 333956.972630153235514, 6316179.738568727858365 ], [ 333957.344742840679828, 6316179.69763105083257 ], [ 333957.717511899361853, 6316179.663178556598723 ], [ 333958.090824314276688, 6316179.635221689939499 ], [ 333958.464566905458923, 6316179.613768926821649 ], [ 333958.838626362674404, 6316179.598826770670712 ], [ 333959.212889279413503, 6316179.590399753302336 ], [ 333959.587242187815718, 6316179.588490427471697 ], [ 333959.961571592371911, 6316179.593099373392761 ], [ 333981.148667908622883, 6316180.038475840352476 ], [ 333981.296897551859729, 6316180.040298840031028 ], [ 333981.445136444584932, 6316180.039536520838737 ], [ 333981.593339498969726, 6316180.036189114674926 ], [ 333981.741461637953762, 6316180.030257639475167 ], [ 333981.889457809156738, 6316180.02174390014261 ], [ 333982.037282998498995, 6316180.01065048482269 ], [ 333982.184892243880313, 6316179.996980769559741 ], [ 333982.332240648916923, 6316179.98073890991509 ], [ 333982.479283396503888, 6316179.961929847486317 ], [ 333982.625975762610324, 6316179.940559303388 ], [ 333982.772273129667155, 6316179.916633776389062 ], [ 333982.918131000362337, 6316179.890160543844104 ], [ 333983.063505010853987, 6316179.861147657968104 ], [ 333983.208350944740232, 6316179.82960394397378 ], [ 333983.352624745981302, 6316179.795538995414972 ], [ 333983.496282532811165, 6316179.758963174186647 ], [ 333983.63928061054321, 6316179.719887603074312 ], [ 333983.781575485423673, 6316179.678324169479311 ], [ 333983.92312387743732, 6316179.634285514242947 ], [ 333984.063882733520586, 6316179.58778503164649 ], [ 333984.203809241007548, 6316179.53883686568588 ], [ 333984.342860840202775, 6316179.487455903552473 ], [ 333984.48099523759447, 6316179.433657774701715 ], [ 333984.618170418601949, 6316179.377458840608597 ], [ 333984.754344660381321, 6316179.318876195698977 ], [ 333984.889476544631179, 6316179.257927657105029 ], [ 333985.023524970049039, 6316179.194631763733923 ], [ 333985.156449164787773, 6316179.129007766954601 ], [ 333985.288208699028473, 6316179.061075627803802 ], [ 333985.418763497145846, 6316178.990856006741524 ], [ 333985.548073850106448, 6316178.918370262719691 ], [ 333985.676100427052006, 6316178.843640442937613 ], [ 333985.802804287988693, 6316178.766689276322722 ], [ 333985.928146894846577, 6316178.687540167942643 ], [ 333986.052090123936068, 6316178.606217191554606 ], [ 333986.17459627694916, 6316178.522745083086193 ], [ 333986.295628092833795, 6316178.437149230390787 ], [ 333986.41514875885332, 6316178.34945566765964 ], [ 333986.533121921936981, 6316178.259691068902612 ], [ 333986.649511699797586, 6316178.167882735840976 ], [ 333986.764282691525295, 6316178.074058592319489 ], [ 333986.877399988879915, 6316177.97824717592448 ], [ 333986.988829186244402, 6316177.880477628670633 ], [ 333987.098536391800735, 6316177.780779686756432 ], [ 333987.206488237192389, 6316177.679183675907552 ], [ 333987.312651888176333, 6316177.575720495544374 ], [ 333987.416995054343715, 6316177.470421615056694 ], [ 333987.519485998898745, 6316177.363319062627852 ], [ 333987.620093548553996, 6316177.254445414058864 ], [ 333987.718787102785427, 6316177.143833783455193 ], [ 333987.815536643203814, 6316177.031517814844847 ], [ 333987.910312742867973, 6316176.917531669139862 ], [ 333988.003086574899498, 6316176.801910016685724 ], [ 333988.093829921388533, 6316176.684688024222851 ], [ 333988.182515182241332, 6316176.565901345573366 ], [ 333988.269115383096505, 6316176.445586111396551 ], [ 333988.353604183939751, 6316176.323778915219009 ], [ 333988.435955886961892, 6316176.20051680598408 ], [ 333988.516145444184076, 6316176.07583727594465 ], [ 333988.594148465432227, 6316175.949778244830668 ], [ 333988.669941225554794, 6316175.822378057055175 ], [ 333988.743500671640504, 6316175.693675460293889 ], [ 333988.814804430061486, 6316175.563709601759911 ], [ 333988.883830813283566, 6316175.432520010508597 ], [ 333988.950558826385532, 6316175.300146589055657 ], [ 333989.014968173636589, 6316175.166629599407315 ], [ 333989.077039264433552, 6316175.032009651884437 ], [ 333989.136753219470847, 6316174.896327693015337 ], [ 333989.194091876212042, 6316174.75962499063462 ], [ 333989.249037794827018, 6316174.62194312363863 ], [ 333989.301574263023213, 6316174.483323968946934 ], [ 333989.351685301575344, 6316174.34380968939513 ], [ 333989.399355668690987, 6316174.203442718833685 ], [ 333989.444570865249261, 6316174.062265750020742 ], [ 333989.487317138642538, 6316173.92032172344625 ], [ 333989.527581487258431, 6316173.777653813362122 ], [ 333989.56535166449612, 6316173.634305411949754 ], [ 333989.600616182258818, 6316173.4903201200068 ], [ 333989.633364314562641, 6316173.345741732046008 ], [ 333989.663586100854445, 6316173.200614222325385 ], [ 333989.691272348980419, 6316173.054981732740998 ], [ 333989.716414637921844, 6316172.90888855792582 ], [ 333989.73900532053085, 6316172.762379133142531 ], [ 333989.759037525625899, 6316172.61549802031368 ], [ 333989.776505160320085, 6316172.468289894983172 ], [ 333989.791402911709156, 6316172.320799531415105 ], [ 333989.803726248501334, 6316172.173071788623929 ], [ 333989.813471422472503, 6316172.025151601061225 ], [ 333989.820635469630361, 6316171.877083958126605 ], [ 333989.825216210854705, 6316171.728913895785809 ], [ 333991.408868686703499, 6316100.358113558962941 ], [ 333991.431155392667279, 6316099.66151013597846 ], [ 333991.46486235584598, 6316098.965365850366652 ], [ 333991.509980511385947, 6316098.26986791472882 ], [ 333991.566497725783847, 6316097.575203369371593 ], [ 333991.63439879991347, 6316096.881559029221535 ], [ 333991.713665473158471, 6316096.189121435396373 ], [ 333991.804276428418234, 6316095.498076805844903 ], [ 333991.906207297870424, 6316094.808610980398953 ], [ 333960.057212711079046, 6316056.79393825493753 ], [ 333937.63838564127218, 6316055.793823333457112 ], [ 333843.296169609820936, 6316179.483032499440014 ] ] ] ] } },
{ "type": "Feature", "properties": { "fid": "206", "Area": 7953.164 }, "geometry": { "type": "MultiPolygon", "coordinates": [ [ [ [ 333940.035229305736721, 6316318.642362918704748 ], [ 333900.780255795398261, 6316264.082437842153013 ], [ 333952.751012470631395, 6316195.93374998588115 ], [ 333952.841785465949215, 6316195.816853324882686 ], [ 333952.934580027416814, 6316195.701554863713682 ], [ 333953.029368021816481, 6316195.587889555841684 ], [ 333953.126120711560361, 6316195.475891863927245 ], [ 333953.224808763421606, 6316195.365595743060112 ], [ 333953.325402257440146, 6316195.257034631446004 ], [ 333953.427870695944875, 6316195.15024144295603 ], [ 333953.532183012866881, 6316195.04524855595082 ], [ 333953.63830758293625, 6316194.942087799310684 ], [ 333953.746212231693789, 6316194.84079045150429 ], [ 333953.85586424486246, 6316194.741387221962214 ], [ 333953.967230378417298, 6316194.643908249214292 ], [ 333954.080276868713554, 6316194.548383085057139 ], [ 333954.194969442498405, 6316194.45484069082886 ], [ 333954.311273327737581, 6316194.363309427164495 ], [ 333954.429153263568878, 6316194.273817043751478 ], [ 333954.548573511594441, 6316194.186390672810376 ], [ 333954.669497866183519, 6316194.101056820712984 ], [ 333954.791889665881172, 6316194.017841356806457 ], [ 333954.915711804234888, 6316193.936769512481987 ], [ 333955.040926741203293, 6316193.857865865342319 ], [ 333955.167496514390223, 6316193.781154338270426 ], [ 333955.295382750744466, 6316193.706658187322319 ], [ 333955.424546678026672, 6316193.634399998001754 ], [ 333955.554949136741925, 6316193.564401678740978 ], [ 333955.686550591664854, 6316193.496684450656176 ], [ 333955.81931114429608, 6316193.431268843822181 ], [ 333955.953190544678364, 6316193.368174690753222 ], [ 333956.088148203503806, 6316193.307421120814979 ], [ 333956.224143204744905, 6316193.249026552774012 ], [ 333956.361134317761753, 6316193.193008690141141 ], [ 333956.499080009933095, 6316193.13938451744616 ], [ 333956.637938459287398, 6316193.088170290924609 ], [ 333956.777667567017488, 6316193.039381537586451 ], [ 333956.918224970519077, 6316192.993033050559461 ], [ 333957.059568055847194, 6316192.949138880707324 ], [ 333957.201653971045744, 6316192.907712335698307 ], [ 333957.344439638894983, 6316192.868765974417329 ], [ 333957.487881770008244, 6316192.832311606034636 ], [ 333957.631936875870451, 6316192.7983602816239 ], [ 333957.7765612823423, 6316192.766922295093536 ], [ 333957.921711142582353, 6316192.738007177598774 ], [ 333958.067342450318392, 6316192.711623694747686 ], [ 333958.213411053584423, 6316192.687779846601188 ], [ 333958.359872667526361, 6316192.666482862085104 ], [ 333958.506682888430078, 6316192.647739196196198 ], [ 333958.653797206701711, 6316192.631554533727467 ], [ 333958.80117102060467, 6316192.61793377995491 ], [ 333958.948759649705607, 6316192.606881065294147 ], [ 333959.096518348553218, 6316192.598399740643799 ], [ 333959.244402319949586, 6316192.592492376454175 ], [ 333959.392366728920024, 6316192.589160764589906 ], [ 333959.540366715926211, 6316192.588405914604664 ], [ 333959.688357410719618, 6316192.590228056535125 ], [ 333980.839810440433212, 6316193.034335832111537 ], [ 333980.986583194870036, 6316193.038678672164679 ], [ 333981.133259029535111, 6316193.045556260272861 ], [ 333981.279794172965921, 6316193.054966543801129 ], [ 333981.426144895609468, 6316193.066906714811921 ], [ 333981.572267522977199, 6316193.081373210065067 ], [ 333981.718118448625319, 6316193.098361711017787 ], [ 333981.863654147135094, 6316193.117867150343955 ], [ 333982.008831187325995, 6316193.139883705414832 ], [ 333982.153606244944967, 6316193.164404806680977 ], [ 333982.297936115646735, 6316193.1914231358096 ], [ 333982.441777728032321, 6316193.220930630341172 ], [ 333982.585088156338315, 6316193.252918485552073 ], [ 333982.727824633417185, 6316193.287377153523266 ], [ 333982.86994456325192, 6316193.324296351522207 ], [ 333983.011405534052756, 6316193.363665063865483 ], [ 333983.152165330422577, 6316193.405471539124846 ], [ 333983.292181946337223, 6316193.449703304097056 ], [ 333983.431413597543724, 6316193.496347156353295 ], [ 333983.569818734074943, 6316193.545389178209007 ], [ 333983.707356052531395, 6316193.59681473299861 ], [ 333983.843984508537687, 6316193.650608475320041 ], [ 333983.979663329024334, 6316193.70675435103476 ], [ 333984.114352024102118, 6316193.76523560564965 ], [ 333984.24801039963495, 6316193.826034786179662 ], [ 333984.380598568706773, 6316193.889133748598397 ], [ 333984.51207696396159, 6316193.954513664357364 ], [ 333984.64240634907037, 6316194.022155020385981 ], [ 333984.771547830721829, 6316194.092037632130086 ], [ 333984.899462870089337, 6316194.164140644483268 ], [ 333985.026113294239622, 6316194.238442540168762 ], [ 333985.151461307774298, 6316194.314921146258712 ], [ 333985.275469503831118, 6316194.393553639762104 ], [ 333985.398100875492673, 6316194.474316555075347 ], [ 333985.519318826613016, 6316194.557185789570212 ], [ 333985.639087182935327, 6316194.642136612907052 ], [ 333985.757370202802122, 6316194.729143675416708 ], [ 333985.874132587690838, 6316194.8181810118258 ], [ 333985.989339493040461, 6316194.909222049638629 ], [ 333986.10295653832145, 6316195.002239622175694 ], [ 333986.214949817571323, 6316195.097205969505012 ], [ 333986.325285909348167, 6316195.194092751480639 ], [ 333986.433931886742357, 6316195.292871055193245 ], [ 333986.540855327330064, 6316195.3935114024207 ], [ 333986.646024322486483, 6316195.495983760803938 ], [ 333986.749407487455755, 6316195.600257548503578 ], [ 333986.85097397014033, 6316195.706301649101079 ], [ 333986.95069346082164, 6316195.814084416255355 ], [ 333987.048536200774834, 6316195.923573684878647 ], [ 333987.144472991465591, 6316196.034736781381071 ], [ 333987.238475203048438, 6316196.147540530189872 ], [ 333987.330514783097897, 6316196.261951270513237 ], [ 333987.420564264815766, 6316196.377934858202934 ], [ 333987.50859677529661, 6316196.495456680655479 ], [ 333987.594586043618619, 6316196.61448166705668 ], [ 333987.678506408527028, 6316196.734974297694862 ], [ 333987.760332826175727, 6316196.856898615136743 ], [ 333987.840040877694264, 6316196.980218232609332 ], [ 333987.917606776289176, 6316197.104896350763738 ], [ 333987.99300737446174, 6316197.230895761400461 ], [ 333988.066220170934685, 6316197.358178864233196 ], [ 333988.137223317229655, 6316197.486707673408091 ], [ 333988.205995624361094, 6316197.616443834267557 ], [ 333988.272516569122672, 6316197.747348630800843 ], [ 333988.336766299966257, 6316197.879382996819913 ], [ 333988.398725643346552, 6316198.01250752992928 ], [ 333988.458376109134406, 6316198.146682503633201 ], [ 333988.515699896204751, 6316198.281867877580225 ], [ 333988.570679897791706, 6316198.418023306876421 ], [ 333988.623299706552643, 6316198.55510816257447 ], [ 333988.67354361951584, 6316198.693081532604992 ], [ 333988.721396642737091, 6316198.831902243196964 ], [ 333988.76684449572349, 6316198.971528868190944 ], [ 333988.809873615740798, 6316199.111919739283621 ], [ 333988.850471161887981, 6316199.253032959066331 ], [ 333988.88862501893891, 6316199.394826417788863 ], [ 333988.924323800893035, 6316199.537257799878716 ], [ 333988.957556854351424, 6316199.680284601636231 ], [ 333988.988314261834603, 6316199.823864138685167 ], [ 333989.016586844518315, 6316199.967953565530479 ], [ 333989.042366165318526, 6316200.11250988021493 ], [ 333989.065644530986901, 6316200.257489945739508 ], [ 333989.086414994730148, 6316200.402850496582687 ], [ 333989.104671358130872, 6316200.548548151738942 ], [ 333989.120408173184842, 6316200.694539433345199 ], [ 333989.133620743465144, 6316200.840780774131417 ], [ 333989.14430512621766, 6316200.987228531390429 ], [ 333989.152458132826723, 6316201.133839002810419 ], [ 333989.158077330328524, 6316201.280568434856832 ], [ 333989.161161041760352, 6316201.427373041398823 ], [ 333989.161708346917294, 6316201.574209011159837 ], [ 333989.159719082759693, 6316201.721032526344061 ], [ 333986.608886131260078, 6316316.680033056996763 ], [ 333986.604521958273835, 6316316.822695528157055 ], [ 333986.597762943652924, 6316316.965264607220888 ], [ 333986.588610993116163, 6316317.107700096443295 ], [ 333986.57706868724199, 6316317.24996183346957 ], [ 333986.56313928036252, 6316317.392009706236422 ], [ 333986.546826700156089, 6316317.533803664147854 ], [ 333986.528135546017438, 6316317.675303725525737 ], [ 333986.507071088126395, 6316317.81646999437362 ], [ 333986.483639265876263, 6316317.957262665964663 ], [ 333986.457846686127596, 6316318.097642042674124 ], [ 333986.429700621229131, 6316318.237568544223905 ], [ 333986.399209007387981, 6316318.377002715133131 ], [ 333986.366380441992078, 6316318.515905242413282 ], [ 333986.331224181340076, 6316318.654236959293485 ], [ 333986.293750138080213, 6316318.791958862915635 ], [ 333986.25396887853276, 6316318.929032120853662 ], [ 333986.211891619430389, 6316319.065418084152043 ], [ 333940.035229305736721, 6316318.642362918704748 ] ] ] ] } },
{ "type": "Feature", "properties": { "fid": "207", "Area": 27559.557 }, "geometry": { "type": "MultiPolygon", "coordinates": [ [ [ [ 334122.544254633714445, 6316334.076539095491171 ], [ 334067.651027822750621, 6316292.253154622390866 ], [ 334147.403077414492145, 6316187.482892602682114 ], [ 334148.037570938817225, 6316186.634223577566445 ], [ 334148.657227037707344, 6316185.774661208502948 ], [ 334149.261858728597872, 6316184.904464870691299 ], [ 334149.851283562369645, 6316184.023897148668766 ], [ 334150.425323678646237, 6316183.133223756216466 ], [ 334150.983805859228596, 6316182.232713456265628 ], [ 334151.526561580889393, 6316181.322637978941202 ], [ 334152.053427065548021, 6316180.403271943330765 ], [ 334152.564243330329191, 6316179.474892769008875 ], [ 334153.058856235060375, 6316178.537780597805977 ], [ 334153.53711652912898, 6316177.592218205332756 ], [ 334153.998879896185827, 6316176.638490917161107 ], [ 334154.444006998033728, 6316175.676886523142457 ], [ 334154.872363516478799, 6316174.707695189863443 ], [ 334155.283820193784777, 6316173.731209373101592 ], [ 334155.67825287184678, 6316172.747723730280995 ], [ 334156.055542529735249, 6316171.757535030134022 ], [ 334156.415575319202617, 6316170.760942066088319 ], [ 334156.758242599491496, 6316169.758245560340583 ], [ 334157.083440969930962, 6316168.749748080037534 ], [ 334157.391072301019449, 6316167.735753942281008 ], [ 334157.681043764285278, 6316166.716569121927023 ], [ 334157.95326786005171, 6316165.692501161247492 ], [ 334158.207662444096059, 6316164.663859074003994 ], [ 334158.444150752096903, 6316163.630953256972134 ], [ 334158.662661423208192, 6316162.594095391221344 ], [ 334158.863128521246836, 6316161.5535983517766 ], [ 334159.045491554774344, 6316160.509776109829545 ], [ 334159.209695495199412, 6316159.462943643331528 ], [ 334159.355690793716349, 6316158.413416836410761 ], [ 334159.483433395740576, 6316157.36151238437742 ], [ 334159.592884754645638, 6316156.307547704316676 ], [ 334159.684011843288317, 6316155.251840831711888 ], [ 334159.756787163787521, 6316154.194710329174995 ], [ 334159.811188755964395, 6316153.136475187726319 ], [ 334159.847200204094406, 6316152.077454733662307 ], [ 334159.864810641563963, 6316151.017968527972698 ], [ 334159.86401475436287, 6316149.958336274139583 ], [ 334159.844812782714143, 6316148.898877717554569 ], [ 334159.807210520841181, 6316147.839912554249167 ], [ 334159.751219315279741, 6316146.781760329380631 ], [ 334159.676856061560102, 6316145.724740342237055 ], [ 334159.584143198968377, 6316144.669171551242471 ], [ 334159.473108703852631, 6316143.615372477099299 ], [ 334159.34378608118277, 6316142.563661106862128 ], [ 334159.196214354305994, 6316141.514354796148837 ], [ 334159.030438053421676, 6316140.467770176939666 ], [ 334158.846507201960776, 6316139.424223058857024 ], [ 334158.644477301451843, 6316138.384028333239257 ], [ 334146.36696997837862, 6316077.97864656150341 ], [ 334146.357131738041062, 6316077.927254189737141 ], [ 334146.348188928328454, 6316077.875698463059962 ], [ 334146.340144255198538, 6316077.823994980193675 ], [ 334146.333000152895693, 6316077.772159388288856 ], [ 334146.326758783136029, 6316077.720207370817661 ], [ 334146.321422034525312, 6316077.668154647573829 ], [ 334146.316991521918681, 6316077.616016970016062 ], [ 334146.313468585896771, 6316077.563810114748776 ], [ 334146.310854292474687, 6316077.51154987886548 ], [ 334146.309149432752747, 6316077.459252074360847 ], [ 334146.308354522567242, 6316077.40693252813071 ], [ 334146.308469802432228, 6316077.354607069864869 ], [ 334146.309495237539522, 6316077.302291533909738 ], [ 334146.311430517525878, 6316077.250001749955118 ], [ 334146.314275056822225, 6316077.197753540240228 ], [ 334146.318027994770091, 6316077.145562713965774 ], [ 334146.322688195621595, 6316077.093445064499974 ], [ 334146.328254249354359, 6316077.041416362859309 ], [ 334146.334724471729714, 6316076.989492350257933 ], [ 334146.342096904874779, 6316076.937688739970326 ], [ 334146.350369317980949, 6316076.886021206155419 ], [ 334146.359539207944181, 6316076.834505383856595 ], [ 334146.369603800063487, 6316076.783156860619783 ], [ 334146.380560048797633, 6316076.731991174630821 ], [ 334146.392404638929293, 6316076.681023807264864 ], [ 334146.405133986496367, 6316076.63027018122375 ], [ 334146.418744239606895, 6316076.579745654016733 ], [ 334146.433231280010659, 6316076.529465513303876 ], [ 334146.44859072403051, 6316076.479444975033402 ], [ 334146.464817924133968, 6316076.42969917319715 ], [ 334146.481907970039174, 6316076.380243160761893 ], [ 334146.499855690519325, 6316076.331091902218759 ], [ 334146.518655654799659, 6316076.282260271720588 ], [ 334146.538302174129058, 6316076.233763043768704 ], [ 334146.558789303759113, 6316076.185614893212914 ], [ 334146.580110844399314, 6316076.1378303905949 ], [ 334146.602260344428942, 6316076.090423992834985 ], [ 334146.625231101643294, 6316076.043410046957433 ], [ 334146.649016165290959, 6316075.996802777051926 ], [ 334146.673608338285703, 6316075.950616287067533 ], [ 334146.699000179301947, 6316075.904864552430809 ], [ 334146.725184004928451, 6316075.859561416320503 ], [ 334146.752151892287657, 6316075.814720587804914 ], [ 334146.779895681189373, 6316075.77035563532263 ], [ 334146.808406976575498, 6316075.726479982957244 ], [ 334146.837677151255775, 6316075.683106906712055 ], [ 334146.867697348352522, 6316075.640249531716108 ], [ 334146.89845848409459, 6316075.597920825704932 ], [ 334146.929951250494923, 6316075.556133597157896 ], [ 334146.962166118086316, 6316075.514900489710271 ], [ 334146.995093339006416, 6316075.474233980290592 ], [ 334147.028722949849907, 6316075.434146375395358 ], [ 334147.063044774578884, 6316075.394649802707136 ], [ 334147.098048427782487, 6316075.355756216682494 ], [ 334147.133723317761905, 6316075.317477383650839 ], [ 334147.170058649615385, 6316075.279824886471033 ], [ 334147.20704342861427, 6316075.242810119874775 ], [ 334147.244666463579051, 6316075.206444283016026 ], [ 334147.282916370138992, 6316075.170738380402327 ], [ 334147.321781574282795, 6316075.135703216306865 ], [ 334147.361250315734651, 6316075.101349391043186 ], [ 334147.401310651795939, 6316075.06768730096519 ], [ 334147.441950460430235, 6316075.034727131016552 ], [ 334147.483157444628887, 6316075.002478855662048 ], [ 334147.524919135437813, 6316074.970952231436968 ], [ 334147.567222896264866, 6316074.940156798809767 ], [ 334147.610055926372297, 6316074.910101876594126 ], [ 334147.653405264951289, 6316074.880796558223665 ], [ 334147.697257794963662, 6316074.852249711751938 ], [ 334147.741600247041788, 6316074.824469975195825 ], [ 334147.786419203621335, 6316074.797465753741562 ], [ 334147.831701102899387, 6316074.771245218813419 ], [ 334147.877432243083604, 6316074.745816305279732 ], [ 334147.923598786408547, 6316074.721186706796288 ], [ 334147.970186763326637, 6316074.697363876737654 ], [ 334148.017182076757308, 6316074.674355022609234 ], [ 334148.064570506452583, 6316074.652167107909918 ], [ 334148.112337713129818, 6316074.630806845612824 ], [ 334148.160469242895488, 6316074.61028069909662 ], [ 334148.208950531668961, 6316074.590594880282879 ], [ 334148.257766909489874, 6316074.571755344979465 ], [ 334148.306903605000116, 6316074.553767793811858 ], [ 334148.35634574998403, 6316074.536637670360506 ], [ 334148.406078383733984, 6316074.520370157435536 ], [ 334148.45608645764878, 6316074.504970177076757 ], [ 334148.506354839832056, 6316074.490442390553653 ], [ 334148.55686831951607, 6316074.476791191846132 ], [ 334148.607611611834727, 6316074.46402071416378 ], [ 334148.658569362480193, 6316074.452134819701314 ], [ 334148.70972615206847, 6316074.441137105226517 ], [ 334294.029419486643746, 6316044.925481777638197 ], [ 334294.157108947169036, 6316044.90069792419672 ], [ 334294.285209014546126, 6316044.878132230602205 ], [ 334294.413681158912368, 6316044.857791487127542 ], [ 334294.542486738413572, 6316044.839681808836758 ], [ 334294.671587011078373, 6316044.823808644898236 ], [ 334294.800943146226928, 6316044.81017676834017 ], [ 334294.930516236170661, 6316044.798790279775858 ], [ 334295.060267307970207, 6316044.789652604609728 ], [ 334295.190157335193362, 6316044.782766490243375 ], [ 334295.320147249673028, 6316044.778134007938206 ], [ 334295.450197953090537, 6316044.775756552815437 ], [ 334295.580270328791812, 6316044.775634837336838 ], [ 334295.710325253836345, 6316044.777768899686635 ], [ 334295.840323610347696, 6316044.782158098183572 ], [ 334295.970226297446061, 6316044.788801112212241 ], [ 334296.099994243122637, 6316044.797695943154395 ], [ 334296.229588415881153, 6316044.8088399162516 ], [ 334296.358969836495817, 6316044.82222967967391 ], [ 334296.48809958959464, 6316044.83786120545119 ], [ 334296.616938835708424, 6316044.855729792267084 ], [ 334296.745448822679464, 6316044.875830066390336 ], [ 334296.873590897303075, 6316044.898155980743468 ], [ 334297.001326517085545, 6316044.92270082142204 ], [ 334297.12861726176925, 6316044.949457204900682 ], [ 334297.255424845032394, 6316044.978417083621025 ], [ 334297.381711125664879, 6316045.009571746923029 ], [ 334297.507438119442668, 6316045.042911824770272 ], [ 334297.63256801024545, 6316045.078427288681269 ], [ 334297.757063161581755, 6316045.116107456386089 ], [ 334297.88088612788124, 6316045.155940994620323 ], [ 334298.00399966572877, 6316045.197915921919048 ], [ 334298.126366745214909, 6316045.242019614204764 ], [ 334298.247950560762547, 6316045.288238803856075 ], [ 334298.368714542477392, 6316045.336559590883553 ], [ 334298.488622367091011, 6316045.3869674410671 ], [ 334298.607637968787458, 6316045.4394471924752 ], [ 334298.7257255500881, 6316045.493983060121536 ], [ 334298.842849592794664, 6316045.550558641552925 ], [ 334298.958974868291989, 6316045.609156919643283 ], [ 334299.074066448607482, 6316045.669760268181562 ], [ 334299.188089716481045, 6316045.732350460253656 ], [ 334299.301010376075283, 6316045.796908669173717 ], [ 334299.41279446327826, 6316045.863415477797389 ], [ 334299.523408355657011, 6316045.93185088224709 ], [ 334299.632818782876711, 6316046.002194298431277 ], [ 334299.740992836537771, 6316046.074424567632377 ], [ 334299.847897980129346, 6316046.148519965820014 ], [ 334299.953502058750018, 6316046.224458206444979 ], [ 334300.057773308944888, 6316046.302216447889805 ], [ 334326.295048426254652, 6316066.224509490653872 ], [ 334122.544254633714445, 6316334.076539095491171 ] ] ] ] } },
{ "type": "Feature", "properties": { "fid": "208", "Area": 12928.697 }, "geometry": { "type": "MultiPolygon", "coordinates": [ [ [ [ 334048.949404246930499, 6316278.015475232154131 ], [ 334032.855707519338466, 6316265.767277251929045 ], [ 334030.063516905182041, 6316188.912108149379492 ], [ 334049.849867315264419, 6316162.913547083735466 ], [ 334037.484569535823539, 6316102.074927907437086 ], [ 334123.71475284040207, 6316084.514753006398678 ], [ 334135.655327707820106, 6316143.264226319268346 ], [ 334135.7753210105584, 6316143.900268073193729 ], [ 334135.884318571595941, 6316144.538286128081381 ], [ 334135.982287918566726, 6316145.178090404719114 ], [ 334136.069199864577968, 6316145.819490294903517 ], [ 334136.145028516999446, 6316146.462294714525342 ], [ 334136.209751285030507, 6316147.106312159448862 ], [ 334136.26334888668498, 6316147.751350765116513 ], [ 334136.305805354204495, 6316148.397218362428248 ], [ 334136.337108039064333, 6316149.043722537346184 ], [ 334136.35724761558231, 6316149.690670683048666 ], [ 334136.366218083829153, 6316150.337870062328875 ], [ 334136.364016771374736, 6316150.985127862542868 ], [ 334136.350644333928358, 6316151.632251254282892 ], [ 334136.32610475551337, 6316152.279047446325421 ], [ 334136.29040534683736, 6316152.925323748029768 ], [ 334136.243556743429508, 6316153.570887621492147 ], [ 334136.185572902322747, 6316154.215546740218997 ], [ 334136.116471097921021, 6316154.85910905059427 ], [ 334136.036271917051636, 6316155.501382821239531 ], [ 334135.944999252387788, 6316156.142176709137857 ], [ 334135.842680295696482, 6316156.781299808993936 ], [ 334135.729345529805869, 6316157.418561714701355 ], [ 334135.605028719059192, 6316158.053772575221956 ], [ 334135.469766899826936, 6316158.686743147671223 ], [ 334135.323600368981715, 6316159.317284859716892 ], [ 334135.166572672198527, 6316159.945209861733019 ], [ 334134.998730590916239, 6316160.570331083610654 ], [ 334134.820124128367752, 6316161.192462289705873 ], [ 334134.630806494620629, 6316161.811418135650456 ], [ 334134.430834090861026, 6316162.427014223299921 ], [ 334134.220266492571682, 6316163.039067156612873 ], [ 334133.999166431662161, 6316163.64739459194243 ], [ 334133.767599777842406, 6316164.251815298572183 ], [ 334133.525635519006755, 6316164.852149208076298 ], [ 334133.273345740744844, 6316165.448217471130192 ], [ 334133.010805604804773, 6316166.039842506870627 ], [ 334132.738093326683156, 6316166.62684805970639 ], [ 334132.455290152342059, 6316167.209059249609709 ], [ 334132.162480333936401, 6316167.786302627064288 ], [ 334131.859751104901079, 6316168.358406218700111 ], [ 334131.54719265375752, 6316168.925199585035443 ], [ 334131.224898097396363, 6316169.486513868905604 ], [ 334130.892963453254197, 6316170.042181842960417 ], [ 334130.551487610675395, 6316170.592037964612246 ], [ 334130.200572301517241, 6316171.135918421670794 ], [ 334129.840322069940157, 6316171.673661182634532 ], [ 334129.470844240917359, 6316172.205106043256819 ], [ 334129.092248888744507, 6316172.730094675906003 ], [ 334128.704648804094177, 6316173.248470678925514 ], [ 334048.949404246930499, 6316278.015475232154131 ] ] ] ] } },
{ "type": "Feature", "properties": { "fid": "209", "Area": 6010.915 }, "geometry": { "type": "MultiPolygon", "coordinates": [ [ [ [ 334124.511850605718791, 6315813.30148843023926 ], [ 334195.286716201750096, 6315867.277058219537139 ], [ 334230.950014917878434, 6315820.524723659269512 ], [ 334231.551894236938097, 6315819.749913983978331 ], [ 334232.165766525198705, 6315818.98457121104002 ], [ 334232.791482902190182, 6315818.228880954906344 ], [ 334233.42889161495259, 6315817.483026491478086 ], [ 334234.077838074823376, 6315816.747188711538911 ], [ 334234.738164894923102, 6315816.021546073257923 ], [ 334176.543366262980271, 6315757.608355877920985 ], [ 334124.511850605718791, 6315813.30148843023926 ] ] ] ] } },
{ "type": "Feature", "properties": { "fid": "210", "Area": 5837.353 }, "geometry": { "type": "MultiPolygon", "coordinates": [ [ [ [ 334235.622400675551035, 6315710.003198080696166 ], [ 334285.721651534549892, 6315776.207924631424248 ], [ 334242.986087515542749, 6315808.5470180362463 ], [ 334242.183078393689357, 6315809.164892987348139 ], [ 334241.390109890548047, 6315809.795602158643305 ], [ 334240.607387109601405, 6315810.438982415013015 ], [ 334239.835112504370045, 6315811.094867343083024 ], [ 334239.073485825851094, 6315811.763087298721075 ], [ 334238.322704070946202, 6315812.443469442427158 ], [ 334237.582961431413423, 6315813.13583779335022 ], [ 334236.854449243925046, 6315813.840013266541064 ], [ 334236.137355940125417, 6315814.555813726969063 ], [ 334235.431866998202167, 6315815.283054030500352 ], [ 334234.738164894923102, 6315816.021546073257923 ], [ 334176.543366262980271, 6315757.608355877920985 ], [ 334187.919127341883723, 6315746.101765909232199 ], [ 334235.622400675551035, 6315710.003198080696166 ] ] ] ] } },
{ "type": "Feature", "properties": { "fid": "211", "Area": 3155.297 }, "geometry": { "type": "MultiPolygon", "coordinates": [ [ [ [ 334265.92427105596289, 6315687.072977680712938 ], [ 334235.622415634803474, 6315710.003217845223844 ], [ 334285.721651534549892, 6315776.207924631424248 ], [ 334316.023455419752281, 6315753.277775266207755 ], [ 334265.92427105596289, 6315687.072977680712938 ] ] ] ] } },
{ "type": "Feature", "properties": { "fid": "212", "Area": 10099.817 }, "geometry": { "type": "MultiPolygon", "coordinates": [ [ [ [ 334108.488466094713658, 6315979.835037752054632 ], [ 334108.24771880498156, 6315980.862691007554531 ], [ 334108.024359846662264, 6315981.894263228401542 ], [ 334107.818452919833362, 6315982.929460218176246 ], [ 334107.630056747468188, 6315983.96798674762249 ], [ 334107.459225058555603, 6315985.009546638466418 ], [ 334107.306006572965998, 6315986.053842844441533 ], [ 334107.170444987306837, 6315987.100577542558312 ], [ 334107.052578962640837, 6315988.149452211335301 ], [ 334106.952442113426514, 6315989.200167721137404 ], [ 334106.870062997855712, 6315990.252424416132271 ], [ 334106.805465109762736, 6315991.305922200903296 ], [ 334106.758666871930473, 6315992.360360627993941 ], [ 334106.729681630851701, 6315993.415438978932798 ], [ 334106.718517652829178, 6315994.470856354571879 ], [ 334106.725178121821955, 6315995.526311757974327 ], [ 334106.749661138281226, 6315996.581504182890058 ], [ 334106.791959719790611, 6315997.636132695712149 ], [ 334106.852061803278048, 6315998.689896525815129 ], [ 334106.92995024798438, 6315999.742495149374008 ], [ 334107.025602840818465, 6316000.793628372251987 ], [ 334107.138992302468978, 6316001.84299642033875 ], [ 334107.270086295204237, 6316002.890300022438169 ], [ 334107.418847432010807, 6316003.935240496881306 ], [ 334107.585233287478331, 6316004.977519835345447 ], [ 334107.769196409732103, 6316006.016840786673129 ], [ 334107.97068433399545, 6316007.052906946279109 ], [ 334114.69000465614954, 6316040.11198796518147 ], [ 334064.857827079191338, 6316051.059386271983385 ], [ 334063.949960806639865, 6316051.250461568124592 ], [ 334063.038917662517633, 6316051.425765096209943 ], [ 334062.124971617886331, 6316051.585244139656425 ], [ 334061.208397516980767, 6316051.728850738145411 ], [ 334060.289470994204748, 6316051.856541706249118 ], [ 334059.368468391534407, 6316051.968278645537794 ], [ 334058.445666675106622, 6316052.064027952030301 ], [ 334057.521343352214899, 6316052.143760833889246 ], [ 334056.595776387723163, 6316052.2074533123523 ], [ 334055.669244120421354, 6316052.255086234770715 ], [ 334054.742025179439224, 6316052.28664527554065 ], [ 334053.8143984003691, 6316052.302120944485068 ], [ 334052.886642741446849, 6316052.301508588716388 ], [ 334051.959037199732848, 6316052.284808390773833 ], [ 334051.031860727060121, 6316052.252025374211371 ], [ 334050.105392146331724, 6316052.203169398009777 ], [ 334049.179910067410674, 6316052.138255151920021 ], [ 334048.255692803708371, 6316052.057302159257233 ], [ 334047.333018288074527, 6316051.960334763862193 ], [ 334046.412163989560213, 6316051.84738212544471 ], [ 334045.493406829773448, 6316051.718478211201727 ], [ 334044.577023099642247, 6316051.573661787435412 ], [ 334043.663288376410492, 6316051.412976400926709 ], [ 334042.752477440750226, 6316051.236470376141369 ], [ 334041.844864193932153, 6316051.044196790084243 ], [ 334040.940721575694624, 6316050.836213464848697 ], [ 334040.040321482112631, 6316050.612582946196198 ], [ 334039.143934683699626, 6316050.373372483067214 ], [ 334038.251830744266044, 6316050.118654013611376 ], [ 334037.364277939486783, 6316049.848504136316478 ], [ 334036.481543176458217, 6316049.563004091382027 ], [ 334035.603891913429834, 6316049.262239734642208 ], [ 334034.731588079885114, 6316048.9463015133515 ], [ 334033.86489399720449, 6316048.615284437313676 ], [ 334033.004070299852174, 6316048.269288050942123 ], [ 334032.149375856854022, 6316047.908416401594877 ], [ 334031.301067694090307, 6316047.532778013497591 ], [ 334030.459400916937739, 6316047.142485849559307 ], [ 334029.624628633551765, 6316046.737657277844846 ], [ 334028.797001878672745, 6316046.31841403990984 ], [ 334027.976769538421649, 6316045.884882211685181 ], [ 334027.164178275037557, 6316045.437192167155445 ], [ 334026.359472453070339, 6316044.97547853551805 ], [ 334025.562894065631554, 6316044.499880164861679 ], [ 334024.774682661809493, 6316044.010540078394115 ], [ 334023.995075274491683, 6316043.507605430670083 ], [ 334023.224306349235121, 6316042.991227467544377 ], [ 334022.462607673485763, 6316042.461561473086476 ], [ 334021.710208307311404, 6316041.91876673232764 ], [ 334020.967334514076356, 6316041.363006473518908 ], [ 334020.23420969262952, 6316040.794447827152908 ], [ 334019.511054310190957, 6316040.213261772878468 ], [ 334018.79808583582053, 6316039.619623084552586 ], [ 334018.095518675225321, 6316039.0137102836743 ], [ 334017.403564106090926, 6316038.395705580711365 ], [ 334016.722430214809719, 6316037.765794825740159 ], [ 334016.052321833616588, 6316037.124167445115745 ], [ 334015.39344047929626, 6316036.471016392111778 ], [ 333979.776734164159279, 6316000.569015973247588 ], [ 334036.669079195009544, 6315925.990965572185814 ], [ 334064.522112817445304, 6315961.07135003246367 ], [ 334108.488466094713658, 6315979.835037752054632 ] ] ] ] } },
{ "type": "Feature", "properties": { "fid": "213", "Area": 4195.741 }, "geometry": { "type": "MultiPolygon", "coordinates": [ [ [ [ 334108.488466095295735, 6315979.835037751123309 ], [ 334108.751665540621616, 6315978.791956665925682 ], [ 334109.032779263216071, 6315977.753560222685337 ], [ 334109.331723978393711, 6315976.720156064257026 ], [ 334109.648411118774675, 6315975.692050353623927 ], [ 334109.982746860478073, 6315974.669547683559358 ], [ 334110.334632150945254, 6315973.652950989082456 ], [ 334110.703962738276459, 6315972.642561452463269 ], [ 334111.090629202022683, 6315971.638678419403732 ], [ 334111.494516985840164, 6315970.641599306836724 ], [ 334111.915506431134418, 6315969.651619517244399 ], [ 334112.353472812741529, 6315968.669032347388566 ], [ 334112.808286375773605, 6315967.694128905422986 ], [ 334113.279812374094035, 6315966.727198023349047 ], [ 334113.767911110189743, 6315965.768526170402765 ], [ 334114.272437976615038, 6315964.818397369235754 ], [ 334114.793243498832453, 6315963.877093111164868 ], [ 334115.330173379508778, 6315962.944892274215817 ], [ 334115.883068544091657, 6315962.022071037441492 ], [ 334116.45176518819062, 6315961.108902802690864 ], [ 334117.036094825773034, 6315960.205658110789955 ], [ 334117.635884339455515, 6315959.312604564242065 ], [ 334118.25095603155205, 6315958.430006744340062 ], [ 334118.88112767675193, 6315957.558126136660576 ], [ 334119.526212576020043, 6315956.697221048176289 ], [ 334130.211775426287204, 6315942.68954324349761 ], [ 334063.020349293306936, 6315891.447151047177613 ], [ 334036.669079195009544, 6315925.990965572185814 ], [ 334064.522112817445304, 6315961.07135003246367 ], [ 334108.488466095295735, 6315979.835037751123309 ] ] ] ] } },
{ "type": "Feature", "properties": { "fid": "214", "Area": 4870.836 }, "geometry": { "type": "MultiPolygon", "coordinates": [ [ [ [ 334316.023455419228412, 6315753.277775266207755 ], [ 334351.4790678153513, 6315726.447606710717082 ], [ 334351.596267591987271, 6315726.357303844764829 ], [ 334351.711877829977311, 6315726.264974714256823 ], [ 334351.825863501173444, 6315726.170647295191884 ], [ 334351.938190070155542, 6315726.074350165203214 ], [ 334352.048823503952008, 6315725.97611250076443 ], [ 334352.157730282808188, 6315725.875964066945016 ], [ 334352.264877409965266, 6315725.773935206234455 ], [ 334352.370232421846595, 6315725.670056831091642 ], [ 334352.4737633978948, 6315725.564360415562987 ], [ 334352.57543897011783, 6315725.456877982243896 ], [ 334352.675228332751431, 6315725.347642098553479 ], [ 334352.773101251514163, 6315725.236685859039426 ], [ 334352.869028072746005, 6315725.124042881652713 ], [ 334352.962979732314125, 6315725.009747295640409 ], [ 334353.054927764751483, 6315724.893833730369806 ], [ 334353.14484431152232, 6315724.776337305083871 ], [ 334353.232702129520476, 6315724.657293618656695 ], [ 334353.3184745995095, 6315724.536738740280271 ], [ 334353.402135734097101, 6315724.414709195494652 ], [ 334353.483660185418557, 6315724.291241955943406 ], [ 334353.563023253169376, 6315724.166374430991709 ], [ 334353.640200891823042, 6315724.040144452825189 ], [ 334353.715169717965182, 6315723.912590267136693 ], [ 334353.787907017453108, 6315723.783750519156456 ], [ 334353.85839075234253, 6315723.653664246201515 ], [ 334353.926599567232188, 6315723.522370860911906 ], [ 334353.992512796248775, 6315723.38991014380008 ], [ 334354.056110468867701, 6315723.256322228349745 ], [ 334354.117373316199519, 6315723.121647587046027 ], [ 334354.176282776694279, 6315722.985927025787532 ], [ 334354.232821002020501, 6315722.849201664328575 ], [ 334354.286970862012822, 6315722.711512928828597 ], [ 334354.338715950376354, 6315722.57290253508836 ], [ 334354.388040589285083, 6315722.433412481099367 ], [ 334354.434929834329523, 6315722.293085028417408 ], [ 334354.47936947888229, 6315722.151962693780661 ], [ 334354.521346058580093, 6315722.010088234208524 ], [ 334354.56084685534006, 6315721.867504636757076 ], [ 334354.597859901201446, 6315721.724255099892616 ], [ 334354.632373981818091, 6315721.58038302604109 ], [ 334354.664378640067298, 6315721.435932006686926 ], [ 334354.693864179193042, 6315721.290945806540549 ], [ 334354.72082166565815, 6315721.145468353293836 ], [ 334354.745242931763642, 6315720.999543725512922 ], [ 334354.767120578326285, 6315720.853216134011745 ], [ 334354.786447976948693, 6315720.706529914401472 ], [ 334354.803219271649141, 6315720.559529510326684 ], [ 334354.81742938113166, 6315720.412259458564222 ], [ 334354.829073999950197, 6315720.264764379709959 ], [ 334354.838149600022007, 6315720.117088963277638 ], [ 334354.844653431617189, 6315719.969277950003743 ], [ 334354.848583524173591, 6315719.821376125328243 ], [ 334354.849938686937094, 6315719.673428300768137 ], [ 334354.848718509369064, 6315719.525479300878942 ], [ 334354.844923361146357, 6315719.377573952078819 ], [ 334354.838554392161313, 6315719.229757066816092 ], [ 334354.829613531997893, 6315719.082073431462049 ], [ 334354.818103489582427, 6315718.934567789547145 ], [ 334354.804027752310503, 6315718.787284834310412 ], [ 334354.787390584882814, 6315718.640269189141691 ], [ 334354.76819702796638, 6315718.493565396405756 ], [ 334354.746452896855772, 6315718.347217906266451 ], [ 334354.722164779668674, 6315718.201271057128906 ], [ 334354.695340035192203, 6315718.055769069120288 ], [ 334354.665986790903844, 6315717.910756027325988 ], [ 334354.634113940177485, 6315717.766275866888463 ], [ 334354.599731140013319, 6315717.622372363694012 ], [ 334354.562848807603586, 6315717.479089116677642 ], [ 334354.523478117771447, 6315717.336469538509846 ], [ 334354.481630998954643, 6315717.194556839764118 ], [ 334354.437320130120497, 6315717.053394017741084 ], [ 334354.39055893663317, 6315716.91302384249866 ], [ 334354.341361586237326, 6315716.773488843813539 ], [ 334354.289742984808981, 6315716.634831296280026 ], [ 334354.2357187718153, 6315716.497093212790787 ], [ 334354.179305315541569, 6315716.360316324047744 ], [ 334354.12051970831817, 6315716.2245420711115 ], [ 334354.059379760990851, 6315716.089811591431499 ], [ 334353.99590399779845, 6315715.956165705807507 ], [ 334331.979941672820132, 6315670.645416446961462 ], [ 334331.48500479379436, 6315669.763697043992579 ], [ 334330.97499559057178, 6315668.890609286725521 ], [ 334330.450064553297125, 6315668.026410799473524 ], [ 334329.9103665749426, 6315667.171356584876776 ], [ 334329.356060905847698, 6315666.325698944739997 ], [ 334328.787311106687412, 6315665.489687410183251 ], [ 334328.204285000276286, 6315664.663568667136133 ], [ 334327.607154621859081, 6315663.847586479038 ], [ 334326.996096168644726, 6315663.041981621645391 ], [ 334326.371289947419427, 6315662.246991807594895 ], [ 334325.732920321752317, 6315661.46285161562264 ], [ 334325.081175657338463, 6315660.689792425371706 ], [ 334324.416248266468756, 6315659.928042345680296 ], [ 334323.738334351335652, 6315659.177826148457825 ], [ 334323.047633946116548, 6315658.439365202561021 ], [ 334322.344350857834797, 6315657.712877406738698 ], [ 334321.628692606522236, 6315656.998577129095793 ], [ 334320.900870363577269, 6315656.296675140038133 ], [ 334320.161098889831919, 6315655.607378552667797 ], [ 334319.31864878925262, 6315654.859753529541194 ], [ 334318.463414334168192, 6315654.126787381246686 ], [ 334317.595650559815113, 6315653.408698682673275 ], [ 334316.715616237546783, 6315652.705701570957899 ], [ 334315.823573798115831, 6315652.018005683086812 ], [ 334314.919789252977353, 6315651.345816094428301 ], [ 334314.00453211524291, 6315650.689333254471421 ], [ 334265.924271055439021, 6315687.072977680712938 ], [ 334316.023455419111997, 6315753.277775265276432 ], [ 334316.023455419228412, 6315753.277775266207755 ] ] ] ] } },
{ "type": "Feature", "properties": { "fid": "215", "Area": 19492.929 }, "geometry": { "type": "MultiPolygon", "coordinates": [ [ [ [ 333824.705209201900288, 6316424.089920490980148 ], [ 333849.471519092505332, 6316337.152297160588205 ], [ 333852.025316771352664, 6316337.747546999715269 ], [ 333854.588470398855861, 6316338.301124851219356 ], [ 333857.160300033399835, 6316338.812883863225579 ], [ 333859.740123431605753, 6316339.282688278704882 ], [ 333862.327256229706109, 6316339.710413471795619 ], [ 333864.921012124919798, 6316340.095945975743234 ], [ 333867.520703057351056, 6316340.439183519221842 ], [ 333870.125639392936137, 6316340.74003504961729 ], [ 333872.735130105982535, 6316340.998420757241547 ], [ 333875.348482962581329, 6316341.214272100478411 ], [ 333877.965004704485182, 6316341.387531817890704 ], [ 333880.584001232637092, 6316341.518153948709369 ], [ 333883.204777791572269, 6316341.606103841215372 ], [ 333885.826639153587166, 6316341.65135816577822 ], [ 333998.473571144102607, 6316342.678162560798228 ], [ 333999.508089481911156, 6316342.678819718770683 ], [ 334000.542470190965105, 6316342.661932685412467 ], [ 334001.576415764109697, 6316342.627506317570806 ], [ 334002.60962881956948, 6316342.575550516135991 ], [ 334003.641812185931485, 6316342.506080225110054 ], [ 334004.672668988176156, 6316342.419115426018834 ], [ 334005.701902732835151, 6316342.314681130461395 ], [ 334006.729217393090948, 6316342.192807377316058 ], [ 334007.754317494283896, 6316342.053529216907918 ], [ 334008.776908198546153, 6316341.896886711008847 ], [ 334009.79669538984308, 6316341.72292491234839 ], [ 334010.81338575843256, 6316341.531693854369223 ], [ 334011.826686885324307, 6316341.323248539119959 ], [ 334012.836307326331735, 6316341.097648919560015 ], [ 334013.841956695890985, 6316340.854959882795811 ], [ 334014.843345750588924, 6316340.59525123052299 ], [ 334015.840186472283676, 6316340.318597658537328 ], [ 334016.832192151225172, 6316340.0250787390396 ], [ 334017.819077468069736, 6316339.714778892695904 ], [ 334018.800558576360345, 6316339.387787368148565 ], [ 334019.776353183900937, 6316339.044198214076459 ], [ 334020.746180634072516, 6316338.684110252186656 ], [ 334021.709761986450758, 6316338.30762705206871 ], [ 334022.666820097249001, 6316337.914856894873083 ], [ 334023.617079698771704, 6316337.505912750959396 ], [ 334024.560267478693277, 6316337.080912239849567 ], [ 334025.49611215875484, 6316336.639977598562837 ], [ 334026.424344572646078, 6316336.183235648088157 ], [ 334027.344697743479628, 6316335.710817757062614 ], [ 334028.256906960741617, 6316335.222859800793231 ], [ 334029.160709855961613, 6316334.719502124935389 ], [ 334087.879474011715502, 6316379.646400598809123 ], [ 334051.640533982310444, 6316427.377180450595915 ], [ 333824.705209201900288, 6316424.089920490980148 ] ] ] ] } },
{ "type": "Feature", "properties": { "fid": "216", "Area": 5718.173 }, "geometry": { "type": "MultiPolygon", "coordinates": [ [ [ [ 334175.792275468993466, 6315893.196269689127803 ], [ 334174.831732420658227, 6315893.693654746748507 ], [ 334173.879941100487486, 6315894.207588718272746 ], [ 334172.937186597613618, 6315894.737917664460838 ], [ 334172.003751294279937, 6315895.28448273614049 ], [ 334171.079914781323168, 6315895.847120222635567 ], [ 334170.165953774529044, 6315896.425661597400904 ], [ 334169.262142031628173, 6315897.01993356924504 ], [ 334168.36875027033966, 6315897.629758138209581 ], [ 334167.486046087404247, 6315898.254952643066645 ], [ 334166.61429387825774, 6315898.895329820923507 ], [ 334165.753754757810384, 6315899.550697859376669 ], [ 334164.904686482506804, 6315900.22086045704782 ], [ 334164.067343372793403, 6315900.905616881325841 ], [ 334163.241976237215567, 6315901.604762027040124 ], [ 334162.428832296980545, 6315902.318086480721831 ], [ 334161.628155112324748, 6315903.045376581139863 ], [ 334160.840184509172104, 6315903.786414482630789 ], [ 334160.065156507480424, 6315904.540978224948049 ], [ 334159.303303250635508, 6315905.308841792866588 ], [ 334158.554852935660165, 6315906.089775188826025 ], [ 334157.820029745053034, 6315906.883544501848519 ], [ 334157.099053779616952, 6315907.689911974593997 ], [ 334156.392140992567874, 6315908.508636076934636 ], [ 334155.699503124633338, 6315909.339471576735377 ], [ 334155.021347640955355, 6315910.182169614359736 ], [ 334154.357877668691799, 6315911.03647777903825 ], [ 334130.211775426520035, 6315942.68954324349761 ], [ 334063.020349293306936, 6315891.44715104624629 ], [ 334103.667787656129804, 6315838.16252504196018 ], [ 334175.792275468993466, 6315893.196269689127803 ] ] ] ] } },
{ "type": "Feature", "properties": { "fid": "217", "Area": 14029.752 }, "geometry": { "type": "MultiPolygon", "coordinates": [ [ [ [ 333658.537354338157456, 6316421.682904585264623 ], [ 333757.499487593304366, 6316291.953689876943827 ], [ 333807.483477484842297, 6316320.483864236623049 ], [ 333809.833765226358082, 6316321.799434689804912 ], [ 333812.205732003378216, 6316323.075503533706069 ], [ 333814.598713967483491, 6316324.311713631264865 ], [ 333817.012041388486978, 6316325.507719000801444 ], [ 333819.445038842153735, 6316326.663184913806617 ], [ 333821.897025399084669, 6316327.777787986211479 ], [ 333824.367314815463033, 6316328.851216272450984 ], [ 333826.855215724848676, 6316329.883169347420335 ], [ 333829.360031831893139, 6316330.873358397744596 ], [ 333831.881062107277103, 6316331.821506295353174 ], [ 333834.417600983579177, 6316332.727347680367529 ], [ 333836.96893855300732, 6316333.59062903188169 ], [ 333811.243558802059852, 6316423.894892567768693 ], [ 333658.537354338157456, 6316421.682904585264623 ] ] ] ] } },
{ "type": "Feature", "properties": { "fid": "218", "Area": 15841.564 }, "geometry": { "type": "MultiPolygon", "coordinates": [ [ [ [ 334626.26066722930409, 6315672.441914602182806 ], [ 334543.140398949093651, 6315609.084199783392251 ], [ 334543.575780732382555, 6315608.583474112674594 ], [ 334544.019637364719529, 6315608.090245175175369 ], [ 334544.471839782956522, 6315607.604656390845776 ], [ 334544.932256497326307, 6315607.126848956570029 ], [ 334545.400753629510291, 6315606.656961808912456 ], [ 334545.877194951521233, 6315606.19513157941401 ], [ 334546.361441925400868, 6315605.741492556408048 ], [ 334546.853353743616026, 6315605.296176648698747 ], [ 334547.352787369745784, 6315604.85931334272027 ], [ 334547.859597580216359, 6315604.431029669009149 ], [ 334548.373637006559875, 6315604.011450162157416 ], [ 334548.894756178196985, 6315603.600696825422347 ], [ 334549.42280356597621, 6315603.198889096267521 ], [ 334549.957625626178924, 6315602.806143811903894 ], [ 334580.210280329571106, 6315580.9658776326105 ], [ 334721.190751992340665, 6315479.15155129134655 ], [ 334722.006358769838698, 6315478.55212342645973 ], [ 334722.811823077499866, 6315477.939134494401515 ], [ 334723.606919460580684, 6315477.312756076455116 ], [ 334724.391425366338808, 6315476.673163498751819 ], [ 334725.165121206315234, 6315476.020535788498819 ], [ 334725.927790418034419, 6315475.355055619962513 ], [ 334726.679219525249209, 6315474.676909265108407 ], [ 334727.419198197952937, 6315473.986286542378366 ], [ 334728.147519311343785, 6315473.283380761742592 ], [ 334728.863979003450368, 6315472.568388669751585 ], [ 334729.568376732524484, 6315471.841510399244726 ], [ 334730.260515332920477, 6315471.102949406951666 ], [ 334730.940201070450712, 6315470.35291242133826 ], [ 334731.607243696635123, 6315469.591609383933246 ], [ 334732.261456501786597, 6315468.819253385998309 ], [ 334732.902656367514282, 6315468.036060617305338 ], [ 334733.530663817597087, 6315467.242250297218561 ], [ 334734.145303068682551, 6315466.438044619746506 ], [ 334734.74640207918128, 6315465.623668686486781 ], [ 334735.333792597462889, 6315464.799350446090102 ], [ 334735.907310209062416, 6315463.965320632793009 ], [ 334736.466794382606167, 6315463.121812694706023 ], [ 334737.012088514748029, 6315462.269062737002969 ], [ 334748.364875696133822, 6315512.443091546185315 ], [ 334626.26066722930409, 6315672.441914602182806 ] ] ] ] } },
{ "type": "Feature", "properties": { "fid": "219", "Area": 5182.191 }, "geometry": { "type": "MultiPolygon", "coordinates": [ [ [ [ 334643.316401566902641, 6315506.400916057638824 ], [ 334588.169506140635349, 6315546.225208618678153 ], [ 334543.959635826351587, 6315485.00568740721792 ], [ 334545.026471916818991, 6315484.22316478099674 ], [ 334552.253398165863473, 6315478.8900066325441 ], [ 334557.529342627385631, 6315474.812622968107462 ], [ 334569.638262414664496, 6315465.8803297765553 ], [ 334575.319381535926368, 6315461.387440585531294 ], [ 334580.800944518181495, 6315457.234506080858409 ], [ 334590.754506724071689, 6315449.69978657644242 ], [ 334598.219169425952714, 6315443.952468913979828 ], [ 334598.327048512874171, 6315444.101866478100419 ], [ 334643.316401566902641, 6315506.400916057638824 ] ] ] ] } },
{ "type": "Feature", "properties": { "fid": "220", "Area": 5392.174 }, "geometry": { "type": "MultiPolygon", "coordinates": [ [ [ [ 334692.984079909161665, 6315367.582737162709236 ], [ 334672.15613282576669, 6315384.984538829885423 ], [ 334659.551404961559456, 6315395.217479188926518 ], [ 334645.523730808112305, 6315406.579552518203855 ], [ 334628.08092608692823, 6315420.396538280881941 ], [ 334674.123306600784417, 6315484.153988785110414 ], [ 334700.500820534012746, 6315465.105684253387153 ], [ 334700.922078570758458, 6315464.795854558236897 ], [ 334701.337872204254381, 6315464.478729302994907 ], [ 334701.748075101233553, 6315464.15440484136343 ], [ 334702.152562627044972, 6315463.822979714721441 ], [ 334702.5512118836632, 6315463.484554621390998 ], [ 334702.943901746941265, 6315463.139232388697565 ], [ 334703.330512903456111, 6315462.787117937579751 ], [ 334703.710927886539139, 6315462.428318252786994 ], [ 334704.085031112364959, 6315462.062942350283265 ], [ 334704.452708914701361, 6315461.691101246513426 ], [ 334704.813849579601083, 6315461.312907918356359 ], [ 334705.168343379511498, 6315460.928477275185287 ], [ 334705.516082606220152, 6315460.537926121614873 ], [ 334705.856961603858508, 6315460.14137312117964 ], [ 334706.190876801032573, 6315459.738938760943711 ], [ 334706.51772674213862, 6315459.330745315179229 ], [ 334706.837412118213251, 6315458.916916808113456 ], [ 334707.149835797259584, 6315458.497578974813223 ], [ 334707.454902853525709, 6315458.072859226725996 ], [ 334707.75252059660852, 6315457.642886608839035 ], [ 334708.042598599393386, 6315457.207791762426496 ], [ 334708.325048725528177, 6315456.767706885002553 ], [ 334708.599785156431608, 6315456.322765690274537 ], [ 334708.866724417195655, 6315455.873103367164731 ], [ 334709.125785401964094, 6315455.418856540694833 ], [ 334709.376889398496132, 6315454.960163227282465 ], [ 334709.619960112322588, 6315454.497162793762982 ], [ 334709.854923689679708, 6315454.029995917342603 ], [ 334710.081708740093745, 6315453.558804539963603 ], [ 334710.300246357975993, 6315453.083731826394796 ], [ 334710.510470143693965, 6315452.604922122322023 ], [ 334710.712316223594826, 6315452.122520905919373 ], [ 334710.905723269446753, 6315451.636674749664962 ], [ 334711.090632517123595, 6315451.147531270049512 ], [ 334711.266987784591038, 6315450.65523908752948 ], [ 334711.434735488553997, 6315450.159947778098285 ], [ 334711.593824661278632, 6315449.661807829514146 ], [ 334711.744206965551712, 6315449.160970594733953 ], [ 334711.885836709872819, 6315448.657588246278465 ], [ 334712.018670861842111, 6315448.151813729666173 ], [ 334712.1426690617227, 6315447.643800718709826 ], [ 334712.257793634315021, 6315447.133703565225005 ], [ 334712.364009600540157, 6315446.621677255257964 ], [ 334712.461284688150045, 6315446.10787736158818 ], [ 334712.549589341448154, 6315445.592459995299578 ], [ 334712.628896730195265, 6315445.075581759214401 ], [ 334712.699182757991366, 6315444.557399698533118 ], [ 334712.76042606937699, 6315444.038071257993579 ], [ 334712.812608056410681, 6315443.517754225991666 ], [ 334712.855712864198722, 6315442.996606695465744 ], [ 334712.889727396075614, 6315442.474787008948624 ], [ 334712.914641317096539, 6315441.952453714795411 ], [ 334712.930447057529818, 6315441.429765517823398 ], [ 334712.937139815068804, 6315440.906881228089333 ], [ 334712.934717556112446, 6315440.383959718048573 ], [ 334712.923181016696617, 6315439.861159869469702 ], [ 334712.90253370202845, 6315439.338640528731048 ], [ 334712.872781885496806, 6315438.816560455597937 ], [ 334712.833934606751427, 6315438.295078277587891 ], [ 334712.786003669141792, 6315437.774352438747883 ], [ 334712.729003635700792, 6315437.254541156813502 ], [ 334712.66295182518661, 6315436.735802367329597 ], [ 334712.587868306494784, 6315436.218293682672083 ], [ 334712.503775892779231, 6315435.7021723408252 ], [ 334712.410700134350918, 6315435.187595158815384 ], [ 334712.308669311052654, 6315434.674718483351171 ], [ 334712.197714423469733, 6315434.163698145188391 ], [ 334709.464795665175188, 6315422.085470013320446 ], [ 334709.281566032848787, 6315421.289774550125003 ], [ 334709.085025137290359, 6315420.497262062504888 ], [ 334708.875228199816775, 6315419.708155217580497 ], [ 334708.652234166103881, 6315418.92267572786659 ], [ 334708.416105689830147, 6315418.141044286079705 ], [ 334708.166909115039743, 6315417.363480504602194 ], [ 334707.904714457399677, 6315416.590202851220965 ], [ 334707.629595384642016, 6315415.821428590454161 ], [ 334707.341629195725545, 6315415.057373723015189 ], [ 334707.040896799298935, 6315414.298252919688821 ], [ 334706.727482690883335, 6315413.544279469177127 ], [ 334706.401474929065444, 6315412.795665211044252 ], [ 334706.062965110817458, 6315412.052620481699705 ], [ 334705.712048345827498, 6315411.31535404920578 ], [ 334705.34882322960766, 6315410.584073062054813 ], [ 334704.973391816020012, 6315409.858982983976603 ], [ 334704.585859588405583, 6315409.140287540853024 ], [ 334703.190442369610537, 6315406.319041377864778 ], [ 334701.85732602380449, 6315403.367750619538128 ], [ 334700.711689064977691, 6315400.311207960359752 ], [ 334699.794254593609367, 6315397.229573056101799 ], [ 334699.054895310255233, 6315394.201111535541713 ], [ 334693.231836406455841, 6315368.465903139673173 ], [ 334693.196817712043412, 6315368.317025175318122 ], [ 334693.15927421534434, 6315368.168763774447143 ], [ 334693.119216758117545, 6315368.021161751821637 ], [ 334693.076656907971483, 6315367.874261730350554 ], [ 334693.03160695527913, 6315367.728106131777167 ], [ 334692.984079909394495, 6315367.582737163640559 ], [ 334692.984079909161665, 6315367.582737162709236 ] ] ] ] } },
{ "type": "Feature", "properties": { "fid": "221", "Area": 2957.004 }, "geometry": { "type": "MultiPolygon", "coordinates": [ [ [ [ 334628.080926086986437, 6315420.396538281813264 ], [ 334624.765305284061469, 6315423.016379911452532 ], [ 334612.228478704346344, 6315432.968578453175724 ], [ 334600.670043048041407, 6315442.065451399423182 ], [ 334598.219169425952714, 6315443.952468913979828 ], [ 334643.316401566669811, 6315506.400916057638824 ], [ 334674.123306600551587, 6315484.153988785110414 ], [ 334628.080926086986437, 6315420.396538281813264 ] ] ] ] } },
{ "type": "Feature", "properties": { "fid": "222", "Area": 14159.439 }, "geometry": { "type": "MultiPolygon", "coordinates": [ [ [ [ 334298.523526810458861, 6315988.426841872744262 ], [ 334401.854158256668597, 6315966.911672502756119 ], [ 334430.185993046557996, 6315929.715599544346333 ], [ 334449.854171690763906, 6315903.841762388125062 ], [ 334442.230811941437423, 6315866.335051451809704 ], [ 334442.214497504755855, 6315866.258225834928453 ], [ 334442.196844762016553, 6315866.181696644984186 ], [ 334442.177859090443235, 6315866.105487193912268 ], [ 334442.157546273199841, 6315866.029620694927871 ], [ 334442.135912497818936, 6315865.954120257869363 ], [ 334442.112964354106225, 6315865.879008881747723 ], [ 334442.088708832219709, 6315865.804309444501996 ], [ 334442.063153320748825, 6315865.730044702067971 ], [ 334442.036305604036897, 6315865.65623727440834 ], [ 334442.008173860202078, 6315865.5829096455127 ], [ 334441.978766658401582, 6315865.510084150359035 ], [ 334441.948092956328765, 6315865.437782973051071 ], [ 334441.916162097477354, 6315865.366028137505054 ], [ 334441.882983808289282, 6315865.294841499999166 ], [ 334441.84856819518609, 6315865.224244745448232 ], [ 334441.812925741542131, 6315865.154259377159178 ], [ 334441.776067304250319, 6315865.084906714968383 ], [ 334441.738004110753536, 6315865.016207883134484 ], [ 334441.698747755552176, 6315864.94818380754441 ], [ 334441.658310196420643, 6315864.880855210125446 ], [ 334441.616703750973102, 6315864.814242599532008 ], [ 334441.573941092996392, 6315864.748366266489029 ], [ 334441.53003524831729, 6315864.683246277272701 ], [ 334441.48499959113542, 6315864.618902468122542 ], [ 334441.438847839657683, 6315864.555354438722134 ], [ 334441.391594052198343, 6315864.492621545679867 ], [ 334441.343252622638829, 6315864.430722899734974 ], [ 334441.293838276236784, 6315864.369677354581654 ], [ 334441.243366065027658, 6315864.309503505937755 ], [ 334441.191851363400929, 6315864.250219682231545 ], [ 334441.13930986309424, 6315864.191843942739069 ], [ 334441.08575756882783, 6315864.134394069202244 ], [ 334441.031210793065839, 6315864.077887561172247 ], [ 334440.975686151301488, 6315864.022341630421579 ], [ 334440.919200556818396, 6315863.967773198150098 ], [ 334440.861771215684712, 6315863.914198885671794 ], [ 334440.803415621339809, 6315863.86163501162082 ], [ 334440.744151549472008, 6315863.810097588226199 ], [ 334440.683997052488849, 6315863.759602314792573 ], [ 334440.622970453929156, 6315863.71016457118094 ], [ 334440.561090343166143, 6315863.661799416877329 ], [ 334440.498375569353811, 6315863.614521585404873 ], [ 334440.434845236013643, 6315863.568345477804542 ], [ 334440.370518695097417, 6315863.523285158909857 ], [ 334440.305415540991817, 6315863.479354354552925 ], [ 334440.239555604814086, 6315863.436566446907818 ], [ 334440.172958948067389, 6315863.39493446983397 ], [ 334440.105645856703632, 6315863.354471104219556 ], [ 334440.037636834895238, 6315863.315188676118851 ], [ 334439.968952598806936, 6315863.277099151164293 ], [ 334439.899614070309326, 6315863.240214131772518 ], [ 334439.829642370576039, 6315863.204544852487743 ], [ 334439.759058813564479, 6315863.170102179981768 ], [ 334439.687884899787605, 6315863.136896605603397 ], [ 334439.616142309329007, 6315863.10493824351579 ], [ 334439.543852895731106, 6315863.074236827902496 ], [ 334439.471038679068442, 6315863.044801712036133 ], [ 334439.397721839079168, 6315863.016641860827804 ], [ 334439.323924708820414, 6315862.989765853621066 ], [ 334439.249669767625164, 6315862.964181875810027 ], [ 334439.174979634117335, 6315862.939897721633315 ], [ 334439.099877059692517, 6315862.916920786723495 ], [ 334439.024384921300225, 6315862.895258070901036 ], [ 334438.94852621445898, 6315862.874916173517704 ], [ 334438.87232404644601, 6315862.855901289731264 ], [ 334438.795801629195921, 6315862.838219212368131 ], [ 334438.71898227208294, 6315862.82187532633543 ], [ 334438.641889374994207, 6315862.806874612346292 ], [ 334438.564546421228442, 6315862.793221637606621 ], [ 334438.486976969987154, 6315862.780920562334359 ], [ 334438.409204649797175, 6315862.769975133240223 ], [ 334438.331253150769044, 6315862.760388684459031 ], [ 334438.253146217612084, 6315862.752164135687053 ], [ 334438.174907642474864, 6315862.745303992182016 ], [ 334438.096561257494614, 6315862.739810343831778 ], [ 334438.0181309277541, 6315862.735684863291681 ], [ 334437.939640543772839, 6315862.732928808778524 ], [ 334437.861114014522173, 6315862.731543019413948 ], [ 334437.782575259858277, 6315862.731527916155756 ], [ 334437.704048203479033, 6315862.732883504591882 ], [ 334437.625556765298825, 6315862.735609372146428 ], [ 334437.547124854696449, 6315862.739704687148333 ], [ 334437.468776362657081, 6315862.745168203487992 ], [ 334437.390535154903773, 6315862.751998255960643 ], [ 334437.312425064388663, 6315862.760192763991654 ], [ 334437.234469884133432, 6315862.769749232567847 ], [ 334437.156693360127974, 6315862.780664749443531 ], [ 334437.079119183646981, 6315862.792935990728438 ], [ 334437.001770984672476, 6315862.806559218093753 ], [ 334436.924672324035782, 6315862.821530281566083 ], [ 334279.504509713617153, 6315894.817474122159183 ], [ 334298.523526810458861, 6315988.426841872744262 ] ] ] ] } },
{ "type": "Feature", "properties": { "fid": "223", "Area": 14017.15 }, "geometry": { "type": "MultiPolygon", "coordinates": [ [ [ [ 334298.5235268107499, 6315988.426841872744262 ], [ 334135.082303208007943, 6316022.458044031634927 ], [ 334130.999816177994944, 6316002.372192637063563 ], [ 334130.870505265542306, 6316001.70637125428766 ], [ 334130.752792993618641, 6316001.0384017592296 ], [ 334130.646714965172578, 6316000.368486184626818 ], [ 334130.552303264499642, 6315999.696827151812613 ], [ 334130.46958644723054, 6315999.023627810180187 ], [ 334130.398589531716425, 6315998.349091774784029 ], [ 334130.339333991636522, 6315997.6734230639413 ], [ 334130.29183774930425, 6315996.996826040558517 ], [ 334130.256115170370322, 6315996.319505346007645 ], [ 334130.232177059398964, 6315995.6416658423841 ], [ 334130.220030656724703, 6315994.96351254824549 ], [ 334130.219679636065848, 6315994.285250577144325 ], [ 334130.23112410370959, 6315993.607085073366761 ], [ 334130.254360598046333, 6315992.929221156053245 ], [ 334130.289382091083098, 6315992.25186384934932 ], [ 334130.336177990247961, 6315991.575218027457595 ], [ 334130.394734141766094, 6315990.899488345719874 ], [ 334130.465032834734302, 6315990.224879184737802 ], [ 334130.547052806767169, 6315989.551594587042928 ], [ 334130.640769250225276, 6315988.87983819283545 ], [ 334130.746153819782194, 6315988.209813179448247 ], [ 334130.863174640981015, 6315987.541722203604877 ], [ 334130.991796319780406, 6315986.875767333433032 ], [ 334131.131979953614064, 6315986.212149992585182 ], [ 334131.283683142624795, 6315985.551070899702609 ], [ 334131.446860002935864, 6315984.892730001360178 ], [ 334131.621461180329788, 6315984.237326419912279 ], [ 334131.807433865149505, 6315983.58505838830024 ], [ 334132.004721808363684, 6315982.936123188585043 ], [ 334132.21326533856336, 6315982.29071709793061 ], [ 334132.433001380064525, 6315981.649035325273871 ], [ 334132.663863471709192, 6315981.011271952651441 ], [ 334132.905781787296291, 6315980.377619875594974 ], [ 334133.158683156652842, 6315979.748270749114454 ], [ 334133.422491087520029, 6315979.123414925299585 ], [ 334133.697125789010897, 6315978.503241396509111 ], [ 334133.982504195475485, 6315977.88793773856014 ], [ 334134.278539991762955, 6315977.277690057642758 ], [ 334134.585143639356829, 6315976.672682926058769 ], [ 334134.90222240332514, 6315976.073099334724247 ], [ 334135.229680380551144, 6315975.479120632633567 ], [ 334135.567418528487906, 6315974.890926473774016 ], [ 334135.915334695426282, 6315974.308694762177765 ], [ 334136.273323651170358, 6315973.732601597905159 ], [ 334136.641277118818834, 6315973.162821227684617 ], [ 334137.019083807826973, 6315972.599525984376669 ], [ 334137.406629447184969, 6315972.042886241339147 ], [ 334137.803796820575371, 6315971.493070360273123 ], [ 334138.210465800948441, 6315970.950244637206197 ], [ 334172.132363429525867, 6315926.482113275676966 ], [ 334172.54159588413313, 6315925.955063274130225 ], [ 334172.959785702230874, 6315925.435091946274042 ], [ 334173.386810464260634, 6315924.922351506538689 ], [ 334173.822545164264739, 6315924.416992053389549 ], [ 334174.266862246615347, 6315923.91916152369231 ], [ 334174.719631643267348, 6315923.429005650803447 ], [ 334175.180720811942592, 6315922.946667922660708 ], [ 334175.649994774663355, 6315922.47228953614831 ], [ 334176.127316157741006, 6315922.006009358912706 ], [ 334176.61254523153184, 6315921.547963890247047 ], [ 334177.105539951473475, 6315921.098287215456367 ], [ 334177.606155999877956, 6315920.657110971398652 ], [ 334178.114246827957686, 6315920.224564307369292 ], [ 334178.629663698666263, 6315919.800773845985532 ], [ 334179.152255730470642, 6315919.385863645933568 ], [ 334179.681869941356126, 6315918.979955166578293 ], [ 334180.21835129376268, 6315918.583167233504355 ], [ 334180.761542739637662, 6315918.195615999400616 ], [ 334181.311285266885534, 6315917.817414915189147 ], [ 334181.867417945468333, 6315917.448674695566297 ], [ 334182.42977797484491, 6315917.08950328361243 ], [ 334182.998200731468387, 6315916.740005821920931 ], [ 334183.572519816982094, 6315916.400284621864557 ], [ 334184.152567106881179, 6315916.07043913193047 ], [ 334184.738172800047323, 6315915.750565909780562 ], [ 334185.329165467934217, 6315915.440758595243096 ], [ 334185.925372105208226, 6315915.141107879579067 ], [ 334186.526618180098012, 6315914.85170148126781 ], [ 334187.132727685733698, 6315914.572624120861292 ], [ 334187.743523191369604, 6315914.303957493975759 ], [ 334188.358825894712936, 6315914.045780250802636 ], [ 334188.978455673786812, 6315913.798167967237532 ], [ 334189.60223114019027, 6315913.561193129979074 ], [ 334190.229969691717997, 6315913.334925110451877 ], [ 334190.861487566085998, 6315913.119430145248771 ], [ 334191.496599894715473, 6315912.914771316573024 ], [ 334192.135120756749529, 6315912.721008537337184 ], [ 334192.776863233535551, 6315912.538198528811336 ], [ 334193.421639463340398, 6315912.366394804790616 ], [ 334194.069260696298443, 6315912.205647660419345 ], [ 334194.719537349767052, 6315912.056004151701927 ], [ 334195.372279063798487, 6315911.917508084326982 ], [ 334279.504509713966399, 6315894.817474122159183 ], [ 334298.5235268107499, 6315988.426841872744262 ] ] ] ] } },
{ "type": "Feature", "properties": { "fid": "224", "Area": 2878.485 }, "geometry": { "type": "MultiPolygon", "coordinates": [ [ [ [ 334543.959635826700833, 6315485.00568740721792 ], [ 334541.104263867309783, 6315487.100098334252834 ], [ 334537.104113617853727, 6315489.711876286193728 ], [ 334528.638603348925244, 6315495.774578222073615 ], [ 334522.340932205377612, 6315500.227104405872524 ], [ 334512.950762500113342, 6315506.972935789264739 ], [ 334557.362601106462535, 6315568.472135891206563 ], [ 334588.169506140344311, 6315546.225208618678153 ], [ 334543.959635826700833, 6315485.00568740721792 ] ] ] ] } },
{ "type": "Feature", "properties": { "fid": "225", "Area": 14934.355 }, "geometry": { "type": "MultiPolygon", "coordinates": [ [ [ [ 334534.271640501508955, 6315585.204135654494166 ], [ 334533.44393801514525, 6315585.863253300078213 ], [ 334532.627512096485589, 6315586.536288363859057 ], [ 334531.822596732585225, 6315587.223047953099012 ], [ 334531.029422611405607, 6315587.923335243947804 ], [ 334530.24821705580689, 6315588.63694953545928 ], [ 334529.479203958588187, 6315589.363686305470765 ], [ 334528.722603718168102, 6315590.103337273001671 ], [ 334527.97863317548763, 6315590.855690453201532 ], [ 334527.247505551669747, 6315591.620530224405229 ], [ 334526.529430387308821, 6315592.397637382149696 ], [ 334525.824613481934648, 6315593.186789209954441 ], [ 334525.133256835513748, 6315593.987759536132216 ], [ 334524.455558590067085, 6315594.800318804569542 ], [ 334523.791712973383255, 6315595.624234137125313 ], [ 334523.141910242906306, 6315596.45926939882338 ], [ 334522.506336631486192, 6315597.30518526956439 ], [ 334521.885174293885939, 6315598.161739312112331 ], [ 334521.278601254627574, 6315599.028686037287116 ], [ 334520.686791357002221, 6315599.90577698033303 ], [ 334520.10991421318613, 6315600.792760767042637 ], [ 334519.54813515546266, 6315601.689383189193904 ], [ 334519.001615189306904, 6315602.5953872743994 ], [ 334518.470510946761351, 6315603.510513364337385 ], [ 334517.954974641790614, 6315604.434499184601009 ], [ 334517.455154026625678, 6315605.367079920135438 ], [ 334516.971192349330522, 6315606.30798829626292 ], [ 334469.963819269381929, 6315699.632546207867563 ], [ 334414.956871500180569, 6315671.925668440759182 ], [ 334370.227230173884891, 6315609.98541873972863 ], [ 334489.814068234933075, 6315523.664887674152851 ], [ 334534.271640500926878, 6315585.204135653562844 ], [ 334534.271640501508955, 6315585.204135654494166 ] ] ] ] } },
{ "type": "Feature", "properties": { "fid": "226", "Area": 16329.669 }, "geometry": { "type": "MultiPolygon", "coordinates": [ [ [ [ 334502.264874712622259, 6315835.039748848415911 ], [ 334467.160220019577537, 6315757.437792927958071 ], [ 334537.959096139878966, 6315616.879548943601549 ], [ 334538.26540348411072, 6315616.283441671170294 ], [ 334538.581931985216215, 6315615.692698260769248 ], [ 334538.908587746904232, 6315615.107493951916695 ], [ 334539.245273868727963, 6315614.528002343140543 ], [ 334539.591890474664979, 6315613.954395336098969 ], [ 334539.94833474297775, 6315613.386843089014292 ], [ 334540.314500936539844, 6315612.82551396265626 ], [ 334540.690280434326269, 6315612.270574471913278 ], [ 334541.075561763602309, 6315611.722189236432314 ], [ 334541.470230632869061, 6315611.180520931258798 ], [ 334541.874169965914916, 6315610.64573023840785 ], [ 334542.287259936623741, 6315610.1179758021608 ], [ 334542.709378004190512, 6315609.597414175979793 ], [ 334543.140398949850351, 6315609.084199782460928 ], [ 334626.26066670921864, 6315672.441915272735059 ], [ 334502.264874712622259, 6315835.039748848415911 ] ] ] ] } },
{ "type": "Feature", "properties": { "fid": "227", "Area": 23050.281 }, "geometry": { "type": "MultiPolygon", "coordinates": [ [ [ [ 334755.603914262494072, 6315502.854982927441597 ], [ 334753.525250822072849, 6315481.010314476676285 ], [ 334753.502943215717096, 6315480.775883913040161 ], [ 334749.599270700942725, 6315438.053074116818607 ], [ 334745.878793312993366, 6315421.610296781174839 ], [ 334742.009234672237653, 6315404.508649731986225 ], [ 334741.194074999773875, 6315400.710426499135792 ], [ 334740.535002707620151, 6315397.060042157769203 ], [ 334740.047328661836218, 6315393.412174095399678 ], [ 334739.710741124174092, 6315389.644268903881311 ], [ 334739.45166329870699, 6315385.691560767591 ], [ 334739.180987373867538, 6315381.561902293935418 ], [ 334738.799384671321604, 6315377.290078059770167 ], [ 334738.222718838427681, 6315372.976539343595505 ], [ 334737.459012276143767, 6315368.746620246209204 ], [ 334736.744446419295855, 6315365.381340731866658 ], [ 334733.585948100953829, 6315351.422249156050384 ], [ 334730.110148507112172, 6315336.060833716765046 ], [ 334732.465603532793466, 6315334.030035020783544 ], [ 334739.508543620118871, 6315327.69164218660444 ], [ 334783.782225284259766, 6315287.273102150298655 ], [ 334787.325960544287227, 6315285.376544252969325 ], [ 334788.553700959892012, 6315284.812651494517922 ], [ 334789.371458851557691, 6315284.518058842048049 ], [ 334790.549109852872789, 6315284.171968844719231 ], [ 334791.220249303150922, 6315283.455201155506074 ], [ 334791.400276199157815, 6315283.30994672793895 ], [ 334793.321514293784276, 6315283.10747945215553 ], [ 334794.856574393925257, 6315283.106314494274557 ], [ 334795.926871786185075, 6315283.202001278288662 ], [ 334797.351222561730538, 6315283.462450467050076 ], [ 334798.45839289331343, 6315283.76181501429528 ], [ 334799.208770156488754, 6315283.944844615645707 ], [ 334799.959147587476764, 6315284.127874257974327 ], [ 334801.16994950431399, 6315284.34334163647145 ], [ 334802.380751551128924, 6315284.558809034526348 ], [ 334804.844960123416968, 6315284.757646943442523 ], [ 334807.319737328740302, 6315284.709745339117944 ], [ 334809.807768241560552, 6315284.411149968393147 ], [ 334812.204574184666853, 6315283.87328477203846 ], [ 334814.545466003241017, 6315283.097133081406355 ], [ 334816.812919113901444, 6315282.083596697077155 ], [ 334818.955936509126332, 6315280.855280295014381 ], [ 334820.970766960817855, 6315279.414457763545215 ], [ 334822.833327380241826, 6315277.702489445917308 ], [ 334824.203255631146021, 6315276.009926629252732 ], [ 334825.564077192218974, 6315274.525373621843755 ], [ 334826.730050872487482, 6315273.519550297409296 ], [ 334828.024820083926897, 6315272.596935766749084 ], [ 334829.549148808699101, 6315271.71766453422606 ], [ 334830.293410535610747, 6315271.374183479696512 ], [ 334831.248786749434657, 6315271.0220802212134 ], [ 334832.074081198137719, 6315270.779180395416915 ], [ 334833.090951257268898, 6315270.557157049886882 ], [ 334835.232490714464802, 6315270.416081860661507 ], [ 334836.599819802388083, 6315270.338862382806838 ], [ 334838.304740007675719, 6315270.338862382806838 ], [ 334840.79393267526757, 6315270.397376638837159 ], [ 334843.094656803819817, 6315270.402572627179325 ], [ 334844.514577361813281, 6315270.275325195863843 ], [ 334845.541434841405135, 6315270.165100255981088 ], [ 334846.575451698619872, 6315270.029510878026485 ], [ 334850.33996099740034, 6315269.436932684853673 ], [ 334854.659005833324045, 6315268.300350118428469 ], [ 334856.86143963719951, 6315267.743911411613226 ], [ 334859.026206834067125, 6315267.126416325569153 ], [ 334862.198817367549054, 6315266.101290161721408 ], [ 334864.271489097736776, 6315265.372058566659689 ], [ 334867.349314889579546, 6315264.289181920699775 ], [ 334871.255949696467724, 6315262.617872234433889 ], [ 334876.023528614488896, 6315260.621038481593132 ], [ 334878.808468636940233, 6315259.438011041842401 ], [ 334882.479162566596642, 6315257.878720139153302 ], [ 334886.09781589807244, 6315256.301042849197984 ], [ 334889.719131837307941, 6315254.816580779850483 ], [ 334892.854513709025923, 6315253.552640912123024 ], [ 334896.880537740711588, 6315251.990342121571302 ], [ 334901.748345287400298, 6315250.224139814265072 ], [ 334903.954197454440873, 6315249.449870351701975 ], [ 334907.500655156269204, 6315248.418776124715805 ], [ 334911.072479726281017, 6315247.643638358451426 ], [ 334914.596793502802029, 6315246.963415467180312 ], [ 334918.012800254335161, 6315246.168426341377199 ], [ 334921.438047119299881, 6315245.6429946385324 ], [ 334924.880290925735608, 6315245.358110070228577 ], [ 334928.284693316963967, 6315245.075949818827212 ], [ 334931.709793327027, 6315244.97241089027375 ], [ 334935.119283605890814, 6315245.110743462108076 ], [ 334938.503564748505596, 6315245.402231739833951 ], [ 334941.862190936342813, 6315245.626150195486844 ], [ 334945.18710284656845, 6315246.172500425949693 ], [ 334948.466945596795995, 6315246.887018949724734 ], [ 334951.475826948939357, 6315247.712045472115278 ], [ 334886.641463597363327, 6315333.136061644181609 ], [ 334846.205620245076716, 6315386.030422265641391 ], [ 334819.657780086388811, 6315419.775426491163671 ], [ 334777.548360598215368, 6315473.300780344754457 ], [ 334755.603914262494072, 6315502.854982927441597 ] ] ] ] } },
{ "type": "Feature", "properties": { "fid": "228", "Area": 14063.692 }, "geometry": { "type": "MultiPolygon", "coordinates": [ [ [ [ 334427.469986555923242, 6315796.222492289729416 ], [ 334409.02612154558301, 6315832.839419284835458 ], [ 334408.787556110706646, 6315833.302977475337684 ], [ 334408.54097122582607, 6315833.762320003472269 ], [ 334408.286441359377932, 6315834.217308145947754 ], [ 334408.024043379409704, 6315834.667804498225451 ], [ 334407.753856530005578, 6315835.113673008978367 ], [ 334407.475962407421321, 6315835.554779027588665 ], [ 334407.190444935578853, 6315835.990989340469241 ], [ 334406.897390340745915, 6315836.422172210179269 ], [ 334406.596887125167996, 6315836.848197421059012 ], [ 334406.28902604081668, 6315837.268936313688755 ], [ 334405.973900061508175, 6315837.684261824935675 ], [ 334405.651604355312884, 6315838.094048526138067 ], [ 334405.322236255276948, 6315838.498172663152218 ], [ 334404.98589523055125, 6315838.896512188948691 ], [ 334404.642682855948806, 6315839.288946806453168 ], [ 334404.292702781502157, 6315839.675358000211418 ], [ 334403.93606070097303, 6315840.055629073642194 ], [ 334403.572864320245571, 6315840.429645186290145 ], [ 334403.20322332449723, 6315840.79729338362813 ], [ 334402.827249345078599, 6315841.158462637104094 ], [ 334402.445055926044006, 6315841.513043873943388 ], [ 334402.056758489634376, 6315841.860930010676384 ], [ 334401.662474301585462, 6315842.202015984803438 ], [ 334401.262322435504757, 6315842.536198790185153 ], [ 334400.856423737190198, 6315842.863377502188087 ], [ 334400.444900787842926, 6315843.183453314006329 ], [ 334400.027877867221832, 6315843.496329561807215 ], [ 334399.605480916099623, 6315843.801911758258939 ], [ 334399.177837498253211, 6315844.100107617676258 ], [ 334398.745076761755627, 6315844.390827083028853 ], [ 334398.307329400267918, 6315844.673982359468937 ], [ 334397.864727613225114, 6315844.949487933889031 ], [ 334397.417405066313222, 6315845.21726060193032 ], [ 334396.965496850723866, 6315845.477219498716295 ], [ 334396.509139442583546, 6315845.729286114685237 ], [ 334396.048470661626197, 6315845.973384327255189 ], [ 334395.583629629691131, 6315846.209440417587757 ], [ 334395.11475672852248, 6315846.437383098527789 ], [ 334394.641993557685055, 6315846.65714353043586 ], [ 334394.16548289131606, 6315846.868655345402658 ], [ 334393.685368635633495, 6315847.071854666806757 ], [ 334393.201795784872957, 6315847.266680129803717 ], [ 334392.714910377806518, 6315847.453072897158563 ], [ 334392.224859453737736, 6315847.630976676940918 ], [ 334391.731791007798165, 6315847.800337742082775 ], [ 334391.235853946534917, 6315847.961104948073626 ], [ 334390.737198042683303, 6315848.113229740411043 ], [ 334390.235973890172318, 6315848.256666179746389 ], [ 334389.732332858548034, 6315848.391370946541429 ], [ 334389.226427047164179, 6315848.517303361557424 ], [ 334388.718409239372704, 6315848.634425391443074 ], [ 334388.208432856481522, 6315848.742701667360961 ], [ 334304.653236476937309, 6315865.725452329032123 ], [ 334247.223604502971284, 6315821.9196972316131 ], [ 334247.804816222866066, 6315821.395473510958254 ], [ 334248.394162666227203, 6315820.880412016995251 ], [ 334248.991499415365979, 6315820.374638964422047 ], [ 334249.596680094720796, 6315819.878278291784227 ], [ 334250.209556406596676, 6315819.391451628878713 ], [ 334250.829978167370427, 6315818.9142782734707 ], [ 334360.559139201650396, 6315735.879093987867236 ], [ 334360.677231291832868, 6315735.791327632032335 ], [ 334360.796824867196847, 6315735.705618520267308 ], [ 334360.917884093127213, 6315735.621992334723473 ], [ 334361.040372696123086, 6315735.540474133566022 ], [ 334361.164253974158783, 6315735.461088341660798 ], [ 334361.289490807976108, 6315735.383858744986355 ], [ 334361.416045672202017, 6315735.308808485977352 ], [ 334361.543880646524485, 6315735.235960051417351 ], [ 334361.672957426926587, 6315735.165335269644856 ], [ 334361.803237337560859, 6315735.096955302171409 ], [ 334361.934681341750547, 6315735.03084063809365 ], [ 334362.067250054387841, 6315734.967011088505387 ], [ 334362.200903752993327, 6315734.905485777184367 ], [ 334362.335602390288841, 6315734.846283140592277 ], [ 334362.471305605664384, 6315734.789420917630196 ], [ 334362.607972737692762, 6315734.734916146844625 ], [ 334362.745562836003955, 6315734.682785158976912 ], [ 334362.884034673683345, 6315734.633043575100601 ], [ 334363.023346759728156, 6315734.585706298239529 ], [ 334363.163457351154648, 6315734.540787513367832 ], [ 334363.304324465920217, 6315734.498300679959357 ], [ 334363.445905895205215, 6315734.458258528262377 ], [ 334363.58815921616042, 6315734.420673055574298 ], [ 334363.731041804654524, 6315734.385555525310338 ], [ 334363.874510847963393, 6315734.352916458621621 ], [ 334364.018523357633967, 6315734.322765636257827 ], [ 334364.163036182464566, 6315734.29511209204793 ], [ 334364.30800602119416, 6315734.269964111968875 ], [ 334364.453389435715508, 6315734.247329231351614 ], [ 334364.599142863997258, 6315734.227214232087135 ], [ 334364.745222633122467, 6315734.209625141695142 ], [ 334364.891584972443525, 6315734.194567230530083 ], [ 334365.038186026446056, 6315734.182045009918511 ], [ 334365.184981868427712, 6315734.172062233090401 ], [ 334365.331928512954619, 6315734.16462189052254 ], [ 334365.478981929714791, 6315734.159726210869849 ], [ 334365.626098056149203, 6315734.157376662828028 ], [ 334365.773232811188791, 6315734.157573948614299 ], [ 334365.920342107885517, 6315734.160318010486662 ], [ 334366.067381867091171, 6315734.165608025155962 ], [ 334366.214308030495886, 6315734.173442408442497 ], [ 334366.361076573724858, 6315734.183818812482059 ], [ 334366.507643519784324, 6315734.19673412758857 ], [ 334366.653964951925445, 6315734.212184485048056 ], [ 334366.799997027148493, 6315734.230165254324675 ], [ 334366.945695988892112, 6315734.250671047717333 ], [ 334367.091018180653919, 6315734.273695722222328 ], [ 334367.235920058737975, 6315734.299232377670705 ], [ 334367.380358205409721, 6315734.327273363247514 ], [ 334367.524289341759868, 6315734.357810275629163 ], [ 334367.667670340917539, 6315734.390833965502679 ], [ 334367.810458240914159, 6315734.426334538497031 ], [ 334367.952610257372726, 6315734.46430135704577 ], [ 334368.094083796488121, 6315734.504723044112325 ], [ 334368.234836467716377, 6315734.547587487846613 ], [ 334368.374826096580364, 6315734.592881846241653 ], [ 334368.514010737184435, 6315734.64059254527092 ], [ 334368.6523486849037, 6315734.690705290995538 ], [ 334368.789798488724045, 6315734.743205066770315 ], [ 334368.926318963814992, 6315734.798076142556965 ], [ 334369.061869203753304, 6315734.855302076786757 ], [ 334369.196408592921216, 6315734.914865721948445 ], [ 334369.329896818439011, 6315734.97674923017621 ], [ 334369.462293882563245, 6315735.040934060700238 ], [ 334369.593560114386491, 6315735.107400980778039 ], [ 334369.723656181828119, 6315735.176130074076355 ], [ 334369.852543103566859, 6315735.247100747190416 ], [ 334369.98018226044951, 6315735.320291735231876 ], [ 334370.106535407248884, 6315735.395681106485426 ], [ 334370.231564684072509, 6315735.473246272653341 ], [ 334370.355232627654914, 6315735.552963991649449 ], [ 334370.477502182708122, 6315735.634810378775001 ], [ 334370.598336712922901, 6315735.718760907649994 ], [ 334370.717700012028217, 6315735.804790425114334 ], [ 334370.83555631438503, 6315735.892873153090477 ], [ 334370.951870306220371, 6315735.982982699759305 ], [ 334371.066607135580853, 6315736.075092064216733 ], [ 334371.179732423333917, 6315736.169173647649586 ], [ 334371.291212273063138, 6315736.265199259854853 ], [ 334371.401013281429186, 6315736.363140127621591 ], [ 334372.630251538124867, 6315737.459865054115653 ], [ 334373.878032379958313, 6315738.535446397960186 ], [ 334375.14399217243772, 6315739.589570706710219 ], [ 334376.42776198318461, 6315740.621930784545839 ], [ 334377.728967689618003, 6315741.63222577329725 ], [ 334379.047230087860953, 6315742.62016125023365 ], [ 334380.382165003218688, 6315743.585449304431677 ], [ 334381.733383402461186, 6315744.5278086271137 ], [ 334383.100491506571416, 6315745.446964591741562 ], [ 334384.483090906229336, 6315746.342649333178997 ], [ 334385.880778677354101, 6315747.21460182685405 ], [ 334387.293147498741746, 6315748.062567963264883 ], [ 334388.71978577086702, 6315748.886300623416901 ], [ 334390.160277735674754, 6315749.685559752397239 ], [ 334391.61420359776821, 6315750.460112425498664 ], [ 334393.081139646819793, 6315751.209732919000089 ], [ 334410.942918828222901, 6315760.145850636996329 ], [ 334411.307635287870653, 6315760.332307329401374 ], [ 334411.669046449940652, 6315760.525092614814639 ], [ 334412.027042510802858, 6315760.724147920496762 ], [ 334412.38151470432058, 6315760.929412769153714 ], [ 334412.732355335028842, 6315761.140824798494577 ], [ 334413.079457810788881, 6315761.358319776132703 ], [ 334413.422716675151605, 6315761.581831624731421 ], [ 334413.762027639430016, 6315761.81129243504256 ], [ 334414.097287614480592, 6315762.046632493846118 ], [ 334414.428394741902594, 6315762.287780299782753 ], [ 334414.755248424829915, 6315762.534662588499486 ], [ 334415.077749358897563, 6315762.787204350344837 ], [ 334415.395799562102184, 6315763.045328860171139 ], [ 334415.709302404662594, 6315763.308957694098353 ], [ 334416.018162638356443, 6315763.578010755591094 ], [ 334416.322286425507627, 6315763.852406303398311 ], [ 334416.621581367391627, 6315764.132060968317091 ], [ 334416.915956532524433, 6315764.416889787651598 ], [ 334417.205322484020144, 6315764.706806224770844 ], [ 334417.489591306948569, 6315765.001722196117043 ], [ 334417.76867663487792, 6315765.301548102870584 ], [ 334418.042493676417507, 6315765.606192849576473 ], [ 334418.310959240596276, 6315765.915563881397247 ], [ 334418.573991762415972, 6315766.22956720367074 ], [ 334418.831511327531189, 6315766.548107417300344 ], [ 334419.083439696580172, 6315766.871087743900716 ], [ 334419.329700328758918, 6315767.198410054668784 ], [ 334419.570218405453488, 6315767.52997490298003 ], [ 334419.804920852591749, 6315767.865681554190814 ], [ 334420.033736363053322, 6315768.205428013578057 ], [ 334420.256595418264624, 6315768.549111058935523 ], [ 334420.473430309386458, 6315768.896626273170114 ], [ 334420.684175157744903, 6315769.24786807410419 ], [ 334420.888765934971161, 6315769.602729748934507 ], [ 334421.087140482559334, 6315769.961103483103216 ], [ 334421.27923853037646, 6315770.322880394756794 ], [ 334421.465001715405378, 6315770.687950571067631 ], [ 334421.644373599207029, 6315771.056203095242381 ], [ 334421.817299685091712, 6315771.427526084706187 ], [ 334421.983727434882894, 6315771.801806726492941 ], [ 334422.143606284516864, 6315772.178931304253638 ], [ 334422.296887659758795, 6315772.558785242959857 ], [ 334422.443524990754668, 6315772.941253133118153 ], [ 334422.583473726292141, 6315773.326218775473535 ], [ 334422.716691347188316, 6315773.713565208949149 ], [ 334422.843137379502878, 6315774.103174750693142 ], [ 334422.962773406296037, 6315774.494929029606283 ], [ 334423.07556307996856, 6315774.888709023594856 ], [ 334423.181472132855561, 6315775.284395094960928 ], [ 334423.280468387645669, 6315775.681867025792599 ], [ 334423.372521767450962, 6315776.081004057079554 ], [ 334423.457604304654524, 6315776.481684922240674 ], [ 334427.469986555923242, 6315796.222492289729416 ] ] ] ] } },
{ "type": "Feature", "properties": { "fid": "229", "Area": 14987.976 }, "geometry": { "type": "MultiPolygon", "coordinates": [ [ [ [ 334300.057773311040364, 6316046.302216448821127 ], [ 334326.295048430911265, 6316066.224509494379163 ], [ 334235.862740553624462, 6316185.107370050624013 ], [ 334210.260492877161596, 6316165.631709571927786 ], [ 334159.025590183446184, 6316160.629097104072571 ], [ 334159.185456076695118, 6316159.625248202122748 ], [ 334159.328572302591056, 6316158.618874778971076 ], [ 334159.454899119678885, 6316157.610256289131939 ], [ 334159.564401448820718, 6316156.599672813899815 ], [ 334159.657048882683739, 6316155.587404976598918 ], [ 334159.732815694413148, 6316154.573733869940042 ], [ 334159.791680844617076, 6316153.558940976858139 ], [ 334159.833627987245563, 6316152.5433080913499 ], [ 334159.858645474130753, 6316151.527117239311337 ], [ 334159.866726358304732, 6316150.51065060403198 ], [ 334159.85786839586217, 6316149.494190443307161 ], [ 334159.832074046484195, 6316148.478019014000893 ], [ 334159.789350472856313, 6316147.462418493814766 ], [ 334159.729709538805764, 6316146.44767089933157 ], [ 334159.653167805750854, 6316145.434058011509478 ], [ 334159.559746528277174, 6316144.421861298382282 ], [ 334159.449471648142207, 6316143.411361832171679 ], [ 334159.322373787174001, 6316142.402840212918818 ], [ 334159.17848823859822, 6316141.396576494909823 ], [ 334159.017854957550298, 6316140.392850102856755 ], [ 334158.840518549492117, 6316139.39193975739181 ], [ 334158.646528258395847, 6316138.394123396836221 ], [ 334145.780047376581933, 6316075.036179577931762 ], [ 334294.029419494792819, 6316044.925481780432165 ], [ 334294.157108955201693, 6316044.900697926990688 ], [ 334294.285209022462368, 6316044.878132234327495 ], [ 334294.413681166653987, 6316044.85779148992151 ], [ 334294.542486746038776, 6316044.839681811630726 ], [ 334294.671587018587161, 6316044.823808647692204 ], [ 334294.800943153561093, 6316044.810176771134138 ], [ 334294.930516243330203, 6316044.798790283501148 ], [ 334295.060267315013334, 6316044.789652607403696 ], [ 334295.190157342120074, 6316044.782766493968666 ], [ 334295.320147256425116, 6316044.778134011663496 ], [ 334295.450197959668003, 6316044.775756555609405 ], [ 334295.58027033531107, 6316044.775634841062129 ], [ 334295.71032526018098, 6316044.777768903411925 ], [ 334295.840323616517708, 6316044.782158101908863 ], [ 334295.970226303499658, 6316044.788801115937531 ], [ 334296.099994249001611, 6316044.797695946879685 ], [ 334296.229588421643712, 6316044.80883991997689 ], [ 334296.358969842083752, 6316044.8222296833992 ], [ 334296.48809959506616, 6316044.837861209176481 ], [ 334296.616938841005322, 6316044.855729795992374 ], [ 334296.745448827801738, 6316044.875830070115626 ], [ 334296.873590902308933, 6316044.898155984468758 ], [ 334297.001326521916781, 6316044.922700825147331 ], [ 334297.128617266484071, 6316044.949457208625972 ], [ 334297.255424849630799, 6316044.978417087346315 ], [ 334297.381711130088661, 6316045.00957175064832 ], [ 334297.507438123750035, 6316045.042911828495562 ], [ 334297.632568014378194, 6316045.078427292406559 ], [ 334297.757063165598083, 6316045.11610746011138 ], [ 334297.880886131781153, 6316045.155940998345613 ], [ 334298.003999669512268, 6316045.197915925644338 ], [ 334298.126366748881992, 6316045.242019616998732 ], [ 334298.247950564255007, 6316045.288238807581365 ], [ 334298.368714545911644, 6316045.336559594608843 ], [ 334298.488622370408848, 6316045.386967443861067 ], [ 334298.607637971930671, 6316045.439447195269167 ], [ 334298.725725553173106, 6316045.493983062915504 ], [ 334298.842849595763255, 6316045.550558644346893 ], [ 334298.958974871144164, 6316045.609156921505928 ], [ 334299.074066451343242, 6316045.669760270044208 ], [ 334299.18808971910039, 6316045.732350462116301 ], [ 334299.301010378694627, 6316045.796908671036363 ], [ 334299.41279446578119, 6316045.863415479660034 ], [ 334299.523408358101733, 6316045.931850884109735 ], [ 334299.632818785205018, 6316046.002194300293922 ], [ 334299.74099283880787, 6316046.074424569495022 ], [ 334299.847897982341237, 6316046.14851996768266 ], [ 334299.953502060903702, 6316046.224458207376301 ], [ 334300.057773311040364, 6316046.302216448821127 ] ] ] ] } },
{ "type": "Feature", "properties": { "fid": "230", "Area": 12573.176 }, "geometry": { "type": "MultiPolygon", "coordinates": [ [ [ [ 334235.862740553624462, 6316185.107370050624013 ], [ 334122.544254638487473, 6316334.076539099216461 ], [ 334067.651027827174403, 6316292.253154626116157 ], [ 334147.404344449401833, 6316187.48122816812247 ], [ 334148.036207846947946, 6316186.636080130934715 ], [ 334148.653357049799524, 6316185.78012836817652 ], [ 334149.255607373197563, 6316184.913629028946161 ], [ 334149.842778590915259, 6316184.036841415800154 ], [ 334150.414694989216514, 6316183.150027911178768 ], [ 334150.97118541947566, 6316182.253453899174929 ], [ 334151.512083349283785, 6316181.347387683577836 ], [ 334152.037226912507322, 6316180.432100407779217 ], [ 334152.546458957483992, 6316179.507865977473557 ], [ 334153.039627094054595, 6316178.574960973113775 ], [ 334153.516583739488851, 6316177.633664571680129 ], [ 334153.977186162199359, 6316176.68425845913589 ], [ 334154.421296524815261, 6316175.727026750333607 ], [ 334154.848781925218645, 6316174.762255902402103 ], [ 334155.259514436416794, 6316173.790234625339508 ], [ 334155.653371144842822, 6316172.811253802850842 ], [ 334156.030234187026508, 6316171.825606398284435 ], [ 334156.389990784868132, 6316170.833587372675538 ], [ 334156.732533279631753, 6316169.835493590682745 ], [ 334157.057759163843002, 6316168.831623737700284 ], [ 334157.365571112139151, 6316167.822278225794435 ], [ 334157.655877010372933, 6316166.80775910615921 ], [ 334157.928589983202983, 6316165.788369978778064 ], [ 334158.183628419879824, 6316164.76441590115428 ], [ 334158.420915999100544, 6316163.736203295178711 ], [ 334158.640381711360533, 6316162.704039859585464 ], [ 334158.841959880548529, 6316161.668234472163022 ], [ 334159.025590183446184, 6316160.629097104072571 ], [ 334210.260492877161596, 6316165.631709571927786 ], [ 334235.862740553624462, 6316185.107370050624013 ] ] ] ] } },
{ "type": "Feature", "properties": { "fid": "1", "Area": 10434.664 }, "geometry": { "type": "MultiPolygon", "coordinates": [ [ [ [ 329302.622917742759455, 6319007.897453918121755 ], [ 329306.576896169572137, 6319016.46283317822963 ], [ 329314.928163473319728, 6319033.810076390393078 ], [ 329150.69649707589997, 6319146.769545098766685 ], [ 329143.044119943806436, 6319135.915885069407523 ], [ 329134.292808266764041, 6319120.919983834959567 ], [ 329124.182996072922833, 6319102.477849666029215 ], [ 329249.320318224548828, 6319016.407691896893084 ], [ 329293.077540040423628, 6318986.311227404512465 ], [ 329297.184884037647862, 6318995.783206315711141 ], [ 329302.622917708766181, 6319007.897453839890659 ], [ 329302.622917742759455, 6319007.897453918121755 ] ] ] ] } },
{ "type": "Feature", "properties": { "fid": "2", "Area": 29646.376 }, "geometry": { "type": "MultiPolygon", "coordinates": [ [ [ [ 329242.540929982264061, 6318832.543743965215981 ], [ 329246.396523455856368, 6318848.284049681387842 ], [ 329250.521969291148707, 6318863.955792459659278 ], [ 329254.916049736493733, 6318879.554346306249499 ], [ 329259.577467744238675, 6318895.075106829404831 ], [ 329264.504847354197409, 6318910.513492600992322 ], [ 329269.696734099183232, 6318925.864946508780122 ], [ 329275.151595434814226, 6318941.124937101267278 ], [ 329280.867821191612165, 6318956.288959923200309 ], [ 329286.843724050442688, 6318971.352538850158453 ], [ 329293.077540040423628, 6318986.311227404512465 ], [ 329124.225234600773547, 6319102.448797767981887 ], [ 329117.129489942803048, 6319089.498673107475042 ], [ 329112.743309560813941, 6319080.125930990092456 ], [ 329108.355426821508445, 6319068.933299668133259 ], [ 329104.989856204774696, 6319057.773135517723858 ], [ 329103.201442382880487, 6319049.379628469236195 ], [ 329102.026858324243221, 6319041.942709809169173 ], [ 329101.345939656661358, 6319033.34156153909862 ], [ 329101.690914766222704, 6319025.510107710026205 ], [ 329102.981358485820238, 6319011.653246129862964 ], [ 329104.694597298046574, 6318997.189841669052839 ], [ 329105.620921903871931, 6318988.980704540386796 ], [ 329106.36316759797046, 6318982.706886112689972 ], [ 329107.24996224604547, 6318975.624324543401599 ], [ 329108.594650004233699, 6318965.088362427428365 ], [ 329109.943438275076915, 6318955.017390399239957 ], [ 329111.204136608284898, 6318944.432253610342741 ], [ 329112.980451151379384, 6318931.897024610079825 ], [ 329113.835381478827912, 6318925.056313148699701 ], [ 329114.38068371405825, 6318920.69308595918119 ], [ 329242.540929982089438, 6318832.543743964284658 ], [ 329242.540929982264061, 6318832.543743965215981 ] ] ] ] } },
{ "type": "Feature", "properties": { "fid": "3", "Area": 179230.609 }, "geometry": { "type": "MultiPolygon", "coordinates": [ [ [ [ 330052.75777703197673, 6319602.070464572869241 ], [ 330096.276237046287861, 6319757.545498916879296 ], [ 330111.897264578379691, 6319812.778001802042127 ], [ 330105.317924112663604, 6319811.739938226528466 ], [ 330082.368092603690457, 6319808.145522029139102 ], [ 330028.64648504788056, 6319800.129636770114303 ], [ 329983.984387485485058, 6319793.35854503326118 ], [ 329954.880305541970301, 6319789.041194599121809 ], [ 329902.705223482451402, 6319781.064652397297323 ], [ 329863.386775346822105, 6319775.210869516246021 ], [ 329834.605169398128055, 6319770.929991058073938 ], [ 329818.943028545705602, 6319768.345418777316809 ], [ 329789.775152696180157, 6319764.061877980828285 ], [ 329709.334864937060047, 6319752.106670310720801 ], [ 329627.181948639277834, 6319739.852565594948828 ], [ 329618.052770363923628, 6319738.42289015930146 ], [ 329596.75889817654388, 6319735.422000782564282 ], [ 329588.568949484440964, 6319734.84910536929965 ], [ 329581.075404212228023, 6319732.911118456162512 ], [ 329573.185754174366593, 6319731.738043798133731 ], [ 329570.052811908652075, 6319731.466851492412388 ], [ 329542.05337107682135, 6319727.248561927117407 ], [ 329520.411848993622698, 6319724.010758700780571 ], [ 329498.149061019066721, 6319720.42724166251719 ], [ 329486.794723639904987, 6319718.785937668755651 ], [ 329486.794723640021402, 6319716.212918229401112 ], [ 329501.582630233431701, 6319503.740869690664113 ], [ 329406.315892102487851, 6319488.82030760217458 ], [ 329406.395254448172636, 6319488.373884120956063 ], [ 329409.445118169940542, 6319475.833320605568588 ], [ 329414.028225002635736, 6319452.897413404658437 ], [ 329414.789104495139327, 6319448.842191244475543 ], [ 329416.034984734025784, 6319438.483524266630411 ], [ 329416.298796724528074, 6319436.080202281475067 ], [ 329417.098501430242322, 6319434.149544334970415 ], [ 329417.098501430242322, 6319425.640253208577633 ], [ 329417.442288540943991, 6319419.60975713096559 ], [ 329417.442288540943991, 6319415.246999999508262 ], [ 329415.931613352382556, 6319409.266621020622551 ], [ 329413.742821245978121, 6319398.060224299319088 ], [ 329411.322640310274437, 6319388.466605492867529 ], [ 329409.894437115988694, 6319384.246758724562824 ], [ 329408.542090714385267, 6319378.730352856218815 ], [ 329407.228870368155185, 6319375.905548584647477 ], [ 329420.498808021075092, 6319316.416169498115778 ], [ 329721.276434106810484, 6319450.698241104371846 ], [ 329732.116911915305536, 6319456.314520663581789 ], [ 329743.029175162722822, 6319461.790017538703978 ], [ 329754.011395634617656, 6319467.123814377002418 ], [ 330052.75777703197673, 6319602.070464572869241 ] ] ] ] } },
{ "type": "Feature", "properties": { "fid": "4", "Area": 17304.525 }, "geometry": { "type": "MultiPolygon", "coordinates": [ [ [ [ 329242.540929981914815, 6318832.543743964284658 ], [ 329114.38068371405825, 6318920.69308595918119 ], [ 329111.49975164962234, 6318921.875993446446955 ], [ 329111.663321571133565, 6318920.616857085376978 ], [ 329112.844480286177713, 6318909.3203767798841 ], [ 329113.978653424943332, 6318899.014029615558684 ], [ 329115.585867474030238, 6318885.404403243213892 ], [ 329117.003323125187308, 6318875.286032517440617 ], [ 329117.901907138293609, 6318865.167798795737326 ], [ 329118.692419669241644, 6318859.31546925753355 ], [ 329120.591521715861745, 6318846.377964234910905 ], [ 329121.023593438905664, 6318837.632237884216011 ], [ 329125.073331019841135, 6318819.246668524108827 ], [ 329126.769589488278143, 6318808.773169639520347 ], [ 329128.732459669874515, 6318802.938215874135494 ], [ 329131.379456606809981, 6318793.770687717944384 ], [ 329136.759589151595719, 6318782.124732187017798 ], [ 329149.327658051101025, 6318757.495940941385925 ], [ 329157.599317422194872, 6318737.262570996768773 ], [ 329174.540295260143466, 6318698.545387391932309 ], [ 329181.784400100586936, 6318684.682206972502172 ], [ 329186.327481576357968, 6318674.104584497399628 ], [ 329190.538069085741881, 6318664.557529428042471 ], [ 329193.829536765173543, 6318656.206859176978469 ], [ 329195.31153496040497, 6318653.226059130392969 ], [ 329199.71657333127223, 6318664.822926189750433 ], [ 329203.919933213735931, 6318676.494406572543085 ], [ 329207.920351582579315, 6318688.236993234604597 ], [ 329211.716626392502803, 6318700.047157764434814 ], [ 329215.307616939127911, 6318711.921351443044841 ], [ 329218.69224420201499, 6318723.856006315909326 ], [ 329221.869491168647073, 6318735.847536258399487 ], [ 329224.838403140078299, 6318747.892338056117296 ], [ 329227.598088017955888, 6318759.986792488023639 ], [ 329230.147716572450008, 6318772.127265414223075 ], [ 329232.486522691324353, 6318784.310108866542578 ], [ 329235.557832200604025, 6318800.445539169944823 ], [ 329238.909640087920707, 6318816.525042803026736 ], [ 329242.540929981914815, 6318832.543743964284658 ] ] ] ] } },
{ "type": "Feature", "properties": { "fid": "5", "Area": 34628.666 }, "geometry": { "type": "MultiPolygon", "coordinates": [ [ [ [ 329458.42189966730075, 6319245.82009331882 ], [ 329367.300274217443075, 6319204.659567600116134 ], [ 329345.915116041200235, 6319300.529631971381605 ], [ 329338.851118802500423, 6319293.893423827365041 ], [ 329326.354976484959479, 6319286.470746139995754 ], [ 329324.309348358598072, 6319285.359566346742213 ], [ 329315.761158614361193, 6319279.661289685405791 ], [ 329305.824570701282937, 6319270.746505461633205 ], [ 329276.147446918068454, 6319250.931869607418776 ], [ 329271.687728751276154, 6319248.106486705131829 ], [ 329243.260011513310019, 6319228.982491665519774 ], [ 329234.676161160226911, 6319223.259893687441945 ], [ 329230.841402381716762, 6319220.378690294921398 ], [ 329224.26993168971967, 6319216.084563138894737 ], [ 329196.978175743250176, 6319195.82070070784539 ], [ 329190.296975802455563, 6319190.424227584153414 ], [ 329176.390213792736176, 6319179.809935497120023 ], [ 329167.832952898577787, 6319171.662997227162123 ], [ 329159.572329782764427, 6319161.317377360537648 ], [ 329148.868950302654412, 6319148.906953339464962 ], [ 329148.792528609454166, 6319148.808722962625325 ], [ 329150.69649707589997, 6319146.769545098766685 ], [ 329314.928163473727182, 6319033.810076390393078 ], [ 329322.159391199820675, 6319048.138399819843471 ], [ 329329.633366177789867, 6319062.341610892675817 ], [ 329337.347924500820227, 6319076.415597414597869 ], [ 329345.300832606910262, 6319090.356284606270492 ], [ 329353.489787925733253, 6319104.159636283293366 ], [ 329361.912419545289595, 6319117.82165602222085 ], [ 329370.566288898175117, 6319131.338388318195939 ], [ 329379.448890467931051, 6319144.705919731408358 ], [ 329388.55765251419507, 6319157.920380020514131 ], [ 329397.889937817293685, 6319170.977943260222673 ], [ 329407.443044441984966, 6319183.874828952364624 ], [ 329417.214206519478466, 6319196.60730311833322 ], [ 329427.200595048430841, 6319209.171679381281137 ], [ 329437.399318713869434, 6319221.564320033416152 ], [ 329447.807424724509474, 6319233.781637087464333 ], [ 329458.42189966730075, 6319245.82009331882 ] ] ] ] } }
]
}
